종목코드,매출액_2025,매출액_2026,매출액_2027,매출액_2028,영업이익_2025,영업이익_2026,영업이익_2027,영업이익_2028,지배비율,순차입금,시가총액,현재가,PER,업종,시장
005935,3336059.0,7384675.0,9414236.65,9984010.17,436010.0,3917860.0,5433530.83,5361095.11,0.9867,-1675903.07,1498829,186800,36.84,반도체와반도체장비,KOSPI
005930,3336059.0,7384675.0,9414236.65,9984010.17,436010.0,3917860.0,5433530.83,5361095.11,0.9867,-1675903.07,15024936,257000,36.84,반도체와반도체장비,KOSPI
402340,104556.0,97064.0,132696.0,136542.0,87974.0,463802.0,582916.0,591750.0,1.0,-13112.77,1356179,1028000,,반도체와반도체장비,KOSPI
009150,113145.0,143234.0,183974.9,236974.17,9133.0,19307.0,37110.95,58230.56,0.9633,-2270.93,1061397,1421000,28.11,전자장비와기기,KOSPI
000660,971467.0,3458039.0,5000773.26,5401960.05,472063.0,2666476.0,3918203.17,3991296.32,0.9986,-668447.84,12075039,1653000,,반도체와반도체장비,KOSPI
005380,1862545.0,1940652.0,2031223.32,2131610.14,114679.0,114811.0,132761.88,142985.57,0.9145,1025242.74,818007,399500,4.67,자동차,KOSPI
105560,812307.0,,,,85177.0,94214.0,95762.0,98427.44,0.9917,,608644,171600,4.77,은행,KOSPI
207940,45570.0,54951.0,64069.0,68466.8,20692.0,24162.0,28197.58,30980.9,0.9986,-9473.01,687884,1486000,92.82,제약,KOSPI
373220,236718.0,322163.0,413328.37,497637.94,13461.0,8254.0,38513.53,61264.18,0.7185,250840.51,865800,370000,80.86,전기제품,KOSPI
010120,49658.0,65171.0,79628.13,93659.47,4264.0,7140.0,10279.75,13348.6,1.0,8044.96,321750,214500,10.66,전기장비,KOSPI
033780,65797.0,69880.0,,,13437.0,15328.0,,,,6188.53,183018,176300,13.14,담배,KOSPI
018260,139299.0,144051.0,151519.71,160093.62,9571.0,8279.0,10679.79,11853.69,0.9807,-57031.26,188028,243000,18.97,IT서비스,KOSPI
011200,108914.0,128212.0,118255.15,115315.69,14612.0,16139.0,10364.85,8811.92,0.9999,-65426.06,204683,21700,10.71,해운사,KOSPI
006400,132667.0,159451.0,199237.21,247267.76,-17224.0,3522.0,14225.05,24384.24,0.789,106775.0,460143,571000,16.63,전기제품,KOSPI
010140,106500.0,128097.0,146560.74,159870.39,8622.0,13814.0,19722.53,23461.33,1.0,-1987.7,186560,21200,,조선,KOSPI
267250,712594.0,847697.0,898414.8,962317.4,60996.0,123888.0,115708.8,128127.4,0.3936,7714.96,172205,218000,18.91,조선,KOSPI
009540,299332.0,344955.0,375328.42,403395.0,39045.0,61594.0,73613.75,84268.83,0.7857,-110945.45,250891,354500,38.59,조선,KOSPI
005490,690949.0,735681.0,760188.82,785304.75,18271.0,30976.0,38264.82,44025.44,0.9089,179179.05,267440,337500,24.88,철강,KOSPI
316140,415484.0,,,,36748.0,43793.0,47979.69,50413.67,0.971,,246822,33900,3.84,은행,KOSPI
035420,120350.0,137915.0,156560.0,181467.0,22081.0,22171.0,25835.09,30038.44,0.9977,-37918.97,335329,220500,36.25,양방향미디어와서비스,KOSPI
012450,267029.0,322910.0,346398.94,370676.28,30893.0,46248.0,56977.78,63321.56,0.6503,67515.16,596589,1157000,7.98,우주항공과국방,KOSPI
329180,175806.0,247791.0,266723.5,286262.4,20375.0,40521.0,47403.88,54808.53,1.0,-49151.16,479673,457000,463.89,조선,KOSPI
298040,59685.0,71938.0,85610.93,100314.0,7470.0,11259.0,15560.64,20219.31,0.9856,5156.8,294003,3153000,13.02,전기장비,KOSPI
042700,5767.0,8196.0,11239.0,13148.0,2514.0,3822.0,5617.0,6843.0,1.0,-862.95,209210,219500,22.48,반도체와반도체장비,KOSPI
034730,1227033.0,1473276.0,1446340.78,1520674.86,18185.0,118212.0,114339.33,138400.14,0.3979,496014.83,393690,543000,,석유와가스,KOSPI
042660,127835.0,158201.0,153566.3,164903.63,11676.0,22530.0,25170.9,28602.0,0.9999,47157.9,271176,88500,33.15,조선,KOSPI
096770,802961.0,1041172.0,953858.83,954075.42,4487.0,87325.0,45473.17,43849.75,0.8956,261185.73,197623,116900,53.47,석유와가스,KOSPI
010130,165879.0,239348.0,238733.43,247067.33,12319.0,22605.0,19968.86,21588.83,0.9981,60740.67,287003,1375000,19.06,비철금속,KOSPI
055550,646820.0,,,,70234.0,80830.0,84632.75,87826.2,0.993,,514987,109700,4.78,은행,KOSPI
012330,611181.0,650048.0,693794.16,730479.45,33575.0,37898.0,42581.88,46114.36,0.9977,-89091.2,404642,450500,6.52,자동차부품,KOSPI
015760,974293.0,976260.0,989858.17,1008595.0,134906.0,79212.0,114256.58,131965.09,0.9556,1306591.75,208959,32550,,전기유틸리티,KOSPI
032830,371383.0,,,,25805.0,34544.0,69533.25,45800.38,1.0,,620000,310000,7.29,생명보험,KOSPI
066570,892009.0,966485.0,1010770.71,1052523.07,24784.0,46395.0,49360.82,60193.13,0.8057,41258.6,328213,201500,25.82,전자제품,KOSPI
068270,41625.0,55304.0,63606.18,71216.47,11685.0,18550.0,22666.59,25636.65,0.9934,26085.71,443601,190700,55.43,제약,KOSPI
006800,292830.0,583885.0,482449.33,504779.0,19151.0,47798.0,26153.73,27203.73,0.9726,,196302,36150,18.04,증권,KOSPI
017670,170992.0,176619.0,180111.68,183894.47,10732.0,19622.0,20797.11,21991.68,1.0,82031.19,211783,98600,10.03,무선통신서비스,KOSPI
035720,80991.0,83486.0,89938.32,97538.25,7320.0,10352.0,11836.0,13421.63,0.8927,-90183.57,163239,36850,,양방향미디어와서비스,KOSPI
000270,1141409.0,1258048.0,1317139.8,1369460.1,90781.0,102549.0,113708.0,122624.76,1.0,-211997.07,499729,128000,4.59,자동차,KOSPI
000150,197841.0,218424.0,252348.5,284230.0,10627.0,18125.0,25064.08,31031.0,0.5085,54570.67,200480,1238000,,복합기업,KOSPI
000810,247785.0,,,,26591.0,31986.0,37928.08,36586.31,1.0,,306728,687000,7.31,손해보험,KOSPI
024110,292172.0,,,,36556.0,37151.0,40117.54,42377.25,0.9937,,166263,20850,3.54,은행,KOSPI
051910,459322.0,562410.0,640724.38,708314.31,11809.0,13021.0,39507.69,55674.85,0.7905,307180.26,195541,277000,29.2,화학,KOSPI
278470,15273.0,30807.0,42364.16,52158.67,3655.0,7669.0,10738.58,13385.78,0.9986,-1952.48,172777,461500,17.59,화장품,KOSPI
267260,40795.0,46914.0,55468.73,64687.21,9953.0,12324.0,15512.33,18903.79,1.0,-8268.76,293424,814000,11.43,전기장비,KOSPI
003670,29387.0,32950.0,42661.25,55245.93,328.0,1008.0,1814.31,2833.13,0.8926,35152.63,165707,186300,368.0,화학,KOSPI
034020,170579.0,183496.0,205117.87,229429.53,7627.0,11308.0,16235.73,20569.27,0.6411,45793.89,564975,88200,183.04,기계,KOSPI
003550,72525.0,82836.0,91153.3,98794.5,9122.0,16183.0,19872.2,21776.25,0.8098,-25430.26,175836,116300,10.92,복합기업,KOSPI
079550,43069.0,51156.0,60632.81,71195.56,3194.0,4475.0,6270.75,8419.63,1.0,16723.11,161480,734000,16.41,우주항공과국방,KOSPI
010950,342470.0,421783.0,396548.93,378377.36,2356.0,43722.0,32570.5,27677.86,1.0,75316.31,167974,149200,8.55,석유와가스,KOSPI
086280,295664.0,331591.0,345729.82,359207.5,20730.0,21592.0,23576.06,24881.25,0.9982,-5446.09,153750,205000,6.77,항공화물운송과물류,KOSPI
064350,58390.0,68267.0,78138.0,89384.81,10056.0,10808.0,13475.12,16849.56,0.9965,-24542.29,151817,139100,18.03,우주항공과국방,KOSPI
028260,407422.0,455221.0,491738.46,513038.33,32927.0,38073.0,44105.77,47672.17,0.7059,-38038.9,608128,375000,10.95,복합기업,KOSPI
011070,218966.0,254977.0,268856.32,282839.5,6650.0,12732.0,14643.26,17321.69,1.0,9425.44,144606,611000,10.03,전자장비와기기,KOSPI
086790,689436.0,,,,53509.0,59861.0,62482.29,65105.94,0.9849,,373140,136000,3.74,은행,KOSPI
272210,36642.0,45290.0,51629.33,59198.93,1199.0,2486.0,4550.2,5779.87,1.0,17248.57,143201,75800,9.39,우주항공과국방,KOSPI
030200,282442.0,273992.0,280121.53,286045.95,24691.0,21112.0,22520.74,23547.68,0.9322,95653.68,137352,54500,8.85,다각화된통신서비스,KOSPI
000720,310629.0,269155.0,285921.37,307392.47,6530.0,8707.0,11267.42,13735.47,0.7654,6231.61,143538,128900,7.32,건설,KOSPI
047810,36964.0,53948.0,66974.47,75347.0,2692.0,3570.0,5910.07,7433.4,0.9915,27887.67,129739,133100,21.76,우주항공과국방,KOSPI
005830,230479.0,,,,23840.0,,,,0.9986,,122748,187400,3.41,손해보험,KOSPI
078930,251841.0,286613.0,281332.2,283044.0,29361.0,51701.0,36700.0,36994.0,0.8263,61654.03,120021,129200,2.98,석유와가스,KOSPI
003230,23518.0,31394.0,37661.5,42831.82,5242.0,7338.0,8935.0,10461.27,1.0,424.07,116536,1547000,12.89,식품,KOSPI
307950,42521.0,48256.0,54904.25,64261.5,2553.0,2824.0,3537.0,4478.57,0.9753,-4619.81,114084,416000,42.1,IT서비스,KOSPI
071050,194661.0,419870.0,417760.0,419820.0,23453.0,40460.0,32844.4,33520.62,0.9978,,106604,191300,5.34,증권,KOSPI
003490,252255.0,282575.0,280124.27,287559.09,11136.0,11594.0,22211.36,25969.91,1.0,192096.56,105679,28700,8.32,항공사,KOSPI
323410,30863.0,,,,6494.0,7390.0,8803.58,9725.45,,,104251,21850,38.29,은행,KOSPI
259960,33266.0,48577.0,52209.0,55798.67,10544.0,14616.0,15897.61,16903.73,0.9918,-21242.54,101789,222500,15.84,게임엔터테인먼트,KOSPI
443060,19827.0,23403.0,26506.7,30631.3,3501.0,4185.0,5358.9,6713.7,1.0,-5145.06,99082,221000,30.44,조선,KOSPI
028050,90288.0,107192.0,128984.38,141388.95,7921.0,9821.0,11916.38,13245.84,0.9729,-36619.52,95550,48750,7.54,건설,KOSPI
005940,136989.0,360954.0,335076.0,334831.0,14206.0,23399.0,20425.13,20576.54,0.9901,,98393,26650,6.51,증권,KOSPI
006260,318700.0,410612.0,434859.8,457396.89,10526.0,19999.0,22439.8,25550.67,0.6272,104616.6,97656,313000,6.88,전기장비,KOSPI
090430,42528.0,47138.0,51453.06,55866.69,3358.0,4825.0,5564.47,6302.25,0.9575,-8086.94,88090,150600,55.59,화장품,KOSPI
000880,747854.0,927340.0,963340.0,1000900.0,41469.0,74220.0,89260.0,96820.0,0.3107,46978.59,71941,134900,7.95,복합기업,KOSPI
180640,2984.0,,,,-75.0,,,,0.9738,823.32,87659,131300,12.72,항공사,KOSPI
047050,323736.0,351532.0,361221.77,371022.77,11653.0,14688.0,15554.77,16386.54,0.9582,67614.96,92711,52700,16.28,무역회사와판매업체,KOSPI
161390,212023.0,225572.0,237660.47,247939.8,18411.0,21857.0,24492.24,26218.6,0.9549,35329.27,82253,66400,7.81,자동차부품,KOSPI
007660,10880.0,16061.0,22066.89,25819.44,2047.0,3444.0,5128.67,6235.56,1.0,408.18,82806,112800,39.81,반도체와반도체장비,KOSPI
352820,26499.0,48682.0,43022.65,46571.22,493.0,2847.0,4894.9,5471.89,0.9687,-7203.21,77592,180000,51.84,방송과엔터테인먼트,KOSPI
047040,80546.0,81084.0,90644.89,102088.44,-8154.0,8310.0,8159.17,9186.44,0.988,31023.76,80908,19690,3.37,건설,KOSPI
016360,148739.0,310320.0,284730.0,285430.0,13757.0,23353.0,21027.56,21165.21,1.0,,79030,88500,6.28,증권,KOSPI
064400,61295.0,65758.0,71659.7,78271.2,5518.0,5809.0,6627.8,7359.8,0.9971,-10425.1,73440,75800,13.5,IT서비스,KOSPI
009830,133331.0,180318.0,189373.38,199081.62,-3648.0,8072.0,11709.0,13844.54,0.9897,128985.87,75901,33750,,에너지장비및서비스,KOSPI
005387,1862545.0,1940652.0,2031223.32,2131610.14,114679.0,114811.0,132761.88,142985.57,0.9145,1025242.74,67271,192400,4.67,자동차,KOSPI
039490,171217.0,387734.0,339228.5,334113.5,14882.0,23068.0,19332.12,19518.93,1.0,,73046,278500,6.62,증권,KOSPI
267270,37765.0,93778.0,104073.67,112353.33,1709.0,7602.0,9271.17,10903.67,1.0,9841.04,65461,136600,7.31,기계,KOSPI
128940,15475.0,17597.0,17887.22,19011.65,2578.0,3668.0,3096.44,3116.82,0.9094,90.87,65208,509000,30.88,제약,KOSPI
021240,49636.0,56966.0,64071.25,71289.5,8787.0,10133.0,11836.0,12775.5,1.0,25247.31,71050,100400,8.96,가정용기기와용품,KOSPI
326030,7067.0,9778.0,11873.38,13877.27,2039.0,3470.0,4678.13,6051.4,1.0,-3330.46,68916,88000,,제약,KOSPI
032640,154517.0,153950.0,158064.33,161264.22,8921.0,11498.0,12333.17,13168.06,1.0,45084.03,63749,15020,7.17,무선통신서비스,KOSPI
062040,5019.0,6839.0,8794.89,11180.22,1786.0,2548.0,3381.67,4380.78,1.0,-2155.58,62052,202500,21.35,전기장비,KOSPI
029780,43829.0,46925.0,47337.5,49162.5,8537.0,8148.0,8496.67,8763.33,0.9989,,54801,47300,6.15,카드,KOSPI
377300,9584.0,12932.0,15015.17,17974.17,504.0,1700.0,2023.67,2468.67,0.8745,-44393.61,64052,47350,2624.66,IT서비스,KOSPI
241560,87919.0,94989.0,99982.67,105697.0,6861.0,8433.0,9515.83,10663.0,1.0,-3060.2,60485,63100,5.48,기계,KOSPI
000500,25457.0,33864.0,42360.0,,792.0,1472.0,2830.0,,1.0,4290.98,60746,204000,7.75,전기장비,KOSPI
000100,21866.0,23466.0,25638.33,28680.2,1044.0,1300.0,2044.33,3025.67,1.0,-959.87,62500,84900,41.11,제약,KOSPI
001440,36360.0,43980.0,46800.29,52789.57,1286.0,2290.0,2566.14,3257.14,0.9727,5639.37,58210,29700,17.94,전기장비,KOSPI
353200,10653.0,16042.0,20061.54,23472.69,491.0,2770.0,4093.69,5087.0,0.9995,-2162.12,53173,107600,54.91,전자장비와기기,KOSPI
010060,33801.0,41113.0,45935.43,50756.29,-576.0,3468.0,5565.43,6588.86,0.8039,9586.85,51250,274500,2.95,화학,KOSPI
088350,274364.0,,,,11472.0,17330.0,17680.0,18712.0,0.7668,,51678,5950,3.24,생명보험,KOSPI
034220,258101.0,253470.0,263881.86,270728.86,5170.0,9649.0,14046.0,17013.43,0.9524,119989.1,48100,9620,,디스플레이패널,KOSPI
066970,21549.0,35787.0,43291.15,51865.92,-1568.0,2208.0,2380.08,3179.85,0.984,14382.17,54843,134800,,전기제품,KOSPI
271560,33324.0,37958.0,40567.64,42730.44,5583.0,6454.0,7063.86,7555.44,0.9831,-12166.55,51190,129500,12.19,식품,KOSPI
175330,46305.0,,,,9523.0,10225.0,10891.0,11507.33,0.9766,,54185,29050,3.83,은행,KOSPI
005385,1862545.0,1940652.0,2031223.32,2131610.14,114679.0,114811.0,132761.88,142985.57,0.9145,1025242.74,44908,192400,4.67,자동차,KOSPI
036570,15069.0,27798.0,31995.25,33508.83,161.0,5178.0,5983.0,6107.58,0.973,-14930.01,48474,225000,24.89,게임엔터테인먼트,KOSPI
051900,63555.0,64646.0,67810.0,70681.23,1707.0,3796.0,4488.21,4941.08,0.9705,-11373.38,47622,318000,44.06,화장품,KOSPI
138930,101525.0,,,,9027.0,10035.0,11143.71,11736.92,0.9741,,46921,15120,3.62,은행,KOSPI
052690,5188.0,5769.0,7367.2,9142.8,355.0,646.0,949.6,1513.1,0.9892,-830.03,46781,122400,72.68,전기유틸리티,KOSPI
454910,330.0,,,,-595.0,,,,,-1686.94,46411,71600,,기계,KOSPI
011790,18400.0,24877.0,29587.5,34605.0,-3050.0,-688.0,762.5,2495.0,0.8883,22288.37,45283,91300,,화학,KOSPI
001450,181104.0,,,,12610.0,,,,0.9812,,44670,52400,4.82,손해보험,KOSPI
000990,13972.0,16680.0,18680.0,21110.0,2773.0,4010.0,5280.0,5840.0,0.9941,-9156.2,40851,93900,9.87,반도체와반도체장비,KOSPI
002380,64838.0,68364.0,71828.6,75167.8,4276.0,4473.0,5028.4,5384.4,1.0,42230.96,40687,473500,9.55,건축자재,KOSPI
004020,227332.0,239730.0,249135.06,254562.0,2192.0,3683.0,6837.06,7948.31,0.9115,81868.27,41368,31000,10.56,철강,KOSPI
082740,13711.0,15541.0,21435.43,24796.43,1301.0,2273.0,3720.86,4694.0,1.0,-1676.54,40263,48250,,조선,KOSPI
161890,27224.0,31894.0,35878.54,39563.83,2396.0,3451.0,4102.65,4660.89,0.7817,10641.17,38169,161700,236.22,화장품,KOSPI
004170,69295.0,73096.0,76284.65,79570.25,4800.0,7892.0,8712.76,9323.88,0.8363,39443.1,38300,405500,7.66,백화점과일반상점,KOSPI
001040,450188.0,473892.0,492926.11,519177.14,25277.0,25276.0,28480.0,32197.57,0.4723,168752.98,38076,130500,17.28,복합기업,KOSPI
018880,108837.0,113359.0,117911.16,123348.41,2704.0,4272.0,4982.11,5567.82,0.9897,28264.69,35817,3490,80.7,자동차부품,KOSPI
103590,20446.0,23476.0,25219.75,26766.0,1512.0,2524.0,2766.0,3117.0,1.0,-439.49,34620,72600,12.22,전기장비,KOSPI
036460,357273.0,368817.0,373667.71,371109.71,21012.0,25453.0,24047.57,24802.0,1.0,330240.39,34248,37100,,가스유틸리티,KOSPI
009420,1552.0,1707.0,1937.0,2162.4,-9.0,27.0,94.8,195.2,1.0,147.99,33747,64600,659.6,제약,KOSPI
192820,23988.0,29686.0,34597.83,39242.35,1958.0,2567.0,3151.83,3698.53,0.9575,7500.21,34389,303000,25.11,화장품,KOSPI
022100,10752.0,9993.0,11930.0,14487.0,604.0,404.0,735.0,1161.0,0.9898,-2469.25,32535,21400,122.78,IT서비스,KOSPI
006360,124503.0,109331.0,118579.24,127537.56,4378.0,4156.0,5918.19,6944.5,0.8664,40469.93,31794,37150,,건설,KOSPI
012750,28894.0,29506.0,31310.75,32895.0,2346.0,2061.0,2536.75,2694.0,0.9999,-1579.0,31729,83500,12.03,상업서비스와공급품,KOSPI
111770,40636.0,45224.0,47373.86,50145.17,5144.0,6425.0,7164.71,7986.83,1.0,-7396.17,32923,74300,3.92,"섬유,의류,신발,호화품",KOSPI
011780,69151.0,79501.0,77695.58,78041.83,2718.0,5425.0,4421.17,4739.5,0.9999,-853.11,31673,125900,9.57,화학,KOSPI
085620,51884.0,,,,1945.0,2065.0,2393.0,2472.0,1.0,,31362,23200,9.31,생명보험,KOSPI
008930,13570.0,,,,1387.0,,,,1.0,856.68,30434,44500,23.82,제약,KOSPI
017800,24674.0,26300.0,29100.0,31900.0,2092.0,2140.0,2190.0,2300.0,1.0,3217.22,29554,75600,5.52,기계,KOSPI
035250,14767.0,14803.0,15115.4,16154.67,2353.0,2238.0,2217.5,2567.44,1.0,-29273.88,31642,14790,10.04,"호텔,레스토랑,레저",KOSPI
251270,28351.0,29401.0,30150.71,31349.23,3525.0,3347.0,3866.41,4212.0,0.975,1205.57,31143,37450,,게임엔터테인먼트,KOSPI
302440,6514.0,6932.0,7617.5,8263.0,-1235.0,-1054.0,-400.5,-240.0,1.0,-2892.36,30559,38950,247.72,제약,KOSPI
028670,54329.0,69167.0,70375.46,72012.69,4919.0,6763.0,6810.92,6990.85,1.0,41405.81,30952,5790,8.15,해운사,KOSPI
031210,27587.0,,,,3757.0,,,,0.9999,,31036,44450,12.94,손해보험,KOSPI
375500,74024.0,70566.0,71572.84,76883.35,3870.0,5745.0,5756.84,6461.47,0.9968,-10892.93,28362,73300,8.24,건설,KOSPI
023530,137384.0,142934.0,147104.93,150802.77,5470.0,8001.0,8680.0,9341.31,0.9287,119784.62,28883,102100,12.17,백화점과일반상점,KOSPI
139130,80410.0,,,,5832.0,6314.0,6889.31,7286.08,0.9753,,28695,18120,3.7,은행,KOSPI
450080,3925.0,,,,-654.0,,,,,6767.06,27228,38450,2210.54,전기제품,KOSPI
336260,4548.0,4990.0,7309.4,8240.0,-1057.0,-715.0,505.2,659.25,1.0,5482.62,29734,45400,,에너지장비및서비스,KOSPI
004800,24317.0,26120.0,26903.33,29156.67,3930.0,5440.0,5300.0,5786.67,0.8386,13984.24,28727,171600,15058.38,복합기업,KOSPI
097950,273426.0,293036.0,305031.77,316568.8,12336.0,12092.0,13996.15,15484.0,0.7027,115284.69,28498,189300,13.75,식품,KOSPI
007340,36757.0,45957.0,48911.0,52148.5,5279.0,6950.0,7449.0,8137.0,0.8907,15626.15,27617,47200,5.7,자동차부품,KOSPI
483650,5197.0,7557.0,9889.18,12182.75,1015.0,1642.0,2222.24,2805.5,0.9996,-1973.9,28684,229000,22.35,화장품,KOSPI
004370,35143.0,37575.0,39609.79,40808.45,1839.0,2320.0,2488.43,2638.82,0.9955,-10975.06,27402,450500,14.4,식품,KOSPI
003690,67044.0,,,,4709.0,,,,1.0,,25872,14640,4.16,손해보험,KOSPI
001720,24664.0,31714.0,,,1361.0,1958.0,,,0.9554,,25466,154900,7.21,증권,KOSPI
026960,5329.0,,,,453.0,,,,0.9892,-7694.47,26072,26150,12.53,식품,KOSPI
011170,184830.0,208712.0,192122.91,195097.27,-9431.0,-590.0,503.91,3593.91,0.7997,77206.58,25451,59500,,화학,KOSPI
383220,19340.0,20943.0,,,4686.0,5358.0,,,,-2633.84,25627,66900,8.04,"섬유,의류,신발,호화품",KOSPI
282330,90612.0,95156.0,99195.88,103369.0,2539.0,3071.0,3401.5,3662.47,0.9999,-4201.09,25407,147000,11.59,백화점과일반상점,KOSPI
489790,17909.22,20334.0,23415.0,25948.67,1622.67,2034.0,2967.33,3731.0,1.0,1530.85,25345,50200,49.78,통신장비,KOSPI
103140,50486.0,61752.0,64505.23,66722.25,2974.0,4266.0,3867.08,4143.92,1.0,10110.41,24213,86400,7.02,비철금속,KOSPI
005850,52399.0,56072.0,59236.5,62602.25,4071.0,4422.0,4807.25,5682.25,0.9714,-7022.77,24339,52400,4.94,자동차부품,KOSPI
004990,155396.0,157537.0,163173.33,168136.67,2394.0,3677.0,4756.67,8550.0,0.6834,76316.01,24069,24150,,복합기업,KOSPI
204320,94548.0,98356.0,104232.43,109676.05,3571.0,4116.0,4714.48,5334.95,0.8881,13563.97,23619,50300,13.63,자동차부품,KOSPI
279570,13348.0,,,,1171.0,1164.0,1986.0,2838.0,,,23125,5700,19.56,은행,KOSPI
000240,14576.0,14411.0,15601.0,16860.0,4116.0,4211.0,4716.0,5340.0,1.0,-351.78,23496,24750,7.91,자동차부품,KOSPI
030000,45469.0,45472.0,48017.3,50198.25,3369.0,3286.0,3564.09,3687.88,0.9936,-5074.79,22249,19340,11.69,광고,KOSPI
007070,119574.0,125145.0,129283.53,133490.21,2921.0,3627.0,3915.07,4113.07,1.0,19593.92,22281,26650,116.78,백화점과일반상점,KOSPI
181710,25162.0,29623.0,32821.0,36301.88,1324.0,1946.0,2413.64,2665.75,0.7854,-4584.32,22829,69700,,IT서비스,KOSPI
009970,48950.0,,,,7355.0,,,,0.6063,-15021.19,22216,171500,2.86,"섬유,의류,신발,호화품",KOSPI
081660,44686.0,47481.0,48556.83,49294.0,4748.0,6081.0,6235.33,6360.0,0.6584,13756.9,21953,41350,55.22,"섬유,의류,신발,호화품",KOSPI
014680,8840.0,9886.0,11256.0,13562.25,1562.0,1822.0,2247.2,2974.25,0.9715,948.65,21912,203000,24.43,화학,KOSPI
018670,76763.0,97382.0,91116.5,96055.5,4428.0,4734.0,4975.0,5175.5,0.7579,26026.17,21319,230000,4.32,가스유틸리티,KOSPI
002790,46232.0,,,,3680.0,,,,0.4246,-16403.41,21408,28000,23.54,화장품,KOSPI
005440,80916.0,84748.0,88446.0,92216.5,2741.0,3443.0,3781.5,4114.0,0.7629,-3765.19,21751,11860,0.33,복합기업,KOSPI
073240,47013.0,51029.0,53635.18,56338.0,5759.0,6217.0,6596.82,7427.78,0.9317,12484.08,21142,7360,9.81,자동차부품,KOSPI
051600,15765.0,16338.0,17096.6,17637.2,1401.0,1757.0,1935.7,2010.8,1.0,-2782.69,21172,47050,9.42,전기유틸리티,KOSPI
112610,29316.0,28480.0,32400.0,33191.63,3203.0,3043.0,3380.8,2642.75,0.9778,7948.04,20833,49400,152.75,에너지장비및서비스,KOSPI
139480,289704.0,290773.0,302361.08,307692.7,3225.0,4184.0,5655.92,6053.5,0.8272,114500.08,20724,75100,,백화점과일반상점,KOSPI
475150,3856.41,5550.33,2126.0,1658.0,529.98,659.0,847.83,832.5,1.0,3383.52,19009,55800,14.86,에너지장비및서비스,KOSPI
069960,42303.0,42969.0,46304.5,48254.41,3779.0,4176.0,5108.94,5544.06,0.9847,13062.4,20142,93400,,백화점과일반상점,KOSPI
020150,6775.0,9100.0,13221.75,17243.0,-1452.0,-512.0,361.63,1173.33,0.8308,-375.89,18485,35300,,전자장비와기기,KOSPI
457190,4115.0,,,,16.0,,,,1.0,1556.56,19975,66100,,화학,KOSPI
071970,4024.0,6064.0,7656.6,8911.0,759.0,1550.0,2117.0,2604.0,1.0,-4232.94,18012,53100,10.56,조선,KOSPI
462870,2945.0,2145.0,2211.44,3890.22,1814.0,1071.0,1055.78,2404.44,1.0,-5410.08,19326,32900,23.34,게임엔터테인먼트,KOSPI
439260,12281.0,13276.0,13713.17,14941.5,2941.0,3647.0,3749.17,4301.83,1.0,-6298.42,18663,49000,9.17,조선,KOSPI
006040,95837.0,102554.0,106629.67,110630.0,5161.0,5742.0,6005.33,6140.0,0.9467,21050.03,17060,38650,7.18,식품,KOSPI
023590,174950.0,,,,15593.0,,,,0.437,-482973.99,17077,39450,3.55,증권,KOSPI
089860,29188.0,30497.0,32314.5,34097.4,3125.0,3506.0,3831.6,4146.9,1.0,44991.09,17320,47700,8.47,도로와철도운송,KOSPI
000155,197841.0,218424.0,252348.5,284230.0,10627.0,18125.0,25064.08,31031.0,0.5085,54570.67,17584,440000,,복합기업,KOSPI
000120,122847.0,132514.0,137548.64,143196.27,5081.0,4698.0,5340.18,5899.18,0.9385,38229.46,17041,74700,12.91,항공화물운송과물류,KOSPI
001800,33931.0,,,,4877.0,,,,0.3582,-12314.71,15761,26200,10.68,식품,KOSPI
011210,84816.0,90885.0,96189.87,101408.15,2044.0,2188.0,2666.6,2987.0,0.9502,-2845.84,16235,59700,19.36,자동차부품,KOSPI
008770,40683.0,40123.0,41498.31,43757.33,135.0,1976.0,2457.92,2836.08,1.0,9742.49,16877,43000,30.43,백화점과일반상점,KOSPI
120110,48734.0,53155.0,55417.5,57748.5,1089.0,2780.0,2985.83,3361.83,0.951,22920.57,16920,56500,31.52,화학,KOSPI
097230,19997.0,26710.0,29510.0,,671.0,2180.0,3250.0,,1.0,2710.99,15495,17160,,건설,KOSPI
020560,72668.0,,,,-3452.0,,,,0.631,60195.1,15820,7680,7.29,항공사,KOSPI
006280,19913.0,19881.0,21101.0,22768.77,692.0,726.0,980.77,1277.46,0.884,8941.9,15251,130500,,제약,KOSPI
294870,41470.0,38457.0,47789.94,48136.29,2486.0,5214.0,7038.0,6523.86,1.0,12767.84,15258,23150,5.56,건설,KOSPI
001430,36516.0,40964.0,43697.7,45335.78,984.0,1656.0,2230.7,2562.56,0.9923,12059.87,15277,42600,6.95,철강,KOSPI
001120,167063.0,188307.0,186882.5,189408.67,2922.0,4662.0,4639.0,4750.0,0.8778,18965.43,14961,38600,9.73,무역회사와판매업체,KOSPI
322000,4927.0,6959.0,8534.0,,412.0,1432.0,1665.0,,1.0,-1668.73,15232,136000,,에너지장비및서비스,KOSPI
298020,76948.0,88100.0,90622.17,95729.67,2515.0,5571.0,6144.67,6563.5,0.774,22664.76,14974,346000,16.95,무역회사와판매업체,KOSPI
069620,15709.0,16657.0,17606.56,19233.0,1968.0,2311.0,2420.33,2825.78,1.0,7665.99,14924,128800,11.12,제약,KOSPI
009155,113145.0,143234.0,183974.9,236974.17,9133.0,19307.0,37110.95,58230.56,0.9633,-2270.93,14738,507000,28.11,전자장비와기기,KOSPI
082640,35764.0,,,,1988.0,,,,1.0,,12875,8250,3.05,생명보험,KOSPI
007810,15097.0,18133.0,21737.0,24705.75,538.0,1422.0,2222.25,2924.5,0.9784,1868.81,14414,60100,,전자장비와기기,KOSPI
229640,9601.0,12500.0,13738.67,15196.67,668.0,846.0,949.0,1125.56,0.8836,967.59,14057,45900,154.98,전기장비,KOSPI
012630,65848.0,,,,6489.0,,,,0.7227,23786.06,13860,23200,3.64,건설,KOSPI
093370,4716.0,6908.0,7659.0,8951.0,254.0,765.0,1057.0,1230.0,0.8701,2632.79,13428,12520,,화학,KOSPI
001740,67451.0,69295.0,70391.67,72090.0,863.0,1187.0,1358.0,1498.33,0.9793,14693.46,13420,6690,,복합기업,KOSPI
280360,42160.0,44748.0,46731.69,48450.3,1095.0,2148.0,2405.38,2651.8,1.0,11547.69,13466,146300,16.56,식품,KOSPI
007310,36745.0,,,,1773.0,,,,0.9595,2748.22,13587,339000,10.0,식품,KOSPI
000815,247785.0,,,,26591.0,31986.0,37928.08,36586.31,1.0,,12900,429000,7.31,손해보험,KOSPI
017960,9088.0,9450.0,9941.0,10293.0,1310.0,1812.0,1986.75,2136.5,1.0,-1635.39,12893,24950,,조선,KOSPI
361610,2619.0,1634.0,2494.5,3977.75,-2464.0,-2308.0,-1015.75,-130.5,1.0,14498.73,13642,16680,68.47,전기제품,KOSPI
281820,3829.0,6528.0,8724.0,9260.0,600.0,1462.0,2011.0,2170.0,0.9982,-2632.16,13206,66700,17.64,반도체와반도체장비,KOSPI
003540,50639.0,,,,3014.0,6237.0,3816.67,3960.0,1.0,,12846,26950,9.28,증권,KOSPI
005070,4563.0,5792.0,8926.0,13130.0,24.0,212.0,608.0,1110.0,,888.66,13419,40400,170.78,화학,KOSPI
066575,892009.0,966485.0,1010770.71,1052523.07,24784.0,46395.0,49360.82,60193.13,0.8057,41258.6,12560,73100,25.82,전자제품,KOSPI
300720,14239.0,13844.0,14740.5,15445.0,1327.0,1163.0,1507.0,1708.5,1.0,4969.89,12466,16950,5.21,건축자재,KOSPI
004000,17527.0,21191.0,20897.71,21641.57,744.0,1631.0,1657.86,1807.71,1.0,-4418.46,12474,48350,8.22,화학,KOSPI
192080,7199.0,8386.0,8821.46,9297.4,2321.0,2831.0,3094.23,3293.6,0.822,-10011.68,12535,59200,5.82,게임엔터테인먼트,KOSPI
001820,2945.0,3276.0,3984.5,4220.0,129.0,298.0,580.5,620.0,1.0,-881.47,11455,110200,19.03,전기제품,KOSPI
030610,45068.0,,,,1904.0,,,,1.0,,11658,10230,5.96,증권,KOSPI
000080,24986.0,24573.0,25063.43,25629.17,1723.0,1911.0,2027.0,2160.83,1.0,7752.29,11025,15720,44.98,음료,KOSPI
003530,30946.0,,,,1477.0,,,,1.0,,10727,5000,82.09,증권,KOSPI
006340,6245.0,,,,94.0,,,,0.6795,162.83,10672,13610,8.98,전기장비,KOSPI
032350,6534.0,7862.0,8689.5,9380.5,1433.0,1967.0,2284.88,2571.83,1.0,11891.68,10564,13250,,"호텔,레스토랑,레저",KOSPI
000210,53267.0,55386.0,55391.5,56050.0,2985.0,6496.0,6105.0,6170.0,0.9294,45447.6,10478,50000,,화학,KOSPI
003090,20684.0,,,,2618.0,,,,0.7681,7061.41,10460,17990,7.86,제약,KOSPI
003240,18274.0,,,,-360.0,,,,0.9721,-13030.56,10221,918000,,화학,KOSPI
077970,7893.0,9044.0,9892.0,13208.5,696.0,1004.0,1190.0,1826.0,1.0,2185.47,10157,25300,57.65,조선,KOSPI
003570,7120.0,8077.0,9147.0,10260.0,855.0,1121.0,1357.0,1544.0,1.0,-3243.33,10192,30650,9.67,자동차부품,KOSPI
006110,2715.0,3832.0,4721.2,,-176.0,59.0,367.75,,1.0,2331.11,10133,67000,451.3,비철금속,KOSPI
000370,74497.0,,,,4296.0,,,,1.0,,9864,8450,2.53,손해보험,KOSPI
051915,459322.0,562410.0,640724.38,708314.31,11809.0,13021.0,39507.69,55674.85,0.7905,307180.26,9619,125100,29.2,화학,KOSPI
192400,9209.0,9950.0,10660.0,11230.0,1140.0,1140.0,1230.0,1290.0,1.0,-3466.13,10029,28200,4.48,가정용기기와용품,KOSPI
185750,16924.0,18470.0,19113.0,19954.0,806.0,764.0,1119.5,1197.0,0.9971,1081.44,9455,68500,8.12,제약,KOSPI
030190,6021.0,6610.0,7243.0,7863.0,1044.0,1190.0,1306.5,1428.0,1.0,-1481.99,9432,16010,10.25,상업서비스와공급품,KOSPI
034230,11499.0,12657.0,13769.9,14693.63,1558.0,1652.0,2027.3,2403.38,0.7654,6206.98,9291,10030,19.51,"호텔,레스토랑,레저",KOSPI
009240,17445.0,16720.0,17366.33,17920.8,185.0,389.0,426.83,524.2,0.9995,1895.95,9343,39700,,가구,KOSPI
005300,39711.0,41025.0,42565.75,44115.67,1672.0,2019.0,2277.17,2477.78,0.9458,14544.81,9242,99600,8.89,음료,KOSPI
285130,23652.0,29278.0,31620.0,33405.0,-2.0,587.0,1592.0,2230.0,1.0,4854.61,9376,54200,32.7,화학,KOSPI
003470,34613.0,,,,994.0,,,,1.0,,9162,4755,8.41,증권,KOSPI
079160,22754.0,24242.0,25445.75,26283.33,962.0,994.0,1356.5,1540.0,,20116.61,9173,5540,,방송과엔터테인먼트,KOSPI
009450,15022.0,16926.0,18994.0,21342.0,1434.0,2679.0,2668.0,3145.0,0.9989,2040.46,9222,63300,8.27,가정용기기와용품,KOSPI
195870,6534.0,8822.0,10182.9,11485.3,465.0,1028.0,1480.1,1789.2,1.0,1298.53,9180,54000,11.16,반도체와반도체장비,KOSPI
004490,21421.0,22730.0,29980.0,,1538.0,1460.0,2060.0,,0.9975,-3132.96,9189,66300,6.97,자동차부품,KOSPI
071055,194661.0,419870.0,417760.0,419820.0,23453.0,40460.0,32844.4,33520.62,0.9978,,8746,149300,5.34,증권,KOSPI
071320,39982.0,39223.0,39382.33,38811.0,5296.0,5106.0,4246.0,4094.0,0.9941,37397.42,8661,74800,1.42,복합유틸리티,KOSPI
005090,24607.0,25448.0,25938.67,25668.0,958.0,1644.0,1755.67,2469.0,0.8082,17399.96,9049,62800,9.48,에너지장비및서비스,KOSPI
006120,101640.0,,,,3614.0,,,,0.8943,41141.98,8759,50300,4.19,석유와가스,KOSPI
100090,9654.0,6458.0,7437.5,11730.33,595.0,574.0,614.25,1166.33,0.9968,1803.61,8641,13830,19.0,에너지장비및서비스,KOSPI
005180,14896.0,15732.0,16307.5,16630.0,884.0,1617.0,1640.0,1450.0,1.0,-1441.02,8611,92900,6.25,식품,KOSPI
499790,4816.83,6205.2,6818.4,7245.6,780.23,1340.8,1554.8,1728.8,0.6631,6224.65,8577,43250,,"호텔,레스토랑,레저",KOSPI
003850,10174.0,,,,651.0,,,,1.0,2538.32,7781,9070,20.32,제약,KOSPI
214320,21460.0,21578.0,22429.63,23487.43,1628.0,1854.0,1963.25,2086.14,0.8744,-5212.93,7604,19010,8.41,광고,KOSPI
298050,32830.0,35940.0,36532.0,37524.0,1574.0,2370.0,2776.75,2979.5,0.7551,26151.51,8010,178800,39.83,화학,KOSPI
137310,7106.0,,,,-809.0,,,,,-1229.65,7607,6300,,건강관리장비와용품,KOSPI
000670,29090.0,,,,-2597.0,,,,,1866.54,7585,41200,,핸드셋,KOSPI
036530,22357.0,23240.0,25290.0,27360.0,3007.0,3170.0,3490.0,3850.0,0.5611,-10191.21,7524,46150,3.23,자동차부품,KOSPI
456040,20094.0,21865.0,22045.0,22770.0,4.0,1648.0,1880.67,1966.67,0.9598,5246.13,7341,82000,15.24,화학,KOSPI
005880,12770.0,12235.0,12124.0,12126.2,2072.0,2513.0,2413.6,2464.6,1.0,10250.27,6971,2160,10.07,해운사,KOSPI
003160,4323.0,5827.0,7551.0,8111.0,365.0,1055.0,1394.0,1476.0,0.4002,359.69,6891,24350,56.54,반도체와반도체장비,KOSPI
093050,18824.0,,,,1681.0,,,,0.8414,4868.89,6813,23300,4.7,"섬유,의류,신발,호화품",KOSPI
005690,1141.0,1600.0,2251.0,3420.0,343.0,582.0,884.0,1540.0,,-401.4,6732,11220,101.82,화학,KOSPI
064960,10064.0,10351.0,11422.0,12161.33,1026.0,1072.0,1215.57,1412.17,1.0,-3583.6,6861,25850,7.26,자동차부품,KOSPI
317450,2873.0,,,,925.0,,,,1.0,-4466.9,6774,46400,10.26,제약,KOSPI
069260,11277.0,13140.0,13397.25,13501.0,656.0,879.0,914.5,879.5,1.0,-2409.45,6700,16390,6.52,화학,KOSPI
268280,5321.0,,,,655.0,,,,1.0,-248.65,6700,134000,37.33,화학,KOSPI
001570,1028.0,,,,-447.0,,,,,3021.11,6333,9900,,화학,KOSPI
017940,103925.0,154098.0,154079.0,150674.0,3241.0,1651.0,4487.0,4531.0,0.882,-6912.07,6702,97700,2.0,가스유틸리티,KOSPI
100840,6061.0,6410.0,6660.0,6890.0,1113.0,1310.0,1490.0,1570.0,1.0,-836.28,6721,32500,7.27,에너지장비및서비스,KOSPI
000400,32207.0,,,,647.0,,,,,,6641,2140,2.6,손해보험,KOSPI
014820,13729.0,,,,662.0,,,,0.999,2862.38,6509,22450,15.72,포장재,KOSPI
006380,246.0,,,,-211.0,,,,,1268.07,6185,3660,,화학,KOSPI
002960,3450.0,,,,528.0,,,,,-301.51,6513,501000,7.86,화학,KOSPI
000640,14298.0,15763.0,17006.0,18485.67,978.0,1104.0,1192.33,1394.33,0.9859,4729.59,6463,96000,11.06,제약,KOSPI
002990,20185.0,21520.0,23570.0,24780.0,471.0,750.0,1040.0,1300.0,0.9932,14.34,6342,17020,174.44,건설,KOSPI
001060,7753.0,,,,945.0,,,,1.0,-303.34,6380,27400,23.92,제약,KOSPI
002350,31896.0,34737.0,36173.81,37878.93,1703.0,1772.0,2132.25,2400.21,0.997,12956.47,6348,6500,8.15,자동차부품,KOSPI
248070,17002.0,,,,465.0,,,,0.9476,3728.47,6360,13300,11.34,전자장비와기기,KOSPI
002840,4411.0,,,,436.0,,,,1.0,-119.71,6246,138800,13.53,화학,KOSPI
006650,33478.0,36354.0,37880.75,38007.5,527.0,1739.0,2278.5,2493.25,0.7322,758.41,6227,95800,,화학,KOSPI
383800,1904.0,2490.0,2660.0,2810.0,1334.0,1990.0,2080.0,2180.0,1.0,2009.41,6232,8170,6.95,무역회사와판매업체,KOSPI
033240,8489.0,10056.0,10064.0,10680.0,420.0,921.0,923.0,970.0,1.0,821.61,6352,29400,,통신장비,KOSPI
001680,44013.0,44700.0,46512.5,47220.0,1693.0,1830.0,2044.0,2060.0,0.9841,10797.32,6306,18200,11.14,식품,KOSPI
003300,19305.0,,,,1232.0,,,,0.5097,7309.01,5907,19160,3.3,건축자재,KOSPI
453340,23296.0,24992.0,26724.0,28165.0,1068.0,1388.0,1498.5,1630.0,0.9948,-1200.06,6127,18870,8.28,식품,KOSPI
001510,14047.0,,,,78.0,,,,1.0,,5956,2575,119.72,증권,KOSPI
108320,16391.0,15473.0,16143.5,17410.0,1089.0,746.0,775.0,925.0,1.0,-4406.46,6050,37200,13.95,디스플레이장비및부품,KOSPI
079900,1907.0,1922.0,2067.0,2205.0,287.0,289.0,350.0,387.0,1.0,-325.12,6034,41350,17.2,기계,KOSPI
075580,4027.0,,,,734.0,,,,0.8469,1544.16,6060,10660,15.79,조선,KOSPI
114090,4229.0,4662.0,4878.43,5129.83,526.0,680.0,771.57,767.5,0.9985,-3786.15,5944,9610,19.03,"호텔,레스토랑,레저",KOSPI
001270,9655.0,,,,568.0,,,,0.9998,,5755,55500,5.06,증권,KOSPI
001530,6014.0,7106.0,7850.0,9156.0,-15.0,121.0,215.0,349.0,1.0,3868.49,5811,28050,240.03,"섬유,의류,신발,호화품",KOSPI
058650,66111.0,74867.0,78205.0,80300.5,1755.0,3210.0,3962.0,4074.0,0.8423,20358.81,5714,134700,5.27,철강,KOSPI
090460,17927.0,18960.0,21547.55,22838.2,540.0,968.0,1311.64,1508.3,0.9058,-30.67,5765,17100,8.04,전자장비와기기,KOSPI
178920,2634.0,2924.0,3285.5,3679.0,430.0,682.0,754.0,845.0,,-200.79,5685,19360,,화학,KOSPI
025540,14428.0,15003.0,15888.0,16785.0,1393.0,1102.0,1371.0,1533.0,1.0,-1336.32,5634,55700,10.71,자동차부품,KOSPI
007700,19338.0,,,,4342.0,,,,,-4751.67,5668,14490,5.0,"섬유,의류,신발,호화품",KOSPI
003620,43036.0,50812.0,56942.0,59231.0,362.0,361.0,853.0,1079.0,0.9076,7372.5,5444,2690,194.67,자동차,KOSPI
005810,4325.0,5385.0,5370.0,5535.0,668.0,1422.0,1218.0,1260.0,0.9995,526.02,5579,38700,4.47,비철금속,KOSPI
016380,31934.0,34030.0,35459.67,36884.67,1507.0,1353.0,1605.33,1685.67,1.0,2314.2,5620,5620,3.8,철강,KOSPI
336370,6161.0,5556.0,6899.5,10082.5,-733.0,-754.0,287.5,760.5,0.707,8392.07,5512,7850,6.42,전자장비와기기,KOSPI
284740,11213.0,,,,1694.0,,,,0.8898,-655.68,5396,24050,4.3,가정용기기와용품,KOSPI
019170,2347.0,,,,143.0,,,,1.0,-190.16,5289,10090,,제약,KOSPI
039130,5869.0,5970.0,6493.75,6883.75,576.0,508.0,651.25,723.5,0.7864,-1279.94,5096,32900,17.77,"호텔,레스토랑,레저",KOSPI
460860,32034.0,37752.0,39717.33,41138.33,594.0,1235.0,1485.0,1601.67,,13551.47,5149,10380,2.46,철강,KOSPI
003545,50639.0,,,,3014.0,6237.0,3816.67,3960.0,1.0,,4962,20350,9.28,증권,KOSPI
009410,21745.0,,,,528.0,,,,0.666,9516.19,5038,1693,,건설,KOSPI
008060,13850.0,,,,113.0,,,,0.5689,-3721.99,5028,16070,17.54,전자장비와기기,KOSPI
001500,18205.0,,,,723.0,,,,1.0,,4971,8040,6.38,증권,KOSPI
090435,42528.0,47138.0,51453.06,55866.69,3358.0,4825.0,5564.47,6302.25,0.9575,-8086.94,4941,46800,55.59,화장품,KOSPI
161000,14523.0,,,,-102.0,,,,0.4668,5107.06,4962,10200,22.56,화학,KOSPI
034310,32426.0,,,,1981.0,,,,0.4916,5008.22,4962,13500,128.49,IT서비스,KOSPI
004690,52755.0,58547.0,58078.0,56077.0,1596.0,1788.0,1809.0,1821.0,0.866,750.99,4802,132400,3.2,가스유틸리티,KOSPI
377740,1183.0,,,,167.0,,,,1.0,-3649.99,4891,4800,,건강관리장비와용품,KOSPI
010780,12344.0,11418.0,14549.0,18876.0,681.0,1641.0,1783.67,3132.0,0.9843,9568.09,4933,16340,5.55,건설,KOSPI
005250,24515.0,,,,362.0,,,,,15833.53,4769,10140,,제약,KOSPI
000070,33483.0,,,,1088.0,,,,0.3159,11119.41,4728,60900,2.37,화학,KOSPI
145990,25625.0,,,,1117.0,,,,0.8903,6948.15,4739,45950,4.46,식품,KOSPI
014830,13388.0,16063.0,17101.33,17706.33,879.0,940.0,1124.67,1196.17,1.0,1189.13,4500,66500,28.21,화학,KOSPI
002240,18092.0,,,,407.0,,,,1.0,-278.45,4738,17550,7.1,철강,KOSPI
249420,5669.0,,,,195.0,,,,1.0,816.88,4695,14840,,제약,KOSPI
005389,1862545.0,1940652.0,2031223.32,2131610.14,114679.0,114811.0,132761.88,142985.57,0.9145,1025242.74,4392,188700,4.67,자동차,KOSPI
005945,136989.0,360954.0,335076.0,334831.0,14206.0,23399.0,20425.13,20576.54,0.9901,,4388,23250,6.51,증권,KOSPI
072710,8588.0,,,,811.0,,,,1.0,1696.01,4411,95100,4.48,식품,KOSPI
317400,13876.0,15520.0,19865.0,22340.0,125.0,560.0,1003.5,1043.0,0.7976,-1450.69,4363,11250,6.11,건설,KOSPI
002030,18845.0,,,,1110.0,,,,0.6036,4845.88,4416,214500,4.33,건축자재,KOSPI
004700,979.0,,,,88.0,,,,,-520.6,4335,65200,36.64,"섬유,의류,신발,호화품",KOSPI
092230,11637.0,,,,430.0,,,,0.6795,-6678.85,4406,104300,2.58,화학,KOSPI
029460,7973.0,,,,465.0,,,,0.8698,-2101.88,4513,40950,5.25,반도체와반도체장비,KOSPI
017900,1327.0,,,,12.0,,,,1.0,-913.17,4352,7510,,전자장비와기기,KOSPI
001200,16941.0,,,,844.0,,,,1.0,,4257,4395,11.16,증권,KOSPI
005420,6642.0,,,,-160.0,,,,,3543.74,4332,11280,,화학,KOSPI
016590,6395.0,,,,222.0,,,,1.0,-1048.58,4191,10400,4.73,포장재,KOSPI
016610,19220.0,,,,1167.0,,,,0.8528,,4189,9870,26.48,증권,KOSPI
130660,3945.0,,,,66.0,,,,1.0,63.51,4173,12800,15.41,전기유틸리티,KOSPI
003030,37596.0,42340.0,48513.0,52210.0,2058.0,1058.0,3088.0,3788.5,1.0,20507.16,4282,103400,3.5,철강,KOSPI
403550,4707.0,5080.0,5373.0,5570.0,232.0,294.0,353.0,405.0,1.0,2788.21,4272,11260,,도로와철도운송,KOSPI
008730,4854.0,5376.0,6481.0,,85.0,131.0,454.0,,1.0,2884.98,4166,16800,,포장재,KOSPI
009900,16192.0,16900.0,17500.0,18340.0,1026.0,1140.0,1380.0,1510.0,1.0,-545.5,4171,7950,6.53,자동차부품,KOSPI
003000,2007.0,,,,142.0,,,,1.0,-884.29,4144,4200,,제약,KOSPI
484870,4033.0,4373.0,5348.0,6436.0,561.0,636.0,847.0,1111.0,,-463.96,4149,15110,12.75,우주항공과국방,KOSPI
192650,12306.0,12324.0,14971.5,16890.5,314.0,401.0,576.0,690.0,0.7244,827.86,4052,6150,57.24,핸드셋,KOSPI
003280,1808.0,,,,113.0,,,,1.0,150.96,4135,1720,17.61,해운사,KOSPI
002810,4469.0,,,,128.0,,,,0.9555,-3143.9,4109,22250,4.57,화학,KOSPI
344820,19006.0,,,,-752.0,,,,1.0,3428.08,4041,25300,8.02,건축자재,KOSPI
001940,8253.0,9220.0,9350.0,9990.0,-707.0,-170.0,260.0,340.0,1.0,-7896.36,4012,28300,4.23,철강,KOSPI
271940,816.0,,,,-112.0,,,,1.0,-2379.76,4031,11100,678.89,자동차부품,KOSPI
029530,3173.0,,,,62.0,,,,1.0,-4183.27,3993,41100,5.99,사무용전자제품,KOSPI
194370,12882.0,16597.0,18344.0,19658.0,1405.0,1767.0,1886.0,2033.0,1.0,7780.91,3972,13690,2.1,"섬유,의류,신발,호화품",KOSPI
183190,10228.0,10715.0,11636.67,12249.33,771.0,746.0,1166.0,1335.33,0.9795,5963.24,3976,11050,4.56,건축자재,KOSPI
452260,5752.0,,,,94.0,,,,1.0,5115.03,3945,2035,,백화점과일반상점,KOSPI
306200,14848.0,18648.0,19611.4,20221.25,496.0,1112.0,1257.8,1478.25,1.0,2511.76,3951,139300,2.07,철강,KOSPI
027410,4695.0,4740.0,4840.0,4940.0,612.0,590.0,650.0,700.0,1.0,-422.26,3805,3975,4.69,화학,KOSPI
015360,13276.0,,,,1117.0,,,,1.0,2038.45,3818,14010,8.38,가스유틸리티,KOSPI
950210,143.0,248.31,,,-674.0,-928.23,,,1.0,225.16,3864,6430,32.32,제약,KOSPI
170900,8088.0,8771.0,9965.0,11215.0,6.0,369.0,434.0,463.0,1.0,2744.76,3721,38250,54.62,제약,KOSPI
031430,11100.0,12771.0,13662.6,14288.5,-115.0,565.0,731.4,809.25,1.0,2720.61,3747,10710,16.66,"섬유,의류,신발,호화품",KOSPI
104700,4866.0,5490.0,5520.0,5900.0,-387.0,-160.0,160.0,210.0,,-3323.8,3689,10120,4.1,철강,KOSPI
017810,33802.0,35810.0,37736.25,39914.0,932.0,1135.0,1337.25,1559.5,1.0,10639.49,3736,9800,20.97,식품,KOSPI
006220,3659.0,,,,99.0,,,,1.0,,3738,9890,51.08,은행,KOSPI
060980,13350.0,13650.0,14387.5,15840.0,887.0,1267.0,1376.0,1600.0,0.9832,8148.21,3677,40500,6.78,자동차부품,KOSPI
126560,2645.0,,,,63.0,,,,1.0,-3232.02,3615,3310,,화장품,KOSPI
089590,15799.0,19951.0,20372.0,20272.2,-1117.0,92.0,594.2,902.8,0.4443,11477.37,3673,4555,6.75,항공사,KOSPI
007690,13956.0,17852.0,17525.5,17544.5,532.0,895.0,947.5,1049.5,1.0,4401.52,3626,39150,47.94,화학,KOSPI
004710,12524.0,,,,204.0,,,,0.2898,2338.93,3596,6770,5.7,전자장비와기기,KOSPI
105630,19418.0,21221.0,22010.86,22628.33,834.0,989.0,1054.43,1180.0,0.9982,5226.53,3572,8930,7.52,"섬유,의류,신발,호화품",KOSPI
006405,132667.0,159451.0,199237.21,247267.76,-17224.0,3522.0,14225.05,24384.24,0.789,106775.0,3608,223000,16.63,전기제품,KOSPI
024720,6301.0,,,,477.0,,,,1.0,1364.24,3611,10530,,화장품,KOSPI
009160,11790.0,,,,460.0,,,,0.9209,2911.42,3478,5320,,비철금속,KOSPI
005610,33705.0,,,,387.0,,,,1.0,3036.29,3534,40950,10.75,식품,KOSPI
097520,12792.0,,,,520.0,,,,1.0,79.46,3506,20150,19.48,핸드셋,KOSPI
011930,5675.0,7600.0,8503.0,9693.0,13.0,195.0,276.0,501.0,0.8537,1935.6,3434,16910,25.88,반도체와반도체장비,KOSPI
015860,22827.0,,,,1456.0,,,,0.3927,-5626.04,3390,6870,7.02,전기장비,KOSPI
002310,8551.0,,,,272.0,,,,1.0,-635.58,3377,8560,4.56,포장재,KOSPI
020000,14918.0,15966.0,16759.5,17601.0,522.0,926.0,1040.0,1158.8,1.0,-387.48,3436,16000,5.62,"섬유,의류,신발,호화품",KOSPI
011760,75543.0,93635.0,91837.5,91171.75,1401.0,1970.0,1910.25,1976.25,1.0,8648.6,3420,25850,2.98,무역회사와판매업체,KOSPI
092790,5510.0,,,,399.0,,,,1.0,693.01,3310,12730,1.31,철강,KOSPI
091810,17982.0,21280.0,22095.0,22845.0,-2655.0,-1855.0,245.0,1330.0,0.982,4891.38,3196,626,1.23,항공사,KOSPI
005720,35865.0,,,,2042.0,,,,0.5127,12586.84,3273,6230,5.72,자동차부품,KOSPI
078520,2420.0,2699.0,3237.0,,180.0,364.0,453.0,,1.0,-38.21,3296,12670,28.98,화장품,KOSPI
002020,58861.0,,,,605.0,,,,1.0,23440.16,3350,25950,27.83,복합기업,KOSPI
200880,45052.0,,,,1618.0,,,,0.9819,6745.21,3289,12170,3.29,자동차부품,KOSPI
145720,3465.0,3729.0,4271.75,4894.5,641.0,751.0,875.25,1059.5,1.0,2245.04,3294,38200,15.02,건강관리장비와용품,KOSPI
003350,1846.0,,,,329.0,,,,,-575.54,3272,14440,14.56,화장품,KOSPI
026890,912.0,,,,172.0,,,,1.0,,3284,8470,10.47,창업투자,KOSPI
009290,16595.0,,,,310.0,,,,0.9831,1232.25,3262,6550,10.54,제약,KOSPI
123890,2043.0,2485.0,2450.0,2660.0,342.0,715.0,1015.0,1240.0,1.0,,3194,2610,3.02,부동산,KOSPI
025860,16044.0,,,,431.0,,,,1.0,2097.05,3194,6430,30.72,화학,KOSPI
018250,6545.0,,,,211.0,,,,1.0,-1091.17,3145,11910,10.09,화장품,KOSPI
001230,19853.0,,,,395.0,,,,0.7758,1121.2,3180,2045,2.27,철강,KOSPI
005950,16595.0,,,,69.0,,,,,2848.65,3187,12120,,화학,KOSPI
016800,3582.0,,,,57.0,,,,1.0,-1053.58,3226,28050,5.24,가구,KOSPI
108670,31787.0,34312.0,34719.33,36103.0,131.0,1398.0,1256.67,1398.0,1.0,5858.28,3175,35400,7.06,건축자재,KOSPI
272450,13811.0,15306.0,15766.0,16222.0,-192.0,-140.0,799.0,1281.0,,266.44,3085,5910,4.59,항공사,KOSPI
126720,3377.0,,,,431.0,,,,1.0,-1802.89,3114,21800,5.54,에너지장비및서비스,KOSPI
381970,24388.0,24837.0,26178.0,27317.0,760.0,778.0,843.0,903.0,,2172.61,3129,6410,19.87,자동차,KOSPI
096760,9696.0,,,,1679.0,,,,0.5066,2581.64,3060,4140,13.56,제약,KOSPI
000157,197841.0,218424.0,252348.5,284230.0,10627.0,18125.0,25064.08,31031.0,0.5085,54570.67,3077,344500,,복합기업,KOSPI
244920,6825.0,,,,293.0,,,,0.8964,-978.63,3023,13370,9.61,손해보험,KOSPI
001390,91016.0,,,,3057.0,,,,0.2855,14328.88,2991,4505,4.93,자동차,KOSPI
001750,9090.0,,,,753.0,,,,,,2990,19790,3.5,증권,KOSPI
034830,1844.0,2378.0,2563.0,2609.0,-209.0,373.0,491.0,436.0,1.0,,2954,1170,,부동산,KOSPI
002710,6115.0,,,,-109.0,,,,0.9969,2084.53,2988,11400,,철강,KOSPI
058430,11254.0,11640.0,12095.0,12390.0,245.0,275.0,315.0,330.0,0.9877,-576.43,2904,4840,13.71,비철금속,KOSPI
012030,6435.0,,,,416.0,,,,0.9943,3166.59,2985,1484,17.19,IT서비스,KOSPI
010820,2948.0,,,,107.0,,,,,-963.77,2892,5930,50.0,우주항공과국방,KOSPI
084010,12471.0,14150.0,14920.0,15390.0,-29.0,285.0,335.0,370.0,0.8965,-2726.36,2894,8420,4.38,철강,KOSPI
084690,56288.0,,,,1998.0,,,,0.2547,14733.49,2908,8030,23.46,식품,KOSPI
002900,9294.0,9972.0,,,641.0,833.0,,,1.0,1164.5,2844,6870,4.12,기계,KOSPI
037710,1842.0,,,,525.0,,,,,2168.37,2856,37450,4.96,백화점과일반상점,KOSPI
033270,2888.0,3035.0,3203.0,3384.0,496.0,478.0,496.0,508.0,,-1636.96,2842,17860,9.09,제약,KOSPI
003960,34998.0,,,,947.0,,,,0.9584,5647.46,2841,31000,3.14,식품,KOSPI
122900,30544.0,39470.0,42650.0,45530.0,203.0,710.0,860.0,970.0,0.8394,515.43,2778,8310,18.98,상업서비스와공급품,KOSPI
286940,11698.0,11976.0,12753.33,13580.0,314.0,449.0,559.33,636.67,1.0,-36.38,2822,18650,10.74,IT서비스,KOSPI
105840,1504.0,,,,142.0,,,,0.788,-57.61,2840,14060,16.19,기계,KOSPI
010955,342470.0,421783.0,396548.93,378377.36,2356.0,43722.0,32570.5,27677.86,1.0,75316.31,2795,69500,8.55,석유와가스,KOSPI
000430,15991.0,,,,470.0,,,,0.792,2263.31,2765,4460,11.01,자동차부품,KOSPI
010690,19625.0,21340.0,22010.0,24130.0,1024.0,807.0,960.0,1030.0,0.9734,5823.72,2766,7920,6.18,자동차부품,KOSPI
004430,10392.0,,,,218.0,,,,1.0,613.6,2777,11570,11.27,화학,KOSPI
217590,3409.0,,,,64.0,,,,1.0,303.51,2771,11500,,조선,KOSPI
003120,643.0,,,,-62.0,,,,,-2118.44,2786,20950,,제약,KOSPI
017390,18280.0,,,,174.0,,,,0.9984,-6613.98,2752,55600,15.34,가스유틸리티,KOSPI
298690,8326.0,9910.0,9560.0,9200.0,-45.0,-70.0,560.0,670.0,,7174.91,2540,1559,3.43,항공사,KOSPI
044820,6452.0,,,,270.0,,,,1.0,4226.5,2574,26800,11.27,건강관리업체및서비스,KOSPI
008490,7223.0,,,,502.0,,,,0.9225,3749.63,2649,22900,54.26,제약,KOSPI
005430,6632.0,7050.0,,,470.0,635.0,,,1.0,-617.87,2634,83200,4.99,운송인프라,KOSPI
004360,12418.0,,,,273.0,,,,1.0,-97.25,2613,13670,4.03,항공화물운송과물류,KOSPI
053690,4488.0,4906.0,5378.5,5200.0,306.0,302.0,425.0,450.0,1.0,425.89,2520,23000,15.81,건설,KOSPI
007160,7062.0,,,,332.0,,,,0.3026,3738.59,2625,52500,10.92,식품,KOSPI
003070,26844.0,29268.0,32974.0,35060.0,37.0,1313.0,1531.0,1770.0,0.9925,7995.13,2522,9920,801.71,건설,KOSPI
001790,13563.0,,,,566.0,,,,0.9985,893.29,2505,2905,9.39,식품,KOSPI
003200,5172.0,,,,124.0,,,,0.9785,-1438.81,2514,10950,26.49,"섬유,의류,신발,호화품",KOSPI
003920,9141.0,,,,52.0,,,,1.0,-71.08,2505,44150,,식품,KOSPI
005680,1497.0,,,,92.0,,,,0.994,-3101.26,2460,12300,12.39,전기제품,KOSPI
003650,4055.0,,,,346.0,,,,,-3383.87,2467,141800,2.62,화학,KOSPI
226320,1534.0,,,,192.0,,,,0.5129,-3656.63,2502,11410,79.09,화장품,KOSPI
005500,3091.0,,,,268.0,,,,,1090.07,2455,18430,15.88,제약,KOSPI
900140,3930.0,,,,385.0,,,,0.2145,661.56,2444,1265,,자동차,KOSPI
136490,18957.0,,,,1792.0,,,,0.9437,4209.68,2437,10250,11.31,식품,KOSPI
475560,3612.0,,,,-237.0,,,,1.0,-1373.73,2410,16250,12.35,"호텔,레스토랑,레저",KOSPI
025000,8084.0,,,,274.0,,,,0.9807,-1110.31,2443,55800,3.06,화학,KOSPI
001460,1632.0,,,,266.0,,,,0.9995,-523.46,2392,38300,15.13,"섬유,의류,신발,호화품",KOSPI
000680,26152.0,,,,223.0,,,,1.0,46691.75,2376,3015,31.33,증권,KOSPI
092200,7573.0,,,,186.0,,,,0.8595,3034.89,2372,6100,5.27,자동차부품,KOSPI
030210,17145.0,,,,337.0,,,,0.9241,,2369,3890,,증권,KOSPI
000320,12393.0,,,,645.0,,,,0.5537,-1102.96,2341,17610,6.09,건축자재,KOSPI
051905,63555.0,64646.0,67810.0,70681.23,1707.0,3796.0,4488.21,4941.08,0.9705,-11373.38,2323,110800,44.06,화장품,KOSPI
002320,30649.0,31975.0,33205.0,34215.0,1122.0,745.0,1225.0,1350.0,0.9549,19780.82,2340,15080,14.22,항공화물운송과물류,KOSPI
001340,2721.0,,,,122.0,,,,1.0,3032.2,2314,5140,52.83,화학,KOSPI
000540,35328.0,,,,1875.0,,,,,,2284,3555,0.68,손해보험,KOSPI
020120,2175.0,,,,124.0,,,,1.0,-332.31,2291,6180,,양방향미디어와서비스,KOSPI
134380,2845.0,,,,292.0,,,,,-800.92,2311,10510,7.18,화학,KOSPI
000490,14847.0,,,,312.0,,,,1.0,10268.32,2283,7920,24.77,기계,KOSPI
298000,23407.0,,,,-1605.0,,,,1.0,14453.99,2256,59500,,화학,KOSPI
000050,4125.0,,,,460.0,,,,1.0,1341.84,2281,8320,,"섬유,의류,신발,호화품",KOSPI
034120,10085.0,9729.0,10394.33,11015.67,182.0,58.0,335.67,418.0,0.988,-317.23,2274,12260,11.54,방송과엔터테인먼트,KOSPI
033920,1438.0,,,,102.0,,,,1.0,852.26,2254,7910,2.33,음료,KOSPI
044450,5614.0,,,,1103.0,,,,1.0,12107.05,2271,10060,12.53,해운사,KOSPI
003720,1532.0,2084.0,,,149.0,268.0,,,0.8751,562.19,2207,6490,8.25,화학,KOSPI
001250,41093.0,,,,523.0,,,,1.0,5293.87,2228,2700,7.58,무역회사와판매업체,KOSPI
000650,456.0,,,,-59.0,,,,,173.73,2227,155800,,도로와철도운송,KOSPI
005010,6125.0,,,,35.0,,,,1.0,748.47,2169,3860,3.88,철강,KOSPI
011500,2145.0,,,,36.0,,,,,339.39,2178,13930,19.89,화학,KOSPI
009680,2797.0,,,,185.0,,,,1.0,-3838.42,2228,10250,9.93,자동차부품,KOSPI
017860,9549.0,,,,80.0,,,,1.0,5104.66,2149,12100,36.35,화학,KOSPI
003555,72525.0,82836.0,91153.3,98794.5,9122.0,16183.0,19872.2,21776.25,0.8098,-25430.26,2150,71400,10.92,복합기업,KOSPI
000480,8278.0,,,,278.0,,,,0.2,4208.34,2143,4570,587.2,비철금속,KOSPI
035150,5049.0,5371.0,5664.0,5892.0,536.0,649.0,703.0,746.0,1.0,519.38,2131,10780,5.92,"섬유,의류,신발,호화품",KOSPI
003520,2543.0,,,,34.0,,,,,736.56,2112,1155,,제약,KOSPI
004980,12163.0,,,,437.0,,,,0.9988,4230.66,2118,8640,3.22,건축자재,KOSPI
037270,2360.0,,,,323.0,,,,0.949,-206.75,2082,3270,12.9,방송과엔터테인먼트,KOSPI
039570,6457.0,,,,106.0,,,,1.0,-734.18,1994,7680,14.69,건설,KOSPI
013580,28874.0,29740.0,32950.0,36150.0,1669.0,1780.0,2130.0,2410.0,1.0,7451.91,1992,22300,2.73,건설,KOSPI
100250,2798.0,,,,58.0,,,,0.8241,-1354.15,2019,3160,4.97,자동차부품,KOSPI
095570,10701.0,12083.0,12862.0,13865.67,715.0,834.0,939.67,1042.0,1.0,10799.48,2000,4420,13.95,도로와철도운송,KOSPI
028100,4677.0,,,,181.0,,,,1.0,-1366.24,1986,17700,17.77,건설,KOSPI
001630,9590.0,,,,583.0,,,,0.7443,4486.33,1964,39200,6.31,제약,KOSPI
004310,1918.0,,,,42.0,,,,,311.95,1971,6160,20.65,제약,KOSPI
053210,9842.0,9974.0,10450.5,11013.5,230.0,358.0,516.0,586.5,0.9778,276.72,1948,4100,,방송과엔터테인먼트,KOSPI
010580,1503.0,,,,16.0,,,,,-56.85,1911,1718,294.89,자동차부품,KOSPI
001130,13752.0,,,,623.0,,,,0.9982,-780.07,1947,11520,2.66,식품,KOSPI
128820,15659.0,,,,108.0,,,,0.7677,6261.38,1911,4225,,석유와가스,KOSPI
117580,10179.0,,,,303.0,,,,,119.79,1906,6930,14.95,가스유틸리티,KOSPI
033530,18969.0,20161.0,21442.0,22914.0,854.0,1020.0,1147.0,1292.0,0.9853,911.54,1904,7040,41.06,자동차부품,KOSPI
102260,12116.0,,,,1120.0,,,,0.4401,778.02,1900,3750,6.69,화학,KOSPI
000140,24845.0,,,,1833.0,,,,0.4896,13971.48,1905,8210,230.21,음료,KOSPI
339770,5174.0,5340.0,5493.0,5670.0,350.0,320.0,423.0,440.0,0.9986,378.73,1911,3825,12.95,식품,KOSPI
003547,50639.0,,,,3014.0,6237.0,3816.67,3960.0,1.0,,1875,19520,9.28,증권,KOSPI
016580,2552.0,2833.0,3112.0,3404.0,130.0,246.0,289.0,335.0,1.0,-658.49,1892,10170,9.4,제약,KOSPI
035510,6872.0,,,,491.0,,,,,-1054.66,1872,13390,6.84,IT서비스,KOSPI
007860,49161.0,,,,1996.0,,,,0.5958,5708.62,1862,7930,1.8,자동차부품,KOSPI
102460,1459.0,,,,-303.0,,,,1.0,2098.16,1855,9980,85.55,제약,KOSPI
016450,34098.0,,,,655.0,,,,0.2,13067.42,1850,4625,3.47,"섬유,의류,신발,호화품",KOSPI
002420,292.0,,,,-6.0,,,,,164.25,1845,5920,,석유와가스,KOSPI
241590,15644.0,,,,357.0,,,,0.9636,5319.7,1839,3035,,"섬유,의류,신발,호화품",KOSPI
000390,6171.0,,,,95.0,,,,0.9865,828.18,1823,6700,11.18,건축자재,KOSPI
025560,508.0,,,,91.0,,,,1.0,36.81,1817,6540,,반도체와반도체장비,KOSPI
014710,2380.0,,,,122.0,,,,1.0,1757.0,1825,10600,,식품,KOSPI
002100,3392.0,,,,287.0,,,,0.9519,1582.59,1816,9300,10.5,화학,KOSPI
234080,2578.0,,,,332.0,,,,1.0,233.61,1791,11310,7.24,제약,KOSPI
000300,402.0,,,,32.0,,,,0.7235,-66.96,1740,4200,,자동차부품,KOSPI
002150,6985.0,,,,301.0,,,,1.0,1182.77,1794,5320,12.89,건설,KOSPI
213500,22900.0,23754.0,24891.0,26178.0,499.0,1188.0,1227.0,1329.0,1.0,8419.84,1795,7540,143.99,종이와목재,KOSPI
487570,14098.97,,,,464.34,,,,0.9773,1284.73,1785,47900,25.28,복합기업,KOSPI
003220,6054.0,6250.0,6507.0,6878.0,35.0,173.0,276.0,292.0,0.9574,1229.66,1767,7880,14.4,제약,KOSPI
004560,7413.0,,,,259.0,,,,1.0,-210.98,1776,11780,,비철금속,KOSPI
003610,1225.0,,,,11.0,,,,1.0,-351.27,1753,5460,,"섬유,의류,신발,호화품",KOSPI
000700,4185.0,,,,212.0,,,,0.2728,-1913.37,1740,6680,14.77,항공화물운송과물류,KOSPI
003460,360.0,,,,59.0,,,,,,1749,3085,24.01,증권,KOSPI
005960,17586.0,,,,426.0,,,,1.0,4260.97,1751,7630,,건설,KOSPI
015230,3463.0,,,,380.0,,,,1.0,-1129.55,1726,6360,5.14,기계,KOSPI
006805,292830.0,583885.0,482449.33,504779.0,19151.0,47798.0,26153.73,27203.73,0.9726,,1718,12770,18.04,증권,KOSPI
002170,1747.0,,,,184.0,,,,1.0,-2391.68,1701,56700,6.73,"섬유,의류,신발,호화품",KOSPI
016880,11507.0,,,,781.0,,,,1.0,6206.54,1698,2125,,출판,KOSPI
004380,2222.0,,,,-355.0,,,,1.0,1370.25,1724,8330,301.86,기계,KOSPI
007570,2724.0,,,,50.0,,,,0.968,868.05,1622,8500,,제약,KOSPI
013890,9132.0,5810.0,6010.0,6330.0,255.0,-670.0,140.0,150.0,1.0,1501.94,1653,7540,63.9,가구,KOSPI
090350,7711.0,,,,302.0,,,,1.0,-445.63,1642,8210,6.79,건축자재,KOSPI
000860,5986.0,,,,83.0,,,,0.7312,131.05,1637,12590,8.17,건축자재,KOSPI
003010,2417.0,,,,176.0,,,,,148.62,1612,12680,9.75,기계,KOSPI
097955,273426.0,293036.0,305031.77,316568.8,12336.0,12092.0,13996.15,15484.0,0.7027,115284.69,1650,124300,13.75,식품,KOSPI
101530,6414.0,,,,423.0,,,,0.9956,2002.02,1651,5670,7.27,식품,KOSPI
001780,5757.0,,,,349.0,,,,0.9774,4808.75,1615,1668,15.26,비철금속,KOSPI
462520,5320.0,,,,239.0,,,,0.7164,1344.8,1570,13240,5.36,비철금속,KOSPI
077500,7300.0,,,,367.0,,,,1.0,1616.01,1557,7210,8.08,반도체와반도체장비,KOSPI
001045,450188.0,473892.0,492926.11,519177.14,25277.0,25276.0,28480.0,32197.57,0.4723,168752.98,1573,69600,17.28,복합기업,KOSPI
011785,69151.0,79501.0,77695.58,78041.83,2718.0,5425.0,4421.17,4739.5,0.9999,-853.11,1548,51200,9.57,화학,KOSPI
460850,27687.0,,,,-388.0,,,,1.0,8229.57,1603,5360,12.31,철강,KOSPI
009470,2301.0,,,,120.0,,,,0.8483,-369.8,1551,23450,20.73,전기제품,KOSPI
025820,5078.0,,,,244.0,,,,,1652.86,1527,4565,196.43,비철금속,KOSPI
003830,1082.0,,,,-73.0,,,,,-583.32,1547,116500,13.46,화학,KOSPI
071840,23001.0,22542.0,23245.0,23960.0,96.0,110.0,255.0,310.0,,4655.0,1516,6420,,전문소매,KOSPI
000970,4066.0,,,,133.0,,,,0.9919,-1128.32,1534,6730,9.29,철강,KOSPI
004970,4547.0,,,,-16.0,,,,0.8748,-1741.4,1491,9320,8.09,식품,KOSPI
272550,4202.0,,,,246.0,,,,1.0,1736.45,1507,10000,9.81,포장재,KOSPI
293480,2395.0,,,,258.0,,,,,577.43,1493,8400,11.1,제약,KOSPI
271980,5672.0,,,,207.0,,,,0.7307,448.7,1485,10100,50.24,제약,KOSPI
000020,4964.0,,,,3.0,,,,1.0,911.84,1447,5180,10.45,제약,KOSPI
002210,872.0,,,,-101.0,,,,,11.35,1422,1472,,제약,KOSPI
107590,4927.0,,,,203.0,,,,0.8598,540.54,1424,61400,13.83,화학,KOSPI
004960,11492.0,,,,645.0,,,,1.0,5385.47,1437,12420,2.62,건설,KOSPI
004090,6969.0,8184.0,8505.0,9016.0,118.0,273.0,249.0,267.0,0.9677,1318.54,1428,11250,9.65,화학,KOSPI
006060,17810.0,,,,766.0,,,,1.0,6221.21,1419,2565,,"섬유,의류,신발,호화품",KOSPI
001080,1530.0,,,,-120.0,,,,,136.43,1405,4000,,철강,KOSPI
015890,7771.0,,,,554.0,,,,0.4356,983.53,1400,4790,11.78,비철금속,KOSPI
214420,2203.0,,,,144.0,,,,0.976,461.95,1383,5750,27.48,화장품,KOSPI
004150,10983.0,11532.0,,,226.0,320.0,,,1.0,2176.23,1395,3400,16.23,복합기업,KOSPI
003480,12017.0,,,,733.0,,,,0.9446,3833.86,1400,4740,12.55,가스유틸리티,KOSPI
094280,5190.0,,,,190.0,,,,1.0,231.97,1394,12060,10.6,상업서비스와공급품,KOSPI
081000,1624.0,,,,-68.0,,,,1.0,-3431.55,1363,9600,20.79,비철금속,KOSPI
001210,443.0,,,,-12.0,,,,,10.05,1322,10680,,디스플레이장비및부품,KOSPI
013520,16398.0,,,,831.0,,,,0.7565,4030.04,1329,2655,29.3,자동차부품,KOSPI
000520,2103.0,,,,-222.0,,,,1.0,1699.43,1347,6210,60.8,제약,KOSPI
008350,2589.0,,,,-33.0,,,,1.0,226.09,1359,1053,,비철금속,KOSPI
012610,3797.0,,,,163.0,,,,1.0,1686.08,1350,3245,,화학,KOSPI
004080,1026.0,,,,71.0,,,,0.9622,157.24,1307,14050,14.76,건강관리장비와용품,KOSPI
002390,5351.0,,,,33.0,,,,,3508.6,1303,9470,,제약,KOSPI
014280,8022.0,,,,105.0,,,,0.3276,4530.75,1288,4390,4.43,건축제품,KOSPI
009270,10923.0,,,,188.0,,,,1.0,2829.1,1301,1134,24.69,"섬유,의류,신발,호화품",KOSPI
210540,3828.0,,,,304.0,,,,1.0,-668.82,1286,11650,4.95,기계,KOSPI
024090,2271.0,,,,96.0,,,,,-686.97,1285,11270,,비철금속,KOSPI
214390,2641.0,,,,35.0,,,,,1441.73,1279,5350,49.49,제약,KOSPI
267290,17595.0,,,,330.0,,,,1.0,-3111.88,1282,21750,3.75,가스유틸리티,KOSPI
089470,9927.0,,,,497.0,,,,1.0,1143.73,1270,3980,6.82,자동차부품,KOSPI
011690,1651.0,,,,-26.0,,,,1.0,330.57,1266,3450,,전자장비와기기,KOSPI
001360,461.0,,,,-181.0,,,,,90.42,1269,1348,,제약,KOSPI
037560,12657.0,13330.0,13900.0,11860.0,187.0,460.0,550.0,970.0,1.0,3971.55,1265,1634,,방송과엔터테인먼트,KOSPI
007540,4090.0,,,,241.0,,,,0.5181,-596.14,1264,43950,23.41,식품,KOSPI
078000,384.0,,,,33.0,,,,1.0,-485.89,1238,13400,18.14,소프트웨어,KOSPI
009070,9867.0,,,,388.0,,,,0.9078,3097.9,1238,4125,4.36,항공화물운송과물류,KOSPI
005800,1852.0,,,,13.0,,,,1.0,-849.41,1211,13460,16.96,"섬유,의류,신발,호화품",KOSPI
017550,2294.0,,,,190.0,,,,1.0,169.87,1209,1938,7.08,기계,KOSPI
018470,4867.0,,,,138.0,,,,,1565.04,1232,973,,비철금속,KOSPI
227840,2502.0,,,,214.0,,,,1.0,-86.0,1192,13100,3.35,식품과기본식료품소매,KOSPI
079430,15462.0,14496.0,14962.0,16111.0,157.0,174.0,254.0,483.0,1.0,769.3,1227,6100,,가구,KOSPI
013570,12448.0,,,,481.0,,,,0.4683,710.55,1184,4500,8.52,자동차부품,KOSPI
083420,3041.0,,,,101.0,,,,,399.16,1186,4940,48.15,화학,KOSPI
011280,7539.0,,,,-50.0,,,,0.491,2747.1,1186,1675,33.84,포장재,KOSPI
001520,6306.0,,,,-207.0,,,,0.9903,3461.53,1190,1111,13.16,건축자재,KOSPI
002620,6576.0,,,,387.0,,,,0.4224,972.34,1188,7440,,제약,KOSPI
078935,251841.0,286613.0,281332.2,283044.0,29361.0,51701.0,36700.0,36994.0,0.8263,61654.03,1169,65700,2.98,석유와가스,KOSPI
002780,5764.0,,,,-230.0,,,,,-641.95,1138,782,3.73,건설,KOSPI
011810,6413.0,,,,-619.0,,,,,2639.98,1095,3530,,무역회사와판매업체,KOSPI
008970,2348.0,,,,-16.0,,,,,301.84,1139,1098,,철강,KOSPI
034590,9630.0,,,,191.0,,,,,-1728.98,1153,26350,6.38,가스유틸리티,KOSPI
027970,7537.0,,,,31.0,,,,1.0,1601.4,1059,2785,,종이와목재,KOSPI
014530,10217.0,,,,154.0,,,,0.8717,2540.59,1128,3235,10.25,석유와가스,KOSPI
016710,12226.0,,,,281.0,,,,0.7686,-879.48,1131,7030,1.05,가스유틸리티,KOSPI
002460,6595.0,,,,432.0,,,,0.893,706.43,1102,10860,5.23,건설,KOSPI
012800,14702.0,,,,515.0,,,,0.6467,4458.77,1105,1212,,비철금속,KOSPI
012320,2762.0,,,,188.0,,,,0.987,-722.97,1104,46700,8.04,비철금속,KOSPI
023450,1943.0,,,,94.0,,,,,213.42,1099,31400,20.14,화학,KOSPI
001290,1817.0,,,,-91.0,,,,1.0,,1094,1010,170.76,증권,KOSPI
010100,16993.0,,,,253.0,,,,1.0,960.96,1096,3600,5.98,자동차부품,KOSPI
004250,4503.0,,,,236.0,,,,1.0,895.37,1102,3000,8.75,포장재,KOSPI
123690,850.0,,,,5.0,,,,0.9834,-134.63,1088,6770,29.07,화장품,KOSPI
092220,2296.0,,,,-218.0,,,,,-124.28,1084,2700,,반도체와반도체장비,KOSPI
248170,4089.0,,,,245.0,,,,1.0,-199.15,1071,23450,12.05,식품,KOSPI
014580,3859.0,,,,408.0,,,,0.7278,351.0,1070,3880,7.63,비철금속,KOSPI
035000,4839.0,,,,275.0,,,,1.0,-489.88,1039,6410,6.37,광고,KOSPI
120030,518.0,,,,78.0,,,,,-1312.16,1044,83000,9.52,철강,KOSPI
006660,1177.0,,,,32.0,,,,0.9847,-2120.02,1056,13000,5.12,자동차부품,KOSPI
009580,7316.0,,,,-245.0,,,,,8220.83,1036,1661,,종이와목재,KOSPI
267850,1941.0,,,,121.0,,,,,-1038.79,1030,9280,19.7,IT서비스,KOSPI
008260,2479.0,,,,301.0,,,,,1891.99,1025,3585,3.42,건축자재,KOSPI
119650,1929.0,,,,-89.0,,,,,432.95,1008,918,,상업서비스와공급품,KOSPI
016740,7961.0,,,,486.0,,,,0.921,-2.59,1018,3550,5.6,자동차부품,KOSPI
002450,2244.0,,,,23.0,,,,1.0,1515.1,1035,1143,28.84,레저용장비와제품,KOSPI
264900,4448.0,,,,153.0,,,,,-252.47,1016,8110,4.75,식품,KOSPI
012200,3898.0,,,,-271.0,,,,,1119.45,1021,3750,,자동차부품,KOSPI
021820,1794.0,,,,170.0,,,,0.953,-2968.31,1008,10080,,자동차부품,KOSPI
067830,1181.0,,,,46.0,,,,,-1329.55,1010,2460,7.22,백화점과일반상점,KOSPI
070960,2501.0,,,,233.0,,,,1.0,2951.66,1011,2100,14.68,"호텔,레스토랑,레저",KOSPI
006840,32357.0,,,,-1479.0,,,,0.2641,27371.0,1000,7550,6.58,화학,KOSPI
014790,17419.0,18270.0,,,798.0,990.0,,,,6464.37,992,2620,3.14,건설,KOSPI
019180,9891.0,,,,701.0,,,,1.0,66.15,988,5490,2.21,자동차부품,KOSPI
032560,3165.0,,,,180.0,,,,0.8488,-864.96,974,5730,5.04,비철금속,KOSPI
008040,6743.0,,,,425.0,,,,,669.1,923,654,12.55,식품,KOSPI
008700,2153.0,,,,48.0,,,,1.0,-313.72,966,1252,23.82,전자제품,KOSPI
004100,6202.0,,,,224.0,,,,1.0,2328.18,965,2630,2087.84,자동차부품,KOSPI
007210,6107.0,,,,233.0,,,,0.8334,457.09,961,1471,5.41,건축자재,KOSPI
014440,1201.0,,,,193.0,,,,1.0,-472.72,938,4690,12.62,화학,KOSPI
036580,15541.0,,,,802.0,,,,0.9792,5564.36,931,2535,,식품,KOSPI
013700,2975.0,,,,238.0,,,,1.0,531.85,923,1545,28.92,건설,KOSPI
058850,10427.0,,,,298.0,,,,0.9267,-729.03,925,2235,10.49,상업서비스와공급품,KOSPI
025620,73.0,,,,-75.0,,,,1.0,255.53,917,5040,,화장품,KOSPI
001275,9655.0,,,,568.0,,,,0.9998,,912,30400,5.06,증권,KOSPI
058860,5888.0,,,,247.0,,,,,31.78,903,2595,7.54,상업서비스와공급품,KOSPI
002200,2896.0,,,,-66.0,,,,1.0,-584.65,893,2665,6.23,포장재,KOSPI
363280,792.0,,,,-346.0,,,,,1337.39,893,1963,,"호텔,레스토랑,레저",KOSPI
004140,9156.0,,,,320.0,,,,0.9895,3268.65,892,1859,6.67,항공화물운송과물류,KOSPI
006090,4174.0,,,,135.0,,,,,1144.48,858,9110,3.99,식품,KOSPI
139990,10856.0,,,,-256.0,,,,,5728.11,884,2280,,철강,KOSPI
005740,10699.0,,,,573.0,,,,0.5442,2039.07,849,5720,4.3,식품,KOSPI
023800,7179.0,,,,396.0,,,,0.9069,2732.72,862,5450,9.15,자동차부품,KOSPI
023000,3593.0,,,,99.0,,,,,-608.36,880,2215,7.38,자동차부품,KOSPI
111380,2441.0,2699.0,2824.0,2998.0,226.0,265.0,284.0,308.0,0.9723,848.8,825,13470,5.37,"섬유,의류,신발,호화품",KOSPI
004890,3479.0,,,,-28.0,,,,1.0,-1386.31,877,36150,,철강,KOSPI
007980,10290.0,,,,620.0,,,,1.0,3188.61,826,1761,17.65,"섬유,의류,신발,호화품",KOSPI
019680,6500.0,,,,-34.0,,,,0.2,1202.38,805,1000,,교육서비스,KOSPI
001020,2667.0,,,,-53.0,,,,1.0,1090.62,835,2345,5.19,종이와목재,KOSPI
001470,1110.0,,,,-266.0,,,,,-517.29,797,347,,건설,KOSPI
011700,527.0,,,,-15.0,,,,1.0,19.52,822,2535,42.35,기계,KOSPI
013360,4527.0,,,,104.0,,,,0.9992,1384.7,816,1511,19.09,건설,KOSPI
109070,854.0,,,,32.0,,,,1.0,-119.65,819,1550,,해운사,KOSPI
004840,8027.0,,,,249.0,,,,0.497,1850.59,810,4205,7.58,화학,KOSPI
002600,4882.0,,,,186.0,,,,1.0,2099.41,815,135900,291.86,식품,KOSPI
000105,21866.0,23466.0,25638.33,28680.2,1044.0,1300.0,2044.33,3025.67,1.0,-959.87,808,70400,41.11,제약,KOSPI
069730,2266.0,,,,280.0,,,,1.0,75.93,792,5500,4.65,철강,KOSPI
055490,1411.0,,,,25.0,,,,1.0,113.01,792,16550,16.89,전자장비와기기,KOSPI
163560,3646.0,,,,186.0,,,,1.0,145.16,791,5690,9.0,화학,KOSPI
000590,1349.0,,,,202.0,,,,0.823,-2373.77,786,68100,4.31,철강,KOSPI
000850,2218.0,,,,42.0,,,,1.0,-322.18,792,36000,6.59,기계,KOSPI
015590,1334.0,,,,100.0,,,,1.0,-197.97,790,1480,23.73,기계,KOSPI
096775,802961.0,1041172.0,953858.83,954075.42,4487.0,87325.0,45473.17,43849.75,0.8956,261185.73,784,62800,53.47,석유와가스,KOSPI
002220,1964.0,,,,32.0,,,,0.2,757.3,782,2930,86145.26,철강,KOSPI
009180,6746.0,7565.0,8280.0,8830.0,207.0,257.0,280.0,300.0,1.0,149.94,784,2785,3.65,항공화물운송과물류,KOSPI
063160,1601.0,,,,36.0,,,,,1473.5,776,14140,,제약,KOSPI
210980,4458.0,,,,378.0,,,,1.0,8675.39,778,4180,3.92,부동산,KOSPI
005750,3006.0,,,,186.0,,,,0.9904,480.02,772,4650,,건축제품,KOSPI
003580,1003.0,,,,-99.0,,,,,159.99,774,1528,,판매업체,KOSPI
084680,887.0,,,,-32.0,,,,,1366.15,759,535,,"섬유,의류,신발,호화품",KOSPI
007590,1790.0,,,,127.0,,,,0.9983,300.9,767,5630,7.14,화학,KOSPI
000230,5909.0,,,,149.0,,,,0.5065,1161.08,769,6660,,제약,KOSPI
001260,3574.0,,,,114.0,,,,1.0,23.47,768,7810,12.58,건설,KOSPI
010960,4097.0,,,,145.0,,,,1.0,-833.59,756,3135,5.62,건설,KOSPI
013870,7873.0,,,,242.0,,,,1.0,1941.98,742,3890,7.88,자동차부품,KOSPI
014160,2837.0,,,,9.0,,,,,352.59,742,685,15.54,포장재,KOSPI
004720,1731.0,,,,60.0,,,,,-193.54,737,3255,16.61,제약,KOSPI
031820,10952.0,,,,236.0,,,,0.5705,259.39,737,6090,23.39,IT서비스,KOSPI
011150,1921.0,,,,-9.0,,,,1.0,411.51,737,2050,23.95,식품,KOSPI
084670,1252.0,,,,51.0,,,,1.0,708.01,734,25350,,도로와철도운송,KOSPI
007610,382.0,,,,12.0,,,,1.0,76.93,725,4030,,전기장비,KOSPI
000180,1272.0,,,,-69.0,,,,,315.79,732,5250,,종이와목재,KOSPI
002720,1755.0,,,,62.0,,,,0.9988,156.65,724,3420,,제약,KOSPI
002795,46232.0,,,,3680.0,,,,0.4246,-16403.41,721,11300,23.54,화장품,KOSPI
095720,7974.0,,,,-105.0,,,,,2156.75,723,1273,,교육서비스,KOSPI
085310,1301.0,,,,-6.0,,,,1.0,-570.05,710,9570,1.35,조선,KOSPI
009770,1486.0,,,,-14.0,,,,,-1453.09,706,28250,4.76,가정용품,KOSPI
120115,48734.0,53155.0,55417.5,57748.5,1089.0,2780.0,2985.83,3361.83,0.951,22920.57,703,25400,31.52,화학,KOSPI
001560,789.0,,,,42.0,,,,0.9992,-342.61,698,9180,7.97,비철금속,KOSPI
155660,3024.0,,,,193.0,,,,1.0,614.63,709,4430,3.95,비철금속,KOSPI
058730,2732.0,,,,21.0,,,,0.986,758.83,693,3420,5.81,건축자재,KOSPI
079980,8895.0,,,,198.0,,,,1.0,3229.71,697,2020,,"섬유,의류,신발,호화품",KOSPI
004770,124.0,,,,22.0,,,,,-572.03,691,1945,21.4,전자장비와기기,KOSPI
214330,3854.0,,,,62.0,,,,,-356.4,686,6560,,자동차부품,KOSPI
002700,1940.0,,,,52.0,,,,,-204.25,691,1008,126.45,가정용기기와용품,KOSPI
017370,3886.0,,,,209.0,,,,1.0,898.84,686,3745,21.79,자동차부품,KOSPI
004440,2231.0,,,,50.0,,,,,527.25,682,5360,26.94,건축자재,KOSPI
009190,2235.0,,,,56.0,,,,1.0,115.99,658,1497,,철강,KOSPI
007280,7671.0,,,,117.0,,,,,2136.58,662,2310,3.87,철강,KOSPI
018500,6262.0,6595.0,,,420.0,350.0,,,1.0,2031.28,673,1439,4.48,자동차부품,KOSPI
010040,4063.0,,,,28.0,,,,1.0,238.88,661,1609,,비철금속,KOSPI
016090,2405.0,,,,71.0,,,,,-530.45,653,1475,3.82,"섬유,의류,신발,호화품",KOSPI
005870,1372.0,,,,-120.0,,,,,-24.32,652,4620,4.86,우주항공과국방,KOSPI
010660,2145.0,,,,2.0,,,,,-177.07,634,2880,110.85,기계,KOSPI
009200,12649.0,,,,60.0,,,,0.8243,11898.49,640,1538,27.44,종이와목재,KOSPI
071090,2566.0,,,,-33.0,,,,1.0,533.61,631,3125,50.75,철강,KOSPI
068290,403.0,,,,-8.0,,,,,-160.87,635,6350,22.79,출판,KOSPI
100220,2688.0,,,,216.0,,,,1.0,725.22,643,4945,,교육서비스,KOSPI
072130,616.0,,,,34.0,,,,0.9993,-86.14,618,4865,33.13,IT서비스,KOSPI
002760,501.0,,,,22.0,,,,,-64.13,611,1020,91.41,식품,KOSPI
006890,613.0,,,,21.0,,,,1.0,159.27,609,5250,9.2,화학,KOSPI
092440,1313.0,1193.0,,,10.0,-37.0,,,1.0,-453.0,591,2025,51.24,기계,KOSPI
020760,578.0,,,,-49.0,,,,1.0,141.25,555,902,,디스플레이패널,KOSPI
007460,1180.0,,,,-956.0,,,,,1382.82,593,2390,,제약,KOSPI
000220,1409.0,,,,110.0,,,,0.8944,1.91,608,3860,,제약,KOSPI
111110,5209.0,,,,250.0,,,,1.0,1981.24,588,6490,4.48,"섬유,의류,신발,호화품",KOSPI
000725,310629.0,269155.0,285921.37,307392.47,6530.0,8707.0,11267.42,13735.47,0.7654,6231.61,581,55100,7.32,건설,KOSPI
129260,7090.0,,,,198.0,,,,0.9374,756.35,585,1968,5.26,해운사,KOSPI
001465,1632.0,,,,266.0,,,,0.9995,-523.46,580,26950,15.13,"섬유,의류,신발,호화품",KOSPI
007815,15097.0,18133.0,,,538.0,1422.0,,,,1868.81,579,19530,,전자장비와기기,KOSPI
001550,997.0,,,,38.0,,,,,529.92,577,11120,,화학,KOSPI
000950,408.0,,,,-73.0,,,,1.0,-908.29,574,34150,,"섬유,의류,신발,호화품",KOSPI
378850,7146.0,,,,271.0,,,,1.0,1413.43,572,3010,3.25,자동차부품,KOSPI
003925,9141.0,,,,52.0,,,,1.0,-71.08,569,30100,,식품,KOSPI
004450,1629.0,,,,68.0,,,,1.0,516.57,573,26600,,포장재,KOSPI
075180,1387.0,,,,-7.0,,,,1.0,-1237.56,568,2960,23.64,자동차부품,KOSPI
024900,17381.0,,,,32.0,,,,1.0,-296.09,553,1699,15.52,자동차부품,KOSPI
003475,34613.0,,,,994.0,,,,1.0,,546,4265,8.41,증권,KOSPI
002410,718.0,,,,-513.0,,,,,871.4,532,1935,,건설,KOSPI
101140,63.0,,,,-43.0,,,,,17.1,550,5480,12.95,전자장비와기기,KOSPI
002140,2973.0,,,,137.0,,,,0.9984,939.25,546,2190,23.13,식품,KOSPI
003465,360.0,,,,59.0,,,,,,537,3075,24.01,증권,KOSPI
012690,1240.0,,,,3.0,,,,,-148.75,548,1498,10.5,가정용품,KOSPI
010770,8837.0,,,,349.0,,,,0.769,1264.29,538,3680,5.76,자동차부품,KOSPI
025530,2058.0,,,,106.0,,,,0.5779,-1334.69,544,3640,5.79,자동차부품,KOSPI
123700,2014.0,,,,113.0,,,,1.0,-987.22,536,3435,3.22,자동차부품,KOSPI
006880,1878.0,,,,103.0,,,,1.0,1023.0,530,4480,8.17,식품과기본식료품소매,KOSPI
021050,17136.0,,,,533.0,,,,1.0,5839.26,536,1129,,비철금속,KOSPI
090080,6261.0,,,,133.0,,,,1.0,442.24,534,972,20.06,자동차부품,KOSPI
004830,1465.0,,,,62.0,,,,1.0,87.73,528,3370,23.82,"섬유,의류,신발,호화품",KOSPI
023810,5864.0,,,,198.0,,,,0.6611,3554.51,520,5200,8.18,자동차부품,KOSPI
005305,39711.0,41025.0,42565.75,44115.67,1672.0,2019.0,2277.17,2477.78,0.9458,14544.81,530,68300,8.89,음료,KOSPI
011000,230.0,,,,-440.0,,,,,343.75,485,2670,,생물공학,KOSPI
011390,1075.0,,,,-28.0,,,,0.6458,1026.3,525,49700,19.02,건축자재,KOSPI
002630,294.0,298.0,,,-31.0,-41.0,,,,-368.88,521,879,5.51,생물공학,KOSPI
003780,907.0,,,,84.0,,,,1.0,259.79,508,3905,10.53,화학,KOSPI
372910,921.0,1322.0,1407.0,1454.0,-7.0,54.0,68.0,74.0,0.9771,-398.17,512,1850,152.18,건강관리장비와용품,KOSPI
006980,6130.0,,,,194.0,,,,1.0,881.9,485,15690,5.54,식품,KOSPI
011230,296.0,,,,-78.0,,,,,326.27,510,2660,,전자장비와기기,KOSPI
004410,686.0,,,,-5.0,,,,,208.29,500,1267,,식품,KOSPI
027740,3689.0,,,,20.0,,,,,456.98,484,1525,,식품,KOSPI
069460,2156.0,,,,35.0,,,,1.0,431.07,463,2660,21.84,비철금속,KOSPI
006125,101640.0,,,,3614.0,,,,0.8943,41141.98,483,39250,4.19,석유와가스,KOSPI
084870,1824.0,,,,32.0,,,,0.5706,116.44,487,2380,5.49,"섬유,의류,신발,호화품",KOSPI
011300,247.0,,,,-23.0,,,,,390.89,481,2790,,"섬유,의류,신발,호화품",KOSPI
001620,8080.0,,,,186.0,,,,0.9997,2200.83,479,2150,8.42,자동차부품,KOSPI
009320,1518.0,,,,63.0,,,,1.0,449.14,475,963,282.51,자동차부품,KOSPI
041650,5423.0,,,,-14.0,,,,0.9354,1918.08,482,2245,5.57,자동차부품,KOSPI
005030,1954.0,,,,6.0,,,,,1111.15,451,486,,자동차부품,KOSPI
004920,414.0,,,,20.0,,,,1.0,96.54,478,916,,컴퓨터와주변기기,KOSPI
000910,2024.0,,,,55.0,,,,0.9136,1402.65,470,3010,11.82,건축자재,KOSPI
074610,295.0,,,,-28.0,,,,1.0,146.57,448,5110,,기계,KOSPI
004910,2027.0,,,,-195.0,,,,1.0,1444.53,469,3665,16.89,건축자재,KOSPI
007110,545.0,,,,7.0,,,,,50.98,459,593,50.69,건축자재,KOSPI
480370,2910.0,,,,-366.0,,,,1.0,-147.82,467,1438,,기계,KOSPI
004060,1323.0,,,,-15.0,,,,1.0,-128.36,467,2305,,"섬유,의류,신발,호화품",KOSPI
002920,3046.0,,,,-300.0,,,,0.7096,-1106.75,453,1745,7.63,자동차부품,KOSPI
009835,133331.0,180318.0,189373.38,199081.62,-3648.0,8072.0,11709.0,13844.54,0.9897,128985.87,454,17860,,에너지장비및서비스,KOSPI
014990,1046.0,,,,12.0,,,,,423.85,457,3045,,"섬유,의류,신발,호화품",KOSPI
003080,643.0,,,,-81.0,,,,1.0,149.33,445,2225,45.92,화학,KOSPI
008420,1379.0,,,,-10.0,,,,,39.76,444,2165,3.45,철강,KOSPI
092780,4593.0,,,,167.0,,,,0.9657,1672.87,444,3370,8.38,자동차부품,KOSPI
019490,53.0,,,,-60.0,,,,,14.61,413,541,,통신장비,KOSPI
023350,4129.0,,,,60.0,,,,1.0,-310.47,442,4040,4.77,건설,KOSPI
014910,537.0,,,,17.0,,,,0.9921,211.19,444,2030,,전기제품,KOSPI
004540,5082.0,,,,-226.0,,,,,3351.1,440,1181,,종이와목재,KOSPI
017040,959.0,,,,-100.0,,,,,212.08,404,932,9.8,전기장비,KOSPI
011330,1062.0,,,,-6.0,,,,,744.0,431,4305,,자동차부품,KOSPI
446070,1575.0,,,,-92.0,,,,,-636.38,422,3980,87.43,건축자재,KOSPI
026940,1799.0,,,,3.0,,,,,-219.32,422,2110,23.45,철강,KOSPI
017180,1952.0,,,,68.0,,,,1.0,628.42,410,1208,,제약,KOSPI
011420,403.0,,,,40.0,,,,,-23.19,421,1527,27.15,레저용장비와제품,KOSPI
000215,53267.0,55386.0,55391.5,56050.0,2985.0,6496.0,6105.0,6170.0,0.9294,45447.6,400,23750,,화학,KOSPI
012160,4335.0,,,,-132.0,,,,,1174.84,411,2630,,철강,KOSPI
006370,531.0,,,,-150.0,,,,,2575.17,420,3885,,백화점과일반상점,KOSPI
012280,3514.0,,,,152.0,,,,,737.46,406,4100,6.28,자동차부품,KOSPI
000760,463.0,,,,-2.0,,,,,-10.62,396,14130,,화학,KOSPI
134790,1957.0,,,,-67.0,,,,1.0,-50.02,394,19700,23.65,가구,KOSPI
047400,1019.0,,,,54.0,,,,1.0,953.01,399,950,,자동차부품,KOSPI
008870,2524.0,,,,34.0,,,,0.5636,908.25,391,39100,,포장재,KOSPI
000890,899.0,,,,38.0,,,,,177.46,364,1316,,음료,KOSPI
023960,1723.0,,,,-50.0,,,,1.0,321.06,380,1000,,건설,KOSPI
010640,466.0,,,,18.0,,,,,491.53,366,2190,17.88,화학,KOSPI
013000,327.0,,,,24.0,,,,,-438.69,357,1245,15.15,화학,KOSPI
143210,7848.0,,,,-387.0,,,,,4153.8,336,1199,,자동차부품,KOSPI
049800,2116.0,,,,29.0,,,,1.0,1248.52,353,1765,10.03,기계,KOSPI
004365,12418.0,,,,273.0,,,,1.0,-97.25,348,9430,4.03,항공화물운송과물류,KOSPI
008250,2973.0,,,,-38.0,,,,,1201.29,360,3285,,건축자재,KOSPI
002880,6334.0,,,,302.0,,,,1.0,1078.11,352,753,,자동차부품,KOSPI
133820,1862.0,,,,-17.0,,,,,878.52,357,963,,철강,KOSPI
005820,897.0,,,,44.0,,,,0.7194,-412.05,350,15210,5.83,포장재,KOSPI
009140,361.0,,,,10.0,,,,1.0,-544.71,346,22050,5.78,전자제품,KOSPI
009460,2670.0,,,,-52.0,,,,,1354.52,348,2915,,포장재,KOSPI
002870,242.0,,,,-23.0,,,,1.0,-477.88,341,975,,포장재,KOSPI
003535,30946.0,,,,1477.0,,,,1.0,,337,7020,82.09,증권,KOSPI
007120,141.0,,,,38.0,,,,,-98.97,328,1202,,IT서비스,KOSPI
010400,1645.0,,,,50.0,,,,1.0,0.87,321,4210,20.16,건설,KOSPI
001070,1583.0,,,,7.0,,,,1.0,270.51,316,5970,,"섬유,의류,신발,호화품",KOSPI
308170,4615.0,,,,58.0,,,,,1873.26,312,3625,,자동차부품,KOSPI
069640,2489.0,,,,-121.0,,,,,1675.14,313,1439,,"섬유,의류,신발,호화품",KOSPI
036420,10833.0,,,,88.0,,,,,12504.69,311,1614,,방송과엔터테인먼트,KOSPI
023150,947.0,,,,95.0,,,,0.8955,525.97,305,4135,10.79,음료,KOSPI
006570,1262.0,,,,-96.0,,,,,812.64,306,2010,,건축제품,KOSPI
003680,3184.0,,,,58.0,,,,,993.82,306,4935,22.35,식품,KOSPI
025750,2798.0,,,,23.0,,,,,701.81,306,1901,,건축자재,KOSPI
019175,2347.0,,,,143.0,,,,1.0,-190.16,300,15060,,제약,KOSPI
024070,1033.0,,,,-7.0,,,,1.0,-261.74,305,1989,,화학,KOSPI
090370,813.0,,,,-72.0,,,,,896.89,299,1095,,상업서비스와공급품,KOSPI
051630,186.0,,,,-7.0,,,,,-26.96,299,1410,,화학,KOSPI
009810,2509.0,,,,-44.0,,,,,-188.61,298,1895,,판매업체,KOSPI
002690,1473.0,,,,-35.0,,,,,-603.2,300,1476,,철강,KOSPI
001380,935.0,,,,50.0,,,,1.0,-15.58,294,1308,3.45,자동차부품,KOSPI
003060,732.0,,,,-604.0,,,,,1881.39,297,1857,,제약,KOSPI
005110,80.0,,,,-78.0,,,,0.9805,219.04,265,1254,,부동산,KOSPI
118000,328.0,,,,13.0,,,,1.0,628.98,286,1298,,제약,KOSPI
014130,6298.0,,,,-36.0,,,,0.9762,2230.68,293,2480,,항공화물운송과물류,KOSPI
006490,1056.0,,,,41.0,,,,1.0,64.31,266,898,,무선통신서비스,KOSPI
033250,938.0,,,,75.0,,,,1.0,111.65,288,4500,18.81,자동차부품,KOSPI
025890,399.0,,,,-2.0,,,,,59.3,280,2515,13.76,철강,KOSPI
005320,2315.0,,,,-19.0,,,,,143.41,270,790,,"섬유,의류,신발,호화품",KOSPI
005360,1310.0,,,,-59.0,,,,,683.29,259,1368,,문구류,KOSPI
006345,6245.0,,,,94.0,,,,0.6795,162.83,260,9920,8.98,전기장비,KOSPI
004870,50.0,,,,-36.0,,,,,89.15,256,1130,10.81,건축자재,KOSPI
088790,476.0,,,,40.0,,,,,-66.95,262,2105,5.78,"섬유,의류,신발,호화품",KOSPI
000040,138.0,,,,-29.0,,,,,577.08,256,1481,,자동차,KOSPI
003495,252255.0,282575.0,280124.27,287559.09,11136.0,11594.0,22211.36,25969.91,1.0,192096.56,243,21900,8.32,항공사,KOSPI
011090,2152.0,,,,5.0,,,,0.9903,282.75,254,2140,,가구,KOSPI
006740,933.0,,,,-158.0,,,,,1001.39,254,5340,,종이와목재,KOSPI
002355,31896.0,34737.0,36173.81,37878.93,1703.0,1772.0,2132.25,2400.21,0.997,12956.47,254,3900,8.15,자동차부품,KOSPI
093240,1667.0,1778.04,,,66.0,84.15,,,1.0,526.73,241,393,22.77,"섬유,의류,신발,호화품",KOSPI
030720,1726.0,,,,88.0,,,,1.0,390.11,252,5420,,식품,KOSPI
009310,598.0,,,,-75.0,,,,,-1965.41,233,5330,,디스플레이장비및부품,KOSPI
071950,622.0,,,,-57.0,,,,,213.32,240,1660,,가구,KOSPI
004270,775.0,,,,2.0,,,,1.0,685.54,225,4935,,전자장비와기기,KOSPI
002070,2224.0,,,,-50.0,,,,,852.93,233,4855,,"섬유,의류,신발,호화품",KOSPI
008775,40683.0,40123.0,41498.31,43757.33,135.0,1976.0,2457.92,2836.08,1.0,9742.49,220,29200,30.43,백화점과일반상점,KOSPI
015020,164.0,,,,-4.0,,,,,315.28,199,928,,부동산,KOSPI
465770,1914.0,,,,-125.0,,,,1.0,866.05,214,2965,20.56,해운사,KOSPI
001685,44013.0,44700.0,46512.5,47220.0,1693.0,1830.0,2044.0,2060.0,0.9841,10797.32,200,14630,11.14,식품,KOSPI
108675,31787.0,34312.0,34719.33,36103.0,131.0,1398.0,1256.67,1398.0,1.0,5858.28,194,18775,7.06,건축자재,KOSPI
002820,2724.0,,,,-179.0,,,,,1460.62,194,1605,,종이와목재,KOSPI
008600,1883.0,,,,-210.0,,,,,1445.61,176,2620,,"섬유,의류,신발,호화품",KOSPI
009440,860.0,,,,-16.0,,,,1.0,46.45,176,756,,상업서비스와공급품,KOSPI
006200,2759.0,,,,-141.0,,,,,-300.65,184,1969,,반도체와반도체장비,KOSPI
002360,986.0,,,,-122.0,,,,,20.91,173,1557,,화학,KOSPI
001420,149.0,,,,-10.0,,,,,-346.27,174,2295,,자동차부품,KOSPI
002025,58861.0,,,,605.0,,,,1.0,23440.16,155,13360,27.83,복합기업,KOSPI
005725,35865.0,,,,2042.0,,,,0.5127,12586.84,160,4450,5.72,자동차부품,KOSPI
000087,24986.0,24573.0,25063.43,25629.17,1723.0,1911.0,2027.0,2160.83,1.0,7752.29,140,12360,44.98,음료,KOSPI
005257,24515.0,,,,362.0,,,,,15833.53,150,17760,,제약,KOSPI
012170,59.0,,,,-43.0,,,,,-111.51,150,3705,,방송과엔터테인먼트,KOSPI
001795,13563.0,,,,566.0,,,,0.9985,893.29,141,2170,9.39,식품,KOSPI
024890,1264.0,,,,9.0,,,,0.996,728.69,143,1739,,"섬유,의류,신발,호화품",KOSPI
001770,1004.0,,,,27.0,,,,,32.25,150,12350,232.95,철강,KOSPI
019685,6500.0,,,,-34.0,,,,0.2,1202.38,116,598,,교육서비스,KOSPI
015260,1175.0,,,,-73.0,,,,,495.43,132,280,,전자장비와기기,KOSPI
044380,626.0,,,,-17.0,,,,,-102.53,129,928,,컴퓨터와주변기기,KOSPI
145995,25625.0,,,,1117.0,,,,0.8903,6948.15,123,33150,4.46,식품,KOSPI
084695,56288.0,,,,1998.0,,,,0.2547,14733.49,108,11800,23.46,식품,KOSPI
145210,802.0,,,,-6.0,,,,,395.49,95,2240,,자동차부품,KOSPI
004105,6202.0,,,,224.0,,,,1.0,2328.18,104,3150,2087.84,자동차부품,KOSPI
004255,4503.0,,,,236.0,,,,1.0,895.37,98,1847,8.75,포장재,KOSPI
001755,9090.0,,,,753.0,,,,,,92,19490,3.5,증권,KOSPI
001067,7753.0,,,,945.0,,,,1.0,-303.34,101,47900,23.92,제약,KOSPI
003075,26844.0,29268.0,32974.0,35060.0,37.0,1313.0,1531.0,1770.0,0.9925,7995.13,96,13010,801.71,건설,KOSPI
001515,14047.0,,,,78.0,,,,1.0,,85,4335,119.72,증권,KOSPI
000225,1409.0,,,,110.0,,,,0.8944,1.91,84,3695,,제약,KOSPI
001065,7753.0,,,,945.0,,,,1.0,-303.34,80,23250,23.92,제약,KOSPI
004985,12163.0,,,,437.0,,,,0.9988,4230.66,62,8440,3.22,건축자재,KOSPI
002995,20185.0,21520.0,23570.0,24780.0,471.0,750.0,1040.0,1300.0,0.9932,14.34,65,22200,174.44,건설,KOSPI
012205,3898.0,,,,-271.0,,,,,1119.45,68,5780,,자동차부품,KOSPI
004835,1465.0,,,,62.0,,,,1.0,87.73,59,4225,23.82,"섬유,의류,신발,호화품",KOSPI
000325,12393.0,,,,645.0,,,,0.5537,-1102.96,67,27650,6.09,건축자재,KOSPI
002787,5764.0,,,,-230.0,,,,,-641.95,9,2895,3.73,건설,KOSPI
009415,21745.0,,,,528.0,,,,0.666,9516.19,44,6760,,건설,KOSPI
090355,7711.0,,,,302.0,,,,1.0,-445.63,54,11750,6.79,건축자재,KOSPI
002785,5764.0,,,,-230.0,,,,,-641.95,11,1336,3.73,건설,KOSPI
005965,17586.0,,,,426.0,,,,1.0,4260.97,39,17150,,건설,KOSPI
007575,2724.0,,,,50.0,,,,0.968,868.05,37,8240,,제약,KOSPI
014825,13729.0,,,,662.0,,,,0.999,2862.38,36,13710,15.72,포장재,KOSPI
000545,35328.0,,,,1875.0,,,,,,41,5330,0.68,손해보험,KOSPI
000145,24845.0,,,,1833.0,,,,0.4896,13971.48,43,9190,230.21,음료,KOSPI
008355,2589.0,,,,-33.0,,,,,226.09,24,7900,,비철금속,KOSPI
014285,8022.0,,,,105.0,,,,0.3276,4530.75,31,5320,4.43,건축제품,KOSPI
005745,10699.0,,,,573.0,,,,0.5442,2039.07,32,5370,4.3,식품,KOSPI
001527,6306.0,,,,-207.0,,,,0.9903,3461.53,14,6570,13.16,건축자재,KOSPI
004545,5082.0,,,,-226.0,,,,,3351.1,16,4460,,종이와목재,KOSPI
001525,6306.0,,,,-207.0,,,,0.9903,3461.53,24,9150,13.16,건축자재,KOSPI
000227,1409.0,,,,110.0,,,,0.8944,1.91,24,7480,,제약,KOSPI
011155,1921.0,,,,-9.0,,,,1.0,411.51,14,7200,23.95,식품,KOSPI
004415,686.0,,,,-5.0,,,,,208.29,12,5470,,식품,KOSPI
014915,537.0,,,,17.0,,,,0.9921,211.19,28,4620,,전기제품,KOSPI
036930,3107.0,3571.0,5381.0,7559.5,313.0,484.0,1371.5,2472.0,1.0,-786.83,82179,176800,48.53,반도체와반도체장비,KOSDAQ
247540,25316.0,25721.0,36111.86,49413.92,1433.0,812.0,1589.93,2734.0,0.6427,24138.84,115636,118200,,전기제품,KOSDAQ
039030,3809.0,4913.0,6484.0,7113.5,808.0,1332.0,2143.5,2373.0,0.9954,-3307.95,49093,398500,51.43,반도체와반도체장비,KOSDAQ
240810,9098.0,12471.0,16212.86,19240.71,738.0,1839.0,2755.67,3478.33,1.0,-3952.03,54532,111100,,반도체와반도체장비,KOSDAQ
196170,2159.0,4360.0,6585.25,8205.75,1069.0,2642.0,4463.0,5872.75,0.9904,-3420.94,222896,320000,,생물공학,KOSDAQ
086520,34130.0,,,,2138.0,,,,0.3772,31616.86,122470,90200,336.78,화학,KOSDAQ
222800,14106.0,20827.0,25013.25,28930.88,119.0,2538.0,4227.5,5469.5,0.9993,6473.13,46632,122800,,전자장비와기기,KOSDAQ
058470,3725.0,4600.0,5459.0,6349.0,1770.0,2230.0,2630.33,3057.33,,-4266.01,50910,66800,27.83,반도체와반도체장비,KOSDAQ
028300,842.0,,,,-1042.0,,,,,2425.88,47951,36000,,건강관리장비와용품,KOSDAQ
403870,1730.0,2486.0,3583.75,4531.0,899.0,1386.0,2035.75,2644.75,,-2108.04,42055,51100,44.33,반도체와반도체장비,KOSDAQ
277810,341.0,710.0,1590.0,3140.0,-25.0,120.0,670.0,1310.0,1.0,-689.61,88463,456000,,기계,KOSDAQ
214450,5363.0,6967.0,8496.73,10190.43,2144.0,2712.0,3375.53,4062.43,0.9917,-3746.45,47948,461500,14.64,건강관리장비와용품,KOSDAQ
087010,56.0,,,,-213.0,,,,,-440.15,44863,192400,,생물공학,KOSDAQ
298380,793.0,262.0,490.5,1177.0,-404.0,-750.0,-509.5,-138.0,,-1116.35,43054,76900,,생물공학,KOSDAQ
319660,4572.0,6807.0,8274.17,9453.6,885.0,1857.0,2321.5,2609.8,1.0,-2703.36,37251,128600,11.61,반도체와반도체장비,KOSDAQ
095340,2202.0,3126.0,3996.67,4889.4,601.0,1020.0,1403.67,1721.4,0.997,-3226.9,36756,173400,111.45,반도체와반도체장비,KOSDAQ
141080,1416.0,1919.0,2246.8,4263.33,-1065.0,-985.0,-948.0,1397.67,0.903,-3790.96,37390,101000,,제약,KOSDAQ
000250,2318.0,,,,85.0,,,,0.4374,-592.27,40112,171000,,제약,KOSDAQ
108490,389.0,634.0,1179.25,2059.86,33.0,-23.0,237.75,510.57,0.9817,-2343.16,35480,242000,,기계,KOSDAQ
145020,4251.0,5380.0,6578.79,8004.85,2009.0,2192.0,2847.71,3631.77,0.9657,-5775.76,32414,259000,19.88,생물공학,KOSDAQ
257720,11163.0,16109.0,20521.3,24775.11,2054.0,2956.0,3766.7,4587.78,1.0,505.01,34952,53300,12.23,인터넷과카탈로그소매,KOSDAQ
440110,924.0,3853.0,7711.0,9809.0,-655.0,880.0,2170.0,2874.0,0.9985,-155.41,31720,63300,,반도체와반도체장비,KOSDAQ
310210,75.0,,,,-544.0,,,,,-588.45,31972,172600,,제약,KOSDAQ
084370,3503.0,5000.0,6717.0,7240.0,517.0,1023.0,1669.0,1800.0,0.9804,-3301.69,30707,134000,38.26,반도체와반도체장비,KOSDAQ
214370,728.0,,,,204.0,,,,1.0,-355.61,28415,52900,36.99,건강관리업체및서비스,KOSDAQ
095610,3511.0,4743.0,6083.86,7621.0,578.0,1042.0,1409.83,1870.8,1.0,-1629.64,27627,142700,253.73,반도체와반도체장비,KOSDAQ
080220,3022.0,,,,359.0,,,,1.0,-135.3,26418,76700,28.21,반도체와반도체장비,KOSDAQ
357780,9234.0,11891.0,14531.86,17422.6,1336.0,2014.0,2725.29,3656.4,0.9586,-2201.36,26953,346500,18.14,반도체와반도체장비,KOSDAQ
319400,3939.0,,,,182.0,,,,1.0,409.52,26452,23750,94.17,기계,KOSDAQ
064760,3013.0,4082.0,5066.0,6201.17,839.0,1236.0,1677.17,2108.83,,-2920.01,26663,238500,21.22,반도체와반도체장비,KOSDAQ
131290,4289.0,6942.0,8712.75,10575.33,492.0,1876.0,2419.75,3054.0,0.9009,-732.88,26382,238500,4523.94,반도체와반도체장비,KOSDAQ
347850,43.0,,,,-340.0,,,,1.0,-266.39,25486,55600,,생물공학,KOSDAQ
031980,2078.0,2748.0,3725.0,4604.33,734.0,1086.0,1513.33,1910.33,1.0,-2002.49,25896,120100,13.61,반도체와반도체장비,KOSDAQ
237690,3317.0,4177.0,5185.77,6217.31,549.0,753.0,1028.46,1336.31,0.9958,-1209.56,23006,110200,65.13,제약,KOSDAQ
178320,10663.0,18407.0,24342.33,28006.0,11.0,635.0,2904.0,3491.5,0.9947,12855.38,24792,38950,,전기장비,KOSDAQ
067310,15344.0,24401.0,27838.67,30083.5,1277.0,3827.0,4226.0,4731.0,0.7969,9297.05,23505,35350,,반도체와반도체장비,KOSDAQ
032820,871.0,,,,-55.0,,,,0.9994,1661.95,21615,12510,38.81,우주항공과국방,KOSDAQ
058610,3417.0,3597.0,3990.4,4706.5,179.0,212.0,283.2,343.25,0.942,209.0,20558,92700,72.61,전기제품,KOSDAQ
010170,1394.0,1998.0,2587.5,2771.0,-214.0,10.0,187.0,222.0,1.0,825.25,22250,14310,,통신장비,KOSDAQ
226950,147.0,,,,-300.0,,,,,-1933.29,22306,105900,,생명과학도구및서비스,KOSDAQ
005290,11941.0,,,,1724.0,,,,1.0,1638.29,21611,42400,15.63,반도체와반도체장비,KOSDAQ
140410,79.0,,,,-168.0,,,,,-229.92,21190,69200,,식품,KOSDAQ
214150,3368.0,4401.0,5552.44,6767.81,1706.0,1925.0,2548.88,3206.56,1.0,122.67,21691,33250,32.94,건강관리장비와용품,KOSDAQ
060370,2442.0,3249.0,4433.5,5281.5,70.0,191.0,534.5,807.0,1.0,-1998.23,17657,33800,24.62,건설,KOSDAQ
083650,7741.0,11694.0,14322.33,17089.5,755.0,1463.0,1764.0,2224.0,1.0,59.88,20238,65400,30.38,에너지장비및서비스,KOSDAQ
140860,2056.0,2409.0,2863.13,3329.0,422.0,502.0,666.88,803.0,0.9994,-346.99,18977,271000,49.15,전자장비와기기,KOSDAQ
089030,1591.0,3718.0,5597.0,,158.0,985.0,1729.0,,1.0,2711.75,18490,49900,,반도체와반도체장비,KOSDAQ
068760,5364.0,,,,561.0,,,,,363.36,18915,42600,180.37,제약,KOSDAQ
098460,2326.0,3401.0,3956.25,4448.14,173.0,568.0,749.75,904.0,0.9997,-1469.29,19575,28700,51.82,전자장비와기기,KOSDAQ
263750,3656.0,7995.0,4644.67,6227.0,-148.0,3930.0,1404.83,2262.8,1.0,-2786.04,20424,32500,163.71,게임엔터테인먼트,KOSDAQ
041510,11749.0,12605.0,13713.35,14738.93,1830.0,1887.0,2167.59,2421.2,0.931,-4490.5,17354,75800,25.14,방송과엔터테인먼트,KOSDAQ
030530,6230.0,,,,-4.0,,,,0.543,3696.65,14737,19080,,반도체와반도체장비,KOSDAQ
950160,52.0,60.0,60.0,1010.0,-223.0,-290.0,-450.0,-300.0,,-25.3,15898,18710,,생물공학,KOSDAQ
183300,6041.0,7100.0,8430.0,9870.0,1110.0,1200.0,1600.0,2000.0,0.6429,5404.46,13046,25400,21.02,반도체와반도체장비,KOSDAQ
131970,3039.0,3382.0,4734.75,5320.75,-9.0,384.0,1036.5,1289.5,,1144.96,15790,81700,20.64,반도체와반도체장비,KOSDAQ
241710,6409.0,8430.0,9733.11,11090.5,835.0,1144.0,1366.67,1595.38,0.8604,1419.95,16437,153900,17.37,화장품,KOSDAQ
089970,1444.0,3108.0,4202.0,4814.33,247.0,922.0,1380.0,1638.67,1.0,-1895.97,15270,58000,,반도체와반도체장비,KOSDAQ
096530,4742.0,5486.0,6201.5,7082.0,346.0,900.0,1113.5,1308.0,1.0,-4522.55,18619,35650,1787.67,생명과학도구및서비스,KOSDAQ
323280,379.0,,,,-25.0,,,,1.0,196.6,15101,49450,,전자장비와기기,KOSDAQ
078600,2546.0,4116.0,5463.0,7180.0,207.0,397.0,519.0,660.0,0.9886,2444.42,14416,91800,1924.29,전자장비와기기,KOSDAQ
007390,207.0,,,,-36.0,,,,1.0,-15.12,16270,25250,,생물공학,KOSDAQ
035900,8219.0,8241.0,8846.28,8919.47,1552.0,1529.0,1681.39,1679.33,1.0,-3545.21,14249,40100,34.1,방송과엔터테인먼트,KOSDAQ
290650,855.0,1640.0,2293.0,2992.5,44.0,377.0,665.67,968.5,0.934,222.33,14267,52900,4.0,건강관리장비와용품,KOSDAQ
039200,998.0,750.0,680.0,1210.0,521.0,220.0,130.0,620.0,0.5492,-1928.59,13696,35800,,제약,KOSDAQ
420770,524.0,969.0,2044.57,1987.8,121.0,313.0,893.98,846.0,0.9333,-1146.44,13918,109800,26.88,반도체와반도체장비,KOSDAQ
475830,0.24,,,,-518.0,,,,1.0,-1557.02,14335,66000,,제약,KOSDAQ
082920,2431.0,3101.0,3789.0,4432.0,693.0,917.0,1104.5,1315.5,1.0,-1487.02,12526,27750,9.94,전기제품,KOSDAQ
127120,193.0,,,,-125.0,,,,,-86.33,12438,33950,,생명과학도구및서비스,KOSDAQ
003380,132149.0,147130.0,155530.0,163450.0,8874.0,10240.0,11010.0,11740.0,0.4958,80504.36,12377,11050,23.49,식품,KOSDAQ
218410,1858.0,2660.0,3514.33,3806.0,309.0,551.0,797.67,899.5,0.9338,-1392.21,12437,46800,27.69,통신장비,KOSDAQ
195940,10632.0,10985.0,11700.64,12477.33,1109.0,1304.0,1479.07,1684.33,,3357.6,12366,43650,26.75,제약,KOSDAQ
204270,1857.0,,,,-780.0,,,,1.0,2295.93,11714,20250,39.18,핸드셋,KOSDAQ
043260,2316.0,2917.0,4956.33,8302.67,76.0,437.0,1076.67,2273.0,1.0,6168.31,11558,15740,4.22,전기제품,KOSDAQ
347700,956.0,2700.0,4521.5,5780.0,91.0,142.0,572.5,940.0,1.0,60.15,11470,22250,,우주항공과국방,KOSDAQ
437730,950.0,,,,8.0,,,,1.0,-167.8,10194,32150,33.56,자동차부품,KOSDAQ
166090,2735.0,3792.0,4616.0,5256.0,501.0,986.0,1282.67,1500.0,0.9998,716.46,10403,52600,29.0,반도체와반도체장비,KOSDAQ
086450,9269.0,10501.0,11838.0,13214.0,966.0,1093.0,1273.0,1384.5,0.9598,-512.75,9725,21500,15.49,제약,KOSDAQ
232140,2726.0,3824.0,4612.33,5792.33,170.0,554.0,739.67,1063.33,0.6073,-630.51,9312,11350,30.23,반도체와반도체장비,KOSDAQ
356860,2585.0,3703.0,4706.89,6777.56,260.0,578.0,854.11,1314.78,1.0,817.37,9386,39600,124.09,반도체와반도체장비,KOSDAQ
445680,52.0,61.0,,,-123.0,-122.0,,,,-99.84,9311,54100,,생명과학도구및서비스,KOSDAQ
036540,3674.0,5492.0,7619.0,8305.0,-196.0,-17.0,723.33,730.0,0.996,-36.31,9226,5610,,반도체와반도체장비,KOSDAQ
950260,,,,,-331.92,,,,,-120.49,8900,18000,,생물공학,KOSDAQ
124500,88708.0,106818.0,,,2799.0,2883.0,,,0.2549,-865.01,9003,38800,234.43,IT서비스,KOSDAQ
293490,4650.0,3392.0,6191.43,5748.8,-396.0,-888.0,604.29,249.4,1.0,386.6,8817,8260,,게임엔터테인먼트,KOSDAQ
101490,2437.0,,,,504.0,,,,1.0,-419.28,8790,41200,37.58,반도체와반도체장비,KOSDAQ
036830,5566.0,,,,89.0,,,,0.9835,371.67,8970,43750,10.21,전기제품,KOSDAQ
038500,6769.0,,,,766.0,,,,1.0,4022.59,8547,7920,9.99,건축자재,KOSDAQ
056190,16310.0,16952.0,19774.33,21506.67,859.0,1285.0,1785.33,2004.67,0.9035,-1321.51,8600,23950,27.31,기계,KOSDAQ
100790,2398.0,,,,351.0,,,,1.0,,8499,16000,12.65,창업투자,KOSDAQ
476830,79.0,,,,-146.0,,,,,-342.25,8795,31350,,생물공학,KOSDAQ
014620,2457.0,2747.0,3386.33,3609.0,420.0,479.0,661.0,733.67,1.0,-1382.0,8459,31850,8.88,기계,KOSDAQ
491000,512.0,697.0,1639.0,2708.0,-226.0,-331.0,-65.0,364.0,1.0,-509.08,8448,33450,,건강관리장비와용품,KOSDAQ
252990,780.0,1220.0,1596.0,1963.5,147.0,348.0,470.0,599.5,,-186.89,8364,13890,,반도체와반도체장비,KOSDAQ
065350,9454.0,,,,277.0,,,,0.8971,2409.73,8424,30650,90.27,가정용기기와용품,KOSDAQ
119850,2626.0,3057.0,4005.33,5124.0,494.0,425.0,731.0,1066.0,0.9385,-816.73,8586,52200,6.15,전기장비,KOSDAQ
090710,1683.0,,,,-173.0,,,,,-77.4,7951,6650,,기계,KOSDAQ
099320,2069.0,2389.0,3203.0,3598.0,102.0,205.0,426.5,554.0,0.6522,-606.71,8159,74500,6.47,우주항공과국방,KOSDAQ
031330,37566.0,,,,1139.0,,,,1.0,8764.27,8150,8150,8.33,전자장비와기기,KOSDAQ
458870,482.0,1291.0,1712.38,2183.0,163.0,565.0,773.54,1015.4,1.0,-207.13,8474,22100,,건강관리기술,KOSDAQ
281740,1412.0,,,,133.0,,,,0.9853,1772.71,7875,11980,47.26,화학,KOSDAQ
417200,1536.0,,,,-1.0,,,,0.9968,90.69,7861,11620,207.43,전기제품,KOSDAQ
032190,180520.0,,,,15999.0,,,,0.2,-451441.38,7794,20350,8.3,증권,KOSDAQ
041830,2339.0,2870.0,3403.8,3946.4,368.0,574.0,707.4,855.8,1.0,-1370.02,8129,60300,9.45,건강관리장비와용품,KOSDAQ
083450,3472.0,4415.0,5227.5,5845.0,592.0,764.0,945.5,1080.5,0.9991,-1230.35,8174,44350,7.2,반도체와반도체장비,KOSDAQ
090360,757.0,,,,-57.0,,,,1.0,-309.73,7595,77900,418.94,기계,KOSDAQ
033100,2240.0,,,,670.0,,,,,-1533.75,7758,48300,5.71,전기장비,KOSDAQ
213420,3443.0,4497.0,5307.75,5898.0,607.0,943.0,1091.0,1274.25,0.9325,-308.98,7996,32200,30.86,디스플레이장비및부품,KOSDAQ
388720,369.0,,,,-126.0,,,,,-123.92,7894,67000,,기계,KOSDAQ
115180,70.0,,,,-298.0,,,,,110.43,7619,20300,,제약,KOSDAQ
122870,5454.0,6331.0,5666.29,6014.87,713.0,774.0,709.18,830.53,0.8303,-2460.68,7561,40450,15.49,방송과엔터테인먼트,KOSDAQ
251970,3720.0,4481.0,5083.65,5662.0,565.0,732.0,868.45,1002.0,0.7961,-1209.86,7651,61700,11.0,포장재,KOSDAQ
085660,12683.0,,,,-488.0,,,,,4524.05,7587,8160,,건강관리업체및서비스,KOSDAQ
225570,1793.0,,,,-602.0,,,,0.9999,-552.43,7310,11100,87.24,게임엔터테인먼트,KOSDAQ
171090,5158.0,4347.0,5919.33,6984.0,1115.0,940.0,1379.0,1702.67,0.9446,-435.32,7251,71600,,디스플레이장비및부품,KOSDAQ
035760,51345.0,52436.0,56131.75,57883.13,1329.0,1324.0,2114.58,2544.25,1.0,18985.16,7204,32850,,방송과엔터테인먼트,KOSDAQ
093320,1592.0,,,,239.0,,,,0.8733,98.98,7432,152300,19.71,IT서비스,KOSDAQ
456160,4.0,,,,-122.0,,,,,-1743.1,7259,43650,,제약,KOSDAQ
006730,2483.0,3069.0,,,703.0,863.0,,,,11387.83,7167,11150,3.51,"호텔,레스토랑,레저",KOSDAQ
388210,1606.0,2054.0,2904.0,3606.33,518.0,675.0,983.5,1291.0,0.9604,-497.42,6999,72500,,반도체와반도체장비,KOSDAQ
137400,7449.0,,,,956.0,,,,1.0,2517.07,7095,29950,17.95,전기제품,KOSDAQ
023160,2970.0,3300.0,4119.67,4319.0,387.0,462.0,790.33,732.0,0.9276,-2775.83,6881,26600,7.09,기계,KOSDAQ
074600,9436.0,10971.0,12512.0,14229.0,596.0,1166.0,1503.67,1701.67,0.9458,7630.57,6874,26150,19.78,반도체와반도체장비,KOSDAQ
328130,831.0,,,,-831.0,,,,,-731.65,6872,9230,,건강관리기술,KOSDAQ
189300,3196.0,4009.0,4817.6,5842.75,120.0,366.0,564.12,907.25,1.0,1416.05,6851,63800,131.8,통신장비,KOSDAQ
041960,525.0,,,,20.0,,,,0.8926,139.81,6842,9260,,제약,KOSDAQ
094170,1276.0,1280.0,1401.0,1509.0,24.0,15.0,96.0,111.0,,-571.58,6775,32400,14.8,반도체와반도체장비,KOSDAQ
053800,2677.0,,,,333.0,,,,1.0,-2977.41,6620,59500,19.26,소프트웨어,KOSDAQ
253450,5307.0,5849.0,6467.33,6947.33,304.0,476.0,591.5,686.11,1.0,-468.01,6613,22000,51.46,방송과엔터테인먼트,KOSDAQ
476060,534.0,1112.0,1533.0,1973.0,126.0,258.0,483.0,733.0,,-623.45,6707,14770,,제약,KOSDAQ
044490,3497.0,3878.0,4400.0,4900.0,50.0,300.0,441.0,533.0,,457.06,6602,33000,9.95,에너지장비및서비스,KOSDAQ
122640,871.0,1459.0,2416.67,3141.0,38.0,266.0,668.33,987.0,0.9769,430.58,6539,30200,,반도체와반도체장비,KOSDAQ
466100,414.0,,,,-32.0,,,,,-440.62,6518,25600,,기계,KOSDAQ
060250,12349.0,15054.0,16756.6,18286.6,547.0,613.0,714.0,794.6,0.995,-3073.46,6486,16150,11.7,IT서비스,KOSDAQ
059090,9770.0,,,,1010.0,,,,0.3936,9044.79,6506,19470,,반도체와반도체장비,KOSDAQ
102710,6709.0,7570.0,8750.0,9785.0,781.0,975.0,1205.0,1467.0,0.9867,998.82,6465,45250,,반도체와반도체장비,KOSDAQ
327260,641.0,1011.0,1401.0,1867.75,74.0,185.0,281.25,412.25,0.89,-467.19,6278,34900,,우주항공과국방,KOSDAQ
161580,1034.0,,,,-349.0,,,,0.7447,-245.71,6494,27700,,전자장비와기기,KOSDAQ
048410,35.0,,,,-182.0,,,,,-197.81,6311,6540,,화장품,KOSDAQ
079940,3357.0,,,,405.0,,,,0.5075,858.45,6153,45850,14.13,IT서비스,KOSDAQ
032500,975.0,1036.0,2703.0,5522.0,-238.0,-202.0,577.5,1897.0,1.0,156.42,6185,14660,,통신장비,KOSDAQ
222080,4072.0,,,,335.0,,,,1.0,-2279.32,6191,7960,25.34,전기제품,KOSDAQ
052400,3092.0,3568.0,4068.33,4613.67,889.0,1129.0,1310.0,1529.33,1.0,-2478.78,5905,40550,9.2,IT서비스,KOSDAQ
121600,1117.0,,,,47.0,,,,1.0,-655.77,6156,50200,88.0,화학,KOSDAQ
425420,1117.0,1579.0,1977.0,,191.0,348.0,475.0,,1.0,-568.41,5865,47500,36.88,반도체와반도체장비,KOSDAQ
046890,10135.0,11334.0,11976.0,12510.0,-315.0,148.0,281.0,360.0,0.7649,793.0,5726,9820,,디스플레이장비및부품,KOSDAQ
295310,665.0,1046.0,1589.67,2660.0,58.0,175.0,310.0,620.0,,243.68,5781,47000,,비철금속,KOSDAQ
033790,2648.0,,,,88.0,,,,,-681.81,5624,6750,,전기제품,KOSDAQ
160190,735.0,,,,-89.0,,,,0.9936,-375.23,5662,18330,,기계,KOSDAQ
050890,2948.0,3357.0,3798.0,4436.0,333.0,357.0,454.0,634.0,1.0,57.03,5407,8900,9.08,통신장비,KOSDAQ
383310,1411.0,1986.0,2826.5,3519.0,117.0,330.0,549.5,792.0,1.0,-373.1,5453,26000,33.34,상업서비스와공급품,KOSDAQ
052020,70.0,,,,-235.0,,,,,-490.76,5561,8180,,판매업체,KOSDAQ
041190,1629.0,,,,1381.0,,,,1.0,,5452,6490,4.43,창업투자,KOSDAQ
033500,7422.0,8280.0,9060.0,,726.0,1120.0,1330.0,,1.0,-499.7,5506,18360,12.27,화학,KOSDAQ
053610,2305.0,2798.0,3125.5,3410.5,463.0,751.0,839.5,933.0,1.0,-1301.82,5463,60700,24.36,반도체와반도체장비,KOSDAQ
019210,6394.0,8890.0,,,665.0,1910.0,,,0.9983,6598.94,5389,14490,8.39,기계,KOSDAQ
033640,5214.0,5856.0,7077.0,8040.0,238.0,502.0,934.0,1340.0,0.6984,2104.86,5396,23400,,반도체와반도체장비,KOSDAQ
278280,1338.0,2016.0,2600.67,3187.0,37.0,-91.0,208.33,336.33,0.9386,2124.06,5293,43200,,전기제품,KOSDAQ
490470,1210.0,2168.0,3064.0,4348.0,-534.0,-35.0,358.0,690.0,1.0,-924.55,5226,15360,,반도체와반도체장비,KOSDAQ
211050,10218.0,,,,948.0,,,,1.0,-531.0,5370,10900,5.52,손해보험,KOSDAQ
036810,2803.0,,,,-5.0,,,,,2291.71,5337,24650,,반도체와반도체장비,KOSDAQ
045100,11182.0,,,,537.0,,,,1.0,-1968.87,5259,30050,3.61,반도체와반도체장비,KOSDAQ
009520,3574.0,,,,10.0,,,,,-390.98,5443,13070,251.48,철강,KOSDAQ
174900,47.0,,,,-176.0,,,,,-289.37,5198,26050,,생물공학,KOSDAQ
399720,685.0,,,,-167.0,,,,1.0,-376.14,5277,44500,103.58,반도체와반도체장비,KOSDAQ
358570,58.0,,,,-407.0,,,,,-373.18,5219,8090,,생물공학,KOSDAQ
099190,3154.0,3384.0,3831.0,4294.0,79.0,142.0,238.0,325.0,1.0,988.15,5208,18110,212.12,건강관리장비와용품,KOSDAQ
086900,2473.0,2696.0,2990.0,3334.5,170.0,267.0,338.0,483.0,1.0,766.53,5189,71100,189.7,생물공학,KOSDAQ
025980,2581.0,,,,83.0,,,,0.4757,5657.45,5128,5270,5.8,"호텔,레스토랑,레저",KOSDAQ
112040,6140.0,,,,107.0,,,,1.0,-1325.67,5109,15050,,게임엔터테인먼트,KOSDAQ
397030,22.0,80.0,310.0,260.0,-73.0,-50.0,170.0,110.0,,-801.97,5103,18550,,제약,KOSDAQ
082270,815.0,,,,38.0,,,,,406.8,5069,11450,,반도체와반도체장비,KOSDAQ
340570,1642.0,1928.0,2233.5,2594.0,464.0,726.0,861.5,1015.0,1.0,-1021.16,4966,30900,11.86,건강관리장비와용품,KOSDAQ
037460,42911.0,,,,1624.0,,,,0.6393,3536.34,4961,30400,4.38,통신장비,KOSDAQ
101160,2918.0,,,,585.0,,,,1.0,-1961.41,4937,29900,7.85,반도체와반도체장비,KOSDAQ
376900,262.0,535.0,,,5.0,-74.0,,,0.9984,-133.9,4901,28150,,건강관리장비와용품,KOSDAQ
365340,1946.0,3290.0,4191.5,4837.5,-545.0,189.0,270.5,357.0,0.8914,4102.47,4794,37100,52.77,전기제품,KOSDAQ
035890,11001.0,,,,1444.0,,,,1.0,-4931.72,4743,2285,4.39,건설,KOSDAQ
015750,43827.0,,,,2427.0,,,,0.949,14213.65,4848,6060,4.46,자동차부품,KOSDAQ
253590,639.0,1250.0,1750.0,2300.0,41.0,275.0,405.0,536.0,1.0,-362.79,4782,10900,37.87,반도체와반도체장비,KOSDAQ
460930,2482.0,,,,288.0,,,,1.0,-50.57,4854,13670,28.24,조선,KOSDAQ
018290,4372.0,5230.0,6100.0,6850.0,829.0,600.0,880.0,1060.0,0.9681,-680.69,4731,13540,21.04,화장품,KOSDAQ
034950,1098.0,,,,343.0,,,,0.8587,-954.91,4709,103700,17.02,상업서비스와공급품,KOSDAQ
348370,3128.0,,,,-784.0,,,,,2385.07,4656,21250,,전기제품,KOSDAQ
336570,1568.0,1888.0,2182.0,2615.0,517.0,478.0,559.0,675.0,1.0,-883.69,4527,5070,21.17,건강관리장비와용품,KOSDAQ
024850,323.0,,,,-376.0,,,,,-153.62,4687,14760,,반도체와반도체장비,KOSDAQ
056080,282.0,,,,-50.0,,,,,-197.8,4646,12150,,기계,KOSDAQ
126340,822.0,1428.0,2224.5,,18.0,62.0,216.0,,0.924,947.22,4567,63600,142.34,전기장비,KOSDAQ
067160,4666.0,4481.0,4628.0,4930.5,1248.0,931.0,1019.6,1154.75,0.9848,-4802.39,4540,39500,13.19,양방향미디어와서비스,KOSDAQ
376300,838.0,964.0,1011.5,1113.71,314.0,389.0,438.38,514.57,1.0,-1522.22,4489,18910,29.04,양방향미디어와서비스,KOSDAQ
077360,2364.0,3431.0,4141.75,5025.0,28.0,322.0,529.75,730.0,0.9673,2422.87,4476,9850,57.48,반도체와반도체장비,KOSDAQ
214430,1243.0,1442.0,1989.0,2308.0,165.0,196.0,283.0,369.0,,-514.69,4370,59800,17.96,우주항공과국방,KOSDAQ
348340,190.0,,,,-149.0,,,,,356.17,4443,18980,,기계,KOSDAQ
477850,115.0,232.0,434.0,,-80.0,-5.0,128.0,,1.0,-438.61,4368,24600,,소프트웨어,KOSDAQ
144960,5780.0,7059.0,8068.0,9158.0,287.0,692.0,819.67,921.0,0.8596,1686.62,4212,9640,11.9,반도체와반도체장비,KOSDAQ
064290,898.0,1062.0,1678.5,2145.0,-37.0,65.0,403.0,562.33,0.9675,170.81,4211,32500,,반도체와반도체장비,KOSDAQ
092190,7638.0,,,,2.0,,,,0.3929,2229.08,4224,9210,,디스플레이장비및부품,KOSDAQ
204620,1541.0,1921.0,2094.0,,290.0,350.0,407.0,,0.9786,-1474.55,4189,5960,,기타금융,KOSDAQ
030520,3267.0,3829.0,4197.0,4473.0,364.0,493.0,596.8,661.2,1.0,-1085.14,4396,18180,23.54,소프트웨어,KOSDAQ
080580,944.0,1477.0,2374.0,3645.0,111.0,300.0,559.0,867.0,0.9938,178.21,4281,20300,155.39,반도체와반도체장비,KOSDAQ
078340,6964.0,6966.0,7533.29,7743.17,26.0,335.0,541.29,621.17,1.0,827.32,4353,36000,15.92,게임엔터테인먼트,KOSDAQ
042000,3148.0,,,,402.0,,,,1.0,-1719.73,4139,17120,65.33,IT서비스,KOSDAQ
439960,89.0,,,,-82.0,,,,,-162.25,4076,12560,,기계,KOSDAQ
064260,2254.0,,,,23.0,,,,1.0,1643.99,4198,5550,,IT서비스,KOSDAQ
027360,507.0,,,,119.0,,,,1.0,,4095,3380,20.01,창업투자,KOSDAQ
104830,3225.0,3824.0,4561.67,5348.0,565.0,680.0,893.67,1128.0,0.9999,92.96,4161,33000,27.37,화학,KOSDAQ
272290,4396.0,4585.0,6222.0,8293.0,819.0,519.0,728.0,1086.0,1.0,1004.0,4197,21050,19.7,디스플레이장비및부품,KOSDAQ
486990,131.0,280.0,340.0,370.0,-153.0,-40.0,20.0,60.0,1.0,-102.29,4020,18790,,IT서비스,KOSDAQ
092730,1322.0,1584.0,,,288.0,341.0,,,1.0,-1398.24,4063,25350,9.14,화장품,KOSDAQ
219130,807.0,1305.0,1580.0,,72.0,252.0,340.0,,,-151.58,3921,62100,,반도체와반도체장비,KOSDAQ
095660,4327.0,4196.0,4745.4,5127.5,600.0,351.0,509.2,612.75,1.0,-2864.96,3996,18470,12.06,게임엔터테인먼트,KOSDAQ
468530,30.0,,,,-114.0,,,,,-186.44,3962,35900,4.0,생물공학,KOSDAQ
475960,113.0,200.0,346.0,660.0,-56.0,-22.0,18.0,195.0,1.0,-274.52,4050,30050,,생명과학도구및서비스,KOSDAQ
013030,2146.0,,,,589.0,,,,0.9905,-2230.76,3966,33700,7.29,기계,KOSDAQ
078130,678.0,,,,-5.0,,,,,-167.43,3985,3535,,종이와목재,KOSDAQ
236200,1373.0,1549.0,1793.33,2069.0,327.0,368.0,437.33,535.0,1.0,-1306.12,3906,56000,6.53,전자장비와기기,KOSDAQ
368770,435.0,589.0,,,101.0,159.0,,,0.9864,-49.81,3883,11820,38.54,전자장비와기기,KOSDAQ
089890,824.0,1790.0,2500.0,,174.0,390.0,650.0,,1.0,-264.81,3897,23500,25.67,반도체와반도체장비,KOSDAQ
389470,29.0,,,,-284.0,,,,,-954.32,3866,29050,,제약,KOSDAQ
241770,946.0,,,,154.0,,,,1.0,-553.22,3797,37250,,반도체와반도체장비,KOSDAQ
025900,8296.0,9449.0,10762.0,12040.0,-138.0,-11.0,85.0,380.0,0.963,9505.86,3802,7520,,건축자재,KOSDAQ
089010,6375.0,,,,232.0,,,,0.7615,3817.36,3773,22500,,전자장비와기기,KOSDAQ
078020,22953.0,,,,222.0,,,,1.0,,3773,6800,9.84,증권,KOSDAQ
107640,1753.0,2503.0,3820.0,4631.0,40.0,143.0,287.0,426.0,0.7716,1049.81,3762,41500,,전기장비,KOSDAQ
060280,745.0,,,,24.0,,,,1.0,-245.41,3672,8900,,건강관리장비와용품,KOSDAQ
125490,1559.0,2134.0,2503.5,2652.0,103.0,153.0,215.0,245.5,1.0,330.23,3741,10250,165.42,자동차부품,KOSDAQ
215200,8849.0,8990.0,9177.0,9369.5,1210.0,1197.0,1230.5,1261.0,0.9548,-15.02,3737,36050,7.58,교육서비스,KOSDAQ
003800,3173.0,,,,541.0,,,,1.0,-1872.33,3665,33050,5.7,가구,KOSDAQ
372320,,,,,-362.9,,,,,-223.46,3753,24650,,생물공학,KOSDAQ
025320,2615.0,,,,68.0,,,,1.0,17.75,3679,3990,42.37,핸드셋,KOSDAQ
006910,1475.0,,,,268.0,,,,,-533.29,3680,7490,36.86,전기장비,KOSDAQ
215600,92.0,,,,-256.0,,,,,-745.64,3602,2600,,제약,KOSDAQ
114810,1988.0,2333.0,2786.0,,333.0,427.0,613.0,,0.9727,-39.84,3664,13020,136.31,반도체와반도체장비,KOSDAQ
121440,3543.0,,,,280.0,,,,0.9982,1637.33,3534,8250,4.33,레저용장비와제품,KOSDAQ
078160,737.0,,,,-680.0,,,,1.0,-333.15,3521,8980,37.98,생물공학,KOSDAQ
206650,1492.0,1350.0,,,607.0,450.0,,,,-627.03,3495,9510,,생물공학,KOSDAQ
101730,1488.0,,,,-487.0,,,,1.0,-732.87,3553,4240,72.75,게임엔터테인먼트,KOSDAQ
084110,8475.0,,,,906.0,,,,0.3525,1112.43,3564,28150,7.78,제약,KOSDAQ
170920,3104.0,4586.0,6687.5,8598.0,296.0,734.0,1174.0,1545.0,0.489,-460.06,3486,33000,,반도체와반도체장비,KOSDAQ
098120,1003.0,,,,177.0,,,,0.9951,-232.19,3479,41850,15.69,반도체와반도체장비,KOSDAQ
036800,10947.0,13638.0,16349.0,17846.0,553.0,776.0,993.0,1075.0,0.96,-2043.91,3276,7200,7.12,상업서비스와공급품,KOSDAQ
356680,481.0,,,,38.0,,,,,-64.63,3431,12020,567.02,소프트웨어,KOSDAQ
441270,2391.0,5116.0,6266.5,7218.0,19.0,314.0,533.5,560.0,1.0,913.95,3452,8180,30.18,핸드셋,KOSDAQ
069080,1744.0,1546.0,1726.0,1870.5,297.0,224.0,264.0,263.0,1.0,-614.08,3496,11290,9.94,게임엔터테인먼트,KOSDAQ
033160,14038.0,21490.0,31753.67,36760.0,142.0,1148.0,1779.0,2095.0,0.2,11783.65,3368,13920,,반도체와반도체장비,KOSDAQ
200710,1645.0,2378.0,3052.0,3492.0,29.0,95.0,307.0,349.0,0.9879,101.24,3433,25500,,반도체와반도체장비,KOSDAQ
092870,660.0,1321.0,1921.67,2680.0,1.0,190.0,347.67,584.0,1.0,-176.49,3380,25900,39.97,반도체와반도체장비,KOSDAQ
036620,2502.0,2930.0,3446.5,3923.5,446.0,542.0,671.5,796.5,,-119.75,3406,3790,11.81,"섬유,의류,신발,호화품",KOSDAQ
069540,318.0,,,,-165.0,,,,,-57.55,3302,2930,,통신장비,KOSDAQ
332570,1255.0,2928.0,3549.0,4170.0,39.0,308.0,404.0,498.0,0.9946,-511.43,3373,7220,5.69,핸드셋,KOSDAQ
393890,1108.0,,,,-1276.0,,,,1.0,8853.52,3266,9650,27.96,전기제품,KOSDAQ
348210,669.0,827.0,1187.0,1503.0,-12.0,67.0,281.33,455.33,0.9898,603.27,3384,32300,22.69,반도체와반도체장비,KOSDAQ
330860,1141.0,1320.0,1547.0,1695.0,48.0,264.0,441.5,588.5,,301.79,3204,26300,,반도체와반도체장비,KOSDAQ
900290,9593.0,,,,1373.0,,,,0.7613,5324.61,3257,3900,6.63,화학,KOSDAQ
234340,1874.0,2228.0,2506.5,2807.5,156.0,262.0,303.5,367.5,1.0,-2716.88,3269,23400,22.37,IT서비스,KOSDAQ
199800,13.0,,,,-233.0,,,,1.0,-188.9,3221,35800,,생물공학,KOSDAQ
067630,458.0,,,,-220.0,,,,0.9889,1490.9,3225,2645,,건강관리장비와용품,KOSDAQ
352480,2885.0,,,,222.0,,,,1.0,-1257.41,3217,23600,19.89,화장품,KOSDAQ
079370,3833.0,,,,-45.0,,,,0.9712,-12.47,3192,10290,48.79,반도체와반도체장비,KOSDAQ
101930,1080.0,,,,155.0,,,,1.0,-1275.84,3153,6900,43.53,조선,KOSDAQ
472850,4856.0,5760.0,6664.0,7337.0,574.0,741.0,1014.0,1222.0,0.7803,997.87,3195,5550,6.73,"섬유,의류,신발,호화품",KOSDAQ
110990,1079.0,,,,231.0,,,,1.0,-1948.76,3132,16570,26.42,반도체와반도체장비,KOSDAQ
018000,403.0,,,,-95.0,,,,,1036.33,3150,1214,,에너지장비및서비스,KOSDAQ
078350,6511.0,,,,239.0,,,,1.0,-191.32,3140,20600,17.15,반도체와반도체장비,KOSDAQ
455900,46.0,,,,-103.0,,,,,-236.9,3148,20450,,건강관리장비와용품,KOSDAQ
093520,2272.0,2851.0,2851.0,3126.0,291.0,423.0,423.0,471.0,0.9974,-494.09,3124,26250,9.98,반도체와반도체장비,KOSDAQ
039440,3281.0,,,,197.0,,,,1.0,-696.61,3125,20150,19.43,반도체와반도체장비,KOSDAQ
294570,695.0,715.0,745.0,774.0,189.0,200.0,211.0,221.0,,-1631.35,3118,30900,28.8,IT서비스,KOSDAQ
290550,4258.0,5283.0,7361.25,,216.0,329.0,570.0,,1.0,167.24,3062,15310,34.0,핸드셋,KOSDAQ
017890,4239.0,,,,318.0,,,,0.8102,-577.62,3051,14760,24.87,화학,KOSDAQ
061970,4798.0,,,,-398.0,,,,,2793.28,3059,4365,,반도체와반도체장비,KOSDAQ
417840,483.0,1200.0,1507.28,,46.0,364.0,504.93,,0.9933,138.93,3046,13320,,반도체와반도체장비,KOSDAQ
092460,1335.0,,,,223.0,,,,1.0,236.14,3027,17690,1.61,조선,KOSDAQ
091580,2501.0,3432.0,3980.0,4760.0,87.0,260.0,331.0,440.0,1.0,696.31,2999,22500,8.22,전기제품,KOSDAQ
168360,699.0,1019.0,1257.0,1425.0,32.0,203.0,336.0,426.0,1.0,62.46,2974,13280,26.79,전자장비와기기,KOSDAQ
025770,8363.0,,,,452.0,,,,1.0,-1749.25,3011,8040,11.81,IT서비스,KOSDAQ
035810,33889.0,,,,1514.0,,,,0.3865,7073.28,2977,4615,7.81,식품,KOSDAQ
200670,1701.0,1949.0,2190.5,2449.0,423.0,449.0,505.0,565.0,,-458.47,2948,26250,14.58,제약,KOSDAQ
117730,438.0,,,,-119.0,,,,,-45.76,2944,13050,,기계,KOSDAQ
035600,13589.0,14784.0,16009.0,17115.0,986.0,1028.0,1226.5,1342.0,0.867,2750.86,2932,10640,4.32,IT서비스,KOSDAQ
439090,1130.0,,,,105.0,,,,1.0,-986.58,2933,17890,30.04,화장품,KOSDAQ
123330,782.0,1662.0,2335.0,,150.0,296.0,490.0,,1.0,19.47,2909,36500,,화장품,KOSDAQ
138080,574.0,778.0,1195.5,1917.5,-160.0,8.0,168.5,478.0,1.0,99.16,2896,23400,,통신장비,KOSDAQ
036890,4638.0,,,,479.0,,,,1.0,-88.33,2924,13270,8.39,기계,KOSDAQ
376270,130.0,456.0,865.9,,-156.0,-18.0,163.7,,1.0,99.47,2927,40550,,건강관리업체및서비스,KOSDAQ
265520,4601.0,,,,333.0,,,,1.0,-929.12,2903,19290,5.68,디스플레이장비및부품,KOSDAQ
054950,1731.0,1884.0,2057.0,2213.0,333.0,390.0,413.0,453.0,0.9836,-1145.75,2908,24050,12.21,건강관리장비와용품,KOSDAQ
484590,1546.0,,,,266.0,,,,,239.31,2868,6960,20.01,우주항공과국방,KOSDAQ
228760,38.0,,,,-113.0,,,,,-791.37,2921,11750,,건강관리장비와용품,KOSDAQ
448900,369.0,,,,15.0,,,,1.0,105.08,2885,47500,42.23,자동차부품,KOSDAQ
482630,1254.0,1624.0,1986.5,2310.0,176.0,250.0,347.0,426.5,,-93.84,2900,13250,16.65,반도체와반도체장비,KOSDAQ
051500,34811.0,37197.0,40295.33,43688.25,1017.0,1020.0,1160.0,1290.5,0.9413,3284.46,2873,24200,5.2,식품과기본식료품소매,KOSDAQ
377450,616.0,,,,189.0,,,,,-1858.06,2839,16380,6.95,상업서비스와공급품,KOSDAQ
043150,4264.0,4553.0,4905.67,5332.33,548.0,615.0,680.33,803.33,1.0,-1091.28,2843,19140,9.55,건강관리장비와용품,KOSDAQ
309710,620.0,,,,-19.0,,,,1.0,638.42,2684,21000,,제약,KOSDAQ
136480,14400.0,,,,477.0,,,,0.9948,3152.97,2857,2690,35.7,식품,KOSDAQ
182400,79.0,,,,-25.0,,,,,28.52,2655,3670,,생명과학도구및서비스,KOSDAQ
287840,23.0,,,,-103.0,,,,,-134.21,2860,19040,,제약,KOSDAQ
098070,1719.0,1985.0,2340.0,,382.0,385.0,400.0,,1.0,-613.88,2803,25200,10.71,에너지장비및서비스,KOSDAQ
481070,600.0,,,,101.0,,,,0.966,-266.65,2767,19310,36.28,"섬유,의류,신발,호화품",KOSDAQ
424870,1.0,,,,-280.0,,,,,-233.68,2768,3030,,제약,KOSDAQ
200130,5749.0,,,,266.0,,,,1.0,286.14,2824,9600,26.89,건강관리업체및서비스,KOSDAQ
448280,309.0,509.0,,,10.0,80.0,,,1.0,-2.78,2830,9550,24.44,상업서비스와공급품,KOSDAQ
049070,5908.0,6022.0,6631.0,,-113.0,166.0,332.0,,1.0,-2764.2,2840,18040,16.79,핸드셋,KOSDAQ
042520,898.0,1426.0,1883.0,2202.0,-259.0,181.0,312.0,423.5,1.0,225.21,2829,19840,,건강관리장비와용품,KOSDAQ
159010,679.0,,,,-70.0,,,,1.0,414.75,2734,20500,38.83,기계,KOSDAQ
488900,368.0,,,,-74.0,,,,,-79.3,2750,9490,,우주항공과국방,KOSDAQ
099440,1536.0,2179.0,2554.0,2843.0,-168.0,234.0,299.0,328.0,1.0,1565.61,2737,4010,9.88,기계,KOSDAQ
091700,13495.0,14910.0,15505.0,16320.0,447.0,384.0,447.33,490.0,0.9421,-135.21,2720,5440,16.63,핸드셋,KOSDAQ
389650,165.0,215.0,311.0,430.5,-7.0,-61.0,-14.0,48.0,,-280.38,2732,33000,106.08,건강관리장비와용품,KOSDAQ
036200,2733.0,3462.0,4030.0,4379.0,109.0,280.0,422.0,502.0,1.0,-541.46,2720,8870,14.16,반도체와반도체장비,KOSDAQ
187660,93.0,,,,-74.0,,,,,49.44,2706,4230,,제약,KOSDAQ
151860,75772.0,,,,1913.0,,,,0.4486,10370.91,2704,5680,6.11,자동차,KOSDAQ
121800,101.0,,,,-72.0,,,,1.0,-589.83,2563,3320,,디스플레이패널,KOSDAQ
011560,7158.0,9801.0,9830.0,9665.0,404.0,559.0,580.0,590.0,1.0,-783.29,2672,26500,2.48,건설,KOSDAQ
160980,1644.0,2320.0,2780.0,3150.0,233.0,359.0,457.0,536.0,1.0,-1026.16,2616,23950,14.32,반도체와반도체장비,KOSDAQ
267980,18435.0,18962.0,19676.0,20116.0,600.0,744.0,796.0,829.0,0.9971,-832.68,2652,34600,5.88,식품,KOSDAQ
377460,916.0,,,,-19.0,,,,,708.3,2532,4080,,상업서비스와공급품,KOSDAQ
461300,1959.0,,,,618.0,,,,,-1262.84,2608,19560,4.33,교육서비스,KOSDAQ
243070,6208.0,,,,456.0,,,,1.0,1011.81,2659,22200,9.09,제약,KOSDAQ
200470,1110.0,,,,53.0,,,,,864.87,2554,6030,,반도체와반도체장비,KOSDAQ
023410,13327.0,,,,324.0,,,,0.9486,4134.07,2532,3275,4.05,건축자재,KOSDAQ
108860,1148.0,,,,15.0,,,,,-934.51,2560,9510,,건강관리장비와용품,KOSDAQ
389500,72.0,122.0,205.5,306.5,-69.0,-61.0,-27.5,12.0,,50.51,2525,37900,,기계,KOSDAQ
060720,4249.0,4117.0,4662.75,5074.33,318.0,277.0,361.0,405.0,1.0,250.76,2510,10600,11.24,핸드셋,KOSDAQ
180400,294.0,,,,-243.0,,,,,-352.15,2500,2540,,건강관리업체및서비스,KOSDAQ
100120,2393.0,2516.0,2623.5,2721.0,214.0,382.0,425.5,453.5,1.0,109.99,2463,27450,18.35,건강관리장비와용품,KOSDAQ
024840,7586.0,,,,243.0,,,,0.4939,1232.2,2489,5750,777.95,전기장비,KOSDAQ
389260,1310.0,1665.0,1843.0,,168.0,339.0,362.0,,1.0,466.29,2453,13690,48.41,에너지장비및서비스,KOSDAQ
394280,161.0,,,,-289.0,,,,,-171.92,2458,9330,,반도체와반도체장비,KOSDAQ
094480,1297.0,,,,184.0,,,,1.0,1003.58,2440,6220,,IT서비스,KOSDAQ
089980,1960.0,2258.0,2859.0,3707.0,67.0,112.0,177.0,246.0,1.0,670.6,2414,15100,29.73,전자장비와기기,KOSDAQ
068930,2538.0,2811.0,3105.0,3354.0,316.0,446.0,497.5,541.5,0.8597,300.48,2352,8500,13.47,교육서비스,KOSDAQ
365270,0.07,39.0,,,-165.0,-136.0,,,,-117.83,2391,10790,,제약,KOSDAQ
237880,3289.0,3426.0,3520.0,3620.0,164.0,246.0,250.0,260.0,1.0,-1549.61,2427,13430,20.1,화장품,KOSDAQ
114190,2123.0,,,,-61.0,,,,0.8354,111.52,2375,9090,106.37,전자장비와기기,KOSDAQ
064820,5798.0,,,,500.0,,,,0.9248,-7235.45,2413,7820,5.46,증권,KOSDAQ
071200,1024.0,,,,142.0,,,,0.987,-1850.35,2413,9890,7.78,건강관리기술,KOSDAQ
065680,1864.0,,,,218.0,,,,1.0,-1297.61,2366,25600,26.34,핸드셋,KOSDAQ
304360,165.0,167.0,169.0,,-83.0,-84.0,-85.0,,,-17.25,2409,19450,,생물공학,KOSDAQ
378340,332.0,,,,-222.0,,,,1.0,156.59,2359,10900,,전기제품,KOSDAQ
047920,2056.0,,,,11.0,,,,1.0,8.93,2371,7230,,제약,KOSDAQ
416180,1169.0,,,,23.0,,,,1.0,1016.01,2350,26000,19.83,전기제품,KOSDAQ
456010,40.0,128.0,253.0,357.0,-89.0,-20.0,84.0,165.0,1.0,-442.16,2345,16170,,통신장비,KOSDAQ
043370,12007.0,12528.0,13138.0,13818.0,484.0,451.0,480.0,570.0,1.0,-1890.94,2346,11170,3.4,자동차부품,KOSDAQ
065710,1166.0,,,,253.0,,,,1.0,-615.93,2336,45350,6.32,운송인프라,KOSDAQ
298830,939.0,,,,126.0,,,,0.8911,-184.86,2325,4350,71.07,소프트웨어,KOSDAQ
243840,4082.0,5188.0,6200.5,6873.5,59.0,201.0,323.5,394.0,1.0,3463.3,2317,6010,13.75,전기제품,KOSDAQ
215000,4833.0,4361.0,4662.0,5074.0,681.0,380.0,518.0,590.0,1.0,-972.27,2303,36700,7.28,"호텔,레스토랑,레저",KOSDAQ
085910,687.0,998.0,1655.0,2540.0,78.0,183.0,347.0,590.0,0.8596,30.53,2312,16760,,자동차부품,KOSDAQ
452430,173.0,350.0,816.5,2178.0,-46.0,24.0,162.0,469.0,,51.07,2332,28250,,반도체와반도체장비,KOSDAQ
493280,116.0,,,,3.0,,,,,-1227.12,2295,15470,,제약,KOSDAQ
053030,1685.0,1900.0,2210.0,2590.0,-45.0,-20.0,110.0,230.0,1.0,863.02,2311,7070,60.86,제약,KOSDAQ
036030,3959.0,,,,442.0,,,,,-3369.16,2304,4700,18.05,인터넷과카탈로그소매,KOSDAQ
042370,4323.0,,,,557.0,,,,0.2,-1751.18,2277,8690,,전기제품,KOSDAQ
206640,1621.0,,,,289.0,,,,0.9905,-351.5,2272,10370,18.56,생명과학도구및서비스,KOSDAQ
241520,451.0,,,,223.0,,,,0.9716,,2264,8510,5.98,창업투자,KOSDAQ
217730,36.0,,,,-177.0,,,,,-182.25,2257,2400,,생물공학,KOSDAQ
073490,1861.0,2430.0,3224.5,4285.5,-11.0,194.0,391.0,629.5,1.0,-330.02,2247,29550,18.46,통신장비,KOSDAQ
254490,6356.0,,,,191.0,,,,,804.44,2258,15640,66.01,반도체와반도체장비,KOSDAQ
445090,728.0,1819.0,2016.0,3954.0,-276.0,50.0,92.0,207.0,1.0,225.09,2294,21000,134.91,반도체와반도체장비,KOSDAQ
094360,285.0,311.0,354.5,362.0,70.0,70.0,93.0,96.0,0.9941,-408.23,2272,10640,,반도체와반도체장비,KOSDAQ
061090,1793.0,2332.0,2728.0,3797.0,163.0,403.0,544.0,977.0,1.0,-885.35,2269,41500,13.76,통신장비,KOSDAQ
046970,425.0,,,,-7.0,,,,,-72.58,2239,5110,,컴퓨터와주변기기,KOSDAQ
317330,1121.0,,,,-430.0,,,,,2533.72,2246,10970,,반도체와반도체장비,KOSDAQ
950170,3086.0,3017.0,,,476.0,59.0,,,1.0,769.35,2246,4340,11.01,백화점과일반상점,KOSDAQ
045390,1532.0,,,,76.0,,,,1.0,-7.48,2220,3150,22.45,도로와철도운송,KOSDAQ
023760,5384.0,,,,1279.0,,,,1.0,,2206,1398,2.8,기타금융,KOSDAQ
095500,5385.0,,,,209.0,,,,1.0,915.39,2223,7170,,디스플레이장비및부품,KOSDAQ
086390,1102.0,1947.0,3569.0,4002.0,-211.0,253.0,652.0,660.0,0.9261,199.93,2225,10530,41.92,반도체와반도체장비,KOSDAQ
014940,2073.0,,,,243.0,,,,1.0,-267.53,2215,4860,14.6,조선,KOSDAQ
058970,840.0,,,,9.0,,,,1.0,-238.36,2210,17880,,소프트웨어,KOSDAQ
314930,70.0,,,,7.0,,,,1.0,-147.47,2179,7320,,건강관리장비와용품,KOSDAQ
290690,383.0,,,,-67.0,,,,,549.83,2177,4110,,디스플레이장비및부품,KOSDAQ
353810,4769.0,,,,450.0,,,,0.949,1172.06,2167,6550,7.96,식품,KOSDAQ
475400,131.0,239.0,399.0,528.0,-184.0,-132.0,-44.0,37.0,1.0,-327.17,2162,18310,,기계,KOSDAQ
203650,3189.0,,,,225.0,,,,1.0,3352.24,2161,2125,7.6,상업서비스와공급품,KOSDAQ
380540,215.0,,,,-59.0,,,,,121.17,2067,8450,,통신장비,KOSDAQ
019010,482.0,,,,150.0,,,,0.9269,-573.29,2157,4475,7.33,"호텔,레스토랑,레저",KOSDAQ
005710,10589.0,,,,708.0,,,,1.0,-4449.34,2144,10700,3.27,자동차부품,KOSDAQ
194700,4043.0,4816.0,,,430.0,542.0,,,0.9848,-137.65,2143,11740,10.33,건강관리업체및서비스,KOSDAQ
064550,3301.0,,,,152.0,,,,,202.99,2145,8310,,생물공학,KOSDAQ
036190,4234.0,,,,438.0,,,,1.0,-1369.03,2091,34850,4.12,건설,KOSDAQ
099430,909.0,,,,150.0,,,,0.7502,328.79,2139,3470,10.0,건강관리장비와용품,KOSDAQ
462860,600.0,,,,136.0,,,,1.0,-1704.73,2117,2950,23.95,IT서비스,KOSDAQ
484810,566.0,,,,-8.0,,,,,-107.58,2097,13570,,기계,KOSDAQ
052330,3968.0,,,,378.0,,,,0.9999,-930.53,2098,11810,12.87,디스플레이패널,KOSDAQ
144510,1655.0,1722.0,,,-138.0,-129.0,,,,1068.53,2131,13490,,건강관리업체및서비스,KOSDAQ
067390,2544.0,,,,74.0,,,,,1473.67,2099,4985,,우주항공과국방,KOSDAQ
053300,1385.0,,,,271.0,,,,0.9319,-723.45,2054,5060,23.8,IT서비스,KOSDAQ
112290,831.0,1152.0,1705.0,,-18.0,95.0,214.0,,,549.39,2067,10220,,반도체와반도체장비,KOSDAQ
036710,15281.0,,,,-343.0,,,,,7085.04,2113,4000,,반도체와반도체장비,KOSDAQ
304100,416.0,,,,-80.0,,,,,-327.28,2052,16290,,IT서비스,KOSDAQ
194480,2956.0,2328.0,2581.0,2779.0,64.0,-391.0,84.0,103.0,0.9891,-420.23,2056,16950,,게임엔터테인먼트,KOSDAQ
462350,27.0,,,,-722.0,,,,,-633.93,2046,6040,,우주항공과국방,KOSDAQ
012210,738.0,817.0,,,58.0,80.0,,,,474.4,2045,8870,38.69,기계,KOSDAQ
013120,3873.0,,,,171.0,,,,1.0,1317.35,2007,2210,6.74,건설,KOSDAQ
125020,2991.0,,,,68.0,,,,,202.62,2022,5770,83.37,전기장비,KOSDAQ
450950,379.0,476.0,734.0,913.0,104.0,44.0,193.0,268.5,1.0,-155.06,2032,5400,49.44,건강관리장비와용품,KOSDAQ
084850,6031.0,4324.0,5233.0,,-70.0,38.0,262.0,,1.0,2696.24,2028,8940,,전자장비와기기,KOSDAQ
318060,205.0,351.0,484.0,694.0,-111.0,-34.0,70.0,224.0,1.0,101.95,2018,18040,,건강관리장비와용품,KOSDAQ
018310,3170.0,,,,64.0,,,,1.0,-239.24,2030,13810,2.06,건축제품,KOSDAQ
484120,1398.0,1731.0,2121.0,,34.0,144.0,279.5,,0.9141,-187.25,2021,18440,529.91,디스플레이장비및부품,KOSDAQ
067080,1431.0,,,,32.0,,,,0.7099,944.03,2016,10830,,제약,KOSDAQ
419530,1413.0,1645.0,1788.5,2033.0,226.0,233.0,302.0,375.0,1.0,-279.93,2039,19980,,방송과엔터테인먼트,KOSDAQ
446540,432.0,,,,-42.0,,,,,-242.2,1992,6850,,전자장비와기기,KOSDAQ
307180,1029.0,,,,-85.0,,,,0.4805,721.41,2001,5420,,디스플레이장비및부품,KOSDAQ
272110,844.0,1530.0,,,222.0,320.0,,,1.0,823.8,1966,24500,14.28,반도체와반도체장비,KOSDAQ
452280,632.0,,,,98.0,,,,,251.96,2000,10390,26.93,기계,KOSDAQ
102940,2090.0,,,,176.0,,,,1.0,1256.38,2007,15330,,제약,KOSDAQ
082800,593.0,,,,-192.0,,,,,227.68,1979,3260,,제약,KOSDAQ
314130,246.0,,,,-292.0,,,,,-386.68,1995,3815,,제약,KOSDAQ
214180,3758.0,4481.0,5180.5,5906.5,502.0,588.0,764.0,900.5,0.815,-3433.95,1952,15020,8.53,IT서비스,KOSDAQ
425040,2797.0,,,,248.0,,,,0.9014,485.91,1942,8860,24.02,반도체와반도체장비,KOSDAQ
036560,1105.0,,,,102.0,,,,,-120.03,1944,12340,6.86,기계,KOSDAQ
034810,22601.0,,,,418.0,,,,,7041.81,1945,6160,,종이와목재,KOSDAQ
190510,4599.0,3587.0,4628.0,,282.0,151.0,278.0,,1.0,-1122.24,1954,13870,9.72,핸드셋,KOSDAQ
042420,4368.0,,,,552.0,,,,0.5479,-3572.69,1930,23700,30.93,게임엔터테인먼트,KOSDAQ
459510,125.0,,,,-82.0,,,,,59.45,1934,14900,,기계,KOSDAQ
039830,3281.0,4097.0,4927.0,5673.0,445.0,634.0,879.0,1050.0,1.0,3092.35,1905,17700,10.89,레저용장비와제품,KOSDAQ
354320,1878.0,2265.0,2847.0,3356.0,62.0,154.0,307.0,417.0,1.0,762.77,1901,29750,,자동차부품,KOSDAQ
066620,4389.0,,,,458.0,,,,1.0,-3282.89,1901,25350,3.87,건설,KOSDAQ
016790,1130.0,,,,50.0,,,,1.0,-109.85,1873,994,,식품,KOSDAQ
143240,1212.0,,,,168.0,,,,1.0,-1754.22,1898,17680,10.8,상업서비스와공급품,KOSDAQ
115450,696.0,,,,-35.0,,,,,273.38,1878,2120,,제약,KOSDAQ
119830,485.0,,,,-3.0,,,,1.0,-1426.23,1874,7060,,반도체와반도체장비,KOSDAQ
192440,4637.0,,,,332.0,,,,1.0,-2095.52,1871,30100,4.88,핸드셋,KOSDAQ
388050,774.0,1050.0,,,88.0,133.0,,,1.0,-330.49,1871,10000,221.23,전기장비,KOSDAQ
049430,723.0,,,,180.0,,,,0.9996,-1237.01,1868,20650,5.39,기계,KOSDAQ
222040,2875.0,3993.0,4953.0,,40.0,370.0,486.5,,1.0,1086.38,1850,8970,,건강관리업체및서비스,KOSDAQ
064850,354.0,586.0,692.0,780.0,107.0,293.0,364.0,414.0,1.0,-140.68,1868,16370,10.28,IT서비스,KOSDAQ
094820,2520.0,,,,241.0,,,,0.9492,287.08,1829,12130,18.23,건설,KOSDAQ
270660,344.0,,,,-32.0,,,,1.0,158.06,1827,14400,52.27,가정용기기와용품,KOSDAQ
357550,175.0,,,,39.0,,,,1.0,-126.49,1860,34100,88.99,화학,KOSDAQ
052710,2538.0,2618.0,3099.0,,55.0,88.0,311.0,,1.0,1026.78,1838,10820,,핸드셋,KOSDAQ
204610,695.0,,,,170.0,,,,0.8236,-634.56,1836,3295,14.64,게임엔터테인먼트,KOSDAQ
078150,1603.0,,,,62.0,,,,1.0,-273.49,1818,1915,2.56,디스플레이장비및부품,KOSDAQ
220100,187.0,,,,-78.0,,,,,-163.35,1835,8180,,제약,KOSDAQ
464080,61.0,,,,-161.0,,,,,83.19,1819,10100,,전자장비와기기,KOSDAQ
126700,1711.0,2891.0,3802.67,4877.0,-326.0,174.0,386.33,584.0,1.0,-708.12,1806,12090,6.29,핸드셋,KOSDAQ
126600,3979.0,,,,173.0,,,,1.0,1364.79,1823,2905,,화학,KOSDAQ
950140,2168.0,,,,374.0,,,,1.0,-316.98,1798,9050,12.77,화장품,KOSDAQ
402030,340.0,,,,-99.0,,,,,-167.68,1803,14400,,소프트웨어,KOSDAQ
216080,769.0,,,,38.0,,,,1.0,961.77,1786,4790,19.87,건강관리장비와용품,KOSDAQ
054210,7532.0,,,,432.0,,,,1.0,2009.3,1758,6950,17.37,핸드셋,KOSDAQ
083310,2449.0,,,,-81.0,,,,0.7005,-626.2,1751,9830,6.71,반도체와반도체장비,KOSDAQ
260970,1509.0,,,,230.0,,,,,-585.31,1765,61000,5.95,식품,KOSDAQ
264850,696.0,,,,39.0,,,,1.0,-71.5,1721,5680,24.64,전자장비와기기,KOSDAQ
108380,2301.0,2451.0,2563.0,2656.0,271.0,295.0,320.0,336.0,1.0,-1158.26,1767,18470,13.38,조선,KOSDAQ
293780,37.0,,,,-158.0,,,,,-126.56,1733,6170,,건강관리업체및서비스,KOSDAQ
086820,152.0,,,,-43.0,,,,1.0,75.28,1745,6730,,생물공학,KOSDAQ
138610,327.0,,,,50.0,,,,,-123.22,1762,15500,,건강관리장비와용품,KOSDAQ
143160,3276.0,,,,212.0,,,,0.7318,-911.64,1731,16150,11.45,전자장비와기기,KOSDAQ
092130,500.0,533.0,559.0,584.0,156.0,160.0,169.0,178.0,1.0,-398.75,1715,14240,14.25,상업서비스와공급품,KOSDAQ
080160,2104.0,1912.0,2327.0,2486.0,74.0,51.0,187.0,205.0,0.9968,-1003.64,1729,9150,28.02,"호텔,레스토랑,레저",KOSDAQ
083930,3929.0,,,,346.0,,,,1.0,-145.17,1717,11700,55.18,전기제품,KOSDAQ
176750,386.0,,,,74.0,,,,1.0,17.19,1718,6030,36.52,제약,KOSDAQ
230240,1420.0,1193.0,2257.0,2806.0,-16.0,-244.0,225.0,540.0,1.0,430.15,1712,12860,127.22,통신장비,KOSDAQ
308430,19.0,,,,-82.0,,,,,-373.14,1718,13310,,제약,KOSDAQ
372170,1002.0,,,,-316.0,,,,1.0,-529.84,1715,21500,36.77,전자장비와기기,KOSDAQ
199820,1960.0,,,,118.0,,,,0.9887,8.52,1700,7650,13.91,전기장비,KOSDAQ
179290,672.0,,,,207.0,,,,1.0,-589.52,1699,5250,16.99,건강관리장비와용품,KOSDAQ
134580,486.0,,,,37.0,,,,,-80.71,1701,3450,,양방향미디어와서비스,KOSDAQ
355150,152.0,230.0,576.5,,2.0,53.0,175.0,,,215.76,1708,21900,,반도체와반도체장비,KOSDAQ
489460,285.0,381.0,,,42.0,108.0,,,1.0,-150.68,1698,11510,45.22,화장품,KOSDAQ
417030,67.0,,,,-166.0,,,,,-59.41,1684,29150,,우주항공과국방,KOSDAQ
382800,919.0,1446.0,1910.0,,78.0,275.0,354.0,,1.0,-134.45,1681,5280,9.58,반도체와반도체장비,KOSDAQ
126730,383.0,,,,11.0,,,,1.0,-242.16,1692,19290,24.55,전기제품,KOSDAQ
394800,117.0,,,,-59.0,,,,,-90.76,1702,5350,,건강관리기술,KOSDAQ
041920,649.0,940.0,1258.0,,60.0,160.0,234.0,,1.0,-859.22,1679,9030,12.95,건강관리장비와용품,KOSDAQ
245620,79.0,,,,-16.0,,,,1.0,34.89,1671,741,,생명과학도구및서비스,KOSDAQ
101970,1009.0,,,,7.0,,,,,-90.54,1671,11300,,에너지장비및서비스,KOSDAQ
038390,3656.0,,,,468.0,,,,1.0,3653.37,1675,10020,8.05,도로와철도운송,KOSDAQ
086670,1470.0,,,,153.0,,,,1.0,809.49,1668,16800,7.29,기계,KOSDAQ
234690,1647.0,,,,173.0,,,,1.0,857.96,1671,9300,22.4,제약,KOSDAQ
046120,579.0,,,,-140.0,,,,1.0,419.74,1650,4875,,에너지장비및서비스,KOSDAQ
012860,10441.0,,,,368.0,,,,0.9579,2204.76,1648,2250,16.66,자동차부품,KOSDAQ
049630,1645.0,,,,107.0,,,,1.0,246.38,1647,7050,41.99,핸드셋,KOSDAQ
256840,959.0,,,,16.0,,,,1.0,-675.12,1648,2410,9.78,건강관리장비와용품,KOSDAQ
068790,1555.0,,,,42.0,,,,0.9245,315.45,1636,7250,4.92,디스플레이장비및부품,KOSDAQ
403850,939.0,,,,194.0,,,,1.0,-1696.7,1645,11460,17.43,방송과엔터테인먼트,KOSDAQ
093190,1335.0,,,,159.0,,,,0.9995,-434.4,1626,8450,9.91,컴퓨터와주변기기,KOSDAQ
066410,173.0,,,,-62.0,,,,,18.04,1596,1153,,IT서비스,KOSDAQ
114840,2241.0,2450.0,2640.0,2790.0,271.0,230.0,250.0,290.0,1.0,-305.94,1635,9800,11.28,화장품,KOSDAQ
123860,1082.0,,,,202.0,,,,,-567.66,1631,13450,94.34,디스플레이장비및부품,KOSDAQ
023910,2086.0,2220.0,2325.0,2430.0,312.0,326.0,345.0,364.0,,-1146.97,1620,27000,5.86,제약,KOSDAQ
046070,2710.0,,,,4.0,,,,1.0,1072.44,1592,10280,,자동차부품,KOSDAQ
072870,1273.0,,,,205.0,,,,0.926,-858.27,1631,13680,5.99,교육서비스,KOSDAQ
199430,159.0,,,,-75.0,,,,,81.8,1621,14480,,기계,KOSDAQ
118990,7023.0,,,,418.0,,,,0.5905,2052.83,1617,6590,13.47,자동차부품,KOSDAQ
475040,181.0,,,,-586.0,,,,,-625.4,1632,3035,,소프트웨어,KOSDAQ
032620,1977.0,,,,75.0,,,,0.9777,84.33,1621,3105,,건강관리기술,KOSDAQ
123410,7859.0,,,,454.0,,,,0.9904,347.1,1612,5790,3.3,자동차부품,KOSDAQ
122990,3212.0,,,,-363.0,,,,1.0,-327.24,1620,6080,16.58,핸드셋,KOSDAQ
024800,670.0,,,,12.0,,,,0.9523,551.77,1566,4445,1.43,도로와철도운송,KOSDAQ
104480,3458.0,,,,24.0,,,,,802.66,1597,1757,,화학,KOSDAQ
042600,1649.0,,,,-26.0,,,,,635.71,1600,12880,,가정용기기와용품,KOSDAQ
264450,1164.0,1277.0,1452.0,1613.0,231.0,278.0,293.0,350.0,1.0,-698.33,1566,10680,6.43,통신장비,KOSDAQ
263860,484.0,556.0,610.0,679.0,70.0,116.0,131.0,149.0,0.9978,-362.71,1563,17210,19.07,소프트웨어,KOSDAQ
119610,1184.0,1392.0,1604.2,1877.0,195.0,297.0,378.4,474.5,1.0,285.02,1582,13860,95.57,건강관리장비와용품,KOSDAQ
011040,1963.0,,,,77.0,,,,1.0,-19.89,1563,5080,,제약,KOSDAQ
046440,2338.0,2359.0,2426.0,2494.0,331.0,352.0,396.0,425.0,1.0,-307.79,1544,4260,4.86,IT서비스,KOSDAQ
382900,434.0,760.0,1160.0,,9.0,40.0,100.0,,1.0,997.06,1575,17980,,전기제품,KOSDAQ
078070,1557.0,,,,306.0,,,,0.6055,-1088.16,1546,9060,17.12,통신장비,KOSDAQ
054800,9081.0,,,,897.0,,,,0.501,-1775.26,1563,15100,5.59,컴퓨터와주변기기,KOSDAQ
389020,106.0,,,,-71.0,,,,,14.38,1550,22450,,통신장비,KOSDAQ
405100,689.0,850.0,1100.0,,48.0,122.0,215.0,,0.9799,35.24,1546,12580,68.3,반도체와반도체장비,KOSDAQ
023600,5399.0,,,,299.0,,,,0.848,-646.76,1527,9540,2.85,포장재,KOSDAQ
093640,90.0,,,,-102.0,,,,,-21.88,1539,4685,,반도체와반도체장비,KOSDAQ
089600,1179.0,1336.0,1530.0,1740.0,123.0,252.0,295.0,346.0,,-1430.93,1542,13330,15.43,광고,KOSDAQ
032580,536.0,,,,-21.0,,,,,-41.06,1557,4700,50.92,반도체와반도체장비,KOSDAQ
251370,1446.0,,,,129.0,,,,,442.69,1497,8310,,화학,KOSDAQ
041020,3242.0,,,,91.0,,,,0.3606,-1536.6,1493,3005,10.2,자동차부품,KOSDAQ
007330,1017.0,,,,169.0,,,,,,1523,10100,8.34,기타금융,KOSDAQ
138360,234.0,,,,6.0,,,,,106.26,1530,1739,,기계,KOSDAQ
126640,3789.0,,,,118.0,,,,,-317.56,1504,4290,6.89,자동차부품,KOSDAQ
300080,360.0,,,,62.0,,,,1.0,-183.46,1502,9100,,양방향미디어와서비스,KOSDAQ
092070,791.0,,,,-7.0,,,,,-228.5,1490,12880,53.57,반도체와반도체장비,KOSDAQ
024060,1079.0,,,,-10.0,,,,,-17.12,1492,9950,106.27,석유와가스,KOSDAQ
187870,841.0,,,,173.0,,,,1.0,-619.0,1505,10860,14.43,디스플레이장비및부품,KOSDAQ
039840,1641.0,1905.0,2152.0,2560.0,101.0,233.0,296.0,350.0,1.0,374.67,1489,11100,107.43,건강관리장비와용품,KOSDAQ
065660,75.0,,,,-24.0,,,,,-426.85,1486,14850,,제약,KOSDAQ
039860,381.0,,,,11.0,,,,1.0,-470.57,1486,3900,,생명과학도구및서비스,KOSDAQ
049960,531.0,,,,79.0,,,,1.0,-962.25,1481,15760,16.73,생물공학,KOSDAQ
289080,210.0,214.0,,,-84.0,-27.0,,,1.0,,1479,2460,26.58,창업투자,KOSDAQ
101360,1420.0,,,,-6.0,,,,1.0,2124.25,1480,8320,,화학,KOSDAQ
205500,367.0,,,,14.0,,,,,297.34,1479,1817,4.0,게임엔터테인먼트,KOSDAQ
445180,1425.0,,,,172.0,,,,,-285.13,1478,8600,13.04,반도체와반도체장비,KOSDAQ
048870,1131.0,,,,192.0,,,,0.2692,-607.3,1478,1677,97.97,건강관리장비와용품,KOSDAQ
051160,5871.0,,,,251.0,,,,0.6576,-1519.53,1475,9530,13.97,판매업체,KOSDAQ
005990,21962.0,,,,640.0,,,,0.4628,-916.14,1436,10800,2.25,식품,KOSDAQ
265740,716.0,986.0,1233.0,,125.0,178.0,222.0,,,-29.83,1445,8090,18.0,화장품,KOSDAQ
331920,58.0,,,,-33.0,,,,1.0,-219.01,1448,12950,,생물공학,KOSDAQ
051370,4680.0,4553.0,4827.0,4730.0,286.0,172.0,290.5,260.0,1.0,-655.77,1439,6170,9.08,전자장비와기기,KOSDAQ
054450,1928.0,2465.0,2839.0,3305.0,-62.0,170.0,257.0,325.0,0.9944,1215.68,1457,9620,7.75,반도체와반도체장비,KOSDAQ
413630,193.0,235.0,251.0,272.0,21.0,40.0,58.0,65.0,1.0,-124.9,1443,3960,,기계,KOSDAQ
013990,1891.0,,,,140.0,,,,1.0,-213.4,1434,4360,9.63,"섬유,의류,신발,호화품",KOSDAQ
001540,3069.0,,,,98.0,,,,1.0,131.61,1426,10930,95.13,제약,KOSDAQ
418550,552.0,,,,-42.0,,,,,-14.81,1447,4520,48.64,건설,KOSDAQ
274090,764.0,,,,-92.0,,,,,180.77,1417,10290,,우주항공과국방,KOSDAQ
067280,3308.0,,,,319.0,,,,0.9923,-1475.99,1416,23900,6.41,교육서비스,KOSDAQ
060150,1872.0,,,,182.0,,,,1.0,427.16,1424,3125,200.2,상업서비스와공급품,KOSDAQ
079960,5965.0,,,,536.0,,,,1.0,-1734.02,1424,18860,3.48,전기제품,KOSDAQ
153890,222.0,,,,-8.0,,,,1.0,-193.95,1416,11750,,기계,KOSDAQ
293580,292.0,,,,73.0,,,,1.0,,1415,1491,55.46,창업투자,KOSDAQ
005160,7278.0,,,,70.0,,,,,2388.03,1413,2605,,철강,KOSDAQ
088800,1784.0,,,,-222.0,,,,,621.37,1413,1872,,통신장비,KOSDAQ
340450,315.0,383.0,470.0,638.0,12.0,31.0,65.0,138.0,,-382.78,1412,5970,36.97,생명과학도구및서비스,KOSDAQ
036170,317.0,,,,24.0,,,,1.0,-7.71,1408,2295,6.73,디스플레이장비및부품,KOSDAQ
148150,2779.0,2964.0,3587.0,,18.0,35.0,341.0,,1.0,-518.57,1407,3960,21.79,핸드셋,KOSDAQ
147830,379.0,,,,106.0,,,,,-828.47,1410,7050,9.9,전기장비,KOSDAQ
494120,73.0,152.0,,,-75.0,-17.0,,,,-144.65,1413,9260,,생명과학도구및서비스,KOSDAQ
035080,30616.0,,,,-296.0,,,,,195.01,1400,12250,,인터넷과카탈로그소매,KOSDAQ
408920,728.0,,,,190.0,,,,1.0,-569.05,1405,3250,19.22,양방향미디어와서비스,KOSDAQ
469610,757.0,,,,86.0,,,,0.9609,-316.4,1405,15710,22.11,디스플레이장비및부품,KOSDAQ
038290,1953.0,,,,2.0,,,,,354.7,1392,12840,,생명과학도구및서비스,KOSDAQ
003100,1904.0,,,,414.0,,,,1.0,1914.75,1393,21100,3.97,운송인프라,KOSDAQ
086890,567.0,,,,16.0,,,,,-19.21,1399,3430,56.06,제약,KOSDAQ
084990,26.0,,,,-99.0,,,,,-816.63,1383,3000,,생물공학,KOSDAQ
226590,965.0,,,,115.0,,,,1.0,53.28,1379,12870,12.86,반도체와반도체장비,KOSDAQ
035610,1207.0,,,,246.0,,,,0.6045,-2148.7,1376,5030,2.99,건강관리기술,KOSDAQ
255220,1022.0,,,,8.0,,,,,513.11,1383,1262,,건축자재,KOSDAQ
334970,125.0,238.14,,,-337.0,-491.29,,,,844.28,1392,1790,,제약,KOSDAQ
041520,379.0,,,,-9.0,,,,1.0,-876.69,1359,11150,,반도체와반도체장비,KOSDAQ
069510,4682.0,,,,458.0,,,,1.0,-1464.61,1375,12600,4.49,전자장비와기기,KOSDAQ
115310,287.0,,,,65.0,,,,1.0,-648.84,1350,9100,9.48,IT서비스,KOSDAQ
489500,202.0,334.0,439.0,516.0,46.0,110.0,158.0,190.0,1.0,-248.17,1358,21250,51.22,반도체와반도체장비,KOSDAQ
047770,397.0,,,,24.0,,,,0.9886,-312.35,1370,3620,18.26,"섬유,의류,신발,호화품",KOSDAQ
338840,29.0,,,,-93.0,,,,,-255.41,1375,8950,,생물공학,KOSDAQ
140670,670.0,,,,-36.0,,,,,-161.48,1348,10500,,기계,KOSDAQ
474650,131.0,245.0,454.0,727.0,-74.0,-77.0,82.0,249.0,,-1.21,1334,23200,,기계,KOSDAQ
264660,1962.0,,,,247.0,,,,1.0,-453.96,1333,13710,8.74,반도체와반도체장비,KOSDAQ
049720,1780.0,1840.0,1910.0,,167.0,180.0,180.0,,1.0,58.56,1326,9270,11.57,상업서비스와공급품,KOSDAQ
136540,986.0,,,,212.0,,,,0.9997,-961.66,1315,10710,7.98,소프트웨어,KOSDAQ
473980,757.0,,,,123.0,,,,1.0,-101.8,1311,12050,20.17,방송과엔터테인먼트,KOSDAQ
417010,403.0,,,,-5.0,,,,1.0,631.09,1309,6490,59.86,전자장비와기기,KOSDAQ
457550,448.0,,,,51.0,,,,,-288.53,1307,14030,23.88,에너지장비및서비스,KOSDAQ
080420,3581.0,,,,279.0,,,,0.9691,4974.63,1306,1638,,전문소매,KOSDAQ
322510,33.0,,,,-132.0,,,,,-104.3,1307,5080,,건강관리기술,KOSDAQ
432720,54.0,,,,-245.0,,,,,-334.01,1292,9110,,반도체와반도체장비,KOSDAQ
108230,1710.0,,,,-31.0,,,,1.0,-1201.66,1287,3385,5.09,기계,KOSDAQ
394420,88.0,185.0,281.0,394.0,-106.0,-26.0,52.0,135.0,1.0,-76.96,1288,11710,,건강관리장비와용품,KOSDAQ
009780,1977.0,,,,297.0,,,,1.0,214.11,1285,7300,5.02,식품,KOSDAQ
321550,123.0,,,,-161.0,,,,,95.09,1287,4285,,제약,KOSDAQ
036690,851.0,,,,-142.0,,,,,233.68,1257,2885,,통신장비,KOSDAQ
102120,2441.0,,,,101.0,,,,1.0,401.33,1278,7190,,반도체와반도체장비,KOSDAQ
285490,556.0,,,,67.0,,,,1.0,-899.44,1275,12060,8.54,핸드셋,KOSDAQ
146320,876.0,1142.0,1392.0,1737.0,39.0,93.0,162.0,219.0,1.0,778.28,1275,9960,222.85,반도체와반도체장비,KOSDAQ
240550,1135.0,1312.0,,,170.0,238.0,,,1.0,66.37,1258,6010,13.65,건강관리장비와용품,KOSDAQ
086980,627.0,,,,-117.0,,,,1.0,-266.71,1274,2040,,방송과엔터테인먼트,KOSDAQ
094840,212.0,,,,39.0,,,,1.0,-719.61,1276,13010,1.89,전자장비와기기,KOSDAQ
192410,167.0,,,,-18.0,,,,,-103.69,1269,5040,,통신장비,KOSDAQ
220260,568.0,,,,10.0,,,,,-46.94,1260,3930,67.83,화학,KOSDAQ
388790,177.0,,,,6.0,,,,,-49.06,1260,4115,,통신장비,KOSDAQ
267320,824.0,,,,-89.0,,,,1.0,113.53,1249,2175,16.13,전기제품,KOSDAQ
048550,1005.0,,,,-13.0,,,,,-561.15,1251,1294,,광고,KOSDAQ
095700,46.0,,,,-362.0,,,,,890.62,1246,2735,,생물공학,KOSDAQ
361390,596.0,,,,-21.0,,,,,-300.53,1258,12920,75.61,우주항공과국방,KOSDAQ
142210,7690.0,9459.0,,,323.0,666.0,,,1.0,920.07,1245,6000,4.17,반도체와반도체장비,KOSDAQ
211270,478.0,,,,-43.0,,,,,-696.04,1243,8240,19.51,통신장비,KOSDAQ
056090,472.0,596.0,735.0,,38.0,29.0,76.0,,1.0,-63.24,1239,1200,114.27,건강관리장비와용품,KOSDAQ
297890,628.0,,,,44.0,,,,1.0,-147.31,1242,1698,4.72,디스플레이장비및부품,KOSDAQ
950190,1125.0,,,,153.0,,,,1.0,-850.92,1237,9500,6.95,게임엔터테인먼트,KOSDAQ
052260,1305.0,,,,127.0,,,,1.0,-194.61,1240,4135,18.58,화장품,KOSDAQ
095190,925.0,,,,-48.0,,,,,424.25,1229,1883,,기계,KOSDAQ
149950,809.0,828.0,1259.0,1873.0,61.0,82.0,224.0,478.0,,-491.16,1230,9000,47.4,디스플레이장비및부품,KOSDAQ
307750,1310.0,,,,-26.0,,,,1.0,74.82,1223,2265,63.47,제약,KOSDAQ
322310,521.0,636.0,,,-84.0,15.0,,,1.0,408.78,1233,13160,81.09,반도체와반도체장비,KOSDAQ
032940,1507.0,,,,89.0,,,,0.987,596.35,1219,6700,,화장품,KOSDAQ
027710,14559.0,,,,350.0,,,,0.9817,3748.51,1217,1092,17.86,식품,KOSDAQ
458650,856.0,,,,10.0,,,,0.97,-1393.45,1216,8080,12.21,전기제품,KOSDAQ
008830,2209.0,,,,2.0,,,,,1256.91,1216,6340,39.95,기계,KOSDAQ
122450,3461.0,3892.0,4197.0,4450.0,384.0,547.0,598.0,651.0,0.7226,607.26,1221,2725,13.27,복합기업,KOSDAQ
228850,1147.0,1408.0,1579.5,1787.0,-40.0,120.0,147.0,176.5,0.9932,-1417.37,1211,7300,7.91,건강관리장비와용품,KOSDAQ
021320,18334.0,,,,883.0,,,,,1805.25,1213,5670,10.38,건설,KOSDAQ
212560,2321.0,,,,137.0,,,,,-305.58,1214,9000,6.22,자동차부품,KOSDAQ
232680,538.0,,,,40.0,,,,1.0,-88.07,1214,9160,51.11,반도체와반도체장비,KOSDAQ
282880,1547.0,2216.0,2646.0,3044.0,-254.0,-5.0,150.0,170.0,1.0,694.96,1196,10230,25.1,기계,KOSDAQ
073010,955.0,,,,115.0,,,,1.0,291.54,1210,3010,8.49,조선,KOSDAQ
418420,87.0,,,,-58.0,,,,,114.7,1196,3885,,반도체와반도체장비,KOSDAQ
299030,938.0,1657.0,2999.0,4284.0,-0.0,65.0,346.0,574.0,1.0,521.77,1195,14950,,전자장비와기기,KOSDAQ
189330,103.0,,,,-32.0,,,,,-187.99,1194,12730,,IT서비스,KOSDAQ
040350,109.0,,,,-64.0,,,,,274.68,1193,6010,,IT서비스,KOSDAQ
163730,916.0,1500.0,2431.0,3325.0,15.0,73.0,159.0,296.0,0.8945,-146.32,1196,9950,26.73,IT서비스,KOSDAQ
041440,2896.0,,,,54.0,,,,1.0,736.52,1192,6680,17.8,기계,KOSDAQ
474170,106.0,,,,-6.0,,,,,-305.55,1194,6700,,우주항공과국방,KOSDAQ
396300,858.0,1291.0,,,-18.0,76.0,,,,486.56,1187,4480,16.99,전자장비와기기,KOSDAQ
452450,651.0,,,,-212.0,,,,1.0,-2.55,1185,3290,,IT서비스,KOSDAQ
417500,536.0,,,,104.0,,,,1.0,238.61,1180,3600,35.48,반도체와반도체장비,KOSDAQ
451760,869.0,,,,-162.0,,,,,-814.91,1180,7150,,우주항공과국방,KOSDAQ
106190,702.0,,,,129.0,,,,,-29.79,1180,11100,12.28,제약,KOSDAQ
478340,132.0,,,,-55.0,,,,,-352.83,1180,10200,,우주항공과국방,KOSDAQ
041590,180.0,,,,-20.0,,,,1.0,-245.29,1161,2370,,건설,KOSDAQ
339950,1195.0,,,,191.0,,,,1.0,-261.83,1175,2615,10.75,교육서비스,KOSDAQ
308080,0.23,,,,-171.0,,,,,-221.44,1177,5740,,제약,KOSDAQ
475230,595.0,1030.0,,,45.0,130.0,,,0.7541,756.53,1176,10790,,건설,KOSDAQ
059120,246.0,,,,10.0,,,,,-176.83,1179,6440,200.72,반도체와반도체장비,KOSDAQ
053080,4635.0,,,,-620.0,,,,1.0,1094.59,1179,9070,20.2,기계,KOSDAQ
067290,810.0,,,,75.0,,,,1.0,33.37,1177,2100,,제약,KOSDAQ
333430,507.0,,,,109.0,,,,0.5446,-246.78,1168,3800,22.24,조선,KOSDAQ
063570,3840.0,4556.0,5037.0,5558.0,307.0,371.0,430.0,480.0,0.9939,2340.34,1170,3425,14.73,상업서비스와공급품,KOSDAQ
049520,4123.0,,,,264.0,,,,0.9983,-908.09,1175,3810,10.42,핸드셋,KOSDAQ
158430,676.0,,,,104.0,,,,0.71,74.77,1174,4795,10.15,소프트웨어,KOSDAQ
366030,450.0,,,,68.0,,,,1.0,-294.77,1167,5150,13.84,"섬유,의류,신발,호화품",KOSDAQ
402490,1022.0,,,,60.0,,,,0.9721,445.94,1158,6840,84.73,반도체와반도체장비,KOSDAQ
037070,1679.0,,,,33.0,,,,,16.91,1158,5790,257.75,가정용기기와용품,KOSDAQ
090850,1426.0,,,,242.0,,,,1.0,-804.57,1151,5120,,상업서비스와공급품,KOSDAQ
038540,4186.0,,,,-482.0,,,,,-438.02,1148,2075,,기타금융,KOSDAQ
037350,7434.0,,,,577.0,,,,1.0,-668.6,1147,7540,137.55,건설,KOSDAQ
256940,1701.0,,,,16.0,,,,0.6904,660.22,1148,5720,30.53,비철금속,KOSDAQ
259630,1842.0,1830.0,,,246.0,252.0,,,1.0,-263.69,1134,9280,7.09,전기제품,KOSDAQ
017510,323.0,,,,148.0,,,,,-140.83,1134,7440,32.85,전기장비,KOSDAQ
217270,1225.0,,,,25.0,,,,0.4093,-284.84,1140,2440,,게임엔터테인먼트,KOSDAQ
453450,1256.0,,,,8.0,,,,1.0,-202.99,1146,14430,,전기유틸리티,KOSDAQ
330350,1064.0,,,,57.0,,,,,-23.11,1131,8570,16.13,제약,KOSDAQ
036630,2842.0,,,,-108.0,,,,1.0,734.93,1145,8180,4.45,다각화된통신서비스,KOSDAQ
246710,270.0,403.0,,,-91.0,-8.0,,,,227.32,1127,2365,,생물공학,KOSDAQ
488280,101.0,190.0,,,-56.0,13.0,,,1.0,-119.59,1130,10440,,IT서비스,KOSDAQ
101170,571.0,,,,12.0,,,,1.0,-66.86,1118,8280,16.96,기계,KOSDAQ
242040,1023.0,,,,23.0,,,,,-94.35,1113,3215,,IT서비스,KOSDAQ
115500,249.0,,,,21.0,,,,,-54.49,1110,9250,29.99,IT서비스,KOSDAQ
047310,6865.0,,,,-64.0,,,,1.0,382.87,1107,3025,14.17,핸드셋,KOSDAQ
054920,7712.0,,,,61.0,,,,0.8369,600.53,1116,3955,104.07,비철금속,KOSDAQ
067900,1170.0,,,,261.0,,,,1.0,339.48,1110,6100,5.49,해운사,KOSDAQ
297090,1261.0,1478.0,1503.0,,111.0,137.0,168.0,,1.0,-6.78,1110,4070,,기계,KOSDAQ
054050,1588.0,,,,136.0,,,,1.0,-104.8,1101,6870,12.97,생물공학,KOSDAQ
311320,546.0,691.0,,,44.0,108.0,,,1.0,-133.74,1106,8770,67.36,반도체와반도체장비,KOSDAQ
021080,706.0,,,,320.0,,,,,,1097,2285,8.57,창업투자,KOSDAQ
018120,998.0,,,,140.0,,,,0.969,-372.16,1092,16500,17.3,음료,KOSDAQ
290720,868.0,,,,-82.0,,,,0.997,172.58,1093,2865,,식품,KOSDAQ
123040,17406.0,,,,313.0,,,,0.2442,3992.16,1082,1728,19.71,자동차부품,KOSDAQ
067990,25491.0,,,,408.0,,,,1.0,9382.17,1090,3735,13.82,자동차,KOSDAQ
141000,651.0,716.0,,,92.0,55.0,,,1.0,-784.79,1090,9000,65.75,디스플레이장비및부품,KOSDAQ
120240,1081.0,,,,112.0,,,,,-764.08,1081,15040,9.28,화학,KOSDAQ
105330,811.0,,,,-30.0,,,,1.0,751.4,1080,6740,56.13,반도체와반도체장비,KOSDAQ
039340,759.0,,,,-24.0,,,,1.0,-251.67,1081,4915,12.69,방송과엔터테인먼트,KOSDAQ
059210,1030.0,1201.0,1478.0,1918.0,214.0,229.0,309.0,407.0,1.0,82.46,1071,3940,10.32,건강관리장비와용품,KOSDAQ
109740,432.0,,,,-227.0,,,,0.9111,-60.64,1079,4195,42.72,전자장비와기기,KOSDAQ
166480,202.0,,,,-212.0,,,,,332.14,1079,2040,,생물공학,KOSDAQ
053700,16846.0,,,,617.0,,,,1.0,3565.92,1069,4000,4.25,자동차부품,KOSDAQ
474610,382.0,454.0,633.6,,41.0,55.0,96.4,,,-100.79,1062,7370,,우주항공과국방,KOSDAQ
310200,1503.0,,,,227.0,,,,0.8595,-170.91,1069,2050,16.62,방송과엔터테인먼트,KOSDAQ
051360,6403.0,,,,572.0,,,,0.9643,549.41,1062,11010,14.37,디스플레이장비및부품,KOSDAQ
051980,198.0,,,,-46.0,,,,,-49.4,1066,960,,통신장비,KOSDAQ
052860,369.0,,,,40.0,,,,1.0,2.28,1068,5980,,반도체와반도체장비,KOSDAQ
063170,213.0,,,,-40.0,,,,,803.77,1063,5980,,판매업체,KOSDAQ
073560,2871.0,,,,327.0,,,,1.0,842.77,1057,1527,1.0,식품,KOSDAQ
100700,637.0,,,,127.0,,,,0.977,-985.14,1056,2410,8.38,건강관리장비와용품,KOSDAQ
336680,5501.0,,,,89.0,,,,1.0,1393.57,1061,2710,8.5,자동차부품,KOSDAQ
066590,3686.0,,,,5.0,,,,1.0,850.77,1042,2695,9.74,자동차부품,KOSDAQ
396470,152.0,250.0,,,25.0,60.0,,,1.0,-572.58,1040,6450,53.8,반도체와반도체장비,KOSDAQ
042510,638.0,625.0,718.0,814.0,28.0,32.0,68.0,90.0,0.9992,-18.92,1053,9480,23.76,소프트웨어,KOSDAQ
475580,630.0,,,,-105.0,,,,1.0,129.12,1041,7640,50.9,교육서비스,KOSDAQ
039560,5418.0,,,,385.0,,,,,702.8,1051,2450,,통신장비,KOSDAQ
338220,348.0,,,,-49.0,,,,,-241.86,1036,7400,,건강관리기술,KOSDAQ
290740,2449.0,,,,66.0,,,,1.0,-371.48,1022,10150,14.12,핸드셋,KOSDAQ
246720,26.0,,,,-26.0,,,,,-87.65,994,6070,,건강관리장비와용품,KOSDAQ
042500,1831.0,,,,143.0,,,,1.0,-278.79,1023,4590,5.17,IT서비스,KOSDAQ
071280,1249.0,,,,144.0,,,,1.0,-525.09,1020,6670,10.75,반도체와반도체장비,KOSDAQ
074430,220.0,,,,36.0,,,,1.0,-363.95,1021,1158,48.45,제약,KOSDAQ
131030,872.0,,,,89.0,,,,,-408.55,1024,5800,7.99,제약,KOSDAQ
362320,2174.0,,,,54.0,,,,0.6083,212.46,1018,4920,,인터넷과카탈로그소매,KOSDAQ
309960,264.0,,,,97.0,,,,1.0,,1022,4400,16.41,창업투자,KOSDAQ
298540,4775.0,,,,70.0,,,,1.0,1164.89,1014,7000,5.4,"섬유,의류,신발,호화품",KOSDAQ
079650,451.0,,,,-33.0,,,,1.0,-524.86,1014,5070,20.57,건축자재,KOSDAQ
053260,1772.0,,,,15.0,,,,1.0,-775.6,1011,5400,21.92,철강,KOSDAQ
307930,216.0,,,,98.0,,,,,,1002,6420,,창업투자,KOSDAQ
357880,156.0,,,,-44.0,,,,,84.59,1005,1854,,IT서비스,KOSDAQ
006620,2427.0,,,,92.0,,,,1.0,722.56,999,3510,13.64,제약,KOSDAQ
487400,178.0,,,,-18.0,,,,,-32.27,995,9700,,통신장비,KOSDAQ
005860,4549.0,,,,59.0,,,,1.0,55.91,989,2510,1.5,식품,KOSDAQ
086710,808.0,,,,61.0,,,,0.8147,591.72,998,8180,17.85,화장품,KOSDAQ
352090,697.0,,,,119.0,,,,1.0,-300.89,988,3675,10.47,가정용기기와용품,KOSDAQ
380550,26.0,,,,-165.0,,,,,-176.71,989,8110,,건강관리기술,KOSDAQ
083500,737.0,650.0,1155.0,1390.0,104.0,161.0,288.0,370.0,0.859,-123.19,983,11840,54.75,디스플레이장비및부품,KOSDAQ
036220,1286.0,,,,24.0,,,,1.0,9.5,993,6940,,생명과학도구및서비스,KOSDAQ
250060,51.0,,,,-29.0,,,,,-342.15,989,3075,,소프트웨어,KOSDAQ
066790,183.0,,,,-50.0,,,,1.0,-131.24,974,2205,43.92,방송과엔터테인먼트,KOSDAQ
068240,1121.0,,,,-1207.0,,,,0.9473,3527.83,966,2530,125.7,기계,KOSDAQ
002230,972.0,,,,53.0,,,,1.0,-568.42,982,5330,19.7,전기제품,KOSDAQ
387690,146.0,,,,28.0,,,,0.976,92.78,972,12750,,건강관리장비와용품,KOSDAQ
052420,1657.0,,,,301.0,,,,1.0,-1266.36,966,9920,9.19,디스플레이장비및부품,KOSDAQ
040300,1342.0,,,,-136.0,,,,,-1432.69,963,2020,,방송과엔터테인먼트,KOSDAQ
049950,409.0,,,,-247.0,,,,1.0,-281.55,959,10880,87.34,디스플레이장비및부품,KOSDAQ
088130,5824.0,,,,1132.0,,,,0.5105,-1160.61,958,5480,,디스플레이장비및부품,KOSDAQ
036010,1339.0,1336.0,1469.0,,83.0,83.0,118.0,,1.0,-425.22,952,7160,,전기제품,KOSDAQ
047560,1068.0,,,,-190.0,,,,,-338.45,954,8120,,소프트웨어,KOSDAQ
205100,478.0,,,,37.0,,,,0.7605,-728.89,952,1410,14.68,소프트웨어,KOSDAQ
348350,578.0,,,,51.0,,,,1.0,-790.07,950,9720,16.58,반도체와반도체장비,KOSDAQ
493330,450.0,730.0,990.0,,68.0,115.0,160.0,,1.0,-311.54,950,11820,10.1,전자장비와기기,KOSDAQ
013310,10089.0,,,,644.0,,,,1.0,8719.94,945,2435,3.16,자동차부품,KOSDAQ
017650,1688.0,,,,53.0,,,,1.0,-694.04,949,10800,3.89,포장재,KOSDAQ
129920,952.0,,,,-23.0,,,,,703.89,947,5830,,기계,KOSDAQ
255440,348.0,,,,-65.0,,,,,65.47,948,7260,,디스플레이장비및부품,KOSDAQ
217820,3907.0,,,,14.0,,,,1.0,695.57,945,1991,,전기제품,KOSDAQ
091440,134.0,,,,-246.0,,,,,681.51,944,2735,,통신장비,KOSDAQ
282720,2648.0,,,,4.0,,,,1.0,28.27,943,7780,7.14,에너지장비및서비스,KOSDAQ
052460,2065.0,3282.0,4876.0,5723.0,80.0,94.0,191.0,236.0,1.0,-28.77,942,6450,12.06,IT서비스,KOSDAQ
125210,1306.0,,,,94.0,,,,1.0,435.46,942,5710,15.38,화학,KOSDAQ
109610,5016.0,,,,-66.0,,,,0.5433,1499.62,938,1917,,건축자재,KOSDAQ
172670,484.0,636.0,737.0,,-74.0,60.0,143.0,,1.0,802.98,932,10400,36.16,반도체와반도체장비,KOSDAQ
235980,39.0,,,,-140.0,,,,,-340.08,939,2740,,제약,KOSDAQ
323990,71.0,,,,-155.0,,,,,-178.48,930,4000,,제약,KOSDAQ
452190,242.0,,,,20.0,,,,1.0,-95.15,928,3880,,전기제품,KOSDAQ
107600,384.0,,,,-94.0,,,,,170.1,926,16390,,전기제품,KOSDAQ
156100,389.0,,,,7.0,,,,1.0,79.67,925,4140,,건강관리장비와용품,KOSDAQ
053580,744.0,797.0,908.0,1030.0,135.0,131.0,154.0,176.0,,-228.44,925,7140,16.57,소프트웨어,KOSDAQ
317770,215.0,,,,-14.0,,,,,-106.7,920,2510,,전자장비와기기,KOSDAQ
187790,857.0,1092.0,1388.5,1767.0,55.0,74.0,148.5,217.0,1.0,164.05,919,2980,,화학,KOSDAQ
306620,758.0,,,,16.0,,,,,275.6,925,1930,,반도체와반도체장비,KOSDAQ
209640,461.0,,,,-35.0,,,,1.0,244.47,913,3210,368.21,전자장비와기기,KOSDAQ
357230,2582.0,2862.0,3217.0,3686.0,135.0,170.0,264.0,378.0,0.9211,-344.1,923,2235,10.85,건강관리업체및서비스,KOSDAQ
040420,1031.0,1018.0,1015.0,995.0,98.0,102.0,104.0,105.0,1.0,44.82,912,5820,8.24,교육서비스,KOSDAQ
078140,1021.0,,,,73.0,,,,0.8423,132.51,914,8240,24.28,제약,KOSDAQ
093920,1949.0,,,,34.0,,,,1.0,-1293.96,911,4900,7.49,핸드셋,KOSDAQ
023900,1635.0,,,,168.0,,,,0.7632,-133.27,908,7210,18.23,화학,KOSDAQ
413390,755.0,,,,44.0,,,,1.0,160.59,906,7820,9.78,전기제품,KOSDAQ
226400,454.0,576.0,726.5,865.0,89.0,118.0,157.0,176.0,1.0,87.07,908,4395,26.09,건강관리장비와용품,KOSDAQ
443670,545.0,,,,36.0,,,,1.0,-363.47,908,3780,621.9,IT서비스,KOSDAQ
419050,1442.0,,,,54.0,,,,1.0,1489.26,905,1582,32.36,자동차부품,KOSDAQ
322180,589.0,,,,-43.0,,,,,-105.55,900,4185,,IT서비스,KOSDAQ
950130,313.0,,,,-634.0,,,,,-2481.91,888,2525,,생명과학도구및서비스,KOSDAQ
099750,726.0,789.0,960.0,,22.0,50.0,95.0,,1.0,-37.03,902,6600,99.34,건강관리기술,KOSDAQ
029480,76.0,,,,-42.0,,,,1.0,-1877.83,893,1495,12.56,IT서비스,KOSDAQ
263720,855.0,642.0,621.0,705.0,173.0,99.0,89.0,119.0,1.0,-544.88,902,7270,77.1,출판,KOSDAQ
063080,992.0,,,,-68.0,,,,0.294,1549.29,894,13550,,게임엔터테인먼트,KOSDAQ
330730,255.0,,,,135.0,,,,,,891,4890,17.96,창업투자,KOSDAQ
025950,334.0,,,,-22.0,,,,,-662.04,887,10560,18.54,건설,KOSDAQ
149980,321.0,,,,41.0,,,,1.0,-34.47,887,5160,29.71,건강관리장비와용품,KOSDAQ
182360,872.0,,,,-73.0,,,,0.9626,-243.25,886,5700,24.07,방송과엔터테인먼트,KOSDAQ
009300,778.0,,,,110.0,,,,1.0,-908.15,884,13880,4.89,제약,KOSDAQ
089230,123.0,,,,-86.0,,,,,320.2,879,2230,,양방향미디어와서비스,KOSDAQ
064800,449.0,,,,-211.0,,,,1.0,-449.92,881,3445,,전문소매,KOSDAQ
048530,57.0,,,,-79.0,,,,,-384.22,879,2845,,생명과학도구및서비스,KOSDAQ
221800,256.0,,,,-24.0,,,,,-213.23,871,5340,84.36,건강관리업체및서비스,KOSDAQ
032300,876.0,,,,-9.0,,,,,55.51,870,7980,3079.42,제약,KOSDAQ
289930,407.0,,,,6.0,,,,,-530.18,877,6670,,우주항공과국방,KOSDAQ
096240,2209.0,2260.0,,,22.0,100.0,,,1.0,260.62,870,8500,12.71,교육서비스,KOSDAQ
004650,1223.0,,,,159.0,,,,1.0,178.14,868,9440,,음료,KOSDAQ
282620,3466.0,,,,322.0,,,,1.0,587.25,863,14730,,"섬유,의류,신발,호화품",KOSDAQ
086960,1877.0,,,,58.0,,,,1.0,-374.63,868,2040,98.01,소프트웨어,KOSDAQ
044990,819.0,,,,97.0,,,,1.0,-356.64,868,11290,4.16,전자장비와기기,KOSDAQ
478560,573.0,,,,93.0,,,,1.0,224.28,867,3355,,"섬유,의류,신발,호화품",KOSDAQ
053350,328.0,,,,-24.0,,,,1.0,-1355.99,865,3930,,소프트웨어,KOSDAQ
337930,2741.0,,,,173.0,,,,0.9626,-5.29,859,2895,16.54,"섬유,의류,신발,호화품",KOSDAQ
058820,1052.0,,,,-37.0,,,,1.0,509.56,865,584,51.85,제약,KOSDAQ
072020,491.0,510.0,,,65.0,66.0,,,,-207.47,862,9310,18.27,제약,KOSDAQ
432470,412.0,598.0,688.0,770.0,-16.0,65.0,88.0,110.0,1.0,-56.53,866,9870,62.6,전기제품,KOSDAQ
307870,146.0,,,,-67.0,,,,,39.5,861,1159,,IT서비스,KOSDAQ
950220,1.0,,,,-252.0,,,,,-253.37,859,2510,,제약,KOSDAQ
130580,914.0,963.0,1006.0,1050.0,154.0,168.0,177.0,186.0,1.0,-363.78,856,5560,9.29,상업서비스와공급품,KOSDAQ
201490,1209.0,,,,126.0,,,,0.2089,-878.71,854,2610,12.3,게임엔터테인먼트,KOSDAQ
033290,7932.0,,,,227.0,,,,1.0,3788.33,856,1524,9.86,항공화물운송과물류,KOSDAQ
054540,1185.0,,,,102.0,,,,0.9826,1328.93,855,6580,9.09,조선,KOSDAQ
223250,666.0,,,,52.0,,,,0.9491,-198.72,856,3480,20.64,제약,KOSDAQ
037030,4470.0,,,,246.0,,,,0.7121,1332.25,853,3345,,전기제품,KOSDAQ
049180,1402.0,,,,-51.0,,,,,46.83,840,1009,,건설,KOSDAQ
183490,678.0,,,,-143.0,,,,,-814.75,838,990,,제약,KOSDAQ
302550,245.0,,,,7.0,,,,0.9717,-10.92,853,2760,125.1,건강관리장비와용품,KOSDAQ
066980,1999.0,,,,28.0,,,,0.2,281.25,849,1579,91.71,건설,KOSDAQ
290660,161.0,,,,-29.0,,,,,-149.07,848,1979,,건강관리장비와용품,KOSDAQ
091120,2051.0,,,,-199.0,,,,,845.18,847,4945,,핸드셋,KOSDAQ
019550,327.0,,,,93.0,,,,,,843,1040,16.72,창업투자,KOSDAQ
065450,830.0,,,,44.0,,,,1.0,182.06,841,2850,,우주항공과국방,KOSDAQ
215100,134.0,,,,-20.0,,,,0.9768,-55.17,838,4120,68.84,교육서비스,KOSDAQ
090470,307.0,,,,-237.0,,,,,305.19,839,4800,,전자장비와기기,KOSDAQ
040160,1016.0,,,,-61.0,,,,1.0,129.14,835,6930,16.73,IT서비스,KOSDAQ
950250,75.81,78.28,,,-71.27,-93.34,,,,-28.65,835,2350,,반도체와반도체장비,KOSDAQ
418470,882.0,975.0,1062.0,1179.0,144.0,152.0,172.0,204.0,,-754.08,837,9770,8.38,출판,KOSDAQ
185490,36.0,,,,-99.0,,,,,-391.63,830,1920,,생물공학,KOSDAQ
137950,3675.0,,,,77.0,,,,1.0,1950.56,833,3740,7.8,에너지장비및서비스,KOSDAQ
104460,3963.0,,,,286.0,,,,1.0,170.8,833,7920,43.13,기계,KOSDAQ
487580,799.0,,,,104.0,,,,1.0,-166.74,830,3295,8.02,가정용기기와용품,KOSDAQ
102370,123.0,,,,-41.0,,,,,676.66,830,3205,,판매업체,KOSDAQ
054670,2024.0,,,,117.0,,,,,633.33,828,5770,10.36,제약,KOSDAQ
038680,4574.0,,,,107.0,,,,0.9073,-147.43,827,4155,4.44,IT서비스,KOSDAQ
045970,3751.0,,,,-22.0,,,,,154.41,825,3135,,핸드셋,KOSDAQ
270520,169.0,,,,-112.0,,,,,651.88,822,3550,,에너지장비및서비스,KOSDAQ
066430,364.0,,,,2.0,,,,,63.25,824,2105,9.61,화학,KOSDAQ
007820,1491.0,,,,-80.0,,,,1.0,212.48,824,4115,,기계,KOSDAQ
040910,1970.0,,,,45.0,,,,,76.79,821,4520,,디스플레이장비및부품,KOSDAQ
175250,834.0,,,,-120.0,,,,1.0,197.08,815,2170,,화장품,KOSDAQ
412540,1513.0,,,,-72.0,,,,,654.7,811,3935,,전기제품,KOSDAQ
038110,25620.0,,,,357.0,,,,1.0,8841.09,819,1989,4.09,자동차부품,KOSDAQ
067000,1404.0,,,,57.0,,,,0.711,846.62,817,1169,34.03,게임엔터테인먼트,KOSDAQ
217190,568.0,,,,10.0,,,,0.9873,173.14,816,6200,31.94,반도체와반도체장비,KOSDAQ
036640,789.0,,,,134.0,,,,1.0,-191.92,813,4970,7.27,화학,KOSDAQ
198440,718.0,,,,74.0,,,,,543.36,814,1336,,건축자재,KOSDAQ
100130,1197.0,980.0,,,69.0,20.0,,,,-104.95,812,1421,,에너지장비및서비스,KOSDAQ
101330,13713.0,,,,418.0,,,,0.5487,1606.69,804,3475,5.13,자동차부품,KOSDAQ
463020,188.0,,,,-11.0,,,,,-435.61,808,8990,,IT서비스,KOSDAQ
115440,755.0,,,,19.0,,,,1.0,-95.45,806,7470,11.2,통신장비,KOSDAQ
078890,5175.0,,,,125.0,,,,1.0,1593.85,801,4350,,전자제품,KOSDAQ
451250,680.0,,,,45.0,,,,1.0,-223.4,798,7800,153.68,화장품,KOSDAQ
131370,488.0,,,,24.0,,,,0.9883,-154.78,799,1500,27.02,소프트웨어,KOSDAQ
105740,1288.0,,,,111.0,,,,1.0,401.08,797,7840,7.52,기계,KOSDAQ
365330,974.0,,,,-27.0,,,,1.0,-331.75,798,1591,9.28,건축자재,KOSDAQ
214680,1163.0,,,,-139.0,,,,,541.05,801,960,,건강관리장비와용품,KOSDAQ
066700,2716.0,,,,102.0,,,,0.9024,6.93,793,2135,5.54,제약,KOSDAQ
011370,6451.0,,,,626.0,,,,1.0,2694.27,790,783,2.01,건설,KOSDAQ
045660,1602.0,,,,87.0,,,,1.0,165.21,793,9600,22.47,컴퓨터와주변기기,KOSDAQ
053280,6265.0,,,,29.0,,,,1.0,1704.06,791,3165,,인터넷과카탈로그소매,KOSDAQ
079810,740.0,,,,26.0,,,,1.0,-819.2,792,3680,285.18,전기제품,KOSDAQ
263800,1038.0,,,,12.0,,,,,-71.83,791,4875,51.58,IT서비스,KOSDAQ
251120,192.0,213.0,233.4,,63.0,80.0,102.2,,,-552.51,790,9090,21.98,생물공학,KOSDAQ
039980,436.0,,,,-47.0,,,,,-31.92,791,5500,53.52,IT서비스,KOSDAQ
012700,3877.0,,,,109.0,,,,1.0,6052.64,791,3020,18.01,석유와가스,KOSDAQ
389030,105.0,,,,-117.0,,,,,-232.02,790,2005,,생물공학,KOSDAQ
037760,1270.0,,,,-11.0,,,,0.7528,680.14,785,2320,17.91,철강,KOSDAQ
381620,227.0,,,,-123.0,,,,1.0,-42.2,784,5980,15.45,기계,KOSDAQ
475430,693.0,812.0,878.0,959.0,74.0,91.0,102.0,121.0,,-228.69,783,4385,8.88,전기장비,KOSDAQ
124560,11173.0,,,,22.0,,,,0.9618,1507.04,784,2025,5.52,해운사,KOSDAQ
058400,685.0,,,,32.0,,,,0.993,-1268.19,780,5890,18.95,방송과엔터테인먼트,KOSDAQ
065510,1180.0,,,,56.0,,,,1.0,700.4,783,7200,22.97,건강관리장비와용품,KOSDAQ
347890,623.0,,,,-58.0,,,,1.0,127.78,776,4560,20.48,전자장비와기기,KOSDAQ
067170,8521.0,,,,-23.0,,,,,2289.1,773,2815,,기계,KOSDAQ
058630,917.0,,,,176.0,,,,1.0,-633.77,773,4120,5.54,게임엔터테인먼트,KOSDAQ
382840,1491.0,,,,70.0,,,,1.0,-454.7,770,5040,49.72,전기제품,KOSDAQ
024880,7439.0,,,,354.0,,,,1.0,2009.51,772,3870,4.96,기계,KOSDAQ
076610,1603.0,,,,-67.0,,,,,326.84,770,1300,,핸드셋,KOSDAQ
033560,58.0,,,,6.0,,,,1.0,142.64,769,4495,,부동산,KOSDAQ
073640,141.0,,,,-101.0,,,,,97.57,761,654,,기계,KOSDAQ
253840,94.0,,,,-188.0,,,,,-129.83,767,4580,,건강관리장비와용품,KOSDAQ
080010,1038.0,,,,229.0,,,,0.7078,-696.54,762,7750,8.61,다각화된소비자서비스,KOSDAQ
205470,301.0,,,,-106.0,,,,,-1931.94,766,3105,,생명과학도구및서비스,KOSDAQ
091590,727.0,,,,38.0,,,,0.9908,-98.76,765,6520,,건설,KOSDAQ
351320,130.0,,,,-95.0,,,,,310.1,762,2565,,디스플레이장비및부품,KOSDAQ
265560,1086.0,,,,180.0,,,,1.0,-194.54,762,7130,18.23,자동차부품,KOSDAQ
900260,7552.0,,,,112.0,,,,1.0,-1636.36,759,1649,1.83,통신장비,KOSDAQ
214260,310.0,338.0,,,-30.0,,,,,152.27,762,8540,,화장품,KOSDAQ
047820,1722.0,,,,28.0,,,,0.9143,-1324.52,762,3115,,방송과엔터테인먼트,KOSDAQ
225530,385.0,,,,-49.0,,,,1.0,468.88,759,2090,11.82,건축자재,KOSDAQ
483350,307.0,,,,16.0,,,,1.0,-265.96,757,3460,,IT서비스,KOSDAQ
371950,324.0,,,,-199.0,,,,,473.14,757,3325,,디스플레이장비및부품,KOSDAQ
234300,1682.0,,,,90.0,,,,0.9784,64.8,756,2780,6.21,IT서비스,KOSDAQ
067370,137.0,,,,50.0,,,,,254.36,754,6170,30.2,생물공학,KOSDAQ
900300,1833.0,,,,-615.0,,,,,-1868.3,754,3665,,화장품,KOSDAQ
208140,1609.0,,,,68.0,,,,1.0,414.57,752,2300,2.8,식품,KOSDAQ
173130,2333.0,,,,140.0,,,,1.0,-344.22,754,5780,14.63,IT서비스,KOSDAQ
128660,3490.0,,,,122.0,,,,0.9019,707.81,750,3025,6.92,비철금속,KOSDAQ
246960,220.0,347.0,,,-34.0,0.0,,,,286.78,750,2205,,건강관리업체및서비스,KOSDAQ
212710,322.0,619.0,,,-58.0,90.0,,,1.0,227.47,750,7720,,반도체와반도체장비,KOSDAQ
389140,337.0,,,,-74.0,,,,,-48.81,749,5250,,방송과엔터테인먼트,KOSDAQ
170030,3679.0,,,,123.0,,,,1.0,-369.24,748,4875,8.33,자동차부품,KOSDAQ
294630,34.0,,,,-39.0,,,,,-14.3,745,2810,,전기장비,KOSDAQ
060590,1238.0,,,,62.0,,,,1.0,221.11,747,3090,,제약,KOSDAQ
004590,1416.0,,,,175.0,,,,1.0,-79.79,742,4950,5.43,식품과기본식료품소매,KOSDAQ
041930,4034.0,,,,172.0,,,,1.0,73.36,744,4895,9.1,자동차부품,KOSDAQ
094860,310.0,,,,-46.0,,,,,-237.51,744,1400,,게임엔터테인먼트,KOSDAQ
052900,1263.0,1515.0,,,54.0,254.0,,,1.0,-163.85,745,972,15.22,반도체와반도체장비,KOSDAQ
048910,3428.0,,,,100.0,,,,1.0,287.36,742,5900,24.35,방송과엔터테인먼트,KOSDAQ
011320,4302.0,,,,144.0,,,,1.0,420.41,738,3820,15.71,자동차부품,KOSDAQ
204840,353.0,,,,3.0,,,,1.0,176.25,738,4760,,제약,KOSDAQ
377480,98.0,,,,-64.0,,,,,83.85,739,10390,,IT서비스,KOSDAQ
088390,591.0,,,,65.0,,,,1.0,36.31,735,7830,,레저용장비와제품,KOSDAQ
017480,2180.0,,,,51.0,,,,,-1165.59,739,4785,7.69,철강,KOSDAQ
217330,261.0,,,,-82.0,,,,,-81.28,737,3185,,건강관리업체및서비스,KOSDAQ
085670,1541.0,1475.0,1855.0,2065.0,92.0,11.0,107.0,163.0,1.0,85.12,735,3000,23.46,전자장비와기기,KOSDAQ
234030,1546.0,,,,25.0,,,,0.9751,-242.4,734,3110,111.91,반도체와반도체장비,KOSDAQ
084730,5366.0,,,,159.0,,,,0.575,726.74,739,6650,13.13,전자제품,KOSDAQ
096350,599.0,,,,-1.0,,,,0.8343,589.37,730,1980,30.56,조선,KOSDAQ
019540,8551.0,,,,480.0,,,,1.0,1830.49,731,5410,1.0,자동차부품,KOSDAQ
010280,5720.0,6363.0,7066.0,7792.0,209.0,354.0,402.0,467.0,0.9813,-18.78,729,5600,10.69,IT서비스,KOSDAQ
054040,4178.0,,,,229.0,,,,1.0,588.61,728,4530,3.91,디스플레이장비및부품,KOSDAQ
142280,1084.0,,,,29.0,,,,1.0,170.81,730,3045,56.04,건강관리장비와용품,KOSDAQ
234920,82.0,,,,-37.0,,,,,297.85,718,5310,,건강관리장비와용품,KOSDAQ
041910,555.0,,,,32.0,,,,,-60.1,725,5460,21.47,제약,KOSDAQ
171120,1303.0,,,,114.0,,,,1.0,-393.16,727,2025,17.43,건축자재,KOSDAQ
360070,231.0,,,,-352.0,,,,,575.91,727,8870,27.44,전자장비와기기,KOSDAQ
020710,1684.0,,,,151.0,,,,1.0,-245.24,727,3625,10.5,"호텔,레스토랑,레저",KOSDAQ
303810,1303.0,,,,130.0,,,,,294.71,729,2280,13.33,건강관리장비와용품,KOSDAQ
302430,386.0,802.0,890.0,,-57.0,28.0,45.0,,1.0,-200.2,722,7340,14.22,전기제품,KOSDAQ
024830,2116.0,,,,31.0,,,,,-1850.76,724,8670,4.26,자동차부품,KOSDAQ
000440,496.0,,,,-17.0,,,,,-49.42,723,11610,,석유와가스,KOSDAQ
067570,16239.0,,,,-219.0,,,,0.5757,7524.84,720,1708,20.49,자동차부품,KOSDAQ
030960,559.0,494.93,,,-61.0,-63.61,,,,-935.0,721,4515,231.07,상업서비스와공급품,KOSDAQ
332370,491.0,,,,109.0,,,,0.9986,-370.58,718,5410,7.54,컴퓨터와주변기기,KOSDAQ
228670,1113.0,,,,-98.0,,,,1.0,278.08,721,4610,,건강관리장비와용품,KOSDAQ
261780,2.0,,,,-143.0,,,,,-94.52,717,2475,,제약,KOSDAQ
012790,806.0,,,,74.0,,,,,-406.94,718,5990,6.77,제약,KOSDAQ
083790,274.0,,,,-238.0,,,,,374.59,714,929,,생명과학도구및서비스,KOSDAQ
066310,233.0,,,,3.0,,,,1.0,-262.0,714,7700,33.92,반도체와반도체장비,KOSDAQ
006140,1786.0,,,,110.0,,,,,33.94,710,4775,16.45,건강관리장비와용품,KOSDAQ
033130,399.0,,,,55.0,,,,1.0,-339.81,710,1913,24.22,IT서비스,KOSDAQ
104040,285.0,,,,-79.0,,,,1.0,789.71,713,2660,,자동차부품,KOSDAQ
140070,2084.0,,,,-117.0,,,,0.9452,1705.9,708,1915,23.29,반도체와반도체장비,KOSDAQ
331380,453.0,,,,-102.0,,,,,0.04,708,1937,16.06,전자장비와기기,KOSDAQ
277880,2647.0,,,,82.0,,,,1.0,349.16,708,3570,,전자장비와기기,KOSDAQ
347000,367.0,,,,25.0,,,,1.0,-168.67,710,1877,,전자장비와기기,KOSDAQ
153710,223.0,,,,-24.0,,,,,14.49,707,4820,,제약,KOSDAQ
096250,347.0,,,,1.0,,,,1.0,-507.82,707,5980,84.06,소프트웨어,KOSDAQ
072950,1209.0,,,,90.0,,,,0.978,-129.5,694,8620,9.08,전자장비와기기,KOSDAQ
054620,849.0,,,,-68.0,,,,0.9106,399.15,708,3850,10.69,반도체와반도체장비,KOSDAQ
061250,1008.0,,,,-23.0,,,,,-895.91,700,8310,37.97,제약,KOSDAQ
417970,765.0,,,,81.0,,,,1.0,-330.48,701,10960,38.9,기계,KOSDAQ
196490,333.0,,,,-65.0,,,,,-35.97,691,6090,,전기제품,KOSDAQ
002800,1138.0,,,,108.0,,,,1.0,370.93,696,4590,20.23,제약,KOSDAQ
049080,403.0,,,,-125.0,,,,,229.93,697,8210,,통신장비,KOSDAQ
460940,76.0,90.0,,,10.0,15.0,,,1.0,-267.88,693,5150,26.21,건강관리장비와용품,KOSDAQ
417790,491.0,,,,133.0,,,,,-720.27,705,6730,10.87,전자장비와기기,KOSDAQ
024740,1266.0,,,,35.0,,,,0.7868,103.44,694,2110,9.66,자동차부품,KOSDAQ
026150,1490.0,,,,-316.0,,,,0.8652,236.44,697,3970,,건설,KOSDAQ
038460,4828.0,,,,226.0,,,,1.0,527.5,693,2740,3.91,전기장비,KOSDAQ
388870,,,,,-115.07,,,,,-134.37,693,5350,,생물공학,KOSDAQ
451220,329.0,500.0,,,2.0,40.0,,,1.0,-17.58,692,8790,,반도체와반도체장비,KOSDAQ
043610,3029.0,,,,162.0,,,,0.6356,-794.18,689,1185,14.43,방송과엔터테인먼트,KOSDAQ
175140,555.0,,,,-116.0,,,,,-70.62,692,2775,,전자제품,KOSDAQ
950200,592.0,,,,-23.0,,,,,12.42,686,3565,,생명과학도구및서비스,KOSDAQ
092040,420.0,,,,-171.0,,,,,975.45,685,970,,생물공학,KOSDAQ
049550,775.0,,,,8.0,,,,1.0,519.14,684,3490,21.76,컴퓨터와주변기기,KOSDAQ
162300,3522.0,,,,30.0,,,,1.0,687.63,688,1659,19.05,철강,KOSDAQ
457600,445.0,559.0,721.0,945.0,-34.0,1.0,23.0,43.0,0.9165,132.42,687,5010,,교육서비스,KOSDAQ
048430,1973.0,,,,18.0,,,,1.0,-702.26,682,5920,5.59,자동차부품,KOSDAQ
110790,3119.0,,,,-47.0,,,,1.0,2329.25,682,2910,8.2,"섬유,의류,신발,호화품",KOSDAQ
041460,367.0,,,,67.0,,,,1.0,-182.42,681,3585,36.74,IT서비스,KOSDAQ
081150,2092.0,,,,52.0,,,,,598.75,676,2785,,비철금속,KOSDAQ
457370,339.0,,,,49.0,,,,,-228.5,681,8440,10.51,디스플레이장비및부품,KOSDAQ
179530,129.0,,,,-35.0,,,,,71.69,670,2470,,제약,KOSDAQ
100030,189.0,,,,23.0,,,,1.0,-1309.1,676,20600,10.31,소프트웨어,KOSDAQ
137080,545.0,,,,-88.0,,,,1.0,-541.84,679,6340,,디스플레이장비및부품,KOSDAQ
331740,255.0,,,,-135.0,,,,,255.98,670,6870,,자동차부품,KOSDAQ
222110,134.0,,,,15.0,,,,,-120.0,673,4980,,생물공학,KOSDAQ
109860,917.0,,,,14.0,,,,0.9994,-91.09,670,7360,270.45,기계,KOSDAQ
036000,103.0,,,,-14.0,,,,,-1728.48,668,2900,4.55,출판,KOSDAQ
439580,1859.0,,,,-20.0,,,,,295.73,669,1978,,건강관리업체및서비스,KOSDAQ
456070,53.0,,,,-179.0,,,,,-182.6,665,6030,,제약,KOSDAQ
032850,360.0,,,,59.0,,,,1.0,-251.41,667,4015,17.62,건강관리기술,KOSDAQ
136150,296.0,,,,-18.0,,,,,-8.62,668,7970,,에너지장비및서비스,KOSDAQ
168330,222.0,,,,-33.0,,,,,84.16,664,2090,,화장품,KOSDAQ
123420,1253.0,,,,107.0,,,,0.8986,-376.39,664,6380,33.01,게임엔터테인먼트,KOSDAQ
396270,397.0,,,,-129.0,,,,,65.96,658,2000,,반도체와반도체장비,KOSDAQ
014970,943.0,,,,65.0,,,,1.0,145.84,663,4475,26.57,포장재,KOSDAQ
318160,511.0,,,,93.0,,,,1.0,90.67,656,7030,,화장품,KOSDAQ
111710,168.0,,,,41.0,,,,,-461.9,657,3190,7.47,"호텔,레스토랑,레저",KOSDAQ
004780,2666.0,,,,103.0,,,,,-409.66,654,4115,4.99,포장재,KOSDAQ
321370,190.0,,,,-116.0,,,,,129.44,656,1269,,통신장비,KOSDAQ
032540,944.0,,,,33.0,,,,0.9995,130.95,653,3125,18.33,전자제품,KOSDAQ
061040,2660.0,,,,-252.0,,,,1.0,584.28,653,7220,31.07,핸드셋,KOSDAQ
411080,116.0,,,,-18.0,,,,,-300.99,647,4240,264.85,소프트웨어,KOSDAQ
382480,362.0,,,,11.0,,,,1.0,-60.13,649,1650,19.41,전기제품,KOSDAQ
147760,253.0,,,,-204.0,,,,,22.52,646,3230,,반도체와반도체장비,KOSDAQ
005670,3203.0,,,,184.0,,,,0.8357,690.05,643,6430,7.79,식품,KOSDAQ
365660,160.0,,,,-7.0,,,,,-188.51,644,4785,,건강관리업체및서비스,KOSDAQ
039010,1533.0,,,,70.0,,,,1.0,-193.74,650,7540,,통신장비,KOSDAQ
216050,505.0,,,,115.0,,,,1.0,-1356.05,643,5270,10.87,광고,KOSDAQ
443250,565.0,,,,89.0,,,,0.8294,-464.43,640,5920,41.68,양방향미디어와서비스,KOSDAQ
039420,476.0,,,,105.0,,,,0.9239,-401.32,640,2790,8.43,IT서비스,KOSDAQ
303360,151.0,217.0,,,37.0,60.0,,,,-136.61,639,4965,85.77,건강관리장비와용품,KOSDAQ
241690,1072.0,,,,21.0,,,,1.0,537.16,641,2620,11.3,자동차부품,KOSDAQ
043650,675.0,,,,-8.0,,,,0.999,-504.85,642,3595,16.98,음료,KOSDAQ
424960,94.0,,,,-53.0,,,,,-253.11,642,3895,,자동차부품,KOSDAQ
070300,185.0,,,,19.0,,,,,11.1,639,1798,,핸드셋,KOSDAQ
062970,36.0,,,,-34.0,,,,,-173.85,638,2235,,통신장비,KOSDAQ
001840,1152.0,,,,33.0,,,,,16.75,626,2215,,건설,KOSDAQ
208370,308.0,,,,-2.0,,,,1.0,-76.57,637,2475,31.77,건강관리장비와용품,KOSDAQ
122350,5705.0,,,,83.0,,,,0.7676,4177.29,636,1660,13.17,자동차부품,KOSDAQ
299660,88.0,,,,-113.0,,,,,168.64,636,2155,,생물공학,KOSDAQ
448710,681.0,,,,83.0,,,,,281.14,628,11890,9.46,우주항공과국방,KOSDAQ
294090,37.0,,,,-222.0,,,,,162.28,623,1490,,건강관리장비와용품,KOSDAQ
010240,1370.0,,,,149.0,,,,1.0,-411.34,634,5420,5.54,기계,KOSDAQ
064240,980.0,,,,-29.0,,,,,-450.34,628,1810,,전문소매,KOSDAQ
060310,290.0,284.0,,,-58.0,-51.0,,,1.0,-63.57,626,1180,54.96,기계,KOSDAQ
054300,672.0,,,,-28.0,,,,,433.33,627,1083,165.61,해운사,KOSDAQ
039020,4471.0,,,,-12.0,,,,,2193.78,632,2800,,건축자재,KOSDAQ
187420,434.0,,,,12.0,,,,0.9866,60.14,626,1917,4.0,생물공학,KOSDAQ
059270,151.0,,,,-6.0,,,,,-147.21,625,5600,,기계,KOSDAQ
044340,3695.0,,,,-607.0,,,,1.0,2478.93,625,3495,18.91,가정용기기와용품,KOSDAQ
412350,47.0,,,,-135.0,,,,,51.26,625,4280,,반도체와반도체장비,KOSDAQ
094850,921.0,,,,98.0,,,,,-861.38,623,4450,13.46,"호텔,레스토랑,레저",KOSDAQ
320000,115.0,,,,-50.0,,,,,478.65,617,8930,25.05,전자장비와기기,KOSDAQ
049470,248.0,,,,-45.0,,,,,-102.6,622,2640,,소프트웨어,KOSDAQ
082210,1957.0,2287.0,2630.0,,-31.0,140.0,237.0,,1.0,1191.2,621,1776,38.75,전자장비와기기,KOSDAQ
100590,1239.0,,,,-7.0,,,,1.0,-30.09,620,3620,20.13,통신장비,KOSDAQ
420570,330.0,520.0,,,29.0,90.0,,,1.0,-88.64,620,10610,,화장품,KOSDAQ
033320,3138.0,,,,77.0,,,,0.9385,-283.59,614,3210,,컴퓨터와주변기기,KOSDAQ
065170,65.0,,,,-28.0,,,,,-23.38,611,2190,,건강관리업체및서비스,KOSDAQ
419080,54.0,,,,-63.0,,,,,-36.77,615,5660,541.26,디스플레이장비및부품,KOSDAQ
016250,13420.0,,,,528.0,,,,,5639.79,611,12130,,건설,KOSDAQ
323350,269.0,363.0,477.0,587.0,40.0,55.0,78.0,91.0,,-208.57,612,7640,990.32,반도체와반도체장비,KOSDAQ
357580,1221.0,1270.0,1940.0,,53.0,50.0,210.0,,1.0,459.03,610,5170,,핸드셋,KOSDAQ
291230,272.0,,,,-30.0,,,,,36.41,604,2515,,광고,KOSDAQ
459550,1129.0,,,,90.0,,,,1.0,-356.25,610,2420,17.59,핸드셋,KOSDAQ
155650,1728.0,,,,46.0,,,,1.0,-68.51,609,3210,8.14,디스플레이장비및부품,KOSDAQ
050960,307.0,,,,51.0,,,,,-336.74,606,8980,12.44,소프트웨어,KOSDAQ
203400,9.0,,,,-194.0,,,,,-46.86,609,676,,제약,KOSDAQ
037440,2319.0,2509.0,2964.0,3140.0,91.0,95.0,133.0,135.0,1.0,60.51,604,4335,17.4,건설,KOSDAQ
067920,1433.0,,,,160.0,,,,1.0,-486.14,604,5490,7.91,IT서비스,KOSDAQ
008370,876.0,,,,66.0,,,,,-428.79,602,5020,7.94,화학,KOSDAQ
333620,488.0,,,,-61.0,,,,1.0,2.59,603,5480,47.12,전자장비와기기,KOSDAQ
214270,2723.0,,,,305.0,,,,,141.13,600,1327,,양방향미디어와서비스,KOSDAQ
003310,1010.0,,,,106.0,,,,1.0,-115.3,600,1695,5.95,식품,KOSDAQ
191420,59.0,,,,-44.0,,,,1.0,-271.92,601,7410,,생물공학,KOSDAQ
089850,6679.0,,,,215.0,,,,0.5675,1688.68,600,4070,6.51,전자제품,KOSDAQ
348150,693.0,,,,-97.0,,,,,-313.59,596,3070,,건강관리업체및서비스,KOSDAQ
053620,1404.0,,,,24.0,,,,1.0,-889.54,593,6900,8.96,가정용품,KOSDAQ
464490,107.0,,,,-64.0,,,,,-92.59,595,5180,,생물공학,KOSDAQ
039610,814.0,,,,-16.0,,,,1.0,208.13,593,5700,7.14,기계,KOSDAQ
049480,2331.0,,,,79.0,,,,0.9525,-254.76,596,1897,15.93,컴퓨터와주변기기,KOSDAQ
294140,75.0,,,,-71.0,,,,,96.71,598,2400,,화학,KOSDAQ
033230,3427.0,,,,-43.0,,,,,-65.85,591,1170,,IT서비스,KOSDAQ
126880,1473.0,,,,32.0,,,,1.0,-270.22,591,2550,32.81,석유와가스,KOSDAQ
045340,275.0,,,,94.0,,,,,-320.65,590,6900,10.01,운송인프라,KOSDAQ
352910,335.0,,,,-37.0,,,,1.0,-185.58,589,4660,317.78,소프트웨어,KOSDAQ
215360,5320.0,,,,187.0,,,,0.9874,757.41,586,6420,7.26,자동차부품,KOSDAQ
099520,252.0,,,,-33.0,,,,1.0,-23.66,581,1284,,통신장비,KOSDAQ
226340,460.0,,,,-83.0,,,,0.272,82.35,586,6990,457.59,화장품,KOSDAQ
263600,1769.0,,,,16.0,,,,1.0,698.2,587,3685,,핸드셋,KOSDAQ
036090,4830.0,,,,258.0,,,,0.3249,1444.27,587,1379,,디스플레이장비및부품,KOSDAQ
095270,805.0,,,,-16.0,,,,1.0,-92.29,586,4080,114.7,우주항공과국방,KOSDAQ
024910,7053.0,,,,73.0,,,,0.8226,2074.3,584,1631,9.4,자동차부품,KOSDAQ
460870,558.0,664.0,761.0,,49.0,63.0,94.0,,,239.33,583,2905,54.22,포장재,KOSDAQ
065530,755.0,,,,55.0,,,,1.0,295.69,585,1223,42.08,무선통신서비스,KOSDAQ
027050,737.0,,,,-44.0,,,,1.0,-102.77,582,1456,64.18,화장품,KOSDAQ
066670,1886.0,,,,-18.0,,,,1.0,-1406.03,584,3125,30.25,핸드셋,KOSDAQ
459100,1687.0,2427.0,2830.0,3212.0,26.0,86.0,122.0,195.0,0.8608,729.12,578,4290,66.78,핸드셋,KOSDAQ
273640,291.0,,,,17.0,,,,,37.85,577,5260,24.75,전기제품,KOSDAQ
053160,231.0,,,,4.0,,,,1.0,-321.57,575,9580,113.63,기계,KOSDAQ
007370,1207.0,,,,25.0,,,,,687.5,574,4060,6.02,제약,KOSDAQ
014470,3195.0,,,,18.0,,,,1.0,-91.03,573,954,,가정용기기와용품,KOSDAQ
033310,865.0,,,,28.0,,,,1.0,144.82,575,1439,42.93,자동차부품,KOSDAQ
263690,1027.0,,,,90.0,,,,1.0,-62.49,572,5050,12.83,건강관리장비와용품,KOSDAQ
024950,1756.0,,,,124.0,,,,0.5068,-611.51,571,4605,18.17,레저용장비와제품,KOSDAQ
228340,559.0,,,,-47.0,,,,,-119.73,570,2850,9.7,건축자재,KOSDAQ
010470,2277.0,,,,89.0,,,,1.0,-860.36,569,4750,12.89,광고,KOSDAQ
408470,664.0,,,,82.0,,,,1.0,-362.09,569,5380,28.09,IT서비스,KOSDAQ
347860,148.0,,,,-102.0,,,,,-118.92,570,1352,,소프트웨어,KOSDAQ
042110,2161.0,,,,63.0,,,,1.0,-687.08,566,1172,17.5,전기제품,KOSDAQ
241790,1680.0,,,,90.0,,,,0.9869,79.92,565,5650,9.91,반도체와반도체장비,KOSDAQ
025550,2194.0,,,,82.0,,,,0.2,1229.53,568,2225,,철강,KOSDAQ
288180,539.0,,,,26.0,,,,1.0,141.76,562,7600,,우주항공과국방,KOSDAQ
053270,4262.0,,,,243.0,,,,1.0,3985.39,565,2060,4.22,자동차부품,KOSDAQ
054930,3855.0,,,,92.0,,,,,-253.29,563,18760,4.93,건설,KOSDAQ
036670,1168.0,,,,109.0,,,,,-431.43,560,5200,7.45,화학,KOSDAQ
370090,121.0,,,,-72.0,,,,,-278.02,561,6560,36.21,전자장비와기기,KOSDAQ
340930,600.0,,,,-27.0,,,,,326.79,555,806,,전자장비와기기,KOSDAQ
217480,301.0,,,,-63.0,,,,,-170.39,548,499,,화장품,KOSDAQ
251630,490.0,,,,-128.0,,,,,96.11,558,3500,57.62,기계,KOSDAQ
040610,477.0,,,,37.0,,,,,546.1,559,3280,0.58,자동차부품,KOSDAQ
080720,364.0,,,,-172.0,,,,,-318.22,541,2725,,제약,KOSDAQ
053050,1701.0,,,,73.0,,,,,287.08,556,1855,17.87,가스유틸리티,KOSDAQ
097800,755.0,,,,-143.0,,,,,495.09,558,2045,,반도체와반도체장비,KOSDAQ
036120,413.0,,,,68.0,,,,1.0,-270.77,557,1586,262.37,상업서비스와공급품,KOSDAQ
347740,228.0,,,,39.0,,,,1.0,-379.36,551,1836,15.34,생명과학도구및서비스,KOSDAQ
046940,3763.0,,,,672.0,,,,1.0,-204.38,552,3055,1.1,건설,KOSDAQ
453860,246.0,,,,-1.0,,,,,295.11,547,8490,22.66,화장품,KOSDAQ
452400,1226.0,,,,-10.0,,,,1.0,-244.48,551,6070,81.19,전기제품,KOSDAQ
435570,356.0,,,,3.0,,,,1.0,260.41,547,7180,,식품,KOSDAQ
104620,1197.0,,,,22.0,,,,1.0,39.15,550,3270,17.57,"호텔,레스토랑,레저",KOSDAQ
225190,214.0,,,,-169.0,,,,1.0,-37.93,548,777,131.63,전자장비와기기,KOSDAQ
192250,484.0,,,,29.0,,,,1.0,88.49,543,7690,20.03,소프트웨어,KOSDAQ
060570,2250.0,,,,6.0,,,,1.0,-501.37,537,3625,,방송과엔터테인먼트,KOSDAQ
105760,914.0,,,,34.0,,,,1.0,-175.89,540,5300,10.18,상업서비스와공급품,KOSDAQ
104540,1004.0,,,,91.0,,,,0.8981,32.79,542,4045,38.67,건강관리장비와용품,KOSDAQ
262260,1471.0,,,,-58.0,,,,1.0,1211.96,538,3570,16.13,전자장비와기기,KOSDAQ
088910,3255.0,,,,132.0,,,,1.0,-678.78,538,2090,3.03,식품,KOSDAQ
311690,37.0,,,,-248.0,,,,,-321.75,536,4100,,생명과학도구및서비스,KOSDAQ
170790,656.0,758.0,824.0,,54.0,115.0,140.0,,1.0,-354.97,534,8350,6.89,통신장비,KOSDAQ
056360,626.0,,,,3.0,,,,1.0,-327.57,532,5430,73.35,통신장비,KOSDAQ
117670,823.0,,,,-20.0,,,,,-239.76,535,8030,,반도체와반도체장비,KOSDAQ
291650,35.0,,,,-78.0,,,,,-141.28,534,1750,,생명과학도구및서비스,KOSDAQ
092300,2374.0,,,,110.0,,,,1.0,-222.79,523,2595,7.43,전자장비와기기,KOSDAQ
094940,235.0,,,,-10.0,,,,1.0,-72.04,532,6360,27.78,컴퓨터와주변기기,KOSDAQ
314140,1362.0,,,,51.0,,,,,-5.2,529,6100,13.75,제약,KOSDAQ
238090,504.0,,,,48.0,,,,0.9977,47.59,527,1730,,핸드셋,KOSDAQ
027830,93.0,,,,8.0,,,,,,520,963,41.03,창업투자,KOSDAQ
039240,3571.0,,,,60.0,,,,,-134.99,523,1939,9.86,철강,KOSDAQ
317530,57.0,,,,-36.0,,,,,185.1,518,2960,,양방향미디어와서비스,KOSDAQ
376290,2165.0,,,,54.0,,,,1.0,-638.71,517,2930,67.85,핸드셋,KOSDAQ
299170,517.0,,,,39.0,,,,1.0,46.58,515,1240,23.12,제약,KOSDAQ
217500,271.0,,,,-52.0,,,,1.0,-141.42,517,1624,37.78,반도체와반도체장비,KOSDAQ
317830,616.0,,,,-8.0,,,,,-227.05,513,4760,,기계,KOSDAQ
256630,360.0,,,,8.0,,,,1.0,-183.29,512,4410,,디스플레이장비및부품,KOSDAQ
219550,449.0,,,,-5.0,,,,,98.15,510,1232,,화장품,KOSDAQ
043710,357.0,,,,-83.0,,,,1.0,1489.03,511,2950,,건강관리업체및서비스,KOSDAQ
046210,150.0,,,,-34.0,,,,,-183.23,514,1130,,생명과학도구및서비스,KOSDAQ
019990,235.0,,,,-41.0,,,,1.0,-57.63,509,5220,,기계,KOSDAQ
393970,845.0,,,,-204.0,,,,1.0,620.77,504,2825,,전기제품,KOSDAQ
015710,958.0,,,,30.0,,,,,-296.22,509,2905,27.19,통신장비,KOSDAQ
391710,301.0,,,,-27.0,,,,,-61.54,507,1190,46.06,IT서비스,KOSDAQ
463480,674.0,,,,-17.0,,,,1.0,0.02,506,4080,,자동차부품,KOSDAQ
060560,2988.0,,,,-185.0,,,,0.8196,1978.16,505,1989,7.75,건축자재,KOSDAQ
315640,75.0,,,,-106.0,,,,,-168.25,506,1724,,IT서비스,KOSDAQ
260930,892.0,,,,-57.0,,,,1.0,756.43,503,2600,15.96,화장품,KOSDAQ
246690,196.0,,,,90.0,,,,1.0,,504,2120,5.53,창업투자,KOSDAQ
071670,3055.0,,,,6.0,,,,1.0,1049.92,506,5060,67.98,기계,KOSDAQ
014950,600.0,665.0,751.0,886.0,33.0,33.0,38.0,45.0,1.0,-320.58,501,4980,,제약,KOSDAQ
038010,1336.0,,,,71.0,,,,0.9717,-426.46,497,5520,2.94,조선,KOSDAQ
340810,140.0,,,,-113.0,,,,,-12.62,501,3670,,소프트웨어,KOSDAQ
109080,257.0,,,,45.0,,,,,-247.81,495,8780,25.75,통신장비,KOSDAQ
068330,145.0,,,,45.0,,,,,-474.24,485,1097,9.56,생명과학도구및서비스,KOSDAQ
317850,407.0,,,,19.0,,,,1.0,66.24,494,5930,,기계,KOSDAQ
317690,37.0,,,,-156.0,,,,,-242.37,485,2410,,생명과학도구및서비스,KOSDAQ
037950,463.0,,,,22.0,,,,1.0,-88.78,490,2900,47.97,전자장비와기기,KOSDAQ
179900,200.0,,,,-483.0,,,,,788.1,483,2440,,핸드셋,KOSDAQ
199550,257.0,,,,-120.0,,,,1.0,-58.24,482,3250,,건강관리장비와용품,KOSDAQ
122310,1080.0,,,,-2.0,,,,1.0,164.25,491,3375,8.16,건강관리장비와용품,KOSDAQ
053450,4349.0,,,,30.0,,,,0.9599,752.77,482,3255,9.12,전자장비와기기,KOSDAQ
440290,174.0,,,,73.0,,,,,,481,1750,6.99,창업투자,KOSDAQ
145170,6022.0,,,,133.0,,,,1.0,1661.15,479,2835,,"섬유,의류,신발,호화품",KOSDAQ
418250,12.0,,,,-43.0,,,,,-8.69,476,6550,,소프트웨어,KOSDAQ
053980,1364.0,,,,110.0,,,,1.0,-485.48,478,2520,4.41,소프트웨어,KOSDAQ
063440,533.0,,,,46.0,,,,1.0,-232.18,482,1064,18.83,방송과엔터테인먼트,KOSDAQ
023440,411.0,,,,-85.0,,,,,371.31,470,521,,철강,KOSDAQ
065130,7985.0,,,,-352.0,,,,0.5681,256.78,479,2990,7.15,핸드셋,KOSDAQ
321260,315.0,,,,28.0,,,,1.0,-334.21,479,1700,21.83,디스플레이장비및부품,KOSDAQ
143540,805.0,,,,59.0,,,,1.0,-33.89,476,1068,,디스플레이장비및부품,KOSDAQ
340360,632.0,,,,-19.0,,,,,102.23,474,910,,통신장비,KOSDAQ
099410,419.0,,,,93.0,,,,,-66.63,474,3385,6.51,조선,KOSDAQ
471820,222.0,,,,28.0,,,,1.0,-91.18,468,4145,14.99,제약,KOSDAQ
384470,43.0,,,,-134.0,,,,,-62.42,472,2630,,건강관리기술,KOSDAQ
361570,465.0,,,,2.0,,,,,279.3,466,1620,,방송과엔터테인먼트,KOSDAQ
129890,834.0,,,,32.0,,,,1.0,266.99,465,1022,23.44,컴퓨터와주변기기,KOSDAQ
317870,143.0,,,,-62.0,,,,,238.38,470,5310,,가정용기기와용품,KOSDAQ
072470,7050.0,,,,342.0,,,,0.5794,822.68,467,2470,8.57,자동차부품,KOSDAQ
227950,288.0,,,,94.0,,,,1.0,-78.61,465,1348,5.94,반도체와반도체장비,KOSDAQ
476040,24.0,,,,-162.0,,,,,-115.03,465,7060,,생물공학,KOSDAQ
286750,60.0,,,,-66.0,,,,1.0,-6.42,456,1425,,화학,KOSDAQ
136410,603.0,,,,120.0,,,,0.9822,111.85,464,4215,24.03,화학,KOSDAQ
094970,2002.0,,,,131.0,,,,0.8969,-662.47,464,2770,3.03,디스플레이장비및부품,KOSDAQ
163280,281.0,,,,31.0,,,,,-43.77,464,3410,48.84,화학,KOSDAQ
198080,2952.0,,,,243.0,,,,1.0,-278.87,460,2135,14.43,핸드셋,KOSDAQ
051390,165.0,,,,58.0,,,,1.0,-261.55,460,4055,8.12,판매업체,KOSDAQ
224110,643.0,,,,62.0,,,,,-257.14,457,9000,12.29,컴퓨터와주변기기,KOSDAQ
229000,75.0,,,,-66.0,,,,,107.69,460,1965,,건강관리장비와용품,KOSDAQ
081180,592.0,,,,-31.0,,,,,117.63,459,5200,,전자장비와기기,KOSDAQ
072990,1075.0,,,,83.0,,,,1.0,575.06,457,3150,8.44,전자장비와기기,KOSDAQ
189980,994.0,,,,85.0,,,,0.9725,1143.9,457,1139,9.41,음료,KOSDAQ
127710,731.0,,,,55.0,,,,1.0,427.05,451,1024,,출판,KOSDAQ
048770,863.0,,,,-23.0,,,,,329.65,453,2885,,기계,KOSDAQ
114450,403.0,,,,2.0,,,,,-141.11,450,2250,,제약,KOSDAQ
159580,710.0,,,,25.0,,,,1.0,-48.65,449,2240,132.79,화장품,KOSDAQ
288330,0.09,,,,-152.0,,,,,19.92,441,416,,제약,KOSDAQ
307280,352.0,,,,79.0,,,,1.0,-66.02,449,6330,11.32,건강관리장비와용품,KOSDAQ
052790,699.0,,,,286.0,,,,1.0,-897.0,447,4095,2.9,게임엔터테인먼트,KOSDAQ
277070,74.0,,,,36.0,,,,1.0,,449,3280,18.08,창업투자,KOSDAQ
382150,4.0,,,,-88.0,,,,,-162.29,447,3430,,생명과학도구및서비스,KOSDAQ
189860,681.0,,,,-88.0,,,,,-1.65,442,4560,,전기장비,KOSDAQ
050120,139.0,,,,-128.0,,,,1.0,-24.78,442,3260,,레저용장비와제품,KOSDAQ
066130,1769.0,,,,104.0,,,,,-100.69,444,3465,12.13,가정용기기와용품,KOSDAQ
190650,2514.0,2619.0,,,102.0,91.0,,,,,439,6870,5.75,증권,KOSDAQ
461030,53.0,,,,-87.0,,,,,-202.34,442,3080,,생명과학도구및서비스,KOSDAQ
082850,10440.0,,,,10.0,,,,0.5765,50.77,435,897,10.25,디스플레이장비및부품,KOSDAQ
178780,339.0,,,,20.0,,,,1.0,-205.65,442,2370,,전문소매,KOSDAQ
373200,101.0,,,,-52.0,,,,,232.64,438,1748,,핸드셋,KOSDAQ
208860,1137.0,,,,28.0,,,,1.0,6.59,441,1298,,자동차부품,KOSDAQ
083550,1354.0,,,,-4.0,,,,1.0,112.16,434,3205,,"섬유,의류,신발,호화품",KOSDAQ
073110,696.0,,,,-96.0,,,,,614.94,438,4920,,디스플레이장비및부품,KOSDAQ
466410,135.0,,,,47.0,,,,,-346.01,436,8660,11.39,소프트웨어,KOSDAQ
261520,213.0,,,,-68.0,,,,,-78.79,436,4240,,IT서비스,KOSDAQ
258610,817.0,,,,-8.0,,,,1.0,39.82,433,1187,,핸드셋,KOSDAQ
263020,1426.0,,,,122.0,,,,0.9113,-236.69,433,3130,7.03,"섬유,의류,신발,호화품",KOSDAQ
007680,1121.0,,,,-138.0,,,,1.0,952.67,437,3305,,건설,KOSDAQ
218150,676.0,,,,-14.0,,,,1.0,-68.07,432,2115,198.69,식품,KOSDAQ
460470,44.0,,,,-42.0,,,,,-129.14,431,2850,,생명과학도구및서비스,KOSDAQ
355690,704.0,,,,-65.0,,,,,210.23,430,4495,,전자장비와기기,KOSDAQ
059100,346.0,,,,60.0,,,,,-139.48,429,6070,8.0,디스플레이장비및부품,KOSDAQ
479960,312.0,,,,53.0,,,,,-142.52,430,6030,14.87,전기장비,KOSDAQ
131400,590.0,,,,-32.0,,,,1.0,-186.04,429,720,126.36,전자장비와기기,KOSDAQ
199480,634.0,,,,-44.0,,,,,-125.77,428,4200,,IT서비스,KOSDAQ
065500,1571.0,,,,9.0,,,,1.0,351.52,429,1200,,자동차부품,KOSDAQ
150900,467.0,,,,25.0,,,,0.9783,-80.56,426,3640,25.17,소프트웨어,KOSDAQ
424980,222.0,,,,-34.0,,,,,-0.79,428,7230,,반도체와반도체장비,KOSDAQ
037230,2241.0,,,,99.0,,,,,662.9,426,1430,14.57,포장재,KOSDAQ
273060,455.0,,,,76.0,,,,1.0,327.24,425,864,90.93,광고,KOSDAQ
373160,1239.0,,,,46.0,,,,1.0,-150.09,425,3080,14.76,교육서비스,KOSDAQ
140520,3986.0,,,,34.0,,,,1.0,605.99,423,2005,22.25,철강,KOSDAQ
238120,160.0,,,,24.0,,,,1.0,-4.7,424,2980,17.91,생명과학도구및서비스,KOSDAQ
089790,384.0,,,,-22.0,,,,1.0,-428.72,422,4090,16.06,반도체와반도체장비,KOSDAQ
450330,166.0,,,,9.0,,,,1.0,-77.78,422,5160,27.22,건강관리장비와용품,KOSDAQ
123010,384.0,,,,2.0,,,,,9.12,425,2100,,핸드셋,KOSDAQ
196300,50.0,,,,-73.0,,,,,-69.95,421,4430,,생물공학,KOSDAQ
222420,356.0,,,,32.0,,,,,308.52,418,863,,화학,KOSDAQ
052220,400.0,,,,-76.0,,,,0.9727,-95.33,417,1812,34.8,방송과엔터테인먼트,KOSDAQ
014190,2848.0,,,,33.0,,,,1.0,25.68,419,1185,18.58,화학,KOSDAQ
084650,882.0,,,,-535.0,,,,,258.44,415,559,,생명과학도구및서비스,KOSDAQ
002290,852.0,,,,74.0,,,,,-821.9,418,3375,13.34,건설,KOSDAQ
189690,329.0,355.17,,,44.0,58.13,,,1.0,-303.23,417,1525,16.0,소프트웨어,KOSDAQ
042940,186.0,,,,-68.0,,,,1.0,944.48,409,5990,1.13,건설,KOSDAQ
043910,373.0,,,,-40.0,,,,1.0,198.98,413,3640,19.69,상업서비스와공급품,KOSDAQ
072770,896.0,,,,-28.0,,,,,337.54,415,999,,IT서비스,KOSDAQ
038070,771.0,,,,7.0,,,,1.0,-169.32,412,4430,,생물공학,KOSDAQ
900250,699.0,,,,107.0,,,,0.8251,-3311.63,414,1156,19.71,비철금속,KOSDAQ
086060,908.0,,,,39.0,,,,1.0,-99.88,409,4745,14.49,제약,KOSDAQ
056700,2291.0,,,,91.0,,,,1.0,274.7,411,1412,,디스플레이장비및부품,KOSDAQ
234100,2426.0,,,,34.0,,,,0.2,-1248.21,409,2800,21.9,자동차부품,KOSDAQ
413640,314.0,,,,9.0,,,,1.0,-193.64,408,5660,,IT서비스,KOSDAQ
064090,72.0,,,,-61.0,,,,1.0,-220.09,397,798,,판매업체,KOSDAQ
038060,1755.0,,,,-50.0,,,,1.0,-615.94,408,848,15.53,디스플레이장비및부품,KOSDAQ
290670,261.0,,,,-104.0,,,,,64.57,408,5190,,전자장비와기기,KOSDAQ
263810,1291.0,,,,26.0,,,,1.0,87.51,407,2555,29.5,전자장비와기기,KOSDAQ
278650,741.0,,,,-86.0,,,,,-125.78,404,2315,,생명과학도구및서비스,KOSDAQ
088280,182.0,,,,-67.0,,,,,4.75,405,2340,,핸드셋,KOSDAQ
261200,1142.0,,,,-104.0,,,,1.0,1021.6,402,2540,35.75,건강관리장비와용품,KOSDAQ
256150,694.0,,,,28.0,,,,,-129.41,408,4855,11.86,가정용기기와용품,KOSDAQ
033340,726.0,,,,-61.0,,,,1.0,183.29,403,416,62.67,"섬유,의류,신발,호화품",KOSDAQ
043340,579.0,,,,20.0,,,,,349.4,399,841,,기계,KOSDAQ
101240,565.0,,,,102.0,,,,,9.23,401,3530,14.7,화학,KOSDAQ
104200,449.0,,,,-7.0,,,,,-183.59,397,2680,,방송과엔터테인먼트,KOSDAQ
452200,210.0,,,,-88.0,,,,,-102.07,398,1637,,전기제품,KOSDAQ
086040,470.0,,,,-48.0,,,,,391.04,399,2500,,생명과학도구및서비스,KOSDAQ
097870,244.0,219.74,,,35.0,24.16,,,0.9717,42.14,396,4670,57.69,화학,KOSDAQ
046310,1489.0,,,,68.0,,,,0.5983,-168.66,394,2400,3.79,통신장비,KOSDAQ
025880,1218.0,,,,122.0,,,,0.9776,-39.43,396,2370,6.28,식품,KOSDAQ
066900,5432.0,,,,-578.0,,,,,2336.98,395,1738,,전자장비와기기,KOSDAQ
122690,29419.0,,,,268.0,,,,0.2,10565.01,393,1704,8.45,자동차부품,KOSDAQ
171010,427.0,,,,-10.0,,,,,491.62,394,2755,,반도체와반도체장비,KOSDAQ
049830,1415.0,,,,23.0,,,,,-327.9,393,6410,151.3,포장재,KOSDAQ
250000,1023.0,,,,91.0,,,,1.0,-20.73,386,5720,7.87,식품과기본식료품소매,KOSDAQ
219420,170.0,,,,12.0,,,,0.9873,-318.74,386,3365,59.87,소프트웨어,KOSDAQ
060850,799.0,,,,42.0,,,,1.0,-21.26,388,4775,19.72,소프트웨어,KOSDAQ
153460,192.0,,,,26.0,,,,,-229.06,391,5990,,소프트웨어,KOSDAQ
019770,2071.0,,,,119.0,,,,,57.86,387,3325,6.05,자동차부품,KOSDAQ
044960,433.0,,,,43.0,,,,,-64.59,387,3065,23.36,제약,KOSDAQ
100660,465.0,,,,0.0,,,,0.9884,-260.92,384,3050,29.72,기계,KOSDAQ
090410,1065.0,,,,-1.0,,,,1.0,495.45,377,819,0.76,건축자재,KOSDAQ
221840,846.0,,,,46.0,,,,0.8762,426.18,385,2060,,우주항공과국방,KOSDAQ
014570,625.0,,,,69.0,,,,,-363.15,383,3480,,제약,KOSDAQ
051490,1846.0,,,,-1.0,,,,1.0,751.96,383,2695,10.22,기계,KOSDAQ
263770,580.0,,,,23.0,,,,,-174.83,383,1614,6.16,철강,KOSDAQ
186230,1057.0,,,,-10.0,,,,1.0,372.73,382,3500,,건축자재,KOSDAQ
042040,769.0,,,,-172.0,,,,,387.97,378,4355,10.66,화학,KOSDAQ
057540,991.0,,,,10.0,,,,0.9985,-49.65,374,630,70.72,전자장비와기기,KOSDAQ
177900,145.0,301.0,,,-27.0,41.0,,,,90.9,380,3950,6.69,통신장비,KOSDAQ
065440,616.0,,,,15.0,,,,1.0,-170.55,376,1380,13.28,IT서비스,KOSDAQ
321820,467.0,,,,-40.0,,,,1.0,-71.71,377,2415,,방송과엔터테인먼트,KOSDAQ
221980,629.0,,,,70.0,,,,1.0,-207.31,376,9320,9.34,화학,KOSDAQ
184230,616.0,,,,148.0,,,,1.0,185.97,375,1986,,소프트웨어,KOSDAQ
263700,817.0,,,,-29.0,,,,0.9829,-224.68,373,1921,,건강관리업체및서비스,KOSDAQ
050860,1133.0,,,,40.0,,,,,230.47,370,1646,6.63,기계,KOSDAQ
318410,516.0,,,,62.0,,,,1.0,-294.82,368,6630,8.57,가정용품,KOSDAQ
208710,1287.0,,,,-0.0,,,,,153.4,372,2825,,핸드셋,KOSDAQ
284620,12.0,,,,-64.0,,,,,-7.42,360,1087,,제약,KOSDAQ
046390,373.0,,,,-15.0,,,,1.0,-112.99,370,2140,,방송과엔터테인먼트,KOSDAQ
123570,323.0,,,,3.0,,,,1.0,-647.39,370,1659,20.22,광고,KOSDAQ
016600,201.0,,,,38.0,,,,,,370,2650,9.11,창업투자,KOSDAQ
352700,672.0,,,,-58.0,,,,1.0,-412.63,368,1401,28.34,"섬유,의류,신발,호화품",KOSDAQ
397810,306.0,,,,24.0,,,,0.9734,-293.51,368,7130,,광고,KOSDAQ
475460,1356.0,,,,29.0,,,,1.0,105.92,367,6500,27.4,인터넷과카탈로그소매,KOSDAQ
068940,355.0,,,,-34.0,,,,1.0,28.46,357,778,126.85,상업서비스와공급품,KOSDAQ
290120,3556.0,,,,219.0,,,,1.0,475.75,365,2305,,자동차부품,KOSDAQ
006920,812.0,,,,-30.0,,,,0.2832,-71.87,364,3330,5.19,건축자재,KOSDAQ
215380,376.0,,,,-39.0,,,,,197.3,367,2180,,생명과학도구및서비스,KOSDAQ
387570,95.0,,,,-26.0,,,,1.0,-18.45,366,6500,,건강관리장비와용품,KOSDAQ
173940,1024.0,,,,-6.0,,,,,-55.31,362,2350,,방송과엔터테인먼트,KOSDAQ
260660,2012.0,,,,10.0,,,,,201.74,362,2365,28.54,제약,KOSDAQ
393210,273.0,,,,-24.0,,,,1.0,226.64,358,2295,18.07,IT서비스,KOSDAQ
024120,2150.0,,,,85.0,,,,1.0,1021.63,359,3120,53.02,자동차부품,KOSDAQ
045060,1601.0,,,,56.0,,,,0.9922,-354.13,362,2135,6.05,화학,KOSDAQ
052600,268.0,,,,44.0,,,,,-265.63,358,3095,23.41,IT서비스,KOSDAQ
196450,2582.0,3098.0,,,53.0,71.0,,,1.0,196.2,358,790,,핸드셋,KOSDAQ
204020,2017.0,,,,79.0,,,,1.0,179.49,357,1835,7.24,"섬유,의류,신발,호화품",KOSDAQ
263050,103.0,,,,-189.0,,,,,143.98,353,959,,생물공학,KOSDAQ
408900,164.0,,,,-21.0,,,,1.0,-218.84,357,1089,61.05,방송과엔터테인먼트,KOSDAQ
035460,995.0,,,,81.0,,,,0.7303,-93.72,357,2390,11.39,통신장비,KOSDAQ
203450,513.0,,,,10.0,,,,1.0,57.79,355,2525,15.98,전자장비와기기,KOSDAQ
332290,1042.0,,,,41.0,,,,1.0,242.92,356,897,,화학,KOSDAQ
348080,25.0,,,,-103.0,,,,,-24.42,350,2725,,생물공학,KOSDAQ
081580,1827.0,,,,40.0,,,,1.0,-138.71,354,2280,,핸드셋,KOSDAQ
206400,48.0,,,,-54.0,,,,,-104.62,354,945,,건설,KOSDAQ
270870,1011.0,,,,-23.0,,,,1.0,-358.43,353,3930,14.17,건강관리업체및서비스,KOSDAQ
057030,518.0,,,,10.0,,,,1.0,-253.73,349,2140,15.52,교육서비스,KOSDAQ
133750,346.0,,,,18.0,,,,,-427.29,351,1498,,교육서비스,KOSDAQ
032960,216.0,,,,-1.0,,,,0.9911,-402.21,352,1998,21.89,전자장비와기기,KOSDAQ
446840,113.0,252.0,,,-66.0,40.0,,,,12.58,345,3135,,소프트웨어,KOSDAQ
039290,1351.0,,,,-42.0,,,,1.0,-131.15,347,3990,16.22,IT서비스,KOSDAQ
317240,260.0,,,,0.0,,,,,116.52,346,1187,,가정용품,KOSDAQ
026040,722.0,,,,7.0,,,,,-63.41,347,2100,46.66,"섬유,의류,신발,호화품",KOSDAQ
045510,2009.0,,,,19.0,,,,1.0,172.0,345,1097,24.43,IT서비스,KOSDAQ
064480,497.0,,,,3.0,,,,,-97.57,341,2855,22.74,IT서비스,KOSDAQ
226330,34.0,,,,-108.0,,,,,-56.01,345,1421,,건강관리업체및서비스,KOSDAQ
065950,2690.0,,,,-111.0,,,,,1600.88,344,1219,,건설,KOSDAQ
432430,371.0,,,,-87.0,,,,,-115.14,344,2085,,출판,KOSDAQ
060540,1597.0,,,,39.0,,,,1.0,190.12,341,1305,43.28,핸드셋,KOSDAQ
363250,4.0,,,,-97.0,,,,,-9.32,343,4035,,건강관리장비와용품,KOSDAQ
033540,1739.0,,,,-137.0,,,,1.0,393.04,338,3235,,기계,KOSDAQ
121890,288.0,,,,11.0,,,,,-46.01,340,2560,9.11,운송인프라,KOSDAQ
066360,4054.0,,,,285.0,,,,0.8322,1319.64,341,1423,4.67,식품,KOSDAQ
220180,314.0,,,,-5.0,,,,1.0,-453.86,340,1420,29.71,소프트웨어,KOSDAQ
376980,382.0,,,,10.0,,,,1.0,-61.27,340,3480,72.7,상업서비스와공급품,KOSDAQ
335810,199.0,,,,-54.0,,,,,42.51,338,1540,,생명과학도구및서비스,KOSDAQ
465480,200.0,,,,26.0,,,,1.0,-126.57,338,3330,15.01,IT서비스,KOSDAQ
007530,1771.0,,,,40.0,,,,1.0,521.69,337,1513,55.38,자동차부품,KOSDAQ
109820,106.0,,,,-7.0,,,,,-126.53,338,1655,,생물공학,KOSDAQ
075130,456.0,,,,33.0,,,,1.0,-269.33,337,2090,25.8,소프트웨어,KOSDAQ
127980,818.0,,,,-15.0,,,,0.9709,111.68,334,2825,20.82,전자장비와기기,KOSDAQ
239890,301.0,332.0,449.0,660.0,22.0,36.0,53.0,100.0,,-140.25,333,3355,40.19,디스플레이장비및부품,KOSDAQ
148930,301.0,,,,-32.0,,,,0.9997,-476.65,334,3280,12.15,전기제품,KOSDAQ
159910,99.0,,,,-39.0,,,,,25.98,334,3190,,화장품,KOSDAQ
476080,1324.0,,,,-90.0,,,,0.994,72.98,333,4125,35.3,방송과엔터테인먼트,KOSDAQ
021650,2272.0,,,,79.0,,,,1.0,19.93,333,2035,5.64,자동차부품,KOSDAQ
033170,1030.0,,,,-238.0,,,,,396.98,334,1949,,반도체와반도체장비,KOSDAQ
049120,658.0,,,,-41.0,,,,,309.96,331,3125,,디스플레이장비및부품,KOSDAQ
417860,240.0,,,,3.0,,,,,-102.13,332,7060,,소프트웨어,KOSDAQ
419120,200.0,,,,45.0,,,,0.983,-63.5,333,2340,18.95,소프트웨어,KOSDAQ
064520,181.0,,,,-56.0,,,,1.0,-408.07,331,1482,8.9,반도체와반도체장비,KOSDAQ
464280,276.0,,,,38.0,,,,,-138.67,330,5960,18.53,제약,KOSDAQ
452300,75.0,,,,23.0,,,,,,330,2330,,창업투자,KOSDAQ
348030,397.0,,,,-89.0,,,,,-330.79,329,3430,,게임엔터테인먼트,KOSDAQ
434480,192.0,,,,9.0,,,,0.994,-152.18,329,2675,,소프트웨어,KOSDAQ
311390,819.0,,,,54.0,,,,0.5765,-281.29,328,2595,,식품,KOSDAQ
296640,229.0,,,,9.0,,,,1.0,-103.84,328,6330,1061.6,소프트웨어,KOSDAQ
089150,231.0,,,,40.0,,,,,113.69,325,1895,42.72,컴퓨터와주변기기,KOSDAQ
263920,523.0,,,,25.0,,,,1.0,27.41,326,3325,5.35,포장재,KOSDAQ
469750,230.0,,,,-4.0,,,,,-86.11,326,945,,전기제품,KOSDAQ
128540,1518.0,,,,-32.0,,,,1.0,-44.13,328,1228,35.95,자동차부품,KOSDAQ
025440,4944.0,,,,-49.0,,,,1.0,1931.76,325,3330,90.72,자동차부품,KOSDAQ
037330,7218.0,,,,171.0,,,,0.6191,1385.49,327,745,8.33,디스플레이장비및부품,KOSDAQ
071850,1553.0,,,,-63.0,,,,,765.3,324,1335,,자동차부품,KOSDAQ
053950,559.0,,,,-17.0,,,,,-6.65,323,1648,,제약,KOSDAQ
254120,279.0,,,,-39.0,,,,1.0,-1.5,323,1050,,전자장비와기기,KOSDAQ
207760,675.0,,,,-25.0,,,,,-207.61,319,384,,양방향미디어와서비스,KOSDAQ
200780,758.0,,,,20.0,,,,0.9108,710.35,322,3020,21.82,제약,KOSDAQ
131090,134.0,,,,43.0,,,,,-440.08,322,4210,7.82,소프트웨어,KOSDAQ
038950,629.0,,,,-46.0,,,,1.0,-585.56,322,3155,23.88,전자제품,KOSDAQ
099220,875.0,,,,5.0,,,,,488.19,322,511,,에너지장비및서비스,KOSDAQ
089140,704.0,,,,23.0,,,,1.0,-391.99,320,2090,5.08,기계,KOSDAQ
068050,352.0,,,,-35.0,,,,1.0,161.45,321,1160,14.09,방송과엔터테인먼트,KOSDAQ
099390,251.0,,,,21.0,,,,1.0,-463.87,319,3890,12.01,소프트웨어,KOSDAQ
087600,427.0,,,,-56.0,,,,,-51.23,318,3900,,반도체와반도체장비,KOSDAQ
037370,628.0,,,,-22.0,,,,,1083.89,318,3690,,비철금속,KOSDAQ
033830,427.0,,,,15.0,,,,1.0,-815.34,317,1677,15.82,방송과엔터테인먼트,KOSDAQ
318020,872.0,,,,30.0,,,,1.0,188.77,319,2590,30.06,전자장비와기기,KOSDAQ
105550,364.0,,,,-155.0,,,,1.0,298.38,318,2030,,자동차부품,KOSDAQ
290090,210.0,,,,-41.0,,,,1.0,-249.11,317,4260,32.07,소프트웨어,KOSDAQ
080520,380.0,,,,-23.0,,,,1.0,-452.56,316,2790,18.89,반도체와반도체장비,KOSDAQ
258830,185.0,,,,23.0,,,,,179.4,312,412,,건강관리장비와용품,KOSDAQ
232830,2696.0,,,,-3.0,,,,,382.69,315,1907,,IT서비스,KOSDAQ
290560,140.0,,,,36.0,,,,,-184.91,316,1414,,소프트웨어,KOSDAQ
088340,438.0,466.0,,,-68.0,-35.0,,,1.0,11.8,314,7200,20.93,소프트웨어,KOSDAQ
050110,4899.0,,,,-113.0,,,,,538.27,315,1078,,핸드셋,KOSDAQ
106240,429.0,,,,-64.0,,,,,309.11,315,1184,,디스플레이장비및부품,KOSDAQ
271830,387.0,,,,-41.0,,,,0.9997,57.76,313,1063,14.58,핸드셋,KOSDAQ
020180,2029.0,2595.0,,,91.0,160.0,,,,246.52,307,4000,6.52,IT서비스,KOSDAQ
462310,490.0,,,,7.0,,,,0.9848,-20.72,313,3965,,"섬유,의류,신발,호화품",KOSDAQ
246250,40.0,,,,-41.0,,,,,-20.1,302,1969,25.34,제약,KOSDAQ
305090,128.0,,,,-92.0,,,,,103.28,311,1660,188.97,건강관리장비와용품,KOSDAQ
452160,149.0,,,,2.0,,,,1.0,219.43,309,3215,,반도체와반도체장비,KOSDAQ
012620,3981.0,,,,124.0,,,,1.0,785.49,310,7050,4.83,철강,KOSDAQ
197140,666.0,,,,-25.0,,,,,-142.12,311,2390,,소프트웨어,KOSDAQ
187270,534.0,,,,48.0,,,,1.0,-100.13,310,3060,11.84,핸드셋,KOSDAQ
022220,647.0,,,,-108.0,,,,,354.92,311,600,11.19,건축제품,KOSDAQ
093380,903.0,,,,7.0,,,,1.0,-22.35,307,3110,7.17,자동차부품,KOSDAQ
097780,2174.0,,,,11.0,,,,1.0,-760.81,306,1509,3.89,자동차부품,KOSDAQ
031510,1285.0,,,,41.0,,,,1.0,-242.13,308,1100,5.45,자동차부품,KOSDAQ
407400,864.0,,,,-42.0,,,,,153.44,308,2105,,가정용기기와용품,KOSDAQ
043200,288.0,,,,-27.0,,,,,201.87,308,1475,,에너지장비및서비스,KOSDAQ
079170,986.0,,,,79.0,,,,,-76.46,302,5800,27.63,비철금속,KOSDAQ
215090,268.0,,,,13.0,,,,1.0,-171.18,302,1304,,우주항공과국방,KOSDAQ
091970,501.0,,,,-3.0,,,,,124.01,302,4005,,화학,KOSDAQ
297570,429.0,,,,65.0,,,,1.0,321.77,301,869,10.62,전자제품,KOSDAQ
276730,139.0,,,,-49.0,,,,,240.81,295,1306,,음료,KOSDAQ
078590,644.0,,,,2.0,,,,,-125.05,301,3010,7.95,자동차부품,KOSDAQ
444530,104.0,,,,-27.0,,,,,-67.69,299,4655,,IT서비스,KOSDAQ
351330,790.0,,,,-72.0,,,,,40.47,296,3575,,IT서비스,KOSDAQ
237820,402.0,,,,62.0,,,,1.0,-594.68,300,2340,29.02,광고,KOSDAQ
193250,105.0,,,,-72.0,,,,,-71.03,299,2240,,핸드셋,KOSDAQ
360350,134.0,,,,-15.0,,,,1.0,10.05,297,5470,43.74,전자장비와기기,KOSDAQ
351870,665.0,,,,44.0,,,,0.4764,566.59,296,2655,,광고,KOSDAQ
318010,127.0,,,,-7.0,,,,0.9955,-357.57,296,3735,20.72,건강관리업체및서비스,KOSDAQ
458350,352.0,,,,25.0,,,,1.0,-220.04,296,3410,51.31,광고,KOSDAQ
096630,2787.0,,,,133.0,,,,1.0,198.87,296,1865,,핸드셋,KOSDAQ
336060,702.0,,,,20.0,,,,1.0,-201.69,293,3040,10.09,IT서비스,KOSDAQ
021880,251.0,220.0,,,-101.0,-22.0,,,0.9681,,293,1383,15.91,기타금융,KOSDAQ
376180,309.0,,,,-7.0,,,,,-56.91,294,1583,22.71,가정용기기와용품,KOSDAQ
195500,1068.0,,,,25.0,,,,,106.53,295,1845,23.49,식품,KOSDAQ
363260,444.0,,,,45.0,,,,0.9748,-185.06,295,916,,광고,KOSDAQ
464580,338.0,,,,1.0,,,,,116.43,294,1598,44.06,방송과엔터테인먼트,KOSDAQ
032790,286.0,,,,-103.0,,,,1.0,-12.73,293,1140,,IT서비스,KOSDAQ
038620,1126.0,,,,25.0,,,,0.9182,-467.76,291,1923,36.99,운송인프라,KOSDAQ
262840,436.0,,,,43.0,,,,0.9408,297.55,292,2760,17.27,IT서비스,KOSDAQ
079000,141.0,,,,-43.0,,,,,-499.8,291,4045,13.18,건축제품,KOSDAQ
075970,1107.0,,,,34.0,,,,1.0,136.66,292,1585,137.68,비철금속,KOSDAQ
239610,167.0,,,,-111.0,,,,,-241.58,290,5380,,건강관리업체및서비스,KOSDAQ
069410,668.0,,,,22.0,,,,1.0,-237.43,290,2830,,IT서비스,KOSDAQ
119500,660.0,,,,24.0,,,,,-35.21,291,2455,23.42,기계,KOSDAQ
066910,970.0,,,,-67.0,,,,1.0,231.18,291,1892,,레저용장비와제품,KOSDAQ
026910,569.0,,,,-43.0,,,,1.0,651.79,289,3650,,철강,KOSDAQ
139670,123.0,,,,9.0,,,,1.0,-310.41,288,2040,25.21,소프트웨어,KOSDAQ
013720,249.0,,,,8.0,,,,,-37.95,286,2355,,자동차부품,KOSDAQ
365590,18.0,,,,-117.0,,,,,43.88,288,783,,반도체와반도체장비,KOSDAQ
101670,34.0,,,,-151.0,,,,,80.27,287,505,,전기제품,KOSDAQ
364950,869.0,1100.0,,,28.0,45.0,,,1.0,14.57,286,3450,,전자장비와기기,KOSDAQ
008470,1208.0,,,,18.0,,,,1.0,-295.86,287,1705,27.44,기계,KOSDAQ
017000,2113.0,,,,86.0,,,,,123.81,285,2445,5.02,건설,KOSDAQ
069140,1176.0,,,,48.0,,,,0.2,411.46,286,1894,,건설,KOSDAQ
043220,145.0,,,,-59.0,,,,1.0,48.45,282,1710,1729.06,기계,KOSDAQ
367000,389.0,,,,-45.0,,,,,-58.58,285,3395,,IT서비스,KOSDAQ
462980,390.0,,,,33.0,,,,1.0,65.83,284,1559,14.74,IT서비스,KOSDAQ
310870,1110.0,,,,51.0,,,,1.0,466.42,285,1301,8.05,자동차부품,KOSDAQ
027040,337.0,,,,-16.0,,,,,39.93,285,2045,,전자장비와기기,KOSDAQ
109960,98.0,,,,-23.0,,,,1.0,-106.86,284,1875,9.34,제약,KOSDAQ
031310,1944.0,,,,34.0,,,,1.0,409.44,284,955,,통신장비,KOSDAQ
388610,177.0,,,,4.0,,,,,28.66,283,5320,15.37,생물공학,KOSDAQ
115480,482.0,,,,108.0,,,,1.0,162.02,284,2340,,건강관리장비와용품,KOSDAQ
053290,627.0,,,,11.0,,,,,-386.34,283,1714,77.74,교육서비스,KOSDAQ
406820,549.0,,,,-32.0,,,,,333.7,282,1997,,화장품,KOSDAQ
045300,409.0,,,,20.0,,,,0.9968,-39.53,282,2675,,반도체와반도체장비,KOSDAQ
032860,509.0,,,,-17.0,,,,,-4.58,279,690,,판매업체,KOSDAQ
057680,364.0,,,,3.0,,,,0.9712,-52.76,282,1786,,IT서비스,KOSDAQ
103840,1838.0,,,,47.0,,,,,711.36,282,1720,,식품,KOSDAQ
160550,1427.0,,,,27.0,,,,1.0,158.0,280,1005,,방송과엔터테인먼트,KOSDAQ
430690,263.0,,,,-19.0,,,,1.0,66.61,279,2565,25.65,소프트웨어,KOSDAQ
450520,390.0,,,,-49.0,,,,1.0,-64.93,280,1901,15.53,소프트웨어,KOSDAQ
130500,876.0,,,,68.0,,,,0.8337,793.47,279,1917,19.74,자동차부품,KOSDAQ
131220,811.0,,,,55.0,,,,0.6865,-28.22,279,3745,12.17,생명과학도구및서비스,KOSDAQ
068100,177.0,,,,-17.0,,,,,-57.94,279,2340,,IT서비스,KOSDAQ
290270,377.0,,,,48.0,,,,0.9794,-159.77,277,2885,5.53,소프트웨어,KOSDAQ
215790,437.0,,,,-92.0,,,,,134.94,276,685,,통신장비,KOSDAQ
058110,113.0,,,,-28.0,,,,,85.53,277,1724,,건강관리장비와용품,KOSDAQ
007770,1244.0,,,,-120.0,,,,1.0,256.31,276,7860,,화학,KOSDAQ
044480,253.0,,,,-8.0,,,,,18.52,273,820,,방송과엔터테인먼트,KOSDAQ
328380,637.0,,,,6.0,,,,1.0,-74.18,276,4025,65.73,IT서비스,KOSDAQ
356890,337.0,,,,4.0,,,,0.7894,-273.71,276,2305,21.8,IT서비스,KOSDAQ
032750,1483.0,,,,58.0,,,,1.0,-476.86,274,3035,434.25,전자제품,KOSDAQ
188260,154.0,,,,-44.0,,,,,-100.37,274,1973,,건강관리장비와용품,KOSDAQ
900310,436.0,,,,2.0,,,,1.0,-1769.15,275,2150,10.84,화장품,KOSDAQ
016920,1611.0,,,,20.0,,,,1.0,516.41,274,1067,22.97,전자장비와기기,KOSDAQ
236810,923.0,,,,-65.0,,,,,-90.88,272,1604,,광고,KOSDAQ
054780,157.0,,,,-39.0,,,,,-35.05,272,1385,,방송과엔터테인먼트,KOSDAQ
900070,1293.0,,,,83.0,,,,0.7446,-299.33,272,1012,13.69,자동차부품,KOSDAQ
368970,254.0,,,,-13.0,,,,0.8855,55.83,269,2395,,식품,KOSDAQ
067010,733.0,912.0,,,-27.0,3.0,,,,-288.53,270,2480,16.8,IT서비스,KOSDAQ
070590,648.0,,,,10.0,,,,0.8862,-0.62,269,1936,,IT서비스,KOSDAQ
267790,592.0,,,,66.0,,,,1.0,-105.19,268,3485,10.1,"섬유,의류,신발,호화품",KOSDAQ
177830,1325.0,,,,26.0,,,,1.0,539.59,268,2365,338.03,디스플레이장비및부품,KOSDAQ
138070,544.0,,,,-4.0,,,,1.0,43.5,267,1525,12.43,기계,KOSDAQ
019570,129.0,,,,33.0,,,,1.0,,264,2765,,창업투자,KOSDAQ
368600,469.0,,,,-145.0,,,,,447.85,267,1035,,전자장비와기기,KOSDAQ
475660,221.0,,,,-20.0,,,,,-6.06,266,3360,38.14,디스플레이장비및부품,KOSDAQ
225220,94.0,,,,-86.0,,,,,-27.59,265,1380,,건강관리장비와용품,KOSDAQ
033050,898.0,,,,41.0,,,,1.0,-39.1,266,835,15.28,가정용품,KOSDAQ
048470,1192.0,,,,-12.0,,,,,-417.18,265,2750,,철강,KOSDAQ
096690,506.0,,,,-109.0,,,,,523.06,263,6550,,컴퓨터와주변기기,KOSDAQ
080530,765.0,,,,38.0,,,,1.0,-204.28,264,2380,,화장품,KOSDAQ
238490,593.0,,,,-75.0,,,,,120.58,262,2320,14.0,디스플레이장비및부품,KOSDAQ
007720,1629.0,,,,14.0,,,,,-41.67,262,1300,,판매업체,KOSDAQ
464500,101.0,,,,-56.0,,,,,6.7,263,1879,,반도체와반도체장비,KOSDAQ
300120,2238.0,,,,-162.0,,,,,158.1,256,2590,,소프트웨어,KOSDAQ
123840,482.0,,,,-134.0,,,,,-34.24,262,1685,,건강관리업체및서비스,KOSDAQ
076080,1667.0,,,,-181.0,,,,,181.35,260,1150,,건설,KOSDAQ
288620,158.0,,,,-150.0,,,,,-107.76,261,3740,,전기제품,KOSDAQ
001810,2057.0,,,,18.0,,,,0.9919,450.15,259,1170,,종이와목재,KOSDAQ
198940,2595.0,,,,13.0,,,,,1029.3,260,1308,,자동차부품,KOSDAQ
373170,256.0,,,,9.0,,,,,-183.37,259,1714,25.21,IT서비스,KOSDAQ
134060,111.0,,,,9.0,,,,,-117.79,258,5410,18.31,교육서비스,KOSDAQ
091340,3102.0,,,,157.0,,,,,-149.54,259,2210,,전자장비와기기,KOSDAQ
038530,873.0,,,,15.0,,,,,-646.19,259,999,,IT서비스,KOSDAQ
114630,1018.0,,,,78.0,,,,1.0,-385.07,257,1491,5.51,"섬유,의류,신발,호화품",KOSDAQ
038870,172.0,,,,-27.0,,,,1.0,176.73,258,1838,29.99,에너지장비및서비스,KOSDAQ
115530,536.0,,,,4.0,,,,1.0,92.91,257,3000,60.71,에너지장비및서비스,KOSDAQ
377030,272.0,,,,-109.0,,,,,743.77,257,1800,,IT서비스,KOSDAQ
333050,300.0,,,,20.0,,,,,-170.61,256,5200,29.53,IT서비스,KOSDAQ
035200,252.0,,,,-4.0,,,,1.0,-144.5,256,2775,25.28,건축제품,KOSDAQ
073540,253.0,,,,9.0,,,,0.9446,-166.39,256,2245,13.51,통신장비,KOSDAQ
200350,146.0,,,,-30.0,,,,,-278.29,255,2550,,방송과엔터테인먼트,KOSDAQ
318000,239.0,,,,23.0,,,,1.0,-187.77,254,2910,15.19,화학,KOSDAQ
083660,279.0,,,,-56.0,,,,,-5.46,250,1761,,화장품,KOSDAQ
060380,1978.0,,,,18.0,,,,0.6963,370.86,254,1289,9.59,철강,KOSDAQ
227610,424.0,,,,-18.0,,,,,197.63,252,1299,,화장품,KOSDAQ
462510,72.0,,,,-118.0,,,,,38.12,253,2870,,건강관리장비와용품,KOSDAQ
146060,793.0,,,,51.0,,,,0.8889,438.55,251,1046,,자동차부품,KOSDAQ
090150,1159.0,,,,69.0,,,,0.9643,94.78,249,5940,,자동차부품,KOSDAQ
039310,356.0,,,,-10.0,,,,,-308.57,251,1386,3.12,소프트웨어,KOSDAQ
424760,354.0,,,,9.0,,,,,-89.31,251,2500,,IT서비스,KOSDAQ
208350,389.0,,,,25.0,,,,1.0,-141.55,250,3090,3.18,소프트웨어,KOSDAQ
257370,111.0,,,,-21.0,,,,,19.36,249,1992,,전기제품,KOSDAQ
044780,542.0,,,,-4.0,,,,1.0,-47.61,250,1351,17.66,기계,KOSDAQ
083640,508.0,,,,17.0,,,,,-164.44,250,1087,,전자장비와기기,KOSDAQ
054090,1363.0,,,,-20.0,,,,,351.01,248,995,,전자장비와기기,KOSDAQ
039740,1463.0,,,,4.0,,,,1.0,155.05,248,3090,14.67,판매업체,KOSDAQ
331520,378.0,,,,29.0,,,,1.0,-40.09,247,2525,54.76,게임엔터테인먼트,KOSDAQ
101680,306.0,,,,-75.0,,,,,66.65,247,2940,,기계,KOSDAQ
085810,532.0,,,,32.0,,,,,27.54,245,1732,,건설,KOSDAQ
440320,883.0,,,,-28.0,,,,0.8338,-4.69,244,2440,73.09,디스플레이패널,KOSDAQ
052300,76.0,,,,-25.0,,,,0.4591,-439.7,246,1517,,건축제품,KOSDAQ
051380,3730.0,,,,43.0,,,,,279.65,247,1611,89.55,컴퓨터와주변기기,KOSDAQ
290520,319.0,,,,18.0,,,,1.0,-279.41,243,1543,,디스플레이장비및부품,KOSDAQ
063760,273.0,,,,23.0,,,,1.0,-172.68,241,2580,57.88,디스플레이장비및부품,KOSDAQ
222980,963.0,,,,-11.0,,,,,115.87,243,2200,,식품,KOSDAQ
237750,276.0,,,,0.0,,,,,330.68,241,3710,10.0,전기장비,KOSDAQ
289220,367.0,,,,-190.0,,,,,-104.84,239,1073,,양방향미디어와서비스,KOSDAQ
065150,1109.0,,,,46.0,,,,,85.22,239,1500,,식품,KOSDAQ
206560,554.0,,,,-65.0,,,,,247.74,237,934,,방송과엔터테인먼트,KOSDAQ
347770,634.0,,,,-61.0,,,,1.0,225.63,239,1055,31.49,디스플레이장비및부품,KOSDAQ
016670,231.0,,,,41.0,,,,,-568.15,239,2340,,소프트웨어,KOSDAQ
298060,238.0,,,,-45.0,,,,1.0,-54.3,239,2480,,생물공학,KOSDAQ
060230,619.0,,,,-82.0,,,,,609.44,236,1210,,전자장비와기기,KOSDAQ
018700,642.0,,,,-30.0,,,,,-10.44,238,1425,,화장품,KOSDAQ
188040,709.0,,,,8.0,,,,1.0,-36.16,238,5080,,식품,KOSDAQ
053060,1894.0,,,,91.0,,,,1.0,136.28,235,1329,3.37,자동차부품,KOSDAQ
355390,105.0,,,,-134.0,,,,,-57.3,238,1500,,IT서비스,KOSDAQ
301300,190.0,,,,-38.0,,,,1.0,90.55,235,1790,2.65,소프트웨어,KOSDAQ
169330,562.0,588.94,,,-13.0,27.0,,,0.7442,-104.18,236,1289,15.34,IT서비스,KOSDAQ
095910,1024.0,,,,-187.0,,,,,408.42,236,634,,에너지장비및서비스,KOSDAQ
036480,260.0,,,,7.0,,,,,102.74,234,6170,,제약,KOSDAQ
378800,2.0,,,,-158.0,,,,,-179.56,234,506,,제약,KOSDAQ
131180,323.0,,,,8.0,,,,,-151.92,234,3995,53.24,컴퓨터와주변기기,KOSDAQ
032800,382.0,,,,-80.0,,,,,-79.75,234,1551,,방송과엔터테인먼트,KOSDAQ
013810,380.0,,,,-5.0,,,,,-118.32,234,1596,,기계,KOSDAQ
258790,257.0,,,,30.0,,,,1.0,173.87,234,4675,,소프트웨어,KOSDAQ
130740,794.0,,,,-33.0,,,,,-319.2,233,2070,,자동차부품,KOSDAQ
047080,379.0,,,,3.0,,,,0.9577,-108.15,231,932,,게임엔터테인먼트,KOSDAQ
154040,314.0,,,,17.0,,,,,169.75,231,1070,1.25,전자제품,KOSDAQ
123750,322.0,,,,2.0,,,,1.0,-71.55,231,1672,,레저용장비와제품,KOSDAQ
415380,959.0,,,,28.0,,,,,-185.27,231,2015,9.82,가구,KOSDAQ
153490,1212.0,,,,3.0,,,,1.0,-7.8,229,2220,9.93,디스플레이장비및부품,KOSDAQ
038880,412.0,,,,-73.0,,,,,234.09,231,3070,,자동차부품,KOSDAQ
032080,302.0,,,,5.0,,,,,-477.04,230,1070,,"섬유,의류,신발,호화품",KOSDAQ
241840,118.0,,,,-73.0,,,,1.0,-4.41,230,2410,26.32,방송과엔터테인먼트,KOSDAQ
359090,650.0,,,,14.0,,,,1.0,3.19,230,2005,11.68,제약,KOSDAQ
018680,521.0,,,,-13.0,,,,,-17.66,230,1969,12.7,제약,KOSDAQ
187220,1258.0,,,,-6.0,,,,1.0,766.01,230,1995,,전자장비와기기,KOSDAQ
372800,781.0,,,,-54.0,,,,1.0,21.94,229,3250,,IT서비스,KOSDAQ
033200,315.0,426.0,,,-32.0,-17.0,,,0.8235,-392.7,229,2490,927.48,전자장비와기기,KOSDAQ
084440,337.0,,,,14.0,,,,1.0,-8.37,229,1196,,교육서비스,KOSDAQ
115160,3942.0,,,,-292.0,,,,,693.37,227,5270,,전자제품,KOSDAQ
238200,197.0,,,,14.0,,,,1.0,26.08,228,2790,41.53,건강관리업체및서비스,KOSDAQ
109670,1697.0,,,,2.0,,,,1.0,-62.76,226,3880,,"섬유,의류,신발,호화품",KOSDAQ
353190,990.0,,,,19.0,,,,1.0,131.64,227,2880,13.42,건강관리업체및서비스,KOSDAQ
429270,127.0,180.0,,,-76.0,-70.0,,,,66.21,226,3510,,반도체와반도체장비,KOSDAQ
067770,119.0,,,,-2.0,,,,1.0,-352.19,226,2690,,디스플레이장비및부품,KOSDAQ
405920,821.0,,,,10.0,,,,1.0,389.1,225,1750,,음료,KOSDAQ
148250,187.0,,,,-34.0,,,,,-63.06,226,1661,,통신장비,KOSDAQ
317120,75.0,,,,-61.0,,,,,147.44,224,1471,,통신장비,KOSDAQ
432980,208.0,,,,3.0,,,,,-43.62,223,2595,,제약,KOSDAQ
065690,535.0,,,,-127.0,,,,1.0,-235.32,223,1857,,컴퓨터와주변기기,KOSDAQ
195990,319.0,,,,-93.0,,,,,114.05,221,1359,,기계,KOSDAQ
403490,637.0,,,,-9.0,,,,1.0,317.24,223,2425,82.68,식품,KOSDAQ
353590,591.0,,,,8.0,,,,,3.16,219,1699,,자동차부품,KOSDAQ
016100,683.0,,,,-71.0,,,,1.0,296.08,222,1161,176.0,포장재,KOSDAQ
900110,705.0,,,,94.0,,,,0.9966,-2865.53,221,1201,16.84,"섬유,의류,신발,호화품",KOSDAQ
032280,1000.0,,,,21.0,,,,,267.87,219,1349,11.15,항공화물운송과물류,KOSDAQ
054940,1770.0,,,,25.0,,,,0.5462,196.82,219,3300,,반도체와반도체장비,KOSDAQ
148780,170.0,,,,-11.0,,,,1.0,-87.54,215,3425,54.84,소프트웨어,KOSDAQ
215480,397.0,,,,0.0,,,,0.9798,-77.97,219,2035,15.5,"섬유,의류,신발,호화품",KOSDAQ
017250,601.0,,,,40.0,,,,1.0,108.12,217,1029,3.83,전자장비와기기,KOSDAQ
101400,344.0,,,,-51.0,,,,1.0,-145.56,218,1860,34.28,반도체와반도체장비,KOSDAQ
067730,485.0,,,,29.0,,,,,-119.3,217,2240,67.77,IT서비스,KOSDAQ
098660,715.0,,,,-14.0,,,,1.0,359.5,218,1741,13.67,"섬유,의류,신발,호화품",KOSDAQ
277410,358.0,,,,23.0,,,,1.0,373.0,217,5660,13.07,식품,KOSDAQ
340440,480.0,,,,9.0,,,,,-90.83,215,756,14.03,포장재,KOSDAQ
352940,340.0,,,,9.0,,,,,219.43,215,1980,,화학,KOSDAQ
398120,246.0,,,,15.0,,,,1.0,36.72,214,1810,,건강관리장비와용품,KOSDAQ
200230,432.0,,,,7.0,,,,0.9969,21.43,213,2250,5.86,제약,KOSDAQ
219750,320.0,,,,-29.0,,,,,74.78,213,1625,,건강관리장비와용품,KOSDAQ
373110,19.0,,,,-109.0,,,,,11.55,214,1237,,생물공학,KOSDAQ
252500,376.0,,,,6.0,,,,,-187.19,207,499,13.73,화장품,KOSDAQ
019660,129.0,,,,-48.0,,,,,68.71,213,1530,,판매업체,KOSDAQ
431190,166.0,,,,-35.0,,,,1.0,-98.56,213,2845,,IT서비스,KOSDAQ
080470,2435.0,,,,116.0,,,,0.7724,177.42,208,2845,6.68,자동차부품,KOSDAQ
069330,497.0,,,,13.0,,,,1.0,80.03,211,1247,,디스플레이장비및부품,KOSDAQ
362990,200.0,,,,-12.0,,,,1.0,-40.53,208,1237,33.92,광고,KOSDAQ
303530,707.0,,,,-29.0,,,,1.0,-74.23,211,2875,77.47,IT서비스,KOSDAQ
274400,143.0,,,,-20.0,,,,,129.74,208,2285,,소프트웨어,KOSDAQ
192390,751.0,,,,-39.0,,,,1.0,484.83,209,1745,6.69,건축자재,KOSDAQ
023770,347.0,,,,-47.0,,,,,-20.62,208,2320,,게임엔터테인먼트,KOSDAQ
115570,987.0,,,,66.0,,,,1.0,55.83,208,2600,,화학,KOSDAQ
021040,2774.0,,,,24.0,,,,,739.84,206,951,,철강,KOSDAQ
361670,110.0,,,,-17.0,,,,,-91.42,206,3630,,전자장비와기기,KOSDAQ
054220,448.0,,,,1.0,,,,1.0,69.07,205,1630,,IT서비스,KOSDAQ
275630,130.0,,,,3.0,,,,1.0,-180.36,205,3905,17.19,소프트웨어,KOSDAQ
438700,31.0,,,,-85.0,,,,,37.36,204,1830,,소프트웨어,KOSDAQ
419540,171.0,,,,-11.0,,,,,-32.76,204,3420,60.85,건강관리장비와용품,KOSDAQ
342870,1033.0,,,,82.0,,,,1.0,74.88,201,3695,,가정용기기와용품,KOSDAQ
065370,383.0,,,,8.0,,,,1.0,114.97,205,2780,,소프트웨어,KOSDAQ
065060,1109.0,,,,-4.0,,,,,532.02,203,3385,,"섬유,의류,신발,호화품",KOSDAQ
191410,448.0,,,,-15.0,,,,1.0,162.42,201,1795,,디스플레이패널,KOSDAQ
073570,107.0,,,,-45.0,,,,,-104.38,200,1662,,핸드셋,KOSDAQ
377330,132.0,,,,-186.0,,,,,97.73,201,2465,,전기제품,KOSDAQ
043590,214.0,,,,-21.0,,,,1.0,72.84,200,1476,3.85,전기제품,KOSDAQ
034940,593.0,,,,-66.0,,,,,247.82,200,3230,,제약,KOSDAQ
455180,181.0,,,,-37.0,,,,1.0,510.7,199,1353,,전자장비와기기,KOSDAQ
224060,253.0,,,,-8.0,,,,,557.46,199,3850,,전기제품,KOSDAQ
154030,35.0,,,,-10.0,,,,1.0,105.35,200,1657,,생물공학,KOSDAQ
054410,399.0,,,,14.0,,,,,253.23,197,3435,9.28,비철금속,KOSDAQ
043360,213.0,,,,-8.0,,,,,-74.78,198,2205,,컴퓨터와주변기기,KOSDAQ
383930,477.0,,,,-57.0,,,,,357.21,197,1543,,생명과학도구및서비스,KOSDAQ
096870,110.0,,,,3.0,,,,,-115.83,197,2355,,디스플레이장비및부품,KOSDAQ
137940,1201.0,,,,-356.0,,,,,-263.02,196,1999,,화장품,KOSDAQ
405000,85.0,,,,-76.0,,,,,55.22,196,3650,,건강관리장비와용품,KOSDAQ
032680,548.0,,,,-2.0,,,,,-479.02,196,940,,IT서비스,KOSDAQ
196700,432.0,,,,56.0,,,,1.0,87.02,195,1361,27.35,화학,KOSDAQ
014100,488.0,,,,-11.0,,,,1.0,162.13,196,1660,5.47,화장품,KOSDAQ
900270,1088.0,,,,-2.0,,,,1.0,-3169.79,193,3770,,레저용장비와제품,KOSDAQ
214610,109.0,,,,-99.0,,,,,0.37,192,2290,4.0,건강관리장비와용품,KOSDAQ
048830,838.0,,,,10.0,,,,1.0,-105.3,194,1038,20.52,화학,KOSDAQ
018620,548.0,,,,3.0,,,,,157.26,195,2815,,제약,KOSDAQ
083470,184.0,,,,-19.0,,,,1.0,1.57,194,909,,디스플레이장비및부품,KOSDAQ
073190,201.0,,,,-30.0,,,,,73.69,194,1622,,가구,KOSDAQ
050090,74.0,,,,-36.0,,,,,-70.29,194,823,,광고,KOSDAQ
024940,560.0,,,,16.0,,,,1.0,-238.65,193,1931,40.94,가정용기기와용품,KOSDAQ
050760,668.0,,,,-48.0,,,,1.0,192.49,193,1181,,화학,KOSDAQ
031860,145.0,,,,-78.0,,,,,50.27,187,6930,,컴퓨터와주변기기,KOSDAQ
088290,566.0,,,,16.0,,,,,43.1,192,2405,,자동차부품,KOSDAQ
027580,501.0,,,,-89.0,,,,1.0,19.65,191,1612,224.46,화학,KOSDAQ
140430,279.0,,,,-5.0,,,,,107.59,190,1778,,통신장비,KOSDAQ
900340,1922.0,,,,149.0,,,,1.0,-920.06,189,1505,2.4,식품,KOSDAQ
344860,82.0,,,,0.0,,,,,-68.5,191,1325,22.96,화장품,KOSDAQ
417180,173.0,,,,8.0,,,,1.0,-219.56,186,4325,25.74,양방향미디어와서비스,KOSDAQ
113810,804.0,,,,10.0,,,,0.996,-17.94,189,2900,12.95,자동차부품,KOSDAQ
056730,475.0,,,,-113.0,,,,,-235.85,189,1275,6.87,건설,KOSDAQ
279600,228.0,,,,-22.0,,,,,150.51,185,3940,,IT서비스,KOSDAQ
303030,364.0,,,,-86.0,,,,,-18.96,185,2025,,반도체와반도체장비,KOSDAQ
306040,1634.0,,,,-159.0,,,,1.0,202.33,183,1968,7.05,"섬유,의류,신발,호화품",KOSDAQ
060900,131.0,,,,-93.0,,,,,-97.53,181,3705,,에너지장비및서비스,KOSDAQ
365900,469.0,,,,-15.0,,,,,258.91,185,2535,,레저용장비와제품,KOSDAQ
115610,132.0,,,,-20.0,,,,,-55.32,183,1546,,핸드셋,KOSDAQ
110020,137.0,,,,-3.0,,,,,-62.84,180,1986,,가정용품,KOSDAQ
078860,122.0,,,,-80.0,,,,,74.87,180,2915,,방송과엔터테인먼트,KOSDAQ
335870,420.0,,,,-28.0,,,,,6.71,180,5370,8.12,"섬유,의류,신발,호화품",KOSDAQ
177350,166.0,,,,-26.0,,,,1.0,3.55,169,1700,,화학,KOSDAQ
069920,240.0,,,,-59.0,,,,,104.67,177,1227,,건설,KOSDAQ
900120,576.0,,,,97.0,,,,1.0,-462.5,173,1040,2.57,제약,KOSDAQ
006050,602.0,,,,9.0,,,,,-88.54,172,4940,62.45,건축제품,KOSDAQ
322780,329.0,,,,-71.0,,,,1.0,105.81,175,1945,22.26,방송과엔터테인먼트,KOSDAQ
309930,460.0,,,,-88.0,,,,1.0,104.92,172,894,38.93,가구,KOSDAQ
020400,1018.0,,,,1.0,,,,,244.47,174,2870,56.32,자동차부품,KOSDAQ
376930,51.0,,,,-201.0,,,,,-61.6,171,334,,건강관리장비와용품,KOSDAQ
103230,488.0,,,,9.0,,,,,128.07,171,2370,8.37,조선,KOSDAQ
023790,240.0,,,,-26.0,,,,,375.71,167,1279,,철강,KOSDAQ
051780,567.0,,,,-0.0,,,,,399.8,168,2655,,식품,KOSDAQ
037400,10652.0,,,,11.0,,,,0.2335,86.7,166,632,9.02,디스플레이장비및부품,KOSDAQ
065650,762.0,,,,-43.0,,,,,165.33,172,1571,,컴퓨터와주변기기,KOSDAQ
225590,1063.0,,,,84.0,,,,1.0,-95.1,167,3260,5.22,"섬유,의류,신발,호화품",KOSDAQ
009730,920.0,,,,-139.0,,,,,394.56,155,1940,889.86,비철금속,KOSDAQ
030350,159.0,,,,-19.0,,,,,4.44,152,973,,게임엔터테인먼트,KOSDAQ
377220,722.0,,,,-186.0,,,,,347.01,166,2930,,건강관리업체및서비스,KOSDAQ
142760,112.0,,,,-65.0,,,,0.9919,-16.48,147,349,4.32,제약,KOSDAQ
131100,1183.0,,,,34.0,,,,,-75.13,146,2265,,방송과엔터테인먼트,KOSDAQ
131760,463.0,,,,-29.0,,,,1.0,272.31,160,1837,,디스플레이장비및부품,KOSDAQ
389680,32.0,,,,-36.0,,,,,-69.04,159,1913,,IT서비스,KOSDAQ
210120,40.0,,,,-15.0,,,,,224.79,143,1472,,방송과엔터테인먼트,KOSDAQ
002680,824.0,,,,29.0,,,,1.0,628.55,162,2510,,식품,KOSDAQ
009620,2857.0,,,,79.0,,,,,2101.66,152,870,,비철금속,KOSDAQ
060480,363.0,,,,-2.0,,,,,-20.83,154,1390,,비철금속,KOSDAQ
354200,212.0,,,,-83.0,,,,,308.95,155,1729,,생명과학도구및서비스,KOSDAQ
304840,29.0,,,,-84.0,,,,,101.19,136,561,,건강관리장비와용품,KOSDAQ
223310,189.0,,,,-75.0,,,,,325.51,146,2800,,식품과기본식료품소매,KOSDAQ
045520,861.0,,,,-10.0,,,,1.0,282.53,148,2270,57.1,화학,KOSDAQ
060260,435.0,,,,13.0,,,,,53.64,144,1079,,건축제품,KOSDAQ
352770,20.0,,,,-78.0,,,,,34.91,136,5250,,생물공학,KOSDAQ
244460,8.0,,,,-74.0,,,,,93.91,134,1651,,제약,KOSDAQ
008290,169.0,,,,-72.0,,,,,-10.76,143,701,,"섬유,의류,신발,호화품",KOSDAQ
247660,53.0,,,,-20.0,,,,,-64.57,142,3280,,화학,KOSDAQ
291810,58.0,,,,-32.0,,,,,-61.8,139,1220,,소프트웨어,KOSDAQ
240600,287.0,,,,-78.0,,,,,51.38,142,1706,,전기제품,KOSDAQ
054180,282.0,,,,-57.0,,,,,71.15,127,2295,,조선,KOSDAQ
065570,333.0,,,,-2.0,,,,,86.22,123,764,,조선,KOSDAQ
239340,156.0,,,,-56.0,,,,,-238.85,136,504,,증권,KOSDAQ
289010,916.0,,,,14.0,,,,,-99.18,135,965,,교육서비스,KOSDAQ
035620,116.0,,,,-23.0,,,,,318.0,130,699,,방송과엔터테인먼트,KOSDAQ
079950,184.0,,,,-86.0,,,,,276.98,134,969,,디스플레이장비및부품,KOSDAQ
065770,236.0,,,,-12.0,,,,1.0,-76.72,132,1253,,통신장비,KOSDAQ
012340,828.0,,,,-72.0,,,,,210.78,126,571,,전기제품,KOSDAQ
285800,324.0,,,,-27.0,,,,,221.81,132,733,,화학,KOSDAQ
028080,4007.0,,,,-287.0,,,,,692.04,120,4725,,전자제품,KOSDAQ
043100,168.0,,,,-57.0,,,,,322.07,105,520,,건강관리장비와용품,KOSDAQ
079190,441.0,,,,-27.0,,,,1.0,-30.44,116,1206,11.88,핸드셋,KOSDAQ
106080,76.0,,,,-92.0,,,,,180.74,95,1650,,핸드셋,KOSDAQ
250930,379.0,,,,-8.0,,,,,281.02,112,1700,,디스플레이장비및부품,KOSDAQ
035290,90.0,,,,-19.0,,,,,10.39,119,2500,,교육서비스,KOSDAQ
087260,349.0,,,,-9.0,,,,1.0,-115.97,80,247,44.27,자동차부품,KOSDAQ
084180,928.0,,,,52.0,,,,,452.57,107,593,,출판,KOSDAQ
288980,232.0,,,,-59.0,,,,,489.22,114,312,327.72,소프트웨어,KOSDAQ
001000,36.0,,,,5.0,,,,,140.73,112,462,,부동산,KOSDAQ
058450,63.0,,,,-60.0,,,,,82.85,101,1868,,방송과엔터테인먼트,KOSDAQ
092600,1026.0,,,,-175.0,,,,1.0,95.87,96,1907,,전자제품,KOSDAQ
101000,394.0,,,,-46.0,,,,1.0,192.84,77,781,7.37,조선,KOSDAQ
079970,268.0,,,,7.0,,,,1.0,4.49,76,596,,소프트웨어,KOSDAQ
065420,209.0,,,,-29.0,,,,,46.02,73,94,,석유와가스,KOSDAQ
308100,377.0,,,,-81.0,,,,,272.29,95,367,,"섬유,의류,신발,호화품",KOSDAQ
313760,75.0,,,,-49.0,,,,,190.83,52,468,,전기제품,KOSDAQ
052770,57.0,,,,-49.0,,,,,10.48,45,312,,게임엔터테인먼트,KOSDAQ
900100,63.0,,,,-84.0,,,,,28.68,96,1811,,"섬유,의류,신발,호화품",KOSDAQ
276040,68.0,,,,-122.0,,,,,-70.0,71,327,,소프트웨어,KOSDAQ
225430,160.0,,,,-29.0,,,,,154.49,90,1391,,가정용품,KOSDAQ
208640,60.0,,,,-79.0,,,,,-6.55,94,672,,게임엔터테인먼트,KOSDAQ
044180,278.0,,,,-43.0,,,,1.0,757.3,55,205,,건설,KOSDAQ
025870,700.0,,,,-16.0,,,,1.0,181.96,92,2300,103.52,식품,KOSDAQ
418620,17.0,,,,-112.0,,,,,28.81,92,462,,소프트웨어,KOSDAQ
312610,137.0,,,,-95.0,,,,,114.77,78,386,,자동차부품,KOSDAQ
096610,245.0,,,,18.0,,,,1.0,-52.7,18,101,,반도체와반도체장비,KOSDAQ
199730,231.0,,,,-63.0,,,,,69.11,74,1517,28.43,생명과학도구및서비스,KOSDAQ
011080,508.0,,,,-70.0,,,,,68.11,58,821,14.01,"섬유,의류,신발,호화품",KOSDAQ
121850,127.0,,,,-81.0,,,,,173.06,37,724,,디스플레이장비및부품,KOSDAQ
021045,2774.0,,,,24.0,,,,,739.84,22,2595,,철강,KOSDAQ
032685,548.0,,,,-2.0,,,,,-479.02,7,9180,,IT서비스,KOSDAQ
