종목코드,매출액_2025,매출액_2026,매출액_2027,매출액_2028,영업이익_2025,영업이익_2026,영업이익_2027,영업이익_2028,지배비율,순차입금,시가총액,현재가,PER,업종,시장
005935,3336059.0,7395406.0,9543480.57,10174549.06,436010.0,3927531.0,5533556.04,5520887.89,0.986,-1675903.07,1537343,191600,36.84,반도체와반도체장비,KOSPI
207940,45570.0,54951.0,64069.0,68466.8,20692.0,24162.0,28197.58,30980.9,0.9985,-9473.01,669830,1447000,92.82,제약,KOSPI
105560,812307.0,,,,85177.0,94214.0,95762.0,98427.44,0.9917,,610063,172000,4.77,은행,KOSPI
005930,3336059.0,7395406.0,9543480.57,10174549.06,436010.0,3927531.0,5533556.04,5520887.89,0.986,-1675903.07,14937242,255500,36.84,반도체와반도체장비,KOSPI
000660,971467.0,3456989.0,5071771.52,5500796.89,472063.0,2664365.0,3972243.17,4067493.16,0.9986,-668447.84,12031209,1647000,,반도체와반도체장비,KOSPI
028260,407422.0,455707.0,493136.15,514226.67,32927.0,38109.0,44037.31,47717.17,0.7038,-38038.9,595155,367000,10.95,복합기업,KOSPI
373220,236718.0,324094.0,417234.06,496637.94,13461.0,8299.0,39816.28,61264.18,0.7575,250840.51,838890,358500,80.86,전기제품,KOSPI
010120,49658.0,65171.0,79628.13,93659.47,4264.0,7140.0,10279.75,13348.6,1.0,8044.96,292950,195300,10.66,전기장비,KOSPI
000150,197841.0,218424.0,252348.5,284230.0,10627.0,18125.0,25064.08,31031.0,0.5085,54570.67,184934,1142000,,복합기업,KOSPI
267250,712594.0,847697.0,898414.8,962317.4,60996.0,123888.0,115708.8,128127.4,0.3936,7714.96,189978,240500,18.91,조선,KOSPI
034020,170579.0,183496.0,205117.87,229429.53,7627.0,11308.0,16235.73,20569.27,0.6411,45793.89,507324,79200,183.04,기계,KOSPI
086790,689436.0,,,,53509.0,59870.0,62471.88,65090.5,0.9849,,368476,134300,3.74,은행,KOSPI
010950,342470.0,421783.0,396548.93,378377.36,2356.0,43722.0,32570.5,27677.86,1.0,75316.31,177093,157300,8.55,석유와가스,KOSPI
034730,1227033.0,1481145.0,1452195.7,1523373.0,18185.0,119911.0,111601.4,132941.38,0.3931,496014.83,415440,573000,,석유와가스,KOSPI
006800,292830.0,583885.0,482449.33,504779.0,19151.0,47798.0,26153.73,27203.73,0.9718,,187071,34450,18.04,증권,KOSPI
003670,29387.0,32950.0,42661.25,55245.93,328.0,1008.0,1814.31,2833.13,0.8926,35152.63,163305,183600,968.71,화학,KOSPI
010130,165879.0,239348.0,238733.43,247067.33,12319.0,22605.0,19968.86,21588.83,0.9981,60740.67,255068,1222000,23.24,비철금속,KOSPI
068270,41625.0,55304.0,63606.18,71216.47,11685.0,18550.0,22666.59,25636.65,0.9934,26085.71,437553,188100,55.43,제약,KOSPI
267260,40795.0,46914.0,55468.73,64687.21,9953.0,12324.0,15512.33,18903.79,1.0,-8268.76,257377,714000,11.43,전기장비,KOSPI
018260,139299.0,144026.0,151545.0,159241.93,9571.0,8237.0,10686.6,11809.86,0.9821,-57031.26,184159,238000,18.97,IT서비스,KOSPI
006400,132667.0,159606.0,198718.5,246444.0,-17224.0,3662.0,14401.15,24802.33,0.8596,106775.0,441609,548000,16.63,전기제품,KOSPI
033780,65797.0,69880.0,,,13437.0,15328.0,,,,6188.53,179073,172500,13.14,담배,KOSPI
017670,170992.0,176591.0,180127.6,184044.25,10732.0,19601.0,20848.25,22035.6,1.0,82031.19,198681,92500,10.03,무선통신서비스,KOSPI
000270,1141409.0,1257144.0,1314546.68,1366272.95,90781.0,102394.0,113327.8,122172.86,1.0,-211997.07,493872,126500,4.59,자동차,KOSPI
051910,459322.0,560191.0,633172.08,696066.33,11809.0,12713.0,38502.17,53851.08,0.7851,307180.26,199070,282000,29.2,화학,KOSPI
035720,80991.0,83383.0,89654.32,97198.25,7320.0,10367.0,11835.47,13471.0,0.892,-90183.57,160366,36200,,양방향미디어와서비스,KOSPI
000810,247785.0,,,,26591.0,31986.0,37928.08,36586.31,1.0,,296013,663000,7.31,손해보험,KOSPI
086280,295664.0,331591.0,345729.82,359207.5,20730.0,21592.0,23576.06,24881.25,0.9982,-5446.09,154500,206000,6.77,항공화물운송과물류,KOSPI
012330,611181.0,650053.0,693787.76,730347.64,33575.0,37881.0,42546.68,46080.27,0.9977,-89091.2,379043,422000,6.52,자동차부품,KOSPI
005380,1862545.0,1939700.0,2028504.72,2128267.29,114679.0,114691.0,132397.96,142457.0,0.9145,1025242.74,785246,383500,4.67,자동차,KOSPI
011200,108914.0,128212.0,118255.15,115315.69,14612.0,16139.0,10364.85,8811.92,0.9999,-65426.06,198552,21050,10.71,해운사,KOSPI
003550,72525.0,82743.0,91080.56,98648.71,9122.0,16128.0,20042.78,22033.57,0.8175,-25430.26,183094,121100,10.92,복합기업,KOSPI
009150,113145.0,143412.0,183218.45,234175.28,9133.0,19468.0,37338.5,58742.22,0.9622,-2270.93,1046459,1401000,28.11,전자장비와기기,KOSPI
042660,127835.0,158201.0,153566.3,164903.63,11676.0,22530.0,25170.9,28602.0,0.9999,47157.9,265967,86800,33.15,조선,KOSPI
010140,106500.0,128097.0,146560.74,159870.39,8622.0,13814.0,19722.53,23461.33,1.0,-1987.7,188320,21400,,조선,KOSPI
042700,5767.0,8196.0,11239.0,13148.0,2514.0,3822.0,5617.0,6843.0,1.0,-862.95,219218,230000,22.48,반도체와반도체장비,KOSPI
035420,120350.0,137894.0,156966.87,181629.26,22081.0,22059.0,25820.65,30081.16,0.9978,-37918.97,324683,213500,36.25,양방향미디어와서비스,KOSPI
278470,15273.0,30807.0,42364.16,52158.67,3655.0,7669.0,10738.58,13385.78,0.9986,-1952.48,147506,394000,17.59,화장품,KOSPI
015760,974293.0,976260.0,989858.17,1008595.0,134906.0,79212.0,114256.58,131965.09,0.9556,1306591.75,206391,32150,,전기유틸리티,KOSPI
329180,175806.0,247791.0,266723.5,286262.4,20375.0,40521.0,47403.88,54808.53,1.0,-49151.16,458156,436500,463.89,조선,KOSPI
316140,415484.0,,,,36748.0,43793.0,47979.69,50413.67,0.971,,244613,33200,3.84,은행,KOSPI
055550,646820.0,,,,70234.0,80830.0,84632.75,87826.2,0.993,,517804,110300,4.78,은행,KOSPI
402340,104556.0,180990.0,228216.67,230443.33,87974.0,482125.0,600482.5,606465.0,1.0,-13112.77,1373329,1041000,,반도체와반도체장비,KOSPI
005490,690949.0,736143.0,760856.11,786273.29,18271.0,30943.0,38169.56,44148.65,0.9027,179179.05,267044,337000,24.88,철강,KOSPI
079550,43069.0,51232.0,60791.87,71271.07,3194.0,4487.0,6274.2,8410.13,1.0,16723.11,143440,652000,16.41,우주항공과국방,KOSPI
012450,267029.0,323988.0,346782.83,370515.72,30893.0,46496.0,57204.44,63569.33,0.651,67515.16,543994,1055000,7.98,우주항공과국방,KOSPI
009540,299332.0,344955.0,375328.42,403395.0,39045.0,61594.0,73613.75,84268.83,0.7857,-110945.45,246644,348500,38.59,조선,KOSPI
064350,58390.0,68409.0,77107.0,88300.33,10056.0,10831.0,13178.38,16499.13,0.9972,-24542.29,138392,126800,18.03,우주항공과국방,KOSPI
024110,292172.0,,,,36556.0,37151.0,40117.54,42377.25,0.9937,,165067,20700,3.54,은행,KOSPI
096770,802961.0,1041172.0,953858.83,954075.42,4487.0,87325.0,45473.17,43849.75,0.8956,261185.73,233800,138300,53.47,석유와가스,KOSPI
032830,371383.0,,,,25805.0,34544.0,69533.25,45800.38,1.0,,595000,297500,7.29,생명보험,KOSPI
000720,310629.0,269155.0,285921.37,307392.47,6530.0,8707.0,11267.42,13735.47,0.7654,6231.61,133293,119700,7.32,건설,KOSPI
030200,282442.0,273992.0,280121.53,286045.95,24691.0,21112.0,22520.74,23547.68,0.9322,95653.68,136848,54300,8.85,다각화된통신서비스,KOSPI
298040,59685.0,71938.0,85610.93,100314.0,7470.0,11259.0,15560.64,20219.31,0.9856,5156.8,254747,2732000,13.02,전기장비,KOSPI
066570,892009.0,966485.0,1010770.71,1052523.07,24784.0,46395.0,49360.82,60193.13,0.8057,41258.6,328213,201500,25.82,전자제품,KOSPI
272210,36642.0,45384.0,51632.14,59467.21,1199.0,2486.0,4530.57,5778.43,1.0,17248.57,129977,68800,9.39,우주항공과국방,KOSPI
011070,218966.0,254999.0,268909.47,283138.25,6650.0,12757.0,14683.26,17479.81,1.0,9425.44,133009,562000,10.03,전자장비와기기,KOSPI
047810,36964.0,53948.0,66974.47,75347.0,2692.0,3570.0,5910.07,7433.4,0.9915,27887.67,123306,126500,21.76,우주항공과국방,KOSPI
005830,230479.0,,,,23840.0,,,,0.7872,,128184,195700,3.41,손해보험,KOSPI
078930,251841.0,286613.0,281332.2,283044.0,29361.0,51915.0,36700.0,36994.0,0.8262,61654.03,115098,123900,2.98,석유와가스,KOSPI
003490,252255.0,282575.0,280124.27,287559.09,11136.0,11594.0,22211.36,25969.91,1.0,192096.56,111203,30200,8.32,항공사,KOSPI
307950,42521.0,48242.0,54888.63,64241.5,2553.0,2817.0,3535.75,4487.86,0.9754,-4619.81,108325,395000,42.1,IT서비스,KOSPI
323410,30863.0,,,,6494.0,7390.0,8803.58,9725.45,,,104728,21950,38.29,은행,KOSPI
003230,23518.0,31414.0,37694.36,42878.18,5242.0,7338.0,8947.86,10469.45,1.0,424.07,106743,1417000,12.89,식품,KOSPI
071050,194661.0,419870.0,417760.0,419820.0,23453.0,40741.0,32826.14,33520.62,0.9973,,105211,188800,5.34,증권,KOSPI
259960,33266.0,48533.0,51974.0,55694.0,10544.0,14543.0,15712.61,16851.73,0.9919,-21242.54,99044,216500,15.84,게임엔터테인먼트,KOSPI
005940,136989.0,360954.0,335076.0,334831.0,14206.0,23365.0,20340.8,20576.54,0.985,,98393,26650,6.51,증권,KOSPI
180640,2984.0,,,,-75.0,,,,0.9738,823.32,97473,146000,12.72,항공사,KOSPI
028050,90288.0,107192.0,128984.38,141388.95,7921.0,9821.0,11916.38,13245.84,0.9729,-36619.52,89866,45850,7.54,건설,KOSPI
047050,323736.0,351532.0,361221.77,371022.77,11653.0,14688.0,15554.77,16386.54,0.9582,67614.96,96230,54700,16.28,무역회사와판매업체,KOSPI
443060,19827.0,23403.0,26506.7,30631.3,3501.0,4185.0,5358.9,6713.7,1.0,-5145.06,94374,210500,30.44,조선,KOSPI
006260,318700.0,410612.0,434859.8,457396.89,10526.0,19999.0,22439.8,25550.67,0.6272,104616.6,93444,299500,6.88,전기장비,KOSPI
000880,747854.0,927340.0,963340.0,1000900.0,41469.0,74220.0,89260.0,96820.0,0.3107,46978.59,73274,137400,7.95,복합기업,KOSPI
090430,42528.0,47224.0,51664.82,56003.94,3358.0,4847.0,5610.71,6358.0,0.9568,-8086.94,83820,143300,55.59,화장품,KOSPI
007660,10880.0,16061.0,22066.89,25819.44,2047.0,3444.0,5128.67,6235.56,1.0,408.18,81558,111100,39.81,반도체와반도체장비,KOSPI
161390,212023.0,225572.0,237660.47,247939.8,18411.0,21857.0,24492.24,26218.6,0.9549,35329.27,81014,65400,7.81,자동차부품,KOSPI
064400,61295.0,65698.0,71548.25,77959.27,5518.0,5821.0,6680.42,7375.27,0.9971,-10425.1,71792,74100,13.5,IT서비스,KOSPI
352820,26499.0,48682.0,43022.65,46571.22,493.0,2847.0,4894.9,5471.89,0.9687,-7203.21,76946,178500,51.84,방송과엔터테인먼트,KOSPI
016360,148739.0,310320.0,284730.0,285430.0,13757.0,23242.0,20844.07,21165.21,1.0,,77512,86800,6.28,증권,KOSPI
047040,80546.0,81084.0,90644.89,102088.44,-8154.0,8310.0,8159.17,9186.44,0.988,31023.76,69238,16850,3.37,건설,KOSPI
039490,171217.0,387734.0,339228.5,334113.5,14882.0,22984.0,19067.25,19518.93,1.0,,70948,270500,6.62,증권,KOSPI
021240,49636.0,56966.0,64071.25,71289.5,8787.0,10133.0,11836.0,12775.5,1.0,25247.31,70343,99400,8.96,가정용기기와용품,KOSPI
009830,133331.0,181850.0,194469.77,203644.54,-3648.0,8727.0,12809.46,14612.62,0.9835,128985.87,67580,30050,,에너지장비및서비스,KOSPI
005387,1862545.0,1939700.0,2028504.72,2128267.29,114679.0,114691.0,132397.96,142457.0,0.9145,1025242.74,64613,184800,4.67,자동차,KOSPI
326030,7067.0,9778.0,11873.38,13877.27,2039.0,3470.0,4678.13,6051.4,1.0,-3330.46,67819,86600,,제약,KOSPI
032640,154517.0,153950.0,158064.33,161264.22,8921.0,11498.0,12333.17,13168.06,1.0,45084.03,62646,14760,7.17,무선통신서비스,KOSPI
241560,87919.0,95152.0,99274.4,102588.0,6861.0,8718.0,9654.4,10489.8,1.0,-3060.2,60198,62800,5.48,기계,KOSPI
000500,25457.0,32528.0,38910.0,45020.0,792.0,1382.0,2870.0,4140.0,1.0,4290.98,63129,212000,7.75,전기장비,KOSPI
377300,9584.0,12932.0,15015.17,17974.17,504.0,1700.0,2023.67,2468.67,0.8745,-44393.61,63984,47300,2624.66,IT서비스,KOSPI
000100,21866.0,23466.0,25638.33,28680.2,1044.0,1300.0,2044.33,3025.67,1.0,-959.87,59923,81400,41.11,제약,KOSPI
267270,37765.0,94774.0,104276.67,111960.67,1709.0,7886.0,9327.33,11424.0,1.0,9841.04,67091,140000,7.31,기계,KOSPI
128940,15475.0,17597.0,17887.22,19011.65,2578.0,3668.0,3096.44,3116.82,0.9094,90.87,60660,473500,30.88,제약,KOSPI
001440,36360.0,43980.0,46800.29,52789.57,1286.0,2290.0,2566.14,3257.14,0.9727,5639.37,53702,27400,17.94,전기장비,KOSPI
175330,46305.0,,,,9523.0,10225.0,10891.0,11507.33,0.9766,,57822,31000,3.83,은행,KOSPI
062040,5019.0,6852.0,8807.3,11180.22,1786.0,2554.0,3384.4,4380.78,1.0,-2155.58,58742,191700,21.35,전기장비,KOSPI
353200,10653.0,16029.0,19953.08,23316.23,491.0,2763.0,4066.38,5050.54,0.9995,-2162.12,49170,99500,54.91,전자장비와기기,KOSPI
029780,43829.0,46925.0,47337.5,49162.5,8537.0,8148.0,8496.67,8763.33,0.9989,,53469,46150,6.15,카드,KOSPI
088350,274364.0,,,,11472.0,17330.0,17680.0,18712.0,0.7668,,49854,5740,3.24,생명보험,KOSPI
271560,33324.0,37958.0,40567.64,42730.44,5583.0,6454.0,7063.86,7555.44,0.9831,-12166.55,49925,126300,12.19,식품,KOSPI
066970,21549.0,35884.0,43501.79,51865.92,-1568.0,2206.0,2375.79,3179.85,0.9836,14382.17,49350,121300,,전기제품,KOSPI
036570,15069.0,27904.0,32130.29,33888.15,161.0,5231.0,6051.65,6297.0,0.9735,-14930.01,47828,222000,24.89,게임엔터테인먼트,KOSPI
138930,101525.0,,,,9027.0,10035.0,11143.71,11736.92,0.9741,,47223,15390,3.62,은행,KOSPI
034220,258101.0,253470.0,263881.86,270728.86,5170.0,9649.0,14046.0,17013.43,0.9524,119989.1,45650,9130,,디스플레이패널,KOSPI
454910,330.0,,,,-595.0,,,,,-1686.94,44337,68400,,기계,KOSPI
005385,1862545.0,1939700.0,2028504.72,2128267.29,114679.0,114691.0,132397.96,142457.0,0.9145,1025242.74,43321,185600,4.67,자동차,KOSPI
051900,63555.0,64646.0,67810.0,70681.23,1707.0,3796.0,4488.21,4941.08,0.9705,-11373.38,44028,294000,44.06,화장품,KOSPI
001450,181104.0,,,,12610.0,,,,0.9812,,43562,51100,4.82,손해보험,KOSPI
010060,33801.0,41113.0,45935.43,50756.29,-576.0,3468.0,5565.43,6588.86,0.8039,9586.85,42475,227500,2.95,화학,KOSPI
011790,18400.0,24877.0,29587.5,34605.0,-3050.0,-688.0,762.5,2495.0,0.8883,22288.37,41811,84300,,화학,KOSPI
004020,227332.0,239793.0,248778.67,254146.59,2192.0,3698.0,6798.33,7874.29,0.8954,81868.27,42035,31500,10.56,철강,KOSPI
052690,5188.0,5769.0,7367.2,9142.8,355.0,646.0,949.6,1513.1,0.9892,-830.03,41125,107600,72.68,전기유틸리티,KOSPI
002380,64838.0,68820.0,71938.0,74602.2,4276.0,4534.0,5024.6,5373.2,1.0,42230.96,41418,482000,9.55,건축자재,KOSPI
082740,13711.0,15541.0,21435.43,24796.43,1301.0,2273.0,3720.86,4694.0,1.0,-1676.54,38052,45600,,조선,KOSPI
018880,108837.0,113387.0,117890.45,123224.72,2704.0,4270.0,4976.7,5558.33,0.9894,28264.69,36176,3525,80.7,자동차부품,KOSPI
000990,13972.0,16680.0,18680.0,21110.0,2773.0,4010.0,5280.0,5840.0,0.9941,-9156.2,39111,89900,9.87,반도체와반도체장비,KOSPI
001040,450188.0,472677.0,490172.5,513301.25,25277.0,24702.0,27642.0,30864.13,0.4718,168752.98,38339,131400,17.28,복합기업,KOSPI
008930,13570.0,,,,1387.0,,,,1.0,856.68,36111,52800,23.82,제약,KOSPI
004170,69295.0,73096.0,76284.65,79570.25,4800.0,7892.0,8712.76,9323.88,0.8363,39443.1,36128,382500,7.66,백화점과일반상점,KOSPI
161890,27224.0,31934.0,35967.17,39563.83,2396.0,3457.0,4115.33,4660.89,0.7833,10641.17,34416,145800,236.22,화장품,KOSPI
111770,40636.0,45224.0,47373.86,50145.17,5144.0,6425.0,7164.71,7986.83,1.0,-7396.17,33234,75000,3.92,"섬유,의류,신발,호화품",KOSPI
028670,54329.0,69167.0,70375.46,72012.69,4919.0,6763.0,6810.92,6990.85,1.0,41405.81,31860,5960,8.15,해운사,KOSPI
103590,20446.0,23476.0,25219.75,26766.0,1512.0,2524.0,2766.0,3117.0,1.0,-439.49,32569,68300,12.22,전기장비,KOSPI
011780,69151.0,79501.0,77695.58,78041.83,2718.0,5425.0,4421.17,4739.5,0.9999,-853.11,31673,125900,9.57,화학,KOSPI
022100,10752.0,9993.0,11930.0,14487.0,604.0,404.0,735.0,1161.0,0.9898,-2469.25,32916,21650,122.78,IT서비스,KOSPI
192820,23988.0,29686.0,34597.83,39242.35,1958.0,2567.0,3151.83,3698.53,0.9575,7500.21,31268,275500,25.11,화장품,KOSPI
036460,357273.0,368817.0,373667.71,371109.71,21012.0,25453.0,24047.57,24802.0,1.0,330240.39,32402,35100,,가스유틸리티,KOSPI
035250,14767.0,14785.0,15080.56,16184.88,2353.0,2219.0,2201.0,2580.0,1.0,-29273.88,31556,14750,10.04,"호텔,레스토랑,레저",KOSPI
023530,137384.0,142934.0,147104.93,150802.77,5470.0,8001.0,8680.0,9341.31,0.9287,119784.62,30410,107500,12.17,백화점과일반상점,KOSPI
031210,27587.0,,,,3757.0,,,,0.9999,,30477,43650,12.94,손해보험,KOSPI
251270,28351.0,29197.0,29755.11,30875.0,3525.0,3272.0,3717.17,3985.43,0.9756,1205.57,30186,36300,,게임엔터테인먼트,KOSPI
012750,28894.0,29506.0,31310.75,32895.0,2346.0,2061.0,2536.75,2694.0,0.9999,-1579.0,30095,79200,12.03,상업서비스와공급품,KOSPI
006360,124503.0,109331.0,118579.24,127537.56,4378.0,4156.0,5918.19,6944.5,0.8664,40469.93,29312,34250,,건설,KOSPI
085620,51884.0,,,,1945.0,2065.0,2393.0,2472.0,1.0,,26928,19920,9.31,생명보험,KOSPI
302440,6514.0,6932.0,7617.5,8263.0,-1235.0,-1054.0,-400.5,-240.0,1.0,-2892.36,29735,37900,247.72,제약,KOSPI
336260,4548.0,4986.0,7855.0,9180.25,-1057.0,-747.0,364.4,655.0,0.9904,5482.62,28719,43850,,에너지장비및서비스,KOSPI
375500,74024.0,70566.0,71572.84,76883.35,3870.0,5745.0,5756.84,6461.47,0.9968,-10892.93,28401,73400,8.24,건설,KOSPI
017800,24674.0,26300.0,29100.0,31900.0,2092.0,2140.0,2190.0,2300.0,1.0,3217.22,29280,74900,5.52,기계,KOSPI
009420,1552.0,1702.0,1968.25,2083.0,-9.0,42.0,111.0,53.33,0.6334,147.99,28576,54700,659.6,제약,KOSPI
004800,24317.0,26120.0,26903.33,29156.67,3930.0,5440.0,5300.0,5786.67,0.8386,13984.24,26617,159000,15058.38,복합기업,KOSPI
139130,80410.0,,,,5832.0,6314.0,6889.31,7286.08,0.9753,,28695,18120,3.7,은행,KOSPI
097950,273426.0,293036.0,305031.77,316568.8,12336.0,12092.0,13996.15,15484.0,0.7027,115284.69,27609,183400,13.75,식품,KOSPI
004370,35143.0,37575.0,39609.79,40808.45,1839.0,2320.0,2488.43,2638.82,0.9955,-10975.06,26155,430000,14.4,식품,KOSPI
007340,36757.0,45957.0,48911.0,52148.5,5279.0,6950.0,7449.0,8137.0,0.8907,15626.15,26388,45100,2.66,자동차부품,KOSPI
011170,184830.0,208712.0,192122.91,195097.27,-9431.0,-590.0,503.91,3593.91,0.7997,77206.58,25665,60000,,화학,KOSPI
383220,19340.0,20943.0,,,4686.0,5358.0,,,,-2633.84,25627,66900,8.04,"섬유,의류,신발,호화품",KOSPI
003690,67044.0,,,,4709.0,,,,1.0,,25625,14500,4.16,손해보험,KOSPI
450080,3925.0,,,,-654.0,,,,,6767.06,25387,35850,2210.54,전기제품,KOSPI
282330,90612.0,95156.0,99195.88,103369.0,2539.0,3071.0,3401.5,3662.47,0.9999,-4201.09,25511,147600,11.59,백화점과일반상점,KOSPI
026960,5329.0,,,,453.0,,,,0.9892,-7694.47,25374,25450,12.53,식품,KOSPI
489790,17909.22,20334.0,23415.0,25948.67,1622.67,2034.0,2967.33,3731.0,1.0,1530.85,24941,49400,49.78,통신장비,KOSPI
004990,155396.0,157191.0,162650.0,169163.33,2394.0,3529.0,4472.67,5370.0,0.6531,76316.01,24667,24750,,복합기업,KOSPI
001720,24664.0,31714.0,,,1361.0,1958.0,,,0.9554,,24331,148000,7.21,증권,KOSPI
005850,52399.0,56065.0,59556.83,63106.0,4071.0,4425.0,4791.33,5491.83,0.9708,-7022.77,23875,51400,4.94,자동차부품,KOSPI
483650,5197.0,7557.0,9889.18,12182.75,1015.0,1642.0,2222.24,2805.5,0.9996,-1973.9,23874,190600,22.35,화장품,KOSPI
204320,94548.0,98356.0,104232.43,109676.05,3571.0,4116.0,4714.48,5334.95,0.8881,13563.97,22774,48500,13.63,자동차부품,KOSPI
181710,25162.0,29760.0,33152.09,37425.63,1324.0,1968.0,2462.45,3094.5,0.7838,-4584.32,23418,71500,,IT서비스,KOSPI
279570,13348.0,,,,1171.0,1164.0,1986.0,2838.0,,,22719,5600,19.22,은행,KOSPI
000240,14576.0,14411.0,15601.0,16860.0,4116.0,4211.0,4716.0,5340.0,1.0,-351.78,23307,24550,7.91,자동차부품,KOSPI
009970,48950.0,,,,7355.0,,,,0.6063,-15021.19,22138,170900,2.86,"섬유,의류,신발,호화품",KOSPI
018670,76763.0,97382.0,91116.5,96055.5,4428.0,4734.0,4975.0,5175.5,0.7579,26026.17,22107,238500,4.32,가스유틸리티,KOSPI
081660,44686.0,47481.0,48556.83,49294.0,4748.0,6081.0,6235.33,6360.0,0.6584,13756.9,21980,41400,55.22,"섬유,의류,신발,호화품",KOSPI
007070,119574.0,125145.0,129283.53,133490.21,2921.0,3627.0,3915.07,4113.07,1.0,19593.92,21236,25400,116.78,백화점과일반상점,KOSPI
030000,45469.0,45472.0,48017.3,50198.25,3369.0,3286.0,3564.09,3687.88,0.9936,-5074.79,21777,18930,11.69,광고,KOSPI
005440,80916.0,84747.0,88446.25,92216.5,2741.0,3442.0,3781.5,4114.0,0.7629,-3765.19,21843,11910,0.33,복합기업,KOSPI
103140,50486.0,61752.0,64505.23,66722.25,2974.0,4266.0,3867.08,4143.92,1.0,10110.41,21971,78400,7.02,비철금속,KOSPI
014680,8840.0,9886.0,11256.0,13562.25,1562.0,1822.0,2247.2,2974.25,0.9715,948.65,20843,193100,24.43,화학,KOSPI
073240,47013.0,51029.0,53635.18,56338.0,5759.0,6217.0,6596.82,7427.78,0.9317,12484.08,20625,7180,9.81,자동차부품,KOSPI
069960,42303.0,43044.0,46381.24,48314.06,3779.0,4180.0,5122.71,5565.56,0.9844,13062.4,20745,96200,,백화점과일반상점,KOSPI
051600,15765.0,16338.0,17096.6,17637.2,1401.0,1757.0,1935.7,2010.8,1.0,-2782.69,20610,45800,9.42,전기유틸리티,KOSPI
139480,289704.0,290773.0,302361.08,307692.7,3225.0,4184.0,5655.92,6053.5,0.8272,114500.08,20283,73500,,백화점과일반상점,KOSPI
112610,29316.0,28480.0,32400.0,33191.63,3203.0,3043.0,3380.8,2642.75,0.9778,7948.04,19799,46950,152.75,에너지장비및서비스,KOSPI
002790,46232.0,,,,3680.0,,,,0.4246,-16403.41,20185,26400,23.54,화장품,KOSPI
020150,6775.0,9100.0,13221.75,17243.0,-1452.0,-512.0,361.63,1173.33,0.8308,-375.89,19297,36850,,전자장비와기기,KOSPI
457190,4115.0,,,,16.0,,,,1.0,1556.56,19129,63300,,화학,KOSPI
462870,2945.0,2151.0,2173.5,3758.2,1814.0,1082.0,1039.8,2313.0,1.0,-5410.08,18709,31850,23.34,게임엔터테인먼트,KOSPI
089860,29188.0,30497.0,32314.5,34097.4,3125.0,3506.0,3833.0,4151.2,1.0,44991.09,18481,50900,8.47,도로와철도운송,KOSPI
439260,12281.0,13276.0,13713.17,14941.5,2941.0,3647.0,3749.17,4301.83,1.0,-6298.42,17883,46950,9.17,조선,KOSPI
475150,3856.41,5550.33,2126.0,1658.0,529.98,659.0,847.83,832.5,1.0,3383.52,17715,52000,14.86,에너지장비및서비스,KOSPI
071970,4024.0,6064.0,7656.6,8911.0,759.0,1550.0,2117.0,2604.0,1.0,-4232.94,17029,50200,10.56,조선,KOSPI
120110,48734.0,53155.0,55417.5,57748.5,1089.0,2780.0,2985.83,3361.83,0.951,22920.57,16710,55800,31.52,화학,KOSPI
006040,95837.0,102554.0,106629.67,110630.0,5161.0,5742.0,6005.33,6140.0,0.9467,21050.03,16818,38100,7.18,식품,KOSPI
000120,122847.0,132514.0,137548.64,143196.27,5081.0,4698.0,5340.18,5899.18,0.9385,38229.46,16744,73400,12.91,항공화물운송과물류,KOSPI
000155,197841.0,218424.0,252348.5,284230.0,10627.0,18125.0,25064.08,31031.0,0.5085,54570.67,16046,401500,,복합기업,KOSPI
023590,174950.0,,,,15593.0,,,,0.437,-482973.99,16579,38300,3.55,증권,KOSPI
008770,40683.0,40123.0,41498.31,43757.33,135.0,1976.0,2457.92,2836.08,1.0,9742.49,16563,42200,30.43,백화점과일반상점,KOSPI
020560,72668.0,,,,-3452.0,,,,0.631,60195.1,16644,8080,7.29,항공사,KOSPI
322000,4927.0,6959.0,8534.0,,412.0,1432.0,1665.0,,1.0,-1668.73,15557,138900,,에너지장비및서비스,KOSPI
001800,33931.0,39428.0,40128.0,42150.0,4877.0,6071.0,6291.0,6750.0,0.36,-12314.71,15370,25550,10.68,식품,KOSPI
001120,167063.0,188307.0,186882.5,189408.67,2922.0,4662.0,4639.0,4750.0,0.8778,18965.43,15620,40300,9.73,무역회사와판매업체,KOSPI
011210,84816.0,90885.0,96189.87,101408.15,2044.0,2188.0,2666.6,2987.0,0.9502,-2845.84,15664,57600,19.36,자동차부품,KOSPI
294870,41470.0,38457.0,47789.94,48136.29,2486.0,5214.0,7038.0,6523.86,1.0,12767.84,15356,23300,5.56,건설,KOSPI
001430,36516.0,41013.0,43819.73,45625.2,984.0,1654.0,2244.27,2590.3,0.9918,12059.87,15188,42350,6.95,철강,KOSPI
298020,76948.0,88100.0,90622.17,95729.67,2515.0,5571.0,6144.67,6563.5,0.774,22664.76,15017,347000,16.95,무역회사와판매업체,KOSPI
009155,113145.0,143412.0,183218.45,234175.28,9133.0,19468.0,37338.5,58742.22,0.9622,-2270.93,14564,501000,28.11,전자장비와기기,KOSPI
097230,19997.0,26710.0,29510.0,,671.0,2180.0,3250.0,,1.0,2710.99,14547,16110,,건설,KOSPI
006280,19913.0,19881.0,21101.0,22768.77,692.0,726.0,980.77,1277.46,0.884,8941.9,14912,127600,,제약,KOSPI
229640,9601.0,12500.0,13738.67,15196.67,668.0,846.0,949.0,1125.56,0.8836,967.59,13965,45600,154.98,전기장비,KOSPI
012630,65848.0,,,,6489.0,,,,0.7227,23786.06,13531,22650,3.64,건설,KOSPI
281820,3829.0,6528.0,8724.0,9260.0,600.0,1462.0,2011.0,2170.0,0.9982,-2632.16,13483,68100,17.64,반도체와반도체장비,KOSPI
069620,15709.0,16657.0,17606.56,19233.0,1968.0,2311.0,2420.33,2825.78,1.0,7665.99,13452,116100,11.12,제약,KOSPI
093370,4716.0,6908.0,7659.0,8951.0,254.0,765.0,1057.0,1230.0,0.8701,2632.79,13407,12500,,화학,KOSPI
000815,247785.0,,,,26591.0,31986.0,37928.08,36586.31,1.0,,12945,430500,7.31,손해보험,KOSPI
007310,36745.0,,,,1773.0,,,,0.9595,2748.22,13386,334000,10.0,식품,KOSPI
280360,42160.0,44754.0,46718.71,48409.36,1095.0,2150.0,2412.86,2662.55,1.0,11547.69,13393,145500,16.56,식품,KOSPI
005070,4563.0,5792.0,8926.0,13130.0,24.0,212.0,608.0,1110.0,,888.66,12954,39000,170.78,화학,KOSPI
361610,2619.0,1634.0,2494.5,3977.75,-2464.0,-2308.0,-1015.75,-130.5,1.0,14498.73,13315,16280,68.47,전기제품,KOSPI
066575,892009.0,966485.0,1010770.71,1052523.07,24784.0,46395.0,49360.82,60193.13,0.8057,41258.6,12852,74800,25.82,전자제품,KOSPI
001740,67451.0,69295.0,70391.67,72090.0,863.0,1187.0,1358.0,1498.33,0.9793,14693.46,12838,6400,,복합기업,KOSPI
003540,50639.0,,,,3014.0,6237.0,3816.67,3960.0,1.0,,12632,26500,9.28,증권,KOSPI
300720,14239.0,13844.0,14740.5,15445.0,1327.0,1163.0,1507.0,1708.5,1.0,4969.89,12260,16670,5.21,건축자재,KOSPI
007810,15097.0,17518.0,20764.33,22733.0,538.0,1197.0,1920.33,2429.0,1.0,1868.81,12231,51000,,전자장비와기기,KOSPI
192080,7199.0,8390.0,8811.23,9240.2,2321.0,2833.0,3078.69,3251.8,0.8233,-10011.68,12111,57200,5.82,게임엔터테인먼트,KOSPI
004000,17527.0,21191.0,20897.71,21641.57,744.0,1631.0,1657.86,1807.71,1.0,-4418.46,11791,45700,8.22,화학,KOSPI
001820,2945.0,3276.0,3984.5,4220.0,129.0,298.0,580.5,620.0,1.0,-881.47,11414,109800,19.03,전기제품,KOSPI
017960,9088.0,9459.0,9963.6,10420.67,1310.0,1817.0,1989.4,2167.67,1.0,-1635.39,11653,22550,,조선,KOSPI
030610,45068.0,,,,1904.0,,,,1.0,,11510,10100,5.96,증권,KOSPI
000210,53267.0,55386.0,55391.5,56050.0,2985.0,6496.0,6105.0,6170.0,0.9294,45447.6,11232,53600,,화학,KOSPI
003530,30946.0,,,,1477.0,,,,1.0,,10942,5100,82.09,증권,KOSPI
000080,24986.0,24573.0,25063.43,25629.17,1723.0,1911.0,2027.0,2160.83,1.0,7752.29,10899,15540,44.98,음료,KOSPI
006340,6245.0,,,,94.0,,,,0.6795,162.83,10139,12930,8.98,전기장비,KOSPI
006110,2715.0,3832.0,4721.2,,-176.0,59.0,367.75,,1.0,2331.11,10390,68700,451.3,비철금속,KOSPI
051915,459322.0,560191.0,633172.08,696066.33,11809.0,12713.0,38502.17,53851.08,0.7851,307180.26,9903,128800,29.2,화학,KOSPI
000370,74497.0,,,,4296.0,,,,1.0,,9829,8420,2.53,손해보험,KOSPI
192400,9209.0,9950.0,10660.0,11230.0,1140.0,1140.0,1230.0,1290.0,1.0,-3466.13,9904,27850,4.48,가정용기기와용품,KOSPI
003240,18274.0,,,,-360.0,,,,0.9721,-13030.56,10032,901000,,화학,KOSPI
032350,6534.0,7804.0,8575.5,9449.13,1433.0,1952.0,2267.9,2608.88,1.0,11891.68,9990,12530,,"호텔,레스토랑,레저",KOSPI
003090,20684.0,,,,2618.0,,,,0.7681,7061.41,9803,16860,7.86,제약,KOSPI
030190,6021.0,6610.0,7243.0,7863.0,1044.0,1190.0,1306.5,1428.0,1.0,-1481.99,9469,16250,10.25,상업서비스와공급품,KOSPI
077970,7893.0,9044.0,9892.0,13208.5,696.0,1004.0,1190.0,1826.0,1.0,2185.47,9455,23550,57.65,조선,KOSPI
185750,16924.0,17939.0,18836.0,19778.0,806.0,718.0,1319.0,1384.0,0.9951,1081.44,9386,68000,8.12,제약,KOSPI
285130,23652.0,29278.0,31620.0,33405.0,-2.0,587.0,1592.0,2230.0,1.0,4854.61,9549,55200,32.7,화학,KOSPI
003570,7120.0,8077.0,9147.0,10260.0,855.0,1121.0,1357.0,1544.0,1.0,-3243.33,9377,28200,9.67,자동차부품,KOSPI
034230,11499.0,12657.0,13769.9,14693.63,1558.0,1686.0,2065.2,2403.38,0.7654,6206.98,9346,10090,19.51,"호텔,레스토랑,레저",KOSPI
006120,101640.0,,,,3614.0,,,,0.8943,41141.98,9212,52900,4.19,석유와가스,KOSPI
003470,34613.0,,,,994.0,,,,1.0,,9143,4745,8.41,증권,KOSPI
071320,39982.0,39223.0,39382.33,38811.0,5296.0,5106.0,4246.0,4094.0,0.9941,37397.42,8754,75600,1.42,복합유틸리티,KOSPI
009450,15022.0,16926.0,18994.0,21342.0,1434.0,2679.0,2668.0,3145.0,0.9989,2040.46,8887,61000,8.27,가정용기기와용품,KOSPI
005300,39711.0,41025.0,42565.75,44115.67,1672.0,2019.0,2277.17,2477.78,0.9458,14544.81,9121,98300,8.89,음료,KOSPI
079160,22754.0,24263.0,25469.4,26283.33,962.0,1080.0,1392.0,1540.0,,20116.61,8941,5400,,방송과엔터테인먼트,KOSPI
003160,4323.0,5883.0,7189.0,8223.67,365.0,1152.0,1427.0,1660.33,0.5394,359.69,8844,31250,20.0,반도체와반도체장비,KOSPI
004490,21421.0,23967.0,29980.0,,1538.0,1732.0,2060.0,,1.0,-3132.96,8926,64400,6.97,자동차부품,KOSPI
071055,194661.0,419870.0,417760.0,419820.0,23453.0,40741.0,32826.14,33520.62,0.9973,,8576,146400,5.34,증권,KOSPI
100090,9654.0,6458.0,7437.5,11730.33,595.0,574.0,614.25,1166.33,0.9968,1803.61,8659,13860,19.0,에너지장비및서비스,KOSPI
499790,4816.83,6205.2,6818.4,7245.6,780.23,1340.8,1554.8,1728.8,0.6631,6224.65,8488,42800,,"호텔,레스토랑,레저",KOSPI
009240,17445.0,16720.0,17366.33,17920.8,185.0,389.0,426.83,524.2,0.9995,1895.95,8802,37400,,가구,KOSPI
195870,6534.0,8823.0,10163.55,11509.36,465.0,1030.0,1479.18,1800.18,1.0,1298.53,8483,49900,11.16,반도체와반도체장비,KOSPI
005180,14896.0,15732.0,16392.5,16720.0,884.0,1634.0,1705.0,1630.0,1.0,-1441.02,8370,90300,6.25,식품,KOSPI
005090,24607.0,25448.0,25938.67,25668.0,958.0,1644.0,1755.67,2469.0,0.8082,17399.96,8084,56100,9.48,에너지장비및서비스,KOSPI
003850,10174.0,,,,651.0,,,,1.0,2538.32,7755,9040,20.32,제약,KOSPI
298050,32830.0,35940.0,36532.0,37524.0,1574.0,2370.0,2776.75,2979.5,0.7551,26151.51,7741,172800,39.83,화학,KOSPI
214320,21460.0,21578.0,22429.63,23487.43,1628.0,1854.0,1963.25,2086.14,0.8744,-5212.93,7508,18770,8.41,광고,KOSPI
137310,7106.0,,,,-809.0,,,,,-1229.65,7438,6160,,건강관리장비와용품,KOSPI
036530,22357.0,23240.0,25290.0,27360.0,3007.0,3170.0,3490.0,3850.0,0.5611,-10191.21,7361,45150,3.23,자동차부품,KOSPI
005880,12770.0,12235.0,12124.0,12126.2,2072.0,2513.0,2413.6,2464.6,1.0,10250.27,6794,2105,10.07,해운사,KOSPI
090460,17927.0,18956.0,21477.5,22834.73,540.0,962.0,1293.17,1489.36,0.8996,-30.67,7366,21850,8.04,전자장비와기기,KOSPI
456040,20094.0,21865.0,22045.0,22770.0,4.0,1648.0,1880.67,1966.67,0.9598,5246.13,7099,79300,15.24,화학,KOSPI
000670,29090.0,,,,-2597.0,,,,,1866.54,7235,39300,,핸드셋,KOSPI
064960,10064.0,10339.0,11394.67,12151.0,1026.0,1063.0,1197.0,1366.0,1.0,-3583.6,6967,26250,7.26,자동차부품,KOSPI
100840,6061.0,5600.0,6660.0,6890.0,1113.0,1162.0,1490.0,1570.0,1.0,-836.28,6763,32700,7.27,에너지장비및서비스,KOSPI
017940,103925.0,154098.0,154079.0,150674.0,3241.0,1651.0,4487.0,4531.0,0.882,-6912.07,6702,97700,2.0,가스유틸리티,KOSPI
069260,11277.0,13202.0,13559.67,13568.0,656.0,917.0,936.0,879.33,1.0,-2409.45,6671,16320,6.52,화학,KOSPI
001570,1028.0,,,,-447.0,,,,,3021.11,6333,9900,,화학,KOSPI
001680,44013.0,44434.0,45805.0,,1693.0,1919.0,2028.0,,0.9861,10797.32,6656,19210,11.14,식품,KOSPI
033240,8489.0,10056.0,10064.0,10680.0,420.0,921.0,923.0,970.0,1.0,821.61,6611,30600,,통신장비,KOSPI
268280,5321.0,,,,655.0,,,,1.0,-248.65,6535,130700,37.33,화학,KOSPI
093050,18824.0,,,,1681.0,,,,0.8414,4868.89,6579,22500,4.7,"섬유,의류,신발,호화품",KOSPI
006380,246.0,,,,-211.0,,,,,1268.07,6185,3660,,화학,KOSPI
000400,32207.0,,,,647.0,,,,,,6362,2050,2.6,손해보험,KOSPI
005690,1141.0,1600.0,2251.0,3420.0,343.0,582.0,884.0,1540.0,,-401.4,6300,10500,101.82,화학,KOSPI
317450,2873.0,,,,925.0,,,,1.0,-4466.9,6519,44650,10.26,제약,KOSPI
001060,7753.0,,,,945.0,,,,1.0,-303.34,6404,27500,23.92,제약,KOSPI
002960,3450.0,,,,528.0,,,,,-301.51,6494,499500,7.86,화학,KOSPI
006650,33478.0,36354.0,37880.75,38007.5,527.0,1739.0,2278.5,2493.25,0.7322,758.41,6286,96700,,화학,KOSPI
014820,13729.0,,,,662.0,,,,0.999,2862.38,6291,21700,15.72,포장재,KOSPI
383800,1904.0,2490.0,2660.0,2810.0,1334.0,1990.0,2080.0,2180.0,1.0,2009.41,6247,8190,6.95,무역회사와판매업체,KOSPI
002350,31896.0,34771.0,36194.73,37908.85,1703.0,1758.0,2107.07,2357.92,0.9968,12956.47,5938,6080,8.15,자동차부품,KOSPI
000640,14298.0,15763.0,17006.0,18485.67,978.0,1104.0,1192.33,1394.33,0.9859,4729.59,6234,92600,11.06,제약,KOSPI
002990,20185.0,21520.0,23570.0,24780.0,471.0,750.0,1040.0,1300.0,0.9932,14.34,5995,16090,174.44,건설,KOSPI
248070,17002.0,19450.0,20200.0,21250.0,465.0,750.0,990.0,900.0,1.0,3728.47,6173,12910,11.34,전자장비와기기,KOSPI
453340,23296.0,24992.0,26724.0,28165.0,1068.0,1388.0,1498.5,1630.0,0.9948,-1200.06,6101,18790,8.28,식품,KOSPI
079900,1907.0,1922.0,2067.0,2205.0,287.0,289.0,350.0,387.0,1.0,-325.12,6056,41500,17.2,기계,KOSPI
114090,4229.0,4690.0,4939.0,5143.0,526.0,686.0,779.14,859.8,0.998,-3786.15,5926,9580,19.03,"호텔,레스토랑,레저",KOSPI
058650,66111.0,74867.0,78205.0,80300.5,1755.0,3210.0,3962.0,4074.0,0.8423,20358.81,5668,133600,5.27,철강,KOSPI
002840,4411.0,,,,436.0,,,,1.0,-119.71,5850,130000,13.53,화학,KOSPI
016380,31934.0,34030.0,35459.67,36884.67,1507.0,1353.0,1605.33,1685.67,1.0,2314.2,5590,5590,3.8,철강,KOSPI
075580,4027.0,4151.0,4651.0,5051.0,734.0,827.0,940.0,1059.0,0.8085,1544.16,5844,10280,15.79,조선,KOSPI
108320,16391.0,15473.0,16143.5,17410.0,1089.0,746.0,775.0,925.0,1.0,-4406.46,5888,36200,13.95,디스플레이장비및부품,KOSPI
001510,14047.0,,,,78.0,,,,1.0,,5620,2430,119.72,증권,KOSPI
003300,19305.0,,,,1232.0,,,,0.5097,7309.01,5765,18700,3.3,건축자재,KOSPI
025540,14428.0,15003.0,15888.0,16785.0,1393.0,1102.0,1371.0,1533.0,1.0,-1336.32,5644,55800,10.71,자동차부품,KOSPI
178920,2634.0,2924.0,3285.5,3679.0,430.0,682.0,754.0,845.0,,-200.79,5588,19030,,화학,KOSPI
001530,6014.0,7106.0,7850.0,9156.0,-15.0,121.0,215.0,349.0,1.0,3868.49,5718,27600,240.03,"섬유,의류,신발,호화품",KOSPI
007700,19338.0,,,,4342.0,,,,,-4751.67,5550,14190,5.0,"섬유,의류,신발,호화품",KOSPI
001270,9655.0,,,,568.0,,,,0.9998,,5403,52100,5.06,증권,KOSPI
005810,4325.0,5635.0,5670.0,5815.0,668.0,1388.0,1183.0,1220.0,0.9995,526.02,5349,37100,4.47,비철금속,KOSPI
003620,43036.0,50812.0,56942.0,59231.0,362.0,361.0,853.0,1079.0,0.9076,7372.5,5333,2635,194.67,자동차,KOSPI
284740,11213.0,,,,1694.0,,,,0.8898,-655.68,5273,23500,4.3,가정용기기와용품,KOSPI
460860,32034.0,37752.0,39717.33,41138.33,594.0,1235.0,1485.0,1601.67,,13551.47,5214,10510,2.46,철강,KOSPI
336370,6161.0,5556.0,6899.5,10082.5,-733.0,-754.0,287.5,760.5,0.707,8392.07,5231,7450,6.42,전자장비와기기,KOSPI
019170,2347.0,,,,143.0,,,,1.0,-190.16,5247,10010,,제약,KOSPI
039130,5869.0,5970.0,6493.75,6883.75,576.0,508.0,651.25,723.5,0.7864,-1279.94,5034,32500,17.77,"호텔,레스토랑,레저",KOSPI
003545,50639.0,,,,3014.0,6237.0,3816.67,3960.0,1.0,,4962,20350,9.28,증권,KOSPI
161000,14523.0,,,,-102.0,,,,0.4668,5107.06,5128,10540,22.56,화학,KOSPI
009410,21745.0,,,,528.0,,,,0.666,9516.19,5020,1687,,건설,KOSPI
004690,52755.0,54361.0,54856.0,55876.0,1596.0,1835.0,1786.0,1858.0,0.8709,750.99,4958,136700,3.2,가스유틸리티,KOSPI
377740,1183.0,,,,167.0,,,,1.0,-3649.99,4880,4790,,건강관리장비와용품,KOSPI
001500,18205.0,,,,723.0,,,,1.0,,4897,7920,6.38,증권,KOSPI
090435,42528.0,47224.0,51664.82,56003.94,3358.0,4847.0,5610.71,6358.0,0.9568,-8086.94,4804,45500,55.59,화장품,KOSPI
010780,12344.0,11418.0,14549.0,18876.0,681.0,1641.0,1783.67,3132.0,0.9843,9568.09,4751,15740,5.55,건설,KOSPI
145990,25625.0,,,,1117.0,,,,0.8903,6948.15,4806,46600,4.46,식품,KOSPI
249420,5669.0,,,,195.0,,,,1.0,816.88,4755,15030,,제약,KOSPI
000070,33483.0,,,,1088.0,,,,0.3159,11119.41,4697,60500,2.37,화학,KOSPI
002240,18092.0,,,,407.0,,,,1.0,-278.45,4649,17220,7.1,철강,KOSPI
034310,32426.0,,,,1981.0,,,,0.4916,5008.22,4639,12620,128.49,IT서비스,KOSPI
005250,24515.0,,,,362.0,,,,,15833.53,4656,9900,,제약,KOSPI
484870,4033.0,4126.0,5013.0,5969.0,561.0,571.0,733.0,948.0,,-463.96,4548,16560,12.75,우주항공과국방,KOSPI
452260,5752.0,,,,94.0,,,,1.0,5115.03,4459,2300,,백화점과일반상점,KOSPI
317400,13876.0,15520.0,19865.0,22340.0,125.0,560.0,1003.5,1043.0,0.7976,-1450.69,4355,11230,6.11,건설,KOSPI
004710,12524.0,,,,204.0,,,,0.2898,2338.93,4494,8460,5.7,전자장비와기기,KOSPI
009900,16192.0,16900.0,17500.0,18340.0,1026.0,1140.0,1380.0,1510.0,1.0,-545.5,4528,8630,6.53,자동차부품,KOSPI
008060,13850.0,,,,113.0,,,,0.5689,-3721.99,4543,14520,17.54,전자장비와기기,KOSPI
072710,8588.0,,,,811.0,,,,1.0,1696.01,4369,94200,4.48,식품,KOSPI
005945,136989.0,360954.0,335076.0,334831.0,14206.0,23365.0,20340.8,20576.54,0.985,,4378,23200,6.51,증권,KOSPI
014830,13388.0,16063.0,17101.33,17706.33,879.0,940.0,1124.67,1196.17,1.0,1189.13,4385,64800,28.21,화학,KOSPI
016590,6395.0,,,,222.0,,,,1.0,-1048.58,4231,10500,4.73,포장재,KOSPI
403550,4707.0,5080.0,5373.0,5570.0,232.0,294.0,353.0,405.0,1.0,2788.21,4299,11330,,도로와철도운송,KOSPI
004700,979.0,,,,88.0,,,,,-520.6,4262,64100,36.64,"섬유,의류,신발,호화품",KOSPI
005389,1862545.0,1939700.0,2028504.72,2128267.29,114679.0,114691.0,132397.96,142457.0,0.9145,1025242.74,4222,181400,4.67,자동차,KOSPI
003030,37596.0,42340.0,48513.0,52210.0,2058.0,1058.0,3088.0,3788.5,1.0,20507.16,4266,103000,3.5,철강,KOSPI
002030,18845.0,,,,1110.0,,,,0.6036,4845.88,4252,206500,4.33,건축자재,KOSPI
001200,16941.0,,,,844.0,,,,1.0,,4219,4355,11.16,증권,KOSPI
029460,7973.0,,,,465.0,,,,0.8698,-2101.88,4188,38000,5.25,반도체와반도체장비,KOSPI
016610,19220.0,,,,1167.0,,,,0.8528,,4223,9950,26.48,증권,KOSPI
003280,1808.0,,,,113.0,,,,1.0,150.96,4145,1724,17.61,해운사,KOSPI
192650,12306.0,12324.0,14971.5,16890.5,314.0,401.0,576.0,690.0,0.7244,827.86,4151,6300,57.24,핸드셋,KOSPI
092230,11637.0,,,,430.0,,,,0.6795,-6678.85,4166,98600,2.58,화학,KOSPI
017900,1327.0,,,,12.0,,,,1.0,-913.17,4097,7070,,전자장비와기기,KOSPI
306200,14848.0,18680.0,19609.5,20119.0,496.0,1115.0,1268.17,1458.6,1.0,2511.76,4104,144700,2.07,철강,KOSPI
002810,4469.0,,,,128.0,,,,0.9555,-3143.9,4072,22050,4.57,화학,KOSPI
003000,2007.0,,,,142.0,,,,1.0,-884.29,4026,4080,,제약,KOSPI
008730,4854.0,5376.0,6481.0,,85.0,131.0,454.0,,1.0,2884.98,4032,16260,,포장재,KOSPI
344820,19006.0,,,,-752.0,,,,1.0,3428.08,4001,25050,8.02,건축자재,KOSPI
005420,6642.0,,,,-160.0,,,,,3543.74,3960,10310,,화학,KOSPI
950210,143.0,248.31,,,-674.0,-928.23,,,1.0,225.16,3906,6500,32.32,제약,KOSPI
130660,3945.0,,,,66.0,,,,1.0,63.51,3912,12000,15.41,전기유틸리티,KOSPI
271940,816.0,,,,-112.0,,,,1.0,-2379.76,3893,10720,678.89,자동차부품,KOSPI
183190,10228.0,10715.0,11636.67,12249.33,771.0,746.0,1166.0,1335.33,0.9795,5963.24,3882,10790,4.56,건축자재,KOSPI
029530,3173.0,,,,62.0,,,,1.0,-4183.27,3886,40000,5.99,사무용전자제품,KOSPI
001940,8253.0,9220.0,9350.0,9990.0,-707.0,-170.0,260.0,340.0,1.0,-7896.36,3856,27200,4.23,철강,KOSPI
015360,13276.0,,,,1117.0,,,,1.0,2038.45,3837,14080,8.38,가스유틸리티,KOSPI
089590,15799.0,19399.0,19471.33,19810.33,-1117.0,180.0,1103.67,1452.67,0.7998,11477.37,3802,4715,6.75,항공사,KOSPI
194370,12882.0,16597.0,18344.0,19658.0,1405.0,1767.0,1886.0,2033.0,1.0,7780.91,3801,13100,2.1,"섬유,의류,신발,호화품",KOSPI
006220,3659.0,,,,99.0,,,,1.0,,3806,10070,51.08,은행,KOSPI
126560,2645.0,,,,63.0,,,,1.0,-3232.02,3691,3380,,화장품,KOSPI
027410,4695.0,4740.0,4840.0,4940.0,612.0,590.0,650.0,700.0,1.0,-422.26,3719,3885,4.69,화학,KOSPI
060980,13350.0,13630.0,14660.0,15840.0,887.0,1230.0,1380.0,1600.0,0.9918,8148.21,3645,40150,6.78,자동차부품,KOSPI
105630,19418.0,21196.0,22085.14,22816.67,834.0,1011.0,1055.86,1193.33,0.9982,5226.53,3644,9110,7.52,"섬유,의류,신발,호화품",KOSPI
006405,132667.0,159606.0,198718.5,246444.0,-17224.0,3662.0,14401.15,24802.33,0.8596,106775.0,3551,219500,16.63,전기제품,KOSPI
031430,11100.0,12771.0,13662.6,14288.5,-115.0,565.0,731.4,809.25,1.0,2720.61,3642,10410,16.66,"섬유,의류,신발,호화품",KOSPI
017810,33802.0,35810.0,37736.25,39914.0,932.0,1135.0,1337.25,1559.5,1.0,10639.49,3633,9530,20.97,식품,KOSPI
170900,8088.0,8771.0,9965.0,11215.0,6.0,369.0,434.0,463.0,1.0,2744.76,3594,36950,54.62,제약,KOSPI
104700,4866.0,5490.0,5520.0,5900.0,-387.0,-160.0,160.0,210.0,,-3323.8,3536,9700,4.1,철강,KOSPI
002310,8551.0,,,,272.0,,,,1.0,-635.58,3487,8840,4.56,포장재,KOSPI
007690,13956.0,17852.0,17525.5,17544.5,532.0,895.0,947.5,1049.5,1.0,4401.52,3630,39200,47.94,화학,KOSPI
005610,33705.0,,,,387.0,,,,1.0,3036.29,3508,40650,10.75,식품,KOSPI
011760,75543.0,93635.0,91837.5,91171.75,1401.0,1970.0,1910.25,1976.25,1.0,8648.6,3453,26100,2.98,무역회사와판매업체,KOSPI
092790,5510.0,,,,399.0,,,,1.0,693.01,3378,12990,1.31,철강,KOSPI
011930,5675.0,7600.0,8503.0,9693.0,13.0,195.0,276.0,501.0,0.8537,1935.6,3271,16110,25.88,반도체와반도체장비,KOSPI
024720,6301.0,,,,477.0,,,,1.0,1364.24,3416,9960,,화장품,KOSPI
009160,11790.0,,,,460.0,,,,0.9209,2911.42,3242,4960,,비철금속,KOSPI
097520,12792.0,,,,520.0,,,,1.0,79.46,3313,19040,19.48,핸드셋,KOSPI
020000,14918.0,15966.0,16759.5,17601.0,522.0,926.0,1040.0,1158.8,1.0,-387.48,3329,15500,5.62,"섬유,의류,신발,호화품",KOSPI
002020,58861.0,,,,605.0,,,,1.0,23440.16,3279,25400,27.83,복합기업,KOSPI
005720,35865.0,,,,2042.0,,,,0.5127,12586.84,3163,6020,5.72,자동차부품,KOSPI
272450,13811.0,15306.0,15766.0,16222.0,-192.0,-140.0,799.0,1281.0,,266.44,3205,6140,4.59,항공사,KOSPI
123890,2043.0,2485.0,2450.0,2660.0,342.0,715.0,1015.0,1240.0,1.0,,3182,2600,3.02,부동산,KOSPI
145720,3465.0,3729.0,4271.75,4894.5,641.0,751.0,875.25,1059.5,1.0,2245.04,3238,37550,15.02,건강관리장비와용품,KOSPI
025860,16044.0,,,,431.0,,,,1.0,2097.05,3160,6360,30.72,화학,KOSPI
015860,22827.0,,,,1456.0,,,,0.3927,-5626.04,3213,6510,7.02,전기장비,KOSPI
009290,16595.0,,,,310.0,,,,0.9831,1232.25,3157,6340,10.54,제약,KOSPI
026890,912.0,,,,172.0,,,,1.0,,3230,8330,10.47,창업투자,KOSPI
244920,6825.0,,,,293.0,,,,0.8964,-978.63,3156,13960,9.61,손해보험,KOSPI
108670,31787.0,34312.0,34719.33,36103.0,131.0,1398.0,1256.67,1398.0,1.0,4705.06,3210,35800,7.06,건축자재,KOSPI
001230,19853.0,,,,395.0,,,,0.7758,1121.2,3157,2030,2.27,철강,KOSPI
002900,9294.0,9972.0,,,641.0,833.0,,,1.0,1164.5,3113,7520,4.12,기계,KOSPI
381970,24388.0,,,,760.0,,,,,2172.61,3110,6370,19.87,자동차,KOSPI
200880,45052.0,,,,1618.0,,,,0.9819,6745.21,3143,11630,3.29,자동차부품,KOSPI
096760,9696.0,,,,1679.0,,,,0.5066,2581.64,3090,4180,13.56,제약,KOSPI
005950,16595.0,,,,69.0,,,,,2848.65,3097,11780,,화학,KOSPI
018250,6545.0,,,,211.0,,,,1.0,-1091.17,3087,11690,10.09,화장품,KOSPI
016800,3582.0,,,,57.0,,,,1.0,-1053.58,3094,26900,5.24,가구,KOSPI
012030,6435.0,,,,416.0,,,,0.9943,3166.59,3032,1507,17.19,IT서비스,KOSPI
126720,3377.0,,,,431.0,,,,1.0,-1802.89,3029,21200,5.54,에너지장비및서비스,KOSPI
001390,91016.0,,,,3057.0,,,,0.2855,14328.88,3001,4520,4.93,자동차,KOSPI
034830,1844.0,2254.0,2409.0,2815.0,-209.0,250.0,422.5,505.0,0.9993,,2989,1184,,부동산,KOSPI
000157,197841.0,218424.0,252348.5,284230.0,10627.0,18125.0,25064.08,31031.0,0.5085,54570.67,2960,331500,,복합기업,KOSPI
084010,12471.0,14273.0,15110.0,15643.33,-29.0,277.0,286.67,330.0,0.8717,-2726.36,2980,8670,4.38,철강,KOSPI
033270,2888.0,3035.0,3203.0,3384.0,496.0,478.0,496.0,508.0,,-1636.96,2943,18500,9.09,제약,KOSPI
091810,17982.0,21280.0,22095.0,22845.0,-2655.0,-1855.0,245.0,1330.0,0.982,4891.38,2859,2800,6.16,항공사,KOSPI
010955,342470.0,421783.0,396548.93,378377.36,2356.0,43722.0,32570.5,27677.86,1.0,75316.31,2892,71900,8.55,석유와가스,KOSPI
002710,6115.0,,,,-109.0,,,,0.9969,2084.53,2931,11180,,철강,KOSPI
003350,1846.0,,,,329.0,,,,,-575.54,2889,12750,14.56,화장품,KOSPI
001750,9090.0,,,,753.0,,,,,,2936,19430,3.5,증권,KOSPI
078520,2420.0,2699.0,3237.0,,180.0,364.0,453.0,,1.0,-38.21,2929,11260,28.98,화장품,KOSPI
004430,10392.0,,,,218.0,,,,1.0,613.6,2858,11910,11.27,화학,KOSPI
286940,11698.0,11942.0,12721.25,13580.0,314.0,450.0,549.75,636.67,1.0,-36.38,2831,18710,10.74,IT서비스,KOSPI
003960,34998.0,,,,947.0,,,,0.9584,5647.46,2823,30800,3.14,식품,KOSPI
084690,56288.0,,,,1998.0,,,,0.2547,14733.49,2825,7800,23.46,식품,KOSPI
010820,2948.0,,,,107.0,,,,,-963.77,2765,5670,50.0,우주항공과국방,KOSPI
058430,11254.0,11780.0,12255.0,12545.0,245.0,285.0,320.0,335.0,0.9803,-576.43,2796,4660,13.71,비철금속,KOSPI
000430,15991.0,,,,470.0,,,,0.792,2263.31,2722,4390,11.01,자동차부품,KOSPI
003120,643.0,,,,-62.0,,,,,-2118.44,2733,20550,,제약,KOSPI
122900,30544.0,39470.0,42650.0,45530.0,203.0,710.0,860.0,970.0,0.8394,515.43,2711,8110,18.98,상업서비스와공급품,KOSPI
017390,18280.0,,,,174.0,,,,0.9984,-6613.98,2747,55500,15.34,가스유틸리티,KOSPI
010690,19625.0,21033.0,21879.0,23515.0,1024.0,718.0,851.5,961.0,0.9716,5823.72,2706,7750,6.18,자동차부품,KOSPI
136490,18957.0,,,,1792.0,,,,0.9437,4209.68,2613,10990,11.31,식품,KOSPI
105840,1504.0,,,,142.0,,,,0.788,-57.61,2605,12900,16.19,기계,KOSPI
037710,1842.0,,,,525.0,,,,,2168.37,2704,35450,4.96,백화점과일반상점,KOSPI
020120,2175.0,,,,124.0,,,,1.0,-332.31,2669,7200,,양방향미디어와서비스,KOSPI
004310,1918.0,,,,42.0,,,,,311.95,2544,7950,20.65,제약,KOSPI
001790,13563.0,,,,566.0,,,,0.9985,893.29,2510,2910,9.39,식품,KOSPI
004360,12418.0,,,,273.0,,,,1.0,-97.25,2563,13410,4.03,항공화물운송과물류,KOSPI
005430,6632.0,7050.0,,,470.0,635.0,,,1.0,-617.87,2501,79000,4.99,운송인프라,KOSPI
298690,8326.0,9910.0,9560.0,9200.0,-45.0,-70.0,560.0,670.0,,7174.91,2501,1535,3.43,항공사,KOSPI
005680,1497.0,,,,92.0,,,,0.994,-3101.26,2426,12130,12.39,전기제품,KOSPI
007160,7062.0,,,,332.0,,,,0.3026,3738.59,2515,50300,10.92,식품,KOSPI
217590,3409.0,,,,64.0,,,,1.0,303.51,2496,10360,,조선,KOSPI
053690,4488.0,4918.0,5353.0,5140.0,306.0,289.0,416.0,430.0,0.9474,425.89,2498,22800,15.81,건설,KOSPI
005500,3091.0,,,,268.0,,,,,1090.07,2498,18750,15.88,제약,KOSPI
008490,7223.0,,,,502.0,,,,0.9225,3749.63,2458,21250,54.26,제약,KOSPI
000490,14847.0,,,,312.0,,,,1.0,10268.32,2421,8400,24.77,기계,KOSPI
003920,9141.0,,,,52.0,,,,1.0,-71.08,2462,43400,,식품,KOSPI
003200,5172.0,,,,124.0,,,,0.9785,-1438.81,2406,10480,26.49,"섬유,의류,신발,호화품",KOSPI
000680,26152.0,,,,223.0,,,,1.0,46691.75,2388,3030,31.33,증권,KOSPI
030210,17145.0,,,,337.0,,,,0.9241,,2394,3930,,증권,KOSPI
000540,35328.0,,,,1875.0,,,,,,2374,3695,0.68,손해보험,KOSPI
025000,8084.0,,,,274.0,,,,0.9807,-1110.31,2382,54400,3.06,화학,KOSPI
044820,6452.0,,,,270.0,,,,1.0,4226.5,2363,24600,11.27,건강관리업체및서비스,KOSPI
003070,26844.0,29268.0,32974.0,35060.0,37.0,1313.0,1531.0,1770.0,0.9925,7995.13,2377,9350,801.71,건설,KOSPI
001460,1632.0,,,,266.0,,,,0.9995,-523.46,2355,37700,15.13,"섬유,의류,신발,호화품",KOSPI
001470,1110.0,,,,-266.0,,,,,-517.29,2278,5820,,건설,KOSPI
003650,4055.0,,,,346.0,,,,,-3383.87,2322,133500,2.62,화학,KOSPI
900140,3930.0,,,,385.0,,,,0.2145,608.14,2332,1207,,자동차,KOSPI
226320,1534.0,,,,192.0,,,,0.5129,-3656.63,2327,10610,79.09,화장품,KOSPI
044450,5614.0,,,,1103.0,,,,1.0,12107.05,2310,10230,12.53,해운사,KOSPI
002320,30649.0,31975.0,33205.0,34215.0,1122.0,745.0,1225.0,1350.0,0.9549,19780.82,2308,14870,14.22,항공화물운송과물류,KOSPI
001340,2721.0,,,,122.0,,,,1.0,3032.2,2296,5100,52.83,화학,KOSPI
475560,3612.0,,,,-237.0,,,,1.0,-1373.73,2288,15430,12.35,"호텔,레스토랑,레저",KOSPI
134380,2845.0,,,,292.0,,,,,-800.92,2263,10290,7.18,화학,KOSPI
092200,7573.0,,,,186.0,,,,0.8595,3034.89,2259,5810,5.27,자동차부품,KOSPI
000320,12393.0,,,,645.0,,,,0.5537,-1102.96,2271,17090,6.09,건축자재,KOSPI
034120,10085.0,9729.0,10394.33,11015.67,182.0,63.0,335.67,418.0,0.988,-317.23,2254,12150,11.54,방송과엔터테인먼트,KOSPI
051905,63555.0,64646.0,67810.0,70681.23,1707.0,3796.0,4488.21,4941.08,0.9705,-11373.38,2212,105500,44.06,화장품,KOSPI
009680,2797.0,,,,185.0,,,,1.0,-3838.42,2254,10370,9.93,자동차부품,KOSPI
033920,1438.0,,,,102.0,,,,1.0,852.26,2203,7730,2.33,음료,KOSPI
000050,4125.0,,,,460.0,,,,1.0,1341.84,2237,8160,,"섬유,의류,신발,호화품",KOSPI
001250,41093.0,,,,523.0,,,,1.0,5293.87,2195,2660,7.58,무역회사와판매업체,KOSPI
298000,23407.0,,,,-1605.0,,,,1.0,14453.99,2123,56000,,화학,KOSPI
003555,72525.0,82743.0,91080.56,98648.71,9122.0,16128.0,20042.78,22033.57,0.8175,-25430.26,2138,71000,10.92,복합기업,KOSPI
000480,8278.0,,,,278.0,,,,0.2,4208.34,2122,4525,587.2,비철금속,KOSPI
035150,5049.0,5371.0,5664.0,5892.0,536.0,649.0,703.0,746.0,1.0,519.38,2155,10900,5.92,"섬유,의류,신발,호화품",KOSPI
005010,6125.0,,,,35.0,,,,1.0,748.47,2152,3830,3.88,철강,KOSPI
017860,9549.0,,,,80.0,,,,1.0,5104.66,2080,11780,36.35,화학,KOSPI
011500,2145.0,,,,36.0,,,,,339.39,2078,13290,19.89,화학,KOSPI
003720,1532.0,2084.0,,,149.0,268.0,,,0.8751,562.19,2060,6060,8.25,화학,KOSPI
003520,2543.0,,,,34.0,,,,,736.56,2041,1116,,제약,KOSPI
004980,12163.0,,,,437.0,,,,0.9988,4230.66,2059,8400,3.22,건축자재,KOSPI
000650,456.0,,,,-59.0,,,,,173.73,2054,143700,,도로와철도운송,KOSPI
037270,2360.0,,,,323.0,,,,0.949,-206.75,2018,3170,12.9,방송과엔터테인먼트,KOSPI
053210,9842.0,9974.0,10450.5,11013.5,230.0,358.0,516.0,586.5,0.9778,276.72,1948,4100,,방송과엔터테인먼트,KOSPI
100250,2798.0,,,,58.0,,,,0.8241,-1354.15,2029,3175,4.97,자동차부품,KOSPI
013580,28874.0,,,,1669.0,,,,1.0,7451.91,1965,22000,2.73,건설,KOSPI
039570,6457.0,,,,106.0,,,,1.0,-734.18,1962,7560,14.69,건설,KOSPI
028100,4677.0,,,,181.0,,,,1.0,-1366.24,1989,17720,17.77,건설,KOSPI
001630,9590.0,,,,583.0,,,,0.7443,4486.33,1949,38900,6.31,제약,KOSPI
117580,10179.0,,,,303.0,,,,,119.79,1914,6960,14.95,가스유틸리티,KOSPI
016580,2552.0,2833.0,3112.0,3404.0,130.0,246.0,289.0,335.0,1.0,-658.49,1927,10360,9.4,제약,KOSPI
035510,6872.0,,,,491.0,,,,,-1054.66,1938,13860,6.84,IT서비스,KOSPI
001130,13752.0,,,,623.0,,,,0.9982,-780.07,1977,11700,2.66,식품,KOSPI
339770,5174.0,5340.0,5493.0,5670.0,350.0,320.0,423.0,440.0,0.9986,378.73,1899,3800,12.95,식품,KOSPI
033530,18969.0,20161.0,21442.0,22914.0,854.0,1020.0,1147.0,1292.0,0.9853,911.54,1894,7000,41.06,자동차부품,KOSPI
095570,10701.0,12083.0,12862.0,13865.67,715.0,834.0,939.67,1042.0,1.0,10799.48,1923,4250,13.95,도로와철도운송,KOSPI
128820,15659.0,,,,108.0,,,,0.7677,6261.38,1877,4150,,석유와가스,KOSPI
102260,12116.0,,,,1120.0,,,,0.4401,778.02,1905,3760,6.69,화학,KOSPI
003547,50639.0,,,,3014.0,6237.0,3816.67,3960.0,1.0,,1875,19520,9.28,증권,KOSPI
010580,1503.0,,,,16.0,,,,,-56.85,1890,1699,294.89,자동차부품,KOSPI
000140,24845.0,,,,1833.0,,,,0.4896,13971.48,1864,8030,230.21,음료,KOSPI
007860,49161.0,,,,1996.0,,,,0.5958,5708.62,1822,7760,0.9,자동차부품,KOSPI
102460,1459.0,,,,-303.0,,,,1.0,2098.16,1853,9970,85.55,제약,KOSPI
002100,3392.0,,,,287.0,,,,0.9519,1582.59,1821,9330,10.5,화학,KOSPI
213500,22900.0,23754.0,24891.0,26178.0,499.0,1188.0,1227.0,1329.0,1.0,8419.84,1802,7570,143.99,종이와목재,KOSPI
002420,292.0,,,,-6.0,,,,,164.25,1802,5780,,석유와가스,KOSPI
014710,2380.0,,,,122.0,,,,1.0,1757.0,1803,10470,,식품,KOSPI
003220,6054.0,6250.0,6507.0,6878.0,35.0,173.0,276.0,292.0,0.9574,1229.66,1810,8070,14.4,제약,KOSPI
002150,6985.0,,,,301.0,,,,1.0,1182.77,1794,5320,12.89,건설,KOSPI
016450,34098.0,,,,655.0,,,,0.2,13067.42,1786,4465,3.47,"섬유,의류,신발,호화품",KOSPI
487570,14098.97,,,,464.34,,,,0.9773,1284.73,1792,48100,25.28,복합기업,KOSPI
234080,2578.0,,,,332.0,,,,1.0,233.61,1783,11260,7.24,제약,KOSPI
015230,3463.0,,,,380.0,,,,1.0,-1129.55,1770,6520,5.14,기계,KOSPI
003610,1225.0,,,,11.0,,,,1.0,-351.27,1766,5500,,"섬유,의류,신발,호화품",KOSPI
025560,508.0,,,,91.0,,,,1.0,36.81,1742,6270,,반도체와반도체장비,KOSPI
000300,402.0,,,,32.0,,,,0.7235,-66.96,1740,4200,,자동차부품,KOSPI
004560,7413.0,,,,259.0,,,,1.0,-210.98,1757,11650,,비철금속,KOSPI
241590,15644.0,,,,357.0,,,,0.9636,5319.7,1745,2880,,"섬유,의류,신발,호화품",KOSPI
000390,6171.0,,,,95.0,,,,0.9865,828.18,1744,6410,11.18,건축자재,KOSPI
003460,360.0,,,,59.0,,,,,,1738,3065,24.01,증권,KOSPI
005960,17586.0,,,,426.0,,,,1.0,4260.97,1726,7520,,건설,KOSPI
000700,4185.0,,,,212.0,,,,0.2728,-1913.37,1729,6640,14.77,항공화물운송과물류,KOSPI
004380,2222.0,,,,-355.0,,,,1.0,1370.25,1677,8100,301.86,기계,KOSPI
013890,9132.0,5810.0,6010.0,6330.0,255.0,-670.0,140.0,150.0,1.0,1501.94,1697,7740,63.9,가구,KOSPI
000860,5986.0,,,,83.0,,,,0.7312,131.05,1644,12650,8.17,건축자재,KOSPI
097955,273426.0,293036.0,305031.77,316568.8,12336.0,12092.0,13996.15,15484.0,0.7027,115284.69,1609,121200,13.75,식품,KOSPI
077500,7300.0,,,,367.0,,,,1.0,1616.01,1607,7440,8.08,반도체와반도체장비,KOSPI
101530,6414.0,,,,423.0,,,,0.9956,2002.02,1631,5600,7.27,식품,KOSPI
090350,7711.0,,,,302.0,,,,1.0,-445.63,1608,8040,6.79,건축자재,KOSPI
002170,1747.0,,,,184.0,,,,1.0,-2391.68,1629,54300,6.73,"섬유,의류,신발,호화품",KOSPI
006805,292830.0,583885.0,482449.33,504779.0,19151.0,47798.0,26153.73,27203.73,0.9718,,1605,11930,18.04,증권,KOSPI
007570,2724.0,,,,50.0,,,,0.968,868.05,1597,8370,,제약,KOSPI
011785,69151.0,79501.0,77695.58,78041.83,2718.0,5425.0,4421.17,4739.5,0.9999,-853.11,1566,51800,9.57,화학,KOSPI
001045,450188.0,472677.0,490172.5,513301.25,25277.0,24702.0,27642.0,30864.13,0.4718,168752.98,1557,68900,17.28,복합기업,KOSPI
016880,11507.0,,,,781.0,,,,1.0,6206.54,1567,1960,,출판,KOSPI
460850,27687.0,,,,-388.0,,,,1.0,8229.57,1561,5220,12.31,철강,KOSPI
462520,5320.0,,,,239.0,,,,0.7164,1344.8,1523,12850,5.36,비철금속,KOSPI
271980,5672.0,,,,207.0,,,,0.7307,448.7,1547,10520,50.24,제약,KOSPI
001780,5757.0,,,,349.0,,,,0.9774,4808.75,1544,1595,15.26,비철금속,KOSPI
000970,4066.0,,,,133.0,,,,0.9919,-1128.32,1519,6660,9.29,철강,KOSPI
003830,1082.0,,,,-73.0,,,,,-583.32,1525,114800,13.46,화학,KOSPI
009470,2301.0,,,,120.0,,,,0.8483,-369.8,1508,22800,20.73,전기제품,KOSPI
293480,2395.0,,,,258.0,,,,,577.43,1514,8520,11.1,제약,KOSPI
071840,23001.0,22542.0,23245.0,23960.0,96.0,110.0,255.0,310.0,,4655.0,1492,6320,,전문소매,KOSPI
272550,4202.0,,,,246.0,,,,1.0,1736.45,1489,9880,9.81,포장재,KOSPI
001210,443.0,,,,-12.0,,,,,10.05,1506,12170,,디스플레이장비및부품,KOSPI
004970,4547.0,,,,-16.0,,,,0.8748,-1741.4,1466,9160,8.09,식품,KOSPI
107590,4927.0,,,,203.0,,,,0.8598,540.54,1457,62800,13.83,화학,KOSPI
000020,4964.0,,,,3.0,,,,1.0,911.84,1455,5210,10.45,제약,KOSPI
004960,11492.0,,,,645.0,,,,1.0,5385.47,1452,12550,2.62,건설,KOSPI
004090,6969.0,8184.0,8505.0,9016.0,118.0,273.0,249.0,267.0,0.9677,1318.54,1438,11330,9.65,화학,KOSPI
004150,10983.0,19750.0,26210.0,27230.0,226.0,560.0,780.0,860.0,0.8645,2176.23,1430,3485,16.23,복합기업,KOSPI
015890,7771.0,,,,554.0,,,,0.4356,983.53,1403,4800,11.78,비철금속,KOSPI
025820,5078.0,,,,244.0,,,,,1652.86,1431,4280,196.43,비철금속,KOSPI
003480,12017.0,,,,733.0,,,,0.9446,3833.86,1400,4740,12.55,가스유틸리티,KOSPI
001080,1530.0,,,,-120.0,,,,,136.43,1408,4010,,철강,KOSPI
002210,872.0,,,,-101.0,,,,,11.35,1377,1425,,제약,KOSPI
094280,5190.0,,,,190.0,,,,1.0,231.97,1389,12020,10.6,상업서비스와공급품,KOSPI
000520,2103.0,,,,-222.0,,,,1.0,1699.43,1351,6230,60.8,제약,KOSPI
008350,2589.0,,,,-33.0,,,,1.0,226.09,1358,1052,,비철금속,KOSPI
081000,1624.0,,,,-68.0,,,,1.0,-3431.55,1359,9570,20.79,비철금속,KOSPI
003010,2417.0,,,,176.0,,,,,148.62,1354,10650,9.75,기계,KOSPI
006060,17810.0,,,,766.0,,,,1.0,6221.21,1358,2455,,"섬유,의류,신발,호화품",KOSPI
024090,2271.0,,,,96.0,,,,,-686.97,1337,11730,,비철금속,KOSPI
009270,10923.0,,,,188.0,,,,1.0,2829.1,1335,1163,24.69,"섬유,의류,신발,호화품",KOSPI
012610,3797.0,,,,163.0,,,,1.0,1686.08,1315,3160,,화학,KOSPI
002390,5351.0,,,,33.0,,,,,3508.6,1312,9530,,제약,KOSPI
267290,17595.0,,,,330.0,,,,1.0,-3111.88,1306,22150,3.75,가스유틸리티,KOSPI
004080,1026.0,,,,71.0,,,,0.9622,157.24,1304,14020,14.76,건강관리장비와용품,KOSPI
214390,2641.0,,,,35.0,,,,,1441.73,1296,5420,49.49,제약,KOSPI
013520,16398.0,,,,831.0,,,,0.7565,4030.04,1286,2570,29.3,자동차부품,KOSPI
210540,3828.0,,,,304.0,,,,1.0,-668.82,1274,11540,4.95,기계,KOSPI
037560,12657.0,13330.0,13900.0,11860.0,187.0,460.0,550.0,970.0,1.0,3971.55,1270,1640,,방송과엔터테인먼트,KOSPI
018470,4867.0,,,,138.0,,,,,1565.04,1232,973,,비철금속,KOSPI
214420,2203.0,,,,144.0,,,,0.976,461.95,1272,5290,27.48,화장품,KOSPI
089470,9927.0,,,,497.0,,,,1.0,1143.73,1262,3955,6.82,자동차부품,KOSPI
014280,8022.0,,,,105.0,,,,0.3276,4530.75,1244,4240,4.43,건축제품,KOSPI
078000,384.0,,,,33.0,,,,1.0,-485.89,1234,13360,18.14,소프트웨어,KOSPI
001360,461.0,,,,-181.0,,,,,90.42,1242,1319,,제약,KOSPI
007540,4090.0,,,,241.0,,,,0.5181,-596.14,1237,43000,23.41,식품,KOSPI
009070,9867.0,,,,388.0,,,,0.9078,3097.9,1242,4140,4.36,항공화물운송과물류,KOSPI
002620,6576.0,,,,387.0,,,,0.4224,972.34,1228,7690,,제약,KOSPI
005800,1852.0,,,,13.0,,,,1.0,-849.41,1220,13550,16.96,"섬유,의류,신발,호화품",KOSPI
008040,6743.0,,,,425.0,,,,,669.1,1207,8550,12.55,식품,KOSPI
002780,5764.0,,,,-230.0,,,,,-641.95,1138,782,0.37,건설,KOSPI
079430,15462.0,,,,157.0,,,,1.0,769.3,1203,5980,,가구,KOSPI
227840,2502.0,,,,214.0,,,,1.0,-86.0,1209,13280,3.35,식품과기본식료품소매,KOSPI
017550,2294.0,,,,190.0,,,,1.0,169.87,1181,1893,7.08,기계,KOSPI
011690,1651.0,,,,-26.0,,,,1.0,330.57,1193,3250,,전자장비와기기,KOSPI
008970,2348.0,,,,-16.0,,,,,301.84,1181,1138,,철강,KOSPI
034590,9630.0,,,,191.0,,,,,-1728.98,1161,26550,6.38,가스유틸리티,KOSPI
083420,3041.0,,,,101.0,,,,,399.16,1154,4810,48.15,화학,KOSPI
001520,6306.0,,,,-207.0,,,,0.9903,3461.53,1148,1072,13.16,건축자재,KOSPI
001290,1817.0,,,,-91.0,,,,1.0,,1094,1010,170.76,증권,KOSPI
013570,12448.0,,,,481.0,,,,0.4683,710.55,1153,4380,8.52,자동차부품,KOSPI
011280,7539.0,,,,-50.0,,,,0.491,2747.1,1147,1620,33.84,포장재,KOSPI
011810,6413.0,,,,-619.0,,,,,2639.98,1095,3530,,무역회사와판매업체,KOSPI
078935,251841.0,286613.0,281332.2,283044.0,29361.0,51915.0,36700.0,36994.0,0.8262,61654.03,1118,62800,2.98,석유와가스,KOSPI
004250,4503.0,,,,236.0,,,,1.0,895.37,1113,3030,8.75,포장재,KOSPI
014530,10217.0,,,,154.0,,,,0.8717,2540.59,1132,3245,10.25,석유와가스,KOSPI
012320,2762.0,,,,188.0,,,,0.987,-722.97,1121,47400,8.04,비철금속,KOSPI
016710,12226.0,,,,281.0,,,,0.7686,-879.48,1105,6870,1.05,가스유틸리티,KOSPI
023450,1943.0,,,,94.0,,,,,213.42,1106,31600,20.14,화학,KOSPI
016740,7961.0,,,,486.0,,,,0.921,-2.59,1082,3775,5.6,자동차부품,KOSPI
002460,6595.0,,,,432.0,,,,0.893,706.43,1090,10740,5.23,건설,KOSPI
010100,16993.0,,,,253.0,,,,1.0,960.96,1090,3580,5.98,자동차부품,KOSPI
012800,14702.0,,,,515.0,,,,0.6467,4458.77,1070,1174,,비철금속,KOSPI
021820,1794.0,,,,170.0,,,,0.953,-2968.31,1067,10670,,자동차부품,KOSPI
035000,4839.0,,,,275.0,,,,1.0,-489.88,1066,6580,6.37,광고,KOSPI
248170,4089.0,,,,245.0,,,,1.0,-199.15,1060,23200,12.05,식품,KOSPI
014580,3859.0,,,,408.0,,,,0.7278,351.0,1055,3825,7.63,비철금속,KOSPI
002450,2244.0,,,,23.0,,,,1.0,1515.1,1049,1159,28.84,레저용장비와제품,KOSPI
120030,518.0,,,,78.0,,,,,-1312.16,1054,83800,9.52,철강,KOSPI
092220,2296.0,,,,-218.0,,,,,-124.28,1044,2600,,반도체와반도체장비,KOSPI
027970,7537.0,,,,31.0,,,,1.0,1601.4,1042,2740,,종이와목재,KOSPI
119650,1929.0,,,,-89.0,,,,,432.95,1008,918,,상업서비스와공급품,KOSPI
267850,1941.0,,,,121.0,,,,,-1038.79,1027,9250,19.7,IT서비스,KOSPI
006840,32357.0,,,,-1479.0,,,,0.2641,27371.0,1021,7710,6.58,화학,KOSPI
123690,850.0,,,,5.0,,,,0.9834,-134.63,1019,6340,29.07,화장품,KOSPI
009580,7316.0,,,,-245.0,,,,,8220.83,1012,1623,,종이와목재,KOSPI
264900,4448.0,,,,153.0,,,,,-252.47,1016,8110,4.75,식품,KOSPI
013700,2975.0,,,,238.0,,,,1.0,531.85,1004,1680,28.92,건설,KOSPI
006660,1177.0,,,,32.0,,,,0.9847,-2120.02,1000,12310,5.12,자동차부품,KOSPI
008260,2479.0,,,,301.0,,,,,1891.99,978,3420,3.42,건축자재,KOSPI
008700,2153.0,,,,48.0,,,,1.0,-313.72,982,1273,23.82,전자제품,KOSPI
070960,2501.0,,,,233.0,,,,1.0,2951.66,977,2030,14.68,"호텔,레스토랑,레저",KOSPI
067830,1181.0,,,,46.0,,,,,-1329.55,985,2400,7.22,백화점과일반상점,KOSPI
004100,6202.0,,,,224.0,,,,1.0,2328.18,987,2690,2087.84,자동차부품,KOSPI
032560,3165.0,,,,180.0,,,,0.8488,-864.96,969,5700,5.04,비철금속,KOSPI
012200,3898.0,,,,-271.0,,,,,1119.45,980,3600,,자동차부품,KOSPI
014790,17419.0,18270.0,,,798.0,990.0,,,,6464.37,967,2555,3.14,건설,KOSPI
014440,1201.0,,,,193.0,,,,1.0,-472.72,959,4795,12.62,화학,KOSPI
036580,15541.0,,,,802.0,,,,0.9792,5564.36,962,2620,,식품,KOSPI
019180,9891.0,,,,701.0,,,,1.0,66.15,941,5230,2.21,자동차부품,KOSPI
007210,6107.0,,,,233.0,,,,0.8334,457.09,935,1430,5.41,건축자재,KOSPI
058850,10427.0,,,,298.0,,,,0.9267,-729.03,911,2200,10.49,상업서비스와공급품,KOSPI
001275,9655.0,,,,568.0,,,,0.9998,,909,30300,5.06,증권,KOSPI
002200,2896.0,,,,-66.0,,,,1.0,-584.65,913,2725,6.23,포장재,KOSPI
363280,792.0,,,,-346.0,,,,,1337.39,910,2000,,"호텔,레스토랑,레저",KOSPI
058860,5888.0,,,,247.0,,,,,31.78,900,2585,7.54,상업서비스와공급품,KOSPI
023000,3593.0,,,,99.0,,,,,-608.36,880,2215,7.38,자동차부품,KOSPI
004890,3479.0,,,,-28.0,,,,1.0,-1386.31,888,36600,,철강,KOSPI
001020,2667.0,,,,-53.0,,,,1.0,1090.62,876,2460,5.19,종이와목재,KOSPI
025620,73.0,,,,-75.0,,,,1.0,255.53,874,4800,,화장품,KOSPI
003580,1003.0,,,,-99.0,,,,,159.99,880,1737,,판매업체,KOSPI
139990,10856.0,,,,-256.0,,,,,5728.11,862,2225,,철강,KOSPI
004140,9156.0,,,,320.0,,,,0.9895,3268.65,869,1811,6.67,항공화물운송과물류,KOSPI
096775,802961.0,1041172.0,953858.83,954075.42,4487.0,87325.0,45473.17,43849.75,0.8956,261185.73,861,69000,53.47,석유와가스,KOSPI
023800,7179.0,,,,396.0,,,,0.9069,2732.72,849,5370,9.15,자동차부품,KOSPI
005740,10699.0,,,,573.0,,,,0.5442,2039.07,840,5660,4.3,식품,KOSPI
006090,4174.0,,,,135.0,,,,,1144.48,845,8970,3.99,식품,KOSPI
019680,6500.0,,,,-34.0,,,,0.2,1202.38,805,1000,,교육서비스,KOSPI
002600,4882.0,,,,186.0,,,,1.0,2099.41,827,137900,291.86,식품,KOSPI
013360,4527.0,,,,104.0,,,,0.9992,1384.7,827,1530,19.09,건설,KOSPI
055490,1411.0,,,,25.0,,,,1.0,113.01,826,17260,16.89,전자장비와기기,KOSPI
111380,2441.0,,,,226.0,,,,1.0,848.8,824,13440,5.37,"섬유,의류,신발,호화품",KOSPI
109070,854.0,,,,32.0,,,,1.0,-119.65,819,1550,,해운사,KOSPI
007980,10290.0,,,,620.0,,,,1.0,3188.61,811,1730,17.65,"섬유,의류,신발,호화품",KOSPI
000105,21866.0,23466.0,25638.33,28680.2,1044.0,1300.0,2044.33,3025.67,1.0,-959.87,803,69900,41.11,제약,KOSPI
069730,2266.0,,,,280.0,,,,1.0,75.93,799,5550,4.65,철강,KOSPI
163560,3646.0,,,,186.0,,,,1.0,145.16,791,5690,9.0,화학,KOSPI
002220,1964.0,,,,32.0,,,,0.2,757.3,805,3015,86145.26,철강,KOSPI
015590,1334.0,,,,100.0,,,,1.0,-197.97,797,1492,23.73,기계,KOSPI
009180,6746.0,7565.0,8280.0,8830.0,207.0,257.0,280.0,300.0,1.0,149.94,788,2800,3.65,항공화물운송과물류,KOSPI
004840,8027.0,,,,249.0,,,,0.497,1850.59,786,4080,7.58,화학,KOSPI
001260,3574.0,,,,114.0,,,,1.0,23.47,787,8000,12.58,건설,KOSPI
005750,3006.0,,,,186.0,,,,0.9904,480.02,786,4735,,건축제품,KOSPI
000850,2218.0,,,,42.0,,,,1.0,-322.18,784,35650,6.59,기계,KOSPI
000590,1349.0,,,,202.0,,,,0.823,-2373.77,772,66900,4.31,철강,KOSPI
004770,124.0,,,,22.0,,,,,-572.03,776,2185,21.4,전자장비와기기,KOSPI
010960,4097.0,,,,145.0,,,,1.0,-833.59,762,3160,5.62,건설,KOSPI
007590,1790.0,,,,127.0,,,,0.9983,300.9,761,5590,7.14,화학,KOSPI
011700,527.0,,,,-15.0,,,,1.0,19.52,753,2320,42.35,기계,KOSPI
084680,887.0,,,,-32.0,,,,,1366.15,753,531,,"섬유,의류,신발,호화품",KOSPI
210980,4458.0,,,,378.0,,,,1.0,8675.39,751,4035,2.67,부동산,KOSPI
063160,1601.0,,,,36.0,,,,,1473.5,748,13640,,제약,KOSPI
014160,2837.0,,,,9.0,,,,,352.59,748,690,15.54,포장재,KOSPI
058730,2732.0,,,,21.0,,,,0.986,758.83,734,3625,5.81,건축자재,KOSPI
013870,7873.0,,,,242.0,,,,1.0,1941.98,733,3845,7.88,자동차부품,KOSPI
155660,3024.0,,,,193.0,,,,1.0,614.63,715,4470,3.95,비철금속,KOSPI
002795,46232.0,,,,3680.0,,,,0.4246,-16403.41,712,11160,23.54,화장품,KOSPI
000180,1272.0,,,,-69.0,,,,,315.79,727,5210,,종이와목재,KOSPI
000230,5909.0,,,,149.0,,,,0.5065,1161.08,727,6300,,제약,KOSPI
002720,1755.0,,,,62.0,,,,0.9988,156.65,723,3415,,제약,KOSPI
095720,7974.0,,,,-105.0,,,,,2156.75,717,1261,,교육서비스,KOSPI
011150,1921.0,,,,-9.0,,,,1.0,411.51,716,1994,23.95,식품,KOSPI
007610,382.0,,,,12.0,,,,1.0,76.93,709,3940,,전기장비,KOSPI
009770,1486.0,,,,-14.0,,,,,-1453.09,707,28300,4.76,가정용품,KOSPI
001560,789.0,,,,42.0,,,,0.9992,-342.61,705,9280,7.97,비철금속,KOSPI
120115,48734.0,53155.0,55417.5,57748.5,1089.0,2780.0,2985.83,3361.83,0.951,22920.57,693,25050,31.52,화학,KOSPI
004720,1731.0,,,,60.0,,,,,-193.54,695,3070,16.61,제약,KOSPI
031820,10952.0,,,,236.0,,,,0.5705,259.39,702,5800,23.39,IT서비스,KOSPI
004440,2231.0,,,,50.0,,,,,527.25,686,5390,26.94,건축자재,KOSPI
079980,8895.0,,,,198.0,,,,1.0,3229.71,683,1980,,"섬유,의류,신발,호화품",KOSPI
084670,1252.0,,,,51.0,,,,1.0,708.01,689,23800,,도로와철도운송,KOSPI
002700,1940.0,,,,52.0,,,,,-204.25,683,997,126.45,가정용기기와용품,KOSPI
010040,4063.0,,,,28.0,,,,1.0,238.88,675,1643,,비철금속,KOSPI
018500,6262.0,6595.0,,,420.0,350.0,,,1.0,2031.28,672,1438,4.48,자동차부품,KOSPI
085310,1301.0,,,,-6.0,,,,1.0,-570.05,674,9080,1.35,조선,KOSPI
010660,2145.0,,,,2.0,,,,,-177.07,669,3040,110.85,기계,KOSPI
017370,3886.0,,,,209.0,,,,1.0,898.84,668,3650,21.79,자동차부품,KOSPI
016090,2405.0,,,,71.0,,,,,-530.45,639,1444,3.82,"섬유,의류,신발,호화품",KOSPI
007280,7671.0,,,,117.0,,,,,2136.58,665,2320,3.87,철강,KOSPI
014990,1046.0,,,,12.0,,,,,423.85,655,4360,,"섬유,의류,신발,호화품",KOSPI
100220,2688.0,,,,216.0,,,,1.0,725.22,645,4960,,교육서비스,KOSPI
071090,2566.0,,,,-33.0,,,,1.0,533.61,631,3125,50.75,철강,KOSPI
009200,12649.0,,,,60.0,,,,0.8243,11898.49,630,1515,27.44,종이와목재,KOSPI
068290,403.0,,,,-8.0,,,,,-160.87,630,6300,22.79,출판,KOSPI
214330,3854.0,,,,62.0,,,,,-356.4,618,5910,,자동차부품,KOSPI
002760,501.0,,,,22.0,,,,,-64.13,609,1017,91.41,식품,KOSPI
000220,1409.0,,,,110.0,,,,0.8944,1.91,605,3840,,제약,KOSPI
005870,1372.0,,,,-120.0,,,,,-24.32,607,4300,4.86,우주항공과국방,KOSPI
072130,616.0,,,,34.0,,,,0.9993,-86.14,601,4735,33.13,IT서비스,KOSPI
006890,613.0,,,,21.0,,,,1.0,159.27,592,5100,9.2,화학,KOSPI
004450,1629.0,,,,68.0,,,,1.0,516.57,596,27650,,포장재,KOSPI
001550,997.0,,,,38.0,,,,,529.92,592,11400,,화학,KOSPI
001465,1632.0,,,,266.0,,,,0.9995,-523.46,584,27100,15.13,"섬유,의류,신발,호화품",KOSPI
092440,1313.0,1193.0,,,10.0,-37.0,,,1.0,-453.0,590,2020,51.24,기계,KOSPI
111110,5209.0,,,,250.0,,,,1.0,1981.24,582,6420,4.48,"섬유,의류,신발,호화품",KOSPI
009190,2235.0,,,,56.0,,,,1.0,115.99,575,1307,,철강,KOSPI
129260,7090.0,,,,198.0,,,,0.9374,756.35,569,1914,5.26,해운사,KOSPI
378850,7146.0,,,,271.0,,,,1.0,1413.43,568,2990,3.25,자동차부품,KOSPI
020760,578.0,,,,-49.0,,,,1.0,141.25,555,902,,디스플레이패널,KOSPI
003925,9141.0,,,,52.0,,,,1.0,-71.08,565,29900,,식품,KOSPI
011390,1075.0,,,,-28.0,,,,0.6458,1026.3,564,53400,19.02,건축자재,KOSPI
075180,1387.0,,,,-7.0,,,,1.0,-1237.56,561,2920,23.64,자동차부품,KOSPI
003465,360.0,,,,59.0,,,,,,563,3220,24.01,증권,KOSPI
101140,63.0,,,,-43.0,,,,,17.1,559,5570,12.95,전자장비와기기,KOSPI
000725,310629.0,269155.0,285921.37,307392.47,6530.0,8707.0,11267.42,13735.47,0.7654,6231.61,559,53000,7.32,건설,KOSPI
003475,34613.0,,,,994.0,,,,1.0,,554,4325,8.41,증권,KOSPI
024900,17381.0,,,,32.0,,,,1.0,-296.09,553,1697,15.52,자동차부품,KOSPI
012690,1240.0,,,,3.0,,,,,-148.75,550,1504,10.5,가정용품,KOSPI
025530,2058.0,,,,106.0,,,,0.5779,-1334.69,546,3655,5.79,자동차부품,KOSPI
002410,718.0,,,,-513.0,,,,,871.4,532,1935,,건설,KOSPI
000950,408.0,,,,-73.0,,,,1.0,-908.29,549,32700,,"섬유,의류,신발,호화품",KOSPI
007815,15097.0,17518.0,,,538.0,1197.0,,,,1868.81,540,18200,,전자장비와기기,KOSPI
090080,6261.0,,,,133.0,,,,1.0,442.24,537,979,20.06,자동차부품,KOSPI
002630,294.0,298.0,,,-31.0,-41.0,,,,-368.88,541,913,5.51,생물공학,KOSPI
123700,2014.0,,,,113.0,,,,1.0,-987.22,536,3435,3.22,자동차부품,KOSPI
007460,1180.0,,,,-956.0,,,,,1382.82,536,2160,,제약,KOSPI
021050,17136.0,,,,533.0,,,,1.0,5839.26,533,1122,,비철금속,KOSPI
004830,1465.0,,,,62.0,,,,1.0,87.73,521,3320,23.82,"섬유,의류,신발,호화품",KOSPI
005305,39711.0,41025.0,42565.75,44115.67,1672.0,2019.0,2277.17,2477.78,0.9458,14544.81,516,66500,8.89,음료,KOSPI
010770,8837.0,,,,349.0,,,,0.769,1264.29,516,3530,5.76,자동차부품,KOSPI
023810,5864.0,,,,198.0,,,,0.6611,3554.51,518,5180,8.18,자동차부품,KOSPI
372910,921.0,1322.0,1407.0,1454.0,-7.0,54.0,68.0,74.0,0.9771,-398.17,517,1869,152.18,건강관리장비와용품,KOSPI
006880,1878.0,,,,103.0,,,,1.0,1023.0,515,4350,8.17,식품과기본식료품소매,KOSPI
002140,2973.0,,,,137.0,,,,0.9984,939.25,514,2060,23.13,식품,KOSPI
006125,101640.0,,,,3614.0,,,,0.8943,41141.98,510,41400,4.19,석유와가스,KOSPI
001620,8080.0,,,,186.0,,,,0.9997,2200.83,503,2260,8.42,자동차부품,KOSPI
011000,230.0,,,,-440.0,,,,,343.75,485,2670,,생물공학,KOSPI
003780,907.0,,,,84.0,,,,1.0,259.79,507,3900,10.53,화학,KOSPI
011230,296.0,,,,-78.0,,,,,326.27,494,2575,,전자장비와기기,KOSPI
006980,6130.0,,,,194.0,,,,1.0,881.9,493,15950,5.54,식품,KOSPI
027740,3689.0,,,,20.0,,,,,456.98,492,1550,,식품,KOSPI
004410,686.0,,,,-5.0,,,,,208.29,490,1241,,식품,KOSPI
069460,2156.0,,,,35.0,,,,1.0,431.07,463,2660,21.84,비철금속,KOSPI
041650,5423.0,,,,-14.0,,,,0.9354,1918.08,473,2205,5.57,자동차부품,KOSPI
009320,1518.0,,,,63.0,,,,1.0,449.14,468,949,282.51,자동차부품,KOSPI
004920,414.0,,,,20.0,,,,1.0,96.54,476,913,,컴퓨터와주변기기,KOSPI
480370,2910.0,,,,-366.0,,,,1.0,-147.82,474,1460,,기계,KOSPI
002920,3046.0,,,,-300.0,,,,0.7096,-1106.75,467,1800,7.63,자동차부품,KOSPI
007110,545.0,,,,7.0,,,,,50.98,467,603,50.69,건축자재,KOSPI
014910,537.0,,,,17.0,,,,0.9921,211.19,467,2135,,전기제품,KOSPI
004060,1323.0,,,,-15.0,,,,1.0,-128.36,465,2295,,"섬유,의류,신발,호화품",KOSPI
023350,4129.0,,,,60.0,,,,1.0,-310.47,458,4185,4.77,건설,KOSPI
005030,1954.0,,,,6.0,,,,,1111.15,451,486,,자동차부품,KOSPI
000910,2024.0,,,,55.0,,,,0.9136,1402.65,460,2945,11.82,건축자재,KOSPI
008420,1379.0,,,,-10.0,,,,,39.76,458,2235,3.45,철강,KOSPI
004910,2027.0,,,,-195.0,,,,1.0,1444.53,453,3540,16.89,건축자재,KOSPI
004540,5082.0,,,,-226.0,,,,,3351.1,456,1225,,종이와목재,KOSPI
074610,295.0,,,,-28.0,,,,1.0,146.57,448,5110,,기계,KOSPI
084870,1824.0,,,,32.0,,,,0.5706,116.44,450,2200,5.49,"섬유,의류,신발,호화품",KOSPI
003080,643.0,,,,-81.0,,,,1.0,149.33,448,2240,45.92,화학,KOSPI
026940,1799.0,,,,3.0,,,,,-219.32,443,2215,23.45,철강,KOSPI
011330,1062.0,,,,-6.0,,,,,744.0,449,4480,,자동차부품,KOSPI
019490,53.0,,,,-60.0,,,,,14.61,413,541,,통신장비,KOSPI
009835,133331.0,181850.0,194469.77,203644.54,-3648.0,8727.0,12809.46,14612.62,0.9835,128985.87,435,17090,,에너지장비및서비스,KOSPI
092780,4593.0,,,,167.0,,,,0.9657,1672.87,434,3295,8.38,자동차부품,KOSPI
017040,959.0,,,,-100.0,,,,,212.08,404,932,9.8,전기장비,KOSPI
000215,53267.0,55386.0,55391.5,56050.0,2985.0,6496.0,6105.0,6170.0,0.9294,45447.6,418,24800,,화학,KOSPI
017180,1952.0,,,,68.0,,,,1.0,628.42,422,1244,,제약,KOSPI
446070,1575.0,,,,-92.0,,,,,-636.38,418,3940,87.43,건축자재,KOSPI
011420,403.0,,,,40.0,,,,,-23.19,413,1499,27.15,레저용장비와제품,KOSPI
005320,2315.0,,,,-19.0,,,,,143.41,412,1205,,"섬유,의류,신발,호화품",KOSPI
008870,2524.0,,,,34.0,,,,0.5636,908.25,407,40700,,포장재,KOSPI
011300,247.0,,,,-23.0,,,,,390.89,407,2360,,"섬유,의류,신발,호화품",KOSPI
134790,1957.0,,,,-67.0,,,,1.0,-50.02,395,19750,23.65,가구,KOSPI
012280,3514.0,,,,152.0,,,,,737.46,398,4015,6.28,자동차부품,KOSPI
023960,1723.0,,,,-50.0,,,,1.0,321.06,391,1029,,건설,KOSPI
006370,531.0,,,,-150.0,,,,,2575.17,387,3580,,백화점과일반상점,KOSPI
000890,899.0,,,,38.0,,,,,177.46,388,1406,,음료,KOSPI
049800,2116.0,,,,29.0,,,,1.0,1248.52,380,1900,10.03,기계,KOSPI
000760,463.0,,,,-2.0,,,,,-10.62,381,13600,,화학,KOSPI
047400,1019.0,,,,54.0,,,,1.0,953.01,385,916,,자동차부품,KOSPI
133820,1862.0,,,,-17.0,,,,,878.52,376,1012,,철강,KOSPI
002870,242.0,,,,-23.0,,,,1.0,-477.88,370,1058,,포장재,KOSPI
012160,4335.0,,,,-132.0,,,,,1174.84,367,2350,,철강,KOSPI
002880,6334.0,,,,302.0,,,,1.0,1078.11,352,753,,자동차부품,KOSPI
010640,466.0,,,,18.0,,,,,491.53,354,2120,17.88,화학,KOSPI
143210,7848.0,,,,-387.0,,,,,4153.8,336,1199,,자동차부품,KOSPI
009140,361.0,,,,10.0,,,,1.0,-544.71,347,22100,5.78,전자제품,KOSPI
005820,897.0,,,,44.0,,,,0.7194,-412.05,350,15210,5.83,포장재,KOSPI
004365,12418.0,,,,273.0,,,,1.0,-97.25,345,9360,4.03,항공화물운송과물류,KOSPI
013000,327.0,,,,24.0,,,,,-438.69,347,1209,15.15,화학,KOSPI
010400,1645.0,,,,50.0,,,,1.0,0.87,342,4490,20.16,건설,KOSPI
008250,2973.0,,,,-38.0,,,,,1201.29,342,3120,,건축자재,KOSPI
006740,933.0,,,,-158.0,,,,,1001.39,311,5220,,종이와목재,KOSPI
009460,2670.0,,,,-52.0,,,,,1354.52,327,2740,,포장재,KOSPI
003535,30946.0,,,,1477.0,,,,1.0,,325,6780,82.09,증권,KOSPI
090370,813.0,,,,-72.0,,,,,896.89,325,1191,,상업서비스와공급품,KOSPI
001070,1583.0,,,,7.0,,,,1.0,270.51,321,6050,,"섬유,의류,신발,호화품",KOSPI
007120,141.0,,,,38.0,,,,,-98.97,319,1169,,IT서비스,KOSPI
033250,938.0,,,,75.0,,,,1.0,111.65,309,4825,18.81,자동차부품,KOSPI
308170,4615.0,,,,58.0,,,,,1873.26,306,3550,,자동차부품,KOSPI
025750,2798.0,,,,23.0,,,,,701.81,308,1914,,건축자재,KOSPI
002690,1473.0,,,,-35.0,,,,,-603.2,301,1484,,철강,KOSPI
069640,2489.0,,,,-121.0,,,,,1675.14,306,1408,,"섬유,의류,신발,호화품",KOSPI
023150,947.0,,,,95.0,,,,0.8955,525.97,303,4105,10.79,음료,KOSPI
019175,2347.0,,,,143.0,,,,1.0,-190.16,302,15190,,제약,KOSPI
051630,186.0,,,,-7.0,,,,,-26.96,305,1437,,화학,KOSPI
003680,3184.0,,,,58.0,,,,,993.82,299,4820,22.35,식품,KOSPI
024070,1033.0,,,,-7.0,,,,1.0,-261.74,297,1937,,화학,KOSPI
009810,2509.0,,,,-44.0,,,,,-188.61,300,1908,,판매업체,KOSPI
036420,10833.0,,,,88.0,,,,,12504.69,300,1557,,방송과엔터테인먼트,KOSPI
006570,1262.0,,,,-96.0,,,,,812.64,293,1924,,건축제품,KOSPI
001380,935.0,,,,50.0,,,,1.0,-15.58,294,1308,3.45,자동차부품,KOSPI
088790,476.0,,,,40.0,,,,,-66.95,291,2340,5.78,"섬유,의류,신발,호화품",KOSPI
014130,6298.0,,,,-36.0,,,,0.9762,2230.68,290,2450,,항공화물운송과물류,KOSPI
025890,399.0,,,,-2.0,,,,,59.3,286,2570,13.76,철강,KOSPI
006490,1056.0,,,,41.0,,,,1.0,64.31,266,898,,무선통신서비스,KOSPI
005110,80.0,,,,-78.0,,,,0.9805,219.04,265,1254,,부동산,KOSPI
118000,328.0,,,,13.0,,,,1.0,628.98,290,1315,,제약,KOSPI
003060,732.0,,,,-604.0,,,,,1881.39,289,1810,,제약,KOSPI
465770,1914.0,,,,-125.0,,,,1.0,866.05,271,3750,20.56,해운사,KOSPI
004870,50.0,,,,-36.0,,,,,89.15,258,1141,10.81,건축자재,KOSPI
071950,622.0,,,,-57.0,,,,,213.32,265,1835,,가구,KOSPI
006345,6245.0,,,,94.0,,,,0.6795,162.83,257,9810,8.98,전기장비,KOSPI
030720,1726.0,,,,88.0,,,,1.0,390.11,260,5590,,식품,KOSPI
002355,31896.0,34771.0,36194.73,37908.85,1703.0,1758.0,2107.07,2357.92,0.9968,12956.47,254,3910,8.15,자동차부품,KOSPI
005360,1310.0,,,,-59.0,,,,,683.29,256,1353,,문구류,KOSPI
009310,598.0,,,,-75.0,,,,,-1965.41,233,5330,,디스플레이장비및부품,KOSPI
003495,252255.0,282575.0,280124.27,287559.09,11136.0,11594.0,22211.36,25969.91,1.0,192096.56,245,22100,8.32,항공사,KOSPI
002070,2224.0,,,,-50.0,,,,,852.93,249,5180,,"섬유,의류,신발,호화품",KOSPI
000040,138.0,,,,-29.0,,,,,577.08,226,1310,,자동차,KOSPI
093240,1667.0,1778.04,,,66.0,84.15,,,1.0,526.73,229,373,22.77,"섬유,의류,신발,호화품",KOSPI
004270,775.0,,,,2.0,,,,1.0,685.54,225,4940,,전자장비와기기,KOSPI
008775,40683.0,40123.0,41498.31,43757.33,135.0,1976.0,2457.92,2836.08,1.0,9742.49,219,29100,30.43,백화점과일반상점,KOSPI
012170,59.0,,,,-43.0,,,,,-111.51,208,2845,,방송과엔터테인먼트,KOSPI
001420,149.0,,,,-10.0,,,,,-346.27,212,2790,,자동차부품,KOSPI
015020,164.0,,,,-4.0,,,,,315.28,199,928,,부동산,KOSPI
001685,44013.0,44434.0,45805.0,,1693.0,1919.0,2028.0,,0.9861,10797.32,203,14780,11.14,식품,KOSPI
108675,31787.0,34312.0,34719.33,36103.0,131.0,1398.0,1256.67,1398.0,1.0,4705.06,197,19110,7.06,건축자재,KOSPI
002820,2724.0,,,,-179.0,,,,,1460.62,205,1701,,종이와목재,KOSPI
008600,1883.0,,,,-210.0,,,,,1445.61,176,2620,,"섬유,의류,신발,호화품",KOSPI
009440,860.0,,,,-16.0,,,,1.0,46.45,176,756,,상업서비스와공급품,KOSPI
001770,1004.0,,,,27.0,,,,,32.25,192,15830,232.95,철강,KOSPI
002360,986.0,,,,-122.0,,,,,20.91,178,1604,,화학,KOSPI
006200,2759.0,,,,-141.0,,,,,-300.65,167,1788,,반도체와반도체장비,KOSPI
005725,35865.0,,,,2042.0,,,,0.5127,12586.84,156,4335,5.72,자동차부품,KOSPI
002025,58861.0,,,,605.0,,,,1.0,23440.16,156,13450,27.83,복합기업,KOSPI
011090,2152.0,,,,5.0,,,,0.9903,282.75,152,1278,,가구,KOSPI
005257,24515.0,,,,362.0,,,,,15833.53,150,17690,,제약,KOSPI
044380,626.0,,,,-17.0,,,,,-102.53,140,1009,,컴퓨터와주변기기,KOSPI
000087,24986.0,24573.0,25063.43,25629.17,1723.0,1911.0,2027.0,2160.83,1.0,7752.29,140,12390,44.98,음료,KOSPI
001795,13563.0,,,,566.0,,,,0.9985,893.29,142,2190,9.39,식품,KOSPI
024890,1264.0,,,,9.0,,,,0.996,728.69,144,1747,,"섬유,의류,신발,호화품",KOSPI
019685,6500.0,,,,-34.0,,,,0.2,1202.38,116,598,,교육서비스,KOSPI
015260,1175.0,,,,-73.0,,,,,495.43,128,271,,전자장비와기기,KOSPI
145995,25625.0,,,,1117.0,,,,0.8903,6948.15,123,33200,4.46,식품,KOSPI
084695,56288.0,,,,1998.0,,,,0.2547,14733.49,112,12230,23.46,식품,KOSPI
004255,4503.0,,,,236.0,,,,1.0,895.37,99,1870,8.75,포장재,KOSPI
004105,6202.0,,,,224.0,,,,1.0,2328.18,107,3240,2087.84,자동차부품,KOSPI
145210,802.0,,,,-6.0,,,,,395.49,95,2240,,자동차부품,KOSPI
001067,7753.0,,,,945.0,,,,1.0,-303.34,103,48900,23.92,제약,KOSPI
003075,26844.0,29268.0,32974.0,35060.0,37.0,1313.0,1531.0,1770.0,0.9925,7995.13,98,13180,801.71,건설,KOSPI
001755,9090.0,,,,753.0,,,,,,91,19280,3.5,증권,KOSPI
000225,1409.0,,,,110.0,,,,0.8944,1.91,82,3635,,제약,KOSPI
001515,14047.0,,,,78.0,,,,1.0,,81,4140,119.72,증권,KOSPI
001065,7753.0,,,,945.0,,,,1.0,-303.34,77,22650,23.92,제약,KOSPI
000325,12393.0,,,,645.0,,,,0.5537,-1102.96,67,27500,6.09,건축자재,KOSPI
004985,12163.0,,,,437.0,,,,0.9988,4230.66,64,8720,3.22,건축자재,KOSPI
012205,3898.0,,,,-271.0,,,,,1119.45,61,5220,,자동차부품,KOSPI
004835,1465.0,,,,62.0,,,,1.0,87.73,59,4250,23.82,"섬유,의류,신발,호화품",KOSPI
002995,20185.0,21520.0,23570.0,24780.0,471.0,750.0,1040.0,1300.0,0.9932,14.34,59,20300,174.44,건설,KOSPI
002785,5764.0,,,,-230.0,,,,,-641.95,11,1336,0.37,건설,KOSPI
000545,35328.0,,,,1875.0,,,,,,45,5800,0.68,손해보험,KOSPI
002787,5764.0,,,,-230.0,,,,,-641.95,9,2895,0.37,건설,KOSPI
090355,7711.0,,,,302.0,,,,1.0,-445.63,54,11600,6.79,건축자재,KOSPI
009415,21745.0,,,,528.0,,,,0.666,9516.19,42,6450,,건설,KOSPI
005965,17586.0,,,,426.0,,,,1.0,4260.97,39,17070,,건설,KOSPI
000145,24845.0,,,,1833.0,,,,0.4896,13971.48,44,9280,230.21,음료,KOSPI
014825,13729.0,,,,662.0,,,,0.999,2862.38,38,14450,15.72,포장재,KOSPI
007575,2724.0,,,,50.0,,,,0.968,868.05,34,7740,,제약,KOSPI
014915,537.0,,,,17.0,,,,0.9921,211.19,28,4655,,전기제품,KOSPI
005745,10699.0,,,,573.0,,,,0.5442,2039.07,32,5250,4.3,식품,KOSPI
008355,2589.0,,,,-33.0,,,,,226.09,22,7280,,비철금속,KOSPI
004415,686.0,,,,-5.0,,,,,208.29,12,5480,,식품,KOSPI
004545,5082.0,,,,-226.0,,,,,3351.1,15,4200,,종이와목재,KOSPI
000227,1409.0,,,,110.0,,,,0.8944,1.91,24,7580,,제약,KOSPI
011155,1921.0,,,,-9.0,,,,1.0,411.51,13,6530,23.95,식품,KOSPI
014285,8022.0,,,,105.0,,,,0.3276,4530.75,31,5310,4.43,건축제품,KOSPI
001525,6306.0,,,,-207.0,,,,0.9903,3461.53,23,8900,13.16,건축자재,KOSPI
240810,9098.0,12440.0,16171.57,19240.71,738.0,1794.0,2739.67,3478.33,1.0,-3952.03,56348,114800,,반도체와반도체장비,KOSDAQ
001527,6306.0,,,,-207.0,,,,0.9903,3461.53,12,6030,13.16,건축자재,KOSPI
247540,25316.0,25721.0,36111.86,49413.92,1433.0,812.0,1589.93,2734.0,0.6427,24138.84,103700,106000,,전기제품,KOSDAQ
036930,3107.0,3571.0,5381.0,7559.5,313.0,484.0,1371.5,2472.0,1.0,-786.83,82876,178300,48.53,반도체와반도체장비,KOSDAQ
196170,2159.0,4604.0,6661.0,8544.75,1069.0,2886.0,4519.25,6203.0,0.9899,-3420.94,200955,288500,,생물공학,KOSDAQ
086520,34130.0,,,,2138.0,,,,0.3772,36725.13,111880,82400,336.78,화학,KOSDAQ
039030,3809.0,4913.0,6484.0,7113.5,808.0,1332.0,2143.5,2373.0,0.9954,-3307.95,54576,443000,51.43,반도체와반도체장비,KOSDAQ
277810,341.0,710.0,1590.0,3140.0,-25.0,120.0,670.0,1310.0,1.0,-555.04,89045,459000,,기계,KOSDAQ
403870,1730.0,2484.0,3668.4,4442.8,899.0,1381.0,2070.8,2553.8,,-2108.04,41808,50800,44.33,반도체와반도체장비,KOSDAQ
058470,3725.0,4608.0,5490.0,6394.0,1770.0,2250.0,2676.25,3109.5,,-4266.01,50757,66600,27.83,반도체와반도체장비,KOSDAQ
028300,842.0,,,,-1042.0,,,,,2425.88,44954,33750,,건강관리장비와용품,KOSDAQ
214450,5363.0,6976.0,8505.94,10193.07,2144.0,2717.0,3382.94,4073.6,0.9918,-3746.45,40156,386500,14.64,건강관리장비와용품,KOSDAQ
222800,14106.0,20827.0,25013.25,28930.88,119.0,2538.0,4227.5,5469.5,0.9993,6473.13,44772,117900,,전자장비와기기,KOSDAQ
108490,389.0,634.0,1179.63,2059.57,33.0,-23.0,237.88,510.14,0.9827,-2343.16,44661,304500,,기계,KOSDAQ
095340,2202.0,3137.0,4036.86,4951.67,601.0,1029.0,1430.14,1766.5,0.997,-3589.93,38579,182000,111.45,반도체와반도체장비,KOSDAQ
298380,793.0,,,,-404.0,,,,,-1116.35,39975,71400,,생물공학,KOSDAQ
000250,2318.0,,,,85.0,,,,0.4374,-505.42,36828,157000,,제약,KOSDAQ
141080,1416.0,1742.0,2848.0,3702.0,-1065.0,-1216.0,-1287.67,522.5,1.0,-3790.96,34058,92000,,제약,KOSDAQ
440110,924.0,3853.0,7711.0,9809.0,-655.0,880.0,2170.0,2874.0,0.9985,-155.41,33725,67300,,반도체와반도체장비,KOSDAQ
319660,4572.0,6807.0,8274.17,9453.6,885.0,1857.0,2321.5,2609.8,1.0,-2703.36,36643,126500,11.61,반도체와반도체장비,KOSDAQ
087010,56.0,,,,-213.0,,,,,-440.15,36678,157300,,생물공학,KOSDAQ
257720,11163.0,16115.0,20532.3,24818.44,2054.0,2960.0,3772.7,4604.44,1.0,505.01,31477,48000,12.23,인터넷과카탈로그소매,KOSDAQ
084370,3503.0,5000.0,6717.0,7240.0,517.0,1023.0,1669.0,1800.0,0.9804,-3301.69,31280,136500,38.26,반도체와반도체장비,KOSDAQ
031980,2078.0,2748.0,3725.0,4604.33,734.0,1086.0,1513.33,1910.33,1.0,-2002.49,31050,144000,13.61,반도체와반도체장비,KOSDAQ
145020,4251.0,5382.0,6581.07,8019.5,2009.0,2191.0,2843.4,3633.79,0.966,-5775.76,30537,244000,19.88,생물공학,KOSDAQ
095610,3511.0,4743.0,6083.86,7621.0,578.0,1042.0,1409.83,1870.8,1.0,-1629.64,28420,146800,253.73,반도체와반도체장비,KOSDAQ
310210,75.0,,,,-544.0,,,,,-588.45,28341,153000,,제약,KOSDAQ
131290,4289.0,6942.0,8712.75,10575.33,492.0,1876.0,2419.75,3054.0,0.9009,-732.88,26160,236500,4523.94,반도체와반도체장비,KOSDAQ
064760,3013.0,4082.0,5026.57,6053.86,839.0,1234.0,1666.14,2046.14,,-2920.01,28172,252000,21.22,반도체와반도체장비,KOSDAQ
357780,9234.0,12066.0,14739.86,17366.0,1336.0,2034.0,2731.29,3573.67,0.9607,-2201.36,25280,325000,18.14,반도체와반도체장비,KOSDAQ
319400,3939.0,,,,182.0,,,,1.0,409.52,24558,22050,94.17,기계,KOSDAQ
067310,15344.0,24401.0,27838.67,30083.5,1277.0,3827.0,4226.0,4731.0,0.7969,9297.05,23172,34850,,반도체와반도체장비,KOSDAQ
214370,728.0,,,,204.0,,,,1.0,-355.61,23903,44500,36.99,건강관리업체및서비스,KOSDAQ
080220,3022.0,,,,359.0,,,,1.0,-135.3,24730,71800,28.21,반도체와반도체장비,KOSDAQ
347850,43.0,,,,-340.0,,,,1.0,-371.64,22552,49200,,생물공학,KOSDAQ
263750,3656.0,7995.0,4644.67,6227.0,-148.0,3930.0,1404.83,2262.8,1.0,-6477.65,21681,34500,163.71,게임엔터테인먼트,KOSDAQ
178320,10663.0,18407.0,24342.33,28006.0,11.0,635.0,2904.0,3491.5,0.9947,12855.38,21418,33650,,전기장비,KOSDAQ
140410,79.0,,,,-168.0,,,,,-229.92,19904,65000,,식품,KOSDAQ
214150,3368.0,4401.0,5552.44,6767.81,1706.0,1925.0,2548.88,3206.56,1.0,122.67,20745,31800,32.94,건강관리장비와용품,KOSDAQ
058610,3417.0,3597.0,3990.4,4706.5,179.0,212.0,283.2,343.25,0.942,302.52,20891,94200,72.61,전기제품,KOSDAQ
237690,3317.0,4177.0,5185.77,6217.31,549.0,753.0,1028.46,1336.31,0.9958,-901.33,21127,101200,65.13,제약,KOSDAQ
005290,11941.0,,,,1724.0,,,,1.0,1638.29,20515,40250,15.63,반도체와반도체장비,KOSDAQ
083650,7741.0,11694.0,14322.33,17089.5,755.0,1463.0,1764.0,2224.0,1.0,59.88,18567,60000,30.38,에너지장비및서비스,KOSDAQ
010170,1394.0,2034.0,2565.67,3115.5,-214.0,37.0,180.0,246.0,1.0,729.23,20229,13010,,통신장비,KOSDAQ
226950,147.0,,,,-300.0,,,,,-1933.29,20199,95900,,생명과학도구및서비스,KOSDAQ
140860,2056.0,2409.0,2863.13,3329.0,422.0,502.0,666.88,803.0,0.9994,-346.99,18381,262500,49.15,전자장비와기기,KOSDAQ
098460,2326.0,3426.0,4004.6,4448.14,173.0,566.0,740.99,904.0,0.9997,-1345.74,19029,27900,51.82,전자장비와기기,KOSDAQ
032820,871.0,,,,-55.0,,,,0.9994,1661.95,18367,10630,38.81,우주항공과국방,KOSDAQ
030530,6230.0,,,,-4.0,,,,0.543,3696.65,17379,22500,,반도체와반도체장비,KOSDAQ
041510,11749.0,12605.0,13713.35,14738.93,1830.0,1880.0,2167.59,2421.2,0.931,-4490.5,18087,79000,25.14,방송과엔터테인먼트,KOSDAQ
089030,1591.0,3718.0,5597.0,,158.0,985.0,1729.0,,1.0,2756.07,17452,47100,,반도체와반도체장비,KOSDAQ
950160,52.0,60.0,60.0,1010.0,-223.0,-290.0,-450.0,-300.0,,-325.66,14530,17100,,생물공학,KOSDAQ
068760,5364.0,6110.0,7030.0,8010.0,561.0,700.0,860.0,1000.0,,363.36,18138,40850,180.37,제약,KOSDAQ
060370,2442.0,3249.0,4433.5,5281.5,70.0,191.0,534.5,807.0,1.0,-1998.23,16142,30900,24.62,건설,KOSDAQ
096530,4742.0,5486.0,6201.5,7082.0,346.0,900.0,1113.5,1308.0,1.0,-4522.55,16660,31900,1787.67,생명과학도구및서비스,KOSDAQ
007390,207.0,,,,-36.0,,,,1.0,-15.12,15432,23950,,생물공학,KOSDAQ
039200,998.0,750.0,680.0,1210.0,521.0,220.0,130.0,620.0,0.5492,-1928.59,14002,36600,,제약,KOSDAQ
035900,8219.0,8226.0,8813.61,8919.47,1552.0,1525.0,1673.11,1679.33,1.0,-3545.21,13964,39300,34.1,방송과엔터테인먼트,KOSDAQ
131970,3039.0,3382.0,4734.75,5320.75,-9.0,384.0,1036.5,1289.5,,1144.96,14360,74300,20.64,반도체와반도체장비,KOSDAQ
241710,6409.0,8430.0,9733.11,11090.5,835.0,1144.0,1366.67,1595.38,0.8604,1419.95,14365,134500,17.37,화장품,KOSDAQ
089970,1444.0,3108.0,4202.0,4814.33,247.0,922.0,1380.0,1638.67,1.0,-1895.97,13901,52800,,반도체와반도체장비,KOSDAQ
323280,379.0,,,,-25.0,,,,1.0,196.6,13696,44850,,전자장비와기기,KOSDAQ
078600,2546.0,4116.0,5463.0,7180.0,207.0,397.0,519.0,660.0,0.9886,2444.42,13286,84600,1924.29,전자장비와기기,KOSDAQ
082920,2431.0,3073.0,3618.0,4129.0,693.0,896.0,1048.33,1216.0,1.0,-1487.02,13452,29800,9.94,전기제품,KOSDAQ
290650,855.0,1640.0,2293.0,2992.5,44.0,377.0,665.67,968.5,0.934,222.33,12918,47900,4.0,건강관리장비와용품,KOSDAQ
183300,6041.0,7100.0,8430.0,9870.0,1110.0,1200.0,1600.0,2000.0,0.6429,5404.46,12892,25100,21.02,반도체와반도체장비,KOSDAQ
218410,1858.0,2642.0,3514.33,3806.0,309.0,552.0,797.67,899.5,0.9021,-1392.21,12836,48300,27.69,통신장비,KOSDAQ
003380,132149.0,147130.0,155530.0,163450.0,8874.0,10240.0,11010.0,11740.0,0.4958,80504.36,12343,11020,23.49,식품,KOSDAQ
420770,524.0,969.0,2044.57,1987.8,121.0,313.0,893.98,846.0,0.9333,-1146.44,12828,101200,26.88,반도체와반도체장비,KOSDAQ
475830,0.24,,,,-518.0,,,,1.0,-1557.02,12141,55900,,제약,KOSDAQ
127120,193.0,,,,-125.0,,,,,-86.33,12310,33600,,생명과학도구및서비스,KOSDAQ
195940,10632.0,10985.0,11700.64,12477.33,1109.0,1304.0,1479.07,1684.33,,3357.6,11913,42050,26.75,제약,KOSDAQ
043260,2316.0,2917.0,4956.33,8302.67,76.0,437.0,1076.67,2273.0,1.0,6168.31,11507,15670,4.22,전기제품,KOSDAQ
204270,1857.0,2000.0,5149.0,6055.0,-780.0,-432.0,1080.0,1404.0,1.0,2295.93,11066,19130,39.18,핸드셋,KOSDAQ
347700,956.0,2700.0,4521.5,5780.0,91.0,142.0,572.5,940.0,1.0,2533.02,10063,19520,,우주항공과국방,KOSDAQ
437730,950.0,,,,8.0,,,,1.0,-167.8,10321,32550,33.56,자동차부품,KOSDAQ
166090,2735.0,3774.0,4577.0,5256.0,501.0,987.0,1307.0,1500.0,0.9998,716.46,9869,49900,29.0,반도체와반도체장비,KOSDAQ
232140,2726.0,3788.0,4675.6,5697.5,170.0,550.0,732.8,1020.25,0.6048,-630.51,9624,11730,30.23,반도체와반도체장비,KOSDAQ
293490,4650.0,3427.0,6353.33,6127.71,-396.0,-876.0,579.89,288.14,1.0,386.6,9639,9030,,게임엔터테인먼트,KOSDAQ
086450,9269.0,10501.0,11838.0,13214.0,966.0,1093.0,1273.0,1384.5,0.9598,-512.75,9770,21600,15.49,제약,KOSDAQ
036540,3674.0,5514.0,7791.25,8305.0,-196.0,-23.0,755.0,730.0,0.996,-36.31,9226,5610,,반도체와반도체장비,KOSDAQ
036830,5566.0,,,,89.0,,,,0.9835,2251.22,8837,43100,10.21,전기제품,KOSDAQ
491000,512.0,697.0,1639.0,2708.0,-226.0,-331.0,-65.0,364.0,1.0,-509.08,8713,34500,,건강관리장비와용품,KOSDAQ
356860,2585.0,3698.0,4699.3,6777.56,260.0,576.0,850.2,1314.78,1.0,817.37,8805,37150,124.09,반도체와반도체장비,KOSDAQ
115180,70.0,,,,-298.0,,,,,110.43,8652,23050,,제약,KOSDAQ
101490,2437.0,,,,504.0,,,,1.0,-419.28,8545,40050,37.58,반도체와반도체장비,KOSDAQ
033790,2648.0,,,,88.0,,,,,-681.81,8499,10200,,전기제품,KOSDAQ
252990,780.0,1231.0,1587.33,1941.0,147.0,348.0,465.33,589.67,,-186.89,8226,13660,,반도체와반도체장비,KOSDAQ
056190,16310.0,16952.0,19774.33,21506.67,859.0,1285.0,1785.33,2004.67,0.9035,-1321.51,8510,23700,27.31,기계,KOSDAQ
041830,2339.0,2870.0,3403.8,3946.4,368.0,574.0,707.4,855.8,1.0,-1370.02,8237,61100,9.45,건강관리장비와용품,KOSDAQ
065350,9454.0,,,,277.0,,,,0.8971,3139.82,8493,30900,90.27,가정용기기와용품,KOSDAQ
100790,2398.0,,,,351.0,,,,1.0,,7957,14980,12.65,창업투자,KOSDAQ
031330,37566.0,,,,1139.0,,,,1.0,8764.27,7970,7970,8.33,전자장비와기기,KOSDAQ
445680,52.0,61.0,,,-123.0,-122.0,,,,-99.84,8201,47650,,생명과학도구및서비스,KOSDAQ
124500,88708.0,106818.0,,,2799.0,2883.0,,,0.2549,-865.01,8272,35650,234.43,IT서비스,KOSDAQ
014620,2457.0,2747.0,3386.33,3609.0,420.0,479.0,661.0,733.67,1.0,-1382.0,8193,30850,8.88,기계,KOSDAQ
458870,482.0,1291.0,1712.38,2183.0,163.0,565.0,773.54,1015.4,1.0,-207.13,8187,21350,,건강관리기술,KOSDAQ
213420,3443.0,4497.0,5307.75,5898.0,607.0,943.0,1091.0,1274.25,0.9325,-308.98,8008,32250,30.86,디스플레이장비및부품,KOSDAQ
038500,6769.0,,,,766.0,,,,1.0,4112.72,7781,7210,9.99,건축자재,KOSDAQ
950260,,,,,-331.92,,,,,-120.49,7703,15580,,생물공학,KOSDAQ
083450,3472.0,4415.0,5227.5,5845.0,592.0,764.0,945.5,1080.5,0.9991,-1230.35,7925,43000,7.2,반도체와반도체장비,KOSDAQ
122870,5454.0,6331.0,5666.29,6008.79,713.0,774.0,709.94,831.43,0.8328,-2460.68,7841,41950,15.49,방송과엔터테인먼트,KOSDAQ
099320,2069.0,2389.0,3203.0,3598.0,102.0,205.0,426.5,554.0,0.6522,-606.71,7743,70700,6.47,우주항공과국방,KOSDAQ
476830,79.0,,,,-146.0,,,,,-342.25,7912,28200,,생물공학,KOSDAQ
032190,180520.0,,,,15999.0,,,,0.2,-483882.0,7660,20000,8.3,증권,KOSDAQ
090710,1683.0,,,,-173.0,,,,,-77.4,7496,6270,,기계,KOSDAQ
388720,369.0,,,,-126.0,,,,,-93.69,7658,65000,,기계,KOSDAQ
417200,1536.0,,,,-1.0,,,,0.9968,90.69,7415,10960,207.43,전기제품,KOSDAQ
225570,1793.0,,,,-602.0,,,,0.9999,-552.43,7640,11600,87.24,게임엔터테인먼트,KOSDAQ
085660,12683.0,,,,-488.0,,,,,4524.05,7522,8090,,건강관리업체및서비스,KOSDAQ
281740,1412.0,,,,133.0,,,,0.9853,1714.88,7270,11060,47.26,화학,KOSDAQ
119850,2626.0,3057.0,4005.33,5124.0,494.0,425.0,731.0,1066.0,0.9385,-816.73,7386,44900,6.15,전기장비,KOSDAQ
476060,534.0,1112.0,1533.0,1973.0,126.0,258.0,483.0,733.0,,-623.45,7465,16440,,제약,KOSDAQ
090360,757.0,,,,-57.0,,,,1.0,-309.73,7449,76400,418.94,기계,KOSDAQ
035760,51345.0,52436.0,56131.75,57883.13,1329.0,1324.0,2114.58,2544.25,1.0,18985.16,7248,33050,,방송과엔터테인먼트,KOSDAQ
006730,2483.0,3076.0,,,703.0,863.0,,,,11387.83,7205,11210,3.51,"호텔,레스토랑,레저",KOSDAQ
388210,1606.0,2054.0,2904.0,3606.33,518.0,675.0,983.5,1291.0,0.9604,-378.41,7222,74800,,반도체와반도체장비,KOSDAQ
041960,525.0,,,,20.0,,,,0.8926,139.81,7174,9710,,제약,KOSDAQ
033100,2240.0,,,,670.0,,,,,-1533.75,7124,44350,5.71,전기장비,KOSDAQ
137400,7449.0,7600.0,9520.0,10770.0,956.0,750.0,1180.0,1400.0,0.9003,2517.07,6977,29450,17.95,전기제품,KOSDAQ
251970,3720.0,4481.0,5083.65,5662.0,565.0,732.0,868.45,1002.0,0.7961,-1209.86,6857,55300,11.0,포장재,KOSDAQ
171090,5158.0,4347.0,5919.33,6984.0,1115.0,940.0,1379.0,1702.67,0.9446,-858.36,6806,67200,,디스플레이장비및부품,KOSDAQ
074600,9436.0,10971.0,12512.0,14229.0,596.0,1166.0,1503.67,1701.67,0.9458,7630.57,6769,25750,19.78,반도체와반도체장비,KOSDAQ
189300,3196.0,4009.0,4817.6,5842.75,120.0,366.0,564.12,907.25,1.0,1416.05,6775,63100,131.8,통신장비,KOSDAQ
328130,831.0,,,,-831.0,,,,,-731.65,6701,9000,,건강관리기술,KOSDAQ
023160,2970.0,3300.0,4119.67,4319.0,387.0,462.0,790.33,732.0,0.9276,-2775.83,6764,26150,7.09,기계,KOSDAQ
093320,1592.0,,,,239.0,,,,0.8733,98.98,6666,136600,19.71,IT서비스,KOSDAQ
425420,1117.0,1668.0,2085.0,2704.0,191.0,358.0,510.5,699.0,0.9889,-568.41,6507,52700,36.88,반도체와반도체장비,KOSDAQ
253450,5307.0,5849.0,6467.33,6947.33,304.0,474.0,589.75,686.11,1.0,110.4,6508,21650,51.46,방송과엔터테인먼트,KOSDAQ
044490,3497.0,3878.0,4400.0,4900.0,50.0,300.0,441.0,533.0,,457.06,6482,32400,9.95,에너지장비및서비스,KOSDAQ
060250,12349.0,15054.0,16756.6,18286.6,547.0,613.0,714.0,794.6,0.995,-3073.46,6333,15770,11.7,IT서비스,KOSDAQ
053800,2677.0,,,,333.0,,,,1.0,-2977.41,6420,57700,19.26,소프트웨어,KOSDAQ
456160,4.0,,,,-122.0,,,,,-1743.1,6311,37950,,제약,KOSDAQ
466100,414.0,,,,-32.0,,,,,-372.16,6276,24650,,기계,KOSDAQ
327260,641.0,1011.0,1401.0,1867.75,74.0,185.0,281.25,412.25,0.89,-467.19,6125,34050,,우주항공과국방,KOSDAQ
032500,975.0,1036.0,2703.0,5522.0,-238.0,-202.0,577.5,1897.0,1.0,156.42,6181,14650,,통신장비,KOSDAQ
094170,1276.0,1280.0,1401.0,1509.0,24.0,15.0,96.0,111.0,,-571.58,6137,29350,14.8,반도체와반도체장비,KOSDAQ
161580,1034.0,,,,-349.0,,,,0.7447,279.09,6048,25800,,전자장비와기기,KOSDAQ
059090,9770.0,,,,1010.0,,,,0.3936,9044.79,6035,18060,,반도체와반도체장비,KOSDAQ
122640,871.0,1459.0,2416.67,3141.0,38.0,266.0,668.33,987.0,0.9769,430.58,5878,27150,,반도체와반도체장비,KOSDAQ
048410,35.0,,,,-182.0,,,,,-197.81,5993,6210,,화장품,KOSDAQ
222080,4072.0,,,,335.0,,,,1.0,-2279.32,5872,7550,25.34,전기제품,KOSDAQ
160190,735.0,,,,-89.0,,,,0.9936,-375.23,5924,19180,,기계,KOSDAQ
102710,6709.0,7570.0,8750.0,9785.0,781.0,975.0,1205.0,1467.0,0.9867,998.82,5994,41950,,반도체와반도체장비,KOSDAQ
295310,665.0,1058.0,1590.33,2657.0,58.0,175.0,309.33,620.0,,-134.68,5959,48450,,비철금속,KOSDAQ
025980,2581.0,,,,83.0,,,,0.4757,5657.45,5556,5710,5.8,"호텔,레스토랑,레저",KOSDAQ
052020,70.0,,,,-235.0,,,,,-490.76,5473,8050,,판매업체,KOSDAQ
046890,10135.0,11334.0,11976.0,12510.0,-315.0,148.0,281.0,360.0,0.7649,796.21,5586,9580,,디스플레이장비및부품,KOSDAQ
121600,1117.0,,,,47.0,,,,1.0,-655.77,5763,47000,88.0,화학,KOSDAQ
079940,3357.0,,,,405.0,,,,0.5075,858.45,5690,42400,14.13,IT서비스,KOSDAQ
052400,3092.0,3479.0,4068.33,4613.67,889.0,1098.0,1310.0,1529.33,1.0,-2478.78,5505,37800,9.2,IT서비스,KOSDAQ
024850,323.0,,,,-376.0,,,,,-153.62,5290,16660,,반도체와반도체장비,KOSDAQ
019210,6394.0,8890.0,,,665.0,1910.0,,,0.9983,6598.94,5304,14260,8.39,기계,KOSDAQ
041190,1629.0,,,,1381.0,,,,1.0,,5225,6220,4.43,창업투자,KOSDAQ
053610,2305.0,2798.0,3125.5,3410.5,463.0,751.0,839.5,933.0,1.0,-1301.82,5400,60000,24.36,반도체와반도체장비,KOSDAQ
036810,2803.0,,,,-5.0,,,,,2291.71,5532,25550,,반도체와반도체장비,KOSDAQ
064290,898.0,1060.0,1686.8,2145.0,-37.0,70.0,413.0,562.33,0.9675,170.81,5202,40150,,반도체와반도체장비,KOSDAQ
009520,3574.0,,,,10.0,,,,,-390.98,5268,12650,251.48,철강,KOSDAQ
050890,2948.0,3357.0,3798.0,4436.0,333.0,357.0,454.0,634.0,1.0,57.03,5176,8520,9.08,통신장비,KOSDAQ
358570,58.0,,,,-407.0,,,,,-373.18,5219,8090,,생물공학,KOSDAQ
211050,10218.0,,,,948.0,,,,1.0,106.39,5247,10650,5.52,손해보험,KOSDAQ
045100,11182.0,,,,537.0,,,,1.0,-1968.87,5224,29850,3.61,반도체와반도체장비,KOSDAQ
253590,639.0,1258.0,1678.85,2300.0,41.0,279.0,389.4,536.0,1.0,-362.79,4953,11290,37.87,반도체와반도체장비,KOSDAQ
033500,7422.0,8223.0,8962.0,9606.0,726.0,1134.0,1332.0,1565.0,1.0,-499.7,5146,17160,12.27,화학,KOSDAQ
112040,6140.0,,,,107.0,,,,1.0,-1325.67,5133,15120,,게임엔터테인먼트,KOSDAQ
399720,685.0,,,,-167.0,,,,1.0,-376.14,4993,42100,103.58,반도체와반도체장비,KOSDAQ
086900,2473.0,2717.0,3006.67,3323.0,170.0,294.0,386.33,522.0,1.0,766.53,5080,69600,189.7,생물공학,KOSDAQ
490470,1210.0,2168.0,3064.0,4348.0,-534.0,-35.0,358.0,690.0,1.0,-924.55,4930,14490,,반도체와반도체장비,KOSDAQ
033640,5214.0,5856.0,7077.0,8040.0,238.0,502.0,934.0,1340.0,0.6984,2104.86,4969,21550,,반도체와반도체장비,KOSDAQ
397030,22.0,80.0,310.0,260.0,-73.0,-50.0,170.0,110.0,,-801.97,4905,17800,,제약,KOSDAQ
037460,42911.0,,,,1624.0,,,,0.6393,8288.76,4896,30000,4.38,통신장비,KOSDAQ
035890,11001.0,,,,1444.0,,,,1.0,-4931.72,4826,2325,4.39,건설,KOSDAQ
101160,2918.0,,,,585.0,,,,1.0,-1961.41,4871,29500,7.85,반도체와반도체장비,KOSDAQ
278280,1338.0,2016.0,2600.67,3187.0,37.0,-91.0,208.33,336.33,0.9386,2124.06,4864,39700,,전기제품,KOSDAQ
383310,1411.0,2057.0,3060.0,3519.0,117.0,336.0,627.0,792.0,1.0,-373.1,4814,22950,33.34,상업서비스와공급품,KOSDAQ
365340,1946.0,3290.0,4191.5,4837.5,-545.0,189.0,270.5,357.0,0.8914,4102.47,4807,37200,52.77,전기제품,KOSDAQ
015750,43827.0,,,,2427.0,,,,0.949,12602.2,4776,5970,4.46,자동차부품,KOSDAQ
340570,1642.0,1928.0,2233.5,2594.0,464.0,726.0,861.5,1015.0,1.0,-1021.16,4765,29650,11.86,건강관리장비와용품,KOSDAQ
099190,3154.0,3384.0,3831.0,4294.0,79.0,142.0,238.0,325.0,1.0,988.15,4736,16470,212.12,건강관리장비와용품,KOSDAQ
034950,1098.0,,,,343.0,,,,0.8587,-954.91,4718,103900,17.02,상업서비스와공급품,KOSDAQ
077360,2364.0,3528.0,4369.8,5118.33,28.0,337.0,569.6,775.67,0.9835,2422.87,4571,10060,57.48,반도체와반도체장비,KOSDAQ
460930,2482.0,,,,288.0,,,,1.0,-50.57,4709,13260,28.24,조선,KOSDAQ
082270,815.0,,,,38.0,,,,,406.8,4675,10560,,반도체와반도체장비,KOSDAQ
336570,1568.0,1888.0,2182.0,2615.0,517.0,478.0,559.0,675.0,1.0,-858.24,4379,4905,21.17,건강관리장비와용품,KOSDAQ
056080,282.0,,,,-50.0,,,,,-197.8,4546,11890,,기계,KOSDAQ
348370,3128.0,,,,-784.0,,,,,2450.6,4536,20700,,전기제품,KOSDAQ
376900,262.0,535.0,,,5.0,-74.0,,,0.9984,-133.9,4422,25400,,건강관리장비와용품,KOSDAQ
092870,660.0,1331.0,1981.33,2786.5,1.0,213.0,382.67,674.5,0.9999,-176.49,4261,32650,39.97,반도체와반도체장비,KOSDAQ
174900,47.0,,,,-176.0,,,,,-289.37,4310,21600,,생물공학,KOSDAQ
018290,4372.0,5230.0,6100.0,6850.0,829.0,600.0,880.0,1060.0,0.9681,-680.69,4336,12410,21.04,화장품,KOSDAQ
067160,4666.0,4481.0,4628.0,4930.5,1248.0,931.0,1019.6,1154.75,0.9848,-4802.39,4374,38050,13.19,양방향미디어와서비스,KOSDAQ
214430,1243.0,1455.0,1989.0,2308.0,165.0,201.0,283.0,369.0,,-514.69,4370,59800,17.96,우주항공과국방,KOSDAQ
376300,838.0,964.0,1043.78,1113.71,314.0,389.0,447.56,514.57,1.0,-1522.22,4287,18060,29.04,양방향미디어와서비스,KOSDAQ
439960,89.0,,,,-82.0,,,,,-162.25,4105,12650,,기계,KOSDAQ
126340,822.0,1428.0,2224.5,,18.0,62.0,216.0,,0.924,1115.56,4265,59400,142.34,전기장비,KOSDAQ
030520,3267.0,3873.0,4194.75,4413.5,364.0,497.0,589.25,635.5,1.0,-1085.14,4210,17410,23.54,소프트웨어,KOSDAQ
477850,115.0,232.0,434.0,,-80.0,-5.0,128.0,,1.0,-438.61,4137,23300,,소프트웨어,KOSDAQ
080580,944.0,1477.0,2374.0,3645.0,111.0,300.0,559.0,867.0,0.9938,178.21,4079,19340,155.39,반도체와반도체장비,KOSDAQ
272290,4396.0,4585.0,6222.0,8293.0,819.0,519.0,728.0,1086.0,1.0,1004.0,4077,20450,19.7,디스플레이장비및부품,KOSDAQ
104830,3225.0,3824.0,4561.67,5348.0,565.0,680.0,893.67,1128.0,0.9999,92.96,4035,32000,27.37,화학,KOSDAQ
348340,190.0,,,,-149.0,,,,,356.17,4036,17240,,기계,KOSDAQ
078130,678.0,,,,-5.0,,,,,-178.57,3980,3530,,종이와목재,KOSDAQ
125490,1559.0,2135.0,2505.0,2650.0,103.0,150.0,215.0,245.0,0.9965,797.46,3964,10860,165.42,자동차부품,KOSDAQ
013030,2146.0,,,,589.0,,,,0.9905,-2230.76,4025,34200,7.29,기계,KOSDAQ
064260,2254.0,,,,23.0,,,,1.0,1643.99,3934,5200,,IT서비스,KOSDAQ
368770,435.0,589.0,,,101.0,159.0,,,0.9864,-49.81,3860,11750,38.54,전자장비와기기,KOSDAQ
042000,3148.0,,,,402.0,,,,1.0,-1719.73,3898,16120,65.33,IT서비스,KOSDAQ
441270,2391.0,4569.0,6317.67,7704.0,19.0,286.0,539.0,630.0,1.0,1569.58,3946,9350,30.18,핸드셋,KOSDAQ
078340,6964.0,7105.0,7682.0,8041.14,26.0,401.0,670.38,772.86,1.0,516.61,3918,32400,15.92,게임엔터테인먼트,KOSDAQ
095660,4327.0,4186.0,4727.83,5170.0,600.0,347.0,507.67,650.2,1.0,-2864.96,3875,17910,12.06,게임엔터테인먼트,KOSDAQ
486990,131.0,280.0,340.0,370.0,-153.0,-40.0,20.0,60.0,1.0,-102.29,3859,18040,,IT서비스,KOSDAQ
144960,5780.0,7059.0,8068.0,9158.0,287.0,692.0,819.67,921.0,0.8596,1686.62,3827,8760,11.9,반도체와반도체장비,KOSDAQ
027360,507.0,,,,119.0,,,,1.0,,3858,3185,20.01,창업투자,KOSDAQ
219130,807.0,1305.0,1580.0,,72.0,252.0,340.0,,,-151.58,3814,60400,,반도체와반도체장비,KOSDAQ
170920,3104.0,4586.0,6687.5,8598.0,296.0,734.0,1174.0,1545.0,0.489,-460.06,3798,35950,,반도체와반도체장비,KOSDAQ
204620,1541.0,1921.0,2094.0,,290.0,350.0,407.0,,0.9786,-1474.55,3788,5390,,기타금융,KOSDAQ
241770,946.0,,,,154.0,,,,1.0,-553.22,3817,37450,,반도체와반도체장비,KOSDAQ
475960,113.0,200.0,346.0,660.0,-56.0,-22.0,18.0,195.0,1.0,-274.52,3787,28100,,생명과학도구및서비스,KOSDAQ
114810,1988.0,2333.0,2786.0,,333.0,427.0,613.0,,0.9727,-39.84,3757,13350,136.31,반도체와반도체장비,KOSDAQ
078020,22953.0,,,,222.0,,,,1.0,,3739,6740,9.84,증권,KOSDAQ
187660,93.0,,,,-74.0,,,,,49.44,3742,5850,,제약,KOSDAQ
089890,824.0,1790.0,2500.0,,174.0,390.0,650.0,,1.0,-264.81,3682,22200,25.67,반도체와반도체장비,KOSDAQ
092730,1322.0,1584.0,,,288.0,341.0,,,1.0,-1398.24,3678,22950,9.14,화장품,KOSDAQ
372320,,,,,-362.9,,,,,-223.46,3662,24050,,생물공학,KOSDAQ
215200,8849.0,8990.0,9177.0,9369.5,1210.0,1197.0,1230.5,1261.0,0.9548,-15.02,3659,35300,7.58,교육서비스,KOSDAQ
003800,3173.0,,,,541.0,,,,1.0,-1872.33,3638,32800,5.7,가구,KOSDAQ
025900,8296.0,9449.0,10762.0,12040.0,-138.0,-11.0,85.0,380.0,0.963,10010.7,3635,7190,,건축자재,KOSDAQ
236200,1373.0,1549.0,1793.33,2069.0,327.0,368.0,437.33,535.0,1.0,-1306.12,3627,52000,6.53,전자장비와기기,KOSDAQ
107640,1753.0,2293.0,3820.0,5000.0,40.0,-24.0,191.0,450.0,0.5584,1049.81,3608,39800,,전기장비,KOSDAQ
089010,6375.0,7820.0,8610.0,9320.0,232.0,440.0,590.0,840.0,0.9886,3817.36,3614,21550,,전자장비와기기,KOSDAQ
092190,7638.0,,,,2.0,,,,0.3929,2229.08,3569,7780,,디스플레이장비및부품,KOSDAQ
389470,29.0,,,,-284.0,,,,,-809.46,3566,26800,,제약,KOSDAQ
098120,1003.0,,,,177.0,,,,0.9951,-232.19,3533,42500,15.69,반도체와반도체장비,KOSDAQ
332570,1255.0,2928.0,3549.0,4170.0,39.0,308.0,404.0,498.0,0.9946,-511.43,3559,7620,5.69,핸드셋,KOSDAQ
234340,1874.0,2223.0,2506.5,2807.5,156.0,260.0,303.5,367.5,1.0,-2716.88,3528,25250,22.37,IT서비스,KOSDAQ
033160,14038.0,20871.0,30375.67,36760.0,142.0,1096.0,1739.0,2095.0,0.2,11783.65,3417,13910,,반도체와반도체장비,KOSDAQ
025320,2615.0,,,,68.0,,,,1.0,17.75,3554,3855,42.37,핸드셋,KOSDAQ
290550,4258.0,5282.0,7364.67,,216.0,336.0,578.33,,1.0,167.24,3360,16800,34.0,핸드셋,KOSDAQ
078160,737.0,,,,-680.0,,,,1.0,-333.15,3497,8920,37.98,생물공학,KOSDAQ
417840,483.0,1193.0,1555.14,,46.0,356.0,516.47,,1.0,138.93,3456,15110,,반도체와반도체장비,KOSDAQ
069080,1744.0,1567.0,1727.33,1857.0,297.0,225.0,256.0,258.67,1.0,-614.08,3468,11200,9.94,게임엔터테인먼트,KOSDAQ
393890,1108.0,,,,-1276.0,,,,1.0,8853.52,3408,10070,27.96,전기제품,KOSDAQ
159010,679.0,,,,-70.0,,,,1.0,414.75,3387,25400,38.83,기계,KOSDAQ
060280,745.0,,,,24.0,,,,1.0,-245.41,3354,8130,,건강관리장비와용품,KOSDAQ
101730,1488.0,,,,-487.0,,,,1.0,-732.87,3432,4095,72.75,게임엔터테인먼트,KOSDAQ
468530,30.0,,,,-114.0,,,,,-186.44,3415,30750,4.0,생물공학,KOSDAQ
006910,1475.0,,,,268.0,,,,,-533.29,3331,6780,36.86,전기장비,KOSDAQ
036800,10947.0,13638.0,16349.0,17846.0,553.0,776.0,993.0,1075.0,0.96,-2043.91,3308,7270,7.12,상업서비스와공급품,KOSDAQ
900290,9593.0,,,,1373.0,,,,0.7613,5324.61,3303,3955,6.63,화학,KOSDAQ
036620,2502.0,2930.0,3446.5,3923.5,446.0,542.0,671.5,796.5,,-119.75,3361,3740,11.81,"섬유,의류,신발,호화품",KOSDAQ
206650,1492.0,1350.0,,,607.0,450.0,,,,-627.03,3231,8790,,생물공학,KOSDAQ
356680,481.0,,,,38.0,,,,,-64.63,3263,11430,567.02,소프트웨어,KOSDAQ
215600,92.0,,,,-256.0,,,,,-659.39,3277,2365,,제약,KOSDAQ
067630,458.0,,,,-220.0,,,,0.9889,1490.9,3273,2685,,건강관리장비와용품,KOSDAQ
348210,669.0,827.0,1187.0,1503.0,-12.0,67.0,281.33,455.33,0.9898,603.27,3274,31250,22.69,반도체와반도체장비,KOSDAQ
018000,403.0,,,,-95.0,,,,,1036.33,3218,1240,,에너지장비및서비스,KOSDAQ
079370,3833.0,,,,-45.0,,,,0.9712,-12.47,3133,10100,48.79,반도체와반도체장비,KOSDAQ
069540,318.0,,,,-165.0,,,,,-57.55,3060,2715,,통신장비,KOSDAQ
200710,1645.0,2378.0,3052.0,3492.0,29.0,95.0,307.0,349.0,0.9879,101.24,3137,23300,,반도체와반도체장비,KOSDAQ
455900,46.0,,,,-103.0,,,,,-236.9,3156,20500,,건강관리장비와용품,KOSDAQ
199800,13.0,,,,-233.0,,,,1.0,-188.9,3203,35600,,생물공학,KOSDAQ
035810,33889.0,,,,1514.0,,,,0.3865,7901.78,3029,4695,7.81,식품,KOSDAQ
093520,2272.0,2851.0,2851.0,3126.0,291.0,423.0,423.0,471.0,0.9974,-494.09,3118,26200,9.98,반도체와반도체장비,KOSDAQ
294570,695.0,715.0,745.0,774.0,189.0,200.0,211.0,221.0,,-1631.35,3083,30550,28.8,IT서비스,KOSDAQ
121440,3543.0,,,,280.0,,,,0.9982,1637.33,3020,7050,4.33,레저용장비와제품,KOSDAQ
448900,369.0,,,,15.0,,,,1.0,105.08,3049,50200,42.23,자동차부품,KOSDAQ
084110,8475.0,,,,906.0,,,,0.3525,1112.43,3013,23800,7.78,제약,KOSDAQ
039440,3281.0,,,,197.0,,,,1.0,-696.61,3013,19430,19.43,반도체와반도체장비,KOSDAQ
110990,1079.0,,,,231.0,,,,1.0,-1948.76,2982,15780,26.42,반도체와반도체장비,KOSDAQ
017890,4239.0,,,,318.0,,,,0.8102,-577.62,2979,14410,24.87,화학,KOSDAQ
352480,2885.0,,,,222.0,,,,1.0,-1133.85,2971,21800,19.89,화장품,KOSDAQ
025770,8363.0,,,,452.0,,,,1.0,-1749.25,2962,7910,11.81,IT서비스,KOSDAQ
117730,438.0,,,,-119.0,,,,,-45.76,2966,13150,,기계,KOSDAQ
101930,1080.0,,,,155.0,,,,1.0,-962.79,2943,6440,43.53,조선,KOSDAQ
377450,616.0,,,,189.0,,,,,-1910.99,2939,16960,6.95,상업서비스와공급품,KOSDAQ
092460,1335.0,,,,223.0,,,,1.0,236.14,2934,17150,1.61,조선,KOSDAQ
200670,1701.0,1949.0,2190.5,2449.0,423.0,449.0,505.0,565.0,,-458.47,2903,25850,14.58,제약,KOSDAQ
330860,1141.0,1320.0,1547.0,1695.0,48.0,264.0,441.5,588.5,,301.79,2882,23650,,반도체와반도체장비,KOSDAQ
036890,4638.0,,,,479.0,,,,1.0,-88.33,2904,13180,8.39,기계,KOSDAQ
452430,173.0,325.0,816.5,2178.0,-46.0,14.0,157.0,459.0,,51.07,2889,35000,,반도체와반도체장비,KOSDAQ
035600,13589.0,14784.0,16009.0,17115.0,986.0,1028.0,1226.5,1342.0,0.867,2750.86,2863,10390,4.32,IT서비스,KOSDAQ
078350,6511.0,,,,239.0,,,,1.0,-191.32,2860,18760,17.15,반도체와반도체장비,KOSDAQ
168360,699.0,1019.0,1257.0,1425.0,32.0,203.0,336.0,426.0,1.0,62.46,2853,12740,26.79,전자장비와기기,KOSDAQ
448280,309.0,509.0,,,10.0,80.0,,,1.0,-2.78,2833,9560,24.44,상업서비스와공급품,KOSDAQ
309710,620.0,,,,-19.0,,,,1.0,685.73,2684,21000,,제약,KOSDAQ
136480,14400.0,,,,477.0,,,,0.9948,3152.97,2815,2650,35.7,식품,KOSDAQ
484590,1546.0,,,,266.0,,,,,239.31,2806,6810,20.01,우주항공과국방,KOSDAQ
265520,4601.0,,,,333.0,,,,1.0,-929.12,2834,18830,5.68,디스플레이장비및부품,KOSDAQ
472850,4856.0,5760.0,6664.0,7337.0,574.0,741.0,1014.0,1222.0,0.7803,997.87,2830,4915,6.73,"섬유,의류,신발,호화품",KOSDAQ
051500,34811.0,37197.0,40295.33,43688.25,1017.0,1020.0,1160.0,1290.5,0.9413,4811.48,2814,23700,5.2,식품과기본식료품소매,KOSDAQ
054950,1731.0,1884.0,2057.0,2213.0,333.0,390.0,413.0,453.0,0.9836,-1145.75,2811,23250,12.21,건강관리장비와용품,KOSDAQ
482630,1254.0,1624.0,1986.5,2310.0,176.0,250.0,347.0,426.5,,-93.84,2771,12660,16.65,반도체와반도체장비,KOSDAQ
049070,5908.0,6022.0,6631.0,,-113.0,166.0,332.0,,1.0,-2764.2,2791,17730,16.79,핸드셋,KOSDAQ
036200,2733.0,3462.0,4030.0,4379.0,109.0,280.0,422.0,502.0,1.0,-541.46,2732,8910,14.16,반도체와반도체장비,KOSDAQ
042520,898.0,1403.0,1844.5,2165.5,-259.0,162.0,289.5,405.0,1.0,225.21,2800,19630,,건강관리장비와용품,KOSDAQ
376270,130.0,456.0,865.9,,-156.0,-18.0,163.7,,1.0,99.47,2801,38800,,건강관리업체및서비스,KOSDAQ
287840,23.0,,,,-103.0,,,,,-134.21,2743,18260,,제약,KOSDAQ
091580,2501.0,3432.0,3980.0,4760.0,87.0,260.0,331.0,440.0,1.0,696.31,2752,20650,8.22,전기제품,KOSDAQ
091700,13495.0,14910.0,15505.0,16320.0,447.0,384.0,447.33,490.0,0.9421,-135.21,2695,5390,16.63,핸드셋,KOSDAQ
043150,4264.0,4553.0,4905.67,5332.33,548.0,615.0,680.33,803.33,1.0,-1091.28,2741,18450,9.55,건강관리장비와용품,KOSDAQ
200470,1110.0,,,,53.0,,,,,864.87,2735,6240,,반도체와반도체장비,KOSDAQ
182400,79.0,,,,-25.0,,,,,28.52,2655,3670,,생명과학도구및서비스,KOSDAQ
061970,4798.0,,,,-398.0,,,,,2441.72,2709,3865,,반도체와반도체장비,KOSDAQ
064550,3301.0,,,,152.0,,,,,202.99,2682,10390,,생물공학,KOSDAQ
045390,1532.0,,,,76.0,,,,1.0,-7.48,2674,3795,22.45,도로와철도운송,KOSDAQ
488900,368.0,,,,-74.0,,,,,-79.3,2709,9350,,우주항공과국방,KOSDAQ
098070,1719.0,1985.0,2340.0,,382.0,385.0,400.0,,1.0,-613.88,2669,24000,10.71,에너지장비및서비스,KOSDAQ
151860,75772.0,,,,1913.0,,,,0.4486,11552.93,2661,5590,6.11,자동차,KOSDAQ
138080,574.0,778.0,1195.5,1917.5,-160.0,8.0,168.5,478.0,1.0,99.16,2636,21300,,통신장비,KOSDAQ
461300,1959.0,,,,618.0,,,,,-1262.84,2605,19540,4.33,교육서비스,KOSDAQ
267980,18435.0,18962.0,19676.0,20116.0,600.0,744.0,796.0,829.0,0.9971,-832.68,2632,34350,5.88,식품,KOSDAQ
099440,1536.0,2179.0,2554.0,2843.0,-168.0,234.0,299.0,328.0,1.0,1565.61,2593,3800,9.88,기계,KOSDAQ
121800,101.0,,,,-72.0,,,,1.0,-589.83,2563,3320,,디스플레이패널,KOSDAQ
424870,1.0,,,,-280.0,,,,,-931.28,2640,2890,,제약,KOSDAQ
439090,1130.0,,,,105.0,,,,1.0,-986.58,2625,16010,30.04,화장품,KOSDAQ
228760,38.0,,,,-113.0,,,,,-791.37,2650,10660,,건강관리장비와용품,KOSDAQ
060720,4249.0,4117.0,4662.75,5074.33,318.0,277.0,361.0,405.0,1.0,420.75,2578,10890,11.24,핸드셋,KOSDAQ
377460,916.0,,,,-19.0,,,,,799.0,2532,4080,,상업서비스와공급품,KOSDAQ
047920,2056.0,,,,11.0,,,,1.0,8.93,2581,7870,,제약,KOSDAQ
123330,782.0,1662.0,2335.0,,150.0,296.0,490.0,,1.0,19.47,2542,31900,,화장품,KOSDAQ
389650,165.0,209.0,307.5,430.5,-7.0,-76.0,-24.0,48.0,,-280.38,2570,31050,106.08,건강관리장비와용품,KOSDAQ
160980,1644.0,2320.0,2780.0,3150.0,233.0,359.0,457.0,536.0,1.0,-1026.16,2540,23250,14.32,반도체와반도체장비,KOSDAQ
243070,6208.0,,,,456.0,,,,1.0,1011.81,2534,21150,9.09,제약,KOSDAQ
378340,332.0,,,,-222.0,,,,1.0,156.59,2517,11630,,전기제품,KOSDAQ
200130,5749.0,,,,266.0,,,,1.0,217.31,2518,8750,26.89,건강관리업체및서비스,KOSDAQ
389500,72.0,122.0,205.5,306.5,-69.0,-61.0,-27.5,12.0,,50.51,2515,37750,,기계,KOSDAQ
023410,13327.0,,,,324.0,,,,0.9486,4134.07,2466,3190,4.05,건축자재,KOSDAQ
481070,600.0,,,,101.0,,,,0.966,-266.65,2488,17360,36.28,"섬유,의류,신발,호화품",KOSDAQ
108860,1148.0,,,,15.0,,,,,-934.51,2473,9190,,건강관리장비와용품,KOSDAQ
462860,600.0,,,,136.0,,,,1.0,-1704.73,2422,3375,23.95,IT서비스,KOSDAQ
317330,1121.0,,,,-430.0,,,,,2533.72,2439,11910,,반도체와반도체장비,KOSDAQ
011560,7158.0,9801.0,9830.0,9665.0,404.0,559.0,580.0,590.0,1.0,-783.29,2435,24150,2.48,건설,KOSDAQ
094480,1297.0,,,,184.0,,,,1.0,945.32,2401,6120,,IT서비스,KOSDAQ
089980,1960.0,2258.0,2859.0,3707.0,67.0,112.0,177.0,246.0,1.0,670.6,2402,15020,29.73,전자장비와기기,KOSDAQ
068930,2538.0,2811.0,3105.0,3354.0,316.0,446.0,497.5,541.5,0.8597,300.48,2388,8630,13.47,교육서비스,KOSDAQ
086390,1102.0,1922.0,3090.55,4002.0,-211.0,219.0,459.8,660.0,0.8805,199.93,2394,11330,41.92,반도체와반도체장비,KOSDAQ
100120,2393.0,2516.0,2623.5,2721.0,214.0,382.0,425.5,453.5,1.0,109.99,2364,26350,18.35,건강관리장비와용품,KOSDAQ
071200,1024.0,,,,142.0,,,,0.987,-2124.79,2362,9680,7.78,건강관리기술,KOSDAQ
389260,1310.0,1665.0,1843.0,,168.0,339.0,362.0,,1.0,466.29,2356,13150,48.41,에너지장비및서비스,KOSDAQ
298830,939.0,,,,126.0,,,,0.8911,-184.86,2341,4380,71.07,소프트웨어,KOSDAQ
304360,165.0,167.0,169.0,,-83.0,-84.0,-85.0,,,-284.69,2358,19040,,생물공학,KOSDAQ
065710,1166.0,,,,253.0,,,,1.0,-615.93,2330,45250,6.32,운송인프라,KOSDAQ
043370,12007.0,12528.0,13138.0,13818.0,484.0,451.0,480.0,570.0,1.0,-1890.94,2348,11180,3.4,자동차부품,KOSDAQ
036030,3959.0,,,,442.0,,,,,-1470.36,2333,4760,18.05,인터넷과카탈로그소매,KOSDAQ
023760,5384.0,,,,1279.0,,,,1.0,,2242,1421,2.8,기타금융,KOSDAQ
216080,769.0,,,,38.0,,,,1.0,961.77,2312,6200,19.87,건강관리장비와용품,KOSDAQ
144510,1655.0,1722.0,,,-138.0,-129.0,,,,1068.53,2332,14760,,건강관리업체및서비스,KOSDAQ
094360,285.0,311.0,354.5,362.0,70.0,70.0,93.0,96.0,0.9941,-408.23,2338,10950,,반도체와반도체장비,KOSDAQ
484120,1398.0,1731.0,2121.0,,34.0,144.0,279.5,,0.9141,-187.25,2356,21500,529.91,디스플레이장비및부품,KOSDAQ
064820,5798.0,,,,500.0,,,,0.9248,-7235.45,2321,7520,5.46,증권,KOSDAQ
114190,2123.0,,,,-61.0,,,,0.8354,111.52,2301,8810,106.37,전자장비와기기,KOSDAQ
215000,4833.0,4361.0,4662.0,5074.0,681.0,380.0,518.0,590.0,1.0,-972.27,2309,36800,7.28,"호텔,레스토랑,레저",KOSDAQ
416180,1169.0,,,,23.0,,,,1.0,1016.01,2296,25400,19.83,전기제품,KOSDAQ
024840,7586.0,,,,243.0,,,,0.4939,1232.2,2264,5230,777.95,전기장비,KOSDAQ
180400,294.0,,,,-243.0,,,,,-352.15,2288,2325,,건강관리업체및서비스,KOSDAQ
073490,1861.0,2430.0,3224.5,4285.5,-11.0,194.0,391.0,629.5,1.0,-330.02,2251,29600,18.46,통신장비,KOSDAQ
365270,0.07,39.0,,,-165.0,-136.0,,,,-117.83,2227,10050,,제약,KOSDAQ
237880,3289.0,3426.0,3520.0,3620.0,164.0,246.0,250.0,260.0,1.0,-1549.61,2235,12370,20.1,화장품,KOSDAQ
199430,159.0,,,,-75.0,,,,,81.8,2223,19850,,기계,KOSDAQ
019010,482.0,,,,150.0,,,,0.9269,-3529.87,2217,4600,7.33,"호텔,레스토랑,레저",KOSDAQ
053030,1685.0,1705.0,2144.0,2584.0,-45.0,-71.0,131.0,249.0,0.9787,863.02,2216,6780,60.86,제약,KOSDAQ
493280,116.0,,,,3.0,,,,,-1227.12,2184,14720,,제약,KOSDAQ
254490,6356.0,,,,191.0,,,,,804.44,2206,15280,66.01,반도체와반도체장비,KOSDAQ
061090,1793.0,2332.0,2728.0,3797.0,163.0,403.0,544.0,977.0,1.0,-885.35,2209,40400,13.76,통신장비,KOSDAQ
067390,2544.0,,,,74.0,,,,,1473.67,2144,5090,,우주항공과국방,KOSDAQ
394280,161.0,,,,-289.0,,,,,-171.92,2216,8410,,반도체와반도체장비,KOSDAQ
243840,4082.0,5188.0,6200.5,6873.5,59.0,201.0,323.5,394.0,1.0,3439.15,2175,5640,13.75,전기제품,KOSDAQ
290690,383.0,,,,-67.0,,,,,549.83,2182,4120,,디스플레이장비및부품,KOSDAQ
065680,1864.0,,,,218.0,,,,1.0,-1297.61,2181,23600,26.34,핸드셋,KOSDAQ
445090,728.0,1819.0,2016.0,3954.0,-276.0,50.0,92.0,207.0,1.0,225.09,2202,20150,134.91,반도체와반도체장비,KOSDAQ
950170,3086.0,3017.0,,,476.0,59.0,,,1.0,769.35,2170,4450,11.01,백화점과일반상점,KOSDAQ
456010,40.0,128.0,253.0,357.0,-89.0,-20.0,84.0,165.0,1.0,-442.16,2156,14870,,통신장비,KOSDAQ
206640,1621.0,,,,289.0,,,,0.9905,-351.5,2138,9760,18.56,생명과학도구및서비스,KOSDAQ
217730,36.0,,,,-177.0,,,,,-182.25,2130,2265,,생물공학,KOSDAQ
005710,10589.0,,,,708.0,,,,1.0,-4449.34,2134,10650,3.27,자동차부품,KOSDAQ
046970,425.0,,,,-7.0,,,,,-72.58,2121,4840,,컴퓨터와주변기기,KOSDAQ
484810,566.0,,,,-8.0,,,,,-107.58,2126,13760,,기계,KOSDAQ
042370,4323.0,,,,557.0,,,,0.2,-1751.18,2125,8110,,전기제품,KOSDAQ
241520,451.0,,,,223.0,,,,0.9716,,2125,7990,5.98,창업투자,KOSDAQ
380540,215.0,,,,-59.0,,,,,163.48,2067,8450,,통신장비,KOSDAQ
125020,2991.0,4799.0,6328.0,,68.0,213.0,367.0,,,202.62,2116,6040,83.37,전기장비,KOSDAQ
095500,5385.0,,,,209.0,,,,1.0,915.39,2124,6850,,디스플레이장비및부품,KOSDAQ
307180,1029.0,,,,-85.0,,,,0.4805,721.41,2104,5700,,디스플레이장비및부품,KOSDAQ
475400,131.0,239.0,399.0,528.0,-184.0,-132.0,-44.0,37.0,1.0,-327.17,2116,17920,,기계,KOSDAQ
052710,2538.0,2618.0,3099.0,,55.0,88.0,311.0,,1.0,1026.78,2109,11290,,핸드셋,KOSDAQ
014940,2073.0,,,,243.0,,,,1.0,-267.53,2101,4610,14.6,조선,KOSDAQ
052330,3968.0,,,,378.0,,,,0.9999,-930.53,2096,11800,12.87,디스플레이패널,KOSDAQ
353810,4769.0,,,,450.0,,,,0.949,1283.86,2091,6320,7.96,식품,KOSDAQ
446540,432.0,,,,-42.0,,,,,-242.2,2068,7110,,전자장비와기기,KOSDAQ
099430,909.0,,,,150.0,,,,0.7502,363.08,2077,3370,16.3,건강관리장비와용품,KOSDAQ
036710,15281.0,,,,-343.0,,,,,7611.28,2060,3900,,반도체와반도체장비,KOSDAQ
354320,1878.0,2265.0,2847.0,3356.0,62.0,154.0,307.0,417.0,1.0,938.26,2064,32300,,자동차부품,KOSDAQ
203650,3189.0,,,,225.0,,,,1.0,3352.24,2060,2025,7.6,상업서비스와공급품,KOSDAQ
053300,1385.0,,,,271.0,,,,0.9319,-723.45,2042,5030,23.8,IT서비스,KOSDAQ
049430,723.0,,,,180.0,,,,0.9996,-1237.01,2031,22450,5.39,기계,KOSDAQ
318060,205.0,351.0,484.0,694.0,-111.0,-34.0,70.0,224.0,1.0,101.95,2030,18150,,건강관리장비와용품,KOSDAQ
314930,70.0,,,,7.0,,,,1.0,-147.47,2066,6940,,건강관리장비와용품,KOSDAQ
018310,3170.0,,,,64.0,,,,1.0,-239.24,2027,13790,2.06,건축제품,KOSDAQ
058970,840.0,,,,9.0,,,,1.0,-238.36,1994,16130,,소프트웨어,KOSDAQ
067080,1431.0,,,,32.0,,,,0.7099,944.03,2040,10960,,제약,KOSDAQ
085910,687.0,975.0,1568.5,2330.0,78.0,181.0,330.5,540.0,0.8018,30.53,1991,14430,,자동차부품,KOSDAQ
066620,4389.0,,,,458.0,,,,1.0,-3282.89,1988,26500,3.87,건설,KOSDAQ
064850,354.0,586.0,692.0,780.0,107.0,293.0,364.0,414.0,1.0,-140.68,1966,17230,10.28,IT서비스,KOSDAQ
013120,3873.0,,,,171.0,,,,1.0,1317.35,1966,2165,6.74,건설,KOSDAQ
036190,4234.0,,,,438.0,,,,1.0,-1369.03,1986,33100,4.12,건설,KOSDAQ
084850,6031.0,4324.0,5233.0,,-70.0,38.0,262.0,,1.0,2696.24,1971,8690,,전자장비와기기,KOSDAQ
452280,632.0,,,,98.0,,,,,335.94,1959,10180,26.93,기계,KOSDAQ
272110,844.0,1530.0,,,222.0,320.0,,,1.0,823.8,1958,24400,14.28,반도체와반도체장비,KOSDAQ
080720,364.0,,,,-172.0,,,,,-318.22,1924,2410,,제약,KOSDAQ
214180,3758.0,4481.0,5180.5,5906.5,502.0,588.0,764.0,900.5,0.815,-3433.95,1953,15030,8.53,IT서비스,KOSDAQ
190510,4599.0,3587.0,4628.0,,282.0,151.0,278.0,,1.0,-1122.24,1955,13880,9.72,핸드셋,KOSDAQ
042420,4368.0,,,,552.0,,,,0.5479,-3572.69,1942,23850,30.93,게임엔터테인먼트,KOSDAQ
102940,2090.0,,,,176.0,,,,1.0,1256.38,1944,14850,,제약,KOSDAQ
462350,27.0,,,,-722.0,,,,,-633.93,1955,5770,,우주항공과국방,KOSDAQ
034810,22601.0,,,,418.0,,,,,7041.81,1936,6130,,종이와목재,KOSDAQ
450950,379.0,476.0,734.0,913.0,104.0,44.0,193.0,268.5,1.0,-155.06,1930,5130,49.44,건강관리장비와용품,KOSDAQ
012210,738.0,817.0,,,58.0,80.0,,,,474.4,1925,8350,38.69,기계,KOSDAQ
304100,416.0,,,,-80.0,,,,,-327.28,1938,15390,,IT서비스,KOSDAQ
194480,2956.0,2556.0,3017.0,3334.5,64.0,-297.0,136.0,211.5,0.9939,-420.23,1930,15860,,게임엔터테인먼트,KOSDAQ
419530,1413.0,1645.0,1788.5,2033.0,226.0,233.0,302.0,375.0,1.0,-205.8,1929,18900,,방송과엔터테인먼트,KOSDAQ
459510,125.0,,,,-82.0,,,,,173.71,1916,14760,,기계,KOSDAQ
036560,1105.0,,,,102.0,,,,,-120.03,1914,12150,6.86,기계,KOSDAQ
016790,1130.0,,,,50.0,,,,1.0,-108.07,1873,994,,식품,KOSDAQ
194700,4043.0,4816.0,,,430.0,542.0,,,0.9848,-137.65,1911,10470,10.33,건강관리업체및서비스,KOSDAQ
115450,696.0,,,,-35.0,,,,,273.38,1904,2150,,제약,KOSDAQ
192440,4637.0,,,,332.0,,,,1.0,-2095.52,1890,30400,4.88,핸드셋,KOSDAQ
112290,831.0,1152.0,1705.0,,-18.0,95.0,214.0,,,549.39,1877,9280,,반도체와반도체장비,KOSDAQ
082800,593.0,,,,-192.0,,,,,227.68,1882,3100,,제약,KOSDAQ
234690,1647.0,,,,173.0,,,,1.0,857.96,1857,10340,22.4,제약,KOSDAQ
126600,3979.0,,,,173.0,,,,1.0,1364.79,1858,2960,,화학,KOSDAQ
425040,2797.0,,,,248.0,,,,0.9014,485.91,1837,8380,24.02,반도체와반도체장비,KOSDAQ
204610,695.0,,,,170.0,,,,0.8236,-634.56,1839,3300,14.64,게임엔터테인먼트,KOSDAQ
403850,939.0,,,,194.0,,,,1.0,-1696.7,1854,12920,17.43,방송과엔터테인먼트,KOSDAQ
032940,1507.0,,,,89.0,,,,0.987,596.35,1828,10050,,화장품,KOSDAQ
464080,61.0,,,,-161.0,,,,,83.19,1830,10160,,전자장비와기기,KOSDAQ
067290,810.0,,,,75.0,,,,1.0,33.37,1830,3265,,제약,KOSDAQ
256840,959.0,,,,16.0,,,,1.0,-675.12,1819,2660,9.78,건강관리장비와용품,KOSDAQ
388050,774.0,1050.0,,,88.0,133.0,,,1.0,-330.49,1834,9800,221.23,전기장비,KOSDAQ
220100,187.0,,,,-78.0,,,,,-163.35,1823,8130,,제약,KOSDAQ
417030,67.0,,,,-166.0,,,,,-6.35,1817,31450,,우주항공과국방,KOSDAQ
143240,1212.0,,,,168.0,,,,1.0,-1754.22,1818,16940,10.8,상업서비스와공급품,KOSDAQ
314130,246.0,,,,-292.0,,,,,-386.68,1796,3435,,제약,KOSDAQ
293780,37.0,,,,-158.0,,,,,-105.98,1815,6460,,건강관리업체및서비스,KOSDAQ
222040,2875.0,3993.0,4953.0,,40.0,370.0,486.5,,1.0,1086.38,1770,8580,,건강관리업체및서비스,KOSDAQ
078150,1603.0,,,,62.0,,,,1.0,-273.49,1781,1876,2.56,디스플레이장비및부품,KOSDAQ
270660,344.0,,,,-32.0,,,,1.0,-57.68,1803,14210,52.27,가정용기기와용품,KOSDAQ
176750,386.0,,,,74.0,,,,1.0,17.19,1809,6350,36.52,제약,KOSDAQ
054210,7532.0,,,,432.0,,,,1.0,2009.3,1763,6970,17.37,핸드셋,KOSDAQ
134580,486.0,,,,37.0,,,,,-80.71,1755,3560,,양방향미디어와서비스,KOSDAQ
092130,500.0,533.0,559.0,584.0,156.0,160.0,169.0,178.0,1.0,-398.75,1745,14490,14.25,상업서비스와공급품,KOSDAQ
126730,383.0,,,,11.0,,,,1.0,-242.16,1754,20000,24.55,전기제품,KOSDAQ
357550,175.0,,,,39.0,,,,1.0,-126.49,1795,32900,88.99,화학,KOSDAQ
143160,3276.0,,,,212.0,,,,0.7318,-911.64,1725,16100,11.45,전자장비와기기,KOSDAQ
372170,1002.0,,,,-316.0,,,,1.0,-529.84,1767,22150,36.77,전자장비와기기,KOSDAQ
108380,2301.0,2451.0,2563.0,2656.0,271.0,295.0,320.0,336.0,1.0,-1083.48,1750,18290,13.38,조선,KOSDAQ
405100,689.0,850.0,1100.0,,48.0,122.0,215.0,,0.9799,35.24,1716,13960,68.3,반도체와반도체장비,KOSDAQ
138610,327.0,,,,50.0,,,,,-123.22,1723,15160,,건강관리장비와용품,KOSDAQ
245620,79.0,,,,-16.0,,,,1.0,34.89,1671,741,,생명과학도구및서비스,KOSDAQ
126700,1711.0,2891.0,3802.67,4877.0,-326.0,174.0,386.33,584.0,1.0,-708.12,1718,11500,6.29,핸드셋,KOSDAQ
402030,340.0,,,,-99.0,,,,,-167.68,1722,13760,,소프트웨어,KOSDAQ
950140,2168.0,,,,374.0,,,,1.0,-316.98,1713,8620,12.77,화장품,KOSDAQ
024800,670.0,,,,12.0,,,,0.9523,439.78,1677,4760,1.43,도로와철도운송,KOSDAQ
094820,2520.0,,,,241.0,,,,0.9492,287.08,1708,11330,18.23,건설,KOSDAQ
083310,2449.0,,,,-81.0,,,,0.7005,-626.2,1688,9480,6.71,반도체와반도체장비,KOSDAQ
264850,696.0,,,,39.0,,,,1.0,-71.5,1706,5630,24.64,전자장비와기기,KOSDAQ
080160,2104.0,1912.0,2327.0,2486.0,74.0,51.0,187.0,205.0,0.9968,-799.98,1695,8970,28.02,"호텔,레스토랑,레저",KOSDAQ
126640,3789.0,,,,118.0,,,,,-317.56,1707,4870,6.89,자동차부품,KOSDAQ
051160,5871.0,,,,251.0,,,,0.6576,-1519.53,1681,10860,13.97,판매업체,KOSDAQ
049630,1645.0,,,,107.0,,,,1.0,246.38,1668,7140,41.99,핸드셋,KOSDAQ
038390,3656.0,,,,468.0,,,,1.0,3653.37,1667,9970,8.05,도로와철도운송,KOSDAQ
086670,1470.0,1840.0,,,153.0,200.0,,,1.0,809.49,1666,16780,7.29,기계,KOSDAQ
083930,3929.0,,,,346.0,,,,1.0,-56.51,1663,11330,55.18,전기제품,KOSDAQ
123860,1082.0,,,,202.0,,,,,-567.66,1655,13650,94.34,디스플레이장비및부품,KOSDAQ
122990,3212.0,,,,-363.0,,,,1.0,-327.24,1662,6240,16.58,핸드셋,KOSDAQ
179290,672.0,,,,207.0,,,,1.0,-589.52,1651,5100,16.99,건강관리장비와용품,KOSDAQ
489460,285.0,380.0,,,42.0,104.0,,,0.9796,-150.68,1649,11180,45.22,화장품,KOSDAQ
039830,3281.0,4097.0,4927.0,5673.0,445.0,634.0,879.0,1050.0,1.0,2976.4,1643,15270,10.89,레저용장비와제품,KOSDAQ
123410,7859.0,,,,454.0,,,,0.9904,347.1,1629,5850,3.3,자동차부품,KOSDAQ
093190,1335.0,,,,159.0,,,,0.9995,-434.4,1635,8500,9.91,컴퓨터와주변기기,KOSDAQ
023910,2086.0,2220.0,2325.0,2430.0,312.0,326.0,345.0,364.0,,-1146.97,1629,27150,5.86,제약,KOSDAQ
308430,19.0,,,,-82.0,,,,,-373.14,1645,12750,,제약,KOSDAQ
012860,10441.0,,,,368.0,,,,0.9579,2204.76,1622,2215,16.66,자동차부품,KOSDAQ
024060,1079.0,,,,-10.0,,,,,-17.12,1623,10820,106.27,석유와가스,KOSDAQ
066410,173.0,,,,-62.0,,,,,18.04,1596,1153,,IT서비스,KOSDAQ
331920,58.0,,,,-33.0,,,,1.0,-219.01,1618,14470,,생물공학,KOSDAQ
119830,485.0,,,,-3.0,,,,1.0,-1426.23,1614,6080,,반도체와반도체장비,KOSDAQ
104480,3458.0,,,,24.0,,,,,802.66,1617,1779,,화학,KOSDAQ
032620,1977.0,,,,75.0,,,,0.9777,55.28,1618,3100,,건강관리기술,KOSDAQ
199820,1960.0,,,,118.0,,,,0.9887,-53.56,1613,7260,13.91,전기장비,KOSDAQ
118990,7023.0,,,,418.0,,,,0.5905,2052.83,1605,6540,13.47,자동차부품,KOSDAQ
072870,1273.0,,,,205.0,,,,0.926,-858.27,1600,13420,5.99,교육서비스,KOSDAQ
039860,381.0,,,,11.0,,,,1.0,-470.57,1587,4165,,생명과학도구및서비스,KOSDAQ
382800,919.0,1446.0,1910.0,,78.0,275.0,354.0,,1.0,-134.45,1588,4990,9.58,반도체와반도체장비,KOSDAQ
086820,152.0,,,,-43.0,,,,1.0,75.28,1589,6130,,생물공학,KOSDAQ
230240,1420.0,1193.0,2257.0,2806.0,-16.0,-244.0,225.0,540.0,1.0,430.15,1589,11940,127.22,통신장비,KOSDAQ
011040,1963.0,,,,77.0,,,,1.0,-19.89,1572,5110,,제약,KOSDAQ
119610,1184.0,1391.0,1600.6,1873.75,195.0,293.0,362.2,453.5,1.0,285.02,1587,13900,95.57,건강관리장비와용품,KOSDAQ
041920,649.0,940.0,1258.0,,60.0,160.0,234.0,,1.0,-859.22,1577,8480,12.95,건강관리장비와용품,KOSDAQ
054800,9081.0,,,,897.0,,,,0.501,-1775.26,1582,15290,5.59,컴퓨터와주변기기,KOSDAQ
047770,397.0,,,,24.0,,,,0.9886,-312.35,1565,4135,18.26,"섬유,의류,신발,호화품",KOSDAQ
032580,536.0,,,,-21.0,,,,,-41.06,1542,4655,50.92,반도체와반도체장비,KOSDAQ
260970,1509.0,,,,230.0,,,,,-585.31,1562,54000,5.95,식품,KOSDAQ
046440,2338.0,2359.0,2426.0,2494.0,331.0,352.0,396.0,425.0,1.0,-307.79,1537,4240,4.86,IT서비스,KOSDAQ
114840,2241.0,2450.0,2640.0,2790.0,271.0,230.0,250.0,290.0,1.0,-305.94,1548,9280,11.28,화장품,KOSDAQ
138360,234.0,,,,6.0,,,,,106.26,1522,1730,,기계,KOSDAQ
394800,117.0,,,,-59.0,,,,,-90.76,1539,4835,,건강관리기술,KOSDAQ
023600,5399.0,,,,299.0,,,,0.848,-646.76,1521,9500,2.85,포장재,KOSDAQ
013990,1891.0,,,,140.0,,,,1.0,-213.4,1521,4625,9.63,"섬유,의류,신발,호화품",KOSDAQ
007330,1017.0,,,,169.0,,,,,,1519,10070,8.34,기타금융,KOSDAQ
475040,181.0,,,,-586.0,,,,,-625.4,1512,2810,,소프트웨어,KOSDAQ
089600,1179.0,1336.0,1530.0,1740.0,123.0,252.0,295.0,346.0,,-1241.98,1511,13060,15.43,광고,KOSDAQ
042600,1649.0,,,,-26.0,,,,,635.71,1503,12100,,가정용기기와용품,KOSDAQ
396300,858.0,,,,-18.0,,,,,486.56,1502,5670,16.99,전자장비와기기,KOSDAQ
068790,1555.0,,,,42.0,,,,0.9245,315.45,1505,6670,4.92,디스플레이장비및부품,KOSDAQ
065660,75.0,,,,-24.0,,,,,-426.85,1513,15120,,제약,KOSDAQ
041020,3242.0,,,,91.0,,,,0.3606,-1536.6,1498,3015,10.2,자동차부품,KOSDAQ
264450,1164.0,1277.0,1452.0,1613.0,231.0,278.0,293.0,350.0,1.0,-698.33,1500,10230,6.43,통신장비,KOSDAQ
418550,552.0,,,,-42.0,,,,,-34.84,1500,4685,48.64,건설,KOSDAQ
049960,531.0,,,,79.0,,,,1.0,-962.25,1485,15800,16.73,생물공학,KOSDAQ
413630,193.0,235.0,251.0,272.0,21.0,40.0,58.0,65.0,1.0,-124.9,1485,4075,,기계,KOSDAQ
382900,434.0,760.0,1160.0,,9.0,40.0,100.0,,1.0,992.05,1488,16990,,전기제품,KOSDAQ
051370,4680.0,4553.0,4827.0,4730.0,286.0,172.0,290.5,260.0,1.0,-655.77,1481,6350,9.08,전자장비와기기,KOSDAQ
148150,2779.0,2964.0,3587.0,,18.0,35.0,341.0,,1.0,-396.2,1480,4165,21.79,핸드셋,KOSDAQ
101970,1009.0,,,,7.0,,,,,-90.54,1476,9980,,에너지장비및서비스,KOSDAQ
046070,2710.0,,,,4.0,,,,1.0,1706.44,1449,10280,,자동차부품,KOSDAQ
300080,360.0,,,,62.0,,,,1.0,-183.46,1476,8940,,양방향미디어와서비스,KOSDAQ
389020,106.0,,,,-71.0,,,,,-175.46,1471,21300,,통신장비,KOSDAQ
046120,579.0,,,,-140.0,,,,1.0,419.74,1464,4325,,에너지장비및서비스,KOSDAQ
474650,131.0,245.0,454.0,727.0,-74.0,-77.0,82.0,249.0,,73.82,1461,25400,,기계,KOSDAQ
205500,367.0,,,,14.0,,,,,-151.91,1467,1803,4.0,게임엔터테인먼트,KOSDAQ
005990,21962.0,,,,640.0,,,,0.4628,-916.14,1457,10960,2.25,식품,KOSDAQ
039840,1641.0,1905.0,2152.0,2560.0,101.0,233.0,296.0,350.0,1.0,374.67,1464,10910,107.43,건강관리장비와용품,KOSDAQ
093640,90.0,,,,-102.0,,,,,-21.88,1457,4435,,반도체와반도체장비,KOSDAQ
101360,1420.0,,,,-6.0,,,,1.0,2124.25,1457,8190,,화학,KOSDAQ
078070,1557.0,,,,306.0,,,,0.6055,-1088.16,1450,8500,17.12,통신장비,KOSDAQ
355150,152.0,230.0,576.5,,2.0,53.0,175.0,,,215.76,1431,18350,,반도체와반도체장비,KOSDAQ
067280,3308.0,,,,319.0,,,,0.9923,-1475.99,1419,23950,6.41,교육서비스,KOSDAQ
054450,1928.0,2479.0,2718.5,3040.5,-62.0,172.0,223.5,268.5,0.9946,1215.68,1422,9390,7.75,반도체와반도체장비,KOSDAQ
069510,4682.0,,,,458.0,,,,1.0,-1464.61,1413,12950,4.49,전자장비와기기,KOSDAQ
187870,841.0,,,,173.0,,,,1.0,-619.0,1438,10370,14.43,디스플레이장비및부품,KOSDAQ
048870,1131.0,,,,192.0,,,,0.2692,-607.3,1405,1595,97.97,건강관리장비와용품,KOSDAQ
036170,317.0,,,,24.0,,,,1.0,-7.71,1405,2290,6.73,디스플레이장비및부품,KOSDAQ
115310,287.0,,,,65.0,,,,1.0,-648.84,1394,9400,9.48,IT서비스,KOSDAQ
263860,484.0,556.0,610.0,679.0,70.0,116.0,131.0,149.0,0.9978,-362.71,1391,15320,19.07,소프트웨어,KOSDAQ
092070,791.0,,,,-7.0,,,,,-256.2,1386,11980,53.57,반도체와반도체장비,KOSDAQ
005160,7278.0,,,,70.0,,,,,2327.58,1389,2560,,철강,KOSDAQ
003100,1904.0,,,,414.0,,,,1.0,1914.75,1389,21050,3.97,운송인프라,KOSDAQ
084990,26.0,,,,-99.0,,,,,-533.0,1392,3020,,생물공학,KOSDAQ
060150,1872.0,,,,182.0,,,,1.0,427.16,1385,3040,200.2,상업서비스와공급품,KOSDAQ
086890,567.0,,,,16.0,,,,,-19.21,1384,3395,56.06,제약,KOSDAQ
452450,651.0,,,,-212.0,,,,1.0,-2.55,1385,3845,,IT서비스,KOSDAQ
035610,1207.0,,,,246.0,,,,0.6045,-2148.7,1384,5060,2.99,건강관리기술,KOSDAQ
289080,210.0,214.0,,,-84.0,-27.0,,,1.0,,1380,2295,26.58,창업투자,KOSDAQ
445180,1425.0,,,,172.0,,,,,-285.13,1379,8020,13.04,반도체와반도체장비,KOSDAQ
147830,379.0,,,,106.0,,,,,-828.47,1374,6870,9.9,전기장비,KOSDAQ
469610,757.0,,,,86.0,,,,0.9609,-316.4,1380,15430,22.11,디스플레이장비및부품,KOSDAQ
293580,292.0,,,,73.0,,,,1.0,,1373,1446,55.46,창업투자,KOSDAQ
079960,5965.0,,,,536.0,,,,1.0,-1734.02,1371,18150,3.48,전기제품,KOSDAQ
001540,3069.0,,,,98.0,,,,1.0,131.61,1368,10490,95.13,제약,KOSDAQ
095700,46.0,,,,-362.0,,,,,890.62,1375,3020,,생물공학,KOSDAQ
041520,379.0,,,,-9.0,,,,1.0,-876.69,1363,11180,,반도체와반도체장비,KOSDAQ
308080,0.23,,,,-171.0,,,,,-221.44,1349,6580,,제약,KOSDAQ
408920,728.0,,,,190.0,,,,1.0,-644.76,1362,3150,19.22,양방향미디어와서비스,KOSDAQ
080420,3581.0,,,,279.0,,,,0.9691,4974.63,1340,1681,,전문소매,KOSDAQ
079650,451.0,,,,-33.0,,,,1.0,-524.86,1346,6730,20.57,건축자재,KOSDAQ
088800,1784.0,,,,-222.0,,,,,621.37,1339,1774,,통신장비,KOSDAQ
334970,125.0,238.14,,,-337.0,-491.29,,,,844.28,1338,1721,,제약,KOSDAQ
035080,30616.0,,,,-296.0,,,,,1024.67,1339,11980,,인터넷과카탈로그소매,KOSDAQ
136540,986.0,,,,212.0,,,,0.9997,-961.66,1332,10850,7.98,소프트웨어,KOSDAQ
274090,764.0,,,,-92.0,,,,,180.77,1322,9600,,우주항공과국방,KOSDAQ
038290,1953.0,,,,2.0,,,,,354.7,1333,12300,,생명과학도구및서비스,KOSDAQ
338840,29.0,,,,-93.0,,,,,-220.2,1337,8680,,생물공학,KOSDAQ
140670,670.0,,,,-36.0,,,,,-161.48,1321,10290,,기계,KOSDAQ
153890,222.0,,,,-8.0,,,,1.0,-193.95,1315,10910,,기계,KOSDAQ
340450,315.0,383.0,470.0,638.0,12.0,31.0,65.0,138.0,,-382.78,1303,5510,36.97,생명과학도구및서비스,KOSDAQ
321550,123.0,,,,-161.0,,,,,95.09,1313,4370,,제약,KOSDAQ
059120,246.0,,,,10.0,,,,,-176.83,1307,7140,200.72,반도체와반도체장비,KOSDAQ
036690,851.0,,,,-142.0,,,,,233.68,1257,2885,,통신장비,KOSDAQ
494120,73.0,152.0,,,-75.0,-17.0,,,,-144.65,1308,8570,,생명과학도구및서비스,KOSDAQ
049720,1780.0,,,,167.0,,,,1.0,58.56,1300,9090,11.57,상업서비스와공급품,KOSDAQ
417010,403.0,,,,-5.0,,,,1.0,631.09,1303,6460,59.86,전자장비와기기,KOSDAQ
192410,167.0,,,,-18.0,,,,,-134.29,1290,5120,,통신장비,KOSDAQ
027710,14559.0,,,,350.0,,,,0.9817,3748.51,1272,1142,17.86,식품,KOSDAQ
489500,202.0,334.0,439.0,516.0,46.0,110.0,158.0,190.0,1.0,-248.17,1288,20150,51.22,반도체와반도체장비,KOSDAQ
473980,757.0,941.0,1158.0,1430.0,123.0,193.0,245.0,313.0,1.0,-54.36,1293,11880,20.17,방송과엔터테인먼트,KOSDAQ
264660,1962.0,,,,247.0,,,,1.0,-453.96,1269,13050,8.74,반도체와반도체장비,KOSDAQ
307750,1310.0,,,,-26.0,,,,1.0,74.82,1263,2340,63.47,제약,KOSDAQ
267320,824.0,,,,-89.0,,,,1.0,100.11,1266,2205,16.13,전기제품,KOSDAQ
108230,1710.0,,,,-31.0,,,,1.0,-1745.4,1257,3305,5.09,기계,KOSDAQ
226590,965.0,,,,115.0,,,,1.0,53.28,1262,11780,12.86,반도체와반도체장비,KOSDAQ
251370,1446.0,,,,129.0,,,,,442.69,1257,6980,,화학,KOSDAQ
009780,1977.0,,,,297.0,,,,1.0,214.11,1257,7140,5.02,식품,KOSDAQ
418420,87.0,,,,-58.0,,,,,114.7,1253,4070,,반도체와반도체장비,KOSDAQ
240550,1135.0,1312.0,,,170.0,238.0,,,1.0,66.37,1252,5980,13.65,건강관리장비와용품,KOSDAQ
142210,7690.0,9459.0,,,323.0,666.0,,,1.0,2692.95,1253,6040,4.17,반도체와반도체장비,KOSDAQ
232680,538.0,,,,40.0,,,,1.0,-88.07,1246,9400,51.11,반도체와반도체장비,KOSDAQ
285490,556.0,,,,67.0,,,,1.0,-1013.87,1236,11690,8.54,핸드셋,KOSDAQ
149950,809.0,828.0,1259.0,1873.0,61.0,82.0,224.0,478.0,,-491.16,1242,9090,47.4,디스플레이장비및부품,KOSDAQ
212560,2321.0,,,,137.0,,,,,-305.58,1233,9140,6.22,자동차부품,KOSDAQ
037070,1679.0,,,,33.0,,,,,16.91,1230,6150,257.75,가정용기기와용품,KOSDAQ
388790,177.0,,,,6.0,,,,,-49.06,1241,4055,,통신장비,KOSDAQ
220260,568.0,,,,10.0,,,,,-46.94,1230,3835,67.83,화학,KOSDAQ
255220,1022.0,,,,8.0,,,,,513.11,1240,1132,,건축자재,KOSDAQ
102120,2441.0,,,,101.0,,,,1.0,401.33,1229,6910,,반도체와반도체장비,KOSDAQ
211270,478.0,,,,-43.0,,,,,-696.04,1226,8130,19.51,통신장비,KOSDAQ
950190,1125.0,,,,153.0,,,,1.0,-850.92,1224,9400,6.95,게임엔터테인먼트,KOSDAQ
036630,2842.0,,,,-108.0,,,,1.0,688.82,1229,8780,4.45,다각화된통신서비스,KOSDAQ
086980,627.0,,,,-117.0,,,,1.0,-1287.34,1218,1950,,방송과엔터테인먼트,KOSDAQ
297890,628.0,,,,44.0,,,,1.0,-272.05,1221,1669,4.72,디스플레이장비및부품,KOSDAQ
095190,925.0,,,,-48.0,,,,,424.25,1216,1863,,기계,KOSDAQ
432720,54.0,,,,-245.0,,,,,-334.01,1210,8530,,반도체와반도체장비,KOSDAQ
122450,3461.0,3892.0,4197.0,4450.0,384.0,547.0,598.0,651.0,0.7226,577.8,1210,2700,13.27,복합기업,KOSDAQ
008830,2209.0,,,,2.0,,,,,1256.91,1212,6320,39.95,기계,KOSDAQ
322510,33.0,,,,-132.0,,,,,-104.3,1209,4700,,건강관리기술,KOSDAQ
457550,448.0,,,,51.0,,,,,-288.53,1211,12990,23.88,에너지장비및서비스,KOSDAQ
146320,876.0,1142.0,1392.0,1737.0,39.0,93.0,162.0,219.0,1.0,832.62,1208,9440,222.85,반도체와반도체장비,KOSDAQ
166480,202.0,,,,-212.0,,,,,332.14,1208,2285,,생물공학,KOSDAQ
021320,18334.0,,,,883.0,,,,,1805.25,1205,5630,10.38,건설,KOSDAQ
387690,146.0,,,,28.0,,,,0.976,92.78,1201,15750,,건강관리장비와용품,KOSDAQ
282880,1547.0,2216.0,2646.0,3044.0,-254.0,-5.0,150.0,170.0,1.0,694.96,1204,10300,25.1,기계,KOSDAQ
056090,472.0,596.0,735.0,,38.0,29.0,76.0,,1.0,97.59,1203,1165,114.27,건강관리장비와용품,KOSDAQ
290740,2449.0,,,,66.0,,,,1.0,-371.48,1198,11900,14.12,핸드셋,KOSDAQ
198440,718.0,,,,74.0,,,,,543.36,1196,1963,,건축자재,KOSDAQ
052260,1305.0,,,,127.0,,,,1.0,-194.61,1196,3985,18.58,화장품,KOSDAQ
265740,716.0,986.0,1233.0,,125.0,178.0,222.0,,,-29.83,1193,6680,21.38,화장품,KOSDAQ
041590,180.0,,,,-20.0,,,,1.0,-245.29,1161,2370,,건설,KOSDAQ
049520,4123.0,,,,264.0,,,,0.9983,-908.09,1191,3860,10.42,핸드셋,KOSDAQ
041440,2896.0,,,,54.0,,,,1.0,736.52,1190,6670,17.8,기계,KOSDAQ
094840,212.0,,,,39.0,,,,1.0,-719.61,1188,12120,1.89,전자장비와기기,KOSDAQ
158430,676.0,,,,104.0,,,,0.71,74.77,1187,4850,10.15,소프트웨어,KOSDAQ
063570,3840.0,4556.0,5037.0,5558.0,307.0,371.0,430.0,480.0,0.9939,2340.34,1178,3450,14.73,상업서비스와공급품,KOSDAQ
361390,596.0,,,,-21.0,,,,,-300.53,1183,12150,75.61,우주항공과국방,KOSDAQ
333430,507.0,,,,109.0,,,,0.5446,-246.78,1180,3840,22.24,조선,KOSDAQ
458650,856.0,,,,10.0,,,,0.97,-1393.45,1181,7850,12.21,전기제품,KOSDAQ
339950,1195.0,,,,191.0,,,,1.0,-208.94,1178,2620,10.75,교육서비스,KOSDAQ
228850,1147.0,1408.0,1579.5,1787.0,-40.0,120.0,147.0,176.5,0.9932,-1417.37,1175,7080,7.91,건강관리장비와용품,KOSDAQ
417500,536.0,,,,104.0,,,,1.0,238.61,1162,3545,35.48,반도체와반도체장비,KOSDAQ
322310,521.0,636.0,,,-84.0,15.0,,,1.0,408.78,1155,12330,81.09,반도체와반도체장비,KOSDAQ
051360,6403.0,,,,572.0,,,,0.9643,549.41,1151,11940,14.37,디스플레이장비및부품,KOSDAQ
259630,1842.0,,,,246.0,,,,1.0,-263.69,1153,9430,7.09,전기제품,KOSDAQ
038540,4186.0,,,,-482.0,,,,,-438.02,1159,2095,,기타금융,KOSDAQ
478340,132.0,,,,-55.0,,,,,-267.24,1163,10050,,우주항공과국방,KOSDAQ
071280,1249.0,1958.0,,,144.0,233.0,,,1.0,-525.09,1144,7480,10.75,반도체와반도체장비,KOSDAQ
451760,869.0,,,,-162.0,,,,,-814.91,1151,6970,,우주항공과국방,KOSDAQ
311320,546.0,691.0,,,44.0,108.0,,,1.0,-133.74,1143,9060,67.36,반도체와반도체장비,KOSDAQ
163730,916.0,1500.0,2431.0,3325.0,15.0,73.0,159.0,296.0,0.8945,-396.96,1150,9570,26.73,IT서비스,KOSDAQ
090850,1426.0,,,,242.0,,,,1.0,-804.57,1131,5030,,상업서비스와공급품,KOSDAQ
394420,88.0,185.0,281.0,394.0,-106.0,-26.0,52.0,135.0,1.0,-76.96,1127,10250,,건강관리장비와용품,KOSDAQ
299030,938.0,1657.0,2999.0,4284.0,-0.0,65.0,346.0,574.0,1.0,521.77,1129,14120,,전자장비와기기,KOSDAQ
256940,1701.0,,,,16.0,,,,0.6904,729.31,1128,5620,30.53,비철금속,KOSDAQ
054050,1588.0,,,,136.0,,,,1.0,-104.8,1125,7020,12.97,생물공학,KOSDAQ
052860,369.0,,,,40.0,,,,1.0,2.28,1124,6290,,반도체와반도체장비,KOSDAQ
053260,1772.0,,,,15.0,,,,1.0,-775.6,1129,6030,21.92,철강,KOSDAQ
217270,1225.0,,,,25.0,,,,0.4093,-201.29,1122,2400,,게임엔터테인먼트,KOSDAQ
053080,4635.0,,,,-620.0,,,,1.0,1094.59,1115,8580,20.2,기계,KOSDAQ
493330,450.0,730.0,990.0,,68.0,115.0,160.0,,1.0,-311.54,1122,13950,11.92,전자장비와기기,KOSDAQ
106190,702.0,,,,129.0,,,,,-29.79,1111,10450,12.28,제약,KOSDAQ
474170,106.0,,,,-6.0,,,,,-305.55,1117,6270,,우주항공과국방,KOSDAQ
047310,6865.0,,,,-64.0,,,,1.0,382.87,1111,3035,14.17,핸드셋,KOSDAQ
051980,198.0,,,,-46.0,,,,,-8.13,1111,1000,,통신장비,KOSDAQ
073010,955.0,,,,115.0,,,,1.0,291.54,1109,2760,8.49,조선,KOSDAQ
336680,5501.0,,,,89.0,,,,1.0,1393.57,1108,2830,8.5,자동차부품,KOSDAQ
297090,1261.0,1478.0,1503.0,,111.0,137.0,168.0,,1.0,-6.78,1102,4040,,기계,KOSDAQ
366030,450.0,,,,68.0,,,,1.0,-294.77,1108,4890,13.84,"섬유,의류,신발,호화품",KOSDAQ
351320,130.0,,,,-95.0,,,,,310.1,1106,3725,,디스플레이장비및부품,KOSDAQ
067990,25491.0,,,,408.0,,,,1.0,9382.17,1100,3770,13.82,자동차,KOSDAQ
067900,1170.0,,,,261.0,,,,1.0,339.48,1096,6020,5.49,해운사,KOSDAQ
018120,998.0,,,,140.0,,,,0.969,-372.16,1096,16560,17.3,음료,KOSDAQ
037350,7434.0,,,,577.0,,,,1.0,-668.6,1084,7130,3.46,건설,KOSDAQ
017510,323.0,,,,148.0,,,,,-140.83,1090,7150,32.85,전기장비,KOSDAQ
475230,595.0,1030.0,,,45.0,130.0,,,0.7541,756.53,1084,9950,,건설,KOSDAQ
063170,213.0,,,,-40.0,,,,,803.77,1084,6100,,판매업체,KOSDAQ
100700,637.0,,,,127.0,,,,0.977,-985.14,1082,2470,8.38,건강관리장비와용품,KOSDAQ
189330,103.0,,,,-32.0,,,,,-187.99,1082,11530,,IT서비스,KOSDAQ
053700,16846.0,,,,617.0,,,,1.0,3565.92,1079,4040,4.25,자동차부품,KOSDAQ
109740,432.0,,,,-227.0,,,,0.9111,-60.64,1075,4180,42.72,전자장비와기기,KOSDAQ
039340,759.0,,,,-24.0,,,,1.0,-251.67,1079,4905,12.69,방송과엔터테인먼트,KOSDAQ
123040,17406.0,,,,313.0,,,,0.2442,4116.44,1073,1714,19.71,자동차부품,KOSDAQ
105330,811.0,,,,-30.0,,,,1.0,1283.13,1073,6700,56.13,반도체와반도체장비,KOSDAQ
101170,571.0,,,,12.0,,,,1.0,-66.86,1073,7950,16.96,기계,KOSDAQ
310200,1503.0,,,,227.0,,,,0.8595,150.11,1067,2045,16.62,방송과엔터테인먼트,KOSDAQ
073560,2871.0,,,,327.0,,,,1.0,842.77,1063,1536,1.0,식품,KOSDAQ
141000,651.0,716.0,,,92.0,55.0,,,1.0,-784.79,1071,8840,65.75,디스플레이장비및부품,KOSDAQ
402490,1022.0,,,,60.0,,,,0.9721,445.94,1069,6310,84.73,반도체와반도체장비,KOSDAQ
323990,71.0,,,,-155.0,,,,,-132.86,1065,4580,,제약,KOSDAQ
246710,270.0,403.0,,,-91.0,-11.0,,,,244.01,1053,2210,,생물공학,KOSDAQ
120240,1081.0,,,,112.0,,,,,-764.08,1057,14700,9.28,화학,KOSDAQ
054920,7712.0,,,,61.0,,,,0.8369,677.8,1057,3745,104.07,비철금속,KOSDAQ
048550,1005.0,,,,-13.0,,,,,-561.15,1055,1091,,광고,KOSDAQ
115500,249.0,,,,21.0,,,,,-54.49,1051,8760,29.99,IT서비스,KOSDAQ
059210,1030.0,1201.0,1478.0,1918.0,214.0,229.0,309.0,407.0,1.0,82.46,1050,3865,10.32,건강관리장비와용품,KOSDAQ
246720,26.0,,,,-26.0,,,,,-87.65,994,6070,,건강관리장비와용품,KOSDAQ
488280,101.0,,,,-56.0,,,,,-119.59,1052,9720,,IT서비스,KOSDAQ
021080,706.0,,,,320.0,,,,,,1049,2185,8.57,창업투자,KOSDAQ
242040,1023.0,,,,23.0,,,,,-94.35,1049,3030,,IT서비스,KOSDAQ
290720,868.0,,,,-82.0,,,,0.997,309.76,1040,2725,,식품,KOSDAQ
006620,2427.0,,,,92.0,,,,1.0,722.56,1026,3605,13.64,제약,KOSDAQ
039560,5418.0,,,,385.0,,,,,702.8,1027,2395,,통신장비,KOSDAQ
453450,1256.0,,,,8.0,,,,1.0,-202.99,1023,12880,,전기유틸리티,KOSDAQ
396470,152.0,250.0,,,25.0,60.0,,,1.0,-572.58,1017,6310,53.8,반도체와반도체장비,KOSDAQ
131030,872.0,,,,89.0,,,,,-408.55,1009,5720,7.99,제약,KOSDAQ
042510,638.0,625.0,718.0,814.0,28.0,32.0,68.0,90.0,0.9992,-18.92,1003,9030,23.76,소프트웨어,KOSDAQ
307870,146.0,,,,-67.0,,,,,39.5,997,1342,,IT서비스,KOSDAQ
066790,183.0,,,,-50.0,,,,1.0,-131.24,974,2205,43.92,방송과엔터테인먼트,KOSDAQ
352090,697.0,,,,119.0,,,,1.0,-300.89,990,3685,10.47,가정용기기와용품,KOSDAQ
074430,220.0,,,,36.0,,,,1.0,-363.95,992,1125,48.45,제약,KOSDAQ
068240,1121.0,,,,-1207.0,,,,0.9473,3527.83,966,2530,125.7,기계,KOSDAQ
235980,39.0,,,,-140.0,,,,,-340.08,991,2890,,제약,KOSDAQ
042500,1831.0,,,,143.0,,,,1.0,-278.79,994,4460,5.17,IT서비스,KOSDAQ
309960,264.0,,,,97.0,,,,1.0,,983,4235,16.41,창업투자,KOSDAQ
443670,545.0,,,,36.0,,,,1.0,-363.47,977,4070,621.9,IT서비스,KOSDAQ
475580,630.0,,,,-105.0,,,,1.0,129.12,974,7150,50.9,교육서비스,KOSDAQ
298540,4775.0,,,,70.0,,,,1.0,1164.89,982,6780,5.4,"섬유,의류,신발,호화품",KOSDAQ
419050,1442.0,,,,54.0,,,,1.0,1489.26,966,1689,32.36,자동차부품,KOSDAQ
330350,1064.0,,,,57.0,,,,,-23.11,970,7350,16.13,제약,KOSDAQ
474610,382.0,454.0,633.6,,41.0,55.0,96.4,,,-100.79,961,6670,,우주항공과국방,KOSDAQ
250060,51.0,,,,-29.0,,,,,-342.15,965,3000,,소프트웨어,KOSDAQ
091440,134.0,,,,-246.0,,,,,769.63,961,2775,,통신장비,KOSDAQ
040300,1342.0,,,,-136.0,,,,,-1412.8,954,2000,,방송과엔터테인먼트,KOSDAQ
357880,156.0,,,,-44.0,,,,,84.59,953,1758,,IT서비스,KOSDAQ
088130,5824.0,,,,1132.0,,,,0.5105,-1160.61,949,5430,,디스플레이장비및부품,KOSDAQ
036220,1286.0,,,,24.0,,,,1.0,9.5,950,6640,,생명과학도구및서비스,KOSDAQ
217820,3907.0,,,,14.0,,,,1.0,963.55,949,2000,,전기제품,KOSDAQ
066590,3686.0,,,,5.0,,,,1.0,850.77,948,2450,9.74,자동차부품,KOSDAQ
156100,389.0,,,,7.0,,,,1.0,79.67,948,4240,,건강관리장비와용품,KOSDAQ
052420,1657.0,,,,301.0,,,,1.0,-1266.36,945,9700,9.19,디스플레이장비및부품,KOSDAQ
005860,4549.0,,,,59.0,,,,1.0,55.91,946,2400,1.5,식품,KOSDAQ
017650,1688.0,,,,53.0,,,,1.0,-694.04,940,10700,3.89,포장재,KOSDAQ
053350,328.0,,,,-24.0,,,,1.0,-1355.99,938,4260,,소프트웨어,KOSDAQ
187790,857.0,1092.0,1388.5,1767.0,55.0,74.0,148.5,217.0,1.0,244.5,944,3060,,화학,KOSDAQ
307930,216.0,,,,98.0,,,,,,935,5990,,창업투자,KOSDAQ
053580,744.0,797.0,908.0,1030.0,135.0,131.0,154.0,176.0,,-228.44,937,7230,16.57,소프트웨어,KOSDAQ
058820,1052.0,,,,-37.0,,,,1.0,509.56,933,630,51.85,제약,KOSDAQ
036010,1339.0,1336.0,1469.0,,83.0,83.0,118.0,,1.0,-421.6,930,7000,,전기제품,KOSDAQ
255440,348.0,,,,-65.0,,,,,65.47,936,7170,,디스플레이장비및부품,KOSDAQ
348350,578.0,,,,51.0,,,,1.0,-790.07,928,9490,16.58,반도체와반도체장비,KOSDAQ
002230,972.0,,,,53.0,,,,1.0,-568.42,930,5050,19.7,전기제품,KOSDAQ
083500,737.0,650.0,1155.0,1390.0,104.0,161.0,288.0,370.0,0.859,-123.19,922,11100,54.75,디스플레이장비및부품,KOSDAQ
109610,5016.0,,,,-66.0,,,,0.5433,1499.62,926,1894,,건축자재,KOSDAQ
013310,10089.0,,,,644.0,,,,1.0,8719.94,922,2375,3.16,자동차부품,KOSDAQ
362320,2174.0,,,,54.0,,,,0.6083,488.43,919,4440,,인터넷과카탈로그소매,KOSDAQ
099750,726.0,789.0,960.0,,22.0,50.0,95.0,,1.0,-37.03,910,6660,99.34,건강관리기술,KOSDAQ
023900,1635.0,,,,168.0,,,,0.7632,-133.27,915,7260,18.23,화학,KOSDAQ
040420,1031.0,1018.0,1015.0,995.0,98.0,102.0,104.0,105.0,1.0,44.82,909,5800,8.24,교육서비스,KOSDAQ
093920,1949.0,,,,34.0,,,,1.0,-1293.96,910,4890,7.49,핸드셋,KOSDAQ
040350,109.0,,,,-64.0,,,,,315.44,910,4585,,IT서비스,KOSDAQ
091590,727.0,,,,38.0,,,,0.9908,-98.76,902,7680,,건설,KOSDAQ
205100,478.0,,,,37.0,,,,0.7605,-728.89,907,1343,14.68,소프트웨어,KOSDAQ
289930,407.0,,,,6.0,,,,,-530.18,902,6860,,우주항공과국방,KOSDAQ
049950,409.0,,,,-247.0,,,,1.0,-281.55,906,10280,87.34,디스플레이장비및부품,KOSDAQ
125210,1306.0,,,,94.0,,,,1.0,435.46,901,5460,15.38,화학,KOSDAQ
452190,242.0,,,,20.0,,,,1.0,-95.15,893,3735,,전기제품,KOSDAQ
182360,872.0,,,,-73.0,,,,0.9626,-243.25,895,5760,24.07,방송과엔터테인먼트,KOSDAQ
380550,26.0,,,,-165.0,,,,,-383.54,895,7340,,건강관리기술,KOSDAQ
009300,778.0,,,,110.0,,,,1.0,-908.15,892,14000,4.89,제약,KOSDAQ
137950,3675.0,,,,77.0,,,,1.0,2012.72,891,4000,7.8,에너지장비및서비스,KOSDAQ
282720,2648.0,,,,4.0,,,,1.0,28.27,892,7360,7.14,에너지장비및서비스,KOSDAQ
950130,313.0,,,,-634.0,,,,,-2481.91,890,2530,,생명과학도구및서비스,KOSDAQ
357230,2582.0,2862.0,3217.0,3686.0,135.0,170.0,264.0,378.0,0.9211,-209.86,884,2140,10.85,건강관리업체및서비스,KOSDAQ
048530,57.0,,,,-79.0,,,,,-384.22,888,2875,,생명과학도구및서비스,KOSDAQ
263720,855.0,642.0,621.0,705.0,173.0,99.0,89.0,119.0,1.0,-544.88,888,7150,77.1,출판,KOSDAQ
096240,2209.0,2260.0,,,22.0,100.0,,,1.0,260.62,886,8650,12.71,교육서비스,KOSDAQ
330730,255.0,,,,135.0,,,,,,887,4870,17.96,창업투자,KOSDAQ
950220,1.0,,,,-252.0,,,,,-253.37,881,2575,,제약,KOSDAQ
172670,484.0,636.0,737.0,,-74.0,60.0,143.0,,1.0,802.98,878,9800,36.16,반도체와반도체장비,KOSDAQ
129920,952.0,,,,-23.0,,,,,703.89,877,5400,,기계,KOSDAQ
086710,808.0,,,,61.0,,,,0.8147,591.72,875,7170,17.85,화장품,KOSDAQ
306620,758.0,,,,16.0,,,,,275.6,874,1822,,반도체와반도체장비,KOSDAQ
078140,1021.0,,,,73.0,,,,0.8423,269.19,874,7880,24.28,제약,KOSDAQ
209640,461.0,,,,-35.0,,,,1.0,244.47,873,3070,368.21,전자장비와기기,KOSDAQ
162300,3522.0,,,,30.0,,,,1.0,687.63,873,2105,19.05,철강,KOSDAQ
032300,876.0,,,,-9.0,,,,,55.51,873,8000,3079.42,제약,KOSDAQ
234300,1682.0,,,,90.0,,,,0.9784,64.8,868,3190,6.21,IT서비스,KOSDAQ
432470,412.0,598.0,688.0,770.0,-16.0,65.0,88.0,110.0,1.0,-56.53,865,9860,62.6,전기제품,KOSDAQ
317770,215.0,,,,-14.0,,,,,-106.7,865,2360,,전자장비와기기,KOSDAQ
079810,740.0,,,,26.0,,,,1.0,-819.2,864,4015,285.18,전기제품,KOSDAQ
004650,1223.0,,,,159.0,,,,1.0,180.06,864,9400,,음료,KOSDAQ
226400,454.0,576.0,726.5,865.0,89.0,118.0,157.0,176.0,1.0,87.07,864,4180,26.09,건강관리장비와용품,KOSDAQ
130580,914.0,963.0,1006.0,1050.0,154.0,168.0,177.0,186.0,1.0,-364.63,861,5590,9.29,상업서비스와공급품,KOSDAQ
025950,334.0,,,,-22.0,,,,,-662.04,861,10250,18.54,건설,KOSDAQ
185490,36.0,,,,-99.0,,,,,-358.3,860,1990,,생물공학,KOSDAQ
322180,589.0,,,,-43.0,,,,,-383.59,861,4005,,IT서비스,KOSDAQ
107600,384.0,,,,-94.0,,,,,170.1,863,15270,,전기제품,KOSDAQ
072020,491.0,510.0,,,65.0,66.0,,,,-207.47,860,9290,18.27,제약,KOSDAQ
063080,992.0,885.0,,,-68.0,-51.0,,,0.294,1549.29,859,13020,,게임엔터테인먼트,KOSDAQ
033290,7932.0,,,,227.0,,,,1.0,3807.99,856,1524,9.86,항공화물운송과물류,KOSDAQ
201490,1209.0,1104.0,,,126.0,160.0,,,0.2063,-878.71,856,2615,12.3,게임엔터테인먼트,KOSDAQ
183490,678.0,,,,-143.0,,,,,-814.75,838,990,,제약,KOSDAQ
047560,1068.0,,,,-190.0,,,,,-349.59,854,7270,,소프트웨어,KOSDAQ
038110,25620.0,,,,357.0,,,,1.0,8841.09,852,2070,4.09,자동차부품,KOSDAQ
049180,1402.0,,,,-51.0,,,,,46.83,840,1009,,건설,KOSDAQ
029480,76.0,,,,-42.0,,,,1.0,-1877.83,852,1427,12.56,IT서비스,KOSDAQ
054540,1185.0,,,,102.0,,,,0.9826,1328.93,852,6550,9.09,조선,KOSDAQ
044990,819.0,,,,97.0,,,,1.0,-356.64,848,11040,4.16,전자장비와기기,KOSDAQ
215100,134.0,,,,-20.0,,,,0.9768,-55.17,845,4155,68.84,교육서비스,KOSDAQ
149980,321.0,,,,41.0,,,,1.0,-211.39,848,4930,29.71,건강관리장비와용품,KOSDAQ
066980,1999.0,,,,28.0,,,,0.2,172.95,840,1562,91.71,건설,KOSDAQ
086960,1877.0,,,,58.0,,,,1.0,-374.63,846,1990,98.01,소프트웨어,KOSDAQ
223250,666.0,,,,52.0,,,,0.9491,-198.72,835,3395,20.64,제약,KOSDAQ
204840,353.0,,,,3.0,,,,1.0,176.25,822,5300,,제약,KOSDAQ
102370,123.0,,,,-41.0,,,,,676.66,839,3240,,판매업체,KOSDAQ
302550,245.0,,,,7.0,,,,0.9717,-10.92,834,2755,125.1,건강관리장비와용품,KOSDAQ
019550,327.0,,,,93.0,,,,,,835,1030,16.72,창업투자,KOSDAQ
418470,882.0,975.0,1062.0,1179.0,144.0,152.0,172.0,204.0,,-754.08,827,9650,8.38,출판,KOSDAQ
067000,1404.0,,,,57.0,,,,0.711,827.83,824,1179,34.03,게임엔터테인먼트,KOSDAQ
040160,1016.0,,,,-61.0,,,,1.0,129.14,821,6810,16.73,IT서비스,KOSDAQ
091120,2051.0,,,,-199.0,,,,,926.14,823,4805,,핸드셋,KOSDAQ
412540,1513.0,,,,-72.0,,,,,654.7,811,3935,,전기제품,KOSDAQ
037760,1270.0,,,,-11.0,,,,0.7528,680.14,812,2400,17.91,철강,KOSDAQ
228340,559.0,,,,-47.0,,,,,-119.73,822,4110,9.7,건축자재,KOSDAQ
205470,301.0,,,,-106.0,,,,,-1564.25,817,3310,,생명과학도구및서비스,KOSDAQ
101330,13713.0,,,,418.0,,,,0.5487,1606.69,819,3540,5.13,자동차부품,KOSDAQ
413390,755.0,,,,44.0,,,,1.0,160.59,812,7010,9.78,전기제품,KOSDAQ
054670,2024.0,,,,117.0,,,,,633.33,811,5650,10.36,제약,KOSDAQ
037030,4470.0,,,,246.0,,,,0.7121,1343.76,810,3175,,전기제품,KOSDAQ
478560,573.0,,,,93.0,,,,1.0,204.63,808,3130,,"섬유,의류,신발,호화품",KOSDAQ
066430,364.0,,,,2.0,,,,,63.25,809,2065,9.61,화학,KOSDAQ
131370,488.0,,,,24.0,,,,0.9883,-154.78,808,1517,27.02,소프트웨어,KOSDAQ
900260,7552.0,,,,112.0,,,,1.0,-418.55,808,1755,1.83,통신장비,KOSDAQ
065450,830.0,,,,44.0,,,,1.0,182.06,802,2720,,우주항공과국방,KOSDAQ
090470,307.0,,,,-237.0,,,,,305.19,804,4600,,전자장비와기기,KOSDAQ
214680,1163.0,,,,-139.0,,,,,541.05,801,960,,건강관리장비와용품,KOSDAQ
040910,1970.0,,,,45.0,,,,,76.79,801,4410,,디스플레이장비및부품,KOSDAQ
061250,1008.0,,,,-23.0,,,,,-895.91,802,9530,37.97,제약,KOSDAQ
033560,58.0,,,,6.0,,,,1.0,142.64,801,4685,,부동산,KOSDAQ
058400,685.0,,,,32.0,,,,0.993,-1268.19,799,6030,18.95,방송과엔터테인먼트,KOSDAQ
036640,789.0,,,,134.0,,,,1.0,-191.92,801,4895,7.27,화학,KOSDAQ
105740,1288.0,,,,111.0,,,,1.0,401.08,799,7860,7.52,기계,KOSDAQ
175250,834.0,,,,-120.0,,,,1.0,202.91,789,2100,,화장품,KOSDAQ
045970,3751.0,,,,-22.0,,,,,154.41,799,3035,,핸드셋,KOSDAQ
048910,3428.0,4579.0,4926.0,5077.0,100.0,202.0,239.0,258.0,0.8323,287.36,795,6320,24.35,방송과엔터테인먼트,KOSDAQ
217190,568.0,,,,10.0,,,,0.9873,173.14,794,6040,31.94,반도체와반도체장비,KOSDAQ
089230,123.0,,,,-86.0,,,,,130.27,792,2010,,양방향미디어와서비스,KOSDAQ
950250,75.81,78.28,,,-71.27,-93.34,,,,-322.52,792,2230,,반도체와반도체장비,KOSDAQ
053280,6265.0,,,,29.0,,,,1.0,1704.06,789,3155,,인터넷과카탈로그소매,KOSDAQ
104460,3963.0,,,,286.0,,,,1.0,170.8,797,7580,43.13,기계,KOSDAQ
321370,190.0,,,,-116.0,,,,,142.21,788,1116,,통신장비,KOSDAQ
337930,2741.0,,,,173.0,,,,0.9626,-5.29,785,2645,16.54,"섬유,의류,신발,호화품",KOSDAQ
066700,2716.0,,,,102.0,,,,0.9024,6.93,788,2120,5.54,제약,KOSDAQ
381620,227.0,,,,-123.0,,,,1.0,-42.2,784,5980,15.45,기계,KOSDAQ
011370,6451.0,,,,626.0,,,,1.0,2694.27,785,3890,2.01,건설,KOSDAQ
282620,3466.0,,,,322.0,,,,1.0,914.75,779,13300,,"섬유,의류,신발,호화품",KOSDAQ
251120,192.0,213.0,233.4,,63.0,80.0,102.2,,,-552.51,783,9000,21.98,생물공학,KOSDAQ
038680,4574.0,,,,107.0,,,,0.9073,-147.43,783,3930,4.44,IT서비스,KOSDAQ
012700,3877.0,,,,109.0,,,,1.0,6882.79,782,2985,18.01,석유와가스,KOSDAQ
487580,799.0,,,,104.0,,,,1.0,-166.74,777,3085,8.02,가정용기기와용품,KOSDAQ
094860,310.0,,,,-46.0,,,,,-237.51,775,1460,,게임엔터테인먼트,KOSDAQ
045660,1602.0,,,,87.0,,,,1.0,223.83,778,9420,22.47,컴퓨터와주변기기,KOSDAQ
115440,755.0,,,,19.0,,,,1.0,-95.45,775,7180,11.2,통신장비,KOSDAQ
039980,436.0,,,,-47.0,,,,,-31.92,777,5400,53.52,IT서비스,KOSDAQ
007820,1491.0,,,,-80.0,,,,1.0,212.48,775,3870,,기계,KOSDAQ
124560,11173.0,,,,22.0,,,,0.9618,1507.04,774,2000,5.52,해운사,KOSDAQ
347890,623.0,,,,-58.0,,,,1.0,127.78,772,4535,20.48,전자장비와기기,KOSDAQ
142280,1084.0,,,,29.0,,,,1.0,149.63,770,3215,56.04,건강관리장비와용품,KOSDAQ
024880,7439.0,,,,354.0,,,,1.0,2009.51,772,3870,4.96,기계,KOSDAQ
065510,1180.0,,,,56.0,,,,1.0,700.4,770,7080,22.97,건강관리장비와용품,KOSDAQ
100130,1197.0,,,,69.0,,,,,-104.95,770,1348,,에너지장비및서비스,KOSDAQ
487400,178.0,,,,-18.0,,,,,-32.27,766,7470,,통신장비,KOSDAQ
030960,559.0,495.0,,,-61.0,-64.0,,,,-905.64,765,4790,32.3,상업서비스와공급품,KOSDAQ
451250,680.0,,,,45.0,,,,1.0,-223.4,767,7500,153.68,화장품,KOSDAQ
058630,917.0,,,,176.0,,,,1.0,-633.77,765,4075,5.54,게임엔터테인먼트,KOSDAQ
263800,1038.0,,,,12.0,,,,,-71.83,770,4745,51.58,IT서비스,KOSDAQ
225530,385.0,,,,-49.0,,,,1.0,468.88,767,2110,11.82,건축자재,KOSDAQ
073640,141.0,,,,-101.0,,,,,108.38,761,654,,기계,KOSDAQ
261780,2.0,,,,-143.0,,,,,-94.52,763,2635,,제약,KOSDAQ
004590,1416.0,,,,175.0,,,,1.0,-79.79,762,5080,5.43,식품과기본식료품소매,KOSDAQ
382840,1491.0,,,,70.0,,,,1.0,-454.7,762,4990,49.72,전기제품,KOSDAQ
290660,161.0,,,,-29.0,,,,,-60.78,761,1777,,건강관리장비와용품,KOSDAQ
246960,220.0,347.0,,,-34.0,0.0,,,,286.78,760,2235,,건강관리업체및서비스,KOSDAQ
294630,34.0,,,,-39.0,,,,,8.02,759,2865,,전기장비,KOSDAQ
463020,188.0,,,,-11.0,,,,,-443.26,757,8420,,IT서비스,KOSDAQ
365330,974.0,,,,-27.0,,,,1.0,122.7,757,1509,9.28,건축자재,KOSDAQ
078890,5175.0,,,,125.0,,,,1.0,1593.85,756,4105,,전자제품,KOSDAQ
041930,4034.0,,,,172.0,,,,1.0,73.36,756,4975,9.1,자동차부품,KOSDAQ
047820,1722.0,,,,28.0,,,,0.9143,-1326.11,754,3085,,방송과엔터테인먼트,KOSDAQ
060590,1238.0,,,,62.0,,,,1.0,221.11,752,3110,,제약,KOSDAQ
412350,47.0,,,,-135.0,,,,,51.26,752,5150,,반도체와반도체장비,KOSDAQ
417790,491.0,,,,133.0,,,,,-720.27,752,7180,10.87,전자장비와기기,KOSDAQ
208140,1609.0,,,,68.0,,,,1.0,414.57,748,2290,2.8,식품,KOSDAQ
032540,944.0,,,,33.0,,,,0.9995,130.95,751,3595,18.33,전자제품,KOSDAQ
088390,591.0,,,,65.0,,,,1.0,36.31,746,7950,,레저용장비와제품,KOSDAQ
140070,2084.0,,,,-117.0,,,,0.9452,1890.04,747,2020,23.29,반도체와반도체장비,KOSDAQ
173130,2333.0,,,,140.0,,,,1.0,-344.22,746,5720,14.63,IT서비스,KOSDAQ
900300,1833.0,,,,-615.0,,,,,-2029.82,747,3630,,화장품,KOSDAQ
253840,94.0,,,,-188.0,,,,,-129.83,745,4450,,건강관리장비와용품,KOSDAQ
128660,3490.0,,,,122.0,,,,0.9019,707.81,740,2985,6.92,비철금속,KOSDAQ
000440,496.0,,,,-17.0,,,,,-49.42,741,11900,,석유와가스,KOSDAQ
475430,693.0,812.0,878.0,959.0,74.0,91.0,102.0,121.0,,-228.69,744,4170,8.88,전기장비,KOSDAQ
052900,1263.0,1604.0,,,54.0,301.0,,,1.0,-163.85,742,968,15.22,반도체와반도체장비,KOSDAQ
371950,324.0,,,,-199.0,,,,,473.14,740,3250,,디스플레이장비및부품,KOSDAQ
085670,1541.0,1475.0,1855.0,2065.0,92.0,11.0,107.0,163.0,1.0,81.13,737,3010,23.46,전자장비와기기,KOSDAQ
265560,1086.0,,,,180.0,,,,1.0,-162.21,737,6890,18.23,자동차부품,KOSDAQ
017480,2180.0,,,,51.0,,,,,-1165.59,738,4780,7.69,철강,KOSDAQ
067370,137.0,,,,50.0,,,,,254.36,735,6020,30.2,생물공학,KOSDAQ
170030,3679.0,3697.0,3882.0,,123.0,164.0,182.0,,1.0,-369.24,736,4795,8.33,자동차부품,KOSDAQ
234920,82.0,,,,-37.0,,,,,297.85,718,5310,,건강관리장비와용품,KOSDAQ
389140,337.0,,,,-74.0,,,,,-48.81,728,5100,,방송과엔터테인먼트,KOSDAQ
011320,4302.0,,,,144.0,,,,1.0,420.41,726,3760,15.71,자동차부품,KOSDAQ
303810,1303.0,,,,130.0,,,,,294.71,729,2280,13.33,건강관리장비와용품,KOSDAQ
338220,348.0,,,,-49.0,,,,,-241.86,735,5250,,건강관리기술,KOSDAQ
228670,1113.0,,,,-98.0,,,,1.0,278.08,726,4640,,건강관리장비와용품,KOSDAQ
020710,1684.0,,,,151.0,,,,1.0,-245.24,735,3665,10.5,"호텔,레스토랑,레저",KOSDAQ
012790,806.0,,,,74.0,,,,,-406.94,725,6050,6.77,제약,KOSDAQ
054040,4178.0,,,,229.0,,,,1.0,565.02,724,4505,3.91,디스플레이장비및부품,KOSDAQ
019540,8551.0,,,,480.0,,,,1.0,1830.49,719,5320,1.0,자동차부품,KOSDAQ
171120,1303.0,,,,114.0,,,,1.0,-393.16,722,2010,17.43,건축자재,KOSDAQ
080010,1038.0,,,,229.0,,,,0.7078,-696.54,720,7320,8.61,다각화된소비자서비스,KOSDAQ
010280,5720.0,6363.0,7066.0,7792.0,209.0,354.0,402.0,467.0,0.9813,-18.78,722,5540,1.6,IT서비스,KOSDAQ
109860,917.0,,,,14.0,,,,0.9994,-91.09,716,7870,270.45,기계,KOSDAQ
052460,2065.0,3282.0,4876.0,5723.0,80.0,94.0,191.0,236.0,1.0,-28.77,714,4890,12.06,IT서비스,KOSDAQ
092040,420.0,,,,-171.0,,,,,491.74,716,1013,,생물공학,KOSDAQ
347000,367.0,,,,25.0,,,,1.0,-168.67,718,1900,,전자장비와기기,KOSDAQ
076610,1603.0,,,,-67.0,,,,,424.73,716,1209,,핸드셋,KOSDAQ
439580,1859.0,,,,-20.0,,,,,295.73,714,2110,,건강관리업체및서비스,KOSDAQ
299660,88.0,,,,-113.0,,,,,168.64,712,2415,,생물공학,KOSDAQ
214260,310.0,338.0,,,-30.0,,,,,152.27,712,7980,,화장품,KOSDAQ
332370,491.0,,,,109.0,,,,0.9986,-370.58,711,5360,7.54,컴퓨터와주변기기,KOSDAQ
302430,386.0,802.0,890.0,,-57.0,28.0,45.0,,1.0,-200.2,711,7230,14.22,전기제품,KOSDAQ
277880,2647.0,,,,82.0,,,,1.0,349.16,709,3575,,전자장비와기기,KOSDAQ
067170,8521.0,,,,-23.0,,,,,2289.1,708,2580,,기계,KOSDAQ
041910,555.0,,,,32.0,,,,,-60.1,711,5350,21.47,제약,KOSDAQ
067570,16239.0,,,,-219.0,,,,0.5757,7524.84,710,1683,20.49,자동차부품,KOSDAQ
054620,849.0,,,,-68.0,,,,0.9106,399.15,708,3850,10.69,반도체와반도체장비,KOSDAQ
024830,2116.0,,,,31.0,,,,,-1850.76,708,8480,4.26,자동차부품,KOSDAQ
084730,5366.0,,,,159.0,,,,0.575,726.74,707,6360,13.13,전자제품,KOSDAQ
048430,1973.0,,,,18.0,,,,1.0,-702.26,706,6130,5.59,자동차부품,KOSDAQ
006140,1786.0,,,,110.0,,,,,33.94,706,4750,16.45,건강관리장비와용품,KOSDAQ
153710,223.0,,,,-24.0,,,,,14.49,703,4795,,제약,KOSDAQ
196490,333.0,,,,-65.0,,,,,90.05,691,6090,,전기제품,KOSDAQ
234030,1546.0,,,,25.0,,,,0.9751,-330.72,701,2970,111.91,반도체와반도체장비,KOSDAQ
002800,1138.0,,,,108.0,,,,1.0,370.93,699,4610,20.23,제약,KOSDAQ
217330,261.0,,,,-82.0,,,,,-81.28,697,3015,,건강관리업체및서비스,KOSDAQ
137080,545.0,,,,-88.0,,,,1.0,-541.84,696,6500,,디스플레이장비및부품,KOSDAQ
377480,98.0,,,,-64.0,,,,,83.85,700,9850,,IT서비스,KOSDAQ
270520,169.0,,,,-112.0,,,,,651.88,696,3005,,에너지장비및서비스,KOSDAQ
168330,222.0,,,,-33.0,,,,,84.16,695,2190,,화장품,KOSDAQ
043610,3029.0,,,,162.0,,,,0.6356,-794.18,696,1197,14.43,방송과엔터테인먼트,KOSDAQ
212710,322.0,619.0,,,-58.0,90.0,,,1.0,227.47,693,7130,,반도체와반도체장비,KOSDAQ
320000,115.0,,,,-50.0,,,,,478.65,691,10000,25.05,전자장비와기기,KOSDAQ
096350,599.0,,,,-1.0,,,,0.8343,566.88,691,1875,30.56,조선,KOSDAQ
331380,453.0,,,,-102.0,,,,,0.04,692,1892,16.06,전자장비와기기,KOSDAQ
457600,445.0,559.0,721.0,945.0,-34.0,1.0,23.0,43.0,0.9165,132.42,691,5040,,교육서비스,KOSDAQ
111710,168.0,,,,41.0,,,,,-461.9,691,3355,7.47,"호텔,레스토랑,레저",KOSDAQ
110790,3119.0,,,,-47.0,,,,1.0,2329.25,690,2945,8.2,"섬유,의류,신발,호화품",KOSDAQ
039010,1533.0,,,,70.0,,,,1.0,-193.74,684,7930,,통신장비,KOSDAQ
417970,765.0,,,,81.0,,,,1.0,-330.48,684,10700,38.9,기계,KOSDAQ
360070,231.0,,,,-352.0,,,,,575.91,679,8290,27.44,전자장비와기기,KOSDAQ
033130,399.0,,,,55.0,,,,1.0,-339.81,683,1840,24.22,IT서비스,KOSDAQ
049550,775.0,,,,8.0,,,,1.0,519.14,680,3470,21.76,컴퓨터와주변기기,KOSDAQ
179530,129.0,,,,-35.0,,,,,0.02,682,2515,,제약,KOSDAQ
038460,4828.0,,,,226.0,,,,1.0,527.5,679,2685,3.91,전기장비,KOSDAQ
014950,600.0,665.0,751.0,886.0,33.0,33.0,38.0,45.0,1.0,-320.58,681,6760,,제약,KOSDAQ
083790,274.0,,,,-238.0,,,,,477.68,683,888,,생명과학도구및서비스,KOSDAQ
041460,367.0,,,,67.0,,,,1.0,-182.42,676,3560,36.74,IT서비스,KOSDAQ
072950,1209.0,,,,90.0,,,,0.978,-129.5,675,8380,9.08,전자장비와기기,KOSDAQ
024740,1266.0,,,,35.0,,,,0.7868,103.44,678,2060,9.66,자동차부품,KOSDAQ
061040,2660.0,,,,-252.0,,,,1.0,-196.17,679,7500,31.07,핸드셋,KOSDAQ
222110,134.0,,,,15.0,,,,,-120.0,675,4995,,생물공학,KOSDAQ
460940,76.0,90.0,,,10.0,15.0,,,1.0,-267.88,674,5010,26.21,건강관리장비와용품,KOSDAQ
026150,1490.0,,,,-316.0,,,,0.8652,236.44,673,3835,,건설,KOSDAQ
396270,397.0,,,,-129.0,,,,,65.96,673,2045,,반도체와반도체장비,KOSDAQ
388870,,,,,-115.07,,,,,-134.37,668,5160,,생물공학,KOSDAQ
004780,2666.0,,,,103.0,,,,,-409.66,668,4200,4.99,포장재,KOSDAQ
104040,285.0,,,,-79.0,,,,1.0,1142.26,666,2485,,자동차부품,KOSDAQ
036000,103.0,,,,-14.0,,,,,-1728.48,667,2895,4.55,출판,KOSDAQ
096250,347.0,,,,1.0,,,,1.0,-456.03,665,5630,84.06,소프트웨어,KOSDAQ
389030,105.0,,,,-117.0,,,,,-232.02,665,1688,,생물공학,KOSDAQ
100030,189.0,,,,23.0,,,,1.0,-1309.1,663,20200,10.31,소프트웨어,KOSDAQ
122350,5705.0,,,,83.0,,,,0.7676,4177.29,663,1730,13.17,자동차부품,KOSDAQ
950200,592.0,,,,-23.0,,,,,13.49,662,3440,,생명과학도구및서비스,KOSDAQ
054300,672.0,,,,-28.0,,,,,433.33,663,1145,165.61,해운사,KOSDAQ
221800,256.0,,,,-24.0,,,,,-78.12,661,4050,84.36,건강관리업체및서비스,KOSDAQ
049080,403.0,,,,-125.0,,,,,229.93,657,7740,,통신장비,KOSDAQ
451220,329.0,500.0,,,2.0,40.0,,,1.0,5.42,654,8310,,반도체와반도체장비,KOSDAQ
064800,449.0,,,,-211.0,,,,1.0,-449.92,653,2555,,전문소매,KOSDAQ
014970,943.0,,,,65.0,,,,1.0,145.84,652,4400,26.57,포장재,KOSDAQ
123420,1253.0,,,,107.0,,,,0.8986,-376.39,652,6270,33.01,게임엔터테인먼트,KOSDAQ
241690,1072.0,,,,21.0,,,,1.0,537.16,651,2660,11.3,자동차부품,KOSDAQ
005670,3203.0,,,,184.0,,,,0.8357,690.05,649,6490,7.79,식품,KOSDAQ
066310,233.0,,,,3.0,,,,1.0,-262.0,652,7030,33.92,반도체와반도체장비,KOSDAQ
303360,151.0,217.0,,,37.0,60.0,,,,-136.61,644,5000,85.77,건강관리장비와용품,KOSDAQ
483350,307.0,,,,16.0,,,,1.0,-265.96,642,2900,,IT서비스,KOSDAQ
424960,94.0,,,,-53.0,,,,,-253.11,648,3930,,자동차부품,KOSDAQ
081150,2092.0,,,,52.0,,,,,598.75,648,2670,,비철금속,KOSDAQ
411080,116.0,,,,-18.0,,,,,-300.99,642,4205,264.85,소프트웨어,KOSDAQ
459550,1129.0,,,,90.0,,,,1.0,-356.25,639,2535,17.59,핸드셋,KOSDAQ
187420,434.0,,,,12.0,,,,0.9866,60.14,643,1969,,생물공학,KOSDAQ
443250,565.0,,,,89.0,,,,0.8294,-464.43,638,5900,41.68,양방향미디어와서비스,KOSDAQ
382480,362.0,,,,11.0,,,,1.0,-60.13,640,1627,19.41,전기제품,KOSDAQ
457370,339.0,,,,49.0,,,,,-208.74,637,7900,10.51,디스플레이장비및부품,KOSDAQ
001840,1152.0,,,,33.0,,,,,16.75,626,2215,,건설,KOSDAQ
216050,505.0,,,,115.0,,,,1.0,-1356.05,637,5220,10.87,광고,KOSDAQ
043650,675.0,,,,-8.0,,,,0.999,-504.85,635,3555,16.98,음료,KOSDAQ
294090,37.0,,,,-222.0,,,,,192.25,623,1490,,건강관리장비와용품,KOSDAQ
331740,255.0,,,,-135.0,,,,,255.98,635,6510,,자동차부품,KOSDAQ
010240,1370.0,,,,149.0,,,,1.0,-411.34,632,5400,5.54,기계,KOSDAQ
208370,308.0,,,,-2.0,,,,1.0,-249.83,632,2455,31.77,건강관리장비와용품,KOSDAQ
136150,296.0,,,,-18.0,,,,,-8.62,627,7480,,에너지장비및서비스,KOSDAQ
352910,335.0,,,,-37.0,,,,1.0,-185.58,626,4950,317.78,소프트웨어,KOSDAQ
032850,360.0,,,,59.0,,,,1.0,-251.41,628,3775,17.62,건강관리기술,KOSDAQ
064240,980.0,,,,-29.0,,,,,-417.74,624,1800,,전문소매,KOSDAQ
147760,253.0,,,,-204.0,,,,,22.52,631,3155,,반도체와반도체장비,KOSDAQ
203400,9.0,,,,-194.0,,,,,-46.86,609,676,,제약,KOSDAQ
039420,476.0,,,,105.0,,,,0.9239,-401.32,622,2710,8.43,IT서비스,KOSDAQ
089850,6679.0,,,,215.0,,,,0.5675,1688.68,615,4175,6.51,전자제품,KOSDAQ
241790,1680.0,,,,90.0,,,,0.9869,79.92,616,6160,9.91,반도체와반도체장비,KOSDAQ
048770,863.0,,,,-23.0,,,,,329.65,622,3965,,기계,KOSDAQ
191420,59.0,,,,-44.0,,,,1.0,-271.92,615,7580,,생물공학,KOSDAQ
037440,2319.0,2509.0,2964.0,3140.0,91.0,95.0,133.0,135.0,1.0,60.51,610,4385,17.4,건설,KOSDAQ
175140,555.0,,,,-116.0,,,,,-91.0,615,2465,,전자제품,KOSDAQ
291230,272.0,,,,-30.0,,,,,36.41,609,2535,,광고,KOSDAQ
456070,53.0,,,,-179.0,,,,,-182.6,612,5550,,제약,KOSDAQ
053160,231.0,,,,4.0,,,,1.0,-321.57,605,10090,113.63,기계,KOSDAQ
050960,307.0,,,,51.0,,,,,-336.74,604,8950,12.44,소프트웨어,KOSDAQ
014470,3195.0,,,,18.0,,,,1.0,-91.03,604,1006,,가정용기기와용품,KOSDAQ
060310,290.0,284.0,,,-58.0,-51.0,,,1.0,-63.57,603,1137,54.96,기계,KOSDAQ
053620,1404.0,,,,24.0,,,,1.0,-889.54,602,7000,8.96,가정용품,KOSDAQ
365660,160.0,,,,-7.0,,,,,-188.51,601,4465,,건강관리업체및서비스,KOSDAQ
039020,4471.0,,,,-12.0,,,,,2070.23,601,2660,,건축자재,KOSDAQ
318160,511.0,,,,93.0,,,,1.0,90.67,599,6420,,화장품,KOSDAQ
094850,921.0,,,,98.0,,,,,-861.38,600,4285,13.46,"호텔,레스토랑,레저",KOSDAQ
059270,151.0,,,,-6.0,,,,,-147.21,601,5380,,기계,KOSDAQ
016250,13420.0,,,,528.0,,,,,5639.79,599,11900,,건설,KOSDAQ
008370,876.0,,,,66.0,,,,,-428.79,599,4990,7.94,화학,KOSDAQ
214270,2723.0,,,,305.0,,,,,141.13,597,1320,,양방향미디어와서비스,KOSDAQ
044340,3695.0,,,,-607.0,,,,1.0,2478.93,596,3335,18.91,가정용기기와용품,KOSDAQ
155650,1728.0,,,,46.0,,,,1.0,-68.51,596,3140,8.14,디스플레이장비및부품,KOSDAQ
003310,1010.0,,,,106.0,,,,1.0,-156.74,595,1682,5.95,식품,KOSDAQ
039610,814.0,,,,-16.0,,,,1.0,208.13,594,5710,7.14,기계,KOSDAQ
033320,3138.0,,,,77.0,,,,0.9385,-283.59,594,3105,,컴퓨터와주변기기,KOSDAQ
065170,65.0,,,,-28.0,,,,,-23.38,593,2125,,건강관리업체및서비스,KOSDAQ
036120,413.0,,,,68.0,,,,1.0,-270.77,594,1690,262.37,상업서비스와공급품,KOSDAQ
066670,1886.0,,,,-18.0,,,,1.0,-1406.03,592,3165,30.25,핸드셋,KOSDAQ
323350,269.0,363.0,477.0,587.0,40.0,55.0,78.0,91.0,,-208.57,594,7410,990.32,반도체와반도체장비,KOSDAQ
448710,681.0,,,,83.0,,,,,223.43,595,11260,9.46,우주항공과국방,KOSDAQ
095270,805.0,,,,-16.0,,,,1.0,-92.29,592,4120,114.7,우주항공과국방,KOSDAQ
060570,2250.0,,,,6.0,,,,1.0,-501.37,585,3950,,방송과엔터테인먼트,KOSDAQ
215360,5320.0,,,,187.0,,,,0.9874,757.41,591,6470,7.26,자동차부품,KOSDAQ
045340,275.0,,,,94.0,,,,,-320.65,590,6900,10.01,운송인프라,KOSDAQ
099520,252.0,,,,-33.0,,,,1.0,-23.66,581,1284,,통신장비,KOSDAQ
033310,865.0,,,,28.0,,,,1.0,144.82,587,1469,42.93,자동차부품,KOSDAQ
049470,248.0,,,,-45.0,,,,,-102.6,590,2505,,소프트웨어,KOSDAQ
082210,1957.0,2287.0,2630.0,,-31.0,140.0,237.0,,1.0,1191.2,588,1682,38.75,전자장비와기기,KOSDAQ
067920,1433.0,,,,160.0,,,,1.0,-486.14,586,5330,7.91,IT서비스,KOSDAQ
357580,1221.0,1270.0,1940.0,,53.0,50.0,210.0,,1.0,387.41,584,4955,,핸드셋,KOSDAQ
460870,558.0,664.0,761.0,,49.0,63.0,94.0,,,239.33,585,2915,54.22,포장재,KOSDAQ
333620,488.0,,,,-61.0,,,,1.0,2.59,583,5300,47.12,전자장비와기기,KOSDAQ
100590,1239.0,,,,-7.0,,,,1.0,18.37,583,3400,20.13,통신장비,KOSDAQ
010470,2277.0,,,,89.0,,,,1.0,-860.36,581,4850,12.89,광고,KOSDAQ
036090,4830.0,,,,258.0,,,,0.3249,1444.27,579,1361,,디스플레이장비및부품,KOSDAQ
126880,1473.0,,,,32.0,,,,1.0,-270.22,578,2495,32.81,석유와가스,KOSDAQ
049480,2331.0,,,,79.0,,,,0.9525,-254.76,578,1840,15.93,컴퓨터와주변기기,KOSDAQ
225190,214.0,,,,-169.0,,,,1.0,-37.93,579,821,131.63,전자장비와기기,KOSDAQ
263690,1027.0,,,,90.0,,,,1.0,-62.49,575,5080,12.83,건강관리장비와용품,KOSDAQ
263600,1769.0,,,,16.0,,,,1.0,544.79,574,3605,,핸드셋,KOSDAQ
024950,1756.0,,,,124.0,,,,0.5068,-751.38,575,4640,18.17,레저용장비와제품,KOSDAQ
065530,755.0,,,,55.0,,,,1.0,295.69,569,1190,42.08,무선통신서비스,KOSDAQ
024910,7053.0,,,,73.0,,,,0.8226,2055.72,569,1589,9.4,자동차부품,KOSDAQ
294140,75.0,,,,-71.0,,,,,96.71,568,2280,,화학,KOSDAQ
007370,1207.0,,,,25.0,,,,,687.5,568,4020,6.02,제약,KOSDAQ
094940,235.0,,,,-10.0,,,,1.0,-72.04,566,6770,27.78,컴퓨터와주변기기,KOSDAQ
348150,693.0,,,,-97.0,,,,,-313.59,565,2910,,건강관리업체및서비스,KOSDAQ
053050,1701.0,,,,73.0,,,,,287.08,564,1881,17.87,가스유틸리티,KOSDAQ
452400,1226.0,,,,-10.0,,,,1.0,-244.48,563,6210,81.19,전기제품,KOSDAQ
464490,107.0,,,,-64.0,,,,,-92.59,562,4895,,생물공학,KOSDAQ
340930,600.0,,,,-27.0,,,,,326.79,555,806,,전자장비와기기,KOSDAQ
273640,291.0,,,,17.0,,,,,63.82,564,5140,24.75,전기제품,KOSDAQ
043710,357.0,,,,-83.0,,,,1.0,1489.03,562,3245,,건강관리업체및서비스,KOSDAQ
370090,121.0,,,,-72.0,,,,,-278.02,560,6550,36.21,전자장비와기기,KOSDAQ
053270,4262.0,,,,243.0,,,,1.0,3985.39,559,2040,4.22,자동차부품,KOSDAQ
070300,185.0,,,,19.0,,,,,11.1,557,1568,,핸드셋,KOSDAQ
054930,3855.0,,,,92.0,,,,,-253.29,556,18550,4.93,건설,KOSDAQ
251630,490.0,,,,-128.0,,,,,51.33,556,3490,57.62,기계,KOSDAQ
217480,301.0,,,,-63.0,,,,,-170.39,548,499,,화장품,KOSDAQ
420570,330.0,520.0,,,29.0,90.0,,,1.0,-88.64,552,9440,,화장품,KOSDAQ
062970,36.0,,,,-34.0,,,,,-173.85,545,1911,,통신장비,KOSDAQ
408470,664.0,,,,82.0,,,,1.0,-362.09,552,5220,28.09,IT서비스,KOSDAQ
036670,1168.0,,,,109.0,,,,,-431.43,550,5110,7.45,화학,KOSDAQ
419080,54.0,,,,-63.0,,,,,-44.45,549,5050,541.26,디스플레이장비및부품,KOSDAQ
459100,1687.0,2427.0,2830.0,3212.0,26.0,86.0,122.0,195.0,0.8608,729.12,545,4050,66.78,핸드셋,KOSDAQ
340810,140.0,,,,-113.0,,,,,29.62,544,3900,,소프트웨어,KOSDAQ
347740,228.0,,,,39.0,,,,1.0,-317.91,544,1813,15.34,생명과학도구및서비스,KOSDAQ
435570,356.0,,,,3.0,,,,1.0,260.41,544,7140,,식품,KOSDAQ
314140,1362.0,,,,51.0,,,,,-5.2,543,6260,13.75,제약,KOSDAQ
117670,823.0,,,,-20.0,,,,,-239.76,544,8160,,반도체와반도체장비,KOSDAQ
040610,477.0,,,,37.0,,,,,546.1,539,3160,0.58,자동차부품,KOSDAQ
088910,3255.0,,,,132.0,,,,1.0,-428.19,539,2095,3.03,식품,KOSDAQ
025550,2194.0,,,,82.0,,,,0.2,1328.96,542,2125,,철강,KOSDAQ
033230,3427.0,,,,-43.0,,,,,-56.64,540,1068,,IT서비스,KOSDAQ
238090,504.0,,,,48.0,,,,0.9977,47.59,538,1764,,핸드셋,KOSDAQ
347860,148.0,,,,-102.0,,,,,-118.46,535,1270,,소프트웨어,KOSDAQ
033340,726.0,,,,-61.0,,,,1.0,183.29,534,551,62.67,"섬유,의류,신발,호화품",KOSDAQ
170790,656.0,,,,54.0,,,,1.0,-354.97,534,8340,6.89,통신장비,KOSDAQ
453860,246.0,,,,-1.0,,,,,295.11,535,8300,22.66,화장품,KOSDAQ
104540,1004.0,,,,91.0,,,,0.8981,32.79,532,3965,38.67,건강관리장비와용품,KOSDAQ
340360,632.0,,,,-19.0,,,,,102.23,528,1015,,통신장비,KOSDAQ
104620,1197.0,,,,22.0,,,,1.0,39.15,530,3150,17.57,"호텔,레스토랑,레저",KOSDAQ
105760,914.0,,,,34.0,,,,1.0,-175.89,528,5180,10.18,상업서비스와공급품,KOSDAQ
199550,257.0,,,,-120.0,,,,1.0,-58.24,528,3555,,건강관리장비와용품,KOSDAQ
046940,3763.0,,,,672.0,,,,1.0,-204.38,524,2900,1.1,건설,KOSDAQ
097800,755.0,,,,-143.0,,,,,495.09,524,1920,,반도체와반도체장비,KOSDAQ
288180,539.0,,,,26.0,,,,1.0,141.76,525,7100,,우주항공과국방,KOSDAQ
027050,737.0,,,,-44.0,,,,1.0,-102.77,524,1310,64.18,화장품,KOSDAQ
317530,57.0,,,,-36.0,,,,,185.1,521,2980,,양방향미디어와서비스,KOSDAQ
311690,37.0,,,,-248.0,,,,,-321.75,521,3985,,생명과학도구및서비스,KOSDAQ
315640,75.0,,,,-106.0,,,,,-90.41,518,1764,,IT서비스,KOSDAQ
042110,2161.0,,,,63.0,,,,1.0,-687.08,518,1071,17.5,전기제품,KOSDAQ
376290,2165.0,,,,54.0,,,,1.0,-638.71,515,2915,67.85,핸드셋,KOSDAQ
039240,3571.0,,,,60.0,,,,,-134.99,514,1907,9.86,철강,KOSDAQ
192250,484.0,,,,29.0,,,,1.0,88.49,512,7240,20.03,소프트웨어,KOSDAQ
219550,449.0,,,,-5.0,,,,,98.15,511,1235,,화장품,KOSDAQ
015710,958.0,,,,30.0,,,,,-290.71,511,2915,27.19,통신장비,KOSDAQ
046210,150.0,,,,-34.0,,,,,-183.23,511,1122,,생명과학도구및서비스,KOSDAQ
262260,1471.0,,,,-58.0,,,,1.0,1211.96,510,3380,16.13,전자장비와기기,KOSDAQ
179900,200.0,,,,-483.0,,,,,788.1,510,2365,,핸드셋,KOSDAQ
131400,590.0,,,,-32.0,,,,1.0,-186.04,510,855,126.36,전자장비와기기,KOSDAQ
299170,517.0,,,,39.0,,,,1.0,46.58,509,1227,23.12,제약,KOSDAQ
092300,2374.0,,,,110.0,,,,1.0,-222.79,508,2520,7.43,전자장비와기기,KOSDAQ
071670,3055.0,,,,6.0,,,,1.0,1049.92,507,5070,67.98,기계,KOSDAQ
393970,845.0,,,,-204.0,,,,1.0,620.77,504,2825,,전기제품,KOSDAQ
060560,2988.0,,,,-185.0,,,,0.8196,2049.95,507,1996,7.75,건축자재,KOSDAQ
291650,35.0,,,,-78.0,,,,,-58.31,505,1655,,생명과학도구및서비스,KOSDAQ
056360,626.0,,,,3.0,,,,1.0,-327.57,506,5170,73.35,통신장비,KOSDAQ
261520,213.0,,,,-68.0,,,,,-78.79,506,4925,,IT서비스,KOSDAQ
246690,196.0,,,,90.0,,,,1.0,,505,2125,5.53,창업투자,KOSDAQ
463480,674.0,,,,-17.0,,,,1.0,0.02,496,4000,,자동차부품,KOSDAQ
217500,271.0,,,,-52.0,,,,1.0,-141.42,504,1584,37.78,반도체와반도체장비,KOSDAQ
256630,360.0,,,,8.0,,,,1.0,-183.29,503,4340,,디스플레이장비및부품,KOSDAQ
068330,145.0,,,,45.0,,,,,-474.24,495,1120,9.56,생명과학도구및서비스,KOSDAQ
089790,384.0,,,,-22.0,,,,1.0,-428.72,494,4785,16.06,반도체와반도체장비,KOSDAQ
317690,37.0,,,,-156.0,,,,,-242.37,495,2460,,생명과학도구및서비스,KOSDAQ
317830,616.0,,,,-8.0,,,,,-227.05,490,4550,,기계,KOSDAQ
424980,222.0,,,,-34.0,,,,,-0.79,491,8290,,반도체와반도체장비,KOSDAQ
122310,1080.0,,,,-2.0,,,,1.0,164.25,489,3360,8.16,건강관리장비와용품,KOSDAQ
037950,463.0,,,,22.0,,,,1.0,-88.78,490,2900,47.97,전자장비와기기,KOSDAQ
027830,93.0,,,,8.0,,,,,,488,904,41.03,창업투자,KOSDAQ
317850,407.0,,,,19.0,,,,1.0,66.24,484,5810,,기계,KOSDAQ
059100,346.0,,,,60.0,,,,,-139.48,488,6900,8.0,디스플레이장비및부품,KOSDAQ
418250,12.0,,,,-43.0,,,,,-8.69,476,6550,,소프트웨어,KOSDAQ
163280,281.0,,,,31.0,,,,,-43.77,483,3550,48.84,화학,KOSDAQ
038010,1336.0,,,,71.0,,,,0.9717,-426.46,483,5370,2.94,조선,KOSDAQ
391710,301.0,,,,-27.0,,,,,-61.54,482,1132,46.06,IT서비스,KOSDAQ
123010,384.0,,,,2.0,,,,,9.12,476,2355,,핸드셋,KOSDAQ
440290,174.0,,,,73.0,,,,,,481,1748,6.99,창업투자,KOSDAQ
226340,460.0,,,,-83.0,,,,0.272,82.35,482,5740,457.59,화장품,KOSDAQ
053980,1364.0,,,,110.0,,,,1.0,-485.48,475,2500,4.41,소프트웨어,KOSDAQ
023440,411.0,,,,-85.0,,,,,378.16,470,521,,철강,KOSDAQ
260930,892.0,,,,-57.0,,,,1.0,756.43,476,2460,15.96,화장품,KOSDAQ
099410,419.0,,,,93.0,,,,,-66.63,472,3375,6.51,조선,KOSDAQ
189980,994.0,,,,85.0,,,,0.9725,1143.9,471,1174,9.41,음료,KOSDAQ
019990,235.0,,,,-41.0,,,,1.0,-57.63,473,4850,,기계,KOSDAQ
114450,403.0,,,,2.0,,,,,-141.11,466,2330,,제약,KOSDAQ
063440,533.0,,,,46.0,,,,1.0,-232.18,466,1029,18.83,방송과엔터테인먼트,KOSDAQ
143540,805.0,,,,59.0,,,,1.0,-143.18,467,1046,,디스플레이장비및부품,KOSDAQ
145170,6022.0,,,,133.0,,,,1.0,2084.18,465,2750,,"섬유,의류,신발,호화품",KOSDAQ
321260,315.0,,,,28.0,,,,1.0,-334.21,465,1649,21.83,디스플레이장비및부품,KOSDAQ
198080,2952.0,,,,243.0,,,,1.0,-278.87,463,2150,14.43,핸드셋,KOSDAQ
022220,647.0,,,,-108.0,,,,,420.38,463,894,11.19,건축제품,KOSDAQ
109080,257.0,,,,45.0,,,,,-247.81,463,8220,25.75,통신장비,KOSDAQ
129890,834.0,,,,32.0,,,,1.0,266.99,462,1014,23.44,컴퓨터와주변기기,KOSDAQ
475460,1356.0,,,,29.0,,,,1.0,105.92,461,8170,27.4,인터넷과카탈로그소매,KOSDAQ
014190,2848.0,,,,33.0,,,,1.0,25.68,458,1293,18.58,화학,KOSDAQ
471820,222.0,,,,28.0,,,,1.0,-91.18,458,4055,14.99,제약,KOSDAQ
065130,7985.0,,,,-352.0,,,,0.5681,256.78,459,2865,7.15,핸드셋,KOSDAQ
355690,704.0,,,,-65.0,,,,,210.23,461,4820,,전자장비와기기,KOSDAQ
290670,261.0,,,,-104.0,,,,,64.57,457,5820,,전자장비와기기,KOSDAQ
227950,288.0,,,,94.0,,,,1.0,0.92,455,1319,5.94,반도체와반도체장비,KOSDAQ
094970,2002.0,,,,131.0,,,,0.8969,-662.47,456,2725,3.03,디스플레이장비및부품,KOSDAQ
317870,143.0,,,,-62.0,,,,,238.38,457,5170,,가정용기기와용품,KOSDAQ
053450,4349.0,,,,30.0,,,,0.9599,752.77,456,3080,9.12,전자장비와기기,KOSDAQ
361570,465.0,,,,2.0,,,,,279.3,454,1580,,방송과엔터테인먼트,KOSDAQ
072470,7050.0,,,,342.0,,,,0.5794,866.49,453,2400,8.57,자동차부품,KOSDAQ
127710,731.0,,,,55.0,,,,1.0,427.05,452,1025,,출판,KOSDAQ
382150,4.0,,,,-88.0,,,,,-162.29,451,3455,,생명과학도구및서비스,KOSDAQ
224110,643.0,,,,62.0,,,,,-257.14,451,8880,12.29,컴퓨터와주변기기,KOSDAQ
073110,696.0,,,,-96.0,,,,,614.94,449,5050,,디스플레이장비및부품,KOSDAQ
178780,339.0,,,,20.0,,,,1.0,-205.65,450,2415,,전문소매,KOSDAQ
288330,0.09,,,,-152.0,,,,,19.92,441,416,,제약,KOSDAQ
072990,1075.0,,,,83.0,,,,1.0,575.06,449,3100,8.44,전자장비와기기,KOSDAQ
384470,43.0,,,,-134.0,,,,,-62.42,447,2490,,건강관리기술,KOSDAQ
136410,603.0,,,,120.0,,,,0.9822,111.85,448,4070,24.03,화학,KOSDAQ
083550,1354.0,,,,-4.0,,,,1.0,112.16,448,3305,,"섬유,의류,신발,호화품",KOSDAQ
052790,699.0,,,,286.0,,,,1.0,-931.09,446,4085,2.9,게임엔터테인먼트,KOSDAQ
007680,1121.0,,,,-138.0,,,,1.0,981.51,445,3365,,건설,KOSDAQ
051390,165.0,,,,58.0,,,,1.0,-261.55,442,3890,8.12,판매업체,KOSDAQ
208860,1137.0,,,,28.0,,,,1.0,6.59,442,1303,,자동차부품,KOSDAQ
466410,135.0,,,,47.0,,,,,-346.01,444,8810,11.39,소프트웨어,KOSDAQ
081180,592.0,,,,-31.0,,,,,117.63,445,5040,,전자장비와기기,KOSDAQ
082850,10440.0,,,,10.0,,,,0.5765,50.77,435,897,2.05,디스플레이장비및부품,KOSDAQ
159580,710.0,,,,25.0,,,,1.0,-48.65,440,2195,132.79,화장품,KOSDAQ
278650,741.0,,,,-86.0,,,,,-39.99,437,2505,,생명과학도구및서비스,KOSDAQ
066130,1769.0,,,,104.0,,,,,-100.69,442,3450,12.13,가정용기기와용품,KOSDAQ
229000,75.0,,,,-66.0,,,,,107.69,437,1866,,건강관리장비와용품,KOSDAQ
050120,139.0,,,,-128.0,,,,1.0,-24.78,437,3225,,레저용장비와제품,KOSDAQ
258610,817.0,,,,-8.0,,,,1.0,39.82,436,1194,,핸드셋,KOSDAQ
190650,2514.0,2619.0,,,102.0,91.0,,,,,435,6810,5.75,증권,KOSDAQ
479960,312.0,,,,53.0,,,,,-142.52,435,6100,14.87,전기장비,KOSDAQ
476040,24.0,,,,-162.0,,,,,-175.36,437,6630,,생물공학,KOSDAQ
273060,455.0,,,,76.0,,,,1.0,327.24,425,864,90.93,광고,KOSDAQ
263020,1426.0,,,,122.0,,,,0.9113,-236.69,434,3140,7.03,"섬유,의류,신발,호화품",KOSDAQ
413640,314.0,,,,9.0,,,,1.0,-193.64,427,5930,,IT서비스,KOSDAQ
026040,722.0,,,,7.0,,,,,-63.41,434,2630,46.66,"섬유,의류,신발,호화품",KOSDAQ
307280,352.0,,,,79.0,,,,1.0,-66.02,431,6070,11.32,건강관리장비와용품,KOSDAQ
373200,101.0,,,,-52.0,,,,,232.64,426,1703,,핸드셋,KOSDAQ
460470,44.0,,,,-42.0,,,,,-129.14,429,2840,,생명과학도구및서비스,KOSDAQ
277070,74.0,,,,36.0,,,,1.0,,427,3120,18.08,창업투자,KOSDAQ
189690,329.0,355.17,,,44.0,58.13,,,1.0,-303.23,421,1540,16.0,소프트웨어,KOSDAQ
140520,3986.0,,,,34.0,,,,1.0,605.99,423,2005,22.25,철강,KOSDAQ
037230,2241.0,,,,99.0,,,,,662.9,421,1413,14.57,포장재,KOSDAQ
218150,676.0,,,,-14.0,,,,1.0,-38.81,423,2070,198.69,식품,KOSDAQ
207760,675.0,,,,-25.0,,,,,-207.61,418,2515,,양방향미디어와서비스,KOSDAQ
086060,908.0,,,,39.0,,,,1.0,-99.88,419,4865,14.49,제약,KOSDAQ
286750,60.0,,,,-66.0,,,,1.0,3.28,416,2595,,화학,KOSDAQ
002290,852.0,,,,74.0,,,,,-821.9,417,3365,13.34,건설,KOSDAQ
461030,53.0,,,,-87.0,,,,,-176.46,417,2910,,생명과학도구및서비스,KOSDAQ
150900,467.0,,,,25.0,,,,0.9783,-80.56,415,3545,25.17,소프트웨어,KOSDAQ
234100,2426.0,,,,34.0,,,,0.2,-1248.21,415,2840,21.9,자동차부품,KOSDAQ
900250,699.0,,,,107.0,,,,0.8251,-3330.26,413,1154,19.71,비철금속,KOSDAQ
196300,50.0,,,,-73.0,,,,,-69.95,413,4345,,생물공학,KOSDAQ
056700,2291.0,,,,91.0,,,,1.0,274.7,414,1422,,디스플레이장비및부품,KOSDAQ
373160,1239.0,,,,46.0,,,,1.0,-150.09,414,3000,14.76,교육서비스,KOSDAQ
450330,166.0,,,,9.0,,,,1.0,-77.78,411,5020,27.22,건강관리장비와용품,KOSDAQ
088280,182.0,,,,-67.0,,,,,4.75,411,2375,,핸드셋,KOSDAQ
261200,1142.0,,,,-104.0,,,,1.0,1021.6,410,2595,35.75,건강관리장비와용품,KOSDAQ
042940,186.0,,,,-68.0,,,,1.0,944.48,410,6000,1.13,건설,KOSDAQ
052220,400.0,,,,-76.0,,,,0.9727,-95.33,409,1777,34.8,방송과엔터테인먼트,KOSDAQ
065500,1571.0,,,,9.0,,,,1.0,351.52,407,1139,,자동차부품,KOSDAQ
321820,467.0,,,,-40.0,,,,1.0,-71.71,409,2625,,방송과엔터테인먼트,KOSDAQ
238120,160.0,,,,24.0,,,,1.0,-4.7,407,2865,17.91,생명과학도구및서비스,KOSDAQ
263810,1291.0,,,,26.0,,,,1.0,87.51,403,2530,29.5,전자장비와기기,KOSDAQ
064090,72.0,,,,-61.0,,,,1.0,-220.09,397,798,,판매업체,KOSDAQ
189860,681.0,,,,-88.0,,,,,-1.65,407,4195,,전기장비,KOSDAQ
043340,579.0,,,,20.0,,,,,349.4,406,854,,기계,KOSDAQ
044960,433.0,,,,43.0,,,,,-64.59,403,3185,23.36,제약,KOSDAQ
256150,694.0,,,,28.0,,,,,-129.41,403,4800,11.86,가정용기기와용품,KOSDAQ
222420,356.0,,,,32.0,,,,,308.52,407,840,,화학,KOSDAQ
199480,634.0,,,,-44.0,,,,,-125.77,402,3940,,IT서비스,KOSDAQ
104200,449.0,,,,-7.0,,,,,-183.59,398,2685,,방송과엔터테인먼트,KOSDAQ
101240,565.0,,,,102.0,,,,,9.23,399,3510,14.7,화학,KOSDAQ
042040,769.0,,,,-172.0,,,,,329.51,401,4625,10.66,화학,KOSDAQ
043910,373.0,,,,-40.0,,,,1.0,198.98,401,3535,19.69,상업서비스와공급품,KOSDAQ
038060,1755.0,,,,-50.0,,,,1.0,-615.94,396,824,15.53,디스플레이장비및부품,KOSDAQ
038070,771.0,,,,7.0,,,,1.0,-169.32,397,4265,,생물공학,KOSDAQ
100660,465.0,,,,0.0,,,,0.9884,-283.87,396,3140,29.72,기계,KOSDAQ
049830,1415.0,,,,23.0,,,,,-327.9,392,6400,151.3,포장재,KOSDAQ
066900,5432.0,,,,-578.0,,,,,2336.98,392,1725,,전자장비와기기,KOSDAQ
025880,1218.0,,,,122.0,,,,0.9776,-39.43,394,2355,6.28,식품,KOSDAQ
097870,244.0,219.74,,,35.0,24.16,,,0.9717,42.14,390,4590,57.69,화학,KOSDAQ
263770,580.0,,,,23.0,,,,,-174.83,391,1648,6.16,철강,KOSDAQ
019770,2071.0,,,,119.0,,,,,57.86,389,3340,6.05,자동차부품,KOSDAQ
452200,210.0,,,,-88.0,,,,,-56.2,389,1598,,전기제품,KOSDAQ
250000,1023.0,,,,91.0,,,,1.0,-20.73,388,5750,7.87,식품과기본식료품소매,KOSDAQ
153460,192.0,,,,26.0,,,,,-229.06,386,5910,,소프트웨어,KOSDAQ
014570,625.0,,,,69.0,,,,,-363.15,385,3500,,제약,KOSDAQ
051490,1846.0,,,,-1.0,,,,1.0,751.96,382,2690,10.22,기계,KOSDAQ
122690,29419.0,,,,268.0,,,,0.2,10565.01,386,1674,8.45,자동차부품,KOSDAQ
050860,1133.0,,,,40.0,,,,,230.47,384,1706,6.63,기계,KOSDAQ
221840,846.0,,,,46.0,,,,0.8762,426.18,381,2040,,우주항공과국방,KOSDAQ
086040,470.0,,,,-48.0,,,,,391.04,381,2390,,생명과학도구및서비스,KOSDAQ
186230,1057.0,,,,-10.0,,,,1.0,372.73,384,3515,,건축자재,KOSDAQ
221980,629.0,,,,70.0,,,,1.0,-231.2,378,9360,9.34,화학,KOSDAQ
060850,799.0,,,,42.0,,,,1.0,-21.26,380,4675,19.72,소프트웨어,KOSDAQ
352700,672.0,,,,-58.0,,,,1.0,-412.63,381,1451,28.34,"섬유,의류,신발,호화품",KOSDAQ
171010,427.0,,,,-10.0,,,,,491.62,379,2650,,반도체와반도체장비,KOSDAQ
260660,2012.0,,,,10.0,,,,,201.74,377,2460,28.54,제약,KOSDAQ
053950,559.0,,,,-17.0,,,,,-6.65,377,1920,,제약,KOSDAQ
097780,2174.0,,,,11.0,,,,1.0,-909.68,374,1843,3.89,자동차부품,KOSDAQ
387570,95.0,,,,-26.0,,,,1.0,-18.45,374,6650,,건강관리장비와용품,KOSDAQ
084650,882.0,,,,-535.0,,,,,258.44,371,500,,생명과학도구및서비스,KOSDAQ
219420,170.0,,,,12.0,,,,0.9873,-318.74,370,3230,59.87,소프트웨어,KOSDAQ
263700,817.0,,,,-29.0,,,,0.9829,-224.68,371,1910,,건강관리업체및서비스,KOSDAQ
177900,145.0,301.0,,,-27.0,41.0,,,,90.9,370,3840,6.69,통신장비,KOSDAQ
123570,323.0,,,,3.0,,,,1.0,-647.39,369,1658,20.22,광고,KOSDAQ
006920,812.0,,,,-30.0,,,,0.2832,-71.87,370,3390,5.19,건축자재,KOSDAQ
900270,1088.0,,,,-2.0,,,,1.0,-3268.02,360,3365,,레저용장비와제품,KOSDAQ
072770,896.0,,,,-28.0,,,,,337.54,368,887,,IT서비스,KOSDAQ
046310,1489.0,,,,68.0,,,,0.5983,-168.66,365,2225,3.79,통신장비,KOSDAQ
318410,516.0,,,,62.0,,,,1.0,-294.82,365,6570,8.57,가정용품,KOSDAQ
408900,164.0,,,,-21.0,,,,1.0,-218.84,368,1123,61.05,방송과엔터테인먼트,KOSDAQ
046390,373.0,,,,-15.0,,,,1.0,-112.99,367,2125,,방송과엔터테인먼트,KOSDAQ
068940,355.0,,,,-34.0,,,,1.0,28.46,357,778,126.85,상업서비스와공급품,KOSDAQ
284620,12.0,,,,-64.0,,,,,-7.42,360,1087,,제약,KOSDAQ
196450,2582.0,3098.0,,,53.0,71.0,,,1.0,196.2,358,790,,핸드셋,KOSDAQ
065440,616.0,,,,15.0,,,,1.0,-170.55,364,1335,13.28,IT서비스,KOSDAQ
032960,216.0,,,,-1.0,,,,0.9911,-402.21,362,2055,21.89,전자장비와기기,KOSDAQ
204020,2017.0,,,,79.0,,,,1.0,179.49,365,1877,7.24,"섬유,의류,신발,호화품",KOSDAQ
090410,1065.0,,,,-1.0,,,,1.0,495.45,364,3950,3.79,건축자재,KOSDAQ
045060,1601.0,,,,56.0,,,,0.9922,-354.13,362,2135,6.05,화학,KOSDAQ
215380,376.0,,,,-39.0,,,,,197.3,364,2160,,생명과학도구및서비스,KOSDAQ
332290,1042.0,,,,41.0,,,,1.0,242.92,356,897,,화학,KOSDAQ
060540,1597.0,,,,39.0,,,,1.0,190.12,359,1374,43.28,핸드셋,KOSDAQ
393210,273.0,,,,-24.0,,,,1.0,226.64,358,2295,18.07,IT서비스,KOSDAQ
081580,1827.0,,,,40.0,,,,1.0,-138.71,357,2305,,핸드셋,KOSDAQ
024120,2150.0,,,,85.0,,,,1.0,1071.73,356,3100,53.02,자동차부품,KOSDAQ
121890,288.0,,,,11.0,,,,,-46.01,356,2680,9.11,운송인프라,KOSDAQ
263050,103.0,,,,-189.0,,,,,143.98,353,959,,생물공학,KOSDAQ
290120,3556.0,,,,219.0,,,,1.0,781.75,355,2245,,자동차부품,KOSDAQ
133750,346.0,,,,18.0,,,,,-427.29,353,1510,,교육서비스,KOSDAQ
203450,513.0,,,,10.0,,,,1.0,57.79,355,2520,15.98,전자장비와기기,KOSDAQ
239890,301.0,302.0,380.0,490.0,22.0,23.0,43.0,70.0,,-146.81,353,3550,40.19,디스플레이장비및부품,KOSDAQ
348080,25.0,,,,-103.0,,,,,-24.42,352,2745,,생물공학,KOSDAQ
057030,518.0,,,,10.0,,,,1.0,-253.73,347,2125,15.52,교육서비스,KOSDAQ
007530,1771.0,,,,40.0,,,,1.0,521.69,351,1578,55.38,자동차부품,KOSDAQ
226330,34.0,,,,-108.0,,,,,-10.79,352,1450,,건강관리업체및서비스,KOSDAQ
446840,113.0,252.0,,,-66.0,40.0,,,,12.58,349,3165,,소프트웨어,KOSDAQ
016600,201.0,,,,38.0,,,,,,351,2515,9.11,창업투자,KOSDAQ
057540,991.0,,,,10.0,,,,0.9985,-49.65,350,590,70.72,전자장비와기기,KOSDAQ
184230,616.0,,,,148.0,,,,1.0,264.98,347,1845,,소프트웨어,KOSDAQ
270870,1011.0,,,,-23.0,,,,1.0,-358.43,348,3865,14.17,건강관리업체및서비스,KOSDAQ
052600,268.0,,,,44.0,,,,,-265.63,346,2995,23.41,IT서비스,KOSDAQ
465480,200.0,,,,26.0,,,,1.0,-126.57,345,3400,15.01,IT서비스,KOSDAQ
045510,2009.0,,,,19.0,,,,1.0,172.0,344,1093,24.43,IT서비스,KOSDAQ
397810,306.0,,,,24.0,,,,0.9734,-207.34,345,6680,,광고,KOSDAQ
363250,4.0,,,,-97.0,,,,,-9.32,344,4040,,건강관리장비와용품,KOSDAQ
035460,995.0,,,,81.0,,,,0.7303,-93.72,344,2305,11.39,통신장비,KOSDAQ
335810,199.0,,,,-54.0,,,,,42.51,342,1557,,생명과학도구및서비스,KOSDAQ
432430,371.0,,,,-87.0,,,,,17.46,341,2065,,출판,KOSDAQ
033540,1739.0,,,,-137.0,,,,1.0,393.04,339,3240,,기계,KOSDAQ
208710,1287.0,,,,-0.0,,,,,153.4,341,2585,,핸드셋,KOSDAQ
064520,181.0,,,,-56.0,,,,1.0,-408.07,340,1520,8.9,반도체와반도체장비,KOSDAQ
469750,230.0,,,,-4.0,,,,,-86.11,339,983,,전기제품,KOSDAQ
310870,1110.0,,,,51.0,,,,1.0,466.42,339,1547,8.05,자동차부품,KOSDAQ
419120,200.0,,,,45.0,,,,0.983,-63.5,337,2370,18.95,소프트웨어,KOSDAQ
075130,456.0,,,,33.0,,,,1.0,-269.33,337,2090,25.8,소프트웨어,KOSDAQ
066360,4054.0,,,,285.0,,,,0.8322,1389.73,330,1378,4.67,식품,KOSDAQ
127980,818.0,,,,-15.0,,,,0.9709,111.68,332,2800,20.82,전자장비와기기,KOSDAQ
109820,106.0,,,,-7.0,,,,,-126.53,336,1647,,생물공학,KOSDAQ
039290,1351.0,,,,-42.0,,,,1.0,-131.15,334,3840,16.22,IT서비스,KOSDAQ
148930,301.0,,,,-32.0,,,,0.9997,-476.65,335,3290,12.15,전기제품,KOSDAQ
318020,872.0,,,,30.0,,,,1.0,188.77,332,2700,30.06,전자장비와기기,KOSDAQ
064480,497.0,,,,3.0,,,,,-97.57,332,2775,22.74,IT서비스,KOSDAQ
159910,99.0,,,,-39.0,,,,,-36.32,333,3185,,화장품,KOSDAQ
220180,314.0,,,,-5.0,,,,1.0,-453.86,331,1385,29.71,소프트웨어,KOSDAQ
300120,2238.0,,,,-162.0,,,,,114.7,329,3325,,소프트웨어,KOSDAQ
065950,2690.0,,,,-111.0,,,,,1600.88,329,1167,,건설,KOSDAQ
025440,4944.0,,,,-49.0,,,,1.0,1931.76,331,3390,90.72,자동차부품,KOSDAQ
049120,658.0,,,,-41.0,,,,,309.96,327,3080,,디스플레이장비및부품,KOSDAQ
464280,276.0,,,,38.0,,,,,-138.67,327,5910,18.53,제약,KOSDAQ
173940,1024.0,,,,-6.0,,,,,-43.86,326,2120,,방송과엔터테인먼트,KOSDAQ
434480,192.0,,,,9.0,,,,0.994,-152.18,328,2665,,소프트웨어,KOSDAQ
068050,352.0,,,,-35.0,,,,1.0,161.45,328,1186,14.09,방송과엔터테인먼트,KOSDAQ
089140,704.0,,,,23.0,,,,1.0,-391.99,326,2130,5.08,기계,KOSDAQ
452300,75.0,,,,23.0,,,,,,326,2300,,창업투자,KOSDAQ
021650,2272.0,,,,79.0,,,,1.0,19.93,326,1993,5.64,자동차부품,KOSDAQ
050110,4899.0,,,,-113.0,,,,,538.27,324,1110,,핸드셋,KOSDAQ
417860,240.0,,,,3.0,,,,,-102.13,323,6870,,소프트웨어,KOSDAQ
476080,1324.0,,,,-90.0,,,,0.994,72.98,324,4010,35.3,방송과엔터테인먼트,KOSDAQ
087600,427.0,,,,-56.0,,,,,-40.93,323,3955,,반도체와반도체장비,KOSDAQ
099220,875.0,,,,5.0,,,,,495.05,322,511,,에너지장비및서비스,KOSDAQ
131090,134.0,,,,43.0,,,,,-440.08,323,4215,7.82,소프트웨어,KOSDAQ
317240,260.0,,,,0.0,,,,,107.48,322,1105,,가정용품,KOSDAQ
089150,231.0,,,,40.0,,,,,113.69,322,1876,42.72,컴퓨터와주변기기,KOSDAQ
200780,758.0,,,,20.0,,,,0.9108,710.35,322,3020,21.82,제약,KOSDAQ
254120,279.0,,,,-39.0,,,,1.0,-1.5,322,1048,,전자장비와기기,KOSDAQ
187270,534.0,,,,48.0,,,,1.0,-100.13,320,3155,11.84,핸드셋,KOSDAQ
037330,7218.0,,,,171.0,,,,0.6191,1712.97,321,732,8.33,디스플레이장비및부품,KOSDAQ
099390,251.0,,,,21.0,,,,1.0,-463.87,319,3890,12.01,소프트웨어,KOSDAQ
033830,427.0,,,,15.0,,,,1.0,-815.34,319,1685,15.82,방송과엔터테인먼트,KOSDAQ
038950,629.0,,,,-46.0,,,,1.0,-585.56,320,3130,23.88,전자제품,KOSDAQ
197140,666.0,,,,-25.0,,,,,-142.12,319,2450,,소프트웨어,KOSDAQ
296640,229.0,,,,9.0,,,,1.0,-80.23,318,6140,1061.6,소프트웨어,KOSDAQ
290090,210.0,,,,-41.0,,,,1.0,-249.11,317,4265,32.07,소프트웨어,KOSDAQ
078590,644.0,,,,2.0,,,,,-125.05,318,3180,7.95,자동차부품,KOSDAQ
258830,185.0,,,,23.0,,,,,179.4,312,412,,건강관리장비와용품,KOSDAQ
031510,1285.0,,,,41.0,,,,1.0,-242.13,316,1129,5.45,자동차부품,KOSDAQ
232830,2696.0,,,,-3.0,,,,,382.69,317,1916,,IT서비스,KOSDAQ
263920,523.0,,,,25.0,,,,1.0,27.41,315,3215,5.35,포장재,KOSDAQ
373170,256.0,,,,9.0,,,,,-183.37,314,2080,25.21,IT서비스,KOSDAQ
071850,1553.0,,,,-63.0,,,,,765.3,314,1293,,자동차부품,KOSDAQ
080520,380.0,,,,-23.0,,,,1.0,-452.56,311,2750,18.89,반도체와반도체장비,KOSDAQ
037370,628.0,,,,-22.0,,,,,1083.89,311,3605,,비철금속,KOSDAQ
093380,903.0,,,,7.0,,,,1.0,-22.35,311,3145,7.17,자동차부품,KOSDAQ
128540,1518.0,,,,-32.0,,,,1.0,-158.18,311,1164,35.95,자동차부품,KOSDAQ
033170,1030.0,,,,-238.0,,,,,396.98,306,1784,,반도체와반도체장비,KOSDAQ
246250,40.0,,,,-41.0,,,,,-3.99,302,1969,25.34,제약,KOSDAQ
012620,3981.0,,,,124.0,,,,1.0,785.49,309,7030,4.83,철강,KOSDAQ
057680,364.0,,,,3.0,,,,0.9712,-42.47,310,1960,,IT서비스,KOSDAQ
276730,139.0,,,,-49.0,,,,,240.81,309,1309,,음료,KOSDAQ
297570,429.0,,,,65.0,,,,1.0,321.77,301,869,10.62,전자제품,KOSDAQ
066910,970.0,,,,-67.0,,,,1.0,231.18,309,2010,,레저용장비와제품,KOSDAQ
020180,2029.0,2595.0,,,91.0,160.0,,,,246.52,307,3995,6.52,IT서비스,KOSDAQ
311390,819.0,,,,54.0,,,,0.5765,-281.29,306,2420,,식품,KOSDAQ
407400,864.0,,,,-42.0,,,,,142.22,307,2100,,가정용기기와용품,KOSDAQ
032790,286.0,,,,-103.0,,,,1.0,53.74,306,1190,,IT서비스,KOSDAQ
462310,490.0,,,,7.0,,,,0.9848,-20.72,304,3845,,"섬유,의류,신발,호화품",KOSDAQ
031310,1944.0,,,,34.0,,,,1.0,405.21,303,1018,,통신장비,KOSDAQ
079170,986.0,,,,79.0,,,,,-76.46,304,5840,27.63,비철금속,KOSDAQ
153490,1212.0,,,,3.0,,,,1.0,-7.8,302,2930,9.93,디스플레이장비및부품,KOSDAQ
452160,149.0,,,,2.0,,,,1.0,219.43,302,3135,,반도체와반도체장비,KOSDAQ
376980,382.0,,,,10.0,,,,1.0,-71.53,301,3080,72.7,상업서비스와공급품,KOSDAQ
075970,1107.0,,,,34.0,,,,1.0,136.66,300,1631,137.68,비철금속,KOSDAQ
193250,105.0,,,,-72.0,,,,,-71.03,301,2250,,핸드셋,KOSDAQ
091970,501.0,,,,-3.0,,,,,124.01,300,3980,,화학,KOSDAQ
088340,438.0,466.0,,,-68.0,-35.0,,,1.0,11.8,300,6870,20.93,소프트웨어,KOSDAQ
237820,402.0,,,,62.0,,,,1.0,-594.68,298,2325,29.02,광고,KOSDAQ
363260,444.0,,,,45.0,,,,0.9748,-185.06,295,916,,광고,KOSDAQ
367000,389.0,,,,-45.0,,,,,-58.58,297,3545,,IT서비스,KOSDAQ
236810,923.0,,,,-65.0,,,,,-90.88,297,1750,,광고,KOSDAQ
318010,127.0,,,,-7.0,,,,0.9955,-357.57,297,3740,20.72,건강관리업체및서비스,KOSDAQ
139670,123.0,,,,9.0,,,,1.0,-310.41,296,2100,25.21,소프트웨어,KOSDAQ
464580,338.0,,,,1.0,,,,,116.43,296,1610,44.06,방송과엔터테인먼트,KOSDAQ
105550,364.0,,,,-155.0,,,,1.0,298.38,293,1874,,자동차부품,KOSDAQ
271830,387.0,,,,-41.0,,,,0.9997,178.65,296,1004,14.58,핸드셋,KOSDAQ
351330,790.0,,,,-72.0,,,,,57.85,294,3550,,IT서비스,KOSDAQ
079000,141.0,,,,-43.0,,,,,-499.8,293,4065,13.18,건축제품,KOSDAQ
360350,134.0,,,,-15.0,,,,1.0,10.05,293,5380,43.74,전자장비와기기,KOSDAQ
096690,506.0,,,,-109.0,,,,,523.06,292,7250,,컴퓨터와주변기기,KOSDAQ
215090,268.0,,,,13.0,,,,1.0,-171.18,293,1265,,우주항공과국방,KOSDAQ
290560,140.0,,,,36.0,,,,,8.34,291,1303,,소프트웨어,KOSDAQ
336060,702.0,,,,20.0,,,,1.0,-201.69,291,3025,10.09,IT서비스,KOSDAQ
096630,2787.0,,,,133.0,,,,1.0,198.87,290,1825,,핸드셋,KOSDAQ
106240,429.0,,,,-64.0,,,,,309.11,291,1095,,디스플레이장비및부품,KOSDAQ
368970,254.0,,,,-13.0,,,,0.8855,51.14,291,2585,,식품,KOSDAQ
458350,352.0,,,,25.0,,,,1.0,-220.04,289,3330,51.31,광고,KOSDAQ
365590,18.0,,,,-117.0,,,,,43.88,288,783,,반도체와반도체장비,KOSDAQ
007770,1244.0,,,,-120.0,,,,1.0,256.31,289,8220,,화학,KOSDAQ
119500,660.0,,,,24.0,,,,,-35.21,288,2435,23.42,기계,KOSDAQ
262840,436.0,,,,43.0,,,,0.9408,297.55,288,2730,17.27,IT서비스,KOSDAQ
115480,482.0,,,,108.0,,,,1.0,162.02,288,2375,,건강관리장비와용품,KOSDAQ
013720,249.0,,,,8.0,,,,,-37.95,288,2370,,자동차부품,KOSDAQ
239610,167.0,,,,-111.0,,,,,-241.58,287,5330,,건강관리업체및서비스,KOSDAQ
038620,1126.0,,,,25.0,,,,0.9182,-467.76,286,1888,36.99,운송인프라,KOSDAQ
043220,145.0,,,,-59.0,,,,1.0,48.45,282,1710,1729.06,기계,KOSDAQ
008470,1208.0,,,,18.0,,,,1.0,-295.86,286,1700,27.44,기계,KOSDAQ
016920,1611.0,,,,20.0,,,,1.0,516.41,285,1110,22.97,전자장비와기기,KOSDAQ
238490,593.0,,,,-75.0,,,,,120.58,286,2525,14.0,디스플레이장비및부품,KOSDAQ
045300,409.0,,,,20.0,,,,0.9968,-39.53,283,2685,,반도체와반도체장비,KOSDAQ
444530,104.0,,,,-27.0,,,,,-67.69,287,4465,,IT서비스,KOSDAQ
017000,2113.0,,,,86.0,,,,,192.86,286,2450,5.02,건설,KOSDAQ
195500,1068.0,,,,25.0,,,,,106.53,283,1774,23.49,식품,KOSDAQ
054780,157.0,,,,-39.0,,,,,-35.05,281,1427,,방송과엔터테인먼트,KOSDAQ
430690,263.0,,,,-19.0,,,,1.0,66.61,281,2580,25.65,소프트웨어,KOSDAQ
364950,869.0,1100.0,,,28.0,45.0,,,1.0,14.57,283,3410,,전자장비와기기,KOSDAQ
348030,397.0,,,,-89.0,,,,,-330.79,281,2925,,게임엔터테인먼트,KOSDAQ
109960,98.0,,,,-23.0,,,,1.0,-106.86,281,1858,9.34,제약,KOSDAQ
131220,811.0,,,,55.0,,,,0.6865,-28.22,280,3750,12.17,생명과학도구및서비스,KOSDAQ
450520,390.0,,,,-49.0,,,,1.0,-64.93,279,1900,15.53,소프트웨어,KOSDAQ
069410,668.0,,,,22.0,,,,1.0,-237.43,280,2735,,IT서비스,KOSDAQ
068100,177.0,,,,-17.0,,,,,-57.94,280,2350,,IT서비스,KOSDAQ
388610,177.0,,,,4.0,,,,,28.66,279,5230,15.37,생물공학,KOSDAQ
160550,1427.0,,,,27.0,,,,1.0,288.02,278,998,,방송과엔터테인먼트,KOSDAQ
322780,329.0,,,,-71.0,,,,1.0,105.81,278,1854,22.26,방송과엔터테인먼트,KOSDAQ
070590,648.0,,,,10.0,,,,0.8862,-0.62,278,2005,,IT서비스,KOSDAQ
101670,34.0,,,,-151.0,,,,,80.27,278,490,,전기제품,KOSDAQ
900310,436.0,,,,2.0,,,,1.0,-1908.93,278,2170,10.84,화장품,KOSDAQ
356890,337.0,,,,4.0,,,,0.7894,-273.71,278,2325,21.8,IT서비스,KOSDAQ
091340,3102.0,,,,157.0,,,,,-149.54,276,2355,,전자장비와기기,KOSDAQ
115530,536.0,,,,4.0,,,,1.0,92.91,277,3230,60.71,에너지장비및서비스,KOSDAQ
080530,765.0,,,,38.0,,,,1.0,-204.28,277,2505,,화장품,KOSDAQ
258790,257.0,,,,30.0,,,,1.0,173.87,276,5520,,소프트웨어,KOSDAQ
188260,154.0,,,,-44.0,,,,,-100.37,278,1999,,건강관리장비와용품,KOSDAQ
053290,627.0,,,,11.0,,,,,-386.34,277,1676,77.74,교육서비스,KOSDAQ
067010,733.0,912.0,,,-27.0,3.0,,,,-288.53,275,2530,16.8,IT서비스,KOSDAQ
103840,1838.0,,,,47.0,,,,,711.36,275,1680,,식품,KOSDAQ
044480,253.0,,,,-8.0,,,,,18.52,273,820,,방송과엔터테인먼트,KOSDAQ
019570,129.0,,,,33.0,,,,1.0,,275,2880,,창업투자,KOSDAQ
206400,48.0,,,,-54.0,,,,,-104.62,275,733,,건설,KOSDAQ
290270,377.0,,,,48.0,,,,0.9794,-137.38,274,2850,5.53,소프트웨어,KOSDAQ
069140,1176.0,,,,48.0,,,,0.2,411.46,275,1821,2.0,건설,KOSDAQ
462980,390.0,,,,33.0,,,,1.0,66.72,274,1504,14.74,IT서비스,KOSDAQ
130500,876.0,,,,68.0,,,,0.8337,793.47,273,1880,19.74,자동차부품,KOSDAQ
406820,549.0,,,,-32.0,,,,,333.7,271,1916,,화장품,KOSDAQ
032750,1483.0,,,,58.0,,,,1.0,-476.86,272,3015,434.25,전자제품,KOSDAQ
900070,1293.0,,,,83.0,,,,0.7446,-360.6,271,1007,13.69,자동차부품,KOSDAQ
328380,637.0,,,,6.0,,,,1.0,-74.18,270,3945,65.73,IT서비스,KOSDAQ
021880,251.0,220.0,,,-101.0,-22.0,,,0.9681,,269,1270,15.91,기타금융,KOSDAQ
138070,544.0,,,,-4.0,,,,1.0,43.5,270,1542,12.43,기계,KOSDAQ
048470,1192.0,,,,-12.0,,,,,-417.18,269,2790,,철강,KOSDAQ
134060,111.0,,,,9.0,,,,,-117.79,266,5580,18.31,교육서비스,KOSDAQ
047080,379.0,,,,3.0,,,,0.9577,-108.15,267,1075,,게임엔터테인먼트,KOSDAQ
035200,252.0,,,,-4.0,,,,1.0,-144.5,266,2885,25.28,건축제품,KOSDAQ
267790,592.0,,,,66.0,,,,1.0,-105.19,265,3450,10.1,"섬유,의류,신발,호화품",KOSDAQ
033050,898.0,,,,41.0,,,,1.0,-39.1,264,830,15.28,가정용품,KOSDAQ
475660,221.0,,,,-20.0,,,,,-6.06,262,3300,38.14,디스플레이장비및부품,KOSDAQ
001810,2057.0,,,,18.0,,,,0.9919,450.15,261,1177,,종이와목재,KOSDAQ
225220,94.0,,,,-86.0,,,,,-27.59,263,1368,,건강관리장비와용품,KOSDAQ
376180,309.0,,,,-7.0,,,,,-56.91,262,1409,22.71,가정용기기와용품,KOSDAQ
377030,272.0,,,,-109.0,,,,,604.35,265,1855,,IT서비스,KOSDAQ
026910,569.0,,,,-43.0,,,,1.0,651.79,261,3290,,철강,KOSDAQ
351870,665.0,,,,44.0,,,,0.4764,703.22,262,2350,,광고,KOSDAQ
054940,1770.0,,,,25.0,,,,0.5462,196.82,257,3880,,반도체와반도체장비,KOSDAQ
044780,542.0,,,,-4.0,,,,1.0,-47.61,260,1404,17.66,기계,KOSDAQ
058110,113.0,,,,-28.0,,,,,85.53,260,1623,,건강관리장비와용품,KOSDAQ
424760,354.0,,,,9.0,,,,,-89.31,260,2585,,IT서비스,KOSDAQ
198940,2595.0,,,,13.0,,,,,1029.3,259,1299,,자동차부품,KOSDAQ
038530,873.0,,,,15.0,,,,,-147.53,259,999,,IT서비스,KOSDAQ
090150,1159.0,,,,69.0,,,,0.9643,94.78,257,6140,,자동차부품,KOSDAQ
215790,437.0,,,,-92.0,,,,,134.94,259,642,,통신장비,KOSDAQ
114630,1018.0,,,,78.0,,,,1.0,-385.07,257,1494,5.51,"섬유,의류,신발,호화품",KOSDAQ
177830,1325.0,,,,26.0,,,,1.0,539.59,258,2280,338.03,디스플레이장비및부품,KOSDAQ
123840,482.0,,,,-134.0,,,,,-34.24,257,1655,,건강관리업체및서비스,KOSDAQ
023770,347.0,,,,-47.0,,,,,-20.62,257,2870,,게임엔터테인먼트,KOSDAQ
288620,158.0,,,,-150.0,,,,,-107.76,255,3655,,전기제품,KOSDAQ
146060,793.0,,,,51.0,,,,0.8889,438.55,257,1069,,자동차부품,KOSDAQ
368600,469.0,,,,-145.0,,,,,447.85,257,995,,전자장비와기기,KOSDAQ
076080,1667.0,,,,-181.0,,,,,181.35,256,1134,,건설,KOSDAQ
043200,288.0,,,,-27.0,,,,,230.65,250,1195,,에너지장비및서비스,KOSDAQ
208350,389.0,,,,25.0,,,,1.0,-91.82,254,3140,3.18,소프트웨어,KOSDAQ
083640,508.0,,,,17.0,,,,,-164.44,250,1087,,전자장비와기기,KOSDAQ
007720,1629.0,,,,14.0,,,,,-41.67,254,1259,,판매업체,KOSDAQ
060380,1978.0,,,,18.0,,,,0.6963,370.86,252,1278,9.59,철강,KOSDAQ
027040,337.0,,,,-16.0,,,,,39.93,252,1810,,전자장비와기기,KOSDAQ
038870,172.0,,,,-27.0,,,,1.0,151.1,252,1798,29.99,에너지장비및서비스,KOSDAQ
073540,253.0,,,,9.0,,,,0.9446,-166.39,253,2220,13.51,통신장비,KOSDAQ
054090,1363.0,,,,-20.0,,,,,351.01,253,1012,,전자장비와기기,KOSDAQ
039310,356.0,,,,-10.0,,,,,-308.57,251,1385,3.12,소프트웨어,KOSDAQ
318000,239.0,,,,23.0,,,,1.0,-187.77,247,2830,15.19,화학,KOSDAQ
016670,231.0,,,,41.0,,,,,-568.15,248,2430,,소프트웨어,KOSDAQ
333050,300.0,,,,20.0,,,,,-170.61,247,5010,29.53,IT서비스,KOSDAQ
039740,1463.0,,,,4.0,,,,1.0,155.05,247,3075,14.67,판매업체,KOSDAQ
200350,146.0,,,,-30.0,,,,,-242.14,244,2445,,방송과엔터테인먼트,KOSDAQ
051380,3730.0,,,,43.0,,,,,279.65,245,1595,89.55,컴퓨터와주변기기,KOSDAQ
464500,101.0,,,,-56.0,,,,,6.7,244,1744,,반도체와반도체장비,KOSDAQ
131180,323.0,,,,8.0,,,,,-158.51,245,4180,53.24,컴퓨터와주변기기,KOSDAQ
052300,76.0,,,,-25.0,,,,0.4591,-1010.51,244,1500,,건축제품,KOSDAQ
301300,190.0,,,,-38.0,,,,1.0,90.55,242,1838,2.65,소프트웨어,KOSDAQ
169330,562.0,588.94,,,-13.0,27.0,,,0.7442,-104.18,241,1318,15.34,IT서비스,KOSDAQ
148250,187.0,,,,-34.0,,,,,-63.06,241,1772,,통신장비,KOSDAQ
060900,131.0,,,,-93.0,,,,,-17.07,241,3685,,에너지장비및서비스,KOSDAQ
298060,238.0,,,,-45.0,,,,1.0,-54.3,240,2495,,생물공학,KOSDAQ
130740,794.0,,,,-33.0,,,,,-319.2,240,2125,,자동차부품,KOSDAQ
275630,130.0,,,,3.0,,,,1.0,-180.36,240,4560,17.19,소프트웨어,KOSDAQ
148780,170.0,,,,-11.0,,,,1.0,-87.54,237,3770,54.84,소프트웨어,KOSDAQ
290520,319.0,,,,18.0,,,,1.0,-279.41,238,1510,,디스플레이장비및부품,KOSDAQ
222980,963.0,,,,-11.0,,,,,115.87,240,2175,,식품,KOSDAQ
036480,260.0,,,,7.0,,,,,102.74,239,6290,,제약,KOSDAQ
206560,554.0,,,,-65.0,,,,,221.3,234,919,,방송과엔터테인먼트,KOSDAQ
378800,2.0,,,,-158.0,,,,,-179.56,236,510,,제약,KOSDAQ
109670,1697.0,,,,2.0,,,,1.0,-62.76,237,4060,,"섬유,의류,신발,호화품",KOSDAQ
241840,118.0,,,,-73.0,,,,1.0,-4.41,235,2465,26.32,방송과엔터테인먼트,KOSDAQ
188040,709.0,,,,8.0,,,,1.0,-36.16,234,5010,,식품,KOSDAQ
018700,642.0,,,,-30.0,,,,,-10.44,236,1410,,화장품,KOSDAQ
123750,322.0,,,,2.0,,,,1.0,-71.55,235,1701,,레저용장비와제품,KOSDAQ
331520,378.0,,,,29.0,,,,1.0,-40.09,236,2405,54.76,게임엔터테인먼트,KOSDAQ
033200,315.0,426.0,,,-32.0,-17.0,,,0.8235,-392.7,234,2540,927.48,전자장비와기기,KOSDAQ
462510,72.0,,,,-118.0,,,,,38.12,235,2665,,건강관리장비와용품,KOSDAQ
431190,166.0,,,,-35.0,,,,1.0,-98.56,232,3100,,IT서비스,KOSDAQ
101680,306.0,,,,-75.0,,,,,66.65,233,2775,,기계,KOSDAQ
405920,821.0,,,,10.0,,,,1.0,389.1,232,1798,,음료,KOSDAQ
032080,302.0,,,,5.0,,,,,-477.04,231,1077,,"섬유,의류,신발,호화품",KOSDAQ
440320,883.0,,,,-28.0,,,,0.8338,-4.69,231,2310,73.09,디스플레이패널,KOSDAQ
043360,213.0,,,,-8.0,,,,,-74.78,230,2555,,컴퓨터와주변기기,KOSDAQ
415380,959.0,,,,28.0,,,,,-185.27,229,2005,9.82,가구,KOSDAQ
257370,111.0,,,,-21.0,,,,,19.36,229,1831,,전기제품,KOSDAQ
060230,619.0,,,,-82.0,,,,,609.44,230,1177,,전자장비와기기,KOSDAQ
154040,314.0,,,,17.0,,,,,179.47,228,1055,1.25,전자제품,KOSDAQ
115160,3942.0,,,,-292.0,,,,,693.37,228,5300,,전자제품,KOSDAQ
083660,279.0,,,,-56.0,,,,,8.4,229,1610,,화장품,KOSDAQ
084440,337.0,,,,14.0,,,,1.0,-4.49,229,1196,,교육서비스,KOSDAQ
187220,1258.0,,,,-6.0,,,,1.0,766.01,228,1978,,전자장비와기기,KOSDAQ
359090,650.0,,,,14.0,,,,1.0,3.19,228,1981,11.68,제약,KOSDAQ
013810,380.0,,,,-5.0,,,,,-118.32,228,1555,,기계,KOSDAQ
067770,119.0,,,,-2.0,,,,1.0,-352.19,226,2695,,디스플레이장비및부품,KOSDAQ
018680,521.0,,,,-13.0,,,,,-17.66,225,1932,12.7,제약,KOSDAQ
095910,1024.0,,,,-187.0,,,,,417.46,227,623,,에너지장비및서비스,KOSDAQ
303530,707.0,,,,-29.0,,,,1.0,-74.23,225,3060,77.47,IT서비스,KOSDAQ
215480,397.0,,,,0.0,,,,0.9798,-77.97,225,2095,15.5,"섬유,의류,신발,호화품",KOSDAQ
238200,197.0,,,,14.0,,,,1.0,26.08,225,2745,41.53,건강관리업체및서비스,KOSDAQ
065690,535.0,,,,-127.0,,,,1.0,-235.32,224,1866,,컴퓨터와주변기기,KOSDAQ
016100,683.0,,,,-71.0,,,,1.0,296.08,224,1172,176.0,포장재,KOSDAQ
032860,509.0,,,,-17.0,,,,,-4.58,223,2760,,판매업체,KOSDAQ
065150,1109.0,,,,46.0,,,,,23.43,223,1400,,식품,KOSDAQ
032800,382.0,,,,-80.0,,,,,-79.75,224,1481,,방송과엔터테인먼트,KOSDAQ
289220,367.0,,,,-190.0,,,,,-104.84,223,1001,,양방향미디어와서비스,KOSDAQ
317120,75.0,,,,-61.0,,,,,147.44,223,1462,,통신장비,KOSDAQ
032280,1000.0,,,,21.0,,,,,267.87,223,1373,11.15,항공화물운송과물류,KOSDAQ
053060,1894.0,,,,91.0,,,,1.0,136.28,222,1259,3.37,자동차부품,KOSDAQ
352940,340.0,,,,9.0,,,,,219.43,222,2045,,화학,KOSDAQ
038880,412.0,,,,-73.0,,,,,432.04,222,2955,,자동차부품,KOSDAQ
237750,276.0,,,,0.0,,,,,330.68,222,3420,10.0,전기장비,KOSDAQ
403490,637.0,,,,-9.0,,,,1.0,420.75,216,2355,82.68,식품,KOSDAQ
017250,601.0,,,,40.0,,,,1.0,108.12,220,1047,3.83,전자장비와기기,KOSDAQ
069330,497.0,,,,13.0,,,,1.0,57.57,220,1300,,디스플레이장비및부품,KOSDAQ
063760,273.0,,,,23.0,,,,1.0,-172.68,219,2350,57.88,디스플레이장비및부품,KOSDAQ
340440,480.0,,,,9.0,,,,,-90.83,222,782,14.03,포장재,KOSDAQ
065370,383.0,,,,8.0,,,,1.0,114.97,219,2965,,소프트웨어,KOSDAQ
900110,705.0,,,,94.0,,,,0.9966,-3037.78,221,1201,16.84,"섬유,의류,신발,호화품",KOSDAQ
429270,127.0,180.0,,,-76.0,-70.0,,,,66.21,220,3405,,반도체와반도체장비,KOSDAQ
067730,485.0,,,,29.0,,,,,-119.3,216,2230,67.77,IT서비스,KOSDAQ
432980,208.0,,,,3.0,,,,,-43.62,218,2535,,제약,KOSDAQ
377330,132.0,,,,-186.0,,,,,97.73,219,2685,,전기제품,KOSDAQ
372800,781.0,,,,-54.0,,,,1.0,52.75,218,3105,,IT서비스,KOSDAQ
353590,591.0,,,,8.0,,,,,3.16,218,1693,,자동차부품,KOSDAQ
398120,246.0,,,,15.0,,,,1.0,25.93,215,1818,,건강관리장비와용품,KOSDAQ
277410,358.0,,,,23.0,,,,1.0,373.0,215,5590,13.07,식품,KOSDAQ
192390,751.0,,,,-39.0,,,,1.0,484.83,213,1779,6.69,건축자재,KOSDAQ
195990,319.0,,,,-93.0,,,,,74.67,213,1308,,기계,KOSDAQ
353190,990.0,,,,19.0,,,,1.0,131.64,213,2700,13.42,건강관리업체및서비스,KOSDAQ
032680,548.0,,,,-2.0,,,,,-479.02,213,923,,IT서비스,KOSDAQ
347770,634.0,,,,-61.0,,,,1.0,225.63,213,938,31.49,디스플레이장비및부품,KOSDAQ
019660,129.0,,,,-48.0,,,,,68.71,212,1521,,판매업체,KOSDAQ
085810,532.0,,,,32.0,,,,,27.54,212,1498,,건설,KOSDAQ
227610,424.0,,,,-18.0,,,,,158.56,210,1085,,화장품,KOSDAQ
200230,432.0,,,,7.0,,,,0.9969,265.69,211,2230,5.86,제약,KOSDAQ
219750,320.0,,,,-29.0,,,,,101.81,211,1614,,건강관리장비와용품,KOSDAQ
115570,987.0,,,,66.0,,,,1.0,55.83,210,2635,,화학,KOSDAQ
355390,105.0,,,,-134.0,,,,,-34.52,210,1323,,IT서비스,KOSDAQ
101400,344.0,,,,-51.0,,,,1.0,-145.56,211,1800,34.28,반도체와반도체장비,KOSDAQ
073570,107.0,,,,-45.0,,,,,-107.38,208,1730,,핸드셋,KOSDAQ
080470,2435.0,,,,116.0,,,,0.7724,177.42,206,2820,6.68,자동차부품,KOSDAQ
054220,448.0,,,,1.0,,,,1.0,69.07,207,1646,,IT서비스,KOSDAQ
137940,1201.0,,,,-356.0,,,,,-263.02,205,2090,,화장품,KOSDAQ
362990,200.0,,,,-12.0,,,,1.0,-40.53,204,1214,33.92,광고,KOSDAQ
021040,2774.0,,,,24.0,,,,,739.84,204,940,,철강,KOSDAQ
154030,35.0,,,,-10.0,,,,1.0,105.35,204,1689,,생물공학,KOSDAQ
361670,110.0,,,,-17.0,,,,,-91.42,203,3575,,전자장비와기기,KOSDAQ
043590,214.0,,,,-21.0,,,,1.0,72.84,202,1489,3.85,전기제품,KOSDAQ
274400,143.0,,,,-20.0,,,,,129.74,202,2220,,소프트웨어,KOSDAQ
191410,448.0,,,,-15.0,,,,1.0,162.42,200,1788,,디스플레이패널,KOSDAQ
027580,501.0,,,,-89.0,,,,1.0,27.91,201,1702,224.46,화학,KOSDAQ
344860,82.0,,,,0.0,,,,,-68.5,199,1381,22.96,화장품,KOSDAQ
065060,1109.0,,,,-4.0,,,,,532.02,199,3315,,"섬유,의류,신발,호화품",KOSDAQ
050760,668.0,,,,-48.0,,,,1.0,192.49,198,1212,,화학,KOSDAQ
098660,715.0,,,,-14.0,,,,1.0,359.5,198,1584,13.67,"섬유,의류,신발,호화품",KOSDAQ
054410,399.0,,,,14.0,,,,,253.23,196,3425,9.28,비철금속,KOSDAQ
196700,432.0,,,,56.0,,,,1.0,87.02,196,1364,27.35,화학,KOSDAQ
417180,173.0,,,,8.0,,,,1.0,-219.56,196,4550,25.74,양방향미디어와서비스,KOSDAQ
073190,201.0,,,,-30.0,,,,,73.69,194,1622,,가구,KOSDAQ
079950,184.0,,,,-86.0,,,,,148.16,196,1419,,디스플레이장비및부품,KOSDAQ
088290,566.0,,,,16.0,,,,,5.41,195,2445,,자동차부품,KOSDAQ
214610,109.0,,,,-99.0,,,,,0.37,192,2290,4.0,건강관리장비와용품,KOSDAQ
419540,171.0,,,,-11.0,,,,,-41.02,195,3275,60.85,건강관리장비와용품,KOSDAQ
014100,488.0,,,,-11.0,,,,1.0,162.13,195,1650,5.47,화장품,KOSDAQ
383930,477.0,,,,-57.0,,,,,404.22,195,1523,,생명과학도구및서비스,KOSDAQ
048830,838.0,,,,10.0,,,,1.0,-105.3,194,1038,20.52,화학,KOSDAQ
024940,560.0,,,,16.0,,,,1.0,-238.65,194,1935,40.94,가정용기기와용품,KOSDAQ
018620,548.0,,,,3.0,,,,,150.51,193,2790,,제약,KOSDAQ
342870,1033.0,,,,82.0,,,,1.0,398.13,194,3560,,가정용기기와용품,KOSDAQ
113810,804.0,,,,10.0,,,,0.996,-17.94,191,2925,12.95,자동차부품,KOSDAQ
031860,145.0,,,,-78.0,,,,,50.27,187,6930,,컴퓨터와주변기기,KOSDAQ
056730,475.0,,,,-113.0,,,,,-261.2,189,1277,6.87,건설,KOSDAQ
373110,19.0,,,,-109.0,,,,,11.55,191,1106,,생물공학,KOSDAQ
051780,567.0,,,,-0.0,,,,,399.8,190,2505,,식품,KOSDAQ
252500,376.0,,,,6.0,,,,,-189.36,189,2280,13.73,화장품,KOSDAQ
438700,31.0,,,,-85.0,,,,,37.36,190,1708,,소프트웨어,KOSDAQ
115610,132.0,,,,-20.0,,,,,-55.32,189,1601,,핸드셋,KOSDAQ
455180,181.0,,,,-37.0,,,,1.0,478.52,187,1273,,전자장비와기기,KOSDAQ
083470,184.0,,,,-19.0,,,,1.0,-6.71,188,879,,디스플레이장비및부품,KOSDAQ
023790,240.0,,,,-26.0,,,,,367.69,189,1447,,철강,KOSDAQ
405000,85.0,,,,-76.0,,,,,104.72,188,3500,,건강관리장비와용품,KOSDAQ
096870,110.0,,,,3.0,,,,,-115.83,187,2240,,디스플레이장비및부품,KOSDAQ
034940,593.0,,,,-66.0,,,,,245.85,176,2835,,제약,KOSDAQ
140430,279.0,,,,-5.0,,,,,107.59,187,1746,,통신장비,KOSDAQ
247660,53.0,,,,-20.0,,,,,-64.57,185,4260,,화학,KOSDAQ
224060,253.0,,,,-8.0,,,,,557.46,179,3470,,전기제품,KOSDAQ
050090,74.0,,,,-36.0,,,,,-70.29,187,794,,광고,KOSDAQ
291810,58.0,,,,-32.0,,,,,-61.8,182,1602,,소프트웨어,KOSDAQ
110020,137.0,,,,-3.0,,,,,-62.84,179,1973,,가정용품,KOSDAQ
376930,51.0,,,,-201.0,,,,,-61.6,171,334,,건강관리장비와용품,KOSDAQ
279600,228.0,,,,-22.0,,,,,150.51,185,3950,,IT서비스,KOSDAQ
065650,762.0,,,,-43.0,,,,,141.24,175,1601,,컴퓨터와주변기기,KOSDAQ
365900,469.0,,,,-15.0,,,,,258.91,178,2440,,레저용장비와제품,KOSDAQ
002680,824.0,,,,29.0,,,,1.0,628.55,175,2700,,식품,KOSDAQ
335870,420.0,,,,-28.0,,,,,-37.41,170,5060,8.12,"섬유,의류,신발,호화품",KOSDAQ
900340,1922.0,,,,149.0,,,,1.0,-1092.8,176,1395,2.4,식품,KOSDAQ
020400,1018.0,,,,1.0,,,,,308.45,174,2870,56.32,자동차부품,KOSDAQ
309930,460.0,,,,-88.0,,,,1.0,104.92,172,895,38.93,가구,KOSDAQ
900120,576.0,,,,97.0,,,,1.0,-462.5,173,1040,2.57,제약,KOSDAQ
006050,602.0,,,,9.0,,,,,-88.54,167,4795,62.45,건축제품,KOSDAQ
037400,10652.0,,,,11.0,,,,0.2335,86.7,166,632,1.8,디스플레이장비및부품,KOSDAQ
223310,189.0,,,,-75.0,,,,,171.57,168,3230,,식품과기본식료품소매,KOSDAQ
069920,240.0,,,,-59.0,,,,,127.57,166,1155,,건설,KOSDAQ
060480,363.0,,,,-2.0,,,,,-20.83,167,1502,,비철금속,KOSDAQ
177350,166.0,,,,-26.0,,,,1.0,-33.59,163,1642,,화학,KOSDAQ
103230,488.0,,,,9.0,,,,,128.07,166,2305,8.37,조선,KOSDAQ
225590,1063.0,,,,84.0,,,,1.0,-95.1,165,3225,5.22,"섬유,의류,신발,호화품",KOSDAQ
389680,32.0,,,,-36.0,,,,,-69.04,163,1964,,IT서비스,KOSDAQ
377220,722.0,,,,-186.0,,,,,347.01,161,2835,,건강관리업체및서비스,KOSDAQ
210120,40.0,,,,-15.0,,,,,224.79,158,1630,,방송과엔터테인먼트,KOSDAQ
030350,159.0,,,,-19.0,,,,,4.44,152,973,,게임엔터테인먼트,KOSDAQ
009730,920.0,,,,-139.0,,,,,394.56,158,1984,889.86,비철금속,KOSDAQ
306040,1634.0,,,,-159.0,,,,1.0,190.69,163,1750,7.05,"섬유,의류,신발,호화품",KOSDAQ
078860,122.0,,,,-80.0,,,,,74.87,163,2635,,방송과엔터테인먼트,KOSDAQ
304840,29.0,,,,-84.0,,,,,761.89,136,561,,건강관리장비와용품,KOSDAQ
244460,8.0,,,,-74.0,,,,,93.91,134,1651,,제약,KOSDAQ
045520,861.0,,,,-10.0,,,,1.0,282.53,155,2390,57.1,화학,KOSDAQ
352770,20.0,,,,-78.0,,,,,36.57,136,5250,,생물공학,KOSDAQ
131100,1183.0,,,,34.0,,,,,-75.13,145,2250,,방송과엔터테인먼트,KOSDAQ
060260,435.0,,,,13.0,,,,,53.64,141,1060,,건축제품,KOSDAQ
009620,2857.0,,,,79.0,,,,,2101.66,152,870,,비철금속,KOSDAQ
285800,324.0,,,,-27.0,,,,,221.81,132,733,,화학,KOSDAQ
054180,282.0,,,,-57.0,,,,,71.15,127,2295,,조선,KOSDAQ
303030,364.0,,,,-86.0,,,,,-18.96,143,1559,,반도체와반도체장비,KOSDAQ
354200,212.0,,,,-83.0,,,,,308.95,136,1524,,생명과학도구및서비스,KOSDAQ
240600,287.0,,,,-78.0,,,,,51.38,139,1677,,전기제품,KOSDAQ
289010,916.0,,,,14.0,,,,,-99.18,135,970,,교육서비스,KOSDAQ
239340,156.0,,,,-56.0,,,,,-238.85,136,504,,증권,KOSDAQ
065570,333.0,,,,-2.0,,,,,86.22,123,764,,조선,KOSDAQ
035620,116.0,,,,-23.0,,,,,310.3,127,685,,방송과엔터테인먼트,KOSDAQ
028080,4007.0,,,,-287.0,,,,,692.04,128,5040,,전자제품,KOSDAQ
142760,112.0,,,,-65.0,,,,0.9919,51.39,110,520,8.64,제약,KOSDAQ
065770,236.0,,,,-12.0,,,,1.0,-76.72,126,1202,,통신장비,KOSDAQ
001000,36.0,,,,5.0,,,,,140.73,112,462,,부동산,KOSDAQ
043100,168.0,,,,-57.0,,,,,322.07,105,520,,건강관리장비와용품,KOSDAQ
900100,63.0,,,,-84.0,,,,,32.52,114,2165,,"섬유,의류,신발,호화품",KOSDAQ
131760,463.0,,,,-29.0,,,,1.0,272.31,126,1448,,디스플레이장비및부품,KOSDAQ
288980,232.0,,,,-59.0,,,,,489.22,112,308,327.72,소프트웨어,KOSDAQ
106080,76.0,,,,-92.0,,,,,180.74,95,1650,,핸드셋,KOSDAQ
250930,379.0,,,,-8.0,,,,,281.02,124,1876,,디스플레이장비및부품,KOSDAQ
012340,828.0,,,,-72.0,,,,,210.78,121,548,,전기제품,KOSDAQ
101000,394.0,,,,-46.0,,,,1.0,192.84,108,1094,7.37,조선,KOSDAQ
418620,17.0,,,,-112.0,,,,,28.81,114,572,,소프트웨어,KOSDAQ
079190,441.0,,,,-27.0,,,,1.0,-30.44,109,1132,11.88,핸드셋,KOSDAQ
308100,377.0,,,,-81.0,,,,,272.29,93,360,,"섬유,의류,신발,호화품",KOSDAQ
087260,349.0,,,,-9.0,,,,1.0,-80.17,80,247,44.27,자동차부품,KOSDAQ
305090,128.0,,,,-92.0,,,,,165.95,101,538,188.97,건강관리장비와용품,KOSDAQ
092600,1026.0,,,,-175.0,,,,1.0,95.87,98,1960,,전자제품,KOSDAQ
079970,268.0,,,,7.0,,,,1.0,4.49,76,596,,소프트웨어,KOSDAQ
208640,60.0,,,,-79.0,,,,,-6.55,90,650,,게임엔터테인먼트,KOSDAQ
058450,63.0,,,,-60.0,,,,,82.85,82,1516,,방송과엔터테인먼트,KOSDAQ
065420,209.0,,,,-29.0,,,,,46.02,73,940,,석유와가스,KOSDAQ
276040,68.0,,,,-122.0,,,,,20.81,71,327,,소프트웨어,KOSDAQ
008290,169.0,,,,-72.0,,,,,-7.76,87,427,,"섬유,의류,신발,호화품",KOSDAQ
084180,928.0,,,,52.0,,,,,452.57,71,395,,출판,KOSDAQ
044180,278.0,,,,-43.0,,,,1.0,798.78,55,205,,건설,KOSDAQ
313760,75.0,,,,-49.0,,,,,224.59,52,468,,전기제품,KOSDAQ
052770,57.0,,,,-49.0,,,,,10.48,45,312,,게임엔터테인먼트,KOSDAQ
011080,508.0,,,,-70.0,,,,,69.05,64,896,14.01,"섬유,의류,신발,호화품",KOSDAQ
199730,231.0,,,,-63.0,,,,,69.11,71,1452,28.43,생명과학도구및서비스,KOSDAQ
035290,90.0,,,,-19.0,,,,,10.39,62,1304,,교육서비스,KOSDAQ
312610,137.0,,,,-95.0,,,,,114.77,57,279,,자동차부품,KOSDAQ
025870,700.0,,,,-16.0,,,,1.0,181.96,46,1150,103.52,식품,KOSDAQ
225430,160.0,,,,-29.0,,,,,185.32,46,710,,가정용품,KOSDAQ
021045,2774.0,,,,24.0,,,,,739.84,21,2490,,철강,KOSDAQ
121850,127.0,,,,-81.0,,,,,173.06,16,325,,디스플레이장비및부품,KOSDAQ
032685,548.0,,,,-2.0,,,,,-479.02,7,9140,,IT서비스,KOSDAQ
