종목코드,매출액_2025,매출액_2026,매출액_2027,매출액_2028,영업이익_2025,영업이익_2026,영업이익_2027,영업이익_2028,지배비율,순차입금,시가총액,현재가,PER,업종,시장
005930,3336059.38,7155465.52,9570801.71,10785213.75,436010.51,3697394.86,5541112.62,6064514.31,0.9879,-1675903.07,15726489,269000,35.53,반도체와반도체장비,KOSPI
000660,971466.75,3424480.76,5114859.95,5726937.06,472063.19,2632554.71,4016480.52,4311120.0,0.9981,-668447.84,12527944,1715000,29.19,반도체와반도체장비,KOSPI
005935,3336059.38,7155465.52,9570801.71,10785213.75,436010.51,3697394.86,5541112.62,6064514.31,0.9879,-1675903.07,1583078,197300,3.58,반도체와반도체장비,KOSPI
402340,104555.53,290978.33,372068.33,381620.0,87974.21,497020.33,614544.17,626111.67,1.0,-13112.77,1498657,1136000,16.98,반도체와반도체장비,KOSPI
373220,236717.59,321615.78,411001.44,488606.76,13461.2,8646.78,38838.94,59334.29,0.7738,250840.51,905580,387000,,전기제품,KOSPI
034020,170578.76,183938.88,205839.2,230433.53,7627.12,11291.25,16367.73,20768.6,0.6722,45793.89,511808,79900,603.82,기계,KOSPI
032830,371383.1,,,,25804.69,35887.11,73052.89,51979.22,1.0,,557000,278500,24.19,생명보험,KOSPI
028260,407422.41,456528.06,493817.5,516251.2,32927.47,37892.31,44032.56,47685.8,0.7149,-38038.9,544072,335500,22.31,복합기업,KOSPI
329180,175806.33,247354.74,266140.84,285467.56,20375.1,40530.53,47390.63,55225.44,1.0,-49151.16,419320,399500,29.62,조선,KOSPI
068270,41624.95,55613.89,64438.44,71798.53,11684.71,18614.39,22956.83,25890.59,0.9945,26085.71,424759,182600,41.25,제약,KOSPI
034730,1227033.38,1494201.64,1466420.18,1525220.11,18184.76,123439.18,110295.18,125112.78,0.3945,496014.83,417616,576000,26.14,석유와가스,KOSPI
086790,689436.35,,,,53508.98,59461.0,61712.33,64696.35,0.9848,,347383,128200,8.68,은행,KOSPI
000810,247785.2,,,,26591.43,32565.38,39419.62,38107.08,0.9944,,279047,625000,13.83,손해보험,KOSPI
096770,802960.54,1049055.46,955034.46,941469.92,4486.84,95551.15,53073.23,48142.54,0.8594,261185.73,269639,159500,,석유와가스,KOSPI
042700,5766.85,8196.0,11239.0,13148.0,2513.9,3822.0,5617.0,6843.0,1.0,-862.95,251624,264000,117.58,반도체와반도체장비,KOSPI
003490,252255.42,286822.4,284742.7,290897.9,11135.89,8264.9,21965.2,24899.9,1.0,192096.56,112860,30650,14.48,항공사,KOSPI
042660,127835.12,158658.55,152596.64,163523.76,11675.9,22551.32,24841.73,28243.24,0.9999,47157.9,227052,74100,18.22,조선,KOSPI
010130,165878.51,238909.71,237444.86,245517.33,12319.27,22306.43,19680.29,21270.5,0.9992,60740.67,222506,1066000,28.71,비철금속,KOSPI
011200,108914.43,130134.38,120075.15,116550.31,14612.02,17729.54,11797.92,9418.08,1.0,-65426.06,200438,21250,10.67,해운사,KOSPI
000150,197841.38,218669.42,252464.36,289670.67,10627.15,18054.5,25309.18,32375.67,0.5324,54570.67,225418,1392000,297.44,복합기업,KOSPI
003550,72525.47,82189.18,91716.55,100533.0,9121.74,15643.36,19972.73,23142.1,0.8043,-25430.26,167067,110500,22.66,복합기업,KOSPI
003670,29386.98,31599.4,41812.67,55151.27,328.27,926.47,1834.8,2903.4,0.8939,35152.63,169087,190100,524.11,화학,KOSPI
010140,106500.11,127684.2,147023.6,160234.95,8622.11,13636.25,19585.1,23445.95,1.0,-1987.7,171688,19510,31.47,조선,KOSPI
443060,19827.01,23703.0,26345.64,30244.55,3501.41,4134.27,5238.64,6593.55,1.0,-5145.06,97961,218500,36.34,조선,KOSPI
035720,80991.48,83283.67,89545.81,97071.78,7320.37,10300.71,11790.67,13500.33,0.8913,-90183.57,145747,32900,29.65,양방향미디어와서비스,KOSPI
278470,15273.45,30860.68,42474.64,52567.57,3655.21,7668.91,10748.41,13466.62,0.9987,-1952.48,142452,380500,49.18,화장품,KOSPI
005380,1862544.72,1918166.48,2001787.6,2105818.81,114678.51,110821.68,126991.24,138052.62,0.912,1025242.74,684665,336500,7.25,자동차,KOSPI
011070,218966.03,250872.11,265244.53,278490.88,6650.07,11391.74,13876.0,16426.06,1.0,9425.44,139873,591000,40.99,전자장비와기기,KOSPI
086280,295664.09,332171.41,346637.47,361019.38,20730.08,21536.65,23906.06,25158.75,0.9984,-5446.09,141525,188700,8.16,항공화물운송과물류,KOSPI
105560,812307.08,,,,85177.11,94283.59,96027.29,99504.94,0.9904,,596939,168300,10.23,은행,KOSPI
009150,113144.59,143890.5,184973.95,239629.33,9133.31,20142.4,39337.45,62483.72,0.9613,-2270.93,1200328,1607000,169.99,전자장비와기기,KOSPI
005830,230479.16,,,,23839.5,,,,0.7872,,122093,186400,6.83,손해보험,KOSPI
055550,646819.6,,,,70233.57,80000.35,84053.76,88266.44,0.9927,,483534,103000,9.73,은행,KOSPI
006260,318700.31,415638.56,443960.89,470585.25,10525.54,20508.78,23029.78,26635.75,0.6211,104616.6,86736,278000,32.03,전기장비,KOSPI
066570,892008.82,966994.67,1011195.39,1056280.81,24783.92,46688.78,49837.33,60812.19,0.8078,41258.6,340429,209000,35.44,전자제품,KOSPI
012330,611181.27,647889.88,690498.67,727367.9,33574.56,37680.0,41873.5,45480.19,0.9806,-89091.2,333683,371500,9.13,자동차부품,KOSPI
307950,42520.67,48400.06,54938.06,64165.14,2553.02,2820.38,3519.25,4493.71,0.9761,-4619.81,102291,373000,56.05,IT서비스,KOSPI
078930,251841.27,286612.8,281332.2,283044.0,29360.61,51915.0,36700.0,36994.0,0.8262,61654.03,101999,109800,12.77,석유와가스,KOSPI
010950,342469.57,431418.08,420603.08,395283.38,2356.31,45842.0,36207.54,30171.38,1.0,75316.31,192291,170800,108.67,석유와가스,KOSPI
298040,59685.12,71693.12,86079.24,102264.63,7469.68,11213.41,15744.41,20783.38,0.9869,5156.8,244210,2619000,46.97,전기장비,KOSPI
352820,26498.7,48685.14,42651.48,45627.47,493.18,2832.76,4864.19,5374.47,0.9686,-7203.21,71988,167000,,방송과엔터테인먼트,KOSPI
009540,299332.15,348147.83,379485.92,408247.42,39044.9,61939.25,73845.83,84805.92,0.7985,-110945.45,212673,300500,9.81,조선,KOSPI
267260,40794.98,46678.17,55118.67,64005.53,9953.13,12224.11,15439.5,18745.29,1.0,-8268.76,227097,630000,31.0,전기장비,KOSPI
047040,80546.27,80752.3,90069.8,102067.17,-8154.31,8274.4,8209.3,9204.72,0.988,31023.76,70758,17220,,건설,KOSPI
005940,136989.24,362679.33,339830.67,347040.67,14205.8,22910.47,20113.93,20934.23,0.9628,,97655,26450,9.47,증권,KOSPI
028050,90287.69,106881.5,129261.41,141615.15,7920.79,9798.27,11941.86,13238.4,0.9728,-36619.52,95550,48750,15.47,건설,KOSPI
000720,310629.12,269460.9,284996.71,305450.11,6530.06,8690.95,11399.43,13734.89,0.76,6231.61,122937,110400,32.95,건설,KOSPI
047810,36963.79,53486.06,67246.72,75649.89,2691.9,3428.61,5771.61,7368.06,0.9894,27887.67,118237,121300,63.61,우주항공과국방,KOSPI
323410,30862.91,,,,6493.71,7308.17,8807.75,9747.27,,,94756,19860,,은행,KOSPI
259960,33265.54,48543.06,51771.94,55291.21,10543.81,14447.25,15435.88,16563.14,0.9928,-21242.54,91832,200000,12.5,게임엔터테인먼트,KOSPI
018260,139298.68,144186.0,151439.73,159056.64,9571.03,8212.13,10636.33,11754.43,0.9837,-57031.26,160172,207000,21.09,IT서비스,KOSPI
0126Z0,2516.9,18577.33,20855.0,22952.67,-636.41,2468.0,3099.67,2558.33,1.0,2467.96,90325,363000,105.87,제약,KOSPI
003230,23517.85,31388.14,37915.79,43264.5,5241.88,7316.43,8955.07,10577.1,0.9998,424.07,91225,1211000,23.42,식품,KOSPI
007660,10880.25,16191.2,22704.4,26986.7,2047.25,3478.0,5287.5,6488.0,1.0,408.18,89045,121300,55.49,반도체와반도체장비,KOSPI
024110,292172.06,,,,36555.89,37387.57,40099.14,42048.23,0.9899,,160283,20100,5.91,은행,KOSPI
000270,1141409.19,1252392.28,1297179.52,1357268.05,90781.48,99642.52,107424.0,118192.14,0.9993,-211997.07,426721,109300,5.64,자동차,KOSPI
016360,148739.02,299385.0,281290.0,288540.0,13756.73,22740.12,20905.47,21884.56,0.9984,,79388,88900,7.88,증권,KOSPI
241560,87918.88,94508.67,98813.67,102095.0,6861.32,8526.67,8900.33,9921.5,1.0,-3060.2,52625,54900,13.08,기계,KOSPI
047050,323736.04,353264.6,362209.87,373020.67,11653.16,14877.33,15714.07,16584.6,0.963,67614.96,99924,56800,16.27,무역회사와판매업체,KOSPI
021240,49635.66,56966.5,64071.25,71289.5,8786.52,10133.0,11836.0,12775.5,1.0,25247.31,71546,101100,11.58,가정용기기와용품,KOSPI
272210,36641.51,45377.88,50775.29,57807.88,1198.99,2541.71,4536.12,5742.06,1.0,17248.57,146790,77700,60.6,우주항공과국방,KOSPI
015760,974293.46,976053.36,989070.07,1006913.46,134905.57,77650.79,111501.07,133061.23,0.9581,1306591.75,192268,29950,2.25,전기유틸리티,KOSPI
051910,459321.67,559766.31,639702.54,710135.92,11809.0,14130.38,40102.62,56179.15,0.8157,307180.26,193776,274500,,화학,KOSPI
064400,61295.43,65701.69,71543.69,77913.17,5518.28,5829.77,6677.08,7368.17,0.9971,-10425.1,67045,69200,15.31,IT서비스,KOSPI
039490,171217.04,416349.0,395025.67,401472.33,14882.4,22692.39,18836.5,19903.76,1.0,,64522,246000,5.79,증권,KOSPI
000880,747854.4,916376.83,952499.33,1013182.17,41468.83,65523.33,75334.67,82104.83,0.2906,46978.59,62981,118100,16.91,복합기업,KOSPI
030200,282441.61,273810.72,280173.22,286366.28,24691.33,21200.5,22636.61,23675.89,0.9332,95653.68,128783,51100,7.44,다각화된통신서비스,KOSPI
032640,154517.45,153950.39,158116.56,161366.44,8921.31,11498.33,12363.61,13190.67,1.0,45084.03,61415,14470,11.72,무선통신서비스,KOSPI
006800,292830.28,612958.0,555412.67,581729.0,19151.04,46449.88,25735.69,27993.07,0.9644,,165621,30500,10.55,증권,KOSPI
036570,15069.25,28110.83,31969.67,34162.13,160.78,5315.56,5826.5,6018.93,0.9699,-14930.01,50844,236000,14.67,게임엔터테인먼트,KOSPI
009830,133330.55,183131.25,196616.42,204317.42,-3647.59,8904.67,12961.08,14545.33,0.9842,128985.87,81074,36050,,에너지장비및서비스,KOSPI
090430,42528.2,47437.11,52147.37,56689.06,3358.27,4889.89,5715.0,6516.94,0.9548,-8086.94,80895,138300,34.32,화장품,KOSPI
006400,132667.31,158676.47,196366.68,242839.0,-17223.61,4380.0,14987.68,26120.88,0.8684,106775.0,448861,557000,,전기제품,KOSPI
326030,7067.41,9783.44,11815.75,13789.27,2039.38,3506.63,4671.69,6034.07,1.0,-3330.46,58970,75300,22.09,제약,KOSPI
161390,212022.99,225544.12,237789.29,248351.13,18410.76,21900.94,24523.41,26250.6,0.951,35329.27,74697,60300,6.86,자동차부품,KOSPI
035420,120350.07,137724.67,158229.38,185231.76,22081.38,21367.13,25491.75,30552.57,0.9985,-37918.97,286090,188100,14.65,양방향미디어와서비스,KOSPI
000990,13972.33,16400.0,18585.0,20130.0,2772.95,4165.0,5525.0,7010.0,0.9967,-9156.2,57992,133300,22.65,반도체와반도체장비,KOSPI
175330,46305.45,,,,9523.14,10318.17,11083.58,11698.0,0.9758,,52413,28100,7.38,은행,KOSPI
051900,63554.9,64511.93,67117.13,69735.79,1706.89,3749.4,4456.73,4892.93,0.9669,-11373.38,40509,270500,,화장품,KOSPI
316140,415483.95,,,,36748.08,43627.18,47357.94,50124.69,0.9649,,246087,33400,7.88,은행,KOSPI
062040,5019.46,6810.0,8815.2,11239.33,1786.34,2538.9,3388.1,4393.67,1.0,-2155.58,70172,229000,47.12,전기장비,KOSPI
005385,1862544.72,1918166.48,2001787.6,2105818.81,114678.51,110821.68,126991.24,138052.62,0.912,1025242.74,39694,173800,0.42,자동차,KOSPI
005490,690948.86,738450.28,767087.83,792488.82,18270.63,30644.22,37734.56,43550.35,0.8881,179179.05,244064,308000,37.11,철강,KOSPI
052690,5187.68,5770.4,7483.78,9257.56,354.53,628.7,959.56,1514.89,0.9851,-830.03,47928,125400,56.14,전기유틸리티,KOSPI
066970,21549.39,35365.21,43227.71,51946.64,-1568.5,1937.36,2345.0,3178.93,1.0,14382.17,47644,117100,,전기제품,KOSPI
088980,,,,,,3460.0,3570.0,3700.0,,,46839,9780,,운송인프라,KOSPI
161890,27224.19,32097.75,36315.66,40018.74,2395.95,3484.68,4169.62,4755.32,0.786,10641.17,34015,144100,27.19,화장품,KOSPI
207940,45569.72,55056.64,63997.54,69310.18,20692.21,24184.57,28376.15,31333.36,1.0,-9473.01,591598,1278000,33.15,제약,KOSPI
001440,36360.18,43973.86,46610.57,52846.71,1286.13,2293.14,2609.14,3375.71,0.9715,5639.37,58308,29750,69.23,전기장비,KOSPI
028670,54328.88,70145.79,70455.29,71883.29,4919.48,6875.5,7015.14,7126.21,1.0,41405.81,33143,6200,11.0,해운사,KOSPI
103590,20445.52,23688.5,24906.25,26184.75,1512.27,2552.5,2761.0,3066.5,0.9999,-439.49,41486,87000,39.93,전기장비,KOSPI
377300,9583.71,12931.5,15015.17,17974.17,503.67,1700.5,2023.67,2468.67,0.8745,-44393.61,53376,39450,117.99,IT서비스,KOSPI
012750,28894.12,29506.25,31310.75,32895.0,2345.66,2060.75,2536.75,2694.0,0.9999,-1579.0,31767,83600,17.79,상업서비스와공급품,KOSPI
002380,64838.19,68851.33,71830.0,74338.5,4276.15,4585.0,5192.17,5566.0,1.0,42230.96,40172,467500,2.61,건축자재,KOSPI
085620,51884.29,,,,1945.12,2065.0,2393.0,2472.0,1.0,,30618,22650,23.41,생명보험,KOSPI
071050,194661.43,461800.0,466500.0,468930.0,23453.29,39419.31,31638.06,32889.2,0.9883,,96963,174000,4.8,증권,KOSPI
029780,43828.54,47140.0,47733.33,49516.67,8536.95,7986.67,8145.0,8540.0,1.0,,48371,41750,7.49,카드,KOSPI
302440,6513.68,7095.0,7788.33,8352.0,-1235.02,-1196.0,-620.33,-190.0,1.0,-2892.36,29617,37750,,제약,KOSPI
004020,227332.37,239190.21,249275.0,254537.56,2192.35,3417.32,6745.32,7800.22,0.8904,81868.27,37832,28350,,철강,KOSPI
138930,101525.1,,,,9026.81,9960.14,11080.86,11785.38,0.9675,,47253,15400,5.8,은행,KOSPI
064350,58390.32,67977.61,77175.0,88291.47,10056.41,10510.22,12800.39,15744.65,0.9964,-24542.29,117765,107900,15.3,우주항공과국방,KOSPI
088350,274363.51,,,,11472.5,17329.5,17680.0,18712.0,0.7668,,46206,5320,7.2,생명보험,KOSPI
008930,13569.58,14791.0,,,1387.27,1783.0,,,1.0,856.68,45275,66200,38.25,제약,KOSPI
180640,2983.62,,,,-75.24,,,,0.9738,823.32,88193,132100,56.89,항공사,KOSPI
267250,712594.38,850121.67,897564.0,956006.67,60996.36,132498.83,125525.5,135032.67,0.3631,7714.96,148902,188500,15.47,조선,KOSPI
005387,1862544.72,1918166.48,2001787.6,2105818.81,114678.51,110821.68,126991.24,138052.62,0.912,1025242.74,59916,174900,0.63,자동차,KOSPI
271560,33324.43,37678.14,40180.64,42183.5,5582.58,6386.29,6984.79,7427.0,0.9838,-12166.55,41940,106100,10.96,식품,KOSPI
267270,37765.24,95467.33,105690.0,114089.0,1708.83,7932.83,9500.67,11644.0,1.0,9841.04,54005,113700,54.34,기계,KOSPI
011790,18400.36,24877.0,29587.5,34605.0,-3050.25,-688.0,762.5,2495.0,0.8883,22288.37,53616,108100,,화학,KOSPI
375500,74024.25,70489.0,71734.0,77101.61,3869.53,5724.85,5789.35,6501.39,0.997,-10892.93,27859,72000,7.53,건설,KOSPI
353200,10652.95,16087.69,20118.46,23433.0,490.61,2787.0,4158.15,5165.38,0.999,-2162.12,74027,149800,155.5,전자장비와기기,KOSPI
450080,3925.06,,,,-653.69,,,,,6767.06,26980,38100,,전기제품,KOSPI
010120,49657.99,65469.0,80126.44,94565.41,4264.07,7216.28,10381.06,13649.94,1.0,8044.96,307500,205000,107.28,전기장비,KOSPI
128940,15475.31,17596.72,17945.44,19011.12,2577.99,3664.94,3151.89,3115.76,0.9156,90.87,68411,534000,40.35,제약,KOSPI
011170,184830.05,208145.45,190391.09,193295.45,-9431.16,-791.36,643.0,3616.64,0.7973,77206.58,25836,60400,,화학,KOSPI
001040,450188.29,473012.0,490691.67,513980.0,25277.38,24559.7,27443.33,30620.43,0.4674,168752.98,38164,130800,26.63,복합기업,KOSPI
004800,24317.09,26120.0,26903.33,29156.67,3930.21,5440.0,5300.0,5786.67,0.8386,13984.24,25462,152100,7.72,복합기업,KOSPI
082740,13710.57,15676.56,22241.56,25323.0,1300.66,2258.89,3845.33,4780.33,1.0,-1676.54,37802,45300,21.76,조선,KOSPI
251270,28350.74,29123.06,29720.39,30928.53,3524.78,3228.61,3695.94,3980.47,0.9741,1205.57,28648,34450,12.73,게임엔터테인먼트,KOSPI
014680,8839.69,9864.83,11340.17,13477.8,1562.33,1805.17,2276.33,2956.0,0.9689,948.65,28550,264500,19.38,화학,KOSPI
007340,36757.04,45957.0,48911.0,52148.5,5279.08,6949.5,7449.0,8137.0,0.8907,15626.15,28524,48750,10.13,자동차부품,KOSPI
139130,80409.68,,,,5832.41,6249.08,6856.23,7250.25,0.9705,,28521,18010,6.43,은행,KOSPI
192820,23987.58,30375.32,35643.0,40349.22,1957.92,2660.63,3311.21,3892.17,0.9659,7500.21,35240,310500,28.64,화장품,KOSPI
017800,24673.78,26300.0,29100.0,31900.0,2092.22,2140.0,2190.0,2300.0,1.0,3217.22,28186,72100,10.76,기계,KOSPI
012450,267029.01,323795.48,346070.38,371408.67,30893.2,46483.14,57108.33,63686.71,0.6462,67515.16,504806,979000,35.93,우주항공과국방,KOSPI
000100,21866.38,23471.94,25614.69,28602.69,1043.74,1289.25,2028.44,3026.56,1.0,-959.87,55359,75200,28.52,제약,KOSPI
006360,124503.47,109494.23,118716.82,127575.58,4378.09,4101.0,5939.5,6942.16,0.8669,40469.93,28071,32800,30.02,건설,KOSPI
023530,137383.55,143131.77,147360.0,151106.58,5470.37,7938.38,8639.31,9370.08,0.9286,119784.62,27949,98800,54.21,백화점과일반상점,KOSPI
001450,181103.79,,,,12609.94,,,,0.9812,,40962,48050,4.02,손해보험,KOSPI
097950,273425.89,293145.62,305359.46,317622.8,12336.05,11971.85,13931.08,15212.6,0.7533,115284.69,27353,181700,,식품,KOSPI
017670,170992.13,176576.11,180299.47,186108.16,10732.15,19652.58,20835.95,22293.79,1.0,82031.19,186653,86900,45.7,무선통신서비스,KOSPI
005440,80916.05,84555.6,88053.0,91923.2,2740.74,3437.4,3793.2,4139.2,0.7583,-3765.19,22503,12270,5.46,복합기업,KOSPI
279570,13348.3,,,,1170.85,1164.0,1986.0,2838.0,,,21989,5420,,은행,KOSPI
204320,94548.13,98430.95,104356.5,109809.0,3571.21,4105.23,4713.95,5338.44,0.8888,13563.97,21365,45500,21.36,자동차부품,KOSPI
079550,43069.36,51292.82,60901.53,71420.12,3194.42,4492.76,6244.88,8367.88,1.0,16723.11,146080,664000,57.66,우주항공과국방,KOSPI
018670,76763.19,100881.25,94949.25,97460.25,4428.31,4569.5,5129.75,5222.75,0.8347,26026.17,25073,270500,10.66,가스유틸리티,KOSPI
489790,17909.22,20334.0,23415.0,25948.67,1622.67,2034.0,2967.33,3731.0,1.0,1530.85,24765,49050,54.32,통신장비,KOSPI
454910,329.78,,,,-594.72,,,,,-1686.94,46281,71400,,기계,KOSPI
112610,29316.49,28367.64,32404.55,33191.63,3203.23,3035.36,3365.27,2642.75,0.9777,7948.04,23996,56900,69.15,에너지장비및서비스,KOSPI
457190,4114.7,4273.0,4380.0,4818.0,16.15,267.0,312.0,525.0,1.0,1556.56,23994,79400,3116.1,화학,KOSPI
139480,289703.88,291221.5,303260.5,309373.7,3225.41,4109.58,5673.67,6108.5,0.8221,114500.08,19621,71100,14.41,백화점과일반상점,KOSPI
020150,6775.31,9066.57,13238.43,17299.67,-1452.26,-529.57,309.43,1176.67,0.8299,-375.89,27911,53300,,전자장비와기기,KOSPI
034220,258100.82,249051.29,254033.43,262136.43,5169.77,7900.86,12451.86,15052.43,0.9407,119989.1,41300,8260,18.25,디스플레이패널,KOSPI
005850,52399.39,55715.75,60058.38,63304.0,4070.99,4454.38,4863.0,5542.14,0.9728,-7022.77,23503,50600,7.56,자동차부품,KOSPI
111770,40635.84,45001.57,46813.86,49681.83,5144.39,6369.0,7059.14,7903.5,1.0,-7396.17,31151,70300,6.33,"섬유,의류,신발,호화품",KOSPI
000155,197841.38,218669.42,252464.36,289670.67,10627.15,18054.5,25309.18,32375.67,0.5324,54570.67,18304,458000,24.15,복합기업,KOSPI
089860,29187.52,30496.6,32314.5,34097.4,3125.03,3505.9,3833.0,4151.2,1.0,44991.09,18554,51100,14.54,도로와철도운송,KOSPI
483650,5197.35,7572.95,9806.42,11961.44,1014.69,1659.79,2216.58,2773.11,0.9996,-1973.9,22900,182800,28.97,화장품,KOSPI
009970,48950.1,,,,7354.75,,,,0.6063,-15021.19,21879,168900,5.95,"섬유,의류,신발,호화품",KOSPI
004170,69294.99,73047.47,76126.29,79623.44,4799.62,7885.47,8691.29,9381.06,0.8302,39443.1,30036,318000,215.51,백화점과일반상점,KOSPI
031210,27587.2,,,,3757.02,,,,0.9999,,29884,42800,11.14,손해보험,KOSPI
000500,25456.98,33428.25,42643.67,50523.33,791.92,1449.5,2706.33,3940.0,1.0,4290.98,91417,307000,177.86,전기장비,KOSPI
336260,4547.95,5009.67,8336.17,9972.4,-1056.73,-743.0,443.33,751.2,0.9963,5482.62,29603,45200,,에너지장비및서비스,KOSPI
011780,69151.45,79878.08,78592.85,78517.08,2718.29,5428.62,4384.15,4698.77,0.9999,-853.11,29082,115600,10.0,화학,KOSPI
020560,72668.5,,,,-3451.9,,,,0.631,60195.1,16953,8230,,항공사,KOSPI
010060,33800.6,40987.29,45476.86,50174.86,-576.27,3453.57,5525.43,6516.0,0.8007,9586.85,44342,237500,,화학,KOSPI
002790,46231.75,,,,3680.0,,,,0.4246,-16403.41,20032,26200,16.15,화장품,KOSPI
036460,357273.36,371722.9,387206.1,379038.67,21011.51,25379.5,24033.5,24626.0,0.9964,330240.39,33325,36100,25.05,가스유틸리티,KOSPI
022100,10751.75,9993.0,11930.0,14487.0,603.89,404.0,735.0,1161.0,0.9898,-2469.25,32079,21100,61.59,IT서비스,KOSPI
023590,174950.04,,,,15592.84,,,,0.437,-482973.99,16298,37650,3.23,증권,KOSPI
103140,50485.8,61733.87,65038.33,67977.14,2974.27,4326.2,3955.4,4335.57,1.0,10110.41,19141,68300,13.01,비철금속,KOSPI
093370,4715.64,6908.0,7659.0,8951.0,253.5,765.0,1057.0,1230.0,0.8701,2632.79,16228,15130,305.5,화학,KOSPI
007070,119574.22,124917.67,129261.87,133341.64,2921.2,3600.53,3886.47,4106.64,1.0,19593.92,18686,22350,43.02,백화점과일반상점,KOSPI
069960,42303.21,43120.0,46415.24,48652.5,3779.48,4088.88,5019.76,5473.31,0.9891,13062.4,18589,86200,8.95,백화점과일반상점,KOSPI
004990,155396.27,158221.5,163400.0,169965.0,2394.39,3218.0,4064.0,4920.0,0.5465,76316.01,23172,23250,,복합기업,KOSPI
035250,14767.27,14639.63,14730.13,15951.57,2353.11,2101.0,2030.38,2653.14,1.0,-29273.88,30529,14270,9.59,"호텔,레스토랑,레저",KOSPI
018880,108837.28,113206.7,117907.95,123199.72,2703.72,4296.9,4969.2,5525.56,0.9903,28264.69,39613,3860,,자동차부품,KOSPI
462870,2945.46,2136.38,2116.0,3327.88,1814.18,1065.5,1013.38,2058.0,1.0,-5410.08,18210,31000,9.51,게임엔터테인먼트,KOSPI
030000,45468.95,44559.08,46900.17,48918.9,3368.9,3016.58,3330.17,3533.1,0.9947,-5074.79,21743,18900,10.48,광고,KOSPI
005070,4562.96,5792.0,8926.0,13130.0,23.78,212.0,608.0,1110.0,,888.66,15279,46000,,화학,KOSPI
229640,9600.56,12500.22,13738.67,15196.67,667.78,846.44,949.0,1125.56,0.8836,967.59,20886,68200,49.65,전기장비,KOSPI
475150,3856.41,5591.2,1595.2,1658.0,529.98,654.8,841.4,832.5,1.0,3383.52,16693,49000,54.34,에너지장비및서비스,KOSPI
011210,84815.61,90657.75,95624.0,100668.79,2044.13,2194.13,2677.25,2996.93,0.9549,-2845.84,14141,52000,14.28,자동차부품,KOSPI
294870,41470.07,38407.65,47679.24,48381.2,2486.14,5230.76,6995.59,6568.93,1.0,12767.84,14500,22000,9.17,건설,KOSPI
322000,4926.6,6959.0,8534.0,,412.23,1432.33,1665.0,,1.0,-1668.73,16374,146200,39.29,에너지장비및서비스,KOSPI
281820,3828.57,,,,599.66,,,,1.0,-2632.16,23778,120100,44.53,반도체와반도체장비,KOSPI
000120,122846.52,132513.55,137548.64,143196.27,5080.81,4698.18,5340.18,5899.18,0.9451,38229.46,16083,70500,6.64,항공화물운송과물류,KOSPI
066575,892008.82,966994.67,1011195.39,1056280.81,24783.92,46688.78,49837.33,60812.19,0.8078,41258.6,12766,74300,1.33,전자제품,KOSPI
001740,67451.27,68913.5,70640.75,72342.5,862.93,1077.75,1333.5,1466.25,0.9808,14693.46,12698,6330,25.49,복합기업,KOSPI
00680K,292830.28,612958.0,555412.67,581729.0,19151.04,46449.88,25735.69,27993.07,0.9644,,12587,9890,0.8,증권,KOSPI
006280,19912.79,19881.08,21101.0,22768.77,691.5,725.62,980.77,1277.46,0.884,8941.9,15239,130400,,제약,KOSPI
001120,167063.1,188728.0,187702.0,190441.33,2921.93,4766.67,4883.5,4909.83,0.8795,18965.43,17113,44150,12.07,무역회사와판매업체,KOSPI
007810,15097.25,17103.5,19450.5,20506.0,538.16,970.5,1594.0,1876.5,0.8916,1868.81,20745,86500,43.9,전자장비와기기,KOSPI
120110,48733.99,53155.33,55417.5,57748.5,1088.96,2780.5,2985.83,3361.83,0.951,22920.57,16740,55900,43.72,화학,KOSPI
298020,76948.44,87847.0,90427.17,95531.33,2515.03,5427.33,6025.0,6457.33,0.7788,22664.76,12139,280500,112.24,무역회사와판매업체,KOSPI
003540,50638.9,,,,3014.02,5836.67,3716.67,3853.33,1.0,,11917,25000,6.39,증권,KOSPI
300720,14238.6,13854.5,14815.5,15530.0,1327.39,1343.0,1517.0,1723.5,1.0,4969.89,11833,16090,15.95,건축자재,KOSPI
003160,4322.94,5897.6,7189.0,8223.67,365.08,1157.0,1427.0,1660.33,0.5562,359.69,11532,40750,226.3,반도체와반도체장비,KOSPI
280360,42159.53,44734.93,46672.29,48366.64,1095.19,2148.29,2409.29,2658.91,1.0,11547.69,11257,122300,15.57,식품,KOSPI
004000,17526.83,21190.86,20897.71,21641.57,743.61,1631.29,1657.86,1807.71,1.0,-4418.46,10991,42600,10.36,화학,KOSPI
026960,5328.79,,,,453.37,,,,0.9892,-7694.47,26171,26250,18.06,식품,KOSPI
017960,9088.1,9571.25,10051.25,10803.0,1309.51,1832.25,1988.5,2195.0,1.0,-1635.39,10490,20300,10.31,조선,KOSPI
007310,36745.45,,,,1772.51,,,,0.9595,2748.22,12565,313500,18.15,식품,KOSPI
361610,2618.74,1634.25,2494.5,3977.75,-2463.64,-2308.5,-1015.75,-130.5,1.0,14498.73,14795,18090,,전기제품,KOSPI
003240,18274.4,,,,-360.15,,,,0.9721,-13030.56,10232,919000,12.66,화학,KOSPI
000210,53267.21,55385.5,55391.5,56050.0,2985.46,6496.0,6105.0,6170.0,0.9294,45447.6,10216,48750,,화학,KOSPI
030190,6021.47,6610.0,7243.0,7863.0,1043.89,1190.5,1306.5,1428.0,1.0,-1481.99,9708,16660,12.58,상업서비스와공급품,KOSPI
192400,9209.29,,,,1140.09,,,,1.0,-3466.13,9691,27250,6.66,가정용기기와용품,KOSPI
001720,24663.81,31713.66,,,1361.46,1958.39,,,0.9554,,23000,139900,21.17,증권,KOSPI
003530,30945.78,,,,1477.01,,,,1.0,,9526,4440,9.34,증권,KOSPI
008770,40683.06,40053.75,41346.5,43638.7,135.13,1970.25,2369.42,2696.2,1.0,9742.49,15444,39350,,백화점과일반상점,KOSPI
006040,95836.74,101784.0,105709.67,110070.0,5161.34,5748.67,6005.33,6220.0,0.9461,21050.03,15427,34950,4.2,식품,KOSPI
051915,459321.67,559766.31,639702.54,710135.92,11809.0,14130.38,40102.62,56179.15,0.8157,307180.26,9358,121800,,화학,KOSPI
003690,67044.02,,,,4709.39,,,,1.0,,25766,14580,8.0,손해보험,KOSPI
081660,44686.46,47469.5,48445.17,49578.0,4747.81,6213.0,6225.33,6392.0,0.6591,13756.9,20706,39000,9.23,"섬유,의류,신발,호화품",KOSPI
006120,101640.14,132060.0,128730.0,133240.0,3613.54,4420.0,5970.0,6710.0,0.8941,41141.98,12468,71600,9.64,석유와가스,KOSPI
006340,6245.42,,,,93.51,,,,0.6795,162.83,10115,12900,115.26,전기장비,KOSPI
071320,39981.87,39223.0,39382.33,38811.0,5296.24,5105.67,4246.0,4094.0,0.9941,37397.42,9124,78800,2.69,복합유틸리티,KOSPI
003570,7120.22,8077.0,9147.0,10260.0,854.57,1121.0,1357.0,1544.0,1.0,-3243.33,10059,30250,16.34,자동차부품,KOSPI
077970,7893.42,9044.0,9892.0,13208.5,695.93,1003.5,1190.0,1826.0,1.0,2185.47,8873,22100,12.87,조선,KOSPI
005300,39711.44,40973.42,42459.42,43849.56,1671.6,1990.08,2231.5,2400.33,0.9554,14544.81,8852,95400,18.74,음료,KOSPI
012630,65847.98,65503.5,72451.0,78230.0,6488.68,9498.5,11268.0,12280.0,0.653,23786.06,13531,22650,4.5,건설,KOSPI
097230,19997.05,26710.0,29510.0,,670.74,2180.0,3250.0,,1.0,2710.99,13409,14850,26.07,건설,KOSPI
181710,25162.34,29820.73,33257.45,38176.78,1324.34,1991.36,2543.36,3333.33,0.7846,-4584.32,18234,56400,56.82,IT서비스,KOSPI
248070,17002.46,19450.0,20200.0,21250.0,465.0,750.0,990.0,900.0,1.0,3728.47,8397,17560,62.46,전자장비와기기,KOSPI
137310,7105.81,,,,-809.45,,,,,-1229.65,8223,6810,,건강관리장비와용품,KOSPI
071055,194661.43,461800.0,466500.0,468930.0,23453.29,39419.31,31638.06,32889.2,0.9883,,8190,139800,0.41,증권,KOSPI
000080,24985.67,24551.17,24952.33,25185.5,1723.39,1939.33,2023.17,2083.75,1.0,7752.29,10359,14770,24.97,음료,KOSPI
003470,34612.73,,,,993.79,,,,1.0,,8189,4250,8.56,증권,KOSPI
415640,,,,,,560.0,620.0,660.0,,,12218,9970,,운송인프라,KOSPI
001820,2944.92,3276.5,3984.5,4220.0,128.66,298.5,580.5,620.0,1.0,-881.47,16507,158800,131.71,전기제품,KOSPI
192080,7198.97,8373.3,8748.3,9166.0,2321.34,2828.8,3056.8,3193.63,0.8152,-10011.68,12048,56900,9.18,게임엔터테인먼트,KOSPI
000240,14575.52,14411.0,15601.0,16860.0,4116.26,4211.0,4716.0,5340.0,1.0,-351.78,23924,25200,6.89,자동차부품,KOSPI
003090,20683.7,,,,2617.94,,,,0.7681,7061.41,9000,15480,5.14,제약,KOSPI
006110,2714.59,3936.2,4782.4,,-176.47,44.0,316.5,,1.0,2331.11,9951,65800,,비철금속,KOSPI
032350,6534.48,7733.55,8549.09,9503.44,1433.28,1903.18,2247.45,2635.33,1.0,11891.68,8826,11070,31.79,"호텔,레스토랑,레저",KOSPI
090460,17926.6,18847.6,21344.0,22567.89,539.78,925.1,1267.7,1461.56,0.8977,-30.67,7383,21900,23.79,전자장비와기기,KOSPI
009240,17445.38,16687.11,17243.89,17757.38,184.91,380.44,424.89,521.75,0.9997,1895.95,9472,40250,20.47,가구,KOSPI
036530,22356.94,,,,3006.56,,,,0.5914,-10191.21,7288,44700,5.61,자동차부품,KOSPI
009155,113144.59,143890.5,184973.95,239629.33,9133.31,20142.4,39337.45,62483.72,0.9613,-2270.93,15349,528000,2.17,전자장비와기기,KOSPI
214320,21460.41,21601.44,22485.33,23350.25,1628.0,1836.22,1940.89,2072.88,0.875,-5212.93,7212,18030,7.86,광고,KOSPI
004370,35143.16,37575.0,39609.71,40938.7,1839.33,2323.38,2490.0,2643.1,0.9963,-10975.06,24270,399000,14.27,식품,KOSPI
185750,16924.04,17939.0,18836.0,19778.0,805.68,718.0,1319.0,1384.0,0.9951,1081.44,9082,65800,11.72,제약,KOSPI
000400,32206.71,,,,647.36,,,,,,6967,2245,,손해보험,KOSPI
002960,3449.59,,,,527.81,,,,,-301.51,6942,534000,,화학,KOSPI
005180,14895.87,15731.75,16392.5,16720.0,883.57,1634.25,1705.0,1630.0,1.0,-1441.02,7825,88500,14.08,식품,KOSPI
009420,1551.85,1699.2,1925.0,2070.4,-9.16,56.8,120.8,79.0,0.7007,147.99,23743,45450,,제약,KOSPI
100090,9653.88,6457.63,7437.5,11730.33,595.09,573.88,614.25,1166.33,0.9968,1803.61,7772,12440,20.56,에너지장비및서비스,KOSPI
073240,47012.82,50891.0,53360.7,56037.75,5758.59,6186.9,6481.5,7343.75,0.9334,12484.08,18988,6610,5.47,자동차부품,KOSPI
001430,36515.85,41193.83,44576.42,46597.45,984.12,1677.83,2298.33,2683.91,0.9923,12059.87,15761,43950,28.05,철강,KOSPI
005880,12769.68,12430.4,12370.4,12258.2,2071.64,2559.0,2477.0,2474.6,1.0,10250.27,6665,2065,3.7,해운사,KOSPI
000370,74497.36,,,,4295.93,,,,1.0,,8569,7340,2.87,손해보험,KOSPI
456040,20094.29,21592.67,21135.67,21676.67,4.4,1579.67,1798.0,1836.67,0.9577,5246.13,6482,72400,,화학,KOSPI
298050,32830.45,35828.0,36612.0,37609.0,1574.33,2324.5,2749.25,2952.0,0.7612,26151.51,7262,162100,,화학,KOSPI
069260,11276.91,13155.5,14230.0,15730.0,656.15,890.0,960.0,1060.0,1.0,-2409.45,6471,15830,10.8,화학,KOSPI
051600,15765.17,16274.82,16991.55,17621.45,1401.02,1724.82,1949.27,2072.09,1.0,-2782.69,19890,44200,16.01,전기유틸리티,KOSPI
000640,14297.67,15779.0,17024.33,18512.33,977.73,1104.33,1193.0,1396.0,0.9871,4729.59,6389,94900,7.03,제약,KOSPI
268280,5321.23,,,,654.82,,,,1.0,-248.65,6380,127600,10.41,화학,KOSPI
093050,18824.3,,,,1681.11,,,,0.8414,4868.89,6930,23700,7.01,"섬유,의류,신발,호화품",KOSPI
285130,23651.64,29278.5,31620.0,33405.0,-2.07,587.0,1592.0,2230.0,1.0,4854.61,8822,51000,19.76,화학,KOSPI
014820,13728.74,,,,661.56,,,,0.999,2862.38,6291,21700,11.72,포장재,KOSPI
002840,4411.38,,,,436.08,,,,1.0,-119.71,6188,137500,14.22,화학,KOSPI
004710,12524.25,,,,204.16,,,,0.2898,2338.93,6174,11640,,전자장비와기기,KOSPI
282330,90612.16,95097.33,99090.33,102877.92,2539.47,3058.6,3370.0,3640.54,0.9994,-4201.09,22555,130500,11.55,백화점과일반상점,KOSPI
195870,6533.97,8824.0,10253.91,11639.64,464.91,1026.82,1491.91,1809.55,1.0,1298.53,10914,64200,45.82,반도체와반도체장비,KOSPI
100840,6061.2,4654.5,4450.0,5100.0,1113.14,936.5,760.0,990.0,1.0,-836.28,6531,33050,7.74,에너지장비및서비스,KOSPI
439260,12281.28,13363.8,13931.8,15325.8,2941.03,3642.2,3819.0,4340.2,1.0,-6298.42,17864,46900,7.18,조선,KOSPI
178920,2634.21,2924.0,3285.5,3679.0,430.39,682.5,754.0,845.0,,-200.79,5903,20100,,화학,KOSPI
033240,8489.2,10056.0,10064.0,10680.0,419.97,921.0,923.0,970.0,1.0,821.61,5898,27300,12.51,통신장비,KOSPI
006650,33478.22,34288.6,36427.2,36916.0,526.69,1199.0,1995.4,2342.2,0.6913,758.41,5831,89700,18.39,화학,KOSPI
005690,1140.62,1605.0,2219.0,,343.04,572.0,817.0,,,-401.4,7771,12950,,화학,KOSPI
019170,2346.81,,,,142.55,,,,1.0,-190.16,5729,10930,64.92,제약,KOSPI
001570,1027.81,,,,-446.61,,,,,3021.11,6333,9900,,화학,KOSPI
004490,21420.68,23967.0,29980.0,,1537.64,1732.0,2060.0,,1.0,-3132.96,8690,62700,6.16,자동차부품,KOSPI
016380,31934.44,34029.67,35459.67,36884.67,1507.47,1353.33,1605.33,1685.67,1.0,2314.2,5661,5660,4.19,철강,KOSPI
00088K,747854.4,916376.83,952499.33,1013182.17,41468.83,65523.33,75334.67,82104.83,0.2906,46978.59,5518,37600,1.48,복합기업,KOSPI
00104K,450188.29,473012.0,490691.67,513980.0,25277.38,24559.7,27443.33,30620.43,0.4674,168752.98,5355,126700,3.74,복합기업,KOSPI
114090,4229.47,4660.0,4915.13,5072.83,526.44,674.5,764.75,855.67,0.9985,-3786.15,5326,8610,11.31,"호텔,레스토랑,레저",KOSPI
003300,19304.89,,,,1232.24,,,,0.5097,7309.01,5318,17250,16.85,건축자재,KOSPI
001060,7752.98,,,,944.61,,,,1.0,-303.34,6392,27450,10.39,제약,KOSPI
161000,14523.35,,,,-101.93,,,,0.4668,5107.06,5249,10790,,화학,KOSPI
001800,33931.26,39428.0,40128.0,42150.0,4877.29,6071.0,6291.0,6750.0,0.36,-12314.71,13686,22750,11.31,식품,KOSPI
001530,6013.52,7106.0,7850.0,9156.0,-15.45,121.0,215.0,349.0,1.0,3868.49,5241,25300,,"섬유,의류,신발,호화품",KOSPI
003850,10174.27,,,,650.67,,,,1.0,2538.32,7541,8790,11.73,제약,KOSPI
030610,45067.95,,,,1904.43,,,,1.0,,11146,9780,7.8,증권,KOSPI
499790,4816.83,6214.2,6797.2,7225.8,780.23,1383.0,1601.8,1783.4,0.6627,6224.65,7506,37850,38.75,"호텔,레스토랑,레저",KOSPI
484870,4033.49,4126.0,5013.0,5969.0,560.65,571.0,733.0,948.0,,-463.96,5229,19040,,우주항공과국방,KOSPI
002350,31896.1,34794.2,36191.4,37918.08,1702.97,1745.0,2099.07,2355.62,0.9967,12956.47,5645,5780,3.74,자동차부품,KOSPI
069620,15708.91,16656.56,17606.56,19233.0,1967.82,2311.0,2420.33,2825.78,1.0,7665.99,12780,110300,6.53,제약,KOSPI
075580,4026.86,4151.0,4651.0,5051.0,733.89,827.0,940.0,1059.0,0.8085,1544.16,5583,9820,11.02,조선,KOSPI
017900,1326.85,,,,12.05,,,,1.0,-913.17,6125,10570,143.88,전자장비와기기,KOSPI
079160,22753.69,24988.0,26474.0,28083.33,962.17,1060.4,1281.6,1410.0,1.0,20116.61,8329,5030,,방송과엔터테인먼트,KOSPI
008060,13849.9,,,,113.13,,,,0.5689,-3721.99,5078,16230,143.37,전자장비와기기,KOSPI
001680,44013.05,44434.0,45805.0,,1692.82,1919.0,2028.0,,0.9844,10797.32,6088,17570,,식품,KOSPI
108320,16390.71,16356.0,16587.0,17090.0,1088.56,781.0,770.0,950.0,1.0,-4406.46,6067,37300,7.34,디스플레이장비및부품,KOSPI
192650,12306.21,11196.0,14022.0,17018.0,313.73,204.0,537.0,760.0,0.7273,827.86,5930,9000,6445.65,핸드셋,KOSPI
000815,247785.2,,,,26591.43,32565.38,39419.62,38107.08,0.9944,,11863,394500,0.59,손해보험,KOSPI
377740,1183.24,,,,167.06,,,,1.0,-3649.99,4784,4695,,건강관리장비와용품,KOSPI
079900,1906.61,1941.0,2146.67,2340.33,287.19,276.0,340.33,394.33,1.0,-325.12,5684,38950,18.02,기계,KOSPI
001500,18204.93,,,,722.52,,,,1.0,,4761,7700,8.25,증권,KOSPI
460860,32034.31,37768.33,39734.0,41151.67,593.8,1174.67,1441.67,1585.0,,13551.47,4757,9590,,철강,KOSPI
001270,9654.64,,,,567.77,,,,0.9998,,5195,50100,11.38,증권,KOSPI
004690,52754.61,54361.0,54856.0,55876.0,1596.31,1835.0,1786.0,1858.0,0.8709,750.99,4606,127000,4.13,가스유틸리티,KOSPI
064960,10063.74,10356.67,11439.11,12192.25,1025.53,1044.78,1197.0,1361.0,1.0,-3583.6,7046,26550,10.12,자동차부품,KOSPI
002240,18091.83,,,,407.23,,,,1.0,-278.45,4509,16700,46.91,철강,KOSPI
217590,3408.85,,,,64.29,,,,1.0,303.51,4460,18510,,조선,KOSPI
003280,1808.13,,,,112.76,,,,1.0,150.96,4453,1852,14.56,해운사,KOSPI
009900,16191.55,,,,1025.92,,,,1.0,-545.5,4418,8420,6.47,자동차부품,KOSPI
317450,2872.54,,,,924.98,,,,1.0,-4466.9,6336,43400,7.78,제약,KOSPI
005420,6641.55,,,,-159.86,,,,,3543.74,4394,11440,,화학,KOSPI
017940,103925.23,154098.0,154079.0,150674.0,3240.63,1651.0,4487.0,4531.0,0.882,-6912.07,6277,91500,5.99,가스유틸리티,KOSPI
336370,6160.83,5556.0,6899.5,10082.5,-733.36,-753.5,287.5,760.5,0.707,8392.07,6193,8820,,전자장비와기기,KOSPI
145990,25625.0,,,,1117.25,,,,0.8903,6948.15,4718,45750,,식품,KOSPI
284740,11213.43,,,,1693.63,,,,0.8898,-655.68,5576,24850,4.67,가정용기기와용품,KOSPI
403550,4707.03,5080.0,5373.0,5570.0,232.49,294.0,353.0,405.0,1.0,2788.21,4363,11500,,도로와철도운송,KOSPI
039130,5869.03,5802.25,6378.25,6763.0,576.27,467.5,627.5,698.25,0.7736,-1279.94,4670,30150,14.64,"호텔,레스토랑,레저",KOSPI
452260,5751.66,,,,94.14,,,,1.0,5115.03,5079,2620,153.31,백화점과일반상점,KOSPI
090435,42528.2,47437.11,52147.37,56689.06,3358.27,4889.89,5715.0,6516.94,0.9548,-8086.94,4260,40350,1.81,화장품,KOSPI
034230,11498.67,12719.11,13808.0,14722.86,1558.16,1662.78,2036.78,2396.86,0.7501,6206.98,9207,9940,9.76,"호텔,레스토랑,레저",KOSPI
005945,136989.24,362679.33,339830.67,347040.67,14205.8,22910.47,20113.93,20934.23,0.9628,,4189,22200,0.41,증권,KOSPI
072710,8588.16,,,,811.17,,,,1.0,1696.01,4118,88800,3.59,식품,KOSPI
014830,13387.58,16063.17,17101.33,17706.33,879.09,940.5,1124.67,1196.17,1.0,1189.13,4115,60800,6.31,화학,KOSPI
000670,29089.74,,,,-2596.89,,,,,1866.54,7401,40200,,핸드셋,KOSPI
012030,6434.64,,,,415.99,,,,0.9943,3166.59,4034,2005,8.21,IT서비스,KOSPI
029460,7973.44,9368.0,10687.0,11756.0,464.63,756.0,973.0,1176.0,0.8698,-2101.88,5213,47300,11.88,반도체와반도체장비,KOSPI
005389,1862544.72,1918166.48,2001787.6,2105818.81,114678.51,110821.68,126991.24,138052.62,0.912,1025242.74,3957,170400,0.04,자동차,KOSPI
130660,3945.48,,,,65.75,,,,1.0,63.51,3951,12120,97.32,전기유틸리티,KOSPI
058650,66110.86,74867.0,78205.0,80300.5,1754.67,3210.0,3962.0,4074.0,0.8423,20358.81,5122,126300,7.93,철강,KOSPI
383800,1903.59,1580.0,1685.0,1775.0,1333.98,1840.0,1935.0,2075.0,1.0,2009.41,6102,8000,4.5,무역회사와판매업체,KOSPI
020000,14917.64,16035.86,16950.43,17835.0,521.79,919.86,1089.29,1247.71,1.0,-387.48,4650,21650,10.06,"섬유,의류,신발,호화품",KOSPI
071970,4023.96,6049.86,7683.29,8787.86,759.12,1535.71,2110.71,2562.86,1.0,-4232.94,15197,44800,9.2,조선,KOSPI
271940,815.86,,,,-112.04,,,,1.0,-2379.76,4245,11690,,자동차부품,KOSPI
002990,20184.88,20763.0,23502.0,26418.0,470.84,709.0,1068.0,1246.0,1.0,14.34,4240,11380,6.63,건설,KOSPI
003545,50638.9,,,,3014.02,5836.67,3716.67,3853.33,1.0,,4889,20050,2.62,증권,KOSPI
317400,13875.96,15188.4,20344.5,25507.33,125.06,550.0,1011.25,1403.0,0.7643,-1450.69,3824,9860,10.73,건설,KOSPI
003620,43036.37,50812.0,56942.0,59231.0,361.56,361.0,853.0,1079.0,0.9076,7372.5,5242,2590,11.26,자동차,KOSPI
005090,24606.88,25196.33,26166.0,25933.0,958.2,1609.67,1778.33,2483.0,0.8591,17399.96,6816,47300,,에너지장비및서비스,KOSPI
344820,19006.06,19835.0,20731.0,21878.0,-752.07,4.0,510.0,732.0,1.0,3428.08,3793,23750,,건축자재,KOSPI
010780,12343.56,10917.5,14041.75,19599.25,681.23,1560.5,1701.0,3059.25,0.9452,9568.09,4378,14730,,건설,KOSPI
029530,3173.28,,,,62.48,,,,1.0,-4183.27,3711,38200,18.49,사무용전자제품,KOSPI
089590,15799.41,19927.0,19788.33,20193.67,-1116.6,257.0,1274.0,1533.0,0.9955,11477.37,3669,4550,,항공사,KOSPI
011930,5674.54,7600.0,8503.0,9693.0,12.81,195.0,276.0,501.0,0.8537,1935.6,3950,19450,,반도체와반도체장비,KOSPI
016590,6395.29,,,,222.41,,,,1.0,-1048.58,3643,9040,15.98,포장재,KOSPI
001940,8252.61,9220.0,9350.0,9990.0,-707.47,-170.0,260.0,340.0,1.0,-7896.36,3615,25500,,철강,KOSPI
950210,143.26,260.72,,,-673.51,-936.12,,,1.0,428.86,3594,5980,16.12,제약,KOSPI
092790,5509.92,,,,399.42,,,,1.0,693.01,3552,13660,9.85,철강,KOSPI
003000,2007.14,,,,141.64,,,,1.0,-884.29,4183,4240,33.31,제약,KOSPI
006405,132667.31,158676.47,196366.68,242839.0,-17223.61,4380.0,14987.68,26120.88,0.8684,106775.0,3551,219500,,전기제품,KOSPI
000070,33482.87,,,,1087.66,,,,0.3159,11119.41,4394,56600,,화학,KOSPI
003350,1846.28,2583.0,2967.0,,328.84,491.0,593.0,,,-575.54,3755,16570,,화장품,KOSPI
015860,22827.24,,,,1455.91,,,,0.3927,-5626.04,3528,7150,10.03,전기장비,KOSPI
034310,32425.6,,,,1980.97,,,,0.4916,5008.22,4304,11710,11.43,IT서비스,KOSPI
025540,14428.5,15003.0,15888.0,16785.0,1392.53,1102.0,1371.0,1533.0,1.0,-1336.32,5543,54800,5.23,자동차부품,KOSPI
170900,8087.8,8771.0,9965.0,11215.0,6.23,369.0,434.0,463.0,1.0,2744.76,3449,35450,,제약,KOSPI
145720,3464.52,3734.0,4275.0,4902.67,641.11,713.0,821.33,1019.33,1.0,2245.04,3437,39850,20.94,건강관리장비와용품,KOSPI
003030,37595.75,44341.0,49231.5,53827.5,2058.26,823.0,3034.0,3620.0,0.9453,20507.16,4473,108000,7.07,철강,KOSPI
104700,4866.05,5490.0,5520.0,5900.0,-386.99,-160.0,160.0,210.0,,-3323.8,3419,9380,,철강,KOSPI
007690,13955.56,19038.0,18911.0,19023.0,531.7,1133.0,1185.0,1350.0,0.9956,4401.52,3552,38350,16.3,화학,KOSPI
004700,978.8,,,,87.9,,,,,-520.6,4422,66500,,"섬유,의류,신발,호화품",KOSPI
005250,24514.76,,,,362.27,,,,,15833.53,4773,10150,,제약,KOSPI
092230,11637.26,,,,429.64,,,,0.6795,-6678.85,3791,96000,4.78,화학,KOSPI
453340,23296.23,25087.5,26724.0,28165.0,1067.95,1372.5,1498.5,1630.0,0.9947,-1200.06,6166,18990,7.07,식품,KOSPI
002710,6115.14,,,,-109.09,,,,0.9969,2084.53,3694,14090,,철강,KOSPI
126560,2645.15,,,,63.09,,,,1.0,-3232.02,3686,3375,48.95,화장품,KOSPI
016610,19219.88,,,,1166.98,,,,0.8528,,4296,10120,5.28,증권,KOSPI
096760,9695.65,,,,1678.99,,,,0.5066,2581.64,3179,4300,5.43,제약,KOSPI
024720,6301.12,,,,477.43,,,,1.0,1364.24,3172,9250,13.54,화장품,KOSPI
02826K,407422.41,456528.06,493817.5,516251.2,32927.47,37892.31,44032.56,47685.8,0.7149,-38038.9,3148,214500,0.13,복합기업,KOSPI
015360,13275.99,,,,1117.15,,,,1.0,2038.45,3835,14610,4.42,가스유틸리티,KOSPI
084010,12470.59,14273.33,15110.0,15643.33,-28.73,276.67,286.67,330.0,0.8717,-2726.36,3138,9130,21.35,철강,KOSPI
017810,33801.89,35677.0,37527.0,,931.73,1081.0,1216.0,,0.8843,10639.49,3374,8850,18.65,식품,KOSPI
001510,14046.72,,,,77.86,,,,1.0,,5239,2265,18.18,증권,KOSPI
126720,3376.55,,,,430.79,,,,1.0,-1802.89,3100,21700,6.34,에너지장비및서비스,KOSPI
097520,12792.37,11865.0,13451.0,14377.0,520.15,250.0,386.0,424.0,1.0,79.46,3327,19120,6.45,핸드셋,KOSPI
249420,5669.34,,,,194.77,,,,1.0,816.88,4717,14910,17.05,제약,KOSPI
105630,19417.77,21196.29,22085.14,22816.67,834.16,1010.57,1055.86,1193.33,0.9982,5226.53,3516,8790,6.14,"섬유,의류,신발,호화품",KOSPI
009290,16595.12,,,,310.46,,,,0.9831,1232.25,3486,7000,16.63,제약,KOSPI
025860,16044.21,,,,431.29,,,,1.0,2097.05,3011,6060,10.33,화학,KOSPI
002020,58861.33,,,,605.01,,,,1.0,23440.16,2975,23050,,복합기업,KOSPI
123890,2042.88,2485.0,2450.0,2660.0,342.27,715.0,1015.0,1240.0,1.0,,2968,2425,6.01,부동산,KOSPI
009450,15022.4,16926.0,18994.0,21342.0,1433.77,2679.0,2668.0,3145.0,0.9989,2040.46,8989,61700,10.02,가정용기기와용품,KOSPI
200880,45052.5,,,,1618.0,,,,0.9819,6745.21,2965,10970,4.94,자동차부품,KOSPI
001230,19852.65,,,,394.57,,,,0.7758,1121.2,3126,2010,19.45,철강,KOSPI
003120,642.92,,,,-61.61,,,,,-2118.44,2953,22200,,제약,KOSPI
060980,13350.36,13630.0,14660.0,15840.0,886.9,1230.0,1380.0,1600.0,0.9918,8148.21,3372,37650,16.18,자동차부품,KOSPI
009410,21744.84,,,,527.89,,,,0.666,9516.19,5223,1635,8.18,건설,KOSPI
000157,197841.38,218669.42,252464.36,289670.67,10627.15,18054.5,25309.18,32375.67,0.5324,54570.67,3322,372000,4.38,복합기업,KOSPI
194370,12882.33,16597.0,18344.0,,1405.12,1767.0,1886.0,,0.8927,7780.91,3497,12050,4.57,"섬유,의류,신발,호화품",KOSPI
005430,6631.93,7050.0,,,470.15,635.0,,,1.0,-617.87,3014,95200,7.43,운송인프라,KOSPI
034830,1843.6,2254.25,2409.0,2815.0,-208.8,249.8,422.5,505.0,0.9993,,2815,1115,13.42,부동산,KOSPI
005950,16594.77,,,,68.84,,,,,2848.65,2995,11390,,화학,KOSPI
044450,5613.95,,,,1103.33,,,,1.0,12107.05,2759,12220,7.55,해운사,KOSPI
122900,30544.23,39470.0,42650.0,45530.0,203.2,710.0,860.0,970.0,0.8394,515.43,2748,8220,13.12,상업서비스와공급품,KOSPI
306200,14847.97,18667.5,19906.33,20521.0,496.01,1136.67,1326.33,1480.4,1.0,2511.76,4178,147300,13.93,철강,KOSPI
078520,2420.02,2545.0,2900.0,,179.53,344.0,406.0,,1.0,-38.21,2943,11790,20.83,화장품,KOSPI
002900,9293.61,9972.0,,,640.82,833.0,,,1.0,1164.5,2720,6570,6.78,기계,KOSPI
058430,11254.4,11780.0,12255.0,12545.0,244.59,285.0,320.0,335.0,0.9803,-576.43,2703,4505,15.86,비철금속,KOSPI
005720,35865.18,,,,2042.1,,,,0.5127,12586.84,3258,6200,3.57,자동차부품,KOSPI
0120G0,285.94,,,,26.91,,,,,-194.85,3673,49400,,건강관리장비와용품,KOSPI
033270,2887.65,3035.0,3203.0,3384.0,495.85,478.0,496.0,508.0,,-1636.96,2867,18020,,제약,KOSPI
017390,18279.97,,,,174.06,,,,0.9984,-6613.98,2678,54100,8.66,가스유틸리티,KOSPI
002810,4468.68,,,,127.62,,,,0.9555,-3143.9,3943,21350,6.73,화학,KOSPI
105840,1503.79,,,,141.78,,,,0.788,-57.61,2597,12860,29.83,기계,KOSPI
004310,1917.9,,,,41.61,,,,,311.95,2586,8080,,제약,KOSPI
183190,10227.9,10701.33,11606.67,12226.0,771.34,739.0,1162.67,1425.33,0.9817,5963.24,3609,10030,21.36,건축자재,KOSPI
031430,11099.69,12780.33,13616.4,14316.67,-114.97,551.5,757.6,830.0,1.0,2720.61,3796,10850,88.8,"섬유,의류,신발,호화품",KOSPI
004360,12417.87,,,,273.01,,,,1.0,-97.25,2579,13490,3.93,항공화물운송과물류,KOSPI
000650,455.5,,,,-59.41,,,,,173.73,2577,180300,,도로와철도운송,KOSPI
226320,1533.87,,,,192.15,,,,0.5129,-3656.63,2572,11730,15.38,화장품,KOSPI
244920,6824.67,,,,293.14,,,,0.8964,-978.63,2925,12940,13.22,손해보험,KOSPI
091810,17981.81,21655.0,22065.0,23035.0,-2654.68,-2390.0,265.0,1355.0,1.0,4891.38,2696,2640,,항공사,KOSPI
272450,13810.81,15677.0,16058.67,16439.67,-191.58,-308.33,961.33,1364.33,,266.44,3043,5830,,항공사,KOSPI
005680,1497.29,1516.0,1600.0,1674.0,92.4,73.0,79.0,85.0,1.0,-3101.26,2500,12500,48.82,전기제품,KOSPI
006220,3658.75,,,,99.34,,,,1.0,,3651,9660,26.21,은행,KOSPI
003960,34998.13,,,,946.83,,,,0.9584,5647.46,2497,27250,,식품,KOSPI
027410,4694.68,4740.0,4840.0,4940.0,611.74,590.0,650.0,700.0,1.0,-422.26,3623,3785,6.13,화학,KOSPI
011760,75542.86,96652.5,94450.0,93896.75,1401.31,2058.0,1965.25,2013.75,0.9992,8648.6,3208,24250,3.7,무역회사와판매업체,KOSPI
010690,19624.84,20255.0,21879.0,23515.0,1024.48,560.5,851.5,961.0,1.0,5823.72,2636,7550,3.95,자동차부품,KOSPI
002310,8551.26,,,,272.16,,,,1.0,-635.58,2994,7590,10.11,포장재,KOSPI
002320,30649.25,31975.0,33205.0,34215.0,1121.96,745.0,1225.0,1350.0,0.971,19780.82,2587,16670,,항공화물운송과물류,KOSPI
026890,912.18,,,,171.84,,,,1.0,,3187,8220,21.18,창업투자,KOSPI
008730,4853.83,,,,85.14,,,,1.0,2884.98,3879,15640,93.13,포장재,KOSPI
007160,7062.1,,,,331.52,,,,0.3026,3738.59,2415,48300,,식품,KOSPI
030210,17144.51,,,,337.23,,,,0.9241,,2391,3925,5.9,증권,KOSPI
381970,24388.39,,,,759.74,,,,,2172.61,3076,6300,,자동차,KOSPI
003920,9141.49,,,,51.74,,,,1.0,-71.08,2369,41750,33.33,식품,KOSPI
017860,9548.74,,,,79.82,,,,1.0,5104.66,2307,13070,,화학,KOSPI
001390,91016.47,,,,3056.79,,,,0.2855,14328.88,2789,4200,4.0,자동차,KOSPI
128820,15659.23,,,,108.33,,,,0.7677,6261.38,2289,5060,,석유와가스,KOSPI
001340,2721.37,,,,121.51,,,,1.0,3032.2,2283,5070,22.6,화학,KOSPI
001470,1109.93,,,,-266.1,,,,,-517.29,2278,5820,,건설,KOSPI
000430,15990.72,,,,470.07,,,,0.792,2263.31,2756,4445,7.57,자동차부품,KOSPI
136490,18957.42,,,,1791.91,,,,0.9437,4209.68,2416,10160,2.03,식품,KOSPI
002030,18844.65,,,,1110.3,,,,0.6036,4845.88,4221,205000,13.64,건축자재,KOSPI
016800,3582.0,,,,57.37,,,,1.0,-1053.58,2737,23800,7.69,가구,KOSPI
001790,13562.76,,,,565.56,,,,0.9985,893.29,2402,2785,,식품,KOSPI
108670,31786.89,34039.4,34659.8,35893.6,130.6,1381.2,1235.4,1391.6,1.0,4705.06,2937,32750,,건축자재,KOSPI
037710,1842.11,,,,524.72,,,,,2168.37,2563,33600,,백화점과일반상점,KOSPI
005810,4325.3,5635.0,5670.0,5815.0,668.01,1387.5,1183.0,1220.0,0.9995,526.02,5125,35550,6.88,비철금속,KOSPI
003200,5171.78,,,,124.07,,,,0.9785,-1438.81,2553,11120,7.69,"섬유,의류,신발,호화품",KOSPI
000050,4124.76,,,,459.93,,,,1.0,1341.84,2201,8030,4.65,"섬유,의류,신발,호화품",KOSPI
286940,11698.25,11885.25,12648.25,13516.67,313.93,458.0,555.5,660.0,1.0,-36.38,2663,17600,26.79,IT서비스,KOSPI
000680,26152.45,,,,222.87,,,,1.0,46691.75,2321,2945,,증권,KOSPI
009160,11790.41,,,,459.56,,,,0.9209,2911.42,3213,4915,15.61,비철금속,KOSPI
000540,35328.42,,,,1875.04,,,,,,2187,3405,,손해보험,KOSPI
005500,3091.34,,,,267.84,,,,,1090.07,2641,19830,,제약,KOSPI
010580,1502.71,,,,15.74,,,,,-56.85,2420,2175,,자동차부품,KOSPI
025000,8083.51,,,,273.96,,,,0.9807,-1110.31,2405,58000,4.75,화학,KOSPI
003650,4054.87,,,,345.52,,,,,-3383.87,2126,122200,,화학,KOSPI
001460,1631.67,,,,265.74,,,,0.9995,-523.46,2364,37850,12.07,"섬유,의류,신발,호화품",KOSPI
077500,7300.43,,,,366.87,,,,1.0,1616.01,2095,9700,10.16,반도체와반도체장비,KOSPI
000320,12392.68,,,,645.08,,,,0.5537,-1102.96,2085,15690,6.43,건축자재,KOSPI
025560,507.78,,,,91.43,,,,1.0,36.81,2195,7900,21.71,반도체와반도체장비,KOSPI
003720,1532.08,2084.0,,,149.21,268.0,,,0.8751,562.19,2190,6440,16.63,화학,KOSPI
009680,2796.97,,,,185.35,,,,1.0,-3838.42,2184,10050,8.09,자동차부품,KOSPI
035150,5049.22,5371.0,5664.0,5892.0,536.01,649.0,703.0,746.0,1.0,519.38,2052,10380,6.13,"섬유,의류,신발,호화품",KOSPI
011500,2144.93,,,,35.77,,,,,339.39,2269,14510,,화학,KOSPI
900140,3929.99,4858.0,5737.0,7033.0,385.49,481.0,581.0,726.0,0.8356,608.14,2257,1168,71.81,자동차,KOSPI
000480,8277.52,,,,278.24,,,,0.2,4208.34,2030,4330,,비철금속,KOSPI
051905,63554.9,64511.93,67117.13,69735.79,1706.89,3749.4,4456.73,4892.93,0.9669,-11373.38,1968,93900,,화장품,KOSPI
298000,23407.18,,,,-1605.0,,,,1.0,14453.99,1964,51800,0.5,화학,KOSPI
092200,7573.1,,,,185.5,,,,0.8595,3034.89,2217,5700,,자동차부품,KOSPI
005010,6124.9,,,,34.9,,,,1.0,748.47,2208,3930,,철강,KOSPI
053690,4488.34,4918.5,5353.0,5140.0,306.14,289.0,416.0,430.0,0.9474,425.89,2202,20100,11.88,건설,KOSPI
033920,1438.3,,,,102.35,,,,1.0,852.26,2081,7300,4.14,음료,KOSPI
095570,10701.14,12083.0,12862.0,13865.67,715.48,834.0,939.67,1042.0,1.0,10799.48,1944,4295,6.84,도로와철도운송,KOSPI
001200,16940.75,,,,844.41,,,,1.0,,3909,4035,6.06,증권,KOSPI
053210,9842.16,9962.5,10456.0,10753.5,229.8,345.5,500.5,566.5,0.977,276.72,1922,4045,27.71,방송과엔터테인먼트,KOSPI
013580,28874.41,,,,1668.7,,,,1.0,7451.91,1916,21450,1.92,건설,KOSPI
018250,6545.28,7374.0,7817.0,,211.46,74.0,214.0,,1.0,-1091.17,2987,11310,19.64,화장품,KOSPI
001130,13752.0,,,,622.57,,,,0.9982,-780.07,1894,11210,,식품,KOSPI
487570,14098.97,,,,464.34,,,,0.9773,1284.73,1874,50300,9.56,복합기업,KOSPI
102260,12116.0,,,,1120.43,,,,0.4401,778.02,1872,3695,5.63,화학,KOSPI
475560,3612.39,,,,-236.79,,,,1.0,-1373.73,2106,14200,,"호텔,레스토랑,레저",KOSPI
003520,2542.56,,,,34.16,,,,,736.56,1957,1070,,제약,KOSPI
084690,56287.99,,,,1998.28,,,,0.2547,14733.49,2850,7870,,식품,KOSPI
117580,10179.39,,,,303.49,,,,,119.79,1953,7100,,가스유틸리티,KOSPI
003220,6054.35,6305.0,6584.0,6960.0,34.83,107.0,186.0,299.0,0.9781,1229.66,1839,8200,,제약,KOSPI
100250,2798.16,,,,57.84,,,,0.8241,-1354.15,1927,3015,10.6,자동차부품,KOSPI
044820,6452.06,,,,269.84,,,,1.0,4226.5,2459,25600,8.42,건강관리업체및서비스,KOSPI
005960,17586.26,21183.0,21321.0,23902.0,426.28,807.5,836.0,1021.0,0.9794,4260.97,1916,8350,3.67,건설,KOSPI
016580,2552.14,2833.0,3112.0,3404.0,130.19,246.0,289.0,335.0,1.0,-658.49,1893,10180,13.92,제약,KOSPI
002420,292.45,,,,-5.7,,,,,164.25,1792,5750,,석유와가스,KOSPI
037270,2360.47,,,,323.35,,,,0.949,-206.75,2002,3145,8.93,방송과엔터테인먼트,KOSPI
134380,2845.12,,,,291.54,,,,,-800.92,2256,10260,,화학,KOSPI
002100,3392.37,,,,286.98,,,,0.9519,1582.59,1761,9020,9.44,화학,KOSPI
010820,2948.42,,,,106.63,,,,,-963.77,2917,5980,,우주항공과국방,KOSPI
007860,49160.73,,,,1995.9,,,,0.5958,5708.62,1756,7480,3.14,자동차부품,KOSPI
339770,5173.53,5340.0,5493.0,5670.0,350.38,320.0,423.0,440.0,0.9986,378.73,1956,3915,11.14,식품,KOSPI
000390,6170.68,,,,95.49,,,,0.9865,828.18,1948,7160,25.38,건축자재,KOSPI
028100,4677.26,,,,180.69,,,,1.0,-1366.24,2189,19510,11.69,건설,KOSPI
016450,34098.3,,,,654.67,,,,0.2,13067.42,1720,4300,,"섬유,의류,신발,호화품",KOSPI
000490,14847.22,,,,312.25,,,,1.0,10268.32,2176,7550,,기계,KOSPI
003555,72525.47,82189.18,91716.55,100533.0,9121.74,15643.36,19972.73,23142.1,0.8043,-25430.26,2051,68100,0.28,복합기업,KOSPI
298690,8325.85,9910.0,9560.0,9200.0,-45.21,-70.0,560.0,670.0,,7174.91,2458,1509,,항공사,KOSPI
213500,22900.4,23754.5,24891.0,26178.0,499.32,1188.0,1227.0,1329.0,1.0,8419.84,1697,7130,43.66,종이와목재,KOSPI
000140,24845.04,,,,1832.53,,,,0.4896,13971.48,1792,7720,,음료,KOSPI
004560,7412.5,,,,258.93,,,,1.0,-210.98,1791,11880,12.08,비철금속,KOSPI
001630,9590.12,,,,582.81,,,,0.7443,4486.33,1881,37550,4.65,제약,KOSPI
101530,6413.87,,,,423.28,,,,0.9956,2002.02,1610,5530,6.91,식품,KOSPI
241590,15643.79,,,,356.92,,,,0.9636,5319.7,1609,2655,,"섬유,의류,신발,호화품",KOSPI
004380,2221.75,,,,-354.6,,,,1.0,1370.25,1592,7690,,기계,KOSPI
033530,18968.83,20161.0,21442.0,22914.0,853.95,1020.0,1147.0,1292.0,0.9853,911.54,1837,6790,2.67,자동차부품,KOSPI
000300,401.71,,,,32.28,,,,0.7235,-66.96,1740,4200,41.79,자동차부품,KOSPI
234080,2578.29,,,,332.44,,,,1.0,233.61,1732,10940,6.05,제약,KOSPI
014710,2380.2,,,,121.75,,,,1.0,1757.0,1713,9950,,식품,KOSPI
034120,10084.58,9767.0,10348.5,10846.0,181.51,29.0,338.0,445.5,0.9856,-317.23,2176,11730,27.1,방송과엔터테인먼트,KOSPI
000700,4184.74,,,,212.2,,,,0.2728,-1913.37,1711,6570,37.44,항공화물운송과물류,KOSPI
003460,359.84,,,,59.17,,,,,,1698,2995,,증권,KOSPI
00279K,46231.75,,,,3680.0,,,,0.4246,-16403.41,1528,21550,1.23,화장품,KOSPI
007570,2724.22,,,,49.63,,,,0.968,868.05,1521,7970,22.03,제약,KOSPI
293480,2395.04,,,,258.16,,,,,577.43,1514,8520,,제약,KOSPI
001045,450188.29,473012.0,490691.67,513980.0,25277.38,24559.7,27443.33,30620.43,0.4674,168752.98,1503,66500,1.05,복합기업,KOSPI
004430,10391.62,,,,218.45,,,,1.0,613.6,2827,11780,120.97,화학,KOSPI
004090,6969.26,8184.0,8505.0,9016.0,118.44,273.0,249.0,267.0,0.9677,1318.54,1502,11830,28.81,화학,KOSPI
272550,4202.18,,,,246.47,,,,1.0,1736.45,1492,9900,8.45,포장재,KOSPI
03473K,1227033.38,1494201.64,1466420.18,1525220.11,18184.76,123439.18,110295.18,125112.78,0.3945,496014.83,2061,364000,0.13,석유와가스,KOSPI
003547,50638.9,,,,3014.02,5836.67,3716.67,3853.33,1.0,,1830,19050,0.98,증권,KOSPI
460850,27687.03,,,,-388.28,,,,1.0,8229.57,1573,5260,,철강,KOSPI
015230,3462.67,,,,380.34,,,,1.0,-1129.55,1797,6620,6.24,기계,KOSPI
010955,342469.57,431418.08,420603.08,395283.38,2356.31,45842.0,36207.54,30171.38,1.0,75316.31,3616,89900,2.04,석유와가스,KOSPI
097955,273425.89,293145.62,305359.46,317622.8,12336.05,11971.85,13931.08,15212.6,0.7533,115284.69,1454,109500,,식품,KOSPI
012610,3797.02,,,,162.66,,,,1.0,1686.08,1440,3460,25.53,화학,KOSPI
008490,7223.09,,,,502.06,,,,0.9225,3749.63,2383,20600,5.48,제약,KOSPI
462520,5320.33,,,,238.6,,,,0.7164,1344.8,1519,12810,68.33,비철금속,KOSPI
001750,9090.22,,,,753.11,,,,,,2889,19120,,증권,KOSPI
004970,4547.41,,,,-15.66,,,,0.8748,-1741.4,1430,8940,30.81,식품,KOSPI
003070,26844.31,29268.0,32974.0,35060.0,36.51,1313.0,1531.0,1770.0,0.9925,7995.13,2326,9150,,건설,KOSPI
000520,2102.53,,,,-222.12,,,,1.0,1699.43,1831,8440,,제약,KOSPI
013890,9131.8,5810.0,6010.0,6330.0,254.79,-670.0,140.0,150.0,1.0,1501.94,1480,6750,,가구,KOSPI
003480,12017.3,,,,732.54,,,,0.9446,3833.86,1383,4685,2.34,가스유틸리티,KOSPI
011690,1650.65,,,,-25.66,,,,1.0,330.57,1378,3755,,전자장비와기기,KOSPI
004980,12162.66,,,,436.56,,,,0.9988,4230.66,1988,8110,7.65,건축자재,KOSPI
001080,1529.53,1495.52,,,-119.77,2.27,,,1.0,181.1,1377,3920,,철강,KOSPI
009470,2300.68,,,,120.37,,,,0.8483,-369.8,1786,27000,18.93,전기제품,KOSPI
102460,1459.29,,,,-302.69,,,,1.0,2098.16,1881,10120,,제약,KOSPI
107590,4927.18,,,,203.46,,,,0.8598,540.54,1373,59200,5.25,화학,KOSPI
005610,33704.81,34341.0,35868.0,38254.5,387.39,120.5,570.0,938.0,1.0,3036.29,3551,41150,25.3,식품,KOSPI
000860,5985.53,,,,82.95,,,,0.7312,131.05,1622,12480,,건축자재,KOSPI
003610,1225.27,,,,11.21,,,,1.0,-351.27,1760,5480,26.18,"섬유,의류,신발,호화품",KOSPI
003830,1082.26,,,,-72.55,,,,,-583.32,1430,107700,,화학,KOSPI
001250,41092.65,,,,523.0,,,,1.0,5293.87,2542,3080,12.77,무역회사와판매업체,KOSPI
001360,460.74,,,,-180.68,,,,,90.42,1341,1424,,제약,KOSPI
020120,2174.75,,,,123.83,,,,1.0,-332.31,2472,6670,37.29,양방향미디어와서비스,KOSPI
071840,23000.96,22430.0,23080.0,23740.0,96.39,70.0,220.0,260.0,,4655.0,1424,6030,,전문소매,KOSPI
015890,7770.96,,,,554.32,,,,0.4356,983.53,1410,4825,8.41,비철금속,KOSPI
214390,2641.04,,,,35.19,,,,,1441.73,1298,5430,,제약,KOSPI
025820,5077.84,,,,244.07,,,,,1652.86,1400,4185,,비철금속,KOSPI
000970,4066.2,,,,132.96,,,,0.9919,-1128.32,1477,6480,8.71,철강,KOSPI
011785,69151.45,79878.08,78592.85,78517.08,2718.29,5428.62,4384.15,4698.77,0.9999,-853.11,1475,48800,0.51,화학,KOSPI
016880,11506.91,,,,781.14,,,,1.0,6206.54,1461,1828,1.21,출판,KOSPI
008970,2347.84,,,,-16.22,,,,,301.84,1455,1402,,철강,KOSPI
004150,10983.07,19750.0,26210.0,27230.0,226.09,560.0,780.0,860.0,0.8645,2176.23,1454,3545,,복합기업,KOSPI
006060,17810.41,,,,765.8,,,,1.0,6221.21,1247,2255,6.45,"섬유,의류,신발,호화품",KOSPI
092220,2296.17,,,,-217.62,,,,,-124.28,1231,3065,,반도체와반도체장비,KOSPI
005800,1851.55,,,,12.89,,,,1.0,-849.41,1224,13600,19.51,"섬유,의류,신발,호화품",KOSPI
089470,9926.62,,,,496.89,,,,1.0,1143.73,1219,3820,3.68,자동차부품,KOSPI
214420,2202.74,2146.0,2397.0,,143.65,107.0,144.0,,0.976,461.95,1217,5060,10.93,화장품,KOSPI
000020,4963.94,,,,2.57,,,,1.0,911.84,1545,5530,17.79,제약,KOSPI
002390,5351.38,,,,32.91,,,,,3508.6,1208,8780,,제약,KOSPI
037560,12656.52,13330.0,13900.0,11860.0,187.3,460.0,550.0,970.0,1.0,3971.55,1199,1548,67.32,방송과엔터테인먼트,KOSPI
001520,6306.28,,,,-207.44,,,,0.9903,3461.53,1198,1118,5.97,건축자재,KOSPI
078000,383.51,,,,32.86,,,,1.0,-485.89,1252,13550,20.3,소프트웨어,KOSPI
094280,5190.14,,,,189.59,,,,1.0,231.97,1368,11840,8.85,상업서비스와공급품,KOSPI
014530,10217.28,,,,154.47,,,,0.8717,2540.59,1180,3385,103.96,석유와가스,KOSPI
004100,6201.69,,,,224.19,,,,1.0,2328.18,1176,3205,33.72,자동차부품,KOSPI
271980,5672.44,,,,206.95,,,,0.7307,448.7,1507,10250,6.44,제약,KOSPI
009270,10922.54,,,,187.79,,,,1.0,2829.1,1230,1072,,"섬유,의류,신발,호화품",KOSPI
016740,7961.39,,,,485.95,,,,0.921,-2.59,1157,4035,4.01,자동차부품,KOSPI
083420,3040.57,,,,101.49,,,,,399.16,1144,4765,,화학,KOSPI
210540,3827.51,,,,304.29,,,,1.0,-668.82,1213,10990,4.82,기계,KOSPI
002460,6594.79,,,,432.45,,,,0.893,706.43,1126,11090,4.08,건설,KOSPI
016710,12226.34,,,,280.63,,,,0.7686,-879.48,1112,6910,6.48,가스유틸리티,KOSPI
013570,12448.37,,,,480.56,,,,0.4683,710.55,1108,4210,7.88,자동차부품,KOSPI
023450,1942.65,,,,93.65,,,,,213.42,1103,31500,,화학,KOSPI
011810,6413.12,,,,-619.45,,,,,2639.98,1095,3530,,무역회사와판매업체,KOSPI
011280,7538.96,,,,-49.82,,,,0.491,2747.1,1087,1535,,포장재,KOSPI
039570,6457.28,,,,106.37,,,,1.0,-734.18,1926,7420,15.71,건설,KOSPI
002620,6576.14,,,,386.86,,,,0.4224,972.34,1219,7630,8.33,제약,KOSPI
034590,9629.94,,,,191.49,,,,,-1728.98,1148,26250,,가스유틸리티,KOSPI
004250,4503.2,,,,235.74,,,,1.0,895.37,1074,2925,8.3,포장재,KOSPI
024090,2270.53,,,,95.61,,,,,-686.97,1295,11360,,비철금속,KOSPI
017550,2293.88,,,,189.64,,,,1.0,169.87,1133,1815,7.15,기계,KOSPI
078935,251841.27,286612.8,281332.2,283044.0,29360.61,51915.0,36700.0,36994.0,0.8262,61654.03,1068,60000,0.13,석유와가스,KOSPI
012320,2761.63,,,,188.21,,,,0.987,-722.97,1132,47850,6.12,비철금속,KOSPI
079430,15462.06,15041.0,15509.0,16231.0,157.17,129.0,232.0,369.0,1.0,769.3,1120,5570,15.12,가구,KOSPI
006660,1177.36,,,,32.45,,,,0.9847,-2120.02,1044,12850,14.64,자동차부품,KOSPI
090350,7710.52,,,,301.81,,,,1.0,-445.63,1664,8320,10.11,건축자재,KOSPI
267850,1940.59,,,,121.28,,,,,-1038.79,1043,9400,,IT서비스,KOSPI
021820,1793.54,1780.05,,,170.28,236.22,,,0.8959,-3264.54,1040,10400,2.24,자동차부품,KOSPI
001210,443.38,,,,-11.84,,,,,10.05,1096,8680,,디스플레이장비및부품,KOSPI
014580,3859.43,,,,407.83,,,,0.7278,351.0,1095,3970,4.58,비철금속,KOSPI
227840,2502.26,,,,213.7,,,,1.0,-86.0,1164,12790,3.18,식품과기본식료품소매,KOSPI
003580,1002.86,,,,-98.83,,,,,159.99,1021,2015,,판매업체,KOSPI
002170,1746.85,,,,184.42,,,,1.0,-2391.68,1560,52000,6.51,"섬유,의류,신발,호화품",KOSPI
008350,2589.22,,,,-32.66,,,,1.0,226.09,1380,1069,37.96,비철금속,KOSPI
248170,4089.27,,,,244.76,,,,1.0,-199.15,1000,21900,5.01,식품,KOSPI
123690,850.32,,,,5.28,,,,0.9834,-134.63,1059,6590,93.97,화장품,KOSPI
009070,9867.05,,,,388.18,,,,0.9078,3097.9,1259,4195,5.95,항공화물운송과물류,KOSPI
002450,2244.39,,,,22.82,,,,1.0,1515.1,980,1082,5.56,레저용장비와제품,KOSPI
008700,2152.55,,,,47.93,,,,1.0,-313.72,961,1246,16.31,전자제품,KOSPI
012200,3897.99,,,,-271.0,,,,,1119.45,1079,3045,,자동차부품,KOSPI
264900,4448.38,,,,152.65,,,,,-252.47,961,7670,,식품,KOSPI
007210,6106.88,,,,232.73,,,,0.8334,457.09,955,1461,4.19,건축자재,KOSPI
006805,292830.28,612958.0,555412.67,581729.0,19151.04,46449.88,25735.69,27993.07,0.9644,,1471,10930,0.09,증권,KOSPI
032560,3165.29,,,,179.89,,,,0.8488,-864.96,947,5570,5.26,비철금속,KOSPI
025620,73.05,,,,-74.56,,,,1.0,255.53,999,5490,73.08,화장품,KOSPI
007540,4089.64,,,,241.43,,,,0.5181,-596.14,943,46800,9.68,식품,KOSPI
002200,2896.0,,,,-65.57,,,,1.0,-584.65,933,2785,,포장재,KOSPI
363280,792.27,,,,-345.64,,,,,1337.39,933,2050,,"호텔,레스토랑,레저",KOSPI
070960,2501.5,,,,232.8,,,,1.0,2951.66,920,1911,,"호텔,레스토랑,레저",KOSPI
004080,1026.07,,,,70.91,,,,0.9622,157.24,1339,14400,47.45,건강관리장비와용품,KOSPI
035000,4838.51,,,,274.95,,,,1.0,-489.88,1036,6390,5.96,광고,KOSPI
058860,5887.6,,,,247.4,,,,,31.78,912,2620,,상업서비스와공급품,KOSPI
001290,1817.34,,,,-90.89,,,,1.0,,906,4180,,증권,KOSPI
119650,1928.73,,,,-88.65,,,,,432.95,1008,918,,상업서비스와공급품,KOSPI
036580,15541.35,,,,802.07,,,,0.9792,5564.36,900,2450,2.2,식품,KOSPI
013700,2974.53,,,,238.47,,,,1.0,531.85,896,1500,4.46,건설,KOSPI
081000,1624.0,,,,-67.85,,,,1.0,-3431.55,1376,9690,20.06,비철금속,KOSPI
139990,10856.03,,,,-255.66,,,,,5728.11,886,2285,,철강,KOSPI
004140,9155.53,,,,319.57,,,,0.9895,3268.65,872,1818,5.06,항공화물운송과물류,KOSPI
006090,4173.64,,,,135.17,,,,,1144.48,853,9050,,식품,KOSPI
084670,1251.83,,,,50.98,,,,1.0,708.01,847,29250,28.57,도로와철도운송,KOSPI
008040,6742.64,,,,424.69,,,,,669.1,1071,7590,,식품,KOSPI
007980,10289.89,,,,620.06,,,,1.0,3188.61,837,1785,2.19,"섬유,의류,신발,호화품",KOSPI
004890,3479.22,,,,-27.5,,,,1.0,-1386.31,833,34350,,철강,KOSPI
019180,9891.34,,,,700.6,,,,1.0,66.15,890,4945,1.3,자동차부품,KOSPI
011700,527.19,,,,-14.78,,,,1.0,19.52,821,2530,,기계,KOSPI
055490,1411.39,,,,25.08,,,,1.0,113.01,819,17100,40.6,전자장비와기기,KOSPI
096775,802960.54,1049055.46,955034.46,941469.92,4486.84,95551.15,53073.23,48142.54,0.8594,261185.73,934,74800,,석유와가스,KOSPI
023000,3592.87,,,,98.79,,,,,-608.36,872,2195,,자동차부품,KOSPI
37550L,74024.25,70489.0,71734.0,77101.61,3869.53,5724.85,5789.35,6501.39,0.997,-10892.93,970,45950,0.26,건설,KOSPI
000850,2217.56,,,,42.17,,,,1.0,-322.18,810,36800,7.12,기계,KOSPI
069730,2265.5,,,,280.35,,,,1.0,75.93,792,5500,3.21,철강,KOSPI
111380,2441.45,,,,225.91,,,,1.0,848.8,786,12820,6.82,"섬유,의류,신발,호화품",KOSPI
013520,16397.77,,,,830.64,,,,0.7565,4030.04,1271,2540,1.63,자동차부품,KOSPI
005740,10698.82,,,,572.51,,,,0.5442,2039.07,781,5260,4.27,식품,KOSPI
33626K,4547.95,5009.67,8336.17,9972.4,-1056.73,-743.0,443.33,751.2,0.9963,5482.62,827,6190,,에너지장비및서비스,KOSPI
002720,1754.96,,,,61.85,,,,0.9988,156.65,937,4430,16.44,제약,KOSPI
002220,1964.04,,,,31.79,,,,0.2,757.3,776,2905,,철강,KOSPI
001780,5756.58,,,,349.0,,,,0.9774,4808.75,1626,1679,10.48,비철금속,KOSPI
002210,871.69,,,,-101.18,,,,,11.35,1246,1290,,제약,KOSPI
004840,8027.46,,,,248.94,,,,0.497,1850.59,768,3985,17.19,화학,KOSPI
267290,17594.65,,,,330.46,,,,1.0,-3111.88,1226,20800,3.73,가스유틸리티,KOSPI
007610,381.71,,,,12.49,,,,1.0,76.93,760,4220,14.36,전기장비,KOSPI
010960,4097.27,,,,144.86,,,,1.0,-833.59,743,3080,3.96,건설,KOSPI
009180,6745.62,7565.0,8280.0,8830.0,206.93,257.0,280.0,300.0,1.0,149.94,793,2815,5.01,항공화물운송과물류,KOSPI
002780,5763.82,,,,-230.04,,,,,-641.95,954,6560,,건설,KOSPI
003010,2417.13,,,,175.52,,,,,148.62,1062,8350,,기계,KOSPI
013870,7872.72,,,,242.2,,,,1.0,1941.98,725,3800,4.99,자동차부품,KOSPI
000230,5908.9,,,,149.25,,,,0.5065,1161.08,722,6260,6.61,제약,KOSPI
001560,788.99,,,,42.42,,,,0.9992,-342.61,720,9480,5.28,비철금속,KOSPI
024900,17380.72,,,,32.04,,,,1.0,-296.09,716,2200,57.6,자동차부품,KOSPI
027970,7536.79,,,,31.23,,,,1.0,1601.4,1034,2720,,종이와목재,KOSPI
002795,46231.75,,,,3680.0,,,,0.4246,-16403.41,715,11210,0.58,화장품,KOSPI
018470,4866.79,,,,137.95,,,,,1565.04,1327,5240,,비철금속,KOSPI
120115,48733.99,53155.33,55417.5,57748.5,1088.96,2780.5,2985.83,3361.83,0.951,22920.57,709,25600,1.85,화학,KOSPI
058850,10427.17,,,,298.06,,,,0.9267,-729.03,911,2200,3.9,상업서비스와공급품,KOSPI
000105,21866.38,23471.94,25614.69,28602.69,1043.74,1289.25,2028.44,3026.56,1.0,-959.87,736,64100,0.38,제약,KOSPI
005750,3005.68,,,,186.17,,,,0.9904,480.02,702,4230,5.25,건축제품,KOSPI
013360,4526.73,,,,103.76,,,,0.9992,1384.7,731,1354,19.52,건설,KOSPI
214330,3854.04,,,,62.47,,,,,-356.4,725,6930,,자동차부품,KOSPI
010040,4063.41,,,,27.76,,,,1.0,238.88,694,1691,,비철금속,KOSPI
071090,2566.23,,,,-33.25,,,,1.0,533.61,690,3415,,철강,KOSPI
155660,3023.9,,,,192.92,,,,1.0,614.63,682,4265,4.56,비철금속,KOSPI
007280,7671.41,,,,117.4,,,,,2136.58,677,2365,,철강,KOSPI
095720,7973.57,,,,-104.56,,,,,2156.75,679,1195,,교육서비스,KOSPI
004720,1730.73,,,,59.87,,,,,-193.54,674,2975,,제약,KOSPI
001260,3574.46,,,,114.4,,,,1.0,23.47,793,8060,14.98,건설,KOSPI
002150,6984.75,,,,301.17,,,,1.0,1182.77,1681,4985,22.94,건설,KOSPI
000180,1272.18,,,,-69.28,,,,,315.79,670,4800,,종이와목재,KOSPI
010660,2145.14,,,,2.28,,,,,-177.07,666,3025,,기계,KOSPI
079980,8895.28,,,,197.62,,,,1.0,3229.71,664,1925,28.53,"섬유,의류,신발,호화품",KOSPI
004960,11491.91,,,,645.21,,,,1.0,5385.47,1259,10880,2.1,건설,KOSPI
000590,1348.71,,,,202.15,,,,0.823,-2373.77,817,70800,4.73,철강,KOSPI
015590,1334.12,,,,100.26,,,,1.0,-197.97,1175,2200,,기계,KOSPI
002700,1939.9,,,,52.37,,,,,-204.25,721,1052,,가정용기기와용품,KOSPI
084680,887.27,,,,-31.77,,,,,1366.15,641,2260,,"섬유,의류,신발,호화품",KOSPI
016090,2405.44,,,,70.78,,,,,-530.45,627,1416,,"섬유,의류,신발,호화품",KOSPI
004770,123.61,,,,22.01,,,,,-572.03,626,1764,,전자장비와기기,KOSPI
068290,402.91,,,,-7.95,,,,,-160.87,623,6230,,출판,KOSPI
031820,10952.14,,,,235.5,,,,0.5705,259.39,706,5830,1.34,IT서비스,KOSPI
011150,1921.18,,,,-9.1,,,,1.0,411.51,673,1872,23.81,식품,KOSPI
005870,1371.86,,,,-120.33,,,,,-24.32,618,4380,,우주항공과국방,KOSPI
085310,1301.02,,,,-6.48,,,,1.0,-570.05,667,8990,,조선,KOSPI
480370,2910.1,,,,-366.05,,,,1.0,-147.82,697,2145,,기계,KOSPI
004450,1628.98,,,,67.57,,,,1.0,516.57,597,27700,13.92,포장재,KOSPI
019680,6500.05,,,,-34.0,,,,0.2,1202.38,653,1623,,교육서비스,KOSPI
372910,920.88,1322.0,1407.0,1454.0,-7.27,54.0,68.0,74.0,0.9771,-398.17,589,2130,,건강관리장비와용품,KOSPI
001465,1631.67,,,,265.74,,,,0.9995,-523.46,584,27100,2.98,"섬유,의류,신발,호화품",KOSPI
058730,2731.93,,,,20.7,,,,0.986,758.83,640,3160,,건축자재,KOSPI
023800,7179.02,,,,396.36,,,,0.9069,2732.72,798,5050,4.96,자동차부품,KOSPI
009200,12649.12,,,,59.51,,,,0.8243,11898.49,629,1511,,종이와목재,KOSPI
001275,9654.64,,,,567.77,,,,0.9998,,914,30450,2.0,증권,KOSPI
075180,1386.95,,,,-7.39,,,,1.0,-1237.56,576,3000,,자동차부품,KOSPI
006840,32357.21,,,,-1478.54,,,,0.2641,27371.0,905,6830,,화학,KOSPI
014990,1045.91,,,,11.91,,,,,423.85,572,3810,,"섬유,의류,신발,호화품",KOSPI
018500,6262.36,6595.38,,,419.86,350.08,,,1.0,2031.28,618,1322,2.92,자동차부품,KOSPI
37550K,74024.25,70489.0,71734.0,77101.61,3869.53,5724.85,5789.35,6501.39,0.997,-10892.93,570,26950,0.15,건설,KOSPI
009770,1485.66,,,,-14.4,,,,,-1453.09,695,27800,,가정용품,KOSPI
129260,7089.79,,,,197.61,,,,0.9374,756.35,567,1907,5.77,해운사,KOSPI
002760,501.16,,,,22.3,,,,,-64.13,598,999,,식품,KOSPI
072130,615.67,,,,34.2,,,,0.9993,-86.14,597,4700,13.69,IT서비스,KOSPI
163560,3646.03,,,,185.65,,,,1.0,145.16,763,5490,7.16,화학,KOSPI
100220,2687.76,,,,216.18,,,,1.0,725.22,649,4990,3.05,교육서비스,KOSPI
020760,578.47,,,,-48.8,,,,1.0,141.25,555,902,,디스플레이패널,KOSPI
010100,16993.16,,,,253.17,,,,1.0,960.96,1040,3415,4.99,자동차부품,KOSPI
109070,854.03,,,,31.66,,,,1.0,-119.65,759,7190,37.21,해운사,KOSPI
090080,6260.62,,,,133.43,,,,1.0,442.24,549,1000,3.5,자동차부품,KOSPI
35320K,10652.95,16087.69,20118.46,23433.0,490.61,2787.0,4158.15,5165.38,0.999,-2162.12,577,27550,1.21,전자장비와기기,KOSPI
092440,1313.16,1192.66,,,10.18,-37.06,,,1.0,-453.0,546,1870,17.54,기계,KOSPI
025530,2057.99,,,,105.51,,,,0.5779,-1334.69,545,3650,6.47,자동차부품,KOSPI
28513K,23651.64,29278.5,31620.0,33405.0,-2.07,587.0,1592.0,2230.0,1.0,4854.61,543,25650,1.22,화학,KOSPI
004830,1464.76,,,,62.36,,,,1.0,87.73,543,3460,9.89,"섬유,의류,신발,호화품",KOSPI
000220,1408.85,,,,110.19,,,,0.8944,1.91,603,3830,7.4,제약,KOSPI
023810,5864.44,,,,197.84,,,,0.6611,3554.51,538,5380,4.5,자동차부품,KOSPI
006890,613.48,,,,20.63,,,,1.0,159.27,563,4850,6.44,화학,KOSPI
001020,2666.69,,,,-52.79,,,,1.0,1090.62,688,1933,,종이와목재,KOSPI
002410,718.43,,,,-513.09,,,,,871.4,532,1935,,건설,KOSPI
001550,997.37,,,,38.2,,,,,529.92,532,10240,,화학,KOSPI
000725,310629.12,269460.9,284996.71,305450.11,6530.06,8690.95,11399.43,13734.89,0.76,6231.61,548,52000,0.15,건설,KOSPI
111110,5208.78,,,,250.22,,,,1.0,1981.24,579,6390,4.64,"섬유,의류,신발,호화품",KOSPI
006980,6130.24,,,,193.73,,,,1.0,881.9,515,16660,3.98,식품,KOSPI
005305,39711.44,40973.42,42459.42,43849.56,1671.6,1990.08,2231.5,2400.33,0.9554,14544.81,513,66200,1.09,음료,KOSPI
101140,62.97,,,,-43.33,,,,,17.1,510,5080,,전자장비와기기,KOSPI
004440,2231.29,,,,49.96,,,,,527.25,693,5440,,건축자재,KOSPI
003925,9141.49,,,,51.74,,,,1.0,-71.08,564,29800,7.93,식품,KOSPI
014280,8021.56,,,,104.97,,,,0.3276,4530.75,1348,4595,,건축제품,KOSPI
378850,7145.6,,,,270.82,,,,1.0,1413.43,534,2810,2.93,자동차부품,KOSPI
006880,1877.59,,,,103.11,,,,1.0,1023.0,500,4230,13.74,식품과기본식료품소매,KOSPI
002630,293.98,297.54,,,-30.76,-41.32,,,,-368.88,492,1659,,생물공학,KOSPI
001620,8080.08,,,,185.58,,,,0.9997,2200.83,490,2200,1.55,자동차부품,KOSPI
011000,230.45,,,,-440.36,,,,,343.75,485,2670,,생물공학,KOSPI
012800,14702.37,19561.0,,,515.28,823.0,,,0.6467,4458.77,1057,1160,49.69,비철금속,KOSPI
063160,1600.71,,,,36.05,,,,,1473.5,823,15000,,제약,KOSPI
041650,5422.61,,,,-13.58,,,,0.9354,1918.08,477,2220,,자동차부품,KOSPI
009320,1518.32,,,,62.98,,,,1.0,449.14,475,964,10.92,자동차부품,KOSPI
009835,133330.55,183131.25,196616.42,204317.42,-3647.59,8904.67,12961.08,14545.33,0.9842,128985.87,475,18670,,에너지장비및서비스,KOSPI
000950,407.76,,,,-73.15,,,,1.0,-908.29,506,30100,1.7,"섬유,의류,신발,호화품",KOSPI
003475,34612.73,,,,993.79,,,,1.0,,532,4150,0.56,증권,KOSPI
002920,3045.75,,,,-300.23,,,,0.7096,-1106.75,475,1829,,자동차부품,KOSPI
011230,296.32,,,,-77.76,,,,,326.27,501,2615,,전자장비와기기,KOSPI
014160,2837.02,,,,8.82,,,,,352.59,710,655,,포장재,KOSPI
012690,1240.21,,,,3.17,,,,,-148.75,521,1424,,가정용품,KOSPI
002600,4882.46,,,,186.3,,,,1.0,2099.41,834,139000,10.32,식품,KOSPI
004540,5082.01,,,,-226.38,,,,,3351.1,459,1232,,종이와목재,KOSPI
003080,643.34,,,,-81.43,,,,1.0,149.33,449,2245,1.3,화학,KOSPI
074610,295.04,,,,-28.26,,,,1.0,146.57,448,5110,55.24,기계,KOSPI
002140,2973.22,,,,137.48,,,,0.9984,939.25,479,1920,4.96,식품,KOSPI
084870,1824.19,,,,31.5,,,,0.5706,116.44,447,2185,50.51,"섬유,의류,신발,호화품",KOSPI
005320,2314.94,,,,-18.56,,,,,143.41,532,1556,,"섬유,의류,신발,호화품",KOSPI
008260,2479.43,,,,301.15,,,,,1891.99,917,3205,,건축자재,KOSPI
004910,2026.68,,,,-194.98,,,,1.0,1444.53,438,3425,,건축자재,KOSPI
011330,1062.43,,,,-5.73,,,,,744.0,428,4275,,자동차부품,KOSPI
014910,536.75,,,,16.73,,,,0.9921,211.19,427,1954,21.32,전기제품,KOSPI
446070,1575.31,,,,-91.52,,,,,-636.38,422,3975,,건축자재,KOSPI
000910,2024.01,,,,54.99,,,,0.9136,1402.65,461,2950,1.97,건축자재,KOSPI
002870,242.28,,,,-22.93,,,,1.0,-477.88,409,1169,20.44,포장재,KOSPI
000215,53267.21,55385.5,55391.5,56050.0,2985.46,6496.0,6105.0,6170.0,0.9294,45447.6,408,24200,,화학,KOSPI
123700,2014.15,,,,113.15,,,,1.0,-987.22,509,3265,4.2,자동차부품,KOSPI
023350,4129.09,,,,60.4,,,,1.0,-310.47,407,3715,4.77,건설,KOSPI
017180,1952.47,,,,68.35,,,,1.0,628.42,447,1316,23.59,제약,KOSPI
017040,958.69,,,,-99.68,,,,,212.08,404,932,,전기장비,KOSPI
092780,4593.33,,,,166.59,,,,0.9657,1672.87,437,3320,5.61,자동차부품,KOSPI
120030,517.62,,,,77.86,,,,,-1312.16,1019,81000,,철강,KOSPI
009810,2509.22,,,,-43.97,,,,,-188.61,396,1947,,판매업체,KOSPI
069460,2156.42,,,,34.72,,,,1.0,431.07,463,2660,,비철금속,KOSPI
008420,1378.75,,,,-9.59,,,,,39.76,423,2065,,철강,KOSPI
023960,1723.18,,,,-49.59,,,,1.0,321.06,390,1025,,건설,KOSPI
007110,545.03,,,,6.81,,,,,50.98,388,2505,,건축자재,KOSPI
019490,53.0,,,,-59.71,,,,,14.61,413,541,,통신장비,KOSPI
011300,246.93,,,,-23.35,,,,,390.89,482,2795,,"섬유,의류,신발,호화품",KOSPI
012280,3514.24,,,,152.26,,,,,737.46,380,3835,,자동차부품,KOSPI
002360,986.27,,,,-122.5,,,,,20.91,378,3400,,화학,KOSPI
004920,414.5,,,,20.02,,,,1.0,96.54,377,7220,2.58,컴퓨터와주변기기,KOSPI
003465,359.84,,,,59.17,,,,,,551,3155,,증권,KOSPI
011390,1075.31,,,,-27.71,,,,0.6458,1026.3,506,47900,,건축자재,KOSPI
049800,2116.23,,,,29.3,,,,1.0,1248.52,406,2030,17.74,기계,KOSPI
133820,1861.71,,,,-16.71,,,,,878.52,367,989,,철강,KOSPI
000890,898.79,,,,38.12,,,,,177.46,362,1309,,음료,KOSPI
051630,185.64,,,,-7.43,,,,,-26.96,357,1686,,화학,KOSPI
000760,462.55,,,,-1.64,,,,,-10.62,345,12330,,화학,KOSPI
134790,1957.2,,,,-66.83,,,,1.0,-50.02,371,18560,,가구,KOSPI
010640,466.28,,,,18.26,,,,,491.53,342,2050,,화학,KOSPI
047400,1019.37,,,,54.3,,,,1.0,953.01,341,813,13.86,자동차부품,KOSPI
143210,7847.51,,,,-387.37,,,,,4153.8,336,1199,,자동차부품,KOSPI
026940,1799.11,,,,2.62,,,,,-219.32,414,2070,,철강,KOSPI
014130,6298.22,,,,-36.2,,,,0.9762,2230.68,334,2825,,항공화물운송과물류,KOSPI
005820,896.82,,,,44.26,,,,0.7194,-412.05,331,14420,8.88,포장재,KOSPI
006370,530.87,,,,-149.73,,,,,2575.17,323,2985,,백화점과일반상점,KOSPI
027740,3688.91,,,,20.11,,,,,456.98,362,1140,,식품,KOSPI
090370,813.23,,,,-72.43,,,,,896.89,313,1148,,상업서비스와공급품,KOSPI
004410,686.03,,,,-4.6,,,,,208.29,484,1226,,식품,KOSPI
004060,1323.48,,,,-15.16,,,,1.0,-128.36,447,2210,50.57,"섬유,의류,신발,호화품",KOSPI
003535,30945.78,,,,1477.01,,,,1.0,,310,6460,0.3,증권,KOSPI
024070,1032.76,,,,-6.98,,,,1.0,-261.74,303,1974,22.58,화학,KOSPI
001070,1582.86,,,,6.97,,,,1.0,270.51,299,5650,,"섬유,의류,신발,호화품",KOSPI
025750,2798.17,,,,23.33,,,,,701.81,298,1848,,건축자재,KOSPI
036420,10832.88,,,,88.45,,,,,12504.69,294,1528,,방송과엔터테인먼트,KOSPI
009190,2234.85,,,,56.21,,,,1.0,115.99,294,654,3.13,철강,KOSPI
014440,1201.11,,,,192.89,,,,1.0,-472.72,924,4620,5.49,화학,KOSPI
006570,1261.71,,,,-95.66,,,,,812.64,288,1890,,건축제품,KOSPI
210980,4458.24,,,,377.95,,,,1.0,8675.39,573,3080,8.07,부동산,KOSPI
088790,476.08,,,,39.83,,,,,-66.95,285,2290,,"섬유,의류,신발,호화품",KOSPI
023150,947.19,,,,94.86,,,,0.8955,525.97,283,4570,,음료,KOSPI
010770,8836.77,,,,348.82,,,,0.769,1264.29,518,3540,1.49,자동차부품,KOSPI
008250,2973.1,,,,-38.29,,,,,1201.29,359,3280,,건축자재,KOSPI
003780,906.55,,,,84.44,,,,1.0,259.79,543,4175,7.82,화학,KOSPI
013000,326.8,,,,24.33,,,,,-438.69,357,1245,,화학,KOSPI
003680,3184.45,,,,58.31,,,,,993.82,275,4435,,식품,KOSPI
006740,932.52,,,,-158.06,,,,,1001.39,265,4450,,종이와목재,KOSPI
002690,1473.46,,,,-35.11,,,,,-603.2,265,1303,,철강,KOSPI
009140,360.74,,,,10.24,,,,1.0,-544.71,375,23850,9.8,전자제품,KOSPI
33637K,6160.83,5556.0,6899.5,10082.5,-733.36,-753.5,287.5,760.5,0.707,8392.07,261,1542,,전자장비와기기,KOSPI
006490,1055.58,,,,40.79,,,,1.0,64.31,259,1461,,무선통신서비스,KOSPI
002355,31896.1,34794.2,36191.4,37918.08,1702.97,1745.0,2099.07,2355.62,0.9967,12956.47,257,3960,0.17,자동차부품,KOSPI
033250,938.39,,,,75.28,,,,1.0,111.65,257,4010,4.08,자동차부품,KOSPI
004270,775.41,,,,1.88,,,,1.0,685.54,255,5590,,전자장비와기기,KOSPI
017370,3886.13,,,,208.58,,,,1.0,898.84,655,3575,4.36,자동차부품,KOSPI
003060,732.26,,,,-603.55,,,,,1881.39,254,1560,,제약,KOSPI
003495,252255.42,286822.4,284742.7,290897.9,11135.89,8264.9,21965.2,24899.9,1.0,192096.56,244,22000,0.03,항공사,KOSPI
009310,598.44,,,,-75.31,,,,,-1965.41,233,5330,,디스플레이장비및부품,KOSPI
007590,1789.97,,,,126.52,,,,0.9983,300.9,757,5560,7.76,화학,KOSPI
012170,59.22,,,,-43.25,,,,,-111.51,229,3140,,방송과엔터테인먼트,KOSPI
33626L,4547.95,5009.67,8336.17,9972.4,-1056.73,-743.0,443.33,751.2,0.9963,5482.62,221,7410,,에너지장비및서비스,KOSPI
004870,50.35,,,,-36.06,,,,,89.15,220,973,,건축자재,KOSPI
008870,2524.04,,,,33.69,,,,0.5636,908.25,387,38700,17.93,포장재,KOSPI
308170,4614.59,,,,58.14,,,,,1873.26,292,3395,,자동차부품,KOSPI
007120,141.29,,,,37.99,,,,,-98.97,266,974,,IT서비스,KOSPI
001380,934.81,,,,49.64,,,,1.0,-15.58,248,1105,8.84,자동차부품,KOSPI
008775,40683.06,40053.75,41346.5,43638.7,135.13,1970.25,2369.42,2696.2,1.0,9742.49,211,28100,,백화점과일반상점,KOSPI
002880,6333.98,,,,302.06,,,,1.0,1078.11,342,3655,,자동차부품,KOSPI
030720,1725.92,,,,88.26,,,,1.0,390.11,208,4460,2.69,식품,KOSPI
001685,44013.05,44434.0,45805.0,,1692.82,1919.0,2028.0,,0.9844,10797.32,201,14670,,식품,KOSPI
001420,148.65,,,,-9.78,,,,,-346.27,200,2625,,자동차부품,KOSPI
015020,164.28,,,,-4.07,,,,,315.28,199,928,,부동산,KOSPI
118000,328.22,,,,13.25,,,,1.0,628.98,267,1210,53.61,제약,KOSPI
025890,398.72,,,,-1.77,,,,,59.3,292,2620,,철강,KOSPI
019175,2346.81,,,,142.55,,,,1.0,-190.16,307,15400,3.48,제약,KOSPI
000040,138.21,,,,-28.92,,,,,577.08,196,997,,자동차,KOSPI
00499K,155396.27,158221.5,163400.0,169965.0,2394.39,3218.0,4064.0,4920.0,0.5465,76316.01,194,24100,,복합기업,KOSPI
012160,4334.85,,,,-131.69,,,,,1174.84,340,2175,,철강,KOSPI
011090,2152.43,,,,5.45,,,,0.9903,282.75,182,1539,,가구,KOSPI
093240,1666.5,1778.04,,,66.41,84.15,,,1.0,373.11,182,296,,"섬유,의류,신발,호화품",KOSPI
002070,2224.45,,,,-50.04,,,,,852.93,178,3715,,"섬유,의류,신발,호화품",KOSPI
008600,1883.23,,,,-210.04,,,,,1445.61,176,2620,,"섬유,의류,신발,호화품",KOSPI
009440,859.6,,,,-15.74,,,,1.0,46.45,176,756,,상업서비스와공급품,KOSPI
005725,35865.18,,,,2042.1,,,,0.5127,12586.84,162,4490,0.18,자동차부품,KOSPI
005257,24514.76,,,,362.27,,,,,15833.53,159,18750,,제약,KOSPI
18064K,2983.62,,,,-75.24,,,,0.9738,823.32,159,29950,0.1,항공사,KOSPI
006200,2758.87,,,,-140.51,,,,,-300.65,152,1629,,반도체와반도체장비,KOSPI
002025,58861.33,,,,605.01,,,,1.0,23440.16,151,12980,,복합기업,KOSPI
000087,24985.67,24551.17,24952.33,25185.5,1723.39,1939.33,2023.17,2083.75,1.0,7752.29,139,12310,0.34,음료,KOSPI
001795,13562.76,,,,565.56,,,,0.9985,893.29,138,2135,,식품,KOSPI
45226K,5751.66,,,,94.14,,,,1.0,5115.03,128,4415,3.86,백화점과일반상점,KOSPI
084695,56287.99,,,,1998.28,,,,0.2547,14733.49,128,14010,,식품,KOSPI
00781K,15097.25,17103.5,19450.5,20506.0,538.16,970.5,1594.0,1876.5,0.8916,1868.81,126,16120,0.27,전자장비와기기,KOSPI
145995,25625.0,,,,1117.25,,,,0.8903,6948.15,119,32150,,식품,KOSPI
024890,1264.24,,,,8.71,,,,0.996,728.69,113,1368,3.22,"섬유,의류,신발,호화품",KOSPI
38380K,1903.59,1580.0,1685.0,1775.0,1333.98,1840.0,1935.0,2075.0,1.0,2009.41,112,7670,0.08,무역회사와판매업체,KOSPI
001067,7752.98,,,,944.61,,,,1.0,-303.34,105,50000,0.17,제약,KOSPI
108675,31786.89,34039.4,34659.8,35893.6,130.6,1381.2,1235.4,1391.6,1.0,4705.06,189,18270,,건축자재,KOSPI
019685,6500.05,,,,-34.0,,,,0.2,1202.38,96,989,,교육서비스,KOSPI
145210,801.9,,,,-5.7,,,,,395.49,95,2240,,자동차부품,KOSPI
004255,4503.2,,,,235.74,,,,1.0,895.37,100,1895,0.77,포장재,KOSPI
006125,101640.14,132060.0,128730.0,133240.0,3613.54,4420.0,5970.0,6710.0,0.8941,41141.98,544,44150,0.42,석유와가스,KOSPI
001755,9090.22,,,,753.11,,,,,,91,19290,,증권,KOSPI
071950,622.29,,,,-56.8,,,,,213.32,207,1435,,가구,KOSPI
009460,2669.52,,,,-51.93,,,,,1354.52,334,2710,,포장재,KOSPI
011420,403.44,,,,39.88,,,,,-23.19,391,1419,,레저용장비와제품,KOSPI
33637L,6160.83,5556.0,6899.5,10082.5,-733.36,-753.5,287.5,760.5,0.707,8392.07,86,2270,,전자장비와기기,KOSPI
000225,1408.85,,,,110.19,,,,0.8944,1.91,83,3640,1.02,제약,KOSPI
006345,6245.42,,,,93.51,,,,0.6795,162.83,257,9820,2.93,전기장비,KOSPI
001515,14046.72,,,,77.86,,,,1.0,,78,3985,0.27,증권,KOSPI
465770,1913.84,,,,-124.73,,,,1.0,866.05,156,2155,,해운사,KOSPI
001065,7752.98,,,,944.61,,,,1.0,-303.34,74,21600,0.12,제약,KOSPI
000325,12392.68,,,,645.08,,,,0.5537,-1102.96,71,28950,0.22,건축자재,KOSPI
004835,1464.76,,,,62.36,,,,1.0,87.73,68,4870,1.24,"섬유,의류,신발,호화품",KOSPI
004985,12162.66,,,,436.56,,,,0.9988,4230.66,65,8880,0.25,건축자재,KOSPI
26490K,4448.38,,,,152.65,,,,,-252.47,61,7890,,식품,KOSPI
044380,626.29,,,,-16.77,,,,,-102.53,61,436,,컴퓨터와주변기기,KOSPI
012205,3897.99,,,,-271.0,,,,,1119.45,58,4940,,자동차부품,KOSPI
090355,7710.52,,,,301.81,,,,1.0,-445.63,57,12220,0.35,건축자재,KOSPI
001770,1003.98,,,,27.38,,,,,32.25,48,3925,,철강,KOSPI
000545,35328.42,,,,1875.04,,,,,,44,5760,,손해보험,KOSPI
000145,24845.04,,,,1832.53,,,,0.4896,13971.48,43,9140,,음료,KOSPI
005965,17586.26,21183.0,21321.0,23902.0,426.28,807.5,836.0,1021.0,0.9794,4260.97,39,17100,0.07,건설,KOSPI
009415,21744.84,,,,527.89,,,,0.666,9516.19,39,6010,0.06,건설,KOSPI
002995,20184.88,20763.0,23502.0,26418.0,470.84,709.0,1068.0,1246.0,1.0,14.34,42,14270,0.07,건설,KOSPI
004105,6201.69,,,,224.19,,,,1.0,2328.18,148,4470,4.24,자동차부품,KOSPI
36328K,792.27,,,,-345.64,,,,,1337.39,34,2910,,"호텔,레스토랑,레저",KOSPI
010400,1644.58,,,,49.78,,,,1.0,0.87,314,4120,4.13,건설,KOSPI
005745,10698.82,,,,572.51,,,,0.5442,2039.07,30,5000,0.16,식품,KOSPI
014915,536.75,,,,16.73,,,,0.9921,211.19,29,4900,1.45,전기제품,KOSPI
005030,1954.06,,,,5.78,,,,,1111.15,23,25,,자동차부품,KOSPI
001525,6306.28,,,,-207.44,,,,0.9903,3461.53,20,7500,0.1,건축자재,KOSPI
011155,1921.18,,,,-9.1,,,,1.0,411.51,11,5440,0.39,식품,KOSPI
001527,6306.28,,,,-207.44,,,,0.9903,3461.53,10,4900,0.05,건축자재,KOSPI
002785,5763.82,,,,-230.04,,,,,-641.95,6,6840,,건설,KOSPI
002787,5763.82,,,,-230.04,,,,,-641.95,3,9930,,건설,KOSPI
004365,12417.87,,,,273.01,,,,1.0,-97.25,336,9100,0.51,항공화물운송과물류,KOSPI
247540,25315.76,24742.08,34179.75,46524.55,1433.1,803.0,1553.42,2669.91,0.6389,24138.84,121701,124400,309.11,전기제품,KOSDAQ
277810,341.23,710.0,1590.0,3140.0,-24.8,120.0,670.0,1310.0,1.0,-555.04,86814,447500,6105.06,기계,KOSDAQ
240810,9097.96,12432.57,16195.43,19267.14,738.14,1793.86,2744.67,3484.17,1.0,-3952.03,64447,131300,76.7,반도체와반도체장비,KOSDAQ
403870,1729.65,2494.0,3786.83,4558.8,899.02,1391.0,2150.33,2629.8,,-2108.04,53989,65600,,반도체와반도체장비,KOSDAQ
108490,389.43,637.89,1179.63,2059.57,33.46,-22.22,237.88,510.14,0.9687,-2343.16,44588,304000,878.75,기계,KOSDAQ
031980,2077.64,2836.8,4108.6,4661.5,734.01,1101.2,1657.4,1895.5,1.0,-2002.49,43448,201500,47.39,반도체와반도체장비,KOSDAQ
058470,3725.34,4518.17,5325.17,6252.0,1769.97,2205.33,2599.17,3057.4,,-4266.01,64856,85100,,반도체와반도체장비,KOSDAQ
005110,80.45,,,,-77.76,,,,0.9805,219.04,12,58,0.02,부동산,KOSPI
440110,924.19,3923.5,7396.0,9689.5,-654.7,928.5,2266.0,3103.0,0.9986,-155.41,41041,81900,,반도체와반도체장비,KOSDAQ
00806K,13849.9,,,,113.13,,,,0.5689,-3721.99,133,10950,3.75,전자장비와기기,KOSPI
015260,1174.9,,,,-72.91,,,,,495.43,90,192,,전자장비와기기,KOSPI
086520,34130.22,,,,2137.64,,,,0.3772,36725.13,123556,91000,,화학,KOSDAQ
014285,8021.56,,,,104.97,,,,0.3276,4530.75,35,5890,,건축제품,KOSPI
298380,793.5,,,,-403.9,,,,,-1116.35,28218,50400,,생물공학,KOSDAQ
131290,4289.01,7099.0,8857.0,10575.33,491.72,1918.33,2469.67,3054.0,0.9034,-732.88,34014,307500,88.97,반도체와반도체장비,KOSDAQ
007460,1179.74,,,,-955.71,,,,,1382.82,566,2205,,제약,KOSPI
141080,1415.53,1893.5,2357.0,3702.0,-1064.86,-1214.0,-771.5,522.5,1.0,-3790.96,29393,79400,,제약,KOSDAQ
310210,75.12,55.0,130.0,250.0,-543.85,-875.0,-595.0,-530.0,,-588.45,27050,145300,,제약,KOSDAQ
039030,3808.91,4913.0,6484.0,7113.5,807.53,1332.0,2143.5,2373.0,0.9954,-3307.95,63692,517000,111.32,반도체와반도체장비,KOSDAQ
178320,10663.31,18406.67,24342.33,28006.0,11.46,634.67,2904.0,3491.5,0.9947,12855.38,25935,40700,,전기장비,KOSDAQ
005290,11941.45,,,,1724.49,,,,1.0,1638.29,25638,50300,25.88,반도체와반도체장비,KOSDAQ
003075,26844.31,29268.0,32974.0,35060.0,36.51,1313.0,1531.0,1770.0,0.9925,7995.13,92,12380,,건설,KOSPI
004545,5082.01,,,,-226.38,,,,,3351.1,12,3395,,종이와목재,KOSPI
095340,2201.95,3143.5,4036.86,4951.67,600.54,1033.5,1430.14,1766.5,0.9969,-3589.93,42500,200500,75.72,반도체와반도체장비,KOSDAQ
319660,4572.13,6935.25,8440.25,8942.0,884.94,1897.25,2325.25,2393.0,1.0,-2703.36,39742,137200,50.6,반도체와반도체장비,KOSDAQ
036930,3106.93,3644.0,4970.0,7889.0,312.58,408.0,1401.0,3164.0,1.0,-786.83,116900,251500,327.52,반도체와반도체장비,KOSDAQ
214150,3368.2,4379.53,5492.47,6716.4,1706.01,1912.4,2516.67,3169.4,1.0,122.67,20093,30800,15.23,건강관리장비와용품,KOSDAQ
131970,3038.74,3376.75,4929.75,5521.0,-9.41,375.75,1098.25,1356.0,,1144.96,21221,109800,,반도체와반도체장비,KOSDAQ
226950,146.67,,,,-299.72,,,,,-1933.29,27587,120600,,생명과학도구및서비스,KOSDAQ
237690,3316.81,4176.69,5185.77,6217.31,549.33,752.92,1028.46,1336.31,0.9958,-901.33,20062,96100,36.48,제약,KOSDAQ
263750,3655.65,7523.0,4385.8,5883.25,-148.08,3495.2,1170.2,1980.5,1.0,-6477.65,20864,33200,,게임엔터테인먼트,KOSDAQ
140410,79.1,,,,-167.69,,,,,-229.92,20756,67500,,식품,KOSDAQ
089030,1591.28,,,,158.38,,,,1.0,2756.07,19675,53100,209.26,반도체와반도체장비,KOSDAQ
000250,2318.05,,,,84.67,,,,0.4374,-505.42,55946,238500,1063.21,제약,KOSDAQ
096530,4742.32,5486.0,6201.5,7082.0,345.5,900.0,1113.5,1308.0,1.0,-4522.55,18133,38800,37.56,생명과학도구및서비스,KOSDAQ
098460,2326.47,3467.54,4031.05,4452.0,173.42,579.66,735.99,871.5,0.9997,-1345.74,24451,35850,165.7,전자장비와기기,KOSDAQ
214370,728.08,,,,204.0,,,,1.0,-355.61,23769,44250,118.26,건강관리업체및서비스,KOSDAQ
145020,4251.1,5219.71,6583.0,8110.64,2008.51,2002.57,2694.0,3534.57,0.9659,-5775.76,23078,184400,16.38,생물공학,KOSDAQ
420770,524.35,1016.28,2158.68,1981.2,121.01,344.3,955.18,839.8,0.9995,-1146.44,17150,135300,110.99,반도체와반도체장비,KOSDAQ
0009K0,472.78,,,,207.69,,,,1.0,-910.94,16773,25750,333.92,생물공학,KOSDAQ
058610,3416.7,3596.8,3990.4,4706.5,179.39,212.2,283.2,343.25,0.942,302.52,22155,99900,242.58,전기제품,KOSDAQ
140860,2056.13,2455.0,2964.38,3494.71,421.91,502.38,694.75,858.29,0.9994,-346.99,21463,306500,62.25,전자장비와기기,KOSDAQ
214450,5362.89,6997.13,8538.53,10218.14,2143.96,2726.87,3411.0,4102.93,0.993,-3746.45,32104,309000,19.44,건강관리장비와용품,KOSDAQ
007575,2724.22,,,,49.63,,,,0.968,868.05,35,7890,0.51,제약,KOSPI
357780,9233.82,12087.75,14768.5,17366.29,1336.42,2030.5,2748.88,3590.57,0.9612,-2201.36,31659,407000,40.05,반도체와반도체장비,KOSDAQ
064760,3013.34,4114.83,5076.17,6182.83,838.87,1243.33,1676.83,2082.17,,-2920.01,31470,281500,,반도체와반도체장비,KOSDAQ
080220,3022.31,,,,358.74,,,,1.0,-135.3,28966,84100,73.32,반도체와반도체장비,KOSDAQ
036540,3673.89,5593.8,8085.0,8705.0,-196.27,-55.8,795.2,780.0,0.997,-36.31,18699,11370,,반도체와반도체장비,KOSDAQ
323280,378.59,,,,-25.06,,,,1.0,196.6,18201,59600,,전자장비와기기,KOSDAQ
043260,2315.77,2674.0,5014.0,8955.5,75.51,410.0,1081.0,2372.0,0.9237,6168.31,23956,31750,26.34,전기제품,KOSDAQ
083650,7741.17,11733.5,14322.33,17089.5,754.97,1443.5,1764.0,2224.0,1.0,59.88,17515,56600,26.86,에너지장비및서비스,KOSDAQ
166090,2734.82,3776.0,4574.0,5344.0,500.81,990.6,1298.4,1640.0,1.0,716.46,12064,61000,31.44,반도체와반도체장비,KOSDAQ
204270,1856.53,2000.0,5149.0,6055.0,-779.96,-432.0,1080.0,1404.0,1.0,2295.93,14838,25650,,핸드셋,KOSDAQ
021050,17136.11,,,,533.23,,,,1.0,5839.26,533,1122,,비철금속,KOSPI
005360,1310.24,,,,-58.54,,,,,683.29,195,1034,,문구류,KOSPI
087010,56.35,,,,-212.57,,,,,-440.15,22595,96900,,생물공학,KOSDAQ
319400,3939.41,,,,182.13,,,,1.0,409.52,22387,20100,198.22,기계,KOSDAQ
101490,2437.33,,,,503.9,,,,1.0,-419.28,11286,52900,19.37,반도체와반도체장비,KOSDAQ
437730,950.42,,,,8.05,,,,1.0,-167.8,15949,50300,153.24,자동차부품,KOSDAQ
007390,207.35,,,,-36.46,,,,1.0,-15.12,15883,24650,,생물공학,KOSDAQ
293490,4650.19,3426.89,6353.33,6127.71,-395.91,-876.11,579.89,288.14,1.0,386.6,10771,10090,,게임엔터테인먼트,KOSDAQ
196170,2158.59,4924.4,6635.2,8465.8,1069.0,3126.8,4225.6,5785.0,0.9743,-3420.94,177272,254500,125.13,생물공학,KOSDAQ
218410,1858.04,2624.25,3514.33,3806.0,308.89,550.5,797.67,899.5,0.9056,-1392.21,15467,58200,53.97,통신장비,KOSDAQ
095610,3511.16,4824.14,6142.86,7846.0,578.38,1037.57,1409.83,1950.2,1.0,-1629.64,31479,162600,55.31,반도체와반도체장비,KOSDAQ
950160,51.59,60.0,60.0,1010.0,-223.23,-290.0,-450.0,-300.0,,-325.66,14292,16820,,생물공학,KOSDAQ
232140,2726.3,3800.83,4655.33,5772.5,169.9,551.33,730.0,1025.25,0.6484,-630.51,13857,16890,71.84,반도체와반도체장비,KOSDAQ
000227,1408.85,,,,110.19,,,,0.8944,1.91,26,8120,0.32,제약,KOSPI
028300,841.73,,,,-1042.17,,,,,2425.88,60938,45750,,건강관리장비와용품,KOSDAQ
041510,11749.35,12527.78,13634.0,14624.13,1830.34,1865.94,2153.94,2402.13,0.9347,-4490.5,18133,79200,5.22,방송과엔터테인먼트,KOSDAQ
003380,132148.84,,,,8874.27,,,,0.4472,80504.36,12892,11510,5.61,식품,KOSDAQ
065350,9453.64,,,,276.9,,,,0.8971,3139.82,8905,32400,41.01,가정용기기와용품,KOSDAQ
069640,2488.89,,,,-121.39,,,,,1675.14,310,1424,,"섬유,의류,신발,호화품",KOSPI
089970,1444.12,3155.0,4223.0,5357.0,246.73,926.0,1358.0,1854.0,1.0,-1895.97,17208,64800,65.85,반도체와반도체장비,KOSDAQ
356860,2584.98,3708.18,4733.64,6523.56,259.63,580.73,843.55,1213.33,1.0,817.37,11803,49800,61.96,반도체와반도체장비,KOSDAQ
195940,10631.51,10981.07,11711.27,12496.77,1108.77,1307.2,1480.47,1688.62,,3357.6,11516,40650,,제약,KOSDAQ
032500,975.19,1036.5,2703.0,5522.0,-237.66,-202.5,577.5,1897.0,1.0,156.42,8459,20050,,통신장비,KOSDAQ
030530,6229.92,,,,-4.18,,,,0.543,3696.65,22322,28900,81.51,반도체와반도체장비,KOSDAQ
067310,15344.19,24934.0,28086.5,31338.5,1276.89,4170.5,4299.0,4811.0,0.8224,9297.05,33013,49650,86.62,반도체와반도체장비,KOSDAQ
032820,871.35,,,,-54.87,,,,0.9994,1661.95,21270,12310,2685.61,우주항공과국방,KOSDAQ
127120,193.16,,,,-124.87,,,,,-86.33,10405,27900,,생명과학도구및서비스,KOSDAQ
290650,854.76,1667.5,2473.0,3202.0,44.16,372.75,664.0,911.0,1.0,222.33,15481,57400,,건강관리장비와용품,KOSDAQ
347850,42.98,,,,-339.93,,,,1.0,-371.64,20675,44950,,생물공학,KOSDAQ
039200,998.39,750.0,680.0,1210.0,520.81,220.0,130.0,620.0,0.5492,-1928.59,15131,39550,28.91,제약,KOSDAQ
222800,14105.6,20908.5,25296.1,29263.33,118.69,2582.9,4385.0,5657.56,0.9992,6473.13,65116,169200,,전자장비와기기,KOSDAQ
458870,481.71,1290.77,1724.15,2150.5,163.27,563.53,781.28,1000.83,1.0,-207.13,9874,25750,61.37,건강관리기술,KOSDAQ
010170,1394.47,2035.25,2591.75,3307.0,-214.11,58.0,170.0,227.33,1.0,729.23,27552,17720,,통신장비,KOSDAQ
036830,5566.47,,,,88.6,,,,0.9835,2251.22,9791,47750,2.01,전기제품,KOSDAQ
161580,1034.41,,,,-348.92,,,,0.7447,279.09,9518,40600,,전자장비와기기,KOSDAQ
347700,956.39,2941.67,4644.67,6076.0,90.52,137.33,436.67,706.5,1.0,2533.02,13068,25350,7687.06,우주항공과국방,KOSDAQ
082920,2430.83,3073.0,3618.0,4129.0,692.68,896.0,1048.33,1216.0,1.0,-1487.02,13294,29450,23.35,전기제품,KOSDAQ
115180,69.83,,,,-297.64,,,,,110.43,8933,23800,,제약,KOSDAQ
068760,5364.0,6110.0,7030.0,8010.0,560.92,700.0,860.0,1000.0,,363.36,17739,39950,,제약,KOSDAQ
295310,665.32,1127.6,1813.4,2448.0,58.37,151.6,303.8,446.0,,-134.68,8783,70000,,비철금속,KOSDAQ
078600,2546.13,,,,206.86,,,,0.9886,2444.42,17463,111200,84.52,전자장비와기기,KOSDAQ
060370,2442.05,3131.67,4406.33,5169.67,70.09,166.67,483.0,718.67,1.0,-1998.23,17448,33400,208.81,건설,KOSDAQ
183300,6041.1,7160.0,8510.0,10050.0,1109.92,1200.0,1630.0,2030.0,0.6403,5404.46,16847,32800,33.79,반도체와반도체장비,KOSDAQ
252990,779.85,1240.0,1578.33,1909.0,146.66,348.67,468.67,584.0,,-186.89,11291,18750,,반도체와반도체장비,KOSDAQ
084370,3503.24,5000.0,6717.0,7240.0,516.72,1023.0,1669.0,1800.0,0.9804,-3301.69,38499,168000,90.67,반도체와반도체장비,KOSDAQ
033790,2647.61,,,,88.47,,,,,-681.81,8429,9800,,전기제품,KOSDAQ
014825,13728.74,,,,661.56,,,,0.999,2862.38,36,13510,0.07,포장재,KOSPI
251970,3719.61,4484.13,5148.29,5758.13,565.15,736.06,874.07,1004.38,0.8006,-1209.86,8382,67600,24.34,포장재,KOSDAQ
417200,1535.82,1920.0,2191.0,,-1.42,12.0,91.0,,1.0,90.69,10385,15350,2387.36,전기제품,KOSDAQ
086450,9268.84,10480.5,11796.5,13112.33,965.54,1100.5,1275.25,1398.33,0.9548,-512.75,10358,22900,15.69,제약,KOSDAQ
099320,2069.17,2449.33,3155.33,3624.0,101.8,183.33,354.33,407.0,0.729,-606.71,8257,75400,54.0,우주항공과국방,KOSDAQ
074600,9436.41,10971.0,12512.0,14229.0,596.1,1166.33,1503.67,1701.67,0.9458,7630.57,8215,31250,36.51,반도체와반도체장비,KOSDAQ
035900,8218.55,8186.42,8814.63,8953.56,1552.46,1494.26,1668.63,1681.06,1.0,-3545.21,13751,38700,8.56,방송과엔터테인먼트,KOSDAQ
491000,511.92,697.0,1639.0,2708.0,-226.42,-331.0,-65.0,364.0,1.0,-509.08,9534,37750,,건강관리장비와용품,KOSDAQ
950260,,154.0,,1595.0,-331.92,-136.0,-291.0,1293.0,1.0,-120.49,13622,27550,,생물공학,KOSDAQ
014620,2456.7,2810.0,3594.5,4377.0,419.56,488.0,701.5,831.0,1.0,-1382.0,7795,29350,22.64,기계,KOSDAQ
257720,11162.87,16101.31,20516.0,24901.91,2053.62,2959.92,3781.85,4627.0,1.0,505.01,24788,37800,14.7,인터넷과카탈로그소매,KOSDAQ
100790,2398.48,,,,351.16,,,,1.0,,8908,16770,28.8,창업투자,KOSDAQ
102710,6708.96,7460.0,8647.0,9739.0,780.77,969.67,1222.67,1477.0,0.9896,998.82,7101,49700,13.67,반도체와반도체장비,KOSDAQ
122870,5454.04,6253.22,5728.78,6146.67,713.42,755.28,723.0,820.07,0.8275,-2460.68,7757,41500,21.02,방송과엔터테인먼트,KOSDAQ
388210,1605.56,2045.0,2831.2,3464.75,517.82,666.0,946.8,1208.25,0.9431,-378.41,8583,88900,,반도체와반도체장비,KOSDAQ
031330,37565.94,,,,1139.01,,,,1.0,8764.27,8570,8570,11.3,전자장비와기기,KOSDAQ
064290,897.65,1058.6,1909.8,2343.5,-37.35,72.8,542.6,732.75,0.9962,170.81,7604,58500,,반도체와반도체장비,KOSDAQ
038500,6769.27,,,,765.83,,,,1.0,4112.72,8450,7830,20.71,건축자재,KOSDAQ
056190,16309.5,16906.33,19794.0,21640.0,858.61,1184.67,1795.0,2100.0,0.8997,-1321.51,11114,30950,20.17,기계,KOSDAQ
126340,822.29,1388.5,2310.0,3700.0,17.74,38.0,285.0,640.0,1.0,1115.56,6692,93200,,전기장비,KOSDAQ
090710,1683.05,,,,-173.22,,,,,-77.4,7508,6280,,기계,KOSDAQ
328130,831.29,,,,-831.04,,,,,-731.65,8310,11160,,건강관리기술,KOSDAQ
083450,3471.59,4399.5,5227.5,5845.0,591.72,759.0,945.5,1080.5,0.9988,-1230.35,10192,55300,22.51,반도체와반도체장비,KOSDAQ
189300,3196.28,4018.5,4850.23,5842.75,119.54,367.63,567.1,907.25,1.0,1416.05,7355,68500,98.54,통신장비,KOSDAQ
213420,3443.1,4497.0,5307.75,5898.0,607.42,943.25,1091.0,1274.25,0.9325,-308.98,7350,29600,13.82,디스플레이장비및부품,KOSDAQ
171090,5157.61,4205.0,6342.0,6990.0,1115.26,961.0,1489.0,1740.0,1.0,-858.36,7322,72300,7.59,디스플레이장비및부품,KOSDAQ
032190,180519.61,,,,15998.81,,,,0.2,-483882.0,7277,19000,3.33,증권,KOSDAQ
425420,1117.42,1733.5,2189.0,2650.0,190.56,360.0,535.5,674.0,1.0,-568.41,7964,64500,43.98,반도체와반도체장비,KOSDAQ
327260,640.84,1011.4,1499.6,1954.0,73.7,181.0,305.0,428.8,0.8314,-467.19,9425,52400,133.46,우주항공과국방,KOSDAQ
044490,3496.54,3898.75,4350.33,4966.5,50.22,262.25,391.67,494.5,,457.06,7233,36150,,에너지장비및서비스,KOSDAQ
466100,414.06,,,,-31.81,,,,,-372.16,7166,23150,,기계,KOSDAQ
241710,6409.29,8482.64,9913.18,11361.2,835.37,1142.45,1401.09,1656.3,0.879,1419.95,12496,117000,27.5,화장품,KOSDAQ
048410,35.17,,,,-181.61,,,,,-197.81,7045,7300,,화장품,KOSDAQ
476060,533.92,1112.0,1533.0,1973.0,126.19,258.0,483.0,733.0,,-623.45,6979,15370,,제약,KOSDAQ
225570,1793.17,,,,-602.4,,,,0.9999,-552.43,6922,10510,,게임엔터테인먼트,KOSDAQ
023160,2969.66,3285.0,4299.5,4477.0,387.35,452.5,890.5,766.0,0.9927,-2775.83,6894,26650,10.79,기계,KOSDAQ
253590,639.37,1257.95,1678.85,2300.0,40.55,279.4,389.4,536.0,1.0,-362.79,6887,15700,128.92,반도체와반도체장비,KOSDAQ
122640,870.56,1435.0,2431.0,3222.0,37.93,254.0,656.0,1004.0,0.9913,430.58,6863,31700,,반도체와반도체장비,KOSDAQ
092870,660.27,1335.67,1982.0,2782.5,0.8,212.67,383.0,673.5,0.9999,-176.49,6839,52400,76.29,반도체와반도체장비,KOSDAQ
042000,3147.64,,,,402.27,,,,1.0,-1719.73,5404,22350,13.83,IT서비스,KOSDAQ
456160,4.23,,,,-122.02,,,,,-1743.1,7383,44400,,제약,KOSDAQ
124500,88708.45,103309.0,104090.0,108560.0,2799.26,2926.5,3240.0,3400.0,0.2387,-865.01,6451,27800,13.83,IT서비스,KOSDAQ
093320,1592.44,1762.0,1914.0,2039.0,238.83,360.0,392.0,426.0,0.9056,98.98,6364,130400,37.22,IT서비스,KOSDAQ
281740,1412.34,,,,132.71,,,,0.9853,1714.88,8302,12630,107.99,화학,KOSDAQ
253450,5306.85,5874.0,6477.83,6970.0,303.59,475.33,585.17,681.0,1.0,110.4,6192,20600,60.0,방송과엔터테인먼트,KOSDAQ
219130,806.79,1337.0,1790.0,2535.0,72.19,287.0,466.0,704.0,,-151.58,6188,98000,,반도체와반도체장비,KOSDAQ
041960,524.65,,,,19.6,,,,0.8926,139.81,8178,10960,,제약,KOSDAQ
053610,2305.43,2825.0,3055.0,3210.0,463.07,746.0,800.0,855.0,1.0,-1301.82,7236,80400,15.19,반도체와반도체장비,KOSDAQ
046890,10135.24,11334.0,11976.0,12510.0,-315.16,148.0,281.0,360.0,0.7649,796.21,6052,10380,,디스플레이장비및부품,KOSDAQ
080580,943.74,1461.0,2411.0,3735.0,110.86,296.5,558.5,872.0,0.9976,178.21,5842,27700,75.44,반도체와반도체장비,KOSDAQ
033100,2240.17,,,,670.27,,,,,-1533.75,7871,49000,,전기장비,KOSDAQ
033640,5214.39,6079.5,7069.0,8110.0,237.61,575.0,858.5,1210.0,0.7294,2104.86,7125,30900,42.97,반도체와반도체장비,KOSDAQ
035760,51345.11,52328.67,55894.5,57552.38,1328.88,1307.58,2084.17,2501.88,1.0,18985.16,7774,35450,26.35,방송과엔터테인먼트,KOSDAQ
358570,58.38,,,,-406.55,,,,,-373.18,5723,8870,,생물공학,KOSDAQ
121600,1117.45,1483.0,2219.0,3612.0,46.81,183.0,302.0,550.0,1.0,-655.77,7725,63000,472.48,화학,KOSDAQ
144960,5779.9,7059.33,8068.0,9158.0,286.69,691.67,819.67,921.0,0.8596,1686.62,5663,12960,66.44,반도체와반도체장비,KOSDAQ
009520,3574.32,,,,10.34,,,,,-390.98,5472,13140,,철강,KOSDAQ
047920,2055.82,,,,10.64,,,,1.0,8.93,5467,12550,119.58,제약,KOSDAQ
399720,685.1,,,,-167.21,,,,1.0,-376.14,5455,46000,,반도체와반도체장비,KOSDAQ
059090,9770.37,,,,1010.04,,,,0.3936,9044.79,7602,22750,25.77,반도체와반도체장비,KOSDAQ
119850,2626.34,2945.75,3951.25,5011.75,493.72,463.0,713.5,1000.0,0.997,-816.73,8389,51000,21.0,전기장비,KOSDAQ
222080,4071.81,,,,335.1,,,,1.0,-2279.32,6534,8400,22.74,전기제품,KOSDAQ
112040,6140.4,,,,106.78,,,,1.0,-1325.67,5377,15840,,게임엔터테인먼트,KOSDAQ
174900,47.14,,,,-176.36,,,,,-289.37,5347,26800,,생물공학,KOSDAQ
077360,2364.05,3566.6,4421.8,5118.33,28.13,343.4,577.2,775.67,0.9835,2422.87,6234,13720,,반도체와반도체장비,KOSDAQ
388720,369.18,,,,-126.2,,,,,-93.69,8188,69500,,기계,KOSDAQ
024850,322.64,390.0,440.0,530.0,-375.51,-370.0,-330.0,-320.0,,-153.62,6162,17840,,반도체와반도체장비,KOSDAQ
383310,1410.57,,,,117.1,,,,1.0,-373.1,5286,25200,39.98,상업서비스와공급품,KOSDAQ
052020,69.84,,,,-234.73,,,,,-490.76,5255,7730,,판매업체,KOSDAQ
085660,12682.54,,,,-487.75,,,,,4524.05,7958,8560,,건강관리업체및서비스,KOSDAQ
094170,1276.31,,,,24.19,,,,,-571.58,5217,24950,,반도체와반도체장비,KOSDAQ
045100,11181.81,,,,537.11,,,,1.0,-1968.87,5810,33200,13.92,반도체와반도체장비,KOSDAQ
214430,1242.76,1461.0,1770.0,1974.0,164.58,203.67,263.33,309.5,,-514.69,5773,79000,,우주항공과국방,KOSDAQ
069540,317.7,,,,-165.31,,,,,-57.55,5770,5120,,통신장비,KOSDAQ
348370,3127.94,,,,-783.87,,,,,2450.6,5050,23050,,전기제품,KOSDAQ
078350,6510.51,,,,238.71,,,,1.0,-191.32,5549,36400,37.05,반도체와반도체장비,KOSDAQ
082270,815.31,,,,37.93,,,,,406.8,5044,11090,,반도체와반도체장비,KOSDAQ
090360,757.35,,,,-56.61,,,,1.0,-309.73,7644,78400,,기계,KOSDAQ
348340,189.54,,,,-148.57,,,,,356.17,4963,21200,,기계,KOSDAQ
089890,823.79,1790.0,2500.0,,173.92,390.0,650.0,,1.0,-264.81,5456,32900,41.32,반도체와반도체장비,KOSDAQ
086900,2472.9,2717.0,3006.67,3323.0,170.04,294.0,386.33,522.0,1.0,766.53,4926,67500,29.69,생물공학,KOSDAQ
060250,12348.83,15164.25,17078.75,18808.75,546.88,604.0,720.25,809.0,0.9954,-3073.46,5402,13450,11.92,IT서비스,KOSDAQ
376900,262.47,,,,4.53,,,,0.9984,-133.9,4841,27750,,건강관리장비와용품,KOSDAQ
490470,1209.52,2168.0,3064.0,4348.0,-533.94,-35.0,358.0,690.0,1.0,-924.55,7537,22150,,반도체와반도체장비,KOSDAQ
365340,1946.29,3290.0,4191.5,4837.5,-545.34,189.0,270.5,357.0,0.8914,4102.47,4832,37400,,전기제품,KOSDAQ
445680,51.52,,,,-123.14,,,,,-99.84,10076,58500,,생명과학도구및서비스,KOSDAQ
101160,2917.65,,,,585.44,,,,1.0,-1961.41,5317,32200,12.98,반도체와반도체장비,KOSDAQ
468530,29.51,,,,-113.68,,,,,-186.44,4764,42900,,생물공학,KOSDAQ
018290,4371.84,5220.67,6088.0,6870.0,828.69,602.67,817.0,1030.0,0.9565,-680.69,4763,13630,7.82,화장품,KOSDAQ
041830,2339.48,2871.67,3396.83,3946.4,367.53,576.17,710.67,855.8,1.0,-1370.02,7172,53200,23.41,건강관리장비와용품,KOSDAQ
278280,1338.5,2042.5,2600.5,3251.0,37.11,-102.0,223.5,372.5,0.9299,2124.06,4730,38600,,전기제품,KOSDAQ
079940,3356.81,,,,404.86,,,,0.5075,858.45,5221,38900,33.06,IT서비스,KOSDAQ
056080,281.89,,,,-50.33,,,,,-197.8,4711,12320,,기계,KOSDAQ
476830,79.2,,,,-145.97,,,,,-342.25,7785,27750,,생물공학,KOSDAQ
033500,7421.86,8223.0,8962.0,9606.0,725.59,1133.5,1332.0,1565.0,1.0,-499.7,4699,15670,8.41,화학,KOSDAQ
037460,42910.97,,,,1624.48,,,,0.6393,8288.76,5059,31000,6.69,통신장비,KOSDAQ
034950,1097.81,,,,343.4,,,,0.8587,-954.91,4695,103400,18.61,상업서비스와공급품,KOSDAQ
004415,686.03,,,,-4.6,,,,,208.29,9,3915,,식품,KOSPI
340570,1641.58,1921.67,2239.0,2594.0,463.51,719.33,837.0,1015.0,0.9838,-1021.16,4588,28550,12.05,건강관리장비와용품,KOSDAQ
099190,3154.45,3384.0,3831.0,4294.0,78.87,142.5,238.0,325.0,1.0,988.15,4968,16800,,건강관리장비와용품,KOSDAQ
368770,434.72,589.0,,,101.17,159.0,,,0.9864,-49.81,4586,13960,49.26,전자장비와기기,KOSDAQ
137400,7448.89,7600.0,9520.0,10770.0,956.48,750.0,1180.0,1400.0,0.9003,2517.07,7593,32050,10.21,전기제품,KOSDAQ
376300,838.35,958.0,1036.73,1100.0,313.92,384.82,439.27,492.56,1.0,-1522.22,4491,18920,24.11,양방향미디어와서비스,KOSDAQ
211050,10217.69,,,,948.44,,,,1.0,106.39,4887,9920,6.76,손해보험,KOSDAQ
078340,6964.24,7303.67,7938.56,8314.0,26.34,500.78,771.33,876.5,1.0,516.61,4468,36950,12.24,게임엔터테인먼트,KOSDAQ
356680,481.36,,,,37.53,,,,,-64.63,5338,18700,,소프트웨어,KOSDAQ
041190,1628.67,,,,1380.76,,,,1.0,,4788,6000,4.33,창업투자,KOSDAQ
475830,0.24,,,,-517.59,,,,1.0,-1557.02,4394,20200,,제약,KOSDAQ
272290,4396.34,4585.0,6222.0,8293.0,819.21,519.0,728.0,1086.0,1.0,1004.0,4386,22000,7.56,디스플레이장비및부품,KOSDAQ
052400,3091.64,3478.75,4068.33,4613.67,888.99,1098.0,1310.0,1529.33,1.0,-2478.78,5221,35850,7.0,IT서비스,KOSDAQ
200470,1109.99,,,,52.67,,,,,864.87,4369,9970,,반도체와반도체장비,KOSDAQ
015750,43826.7,,,,2426.83,,,,0.949,12602.2,4736,5920,2.81,자동차부품,KOSDAQ
159010,679.24,,,,-70.15,,,,1.0,414.75,4347,32600,,기계,KOSDAQ
104830,3224.67,3841.67,4647.0,5590.0,564.98,679.0,931.0,1269.5,1.0,92.96,5081,40300,10.43,화학,KOSDAQ
417840,482.89,1193.3,1555.14,,46.35,355.61,516.47,,1.0,138.93,4298,18730,123.86,반도체와반도체장비,KOSDAQ
290550,4257.76,5366.0,7344.0,,215.74,344.5,575.25,,1.0,167.24,4700,23500,20.28,핸드셋,KOSDAQ
187660,92.73,,,,-73.76,,,,,49.44,4273,6680,,제약,KOSDAQ
098120,1003.14,,,,177.45,,,,0.9951,-232.19,5029,60500,29.78,반도체와반도체장비,KOSDAQ
160190,735.44,,,,-89.09,,,,0.9936,-375.23,10409,33700,,기계,KOSDAQ
030520,3267.45,3855.0,4171.6,4409.4,363.97,492.8,580.6,631.6,1.0,-1085.14,4251,17580,12.37,소프트웨어,KOSDAQ
336570,1568.38,1888.5,2182.0,2615.0,516.85,477.5,559.0,675.0,1.0,-858.24,4535,5080,12.88,건강관리장비와용품,KOSDAQ
025900,8295.62,,,,-137.95,,,,,10010.7,3711,7340,,건축자재,KOSDAQ
036810,2802.63,3363.0,3915.0,4307.0,-5.47,277.0,427.0,586.0,0.971,2291.71,7361,34000,,반도체와반도체장비,KOSDAQ
052710,2537.65,2643.5,3361.0,4450.0,55.05,80.0,316.5,520.0,1.0,1026.78,4035,21600,50.95,핸드셋,KOSDAQ
025980,2580.71,,,,83.16,,,,0.4757,5657.45,4816,4950,,"호텔,레스토랑,레저",KOSDAQ
372320,,,,,-362.9,,,,,-223.46,3982,26150,,생물공학,KOSDAQ
050890,2948.3,3352.0,3798.0,4436.0,332.83,361.0,454.0,634.0,1.0,57.03,6064,9980,16.64,통신장비,KOSDAQ
241770,946.14,,,,153.6,,,,1.0,-553.22,3975,39000,31.51,반도체와반도체장비,KOSDAQ
215200,8849.45,8989.5,9177.0,9369.5,1210.2,1197.0,1230.5,1261.0,0.9548,-15.02,3954,38150,4.64,교육서비스,KOSDAQ
078160,736.57,,,,-679.84,,,,1.0,-333.15,3948,10070,,생물공학,KOSDAQ
067630,457.52,,,,-220.27,,,,0.9889,1490.9,5102,4185,,건강관리장비와용품,KOSDAQ
348210,669.14,826.67,1187.0,1503.0,-11.61,66.67,281.33,455.33,0.9898,603.27,3939,37600,,반도체와반도체장비,KOSDAQ
089010,6374.86,7820.0,8610.0,9320.0,232.01,440.0,590.0,840.0,0.9886,3817.36,4704,28050,45.87,전자장비와기기,KOSDAQ
138080,573.77,791.67,1150.33,1731.67,-159.99,8.67,159.0,408.67,1.0,99.16,3911,31600,,통신장비,KOSDAQ
053800,2676.57,,,,332.77,,,,1.0,-2977.41,8545,76800,15.74,소프트웨어,KOSDAQ
092730,1321.84,,,,287.75,,,,1.0,-1398.24,3895,24300,14.0,화장품,KOSDAQ
200710,1645.12,2378.0,3052.0,3492.0,28.53,95.0,307.0,349.0,0.9879,101.24,3796,28200,105.24,반도체와반도체장비,KOSDAQ
107640,1752.65,2276.5,3755.0,4645.0,40.26,-22.0,185.5,415.0,0.7127,1049.81,4256,46950,104.44,전기장비,KOSDAQ
477850,114.59,232.0,434.0,,-80.41,-5.0,128.0,,1.0,-438.61,3782,21300,,소프트웨어,KOSDAQ
236200,1373.02,1577.0,1779.0,2069.0,327.45,395.0,452.0,535.0,1.0,-1306.12,3780,54200,11.67,전자장비와기기,KOSDAQ
114810,1988.3,2333.0,2786.0,,333.17,427.0,613.0,,0.9727,-39.84,4106,14590,14.44,반도체와반도체장비,KOSDAQ
036800,10946.84,13796.0,16634.0,18254.67,552.93,758.67,968.67,1076.67,0.9629,-2043.91,3740,8220,8.72,상업서비스와공급품,KOSDAQ
013030,2145.66,,,,589.11,,,,0.9905,-2230.76,4095,34800,8.14,기계,KOSDAQ
460930,2482.04,,,,287.64,,,,1.0,-50.57,4535,12770,21.19,조선,KOSDAQ
456010,40.2,135.0,449.0,493.0,-88.64,-70.0,12.0,36.0,1.0,-442.16,3604,24850,,통신장비,KOSDAQ
003800,3172.67,,,,540.91,,,,1.0,-1872.33,3593,32400,6.42,가구,KOSDAQ
035890,11001.3,9170.0,11230.0,12690.0,1443.89,990.0,1450.0,1690.0,1.0,-4931.72,4453,2145,3.65,건설,KOSDAQ
101730,1488.4,,,,-487.45,,,,1.0,-732.87,4450,5310,,게임엔터테인먼트,KOSDAQ
332570,1254.77,3178.0,4484.0,5593.0,39.09,308.0,473.0,631.0,0.9952,-511.43,3969,8640,23.03,핸드셋,KOSDAQ
060280,745.32,807.0,,,23.62,31.0,,,1.0,-245.41,3557,8620,128.37,건강관리장비와용품,KOSDAQ
125490,1558.82,2045.0,2505.0,2600.0,102.93,142.67,215.0,230.0,0.9961,797.46,4738,12980,129.52,자동차부품,KOSDAQ
006910,1474.86,,,,268.06,,,,,-533.29,3547,7220,,전기장비,KOSDAQ
110990,1079.1,,,,230.62,,,,1.0,-1948.76,3508,18560,11.55,반도체와반도체장비,KOSDAQ
393890,1108.13,,,,-1276.43,,,,1.0,8853.52,3489,10310,,전기제품,KOSDAQ
095660,4327.26,4164.8,4787.2,5303.75,599.8,332.6,482.0,639.0,1.0,-2864.96,3921,18120,7.85,게임엔터테인먼트,KOSDAQ
036620,2501.95,2890.0,3410.0,3820.0,446.31,530.0,660.0,770.0,,-119.75,3451,3840,,"섬유,의류,신발,호화품",KOSDAQ
455900,46.41,,,,-102.76,,,,,-236.9,3425,22250,,건강관리장비와용품,KOSDAQ
064260,2253.77,,,,23.12,,,,1.0,1643.99,3389,4480,,IT서비스,KOSDAQ
475960,113.07,200.0,346.0,660.0,-55.69,-22.0,18.0,195.0,1.0,-274.52,4643,34450,,생명과학도구및서비스,KOSDAQ
093520,2272.42,2851.0,2851.0,3126.0,290.95,423.0,423.0,471.0,0.9974,-494.09,3362,28250,14.59,반도체와반도체장비,KOSDAQ
039440,3280.59,,,,197.19,,,,1.0,-696.61,3745,24150,24.29,반도체와반도체장비,KOSDAQ
482630,1253.86,1599.5,1896.0,2088.5,176.32,242.5,326.0,382.0,,-93.84,3307,15110,,반도체와반도체장비,KOSDAQ
033160,14038.23,19903.0,28376.5,36760.0,141.86,1139.33,1744.0,2095.0,0.7114,11783.65,4910,19990,369.17,반도체와반도체장비,KOSDAQ
448900,369.31,,,,14.56,,,,1.0,105.08,3305,54400,,자동차부품,KOSDAQ
025320,2615.38,,,,67.59,,,,1.0,17.75,3657,3965,49.59,핸드셋,KOSDAQ
389470,29.39,,,,-283.81,,,,,-809.46,3986,29950,,제약,KOSDAQ
215600,92.25,,,,-255.88,,,,,-659.39,3298,2380,,제약,KOSDAQ
061970,4797.82,,,,-398.0,,,,,2441.72,3276,4675,,반도체와반도체장비,KOSDAQ
078020,22953.4,,,,222.21,,,,1.0,,3579,6450,15.59,증권,KOSDAQ
027360,507.49,,,,118.86,,,,1.0,,4379,3615,52.64,창업투자,KOSDAQ
079370,3833.08,,,,-44.65,,,,0.9712,-12.47,4370,14090,,반도체와반도체장비,KOSDAQ
042520,897.8,1399.0,1731.0,1961.0,-258.91,155.0,274.0,349.0,1.0,225.21,3180,22300,,건강관리장비와용품,KOSDAQ
168360,698.62,1019.0,1257.0,1425.0,31.84,203.0,336.0,426.0,1.0,62.46,3516,15700,,전자장비와기기,KOSDAQ
486990,131.01,,,,-152.79,,,,,-102.29,4321,20200,,IT서비스,KOSDAQ
170920,3103.85,4585.5,6687.5,8598.0,296.29,733.5,1174.0,1545.0,0.489,-460.06,4300,40700,89.32,반도체와반도체장비,KOSDAQ
234340,1874.36,2222.67,2506.5,2807.5,155.78,260.0,303.5,367.5,1.0,-2716.88,3143,22500,33.89,IT서비스,KOSDAQ
018000,402.68,,,,-95.33,,,,,1036.33,3427,1174,,에너지장비및서비스,KOSDAQ
488900,367.91,,,,-73.64,,,,,-79.3,3095,10680,,우주항공과국방,KOSDAQ
019210,6393.83,8890.0,,,665.28,1910.0,,,0.9983,6598.94,4627,12440,18.3,기계,KOSDAQ
086390,1101.95,1922.3,3090.55,4002.0,-210.89,218.7,459.8,660.0,0.8805,199.93,3054,14450,,반도체와반도체장비,KOSDAQ
084110,8474.53,,,,905.52,,,,0.3525,1112.43,3013,23800,10.45,제약,KOSDAQ
265520,4601.45,,,,333.28,,,,1.0,-929.12,3006,19970,12.64,디스플레이장비및부품,KOSDAQ
067160,4665.7,4468.25,4582.5,4907.33,1248.4,908.25,964.5,1093.0,0.9795,-4802.39,4073,36400,4.0,양방향미디어와서비스,KOSDAQ
160980,1644.05,2320.0,2780.0,3150.0,233.46,359.0,457.0,536.0,1.0,-1026.16,2971,27200,19.89,반도체와반도체장비,KOSDAQ
117730,438.13,,,,-119.08,,,,,-45.76,3302,14640,,기계,KOSDAQ
425040,2797.08,,,,248.38,,,,0.9014,485.91,3299,15050,20.68,반도체와반도체장비,KOSDAQ
484590,1546.07,1583.0,1764.0,1880.0,266.31,288.0,331.0,360.0,,239.31,2934,7120,,우주항공과국방,KOSDAQ
203650,3188.51,,,,224.85,,,,1.0,3352.24,2934,2885,35.43,상업서비스와공급품,KOSDAQ
091580,2500.84,3432.0,3980.0,4760.0,86.55,260.0,331.0,440.0,1.0,696.31,3259,24450,161.98,전기제품,KOSDAQ
092460,1334.77,,,,222.72,,,,1.0,236.14,2929,17120,11.49,조선,KOSDAQ
446540,432.4,,,,-41.75,,,,,-242.2,3199,11000,,전자장비와기기,KOSDAQ
200670,1700.53,2015.0,,,423.29,463.0,,,,-458.47,2920,26000,,제약,KOSDAQ
354320,1878.25,2030.0,2719.0,3189.0,62.21,36.0,227.0,341.0,1.0,938.26,3173,49650,,자동차부품,KOSDAQ
304360,165.48,,,,-83.44,,,,,-284.69,2871,23000,,생물공학,KOSDAQ
441270,2391.21,4318.43,6391.67,7863.5,19.35,297.0,553.33,697.0,0.9668,1569.58,3937,9310,,핸드셋,KOSDAQ
352480,2884.78,2982.0,3211.0,,221.71,125.0,142.0,,1.0,-1133.85,2869,21050,20.08,화장품,KOSDAQ
206650,1491.95,,,,606.63,,,,,-627.03,3131,8520,,생물공학,KOSDAQ
136480,14399.95,,,,476.81,,,,0.9948,3152.97,2846,2680,7.39,식품,KOSDAQ
330860,1140.9,1320.0,1457.0,1670.0,47.56,257.33,381.5,578.5,,301.79,3826,31400,,반도체와반도체장비,KOSDAQ
042370,4322.87,,,,557.21,,,,0.2,-1751.18,2837,10830,42.88,전기제품,KOSDAQ
199800,13.06,,,,-232.94,,,,1.0,-188.9,3032,33700,,생물공학,KOSDAQ
317330,1120.79,,,,-430.26,,,,,2533.72,2799,13670,,반도체와반도체장비,KOSDAQ
069080,1744.37,1560.0,1750.5,1930.25,297.28,221.0,282.0,309.0,1.0,-614.08,3769,12170,15.69,게임엔터테인먼트,KOSDAQ
071200,1023.92,,,,142.17,,,,0.987,-2124.79,2786,11420,10.55,건강관리기술,KOSDAQ
049070,5907.82,,,,-113.04,,,,1.0,-2764.2,2949,18730,18.2,핸드셋,KOSDAQ
314130,245.87,285.0,322.0,,-292.34,-302.0,-290.0,,,-386.68,2767,5290,,제약,KOSDAQ
204620,1540.57,1921.0,2094.0,,289.85,350.0,407.0,,0.9786,-1474.55,4034,5740,11.62,기타금융,KOSDAQ
378340,331.94,,,,-221.74,,,,1.0,156.59,2764,12770,,전기제품,KOSDAQ
228760,37.6,,,,-112.98,,,,,-791.37,2933,11800,,건강관리장비와용품,KOSDAQ
060720,4249.04,3782.0,4274.67,4777.0,317.52,224.0,309.0,359.33,0.9983,420.75,2721,11490,13.34,핸드셋,KOSDAQ
046970,424.75,,,,-6.77,,,,,-72.58,3581,8170,,컴퓨터와주변기기,KOSDAQ
115450,695.61,,,,-35.34,,,,,273.38,2717,2870,,제약,KOSDAQ
452430,173.12,317.33,727.67,2178.0,-45.65,12.33,133.67,459.0,,51.07,2885,34950,,반도체와반도체장비,KOSDAQ
309710,619.67,,,,-18.51,,,,1.0,685.73,2684,21000,,제약,KOSDAQ
424870,1.11,,,,-280.05,,,,,-931.28,3172,3470,,제약,KOSDAQ
472850,4855.69,5787.33,6487.5,7337.0,573.77,758.33,917.0,1222.0,0.7709,997.87,2683,4660,7.77,"섬유,의류,신발,호화품",KOSDAQ
035600,13588.85,14805.0,16009.0,17115.0,985.58,1028.5,1226.5,1342.0,0.8673,2750.86,2670,9690,5.58,IT서비스,KOSDAQ
036710,15280.84,,,,-342.64,,,,,7611.28,2668,5050,,반도체와반도체장비,KOSDAQ
012210,737.97,817.0,,,58.12,80.0,,,,474.4,3114,13510,,기계,KOSDAQ
267980,18435.39,,,,600.29,,,,0.9978,-832.68,2663,34750,4.75,식품,KOSDAQ
182400,78.63,,,,-25.32,,,,,28.52,2655,3670,,생명과학도구및서비스,KOSDAQ
017890,4238.83,,,,318.17,,,,0.8102,-577.62,3345,16180,10.92,화학,KOSDAQ
085910,686.77,974.9,1568.5,2330.0,77.8,180.73,330.5,540.0,0.8018,30.53,2649,19200,62.39,자동차부품,KOSDAQ
254490,6355.82,,,,190.76,,,,,804.44,2641,18290,,반도체와반도체장비,KOSDAQ
101930,1079.58,1187.0,1304.0,,155.34,202.0,231.0,,1.0,-962.79,2783,6090,10.89,조선,KOSDAQ
025770,8363.3,,,,452.28,,,,1.0,-1749.25,2936,7840,8.02,IT서비스,KOSDAQ
024840,7585.67,,,,243.45,,,,0.4939,1232.2,2630,6050,,전기장비,KOSDAQ
089980,1959.88,2258.0,2859.0,3707.0,67.12,112.0,177.0,246.0,1.0,670.6,2613,16340,38.68,전자장비와기기,KOSDAQ
287840,22.99,,,,-103.0,,,,,-134.21,2726,18150,,제약,KOSDAQ
054950,1731.29,1883.67,2057.0,2213.0,332.76,390.0,413.0,453.0,0.9836,-1145.75,2932,24250,10.34,건강관리장비와용품,KOSDAQ
091700,13495.28,15340.0,15940.0,16750.0,447.48,333.0,392.0,470.0,0.9609,-135.21,2605,5210,7.73,핸드셋,KOSDAQ
043150,4264.16,4553.0,4905.67,5332.33,547.79,615.33,680.33,803.33,1.0,-1091.28,2598,17490,6.47,건강관리장비와용품,KOSDAQ
0035S0,207.43,,,,6.73,,,,,-23.64,2711,26400,,IT서비스,KOSDAQ
035810,33889.04,,,,1513.5,,,,0.3865,7901.78,2884,4470,10.78,식품,KOSDAQ
900290,9592.56,12011.22,,,1373.16,1840.52,,,0.7613,5324.61,3144,3390,4.29,화학,KOSDAQ
121800,101.5,,,,-72.17,,,,1.0,-589.83,2563,3320,29.25,디스플레이패널,KOSDAQ
394280,160.59,,,,-289.07,,,,,-171.92,2672,10140,,반도체와반도체장비,KOSDAQ
448280,309.16,509.0,,,9.53,80.0,,,1.0,-2.78,2851,9620,159.72,상업서비스와공급품,KOSDAQ
397030,21.72,80.0,310.0,260.0,-72.64,-50.0,170.0,110.0,,-801.97,4266,15480,,제약,KOSDAQ
032580,536.16,,,,-20.66,,,,,-41.06,2525,7620,,반도체와반도체장비,KOSDAQ
100120,2393.35,2515.5,2623.5,2721.0,214.2,382.5,425.5,453.5,1.0,109.99,2656,29600,12.09,건강관리장비와용품,KOSDAQ
468670,237.59,,,,24.3,,,,,77.95,2835,24950,,기계,KOSDAQ
266690,485.04,,,,40.8,,,,,-39.77,2509,13280,,우주항공과국방,KOSDAQ
121440,3543.19,,,,280.26,,,,0.9982,1637.33,3311,7730,13.78,레저용장비와제품,KOSDAQ
294570,694.6,715.0,745.0,774.0,188.6,200.0,211.0,221.0,,-1631.35,2639,26150,,IT서비스,KOSDAQ
416180,1169.13,2725.0,3810.0,,22.71,90.0,200.0,,0.2353,1016.01,2468,27300,445.49,전기제품,KOSDAQ
092190,7638.09,,,,2.26,,,,0.3929,2229.08,3669,8000,,디스플레이장비및부품,KOSDAQ
036030,3958.86,,,,441.62,,,,,-1470.36,2466,5030,,인터넷과카탈로그소매,KOSDAQ
099440,1535.9,2179.0,2554.0,2843.0,-168.1,234.0,299.0,328.0,1.0,1565.61,2610,3825,,기계,KOSDAQ
112290,830.89,1152.0,1705.0,,-17.66,95.0,214.0,,,549.39,2447,12100,,반도체와반도체장비,KOSDAQ
036200,2733.3,3462.0,4030.0,4379.0,109.02,280.0,422.0,502.0,1.0,-541.46,3238,10560,36.06,반도체와반도체장비,KOSDAQ
108860,1147.81,,,,14.82,,,,,-934.51,2441,9070,,건강관리장비와용품,KOSDAQ
272110,844.45,1520.0,1804.0,2161.0,222.43,312.0,444.0,553.0,1.0,823.8,2596,32350,10.16,반도체와반도체장비,KOSDAQ
340450,315.34,382.0,470.0,638.0,12.36,33.0,65.0,138.0,,-382.78,2403,10160,,생명과학도구및서비스,KOSDAQ
051500,34810.82,37149.43,40074.57,43109.75,1016.53,1006.14,1145.71,1244.25,1.0,4811.48,2570,21650,5.13,식품과기본식료품소매,KOSDAQ
064820,5797.74,,,,499.64,,,,0.9248,-7235.45,2401,7780,4.04,증권,KOSDAQ
151860,75771.97,,,,1912.56,,,,0.4486,11552.93,2561,5380,3.11,자동차,KOSDAQ
011560,7157.93,9801.0,9830.0,9665.0,403.68,559.0,580.0,590.0,1.0,-783.29,2380,23600,6.69,건설,KOSDAQ
386380,79.36,,,,-147.25,,,,,-74.39,2867,15280,,건강관리기술,KOSDAQ
067390,2543.86,,,,73.59,,,,,1473.67,2380,5650,,우주항공과국방,KOSDAQ
073490,1861.01,2354.33,3037.33,4285.5,-11.2,190.67,367.33,629.5,1.0,-330.02,2524,33200,,통신장비,KOSDAQ
484120,1397.91,1765.0,2206.0,,33.85,138.0,254.0,,1.0,-187.25,2520,23000,514.29,디스플레이장비및부품,KOSDAQ
0011T0,1017.39,,,,-296.34,,,,,-168.04,2512,5350,,전기제품,KOSDAQ
376270,129.79,456.3,865.9,,-155.83,-17.7,163.7,,1.0,99.47,2353,32600,,건강관리업체및서비스,KOSDAQ
445090,728.5,1819.0,2016.0,3954.0,-275.78,50.0,92.0,207.0,1.0,225.09,2502,22900,,반도체와반도체장비,KOSDAQ
098070,1719.03,1985.0,2340.0,,381.82,385.0,400.0,,1.0,-613.88,2630,23650,8.55,에너지장비및서비스,KOSDAQ
200130,5748.85,,,,266.46,,,,1.0,217.31,2342,8140,,건강관리업체및서비스,KOSDAQ
243070,6207.68,,,,456.0,,,,1.0,1011.81,2329,19440,5.46,제약,KOSDAQ
036890,4638.2,5645.5,5880.0,6145.0,479.43,474.5,525.0,590.0,1.0,-88.33,2465,11190,7.55,기계,KOSDAQ
439090,1130.16,1085.0,1408.0,,104.55,131.0,169.0,,1.0,-986.58,2610,15920,28.6,화장품,KOSDAQ
298830,939.38,,,,126.0,,,,0.8911,-184.86,2299,4300,26.79,소프트웨어,KOSDAQ
452280,632.16,920.0,,,97.5,220.0,,,,335.94,2724,14150,,기계,KOSDAQ
486510,296.89,,,,-59.56,,,,,-215.93,2440,12420,,반도체와반도체장비,KOSDAQ
389650,164.77,209.0,307.5,430.5,-7.2,-76.5,-24.0,48.0,,-280.38,2574,31100,,건강관리장비와용품,KOSDAQ
067080,1430.6,,,,31.62,,,,0.7099,944.03,2268,12180,137.12,제약,KOSDAQ
237880,3289.03,3392.67,3634.5,3690.0,164.36,301.0,368.0,360.0,1.0,-1549.61,2257,12490,16.64,화장품,KOSDAQ
114190,2122.52,,,,-60.96,,,,0.8354,111.52,2393,9160,,전자장비와기기,KOSDAQ
068930,2538.22,2811.0,3105.0,3354.0,315.59,445.67,497.5,541.5,0.8597,300.48,2554,9230,12.21,교육서비스,KOSDAQ
365270,0.07,,,,-165.03,,,,,-117.83,2247,10140,,제약,KOSDAQ
216080,769.03,861.0,,,38.19,76.0,,,1.0,961.77,2241,6010,,건강관리장비와용품,KOSDAQ
061090,1792.88,2332.0,2728.0,3797.0,162.9,403.0,544.0,977.0,1.0,-885.35,2378,43500,14.23,통신장비,KOSDAQ
461300,1959.11,,,,617.63,,,,,-1262.84,2361,17710,,교육서비스,KOSDAQ
382800,919.19,1431.0,1902.0,2160.0,77.56,265.0,321.5,360.0,1.0,-134.45,2231,7010,35.32,반도체와반도체장비,KOSDAQ
256840,958.99,,,,16.3,,,,1.0,-675.12,2226,3255,78.46,건강관리장비와용품,KOSDAQ
043370,12006.73,12528.0,13138.0,13818.0,484.39,451.0,480.0,570.0,1.0,-1890.94,2352,11200,5.08,자동차부품,KOSDAQ
023410,13326.88,,,,323.74,,,,0.9486,4134.07,2501,3235,,건축자재,KOSDAQ
023760,5384.09,,,,1279.22,,,,1.0,,2220,1407,2.21,기타금융,KOSDAQ
065710,1166.26,,,,253.26,,,,1.0,-615.93,2217,43050,10.69,운송인프라,KOSDAQ
450950,379.44,476.0,734.0,913.0,103.92,44.5,193.0,268.5,1.0,-155.06,2322,6170,25.21,건강관리장비와용품,KOSDAQ
377450,615.72,,,,189.41,,,,,-1910.99,2456,14170,,상업서비스와공급품,KOSDAQ
094480,1297.0,,,,183.94,,,,1.0,945.32,2197,5600,26.47,IT서비스,KOSDAQ
018310,3169.86,,,,64.45,,,,1.0,-239.24,2195,14930,21.45,건축제품,KOSDAQ
083310,2448.93,,,,-80.54,,,,0.7005,-626.2,2271,12750,,반도체와반도체장비,KOSDAQ
389260,1309.71,1665.0,1843.0,,167.99,339.0,362.0,,1.0,466.29,2424,13530,17.14,에너지장비및서비스,KOSDAQ
405100,688.61,850.0,1100.0,,47.83,122.0,215.0,,0.9799,35.24,2186,17790,75.54,반도체와반도체장비,KOSDAQ
094360,284.67,311.0,354.5,362.0,69.64,70.0,93.0,96.0,0.9941,-408.23,2695,12620,45.5,반도체와반도체장비,KOSDAQ
419530,1412.52,1645.0,1788.5,2033.0,226.33,233.0,302.0,375.0,1.0,-205.8,2251,22050,7.48,방송과엔터테인먼트,KOSDAQ
144510,1655.23,,,,-137.94,,,,,1068.53,2383,15080,,건강관리업체및서비스,KOSDAQ
241520,451.38,,,,223.39,,,,0.9716,,2168,8150,12.56,창업투자,KOSDAQ
377460,916.49,,,,-19.14,,,,,799.0,2532,4080,,상업서비스와공급품,KOSDAQ
126600,3978.86,,,,173.46,,,,1.0,1364.79,2238,3565,16.01,화학,KOSDAQ
053030,1684.75,1705.0,2144.0,2584.0,-45.35,-71.0,131.0,249.0,0.9787,863.02,2151,6580,,제약,KOSDAQ
099430,908.96,,,,150.05,,,,0.7502,363.08,2367,3840,15.78,건강관리장비와용품,KOSDAQ
389500,71.99,118.0,205.0,290.0,-68.63,-71.0,-17.0,19.0,,50.51,2835,42550,,기계,KOSDAQ
462350,27.46,,,,-722.46,,,,,-633.93,2223,6560,,우주항공과국방,KOSDAQ
064850,354.02,586.0,692.0,780.0,106.63,293.0,364.0,414.0,1.0,-140.68,2351,20600,23.78,IT서비스,KOSDAQ
125020,2991.19,4799.0,6328.0,,67.99,213.0,367.0,,,202.62,2113,6030,,전기장비,KOSDAQ
307180,1028.64,,,,-85.02,,,,0.4805,721.41,2101,5690,,디스플레이장비및부품,KOSDAQ
293780,36.98,,,,-158.43,,,,,-105.98,2208,7860,,건강관리업체및서비스,KOSDAQ
243840,4082.34,5188.0,6200.5,6873.5,59.27,201.0,323.5,394.0,1.0,3439.15,2306,5980,,전기제품,KOSDAQ
263860,483.81,566.5,610.0,679.0,70.07,115.0,131.0,149.0,1.0,-362.71,2093,23050,27.92,소프트웨어,KOSDAQ
439960,88.63,,,,-81.51,,,,,-162.25,2285,7040,,기계,KOSDAQ
0001A0,1431.95,,,,66.8,,,,1.0,27.52,2190,8600,48.49,석유와가스,KOSDAQ
180400,293.57,,,,-243.17,,,,,-352.15,2274,2310,,건강관리업체및서비스,KOSDAQ
380540,215.12,,,,-59.27,,,,,163.48,2067,8450,,통신장비,KOSDAQ
190510,4598.8,,,,281.85,,,,1.0,-1122.24,2183,15500,8.69,핸드셋,KOSDAQ
078150,1603.11,,,,62.41,,,,1.0,-273.49,2178,2295,7.67,디스플레이장비및부품,KOSDAQ
215000,4832.61,4361.0,4662.0,5074.0,680.71,380.0,518.0,590.0,1.0,-972.27,2253,35900,8.79,"호텔,레스토랑,레저",KOSDAQ
459510,125.26,,,,-82.06,,,,,173.71,2039,15710,,기계,KOSDAQ
095500,5385.33,,,,209.29,,,,1.0,915.39,2168,6990,15.69,디스플레이장비및부품,KOSDAQ
475400,130.56,,,,-184.11,,,,,-327.17,2155,18250,,기계,KOSDAQ
0008Z0,1444.25,1610.0,1900.0,2090.0,177.39,220.0,280.0,310.0,1.0,-711.01,2232,23650,12.37,조선,KOSDAQ
314930,70.28,,,,6.52,,,,1.0,-147.47,1988,6680,233.33,건강관리장비와용품,KOSDAQ
065680,1864.2,,,,218.1,,,,1.0,-1297.61,2147,23750,9.95,핸드셋,KOSDAQ
194700,4042.6,,,,430.5,,,,0.9848,-137.65,1940,10630,5.48,건강관리업체및서비스,KOSDAQ
064550,3301.11,,,,152.25,,,,,202.99,2222,8610,,생물공학,KOSDAQ
353810,4769.39,,,,449.9,,,,0.949,1283.84,1935,5850,6.97,식품,KOSDAQ
493280,116.19,,,,2.98,,,,,-1227.12,2776,18700,,제약,KOSDAQ
217730,35.72,,,,-176.68,,,,,-182.25,2097,2230,,생물공학,KOSDAQ
176750,385.72,,,,74.43,,,,1.0,17.19,2202,7730,33.98,제약,KOSDAQ
199430,159.13,,,,-75.38,,,,,81.8,1917,17120,,기계,KOSDAQ
005160,7277.64,,,,70.25,,,,,2327.58,2091,3855,,철강,KOSDAQ
005710,10589.26,,,,707.54,,,,1.0,-4449.34,2088,10420,2.72,자동차부품,KOSDAQ
206640,1620.93,,,,289.4,,,,0.9905,-351.5,2186,9980,9.24,생명과학도구및서비스,KOSDAQ
388050,773.78,1050.0,,,88.07,133.0,,,1.0,-330.49,1886,10080,33.96,전기장비,KOSDAQ
452450,650.88,,,,-212.17,,,,1.0,-2.55,2064,5730,,IT서비스,KOSDAQ
014940,2072.56,,,,242.78,,,,1.0,-267.53,2044,4485,10.68,조선,KOSDAQ
382900,433.61,,,,8.58,,,,1.0,992.05,2173,24800,136.67,전기제품,KOSDAQ
143240,1212.36,,,,167.75,,,,1.0,-1754.22,1878,17500,2.04,상업서비스와공급품,KOSDAQ
019010,482.43,,,,150.45,,,,0.9269,-3529.87,2036,4225,2.17,"호텔,레스토랑,레저",KOSDAQ
036190,4234.34,,,,438.01,,,,1.0,-1369.03,2010,33500,6.57,건설,KOSDAQ
126730,382.85,709.0,,,11.39,127.0,,,1.0,-242.16,2153,24550,75.57,전기제품,KOSDAQ
355150,152.2,229.5,576.5,,1.84,53.0,175.0,,,215.76,1864,23900,,반도체와반도체장비,KOSDAQ
049430,722.74,,,,179.87,,,,0.9996,-1237.01,1968,21750,8.73,기계,KOSDAQ
036170,317.07,,,,23.67,,,,1.0,-7.71,1964,3200,18.0,디스플레이장비및부품,KOSDAQ
045390,1531.89,,,,75.59,,,,1.0,-7.48,2114,3000,10.33,도로와철도운송,KOSDAQ
083930,3928.96,,,,346.18,,,,1.0,-56.51,1860,12670,6.49,전기제품,KOSDAQ
234690,1646.8,1997.5,2494.0,2923.0,172.94,200.5,353.5,497.5,0.8435,857.96,1933,10760,19.31,제약,KOSDAQ
024060,1078.52,,,,-9.95,,,,,-17.12,1853,12350,,석유와가스,KOSDAQ
950170,3086.21,3017.33,,,475.52,59.16,,,1.0,769.35,2097,4300,2.72,백화점과일반상점,KOSDAQ
187870,840.83,1044.0,1345.0,1680.0,173.34,340.0,391.0,495.0,1.0,-619.0,1852,13360,10.94,디스플레이장비및부품,KOSDAQ
119610,1184.4,1379.0,1578.83,1826.2,194.83,287.83,350.33,431.0,0.9935,285.02,1915,16780,14.8,건강관리장비와용품,KOSDAQ
041920,649.45,940.0,1258.0,,59.5,160.0,234.0,,1.0,-859.22,1914,10290,36.29,건강관리장비와용품,KOSDAQ
481070,600.09,,,,100.81,,,,0.966,-266.65,2070,14410,24.46,"섬유,의류,신발,호화품",KOSDAQ
484810,566.33,,,,-7.72,,,,,-107.58,1843,11930,,기계,KOSDAQ
163730,916.07,1347.0,1948.0,,14.68,78.0,177.0,,0.8889,-396.96,1896,14850,640.54,IT서비스,KOSDAQ
036560,1105.13,,,,101.8,,,,,-120.03,1885,11970,,기계,KOSDAQ
058970,839.8,,,,9.1,,,,1.0,-238.36,2040,16500,69.65,소프트웨어,KOSDAQ
068790,1554.71,,,,42.36,,,,0.9245,315.45,1830,8250,1.39,디스플레이장비및부품,KOSDAQ
464080,60.86,,,,-161.31,,,,,83.19,1875,10410,,전자장비와기기,KOSDAQ
251370,1446.04,,,,129.25,,,,,442.69,1823,10120,,화학,KOSDAQ
462860,599.71,,,,136.28,,,,1.0,-1704.73,1999,2785,18.14,IT서비스,KOSDAQ
260970,1509.37,,,,230.06,,,,,-585.31,1822,63000,,식품,KOSDAQ
304100,416.36,,,,-80.42,,,,,-327.28,1866,14820,,IT서비스,KOSDAQ
054210,7531.6,,,,431.66,,,,1.0,2009.3,1808,7150,6.78,핸드셋,KOSDAQ
053300,1384.66,,,,270.61,,,,0.9319,-723.45,2125,5370,8.12,IT서비스,KOSDAQ
0015G0,417.52,,,,22.02,,,,1.0,82.19,1801,15390,87.94,우주항공과국방,KOSDAQ
082800,593.43,,,,-191.66,,,,,227.68,1855,3055,,제약,KOSDAQ
318060,205.33,351.0,484.0,694.0,-110.54,-34.0,70.0,224.0,1.0,101.95,1797,16050,,건강관리장비와용품,KOSDAQ
102940,2089.82,,,,175.72,,,,1.0,1256.38,1920,14670,7.69,제약,KOSDAQ
141000,651.19,716.3,,,91.8,55.4,,,1.0,-784.79,1777,14670,16.53,디스플레이장비및부품,KOSDAQ
220100,186.71,,,,-77.53,,,,,-163.35,1851,7170,,제약,KOSDAQ
034810,22600.79,,,,418.41,,,,,7041.81,1851,5860,,종이와목재,KOSDAQ
013120,3873.45,,,,170.96,,,,1.0,1317.35,1898,2090,7.25,건설,KOSDAQ
192440,4636.98,,,,332.13,,,,1.0,-2095.52,1765,28400,6.08,핸드셋,KOSDAQ
230240,1419.83,1193.0,2257.0,2806.0,-15.82,-244.0,225.0,540.0,1.0,430.15,1841,13830,,통신장비,KOSDAQ
214180,3758.23,4481.0,5180.5,5906.5,501.81,588.0,764.0,900.5,0.815,-3433.95,1833,14110,6.0,IT서비스,KOSDAQ
394800,117.09,,,,-58.89,,,,,-90.76,1881,5910,,건강관리기술,KOSDAQ
086820,152.0,,,,-43.41,,,,1.0,75.28,1742,6720,638.1,생물공학,KOSDAQ
138610,327.19,,,,50.26,,,,,-123.22,1823,16040,,건강관리장비와용품,KOSDAQ
094820,2519.85,,,,241.21,,,,0.9492,287.08,1823,12090,9.82,건설,KOSDAQ
016790,1130.27,,,,49.91,,,,1.0,-108.07,1873,994,42.72,식품,KOSDAQ
108380,2300.95,2451.0,2563.0,2656.0,270.6,295.0,320.0,336.0,1.0,-1083.48,1735,18130,7.0,조선,KOSDAQ
042510,637.51,625.0,718.0,814.0,27.82,32.0,68.0,90.0,0.9992,-18.92,1816,16350,53.7,소프트웨어,KOSDAQ
403850,938.62,,,,193.62,,,,1.0,-1696.7,1814,12640,9.99,방송과엔터테인먼트,KOSDAQ
066620,4388.87,,,,457.62,,,,1.0,-3282.89,1860,24800,4.69,건설,KOSDAQ
119830,485.18,,,,-2.57,,,,1.0,-1426.23,1725,6500,,반도체와반도체장비,KOSDAQ
084990,25.98,,,,-98.98,,,,,-533.0,1807,3920,,생물공학,KOSDAQ
012860,10440.89,,,,367.89,,,,0.9579,2204.76,1798,2455,9.03,자동차부품,KOSDAQ
080720,363.78,,,,-172.32,,,,,-318.22,1924,2410,,제약,KOSDAQ
092130,500.19,533.0,559.0,584.0,155.81,160.0,169.0,178.0,1.0,-398.75,1709,14190,13.27,상업서비스와공급품,KOSDAQ
308430,19.45,,,,-82.45,,,,,-373.14,1781,13800,,제약,KOSDAQ
478340,132.37,,,,-54.61,,,,,-267.24,1775,15290,,우주항공과국방,KOSDAQ
052330,3968.4,,,,377.86,,,,0.9999,-930.53,1849,10410,6.53,디스플레이패널,KOSDAQ
088800,1784.26,,,,-221.53,,,,,621.37,1767,2340,,통신장비,KOSDAQ
264450,1164.38,1277.0,1452.0,1613.0,231.04,278.0,293.0,350.0,1.0,-698.33,1701,11600,7.07,통신장비,KOSDAQ
264850,695.75,,,,38.86,,,,1.0,-71.5,1763,5820,41.57,전자장비와기기,KOSDAQ
051160,5871.3,,,,251.29,,,,0.6576,-1519.53,1832,13590,14.5,판매업체,KOSDAQ
489460,284.91,380.0,,,42.27,100.0,,,1.0,-150.68,1747,11840,42.08,화장품,KOSDAQ
032620,1976.96,,,,75.22,,,,0.9777,55.28,1681,3220,4.55,건강관리기술,KOSDAQ
274090,763.94,,,,-92.31,,,,,180.77,1678,12180,,우주항공과국방,KOSDAQ
086670,1469.91,1840.0,,,153.14,200.0,,,1.0,809.49,1875,18890,9.86,기계,KOSDAQ
445180,1425.47,1691.0,1859.0,2035.0,172.18,227.0,245.0,280.0,,-285.13,1671,9720,,반도체와반도체장비,KOSDAQ
0082N0,55.61,,,,-42.73,,,,,-449.95,1737,13060,,제약,KOSDAQ
051370,4679.64,4395.0,4519.0,4730.0,286.46,70.0,222.0,260.0,1.0,-655.77,1663,7130,5.06,전자장비와기기,KOSDAQ
372170,1001.75,,,,-316.42,,,,1.0,-529.84,1863,23350,,전자장비와기기,KOSDAQ
013990,1890.78,,,,139.87,,,,1.0,-213.4,1727,5250,14.95,"섬유,의류,신발,호화품",KOSDAQ
086890,566.72,,,,16.34,,,,,-19.21,1647,4040,,제약,KOSDAQ
432720,53.5,,,,-244.72,,,,,-334.01,1647,11610,,반도체와반도체장비,KOSDAQ
126700,1710.97,2789.0,4022.0,4877.0,-325.54,163.0,440.0,584.0,1.0,-708.12,1854,12410,,핸드셋,KOSDAQ
950140,2167.9,2035.0,2340.0,,373.68,274.0,326.0,,1.0,-316.98,1635,8230,6.59,화장품,KOSDAQ
143160,3275.96,,,,212.42,,,,0.7318,-911.64,1714,15990,10.05,전자장비와기기,KOSDAQ
065660,75.36,,,,-24.33,,,,,-426.85,1626,16250,,제약,KOSDAQ
357550,175.47,,,,38.98,,,,1.0,-126.49,1773,32500,46.68,화학,KOSDAQ
388790,176.88,,,,5.82,,,,,-49.06,1619,5290,,통신장비,KOSDAQ
194480,2955.78,2556.0,3017.0,3334.5,63.5,-297.0,136.0,211.5,0.9939,-420.23,1702,13990,16.22,게임엔터테인먼트,KOSDAQ
067290,810.44,,,,74.55,,,,1.0,33.37,1608,2870,10.27,제약,KOSDAQ
402030,339.8,,,,-98.65,,,,,-167.68,1605,12820,,소프트웨어,KOSDAQ
066410,172.73,,,,-61.83,,,,,18.04,1596,1153,,IT서비스,KOSDAQ
290690,382.68,,,,-67.17,,,,,549.83,1685,3175,,디스플레이장비및부품,KOSDAQ
078070,1556.62,,,,306.05,,,,0.6055,-1088.16,1583,9280,7.77,통신장비,KOSDAQ
204610,695.12,,,,170.14,,,,0.8236,-634.56,1583,2840,9.35,게임엔터테인먼트,KOSDAQ
093190,1334.68,,,,159.13,,,,0.9995,-434.4,1581,8220,8.63,컴퓨터와주변기기,KOSDAQ
245620,78.86,,,,-15.97,,,,1.0,34.89,1671,741,5.92,생명과학도구및서비스,KOSDAQ
494120,73.03,,,,-75.26,,,,,-144.65,1579,10350,,생명과학도구및서비스,KOSDAQ
084850,6031.11,,,,-69.97,,,,1.0,2696.24,1733,7640,,전자장비와기기,KOSDAQ
226590,964.91,,,,115.42,,,,1.0,53.28,1573,14680,14.66,반도체와반도체장비,KOSDAQ
158430,676.03,,,,103.58,,,,0.71,74.77,1655,6760,106.77,소프트웨어,KOSDAQ
093640,90.34,,,,-102.13,,,,,-21.88,1570,4780,,반도체와반도체장비,KOSDAQ
199820,1960.35,,,,117.62,,,,0.9887,-53.56,1718,7730,25.95,전기장비,KOSDAQ
122990,3212.39,,,,-362.79,,,,1.0,-327.24,1641,6400,,핸드셋,KOSDAQ
475040,181.09,,,,-585.95,,,,,-625.4,1564,2905,,소프트웨어,KOSDAQ
0161M0,106.49,,,,-26.76,,,,,-101.42,1560,12770,,소프트웨어,KOSDAQ
072870,1272.85,,,,205.43,,,,0.926,-858.27,1556,13050,5.7,교육서비스,KOSDAQ
039830,3280.8,,,,444.8,,,,1.0,2976.4,1623,15080,7.45,레저용장비와제품,KOSDAQ
041520,378.88,,,,-9.01,,,,1.0,-876.69,1552,12730,18.79,반도체와반도체장비,KOSDAQ
023910,2086.14,2220.0,2325.0,2430.0,311.86,326.0,345.0,364.0,,-1146.97,1548,25800,,제약,KOSDAQ
052260,1305.05,1487.0,1652.0,,127.17,180.0,201.0,,1.0,-194.61,1539,5130,608.3,화장품,KOSDAQ
488280,100.89,122.0,192.0,,-56.4,-48.0,12.0,,,-119.59,1760,16260,,IT서비스,KOSDAQ
054450,1928.02,2479.0,2718.5,3040.5,-61.89,171.5,223.5,268.5,0.9946,1215.68,1536,10140,,반도체와반도체장비,KOSDAQ
307750,1310.39,,,,-25.76,,,,1.0,74.82,1528,2830,,제약,KOSDAQ
046120,579.09,,,,-140.12,,,,1.0,419.74,1740,5140,217.5,에너지장비및서비스,KOSDAQ
123330,781.98,1648.5,1953.0,,149.74,286.0,340.0,,1.0,19.47,1737,21800,9.2,화장품,KOSDAQ
179290,671.52,,,,206.74,,,,1.0,-589.52,1528,4720,7.51,건강관리장비와용품,KOSDAQ
413630,192.76,,,,21.39,,,,1.0,-124.9,1525,4185,76.17,기계,KOSDAQ
039860,381.3,,,,11.02,,,,1.0,-470.57,1733,4550,109.68,생명과학도구및서비스,KOSDAQ
041020,3242.17,,,,91.19,,,,0.3606,-1536.6,1577,3175,32.45,자동차부품,KOSDAQ
080160,2104.07,1844.0,2100.0,2243.0,74.38,-19.0,151.0,178.0,0.9753,-799.98,1523,8060,10.5,"호텔,레스토랑,레저",KOSDAQ
156100,389.2,,,,7.15,,,,1.0,79.67,1520,6800,,건강관리장비와용품,KOSDAQ
102120,2441.24,,,,101.48,,,,1.0,401.33,1515,8520,14.99,반도체와반도체장비,KOSDAQ
011040,1962.73,,,,76.66,,,,1.0,-19.89,1566,5090,18.36,제약,KOSDAQ
118990,7022.74,,,,417.89,,,,0.5905,2052.83,1512,6160,20.42,자동차부품,KOSDAQ
007330,1017.2,,,,169.48,,,,,,1507,9990,,기타금융,KOSDAQ
054800,9080.94,,,,897.37,,,,0.501,-1775.26,1504,14530,3.85,컴퓨터와주변기기,KOSDAQ
042420,4368.01,,,,552.44,,,,0.5479,-3572.69,1706,20950,5.04,게임엔터테인먼트,KOSDAQ
220260,568.1,,,,10.48,,,,,-46.94,1501,4680,,화학,KOSDAQ
101360,1419.58,,,,-6.1,,,,1.0,2124.25,1499,8430,,화학,KOSDAQ
149950,809.44,828.0,1259.0,1873.0,61.48,82.0,224.0,478.0,,-491.16,1692,12380,,디스플레이장비및부품,KOSDAQ
418550,551.74,,,,-42.32,,,,,-34.84,1687,5270,,건설,KOSDAQ
322310,521.37,636.0,,,-83.71,15.0,,,1.0,408.78,1489,15900,,반도체와반도체장비,KOSDAQ
042600,1649.48,,,,-26.33,,,,,635.71,1478,11900,,가정용기기와용품,KOSDAQ
092070,791.33,,,,-6.74,,,,,-256.2,1678,14500,,반도체와반도체장비,KOSDAQ
417500,535.51,,,,103.97,,,,1.0,238.61,1528,4660,22.68,반도체와반도체장비,KOSDAQ
069510,4681.92,,,,458.16,,,,1.0,-1464.61,1474,13510,3.54,전자장비와기기,KOSDAQ
256940,1701.47,,,,15.75,,,,0.6904,729.31,1474,7340,,비철금속,KOSDAQ
038390,3655.53,,,,467.75,,,,1.0,3653.37,1669,9980,7.05,도로와철도운송,KOSDAQ
474650,131.25,,,,-73.78,,,,,73.82,1525,26500,,기계,KOSDAQ
0007C0,133.12,,,,-22.54,,,,,-285.62,1471,18320,,IT서비스,KOSDAQ
0088M0,73.78,211.0,441.0,,-28.32,45.0,176.0,,,-331.18,1467,14850,,건강관리장비와용품,KOSDAQ
049630,1645.46,,,,107.43,,,,1.0,246.38,1647,7050,19.48,핸드셋,KOSDAQ
104480,3457.56,,,,24.03,,,,,802.66,1722,1894,,화학,KOSDAQ
046440,2337.71,2359.0,2426.0,2494.0,331.25,352.0,396.0,425.0,1.0,-307.79,1457,4020,6.27,IT서비스,KOSDAQ
054920,7712.17,,,,60.87,,,,0.8369,677.8,1453,5150,18.53,비철금속,KOSDAQ
255220,1022.46,,,,7.52,,,,,513.11,1634,1085,,건축자재,KOSDAQ
270660,343.57,,,,-31.97,,,,1.0,-57.68,1708,13460,,가정용기기와용품,KOSDAQ
232680,538.42,,,,39.5,,,,1.0,-88.07,1437,10840,38.93,반도체와반도체장비,KOSDAQ
452190,242.46,,,,19.62,,,,1.0,-95.15,1435,6000,58.91,전기제품,KOSDAQ
289080,209.89,214.31,,,-83.63,-27.17,,,1.0,,1618,2690,,창업투자,KOSDAQ
024800,670.43,,,,12.25,,,,0.9523,439.78,1494,4240,2.72,도로와철도운송,KOSDAQ
469610,756.99,,,,86.38,,,,0.9609,-316.4,1425,15930,17.4,디스플레이장비및부품,KOSDAQ
115500,248.63,,,,20.63,,,,,-54.49,1424,11870,,IT서비스,KOSDAQ
950250,75.81,78.28,,,-71.27,-93.34,,,,-322.52,1474,4130,,반도체와반도체장비,KOSDAQ
417030,66.58,,,,-166.08,,,,,-6.35,1589,27500,,우주항공과국방,KOSDAQ
048870,1130.5,,,,191.64,,,,0.2692,-607.3,1411,1601,46.86,건강관리장비와용품,KOSDAQ
321550,122.89,,,,-161.39,,,,,95.09,1410,4695,,제약,KOSDAQ
032940,1507.35,,,,89.23,,,,0.987,596.35,1581,8690,13.75,화장품,KOSDAQ
146320,875.84,1142.0,1392.0,1737.0,39.27,93.0,162.0,219.0,1.0,832.62,1472,11500,128.11,반도체와반도체장비,KOSDAQ
212560,2321.16,2538.0,2868.0,3183.0,136.66,159.0,193.0,220.0,,-305.58,1397,10360,,자동차부품,KOSDAQ
005990,21962.11,,,,639.73,,,,0.4628,-916.14,1392,10470,4.28,식품,KOSDAQ
123410,7858.69,,,,454.14,,,,0.9904,347.1,1573,5650,3.58,자동차부품,KOSDAQ
142210,7689.74,,,,322.69,,,,1.0,2692.95,1459,7030,11.47,반도체와반도체장비,KOSDAQ
0015N0,511.87,,,,51.4,,,,,-182.55,1375,10930,,화장품,KOSDAQ
071280,1248.7,1958.0,,,144.23,233.0,,,1.0,-525.09,1381,9030,11.27,반도체와반도체장비,KOSDAQ
0010S0,648.48,,,,63.37,,,,1.0,-351.37,1561,15580,16.63,가정용품,KOSDAQ
147830,379.24,,,,105.73,,,,,-828.47,1438,7190,,전기장비,KOSDAQ
297090,1261.48,1474.0,1616.5,,110.86,133.5,169.0,,1.0,-6.78,1359,4985,12.1,기계,KOSDAQ
060150,1871.55,,,,182.29,,,,1.0,427.16,1360,2985,,상업서비스와공급품,KOSDAQ
123860,1081.65,,,,201.52,,,,,-567.66,1547,12760,,디스플레이장비및부품,KOSDAQ
049960,531.26,,,,79.14,,,,1.0,-962.25,1432,15230,14.14,생물공학,KOSDAQ
228850,1147.23,1407.5,1579.5,1787.0,-39.5,120.0,147.0,176.5,0.9932,-1417.37,1351,8140,,건강관리장비와용품,KOSDAQ
285490,555.9,,,,67.0,,,,1.0,-1013.87,1348,12750,7.61,핸드셋,KOSDAQ
067280,3308.27,,,,318.92,,,,0.9923,-1475.99,1535,25900,5.86,교육서비스,KOSDAQ
114840,2240.96,2411.0,2606.0,2790.0,271.28,238.5,261.5,290.0,1.0,-305.94,1411,8460,6.46,화장품,KOSDAQ
351320,130.13,,,,-94.64,,,,,310.1,1343,4330,,디스플레이장비및부품,KOSDAQ
136540,985.98,,,,211.59,,,,0.9997,-961.66,1342,10930,7.29,소프트웨어,KOSDAQ
267320,823.69,,,,-89.24,,,,1.0,100.11,1527,2660,,전기제품,KOSDAQ
115310,287.17,,,,64.57,,,,1.0,-648.84,1403,9460,19.93,IT서비스,KOSDAQ
240550,1135.37,1332.0,1476.0,1622.0,170.05,238.0,277.0,322.0,1.0,66.37,1338,6390,11.43,건강관리장비와용품,KOSDAQ
300080,359.8,,,,61.54,,,,1.0,-183.46,1337,8090,20.74,양방향미디어와서비스,KOSDAQ
396300,858.27,,,,-18.5,,,,,486.56,1515,5720,,전자장비와기기,KOSDAQ
148150,2779.17,,,,17.63,,,,1.0,-396.2,1386,3900,2.84,핸드셋,KOSDAQ
408920,728.22,927.0,967.0,1152.0,189.97,239.0,252.0,303.0,1.0,-644.76,1327,3070,8.56,양방향미디어와서비스,KOSDAQ
009780,1976.63,,,,296.54,,,,1.0,214.11,1327,7540,5.77,식품,KOSDAQ
101970,1008.55,,,,7.06,,,,,-90.54,1509,10200,,에너지장비및서비스,KOSDAQ
095700,45.74,,,,-361.72,,,,,890.62,1366,3000,,생물공학,KOSDAQ
172670,483.58,636.0,737.0,,-73.95,60.0,143.0,,1.0,802.98,1322,14750,,반도체와반도체장비,KOSDAQ
457550,448.07,,,,50.58,,,,,-288.53,1317,14130,,에너지장비및서비스,KOSDAQ
0039P0,502.34,708.0,969.0,,85.45,116.5,184.5,0.0,0.9949,-206.8,1499,7970,19.21,광고,KOSDAQ
037070,1679.1,,,,33.01,,,,,16.91,1354,6770,,가정용기기와용품,KOSDAQ
039840,1640.78,1814.67,2158.5,2565.0,101.05,211.0,264.0,320.0,1.0,374.67,1309,9760,,건강관리장비와용품,KOSDAQ
126640,3789.37,,,,117.82,,,,,-317.56,1311,3740,,자동차부품,KOSDAQ
387690,146.28,,,,27.5,,,,0.976,92.78,1416,18570,28.52,건강관리장비와용품,KOSDAQ
321370,190.16,,,,-115.58,,,,,142.21,1345,1905,,통신장비,KOSDAQ
072950,1208.59,,,,89.9,,,,0.978,-129.5,1292,16050,17.1,전자장비와기기,KOSDAQ
282880,1547.01,2429.0,2646.0,3044.0,-254.47,-57.5,150.0,170.0,0.6743,694.96,1292,11050,75.96,기계,KOSDAQ
205500,367.22,,,,13.93,,,,,-151.91,1473,1763,,게임엔터테인먼트,KOSDAQ
003100,1904.22,,,,413.9,,,,1.0,1914.75,1340,20300,3.39,운송인프라,KOSDAQ
402490,1021.55,,,,60.33,,,,0.9721,445.94,1279,7550,12.48,반도체와반도체장비,KOSDAQ
035080,30615.93,,,,-295.81,,,,,1024.67,1279,11450,,인터넷과카탈로그소매,KOSDAQ
052860,368.79,,,,40.5,,,,1.0,2.28,1329,7440,29.11,반도체와반도체장비,KOSDAQ
489500,201.8,,,,45.7,,,,1.0,-248.17,1467,22950,33.7,반도체와반도체장비,KOSDAQ
950190,1125.24,,,,153.29,,,,1.0,-850.92,1269,9750,14.91,게임엔터테인먼트,KOSDAQ
080420,3580.77,,,,278.68,,,,0.9691,4974.63,1272,1595,,전문소매,KOSDAQ
451760,868.98,,,,-161.7,,,,,-814.91,1326,8030,,우주항공과국방,KOSDAQ
322510,33.39,,,,-132.02,,,,,-104.3,1369,5320,,건강관리기술,KOSDAQ
079960,5964.75,,,,536.18,,,,1.0,-1734.02,1254,16610,2.54,전기제품,KOSDAQ
036690,851.26,,,,-141.75,,,,,233.68,1257,2885,,통신장비,KOSDAQ
417010,403.24,,,,-5.01,,,,1.0,631.09,1311,6500,131.36,전자장비와기기,KOSDAQ
264660,1961.94,,,,247.42,,,,1.0,-453.96,1433,14740,7.34,반도체와반도체장비,KOSDAQ
259630,1842.11,,,,245.65,,,,1.0,-263.69,1252,10240,6.07,전기제품,KOSDAQ
411080,116.12,,,,-17.7,,,,,-300.99,1250,8190,,소프트웨어,KOSDAQ
222040,2874.79,3903.0,4565.0,,40.03,340.0,420.5,,1.0,1086.38,1293,6270,,건강관리업체및서비스,KOSDAQ
105330,810.59,,,,-29.56,,,,1.0,1283.13,1475,9210,,반도체와반도체장비,KOSDAQ
073010,955.33,,,,115.4,,,,1.0,291.54,1246,3100,19.0,조선,KOSDAQ
443670,544.83,,,,36.17,,,,1.0,-363.47,1239,5160,32.49,IT서비스,KOSDAQ
211270,478.12,,,,-43.01,,,,,-696.04,1284,8510,,통신장비,KOSDAQ
089600,1178.93,1326.33,1492.67,1667.67,123.18,249.33,290.0,338.67,,-1241.98,1410,12360,,광고,KOSDAQ
039560,5417.78,,,,384.79,,,,,702.8,1231,2870,,통신장비,KOSDAQ
474170,105.69,,,,-5.94,,,,,-305.55,1229,6900,,우주항공과국방,KOSDAQ
037350,7434.06,,,,576.98,,,,1.0,-668.6,1275,8380,4.53,건설,KOSDAQ
035610,1206.51,,,,246.21,,,,0.6045,-2148.7,1334,4880,6.39,건강관리기술,KOSDAQ
115440,755.05,811.0,1353.0,1457.0,19.49,31.0,187.0,264.0,1.0,-95.45,1226,11360,33.41,통신장비,KOSDAQ
458650,855.5,,,,10.41,,,,0.97,-1393.45,1226,8150,25.76,전기제품,KOSDAQ
001540,3068.74,,,,98.23,,,,1.0,131.61,1326,10170,17.72,제약,KOSDAQ
338840,29.13,,,,-92.69,,,,,-220.2,1262,8190,,생물공학,KOSDAQ
101170,571.13,,,,11.89,,,,1.0,-66.86,1211,8970,50.58,기계,KOSDAQ
008830,2209.39,,,,1.62,,,,,1256.91,1208,6300,,기계,KOSDAQ
166480,201.59,,,,-212.23,,,,,332.14,1253,2370,,생물공학,KOSDAQ
059120,246.18,,,,9.63,,,,,-176.83,1359,7420,,반도체와반도체장비,KOSDAQ
047310,6865.35,,,,-63.67,,,,1.0,382.87,1201,3280,,핸드셋,KOSDAQ
308080,0.23,,,,-171.08,,,,,-221.44,1199,5850,,제약,KOSDAQ
361390,596.31,,,,-20.86,,,,,-300.53,1246,12800,,우주항공과국방,KOSDAQ
049720,1780.3,,,,167.41,,,,1.0,58.56,1296,9060,9.77,상업서비스와공급품,KOSDAQ
129920,952.16,1161.0,,,-22.95,16.0,,,0.9,703.89,1181,7270,,기계,KOSDAQ
038290,1952.68,2083.0,2450.0,2829.0,1.81,84.0,188.0,274.0,1.0,354.7,1340,12360,66.01,생명과학도구및서비스,KOSDAQ
027710,14558.51,,,,349.69,,,,0.9817,3748.51,1236,1109,4.11,식품,KOSDAQ
094840,212.23,,,,38.59,,,,1.0,-719.61,1291,13170,9.64,전자장비와기기,KOSDAQ
067990,25490.97,,,,407.86,,,,1.0,9382.17,1170,4010,34.26,자동차,KOSDAQ
265740,716.22,997.5,1335.0,,125.18,180.5,244.0,,,-29.83,1390,7780,,화장품,KOSDAQ
095190,925.06,,,,-47.77,,,,,424.25,1227,1880,,기계,KOSDAQ
053260,1772.24,,,,15.03,,,,1.0,-775.6,1277,6820,,철강,KOSDAQ
331920,57.68,,,,-33.24,,,,1.0,-219.01,1156,10340,,생물공학,KOSDAQ
023600,5398.65,,,,299.09,,,,0.848,-646.76,1442,9010,5.35,포장재,KOSDAQ
293580,291.56,,,,73.01,,,,1.0,,1220,1285,21.1,창업투자,KOSDAQ
418420,87.46,,,,-58.1,,,,,114.7,1263,4105,,반도체와반도체장비,KOSDAQ
396470,152.21,,,,24.83,,,,1.0,-572.58,1145,7100,32.08,반도체와반도체장비,KOSDAQ
047770,397.23,,,,24.17,,,,0.9886,-312.35,1315,3475,29.82,"섬유,의류,신발,호화품",KOSDAQ
021320,18334.03,,,,883.37,,,,,1805.25,1207,5640,,건설,KOSDAQ
056090,472.35,,,,38.14,,,,1.0,97.59,1254,6070,19.27,건강관리장비와용품,KOSDAQ
041440,2895.87,,,,54.07,,,,1.0,736.52,1137,6370,24.49,기계,KOSDAQ
140670,670.38,,,,-35.61,,,,,-161.48,1348,10500,,기계,KOSDAQ
299030,938.33,1657.0,2999.0,4284.0,-0.4,65.0,346.0,574.0,1.0,521.77,1250,15640,,전자장비와기기,KOSDAQ
336680,5501.11,,,,89.01,,,,1.0,1393.57,1182,3020,17.85,자동차부품,KOSDAQ
473980,757.26,941.0,1158.0,1430.0,123.4,193.0,245.0,313.0,1.0,-54.36,1131,10390,7.62,방송과엔터테인먼트,KOSDAQ
474610,381.74,,,,40.56,,,,,-100.79,1179,8180,,우주항공과국방,KOSDAQ
017510,323.33,,,,148.16,,,,,-140.83,1171,7680,,전기장비,KOSDAQ
290720,868.06,,,,-81.53,,,,0.997,309.76,1236,3240,61.04,식품,KOSDAQ
255440,347.64,,,,-64.65,,,,,65.47,1123,8600,,디스플레이장비및부품,KOSDAQ
209640,460.73,,,,-34.73,,,,1.0,244.47,1121,3940,,전자장비와기기,KOSDAQ
083500,736.58,650.0,1155.0,1390.0,103.5,161.0,288.0,370.0,0.859,-123.19,1229,14790,14.14,디스플레이장비및부품,KOSDAQ
018120,997.84,,,,140.14,,,,0.969,-372.16,1104,16670,9.09,음료,KOSDAQ
051980,198.09,,,,-45.63,,,,,-8.13,1110,9990,,통신장비,KOSDAQ
039340,759.1,,,,-23.75,,,,1.0,-251.67,1059,4815,37.94,방송과엔터테인먼트,KOSDAQ
108230,1710.02,,,,-31.45,,,,1.0,-1745.4,1224,3220,,기계,KOSDAQ
038540,4185.61,,,,-482.13,,,,,-438.02,1094,1978,,기타금융,KOSDAQ
201490,1209.24,1104.0,,,126.12,160.0,,,0.2063,-878.71,1093,3340,141.58,게임엔터테인먼트,KOSDAQ
290740,2449.39,,,,65.79,,,,1.0,-371.48,1137,11300,15.41,핸드셋,KOSDAQ
053080,4635.37,5220.0,,,-620.12,530.0,,,1.0,1094.59,1208,9290,,기계,KOSDAQ
136150,296.17,,,,-17.5,,,,,-8.62,1081,12900,,에너지장비및서비스,KOSDAQ
242040,1022.73,,,,22.51,,,,,-94.35,1083,3130,,IT서비스,KOSDAQ
063570,3839.54,4556.0,5037.0,5558.0,307.14,371.0,430.0,480.0,0.9939,2340.34,1132,3315,15.95,상업서비스와공급품,KOSDAQ
297890,628.49,,,,43.96,,,,1.0,-272.05,1183,1618,4.47,디스플레이장비및부품,KOSDAQ
123040,17405.52,,,,312.83,,,,0.2442,4116.44,1073,1713,,자동차부품,KOSDAQ
040300,1341.93,,,,-136.02,,,,,-1412.8,1073,2250,,방송과엔터테인먼트,KOSDAQ
036630,2841.95,,,,-107.53,,,,1.0,688.82,1127,8050,13.92,다각화된통신서비스,KOSDAQ
217190,567.57,,,,10.29,,,,0.9873,173.14,1177,8950,125.88,반도체와반도체장비,KOSDAQ
079650,451.03,,,,-33.31,,,,1.0,-524.86,1070,5350,,건축자재,KOSDAQ
289930,407.06,,,,6.27,,,,,-530.18,1068,8120,,우주항공과국방,KOSDAQ
311320,546.24,697.0,,,44.29,116.0,,,1.0,-133.74,1110,8800,20.33,반도체와반도체장비,KOSDAQ
041590,180.05,,,,-19.62,,,,1.0,-245.29,1161,2370,387.0,건설,KOSDAQ
339950,1194.88,,,,190.67,,,,1.0,-208.94,1065,2370,5.14,교육서비스,KOSDAQ
036010,1338.53,,,,83.14,,,,1.0,-421.6,1063,8000,11.16,전기제품,KOSDAQ
310200,1503.0,,,,226.84,,,,0.8595,150.11,1103,2115,9.14,방송과엔터테인먼트,KOSDAQ
333430,506.74,,,,108.63,,,,0.5446,-246.78,1151,3745,15.44,조선,KOSDAQ
338220,348.48,,,,-49.33,,,,,-241.86,1145,8180,,건강관리기술,KOSDAQ
453450,1256.09,,,,8.16,,,,1.0,-202.99,1059,13330,49.46,전기유틸리티,KOSDAQ
334970,125.33,266.65,,,-336.82,-493.02,,,,943.64,1089,1401,,제약,KOSDAQ
131030,871.61,,,,88.75,,,,,-408.55,1138,6450,,제약,KOSDAQ
051360,6403.29,,,,571.91,,,,0.9643,549.41,1085,11590,2.52,디스플레이장비및부품,KOSDAQ
475230,594.82,1187.5,,,44.99,138.0,,,1.0,756.53,1048,9620,,건설,KOSDAQ
067900,1169.96,,,,260.73,,,,1.0,339.48,1074,5900,3.53,해운사,KOSDAQ
389020,106.44,,,,-70.65,,,,,-175.46,1133,16410,,통신장비,KOSDAQ
439580,1859.05,,,,-19.71,,,,,295.73,1042,3080,,건강관리업체및서비스,KOSDAQ
073560,2870.5,,,,326.91,,,,1.0,842.77,1042,1505,4.37,식품,KOSDAQ
053350,328.06,,,,-23.93,,,,1.0,-1355.99,1070,4860,37.78,소프트웨어,KOSDAQ
217820,3906.91,,,,13.98,,,,1.0,963.55,1127,2375,116.91,전기제품,KOSDAQ
366030,450.44,,,,68.05,,,,1.0,-294.77,1038,4580,13.93,"섬유,의류,신발,호화품",KOSDAQ
100700,636.57,,,,127.01,,,,0.977,-985.14,1031,2355,8.66,건강관리장비와용품,KOSDAQ
120240,1080.81,,,,111.82,,,,,-764.08,1066,14830,,화학,KOSDAQ
122450,3461.22,3892.0,4197.0,4450.0,383.92,547.0,598.0,651.0,0.7226,577.8,1112,2480,5.58,복합기업,KOSDAQ
0011A0,565.73,,,,43.07,,,,1.0,98.63,1027,11000,20.49,전자장비와기기,KOSDAQ
0017J0,229.65,322.0,487.0,,63.93,93.0,141.0,,1.0,-566.12,1027,3405,14.97,반도체와반도체장비,KOSDAQ
317770,214.87,,,,-14.07,,,,,-106.7,1060,2865,,전자장비와기기,KOSDAQ
090850,1426.49,,,,241.97,,,,1.0,-804.57,1104,4910,4.6,상업서비스와공급품,KOSDAQ
091440,134.35,,,,-245.99,,,,,769.63,1024,2770,,통신장비,KOSDAQ
306620,758.11,,,,16.32,,,,,275.6,1024,2135,,반도체와반도체장비,KOSDAQ
493330,449.56,716.0,,,67.55,114.0,,,1.0,-311.54,1056,13130,,전자장비와기기,KOSDAQ
053700,16845.82,,,,617.3,,,,1.0,3565.92,1054,3945,5.2,자동차부품,KOSDAQ
419050,1442.29,,,,54.33,,,,1.0,1489.26,1010,1765,,자동차부품,KOSDAQ
323990,70.56,,,,-154.98,,,,,-132.86,1021,4390,,제약,KOSDAQ
235980,38.98,,,,-140.19,,,,,-340.08,1045,3050,,제약,KOSDAQ
086980,627.48,,,,-116.51,,,,1.0,-1287.34,1074,1720,,방송과엔터테인먼트,KOSDAQ
309960,264.15,,,,96.65,,,,1.0,,1003,4320,8.07,창업투자,KOSDAQ
086960,1877.06,,,,58.13,,,,1.0,-374.63,999,2350,12.14,소프트웨어,KOSDAQ
175250,833.85,,,,-119.57,,,,1.0,202.91,1038,1682,,화장품,KOSDAQ
130580,913.63,963.0,1006.0,1050.0,154.32,168.0,177.0,186.0,1.0,-364.63,1070,6950,8.28,상업서비스와공급품,KOSDAQ
246720,25.95,,,,-25.9,,,,,-87.65,994,6070,,건강관리장비와용품,KOSDAQ
091120,2050.9,,,,-199.06,,,,,926.14,994,5800,,핸드셋,KOSDAQ
109740,431.79,,,,-227.22,,,,0.9111,-60.64,1027,3995,,전자장비와기기,KOSDAQ
261780,1.59,,,,-142.71,,,,,-94.52,1067,3685,,제약,KOSDAQ
063170,213.34,,,,-39.53,,,,,803.77,992,5580,,판매업체,KOSDAQ
099750,726.41,788.94,960.0,,22.11,50.19,95.0,,1.0,-37.03,988,7230,43.09,건강관리기술,KOSDAQ
173130,2332.94,,,,140.45,,,,1.0,-344.22,1025,7860,8.09,IT서비스,KOSDAQ
033560,58.07,,,,6.48,,,,1.0,142.64,983,5750,6.01,부동산,KOSDAQ
352090,696.79,,,,119.39,,,,1.0,-300.89,981,3650,9.61,가정용기기와용품,KOSDAQ
246710,269.67,403.0,,,-90.51,-11.0,,,,244.01,1063,2230,,생물공학,KOSDAQ
059210,1029.51,,,,214.28,,,,1.0,82.46,1023,3765,9.31,건강관리장비와용품,KOSDAQ
049520,4122.64,,,,263.54,,,,0.9983,-908.09,1144,3710,5.09,핸드셋,KOSDAQ
049950,408.98,,,,-246.96,,,,1.0,-281.55,975,11060,,디스플레이장비및부품,KOSDAQ
189330,102.72,,,,-32.25,,,,,-187.99,974,10380,,IT서비스,KOSDAQ
045970,3751.29,,,,-22.38,,,,,154.41,1008,3830,,핸드셋,KOSDAQ
125210,1306.01,,,,93.83,,,,1.0,435.46,1046,6340,17.74,화학,KOSDAQ
088130,5824.37,,,,1132.31,,,,0.5105,-1160.61,969,5540,1.97,디스플레이장비및부품,KOSDAQ
042500,1830.74,,,,143.13,,,,1.0,-278.79,969,4345,8.89,IT서비스,KOSDAQ
307930,216.02,,,,97.7,,,,,,997,6390,,창업투자,KOSDAQ
153890,221.56,,,,-8.36,,,,1.0,-193.95,1041,8640,,기계,KOSDAQ
068240,1120.89,,,,-1206.78,,,,0.9473,3527.83,966,2530,,기계,KOSDAQ
036220,1286.29,,,,24.26,,,,1.0,9.5,963,6730,30.97,생명과학도구및서비스,KOSDAQ
475580,630.16,,,,-104.74,,,,1.0,129.12,993,7290,,교육서비스,KOSDAQ
142280,1084.13,,,,28.87,,,,1.0,149.63,1030,4300,28.1,건강관리장비와용품,KOSDAQ
002230,971.6,,,,52.81,,,,1.0,-568.42,958,5200,10.49,전기제품,KOSDAQ
123010,383.76,,,,2.08,,,,,9.12,955,4725,,핸드셋,KOSDAQ
357580,1221.4,1240.0,1940.0,,53.22,30.0,210.0,,1.0,387.41,983,8340,197.79,핸드셋,KOSDAQ
138360,233.71,,,,5.81,,,,,106.26,1153,1311,,기계,KOSDAQ
017650,1688.37,,,,52.81,,,,1.0,-694.04,949,10800,14.83,포장재,KOSDAQ
246960,220.11,347.0,,,-33.98,0.0,,,,286.78,976,2870,,건강관리업체및서비스,KOSDAQ
106190,701.83,,,,128.56,,,,,-29.79,1056,9930,,제약,KOSDAQ
093920,1949.04,,,,34.33,,,,1.0,-1293.96,901,4845,13.67,핸드셋,KOSDAQ
047560,1067.93,,,,-189.54,,,,,-349.59,946,8050,,소프트웨어,KOSDAQ
054050,1587.89,,,,136.41,,,,1.0,-104.8,1133,7070,9.22,생물공학,KOSDAQ
037030,4470.37,,,,246.08,,,,0.7121,1343.76,1009,3955,6.64,전기제품,KOSDAQ
109670,1697.22,,,,1.51,,,,1.0,-62.76,937,16060,,"섬유,의류,신발,호화품",KOSDAQ
412350,46.84,,,,-135.47,,,,,51.26,939,6430,,반도체와반도체장비,KOSDAQ
100590,1238.66,,,,-7.34,,,,1.0,18.37,999,5830,,통신장비,KOSDAQ
217270,1225.31,,,,24.92,,,,0.4093,-201.29,1128,2470,,게임엔터테인먼트,KOSDAQ
282720,2647.79,,,,4.27,,,,1.0,28.27,934,7710,5188.89,에너지장비및서비스,KOSDAQ
052420,1657.07,,,,301.23,,,,1.0,-1266.36,936,9610,2.87,디스플레이장비및부품,KOSDAQ
223250,666.31,,,,52.38,,,,0.9491,-198.72,961,3905,13.49,제약,KOSDAQ
105740,1287.51,,,,110.7,,,,1.0,401.08,1161,11420,17.2,기계,KOSDAQ
307870,146.25,,,,-67.46,,,,,39.5,929,1250,,IT서비스,KOSDAQ
053580,743.62,797.0,908.0,1030.0,134.74,131.0,154.0,176.0,,-228.44,931,7190,,소프트웨어,KOSDAQ
062970,35.81,,,,-34.15,,,,,-173.85,949,3150,,통신장비,KOSDAQ
250060,50.98,,,,-29.35,,,,,-342.15,1026,3190,,소프트웨어,KOSDAQ
054540,1184.62,,,,102.19,,,,0.9826,1328.93,915,7040,7.1,조선,KOSDAQ
040420,1030.51,1018.0,1015.0,995.0,97.66,102.0,104.0,105.0,1.0,44.82,914,5830,13.77,교육서비스,KOSDAQ
187790,856.76,1065.0,1405.0,,55.26,97.0,183.0,,1.0,244.5,981,3180,13.95,화학,KOSDAQ
006620,2426.88,,,,92.48,,,,1.0,722.56,1023,3595,2.03,제약,KOSDAQ
044990,818.87,,,,96.64,,,,1.0,-356.64,910,11840,10.24,전자장비와기기,KOSDAQ
013310,10088.68,,,,643.58,,,,1.0,8719.94,902,2325,3.89,자동차부품,KOSDAQ
052900,1262.76,1604.0,,,53.57,301.0,,,1.0,-163.85,941,1228,20.65,반도체와반도체장비,KOSDAQ
066790,182.71,,,,-50.2,,,,1.0,-131.24,974,2205,,방송과엔터테인먼트,KOSDAQ
023900,1635.2,,,,167.54,,,,0.7632,-133.27,892,7080,8.72,화학,KOSDAQ
322180,589.41,,,,-42.93,,,,,-383.59,969,4510,,IT서비스,KOSDAQ
205100,477.63,,,,36.52,,,,0.7605,-728.89,937,1387,14.18,소프트웨어,KOSDAQ
021080,705.62,,,,319.78,,,,,,967,2015,,창업투자,KOSDAQ
234030,1545.64,,,,25.12,,,,0.9751,-330.72,885,3750,51.27,반도체와반도체장비,KOSDAQ
066590,3686.09,,,,4.51,,,,1.0,850.77,886,2290,,자동차부품,KOSDAQ
032300,876.01,,,,-8.87,,,,,55.51,962,8820,,제약,KOSDAQ
357880,156.42,,,,-43.91,,,,,84.59,994,1792,,IT서비스,KOSDAQ
362320,2173.85,,,,53.69,,,,0.6083,488.43,878,4245,46.93,인터넷과카탈로그소매,KOSDAQ
478560,572.58,,,,92.8,,,,1.0,204.63,878,3400,,"섬유,의류,신발,호화품",KOSDAQ
380550,26.15,,,,-165.49,,,,,-383.54,954,7820,,건강관리기술,KOSDAQ
182360,872.28,,,,-72.62,,,,0.9626,-243.25,986,6340,,방송과엔터테인먼트,KOSDAQ
457370,338.96,,,,48.52,,,,,-208.74,874,10830,,디스플레이장비및부품,KOSDAQ
004650,1223.44,,,,158.93,,,,1.0,180.06,871,9480,6.57,음료,KOSDAQ
109610,5015.53,,,,-66.27,,,,0.5433,1499.62,910,1861,,건축자재,KOSDAQ
101330,13713.27,,,,417.98,,,,0.5487,1606.69,947,4090,8.13,자동차부품,KOSDAQ
371950,323.63,,,,-199.34,,,,,473.14,868,3685,,디스플레이장비및부품,KOSDAQ
052460,2065.0,3282.0,4876.0,5723.0,80.15,94.0,191.0,236.0,1.0,-28.77,868,5940,8.55,IT서비스,KOSDAQ
900260,7551.7,,,,111.62,,,,1.0,-418.55,893,1939,4.54,통신장비,KOSDAQ
330350,1064.44,,,,56.63,,,,,-23.11,942,7140,,제약,KOSDAQ
037760,1269.88,,,,-10.83,,,,0.7528,680.14,861,2545,,철강,KOSDAQ
388870,,,,,-115.07,,,,,-134.37,861,6650,,생물공학,KOSDAQ
048910,3428.5,4579.0,4926.0,5077.0,99.5,202.0,239.0,258.0,0.8323,287.36,937,7450,17.06,방송과엔터테인먼트,KOSDAQ
097800,755.48,,,,-142.89,,,,,495.09,967,3545,,반도체와반도체장비,KOSDAQ
251120,191.79,209.45,240.7,297.0,62.53,75.9,99.6,124.0,,-552.51,856,9840,,생물공학,KOSDAQ
072020,490.69,510.0,,,64.79,66.0,,,,-207.47,855,9240,,제약,KOSDAQ
074430,220.2,,,,35.94,,,,1.0,-363.95,934,1045,26.52,제약,KOSDAQ
360070,231.31,,,,-352.03,,,,,575.91,853,10410,,전자장비와기기,KOSDAQ
025950,333.82,,,,-22.06,,,,,-662.04,849,10110,,건설,KOSDAQ
389030,104.83,,,,-116.71,,,,,-232.02,819,2080,,생물공학,KOSDAQ
005860,4548.52,,,,58.61,,,,1.0,55.91,920,2335,14.43,식품,KOSDAQ
330730,255.49,,,,134.61,,,,,,846,4645,,창업투자,KOSDAQ
038110,25620.26,,,,357.45,,,,1.0,8841.09,846,2055,42.49,자동차부품,KOSDAQ
085670,1541.36,,,,92.33,,,,1.0,81.13,913,3725,10.38,전자장비와기기,KOSDAQ
298540,4775.22,,,,69.68,,,,1.0,1164.89,947,6540,13.9,"섬유,의류,신발,호화품",KOSDAQ
049180,1401.94,,,,-51.29,,,,,46.83,840,1009,,건설,KOSDAQ
183490,677.51,,,,-143.37,,,,,-814.75,838,990,,제약,KOSDAQ
348350,578.07,,,,51.29,,,,1.0,-790.07,946,9680,14.68,반도체와반도체장비,KOSDAQ
117670,822.8,,,,-20.44,,,,,-239.76,893,13400,,반도체와반도체장비,KOSDAQ
162300,3521.72,,,,30.47,,,,1.0,687.63,836,2015,62.57,철강,KOSDAQ
291650,35.05,,,,-78.01,,,,,-58.31,835,2735,,생명과학도구및서비스,KOSDAQ
432470,412.3,,,,-15.64,,,,1.0,-56.53,886,10100,,전기제품,KOSDAQ
009300,777.99,,,,109.79,,,,1.0,-908.15,892,14000,6.89,제약,KOSDAQ
058820,1052.29,,,,-36.92,,,,1.0,509.56,832,562,,제약,KOSDAQ
294630,33.86,,,,-38.58,,,,,8.02,832,3140,,전기장비,KOSDAQ
048530,57.4,,,,-79.04,,,,,-384.22,885,2865,,생명과학도구및서비스,KOSDAQ
192410,166.94,,,,-18.48,,,,,-134.29,882,3500,,통신장비,KOSDAQ
104040,284.78,,,,-79.25,,,,1.0,1142.26,827,3085,41.02,자동차부품,KOSDAQ
365330,973.67,,,,-26.75,,,,1.0,122.7,826,1647,,건축자재,KOSDAQ
303810,1303.44,,,,130.45,,,,,294.71,876,2740,,건강관리장비와용품,KOSDAQ
357230,2581.89,,,,135.46,,,,0.9347,-209.86,875,2120,10.39,건강관리업체및서비스,KOSDAQ
394420,88.29,,,,-106.4,,,,,-76.96,921,8370,,건강관리장비와용품,KOSDAQ
185490,35.67,,,,-98.51,,,,,-358.3,818,1893,,생물공학,KOSDAQ
215100,133.62,,,,-19.59,,,,0.9768,-55.17,840,4130,,교육서비스,KOSDAQ
065450,829.57,,,,43.74,,,,1.0,182.06,870,2950,19.76,우주항공과국방,KOSDAQ
226400,453.93,575.5,726.5,865.0,88.64,118.0,157.0,176.0,1.0,87.07,869,4205,11.59,건강관리장비와용품,KOSDAQ
054670,2024.01,,,,117.25,,,,,633.33,812,5660,,제약,KOSDAQ
096240,2209.17,2260.0,,,22.44,100.0,,,1.0,260.62,867,8470,13.12,교육서비스,KOSDAQ
198440,718.43,,,,74.02,,,,,543.36,862,1415,,건축자재,KOSDAQ
412540,1512.65,,,,-72.42,,,,,654.7,811,3935,,전기제품,KOSDAQ
063080,992.12,885.0,,,-68.24,-51.0,,,0.294,1549.29,810,12280,7.39,게임엔터테인먼트,KOSDAQ
033290,7931.68,,,,226.68,,,,1.0,3807.99,859,1529,4.09,항공화물운송과물류,KOSDAQ
086710,807.66,924.0,1067.0,,60.6,70.0,101.0,,0.8147,591.72,857,7020,14.38,화장품,KOSDAQ
263600,1769.47,,,,15.78,,,,1.0,544.79,806,5060,11.66,핸드셋,KOSDAQ
131370,488.45,,,,23.93,,,,0.9883,-154.78,805,1511,45.25,소프트웨어,KOSDAQ
006140,1785.52,,,,109.6,,,,,33.94,855,5750,,건강관리장비와용품,KOSDAQ
234300,1682.39,,,,89.57,,,,0.9784,64.8,853,3135,17.63,IT서비스,KOSDAQ
004590,1416.17,,,,175.35,,,,1.0,-79.79,801,5340,5.61,식품과기본식료품소매,KOSDAQ
078140,1020.64,,,,73.32,,,,0.8423,269.19,847,7640,8.42,제약,KOSDAQ
278650,740.5,,,,-86.17,,,,,-39.99,846,4855,,생명과학도구및서비스,KOSDAQ
049080,403.31,,,,-124.76,,,,,229.93,799,9410,,통신장비,KOSDAQ
205470,301.13,,,,-105.53,,,,,-1564.25,774,3135,,생명과학도구및서비스,KOSDAQ
253840,94.17,,,,-188.2,,,,,-129.83,813,4855,,건강관리장비와용품,KOSDAQ
066700,2715.9,,,,102.13,,,,0.9024,6.93,843,2270,7.95,제약,KOSDAQ
065510,1180.43,,,,55.53,,,,1.0,700.4,790,7260,,건강관리장비와용품,KOSDAQ
381620,226.65,,,,-123.13,,,,1.0,-42.2,787,6000,,기계,KOSDAQ
094860,310.47,,,,-46.15,,,,,-237.51,838,1577,,게임엔터테인먼트,KOSDAQ
263720,854.72,642.0,621.0,705.0,173.36,99.0,89.0,119.0,1.0,-544.88,836,6830,10.49,출판,KOSDAQ
041910,555.43,,,,31.89,,,,,-60.1,784,5900,,제약,KOSDAQ
475430,693.16,,,,73.95,,,,,-228.69,783,4385,,전기장비,KOSDAQ
078890,5175.5,,,,125.26,,,,1.0,1593.85,834,4525,12.53,전자제품,KOSDAQ
066980,1998.51,,,,28.4,,,,0.2,172.95,833,1550,785.85,건설,KOSDAQ
277880,2646.53,,,,82.45,,,,1.0,349.16,781,3935,20.19,전자장비와기기,KOSDAQ
058400,685.07,,,,31.94,,,,0.993,-1268.19,780,5890,6.95,방송과엔터테인먼트,KOSDAQ
950130,312.55,,,,-633.56,,,,,-2481.91,830,2360,,생명과학도구및서비스,KOSDAQ
067000,1403.6,,,,56.65,,,,0.711,827.83,830,1188,,게임엔터테인먼트,KOSDAQ
323350,269.37,,,,40.3,,,,,-208.57,775,9680,,반도체와반도체장비,KOSDAQ
084730,5365.86,,,,158.92,,,,0.575,726.74,775,6980,,전자제품,KOSDAQ
036640,789.1,,,,134.18,,,,1.0,-191.92,824,5040,6.09,화학,KOSDAQ
140070,2084.11,,,,-116.96,,,,0.9452,1890.04,823,2225,,반도체와반도체장비,KOSDAQ
038680,4574.07,,,,106.6,,,,0.9073,-147.43,774,3885,16.97,IT서비스,KOSDAQ
066310,232.83,,,,2.94,,,,1.0,-262.0,795,8570,31.6,반도체와반도체장비,KOSDAQ
302550,245.05,,,,7.26,,,,0.9717,-10.92,792,2615,150.57,건강관리장비와용품,KOSDAQ
107600,383.91,,,,-94.19,,,,,170.1,816,14440,,전기제품,KOSDAQ
014950,600.2,,,,32.73,,,,1.0,-320.58,813,8080,,제약,KOSDAQ
000440,495.92,,,,-17.44,,,,,-49.42,772,12400,,석유와가스,KOSDAQ
029480,75.72,,,,-42.28,,,,1.0,-1877.83,812,1359,,IT서비스,KOSDAQ
124560,11172.81,,,,22.5,,,,0.9618,1507.04,770,1989,,해운사,KOSDAQ
066430,364.26,,,,1.7,,,,,63.25,785,2005,,화학,KOSDAQ
451250,679.72,826.0,951.0,,44.69,83.0,98.0,,1.0,-223.4,767,7500,16.13,화장품,KOSDAQ
0015S0,166.28,350.0,485.0,,8.79,29.0,53.0,,1.0,-278.87,806,8170,31.45,자동차부품,KOSDAQ
137950,3675.42,,,,77.18,,,,1.0,2012.72,809,3635,,에너지장비및서비스,KOSDAQ
149980,320.86,,,,41.02,,,,1.0,-211.39,765,4450,24.21,건강관리장비와용품,KOSDAQ
303360,151.2,,,,37.21,,,,,-136.61,765,5940,,건강관리장비와용품,KOSDAQ
007820,1490.94,,,,-79.51,,,,1.0,212.48,805,3450,,기계,KOSDAQ
147760,252.88,625.0,885.0,,-203.96,22.0,78.0,,,22.52,801,4005,,반도체와반도체장비,KOSDAQ
396270,396.54,,,,-129.36,,,,,65.96,761,2315,,반도체와반도체장비,KOSDAQ
073640,141.34,,,,-101.4,,,,,108.38,761,654,,기계,KOSDAQ
331380,453.08,,,,-102.03,,,,,0.04,800,2165,,전자장비와기기,KOSDAQ
170030,3679.11,3697.0,3882.0,,123.12,164.0,182.0,,1.0,-369.24,756,4930,6.38,자동차부품,KOSDAQ
418470,881.9,975.0,1062.0,1179.0,143.71,152.0,172.0,204.0,,-754.08,799,9330,,출판,KOSDAQ
012700,3877.1,,,,109.46,,,,1.0,6882.79,753,2895,5.64,석유와가스,KOSDAQ
040160,1015.71,,,,-60.87,,,,1.0,129.14,772,6500,,IT서비스,KOSDAQ
389140,337.1,,,,-73.96,,,,,-48.81,793,5560,,방송과엔터테인먼트,KOSDAQ
041930,4034.1,,,,171.85,,,,1.0,73.36,749,4925,2.72,자동차부품,KOSDAQ
067170,8521.39,,,,-22.63,,,,,2289.1,746,2715,,기계,KOSDAQ
382840,1491.0,,,,69.78,,,,1.0,-454.7,812,5320,,전기제품,KOSDAQ
263800,1038.16,,,,12.17,,,,,-71.83,744,4585,,IT서비스,KOSDAQ
079810,739.85,,,,25.5,,,,1.0,-819.2,786,3650,873.33,전기제품,KOSDAQ
060570,2249.97,,,,5.93,,,,1.0,-501.37,740,4995,28.45,방송과엔터테인먼트,KOSDAQ
0117P0,1178.8,,,,167.26,,,,1.0,-680.07,782,5520,6.86,"섬유,의류,신발,호화품",KOSDAQ
019550,327.08,,,,93.23,,,,,,736,914,,창업투자,KOSDAQ
088390,591.13,,,,65.28,,,,1.0,36.31,782,8330,3.37,레저용장비와제품,KOSDAQ
054620,848.67,,,,-68.49,,,,0.9106,399.15,736,4000,,반도체와반도체장비,KOSDAQ
225530,384.93,,,,-48.72,,,,1.0,468.88,778,2140,,건축자재,KOSDAQ
104540,1004.29,,,,91.16,,,,0.8981,32.79,779,5810,12.45,건강관리장비와용품,KOSDAQ
137080,544.97,,,,-88.38,,,,1.0,-541.84,730,6820,1.83,디스플레이장비및부품,KOSDAQ
171120,1302.72,,,,113.72,,,,1.0,-393.16,729,2030,8.58,건축자재,KOSDAQ
012790,805.64,,,,73.86,,,,,-406.94,774,6460,,제약,KOSDAQ
040910,1970.41,,,,44.52,,,,,76.79,774,4260,,디스플레이장비및부품,KOSDAQ
030960,558.64,494.93,,,-60.8,-64.1,,,,-905.64,726,4545,,상업서비스와공급품,KOSDAQ
451220,329.44,,,,1.59,,,,1.0,5.42,724,9190,74.41,반도체와반도체장비,KOSDAQ
032540,944.35,,,,32.88,,,,0.9995,130.95,773,3700,19.4,전자제품,KOSDAQ
0007J0,,,,,-86.04,,,,,-11.12,772,9820,,제약,KOSDAQ
017480,2179.62,,,,50.99,,,,,-1165.59,720,4660,,철강,KOSDAQ
234920,82.3,,,,-36.56,,,,,297.85,718,5310,,건강관리장비와용품,KOSDAQ
011320,4301.83,,,,144.24,,,,1.0,420.41,772,3995,7.15,자동차부품,KOSDAQ
299660,88.42,,,,-113.43,,,,,168.64,772,2615,,생물공학,KOSDAQ
067570,16238.9,,,,-218.7,,,,0.5757,7524.84,716,1698,,자동차부품,KOSDAQ
217330,260.55,,,,-81.63,,,,,-81.28,716,3095,,건강관리업체및서비스,KOSDAQ
024880,7439.14,,,,353.96,,,,1.0,2009.51,766,3840,3.95,기계,KOSDAQ
047820,1721.97,,,,28.33,,,,0.9143,-1326.11,765,3130,27.15,방송과엔터테인먼트,KOSDAQ
104460,3962.56,,,,285.69,,,,1.0,170.8,713,6780,2.81,기계,KOSDAQ
347860,147.96,,,,-102.49,,,,,-118.46,713,1691,,소프트웨어,KOSDAQ
302430,385.68,,,,-57.03,,,,1.0,-200.2,765,7800,,전기제품,KOSDAQ
011370,6451.14,,,,625.54,,,,1.0,2694.27,764,3785,2.64,건설,KOSDAQ
054040,4177.73,,,,228.61,,,,1.0,565.02,710,4415,3.46,디스플레이장비및부품,KOSDAQ
347000,367.25,,,,25.05,,,,1.0,-168.67,709,1875,14.26,전자장비와기기,KOSDAQ
413390,754.54,,,,44.09,,,,1.0,160.59,760,6730,21.88,전기제품,KOSDAQ
168330,222.27,,,,-32.95,,,,,84.16,757,2385,,화장품,KOSDAQ
090470,306.61,,,,-236.66,,,,,305.19,704,4030,,전자장비와기기,KOSDAQ
024740,1265.95,,,,35.2,,,,0.7868,103.44,704,2140,47.92,자동차부품,KOSDAQ
010280,5720.27,6363.0,7066.0,7792.0,208.71,354.0,402.0,467.0,0.9813,-18.78,752,5770,3.27,IT서비스,KOSDAQ
058630,917.4,,,,175.55,,,,1.0,-633.77,749,3990,4.67,게임엔터테인먼트,KOSDAQ
294140,74.57,,,,-71.45,,,,,96.71,703,2820,,화학,KOSDAQ
053280,6264.7,,,,29.36,,,,1.0,1704.06,703,2810,,인터넷과카탈로그소매,KOSDAQ
102370,122.87,,,,-40.65,,,,,676.66,746,2880,,판매업체,KOSDAQ
208140,1608.76,,,,67.52,,,,1.0,414.57,745,2280,12.27,식품,KOSDAQ
110790,3119.45,,,,-47.27,,,,1.0,2329.25,699,2985,5.45,"섬유,의류,신발,호화품",KOSDAQ
076610,1603.35,,,,-67.37,,,,,424.73,700,1149,,핸드셋,KOSDAQ
417790,491.14,,,,132.55,,,,,-720.27,740,7070,,전자장비와기기,KOSDAQ
320000,114.63,,,,-50.48,,,,,478.65,694,10040,,전자장비와기기,KOSDAQ
347890,622.55,,,,-58.26,,,,1.0,127.78,739,4345,43.39,전자장비와기기,KOSDAQ
002800,1137.78,,,,107.9,,,,1.0,370.93,694,4575,7.47,제약,KOSDAQ
060590,1237.69,,,,62.5,,,,1.0,221.11,731,3025,22.55,제약,KOSDAQ
377480,97.86,,,,-63.76,,,,,83.85,731,10280,,IT서비스,KOSDAQ
179530,128.97,,,,-35.01,,,,,0.02,689,2215,,제약,KOSDAQ
208370,308.25,,,,-1.62,,,,1.0,-249.83,689,2675,17.72,건강관리장비와용품,KOSDAQ
080010,1037.83,,,,229.17,,,,0.7078,-696.54,727,7390,4.98,다각화된소비자서비스,KOSDAQ
038460,4827.76,,,,225.69,,,,1.0,527.5,727,2875,8.07,전기장비,KOSDAQ
039010,1533.33,,,,70.15,,,,1.0,-193.74,686,7950,6.46,통신장비,KOSDAQ
337930,2740.97,,,,173.49,,,,0.9626,-5.29,686,2360,5.82,"섬유,의류,신발,호화품",KOSDAQ
020710,1683.94,,,,150.8,,,,1.0,-245.24,723,3605,2.37,"호텔,레스토랑,레저",KOSDAQ
039610,814.49,,,,-16.48,,,,1.0,208.13,682,6550,,기계,KOSDAQ
089790,383.79,,,,-21.97,,,,1.0,-428.72,721,6990,,반도체와반도체장비,KOSDAQ
049550,775.34,,,,8.02,,,,1.0,519.14,679,3465,27.08,컴퓨터와주변기기,KOSDAQ
039980,436.36,,,,-46.9,,,,,-31.92,718,4995,,IT서비스,KOSDAQ
0004V0,630.94,,,,-39.28,,,,,236.9,675,6130,,기계,KOSDAQ
212710,322.21,619.0,,,-58.41,90.0,,,1.0,227.47,718,7390,,반도체와반도체장비,KOSDAQ
004780,2665.62,,,,103.02,,,,,-409.66,674,4235,,포장재,KOSDAQ
045660,1602.13,,,,86.99,,,,1.0,223.83,715,8660,152.78,컴퓨터와주변기기,KOSDAQ
417970,765.02,,,,80.72,,,,1.0,-330.48,714,11160,10.46,기계,KOSDAQ
214260,309.88,338.0,,,-30.34,,,,,152.27,667,7480,,화장품,KOSDAQ
040350,108.61,,,,-64.09,,,,,315.44,667,3360,,IT서비스,KOSDAQ
187420,433.7,,,,12.06,,,,0.9866,60.14,712,2180,3.15,생물공학,KOSDAQ
096250,347.3,,,,1.14,,,,1.0,-456.03,666,5640,37.99,소프트웨어,KOSDAQ
155650,1727.77,,,,45.74,,,,1.0,-68.51,710,3740,53.71,디스플레이장비및부품,KOSDAQ
265560,1086.14,,,,180.42,,,,1.0,-162.21,666,6230,3.49,자동차부품,KOSDAQ
065530,755.39,,,,54.76,,,,1.0,295.69,708,1479,15.57,무선통신서비스,KOSDAQ
128660,3489.57,,,,122.27,,,,0.9019,707.81,707,2850,9.27,비철금속,KOSDAQ
262260,1470.8,,,,-58.35,,,,1.0,1211.96,663,4400,,전자장비와기기,KOSDAQ
123420,1252.65,,,,107.44,,,,0.8986,-376.39,663,6370,3.52,게임엔터테인먼트,KOSDAQ
092040,419.81,,,,-171.39,,,,,491.74,704,996,,생물공학,KOSDAQ
096350,598.77,,,,-1.44,,,,0.8343,566.88,703,1908,,조선,KOSDAQ
225190,214.06,,,,-168.51,,,,1.0,-37.93,660,4680,,전자장비와기기,KOSDAQ
900110,705.4,,,,94.22,,,,0.9966,-3037.78,701,6340,6.61,"섬유,의류,신발,호화품",KOSDAQ
083790,273.91,,,,-237.57,,,,,477.68,701,912,,생명과학도구및서비스,KOSDAQ
082210,1957.37,,,,-31.1,,,,1.0,1191.2,634,1813,,전자장비와기기,KOSDAQ
192250,483.94,,,,28.95,,,,1.0,88.49,657,9290,27.4,소프트웨어,KOSDAQ
067920,1432.57,,,,160.09,,,,1.0,-486.14,696,6330,,IT서비스,KOSDAQ
460940,76.39,,,,10.02,,,,1.0,-267.88,694,5160,25.24,건강관리장비와용품,KOSDAQ
095270,805.33,,,,-16.42,,,,1.0,-92.29,650,4520,44.04,우주항공과국방,KOSDAQ
291230,272.31,,,,-30.48,,,,,36.41,648,2700,,광고,KOSDAQ
331740,254.79,,,,-135.2,,,,,255.98,693,7110,,자동차부품,KOSDAQ
487580,799.33,,,,104.25,,,,1.0,-166.74,691,2745,8.26,가정용기기와용품,KOSDAQ
126880,1472.93,,,,31.54,,,,1.0,-270.22,648,2795,22.18,석유와가스,KOSDAQ
222110,134.17,,,,15.06,,,,,-120.0,647,4790,,생물공학,KOSDAQ
026150,1490.21,,,,-316.45,,,,0.8652,236.44,687,3915,,건설,KOSDAQ
332370,490.83,,,,108.76,,,,0.9986,-370.58,686,5170,6.66,컴퓨터와주변기기,KOSDAQ
204840,352.68,,,,2.68,,,,1.0,176.25,642,4140,5350.0,제약,KOSDAQ
089850,6678.87,,,,214.57,,,,0.5675,1688.68,642,4355,,전자제품,KOSDAQ
109860,917.07,,,,14.32,,,,0.9994,-91.09,684,7520,13.56,기계,KOSDAQ
228670,1113.23,,,,-97.88,,,,1.0,278.08,682,4360,21.73,건강관리장비와용품,KOSDAQ
241690,1071.6,,,,20.55,,,,1.0,537.16,636,2600,,자동차부품,KOSDAQ
273640,291.09,,,,17.43,,,,,63.82,636,5800,,전기제품,KOSDAQ
019540,8550.63,,,,480.24,,,,1.0,1830.49,678,5020,1.48,자동차부품,KOSDAQ
061040,2660.08,,,,-251.88,,,,1.0,-196.17,676,7470,,핸드셋,KOSDAQ
360350,133.9,,,,-15.29,,,,1.0,10.05,658,12100,,전자장비와기기,KOSDAQ
060310,290.22,283.87,,,-58.31,-51.07,,,1.0,-63.57,634,1194,,기계,KOSDAQ
014970,942.56,,,,65.17,,,,1.0,145.84,655,4415,10.82,포장재,KOSDAQ
067370,136.73,,,,50.36,,,,,254.36,673,5510,,생물공학,KOSDAQ
024830,2116.16,,,,30.57,,,,,-1850.76,671,8040,,자동차부품,KOSDAQ
127710,731.45,,,,54.79,,,,1.0,427.05,629,1428,20.23,출판,KOSDAQ
065170,65.06,,,,-28.25,,,,,-23.38,667,2390,,건강관리업체및서비스,KOSDAQ
048430,1972.54,,,,18.14,,,,1.0,-702.26,667,5790,6.04,자동차부품,KOSDAQ
033130,399.02,,,,55.09,,,,1.0,-339.81,627,1690,11.51,IT서비스,KOSDAQ
100030,189.22,,,,23.4,,,,1.0,-1309.1,627,19090,2.93,소프트웨어,KOSDAQ
950220,0.95,,,,-252.2,,,,,-253.37,666,1946,,제약,KOSDAQ
456070,52.59,,,,-179.03,,,,,-182.6,665,6030,,제약,KOSDAQ
487400,177.81,,,,-17.59,,,,,-32.27,626,6100,,통신장비,KOSDAQ
001840,1151.91,,,,32.9,,,,,16.75,626,2215,,건설,KOSDAQ
153710,223.45,,,,-24.14,,,,,14.49,662,4515,,제약,KOSDAQ
282620,3465.51,,,,321.9,,,,1.0,914.75,662,11300,1.87,"섬유,의류,신발,호화품",KOSDAQ
0155E0,140.79,,,,-23.95,,,,,-16.17,625,11390,,반도체와반도체장비,KOSDAQ
041460,367.46,,,,67.27,,,,1.0,-182.42,624,3385,13.37,IT서비스,KOSDAQ
032850,359.83,,,,58.61,,,,1.0,-251.41,659,3965,8.94,건강관리기술,KOSDAQ
241790,1680.41,,,,89.98,,,,0.9869,79.92,658,6580,15.65,반도체와반도체장비,KOSDAQ
046210,150.5,,,,-34.4,,,,,-183.23,616,1354,,생명과학도구및서비스,KOSDAQ
081150,2092.35,,,,52.37,,,,,598.75,630,2595,,비철금속,KOSDAQ
111710,167.71,,,,40.94,,,,,-461.9,656,3185,,"호텔,레스토랑,레저",KOSDAQ
900300,1832.91,,,,-614.77,,,,,-2029.82,598,2905,,화장품,KOSDAQ
122350,5705.39,,,,82.77,,,,0.7676,4177.29,614,1601,,자동차부품,KOSDAQ
228340,559.26,,,,-47.48,,,,,-119.73,648,3240,,건축자재,KOSDAQ
216050,504.9,,,,115.12,,,,1.0,-1356.05,611,5010,5.1,광고,KOSDAQ
424960,93.97,,,,-52.7,,,,,-253.11,648,3930,,자동차부품,KOSDAQ
299170,517.06,,,,39.16,,,,1.0,46.58,610,1470,,제약,KOSDAQ
091590,726.92,,,,37.5,,,,0.9908,-98.76,646,5500,5.91,건설,KOSDAQ
0156T0,288.77,,,,93.28,,,,,-374.98,644,8280,,제약,KOSDAQ
318160,510.66,,,,93.17,,,,1.0,90.67,608,6510,6.97,화장품,KOSDAQ
050960,307.12,,,,50.97,,,,,-336.74,608,9000,,소프트웨어,KOSDAQ
382480,362.2,,,,11.24,,,,1.0,-60.13,638,1620,60.94,전기제품,KOSDAQ
315640,74.72,,,,-105.57,,,,,-90.41,637,2170,,IT서비스,KOSDAQ
003310,1009.83,,,,106.35,,,,1.0,-156.74,605,1710,8.95,식품,KOSDAQ
352910,335.35,,,,-37.24,,,,1.0,-185.58,603,4775,,소프트웨어,KOSDAQ
251630,490.02,,,,-128.29,,,,,51.33,635,3980,,기계,KOSDAQ
014470,3194.84,,,,17.53,,,,1.0,-91.03,601,1054,25.82,가정용기기와용품,KOSDAQ
048770,863.28,,,,-23.0,,,,,329.65,634,4040,,기계,KOSDAQ
033320,3138.39,,,,77.0,,,,0.9385,-283.59,599,3135,6.86,컴퓨터와주변기기,KOSDAQ
036000,102.58,,,,-14.2,,,,,-1728.48,633,2750,,출판,KOSDAQ
214680,1163.04,,,,-138.94,,,,,541.05,630,3775,,건강관리장비와용품,KOSDAQ
049470,248.41,,,,-45.2,,,,,-102.6,615,2610,,소프트웨어,KOSDAQ
463020,188.19,,,,-11.1,,,,,-443.26,597,6640,,IT서비스,KOSDAQ
043610,3028.54,3155.0,3348.0,3448.0,161.69,129.0,184.0,200.0,0.7536,-794.18,613,1055,,방송과엔터테인먼트,KOSDAQ
056360,626.0,,,,3.06,,,,1.0,-327.57,629,6420,18.13,통신장비,KOSDAQ
008370,876.35,,,,65.96,,,,,-428.79,629,5240,,화학,KOSDAQ
059270,150.78,,,,-6.21,,,,,-147.21,592,5300,,기계,KOSDAQ
321820,466.5,,,,-39.59,,,,1.0,-71.71,627,4020,48.31,방송과엔터테인먼트,KOSDAQ
460870,557.88,652.7,750.6,,49.43,63.3,86.3,,,239.33,626,3120,,포장재,KOSDAQ
424980,222.28,,,,-34.09,,,,,-0.79,587,9920,,반도체와반도체장비,KOSDAQ
039020,4471.15,,,,-12.43,,,,,2070.23,586,2595,,건축자재,KOSDAQ
049480,2331.27,,,,79.21,,,,0.9525,-254.76,625,1990,8.61,컴퓨터와주변기기,KOSDAQ
221800,255.93,,,,-23.58,,,,,-78.12,625,3830,,건강관리업체및서비스,KOSDAQ
099520,251.73,,,,-33.0,,,,1.0,-23.66,581,1284,,통신장비,KOSDAQ
033170,1030.47,,,,-238.32,,,,,396.98,581,3390,,반도체와반도체장비,KOSDAQ
043650,674.99,,,,-8.32,,,,0.999,-504.85,623,3490,9.98,음료,KOSDAQ
294090,36.7,,,,-222.38,,,,,192.25,623,1490,,건강관리장비와용품,KOSDAQ
094850,921.25,,,,97.82,,,,,-861.38,575,4110,,"호텔,레스토랑,레저",KOSDAQ
033310,865.5,,,,27.68,,,,1.0,144.82,573,1433,,자동차부품,KOSDAQ
066670,1886.19,,,,-17.65,,,,1.0,-1406.03,616,3295,16.33,핸드셋,KOSDAQ
005670,3203.28,,,,183.53,,,,0.8357,690.05,615,6150,6.14,식품,KOSDAQ
443250,564.58,,,,88.79,,,,0.8294,-464.43,571,5280,10.74,양방향미디어와서비스,KOSDAQ
464490,106.98,,,,-63.84,,,,,-92.59,570,4955,,생물공학,KOSDAQ
483350,306.67,,,,16.13,,,,1.0,-265.96,593,2660,16.33,IT서비스,KOSDAQ
214270,2722.9,,,,305.18,,,,,141.13,613,1355,,양방향미디어와서비스,KOSDAQ
081180,592.06,,,,-30.64,,,,,117.63,567,6430,,전자장비와기기,KOSDAQ
053050,1700.81,,,,73.43,,,,,287.08,567,1891,,가스유틸리티,KOSDAQ
203400,8.8,,,,-193.72,,,,,-46.86,609,676,,제약,KOSDAQ
033230,3427.38,,,,-42.77,,,,,-56.64,566,1120,,IT서비스,KOSDAQ
010470,2277.08,,,,89.2,,,,1.0,-860.36,608,5080,7.84,광고,KOSDAQ
037440,2318.73,2509.0,2964.0,3140.0,91.41,95.0,133.0,135.0,1.0,60.51,565,4055,7.23,건설,KOSDAQ
039420,475.75,,,,104.83,,,,0.9239,-401.32,607,2645,6.53,IT서비스,KOSDAQ
092300,2373.55,,,,110.39,,,,1.0,-222.79,558,2770,7.38,전자장비와기기,KOSDAQ
010240,1370.24,,,,148.98,,,,1.0,-411.34,605,5170,4.96,기계,KOSDAQ
088280,182.06,225.0,,,-66.61,,,,,4.75,558,3225,,핸드셋,KOSDAQ
036090,4830.26,,,,258.4,,,,0.3249,1444.27,603,1417,7.74,디스플레이장비및부품,KOSDAQ
448710,681.14,,,,83.15,,,,,223.43,603,11400,,우주항공과국방,KOSDAQ
340930,600.15,,,,-27.13,,,,,326.79,555,806,,전자장비와기기,KOSDAQ
393210,272.64,,,,-23.73,,,,1.0,226.64,554,3550,,IT서비스,KOSDAQ
025550,2194.0,,,,81.75,,,,0.2,1328.96,598,2345,182.87,철강,KOSDAQ
263690,1027.46,,,,90.25,,,,1.0,-62.49,598,5280,8.82,건강관리장비와용품,KOSDAQ
355690,704.26,,,,-65.41,,,,,210.23,552,5770,,전자장비와기기,KOSDAQ
0013V0,1094.98,,,,59.56,,,,1.0,84.04,550,5550,10.58,식품,KOSDAQ
215360,5320.38,,,,186.74,,,,0.9874,757.41,594,6500,4.23,자동차부품,KOSDAQ
064240,979.96,,,,-28.76,,,,,-417.74,593,1709,2578.26,전문소매,KOSDAQ
109080,257.27,,,,45.14,,,,,-247.81,550,9750,,통신장비,KOSDAQ
261520,212.5,,,,-67.99,,,,,-78.79,591,5750,,IT서비스,KOSDAQ
191420,59.41,,,,-44.24,,,,1.0,-271.92,589,7260,,생물공학,KOSDAQ
036670,1168.4,,,,108.94,,,,,-431.43,546,5070,,화학,KOSDAQ
039240,3571.39,,,,59.58,,,,,-134.99,518,1921,,철강,KOSDAQ
175140,554.91,,,,-116.29,,,,,-91.0,585,2345,,전자제품,KOSDAQ
045340,274.95,,,,93.58,,,,,-320.65,585,6830,,운송인프라,KOSDAQ
238090,504.14,,,,48.14,,,,0.9977,47.59,541,1775,10.33,핸드셋,KOSDAQ
019990,235.32,,,,-41.05,,,,1.0,-57.63,540,5530,,기계,KOSDAQ
420570,329.66,520.0,,,29.2,90.0,,,1.0,-88.64,577,9860,21.59,화장품,KOSDAQ
333620,488.36,,,,-61.07,,,,1.0,2.59,576,5240,,전자장비와기기,KOSDAQ
036120,412.58,,,,67.58,,,,1.0,-270.77,535,1523,7.72,상업서비스와공급품,KOSDAQ
435570,356.28,,,,2.7,,,,1.0,260.41,537,7050,,식품,KOSDAQ
054300,671.61,,,,-27.92,,,,,433.33,573,975,,해운사,KOSDAQ
457600,445.44,,,,-34.29,,,,0.8701,132.42,572,4175,,교육서비스,KOSDAQ
179900,199.72,,,,-483.11,,,,,788.1,531,2460,,핸드셋,KOSDAQ
053160,231.36,,,,3.88,,,,1.0,-321.57,531,8850,59.07,기계,KOSDAQ
053620,1403.52,,,,23.93,,,,1.0,-889.54,569,6620,4.8,가정용품,KOSDAQ
007370,1206.86,,,,25.26,,,,,687.5,568,4020,,제약,KOSDAQ
105760,914.26,1218.0,1376.0,1576.0,33.84,150.0,183.0,222.0,1.0,-175.89,524,5140,13.87,상업서비스와공급품,KOSDAQ
163280,280.76,,,,30.89,,,,,-43.77,526,3865,,화학,KOSDAQ
043710,356.68,,,,-83.32,,,,1.0,1489.03,567,3275,,건강관리업체및서비스,KOSDAQ
950200,591.92,,,,-22.55,,,,,13.49,567,2945,,생명과학도구및서비스,KOSDAQ
042110,2161.37,,,,63.06,,,,1.0,-687.08,519,1074,8.11,전기제품,KOSDAQ
024910,7053.4,,,,73.44,,,,0.8226,2055.72,546,1523,,자동차부품,KOSDAQ
226340,460.13,,,,-83.3,,,,0.272,82.35,542,6460,,화장품,KOSDAQ
288180,539.08,,,,26.39,,,,1.0,141.76,563,7610,36.21,우주항공과국방,KOSDAQ
348150,692.92,,,,-96.51,,,,,-313.59,558,2875,,건강관리업체및서비스,KOSDAQ
340810,139.7,,,,-112.71,,,,,29.62,513,3680,,소프트웨어,KOSDAQ
170790,656.35,,,,54.03,,,,1.0,-354.97,557,8700,7.41,통신장비,KOSDAQ
290660,160.53,,,,-29.02,,,,,-60.78,556,1299,,건강관리장비와용품,KOSDAQ
314140,1362.19,,,,50.87,,,,,-5.2,506,5840,,제약,KOSDAQ
311690,36.93,,,,-247.86,,,,,-321.75,507,3880,,생명과학도구및서비스,KOSDAQ
900120,576.36,,,,97.36,,,,1.0,-462.5,554,4885,4.35,제약,KOSDAQ
459100,1687.22,,,,25.91,,,,0.6786,729.12,553,4110,28.59,핸드셋,KOSDAQ
114450,403.4,,,,2.04,,,,,-141.11,504,2520,,제약,KOSDAQ
347740,227.83,279.6,322.4,,39.4,58.7,72.5,,1.0,-317.91,504,1680,10.76,생명과학도구및서비스,KOSDAQ
071670,3054.9,,,,6.11,,,,1.0,1049.92,550,5500,119.31,기계,KOSDAQ
064800,448.91,,,,-211.21,,,,1.0,-449.92,550,2150,3.47,전문소매,KOSDAQ
246690,196.18,,,,90.23,,,,1.0,,503,2115,7.17,창업투자,KOSDAQ
463480,674.11,,,,-17.23,,,,1.0,0.02,502,4055,,자동차부품,KOSDAQ
145170,6021.68,,,,133.4,,,,1.0,2084.18,549,3245,10.8,"섬유,의류,신발,호화품",KOSDAQ
217480,300.69,,,,-63.25,,,,,-170.39,548,499,,화장품,KOSDAQ
348080,24.57,,,,-103.35,,,,,-24.42,497,3875,,생물공학,KOSDAQ
060560,2988.24,,,,-185.14,,,,0.8196,2049.95,496,1955,,건축자재,KOSDAQ
052790,699.28,,,,285.87,,,,1.0,-931.09,514,4705,1.62,게임엔터테인먼트,KOSDAQ
061250,1008.17,,,,-22.8,,,,,-895.91,543,6450,,제약,KOSDAQ
150900,466.76,,,,25.36,,,,0.9783,-80.56,496,4235,18.63,소프트웨어,KOSDAQ
219550,449.03,,,,-4.9,,,,,98.15,495,1197,,화장품,KOSDAQ
053270,4261.81,,,,243.11,,,,1.0,3985.39,537,1960,2.38,자동차부품,KOSDAQ
419080,54.15,,,,-62.8,,,,,-44.45,539,4960,,디스플레이장비및부품,KOSDAQ
046940,3763.49,,,,671.89,,,,1.0,-204.38,494,2735,1.03,건설,KOSDAQ
365660,159.54,,,,-6.63,,,,,-188.51,494,3670,,건강관리업체및서비스,KOSDAQ
391710,301.0,,,,-27.42,,,,,-61.54,532,1249,,IT서비스,KOSDAQ
370090,121.44,,,,-71.63,,,,,-278.02,535,6250,,전자장비와기기,KOSDAQ
063440,533.25,,,,45.76,,,,1.0,-232.18,491,1083,8.93,방송과엔터테인먼트,KOSDAQ
044340,3695.36,,,,-606.72,,,,1.0,2478.93,490,2740,,가정용기기와용품,KOSDAQ
027050,736.77,,,,-43.94,,,,1.0,-102.77,529,1322,,화장품,KOSDAQ
317830,616.13,,,,-7.64,,,,,-227.05,528,4905,,기계,KOSDAQ
122310,1080.42,,,,-2.43,,,,1.0,164.25,488,3355,64.38,건강관리장비와용품,KOSDAQ
053450,4348.69,,,,30.06,,,,0.9599,752.77,488,3300,10.2,전자장비와기기,KOSDAQ
054930,3855.02,,,,92.44,,,,,-253.29,523,17440,,건설,KOSDAQ
104620,1197.04,,,,22.39,,,,1.0,39.15,521,3100,,"호텔,레스토랑,레저",KOSDAQ
321260,315.34,,,,27.72,,,,1.0,-334.21,483,1713,12.33,디스플레이장비및부품,KOSDAQ
373200,100.77,,,,-51.56,,,,,232.64,481,1920,,핸드셋,KOSDAQ
015710,957.71,,,,29.99,,,,,-290.71,517,2950,,통신장비,KOSDAQ
024950,1755.6,,,,124.25,,,,0.5068,-751.38,516,4160,8.79,레저용장비와제품,KOSDAQ
418250,11.69,,,,-42.87,,,,,-8.69,476,6550,,소프트웨어,KOSDAQ
131400,589.57,,,,-31.76,,,,1.0,-186.04,474,7960,,전자장비와기기,KOSDAQ
094940,234.76,,,,-10.13,,,,1.0,-72.04,513,6130,,컴퓨터와주변기기,KOSDAQ
317530,56.83,,,,-35.56,,,,,185.1,511,2920,,양방향미디어와서비스,KOSDAQ
317870,142.79,,,,-62.22,,,,,238.38,470,5320,,가정용기기와용품,KOSDAQ
440290,174.01,,,,72.58,,,,,,470,1710,,창업투자,KOSDAQ
256630,359.65,,,,8.32,,,,1.0,-183.29,506,4360,,디스플레이장비및부품,KOSDAQ
393970,845.13,,,,-203.62,,,,1.0,620.77,504,2825,,전기제품,KOSDAQ
023440,410.58,,,,-84.78,,,,,378.16,470,521,,철강,KOSDAQ
277070,74.32,,,,36.03,,,,1.0,,470,3430,15.72,창업투자,KOSDAQ
317850,407.31,,,,19.1,,,,1.0,66.24,504,6050,26.61,기계,KOSDAQ
459550,1129.48,,,,89.67,,,,1.0,-356.25,503,1996,9.91,핸드셋,KOSDAQ
384470,42.84,,,,-134.45,,,,,-62.42,464,2585,,건강관리기술,KOSDAQ
222420,356.38,,,,31.7,,,,,308.52,464,958,,화학,KOSDAQ
217500,270.7,,,,-51.73,,,,1.0,-141.42,500,1571,,반도체와반도체장비,KOSDAQ
088910,3254.58,,,,131.51,,,,1.0,-428.19,499,1940,1.76,식품,KOSDAQ
479960,312.47,,,,52.71,,,,,-142.52,462,6490,,전기장비,KOSDAQ
094970,2002.25,,,,131.41,,,,0.8969,-662.47,461,2755,3.23,디스플레이장비및부품,KOSDAQ
032960,215.51,,,,-0.62,,,,0.9911,-402.21,496,2820,7.65,전자장비와기기,KOSDAQ
232830,2695.51,,,,-3.03,,,,,382.69,496,3000,,IT서비스,KOSDAQ
471820,221.84,,,,28.35,,,,1.0,-91.18,461,4080,15.54,제약,KOSDAQ
189980,993.78,,,,85.32,,,,0.9725,1143.9,460,1147,5.92,음료,KOSDAQ
038010,1335.79,,,,71.42,,,,0.9717,-426.46,495,5500,4.98,조선,KOSDAQ
376290,2165.13,,,,54.2,,,,1.0,-638.71,494,2800,36.22,핸드셋,KOSDAQ
453860,245.6,,,,-1.1,,,,,295.11,458,7110,,화장품,KOSDAQ
051390,165.38,,,,57.77,,,,1.0,-261.55,457,4025,9.0,판매업체,KOSDAQ
900340,1921.83,,,,149.3,,,,1.0,-1092.8,493,1385,4.45,식품,KOSDAQ
408470,664.48,,,,82.29,,,,1.0,-362.09,491,4645,7.43,IT서비스,KOSDAQ
014190,2847.61,,,,33.09,,,,1.0,25.68,454,1283,16.19,화학,KOSDAQ
178780,339.06,,,,20.37,,,,1.0,-205.65,452,2425,8.55,전문소매,KOSDAQ
065130,7984.98,,,,-352.19,,,,0.5681,256.78,489,3055,,핸드셋,KOSDAQ
0010V0,484.67,,,,48.59,,,,1.0,-216.58,450,8820,8.56,건강관리장비와용품,KOSDAQ
189860,681.07,,,,-88.0,,,,,-1.65,489,5040,,전기장비,KOSDAQ
083550,1354.14,,,,-3.93,,,,1.0,112.16,449,3315,10.7,"섬유,의류,신발,호화품",KOSDAQ
382150,3.7,,,,-88.28,,,,,-162.29,487,3735,,생명과학도구및서비스,KOSDAQ
452400,1225.88,,,,-10.01,,,,1.0,-244.48,487,5370,197.17,전기제품,KOSDAQ
373160,1238.6,,,,45.72,,,,1.0,-150.09,448,3300,9.45,교육서비스,KOSDAQ
072470,7050.03,,,,342.4,,,,0.5794,866.49,448,2370,4.08,자동차부품,KOSDAQ
476040,24.07,,,,-162.0,,,,,-175.36,481,7300,,생물공학,KOSDAQ
317690,36.88,,,,-155.56,,,,,-242.37,479,2380,,생명과학도구및서비스,KOSDAQ
066130,1769.39,,,,103.54,,,,,-100.69,446,3485,,가정용기기와용품,KOSDAQ
033340,725.99,,,,-60.84,,,,1.0,183.29,446,460,,"섬유,의류,신발,호화품",KOSDAQ
196300,49.62,,,,-73.2,,,,,-69.95,474,4990,,생물공학,KOSDAQ
129890,834.28,,,,31.77,,,,1.0,266.99,442,970,6.9,컴퓨터와주변기기,KOSDAQ
199550,256.95,,,,-120.45,,,,1.0,-58.24,471,3175,,건강관리장비와용품,KOSDAQ
288330,0.09,,,,-151.54,,,,,19.92,441,416,,제약,KOSDAQ
460470,43.76,,,,-41.53,,,,,-129.14,470,3110,,생명과학도구및서비스,KOSDAQ
227950,287.64,,,,94.39,,,,1.0,0.92,437,1265,2.3,반도체와반도체장비,KOSDAQ
059100,346.49,,,,60.4,,,,,-139.48,470,6650,,디스플레이장비및부품,KOSDAQ
184230,616.36,,,,148.24,,,,1.0,264.98,429,2280,2.45,소프트웨어,KOSDAQ
143540,805.04,,,,59.07,,,,1.0,-143.18,470,1053,8.46,디스플레이장비및부품,KOSDAQ
361570,464.77,,,,1.69,,,,,279.3,464,1615,,방송과엔터테인먼트,KOSDAQ
413640,314.48,,,,8.66,,,,1.0,-193.64,428,5940,17.88,IT서비스,KOSDAQ
086060,907.89,,,,39.22,,,,1.0,-99.88,428,4970,11.3,제약,KOSDAQ
022220,647.31,,,,-108.35,,,,,420.38,426,823,,건축제품,KOSDAQ
073110,695.74,,,,-96.21,,,,,614.94,463,5200,,디스플레이장비및부품,KOSDAQ
037950,462.91,,,,22.17,,,,1.0,-88.78,463,2740,18.71,전자장비와기기,KOSDAQ
256150,694.44,,,,28.17,,,,,-129.41,425,5060,,가정용기기와용품,KOSDAQ
260930,892.3,1083.0,1232.0,,-56.66,-22.0,25.0,,1.0,756.43,461,2385,,화장품,KOSDAQ
053980,1363.52,,,,110.01,,,,1.0,-485.48,461,2430,4.45,소프트웨어,KOSDAQ
199480,634.48,,,,-43.81,,,,,-125.77,422,4135,,IT서비스,KOSDAQ
263700,816.94,,,,-28.77,,,,0.9829,-224.68,421,2170,2.2,건강관리업체및서비스,KOSDAQ
072990,1075.27,,,,82.73,,,,1.0,575.06,460,3170,7.31,전자장비와기기,KOSDAQ
229000,75.48,,,,-65.68,,,,,107.69,458,1957,,건강관리장비와용품,KOSDAQ
450330,165.91,,,,9.03,,,,1.0,-77.78,417,5090,26.94,건강관리장비와용품,KOSDAQ
049830,1415.48,,,,22.76,,,,,-327.9,416,6790,,포장재,KOSDAQ
340360,632.02,,,,-19.01,,,,,102.23,456,850,,통신장비,KOSDAQ
068330,145.3,,,,45.46,,,,,-474.24,455,1030,,생명과학도구및서비스,KOSDAQ
190650,2514.14,2618.87,,,102.5,91.45,,,,,414,6480,,증권,KOSDAQ
263770,579.67,,,,23.32,,,,,-174.83,414,1746,,철강,KOSDAQ
159580,709.55,784.0,894.0,,25.16,71.0,91.0,,1.0,-48.65,452,2255,13.1,화장품,KOSDAQ
198080,2952.01,,,,242.73,,,,1.0,-278.87,451,2095,2.32,핸드셋,KOSDAQ
056700,2291.36,,,,90.96,,,,1.0,274.7,411,1409,12.23,디스플레이장비및부품,KOSDAQ
263810,1291.4,,,,25.63,,,,1.0,87.51,410,2575,23.64,전자장비와기기,KOSDAQ
042040,769.24,,,,-171.54,,,,,329.51,449,5180,,화학,KOSDAQ
258610,816.98,,,,-8.13,,,,1.0,39.82,449,1230,,핸드셋,KOSDAQ
286750,59.77,,,,-65.81,,,,1.0,3.28,406,2535,,화학,KOSDAQ
066900,5431.96,,,,-578.19,,,,,2336.98,406,1784,,전자장비와기기,KOSDAQ
050120,139.32,,,,-128.34,,,,1.0,-24.78,448,3300,,레저용장비와제품,KOSDAQ
466410,134.72,,,,46.74,,,,,-346.01,447,8880,,소프트웨어,KOSDAQ
215380,375.87,,,,-39.04,,,,,197.3,403,2395,,생명과학도구및서비스,KOSDAQ
027830,92.52,,,,7.97,,,,,,401,742,,창업투자,KOSDAQ
900250,698.62,,,,107.16,,,,0.8251,-3330.26,444,1240,,비철금속,KOSDAQ
469750,230.01,,,,-3.91,,,,,-86.11,400,5800,,전기제품,KOSDAQ
082850,10439.62,,,,9.52,,,,0.5765,50.77,444,4580,,디스플레이장비및부품,KOSDAQ
203450,513.24,,,,10.21,,,,1.0,57.79,397,2820,19.74,전자장비와기기,KOSDAQ
065440,615.61,,,,15.35,,,,1.0,-170.55,439,1611,27.27,IT서비스,KOSDAQ
223310,188.96,,,,-74.77,,,,,171.57,396,2905,,식품과기본식료품소매,KOSDAQ
290670,261.47,,,,-104.43,,,,,64.57,438,5580,,전자장비와기기,KOSDAQ
007680,1121.22,,,,-137.54,,,,1.0,981.51,395,2990,,건설,KOSDAQ
084650,881.61,,,,-535.17,,,,,258.44,428,2885,,생명과학도구및서비스,KOSDAQ
263020,1425.87,,,,122.27,,,,0.9113,-236.69,428,3095,5.43,"섬유,의류,신발,호화품",KOSDAQ
037230,2240.79,,,,99.45,,,,,662.9,392,1315,,포장재,KOSDAQ
035460,994.73,,,,80.78,,,,0.7303,-93.72,392,2625,9.26,통신장비,KOSDAQ
054780,157.02,,,,-39.4,,,,,-35.05,428,2175,,방송과엔터테인먼트,KOSDAQ
307280,352.44,,,,79.26,,,,1.0,-66.02,427,6020,6.46,건강관리장비와용품,KOSDAQ
218150,675.55,,,,-14.43,,,,1.0,-38.81,389,1905,,식품,KOSDAQ
352700,671.77,,,,-57.51,,,,1.0,-412.63,389,1480,,"섬유,의류,신발,호화품",KOSDAQ
261200,1142.45,,,,-104.14,,,,1.0,1021.6,422,2670,,건강관리장비와용품,KOSDAQ
046310,1489.22,,,,67.9,,,,0.5983,-168.66,387,2360,9.15,통신장비,KOSDAQ
140520,3985.74,,,,33.55,,,,1.0,605.99,422,1999,14.78,철강,KOSDAQ
465480,200.22,,,,25.5,,,,1.0,-126.57,384,3790,14.35,IT서비스,KOSDAQ
189690,328.89,355.17,,,43.99,57.75,,,1.0,-291.11,419,1532,9.21,소프트웨어,KOSDAQ
461030,53.29,,,,-86.64,,,,,-176.46,419,2920,,생명과학도구및서비스,KOSDAQ
038070,770.91,,,,6.92,,,,1.0,-169.32,382,4110,52.19,생물공학,KOSDAQ
208710,1287.35,,,,-0.46,,,,,153.4,382,2900,,핸드셋,KOSDAQ
104200,448.99,,,,-7.35,,,,,-183.59,397,2675,,방송과엔터테인먼트,KOSDAQ
002290,851.77,,,,73.94,,,,,-821.9,415,3350,,건설,KOSDAQ
239890,301.19,302.0,380.0,490.0,21.94,23.0,43.0,70.0,,-146.81,381,3835,,디스플레이장비및부품,KOSDAQ
019770,2070.62,,,,119.12,,,,,57.86,380,3265,,자동차부품,KOSDAQ
099410,418.79,,,,92.89,,,,,-66.63,413,2950,,조선,KOSDAQ
234100,2426.35,,,,33.5,,,,0.2,-1248.21,377,2585,89.76,자동차부품,KOSDAQ
100660,465.01,,,,0.44,,,,0.9884,-283.87,411,3265,34.51,기계,KOSDAQ
051490,1846.33,,,,-0.8,,,,1.0,751.96,376,2650,7.15,기계,KOSDAQ
171010,426.82,,,,-9.54,,,,,491.62,390,2725,,반도체와반도체장비,KOSDAQ
037370,627.51,,,,-21.66,,,,,1083.89,373,4325,,비철금속,KOSDAQ
053950,559.44,,,,-17.32,,,,,-6.65,409,2085,,제약,KOSDAQ
406820,549.22,,,,-31.59,,,,,333.7,372,2630,,화장품,KOSDAQ
045510,2009.03,,,,19.41,,,,1.0,172.0,388,1231,34.49,IT서비스,KOSDAQ
044960,433.23,,,,42.6,,,,,-64.59,403,3190,,제약,KOSDAQ
250000,1022.96,,,,91.47,,,,1.0,-20.73,371,5490,161.3,식품과기본식료품소매,KOSDAQ
049120,657.94,,,,-40.82,,,,,309.96,368,2900,,디스플레이장비및부품,KOSDAQ
007530,1771.46,,,,39.86,,,,1.0,521.69,401,1800,16.03,자동차부품,KOSDAQ
446840,112.96,,,,-66.44,,,,,12.58,400,3635,,소프트웨어,KOSDAQ
097870,243.87,219.74,,,34.69,24.16,,,0.9872,5.78,367,4320,13.05,화학,KOSDAQ
042940,186.12,,,,-68.46,,,,1.0,944.48,367,5370,,건설,KOSDAQ
064090,72.12,,,,-60.79,,,,1.0,-220.09,397,798,,판매업체,KOSDAQ
200350,146.18,,,,-30.07,,,,,-242.14,416,4165,,방송과엔터테인먼트,KOSDAQ
043910,373.09,,,,-39.76,,,,1.0,198.98,365,3215,,상업서비스와공급품,KOSDAQ
258790,257.22,,,,29.82,,,,1.0,173.87,364,7290,9.63,소프트웨어,KOSDAQ
238120,160.16,,,,24.43,,,,1.0,-4.7,394,2770,13.53,생명과학도구및서비스,KOSDAQ
273060,455.21,,,,75.75,,,,1.0,327.24,393,4000,20.89,광고,KOSDAQ
332290,1041.83,,,,41.18,,,,1.0,242.92,363,4575,35.38,화학,KOSDAQ
123570,322.6,,,,2.74,,,,1.0,-647.39,362,1627,18.46,광고,KOSDAQ
025880,1217.71,,,,121.82,,,,0.9776,-39.43,391,2340,3.78,식품,KOSDAQ
452200,210.16,,,,-88.0,,,,,-56.2,410,1684,,전기제품,KOSDAQ
127980,817.9,,,,-14.85,,,,0.9709,111.68,361,3045,,전자장비와기기,KOSDAQ
284620,11.72,,,,-64.39,,,,,-7.42,360,1087,,제약,KOSDAQ
224110,642.77,,,,61.71,,,,,-257.14,388,7630,,컴퓨터와주변기기,KOSDAQ
136410,602.73,,,,120.01,,,,0.9822,111.85,403,3660,4.57,화학,KOSDAQ
014570,625.09,,,,69.13,,,,,-363.15,358,3255,,제약,KOSDAQ
057540,990.68,,,,10.17,,,,0.9985,-49.65,358,602,,전자장비와기기,KOSDAQ
221980,628.97,,,,69.68,,,,1.0,-231.2,384,9510,10.96,화학,KOSDAQ
050860,1132.96,1211.05,,,39.88,65.24,,,,106.22,384,1706,,기계,KOSDAQ
068940,355.06,,,,-34.28,,,,1.0,28.46,357,778,,상업서비스와공급품,KOSDAQ
363250,3.81,,,,-96.9,,,,,-9.32,356,4180,,건강관리장비와용품,KOSDAQ
101240,565.19,,,,101.72,,,,,9.23,382,3365,,화학,KOSDAQ
121890,287.94,,,,11.01,,,,,-46.01,382,2875,,운송인프라,KOSDAQ
270520,168.95,,,,-111.57,,,,,651.88,353,881,,에너지장비및서비스,KOSDAQ
109820,106.43,,,,-6.79,,,,,-126.53,379,1859,,생물공학,KOSDAQ
221840,846.21,,,,46.01,,,,0.8762,426.18,379,2025,18.34,우주항공과국방,KOSDAQ
065950,2689.6,,,,-111.18,,,,,1600.88,351,1245,,건설,KOSDAQ
263050,102.95,,,,-189.19,,,,,143.98,353,959,,생물공학,KOSDAQ
260660,2012.04,,,,9.89,,,,,201.74,361,2355,,제약,KOSDAQ
045060,1600.72,,,,56.22,,,,0.9922,-354.13,361,2130,6.47,화학,KOSDAQ
177900,144.95,,,,-26.86,,,,,90.9,375,3895,,통신장비,KOSDAQ
052220,400.46,,,,-76.32,,,,0.9727,-95.33,374,1626,,방송과엔터테인먼트,KOSDAQ
026040,722.43,,,,7.06,,,,,-63.41,359,2175,,"섬유,의류,신발,호화품",KOSDAQ
089140,704.41,,,,22.82,,,,1.0,-391.99,358,2340,,기계,KOSDAQ
065500,1571.36,,,,9.12,,,,1.0,351.52,371,1038,20.65,자동차부품,KOSDAQ
081580,1827.39,,,,39.83,,,,1.0,-138.71,371,2390,3.0,핸드셋,KOSDAQ
430690,262.58,,,,-19.48,,,,1.0,66.61,357,3280,,소프트웨어,KOSDAQ
207760,674.63,,,,-24.57,,,,,-207.61,357,2150,,양방향미디어와서비스,KOSDAQ
434480,191.69,,,,9.43,,,,0.994,-152.18,367,2980,55.19,소프트웨어,KOSDAQ
046390,372.66,,,,-15.48,,,,1.0,-112.99,368,2130,,방송과엔터테인먼트,KOSDAQ
153460,191.89,,,,26.12,,,,,-229.06,355,5440,,소프트웨어,KOSDAQ
039290,1350.96,,,,-42.05,,,,1.0,-131.15,355,4080,,IT서비스,KOSDAQ
122690,29418.52,,,,268.09,,,,0.2,10565.01,366,1584,,자동차부품,KOSDAQ
086040,470.17,,,,-48.1,,,,,391.04,365,2290,31.38,생명과학도구및서비스,KOSDAQ
060540,1597.33,,,,39.11,,,,1.0,190.12,352,1348,44.73,핸드셋,KOSDAQ
024120,2149.96,,,,85.31,,,,1.0,1071.73,352,3060,9.03,자동차부품,KOSDAQ
066360,4054.36,,,,284.82,,,,0.8322,1389.73,364,1518,1.53,식품,KOSDAQ
219420,169.75,,,,12.19,,,,0.9873,-318.74,364,3175,12.99,소프트웨어,KOSDAQ
452300,74.73,,,,23.39,,,,,,351,2475,,창업투자,KOSDAQ
079190,441.5,,,,-27.38,,,,1.0,-30.44,351,1724,,핸드셋,KOSDAQ
060850,798.83,,,,42.19,,,,1.0,-21.26,350,4300,5.46,소프트웨어,KOSDAQ
397810,305.99,,,,24.21,,,,0.9734,-207.34,333,6460,,광고,KOSDAQ
387570,95.23,,,,-25.8,,,,1.0,-18.45,348,6190,,건강관리장비와용품,KOSDAQ
186230,1057.15,,,,-9.52,,,,1.0,372.73,347,3180,,건축자재,KOSDAQ
038060,1755.38,,,,-50.26,,,,1.0,-615.94,331,689,,디스플레이장비및부품,KOSDAQ
476080,1323.96,,,,-89.67,,,,0.994,72.98,331,4100,,방송과엔터테인먼트,KOSDAQ
057030,518.34,,,,9.5,,,,1.0,-253.73,345,2115,21.54,교육서비스,KOSDAQ
290120,3555.9,,,,219.21,,,,1.0,781.75,345,2180,2.47,자동차부품,KOSDAQ
215090,267.61,,,,13.24,,,,1.0,-171.18,329,1420,10.6,우주항공과국방,KOSDAQ
270870,1010.88,,,,-22.68,,,,1.0,-358.43,329,3660,,건강관리업체및서비스,KOSDAQ
153490,1212.11,,,,2.87,,,,1.0,-7.8,341,3315,,디스플레이장비및부품,KOSDAQ
318410,516.48,,,,61.93,,,,1.0,-294.82,343,6180,6.23,가정용품,KOSDAQ
052600,268.26,,,,43.73,,,,,-265.63,328,2835,,IT서비스,KOSDAQ
364950,869.5,1100.0,,,28.19,45.0,,,1.0,14.57,326,3935,,전자장비와기기,KOSDAQ
069920,240.04,,,,-59.09,,,,,127.57,337,1399,,건설,KOSDAQ
310870,1110.39,,,,51.23,,,,1.0,466.42,336,1532,9.14,자동차부품,KOSDAQ
073570,106.54,,,,-44.82,,,,,-107.38,324,2690,,핸드셋,KOSDAQ
271830,387.42,,,,-41.27,,,,0.9997,178.65,324,1099,,핸드셋,KOSDAQ
432430,370.69,,,,-87.38,,,,,17.46,334,2025,,출판,KOSDAQ
099220,874.54,,,,4.64,,,,,495.05,334,5300,,에너지장비및서비스,KOSDAQ
080520,379.6,,,,-22.77,,,,1.0,-452.56,323,2850,36.25,반도체와반도체장비,KOSDAQ
900270,1088.09,,,,-2.13,,,,1.0,-3268.02,323,2590,,레저용장비와제품,KOSDAQ
204020,2017.18,,,,78.53,,,,1.0,179.49,350,1797,7.45,"섬유,의류,신발,호화품",KOSDAQ
290090,210.4,,,,-40.83,,,,1.0,-249.11,349,4695,,소프트웨어,KOSDAQ
045300,409.17,,,,19.52,,,,0.9968,-39.53,322,3050,6.8,반도체와반도체장비,KOSDAQ
133750,345.91,,,,18.14,,,,,-427.29,322,1374,,교육서비스,KOSDAQ
377030,272.15,,,,-108.59,,,,,604.35,346,2420,,IT서비스,KOSDAQ
075130,456.13,,,,32.61,,,,1.0,-269.33,345,2140,15.27,소프트웨어,KOSDAQ
208860,1137.34,,,,27.63,,,,1.0,6.59,319,9390,,자동차부품,KOSDAQ
263920,523.07,,,,24.83,,,,1.0,27.41,319,3250,20.31,포장재,KOSDAQ
348030,396.85,,,,-89.23,,,,,-330.79,343,3575,,게임엔터테인먼트,KOSDAQ
196450,2581.97,,,,52.72,,,,1.0,196.2,344,3800,10.64,핸드셋,KOSDAQ
021650,2272.26,,,,79.33,,,,1.0,19.93,318,1945,6.89,자동차부품,KOSDAQ
159910,99.25,,,,-39.38,,,,,-36.32,318,3035,,화장품,KOSDAQ
417860,234.12,,,,0.06,,,,,-102.13,341,7250,,소프트웨어,KOSDAQ
106240,428.76,,,,-64.13,,,,,309.11,338,1273,,디스플레이장비및부품,KOSDAQ
031510,1285.49,,,,41.48,,,,1.0,-242.13,317,1131,34.16,자동차부품,KOSDAQ
064520,181.5,,,,-56.04,,,,1.0,-408.07,335,1500,,반도체와반도체장비,KOSDAQ
296640,229.33,,,,9.22,,,,1.0,-80.23,335,6470,12.96,소프트웨어,KOSDAQ
016600,200.98,,,,37.87,,,,,,313,2245,,창업투자,KOSDAQ
336060,702.03,,,,19.92,,,,1.0,-201.69,302,3135,11.01,IT서비스,KOSDAQ
335810,199.26,,,,-53.81,,,,,42.51,333,1516,,생명과학도구및서비스,KOSDAQ
169330,561.61,588.94,,,-12.58,27.0,,,1.0,-98.72,332,1812,,IT서비스,KOSDAQ
197140,666.32,,,,-25.3,,,,,-142.12,312,2395,,소프트웨어,KOSDAQ
464280,276.21,,,,37.65,,,,,-138.67,309,5590,,제약,KOSDAQ
131090,134.38,,,,43.14,,,,,-440.08,330,4310,,소프트웨어,KOSDAQ
408900,163.91,,,,-21.46,,,,1.0,-218.84,330,1007,,방송과엔터테인먼트,KOSDAQ
407400,863.94,,,,-42.48,,,,,142.22,308,2105,,가정용기기와용품,KOSDAQ
064480,496.77,,,,3.1,,,,,-97.57,308,2580,,IT서비스,KOSDAQ
431190,166.4,,,,-35.06,,,,1.0,-98.56,328,4385,,IT서비스,KOSDAQ
006920,811.61,,,,-29.59,,,,0.2832,-71.87,328,3005,,건축자재,KOSDAQ
070590,648.18,,,,10.47,,,,0.8862,-0.62,307,2215,38.66,IT서비스,KOSDAQ
090410,1064.59,,,,-1.04,,,,1.0,495.45,307,3335,19.84,건축자재,KOSDAQ
419120,199.68,,,,44.55,,,,0.983,-63.5,325,2285,9.08,소프트웨어,KOSDAQ
200780,758.0,,,,19.97,,,,0.9108,710.35,324,3040,,제약,KOSDAQ
002680,824.0,,,,29.24,,,,1.0,628.55,304,3925,14.56,식품,KOSDAQ
075970,1107.35,,,,33.78,,,,1.0,136.66,306,1664,52.67,비철금속,KOSDAQ
220180,314.44,,,,-4.81,,,,1.0,-453.86,324,1353,39.66,소프트웨어,KOSDAQ
148930,300.85,,,,-31.68,,,,0.9997,-476.65,324,3180,9.4,전기제품,KOSDAQ
246250,39.84,,,,-41.05,,,,,-3.99,302,1969,,제약,KOSDAQ
452160,149.02,,,,1.75,,,,1.0,219.43,302,3140,,반도체와반도체장비,KOSDAQ
173940,1023.69,,,,-6.14,,,,,-43.86,312,2025,,방송과엔터테인먼트,KOSDAQ
462980,390.19,,,,33.3,,,,1.0,66.72,322,1766,12.59,IT서비스,KOSDAQ
033830,426.91,,,,14.85,,,,1.0,-815.34,322,1703,8.48,방송과엔터테인먼트,KOSDAQ
300120,2238.08,,,,-161.92,,,,,114.7,300,3035,,소프트웨어,KOSDAQ
038620,1126.36,,,,24.9,,,,0.9182,-467.76,321,2120,7.49,운송인프라,KOSDAQ
012620,3981.16,,,,123.65,,,,1.0,785.49,319,7260,3.88,철강,KOSDAQ
093380,902.73,,,,7.28,,,,1.0,-22.35,298,3015,37.16,자동차부품,KOSDAQ
020180,2028.61,2595.49,,,90.99,159.8,,,,246.52,297,3860,,IT서비스,KOSDAQ
037330,7218.14,,,,171.03,,,,0.6191,1712.97,319,726,5.29,디스플레이장비및부품,KOSDAQ
311390,819.44,,,,54.09,,,,0.5765,-281.29,318,2515,10.66,식품,KOSDAQ
031310,1943.76,,,,33.78,,,,1.0,405.21,296,994,3.08,통신장비,KOSDAQ
900070,1293.47,,,,83.04,,,,0.7446,-360.6,296,1100,4.79,자동차부품,KOSDAQ
087600,427.08,,,,-56.3,,,,,-40.93,318,3890,,반도체와반도체장비,KOSDAQ
318020,872.04,,,,30.07,,,,1.0,188.77,317,2580,11.11,전자장비와기기,KOSDAQ
033540,1739.3,,,,-137.42,,,,1.0,393.04,295,2820,,기계,KOSDAQ
351330,789.86,,,,-71.82,,,,,57.85,294,3545,,IT서비스,KOSDAQ
356890,337.26,,,,4.14,,,,0.7894,-273.71,314,2625,,IT서비스,KOSDAQ
073540,252.64,,,,9.2,,,,0.9446,-166.39,315,2765,15.13,통신장비,KOSDAQ
050110,4899.37,,,,-112.69,,,,,538.27,292,5000,,핸드셋,KOSDAQ
333050,299.54,,,,19.69,,,,,-170.61,292,5930,,IT서비스,KOSDAQ
101670,33.69,,,,-150.62,,,,,80.27,301,530,,전기제품,KOSDAQ
025440,4943.66,,,,-49.16,,,,1.0,1931.76,312,3195,,자동차부품,KOSDAQ
079170,985.63,,,,78.85,,,,,-76.46,291,5600,,비철금속,KOSDAQ
187270,534.33,,,,48.0,,,,1.0,-100.13,290,2855,9.37,핸드셋,KOSDAQ
462510,71.87,,,,-118.44,,,,,38.12,309,3510,,건강관리장비와용품,KOSDAQ
376980,381.74,,,,10.2,,,,1.0,-71.53,309,3160,24.1,상업서비스와공급품,KOSDAQ
032860,509.2,,,,-17.2,,,,,-4.58,288,3560,,판매업체,KOSDAQ
130500,876.24,,,,68.44,,,,0.8337,793.47,288,1977,,자동차부품,KOSDAQ
032790,285.91,,,,-102.74,,,,1.0,53.74,308,1198,,IT서비스,KOSDAQ
0010F0,521.94,,,,51.19,,,,,307.5,308,2760,,화학,KOSDAQ
373170,256.2,,,,8.86,,,,,-183.37,284,1879,,IT서비스,KOSDAQ
109960,98.07,,,,-22.86,,,,1.0,-106.86,284,1875,,제약,KOSDAQ
462310,490.35,,,,7.24,,,,0.9848,-20.72,307,3890,,"섬유,의류,신발,호화품",KOSDAQ
388610,177.15,,,,3.86,,,,,28.66,307,5760,,생물공학,KOSDAQ
119500,660.35,,,,23.65,,,,,-35.21,281,2375,,기계,KOSDAQ
048470,1191.64,,,,-11.66,,,,,-417.18,281,2915,,철강,KOSDAQ
367000,388.55,,,,-44.72,,,,,-58.58,304,3620,,IT서비스,KOSDAQ
444530,104.04,,,,-26.65,,,,,-67.69,304,4720,,IT서비스,KOSDAQ
290560,139.97,,,,36.31,,,,,8.34,279,1249,,소프트웨어,KOSDAQ
043340,579.09,,,,19.7,,,,,349.4,279,588,,기계,KOSDAQ
258830,185.35,,,,22.65,,,,,179.4,312,412,,건강관리장비와용품,KOSDAQ
464580,338.41,,,,1.23,,,,,116.43,301,1635,,방송과엔터테인먼트,KOSDAQ
089150,230.9,,,,40.35,,,,,113.69,279,1625,,컴퓨터와주변기기,KOSDAQ
068100,176.92,,,,-17.32,,,,,-57.94,279,2335,,IT서비스,KOSDAQ
099390,250.86,,,,21.1,,,,1.0,-463.87,299,3640,5.88,소프트웨어,KOSDAQ
128540,1518.46,,,,-31.58,,,,1.0,-158.18,298,1116,,자동차부품,KOSDAQ
355390,104.84,,,,-133.66,,,,,-34.52,277,1740,,IT서비스,KOSDAQ
383930,477.47,,,,-57.42,,,,,404.22,277,2170,,생명과학도구및서비스,KOSDAQ
226330,34.29,,,,-107.65,,,,,-10.79,296,1220,,건강관리업체및서비스,KOSDAQ
262840,435.64,,,,42.75,,,,0.9408,297.55,296,2885,5.28,IT서비스,KOSDAQ
007770,1244.1,,,,-119.95,,,,1.0,256.31,276,7870,,화학,KOSDAQ
101400,343.68,,,,-50.55,,,,1.0,-145.56,276,1822,,반도체와반도체장비,KOSDAQ
071850,1553.25,,,,-62.74,,,,,765.3,295,1218,,자동차부품,KOSDAQ
038870,172.4,,,,-26.61,,,,1.0,151.1,295,2105,,에너지장비및서비스,KOSDAQ
195500,1067.58,,,,24.86,,,,,106.53,275,1723,,식품,KOSDAQ
450520,389.58,,,,-48.55,,,,1.0,-64.93,275,1871,,소프트웨어,KOSDAQ
097780,2174.27,,,,10.8,,,,1.0,-909.68,293,1442,,자동차부품,KOSDAQ
237820,402.27,,,,62.25,,,,1.0,-594.68,292,2280,4.97,광고,KOSDAQ
148250,186.52,,,,-34.34,,,,,-63.06,274,2010,,통신장비,KOSDAQ
078590,643.75,,,,2.48,,,,,-125.05,273,2735,,자동차부품,KOSDAQ
188260,153.54,,,,-43.74,,,,,-100.37,292,2100,,건강관리장비와용품,KOSDAQ
317240,260.34,,,,0.26,,,,,107.48,291,999,,가정용품,KOSDAQ
398120,246.01,,,,14.67,,,,1.0,25.93,272,2300,29.06,건강관리장비와용품,KOSDAQ
368970,253.87,,,,-12.76,,,,0.8855,51.14,272,2420,,식품,KOSDAQ
318010,127.28,,,,-6.73,,,,0.9955,-357.57,289,3650,10.0,건강관리업체및서비스,KOSDAQ
038950,628.5,,,,-45.83,,,,1.0,-585.56,289,2830,,전자제품,KOSDAQ
114630,1018.26,,,,77.91,,,,1.0,-385.07,270,1565,11.23,"섬유,의류,신발,호화품",KOSDAQ
236810,923.1,,,,-65.01,,,,,-90.88,269,1587,,광고,KOSDAQ
365590,17.67,,,,-117.34,,,,,43.88,277,1503,,반도체와반도체장비,KOSDAQ
239610,167.06,,,,-110.52,,,,,-241.58,285,5290,,건강관리업체및서비스,KOSDAQ
376180,308.73,,,,-7.04,,,,,-56.91,269,1447,,가정용기기와용품,KOSDAQ
047080,378.86,,,,2.84,,,,0.9577,-108.15,268,1081,5.14,게임엔터테인먼트,KOSDAQ
019570,128.91,,,,33.13,,,,1.0,,283,2960,9.92,창업투자,KOSDAQ
043220,145.38,,,,-58.72,,,,1.0,48.45,282,1710,,기계,KOSDAQ
359090,649.82,,,,13.85,,,,1.0,3.19,268,2330,10.36,제약,KOSDAQ
140430,279.01,,,,-5.37,,,,,107.59,268,2505,,통신장비,KOSDAQ
080530,765.31,892.0,1032.0,,37.54,48.0,64.0,,1.0,-204.28,275,2480,5.24,화장품,KOSDAQ
225220,94.04,,,,-86.42,,,,,-27.59,279,1456,,건강관리장비와용품,KOSDAQ
115480,482.23,,,,108.13,,,,1.0,162.02,267,2205,32.6,건강관리장비와용품,KOSDAQ
351870,664.75,,,,44.35,,,,0.4764,703.22,267,2395,22.23,광고,KOSDAQ
160550,1426.53,,,,26.54,,,,1.0,288.02,279,999,35.54,방송과엔터테인먼트,KOSDAQ
067010,733.47,912.1,,,-26.92,2.99,,,,-288.53,279,2560,,IT서비스,KOSDAQ
096630,2786.88,,,,132.74,,,,1.0,198.87,267,1680,0.75,핸드셋,KOSDAQ
290520,319.23,,,,18.08,,,,1.0,-279.41,267,1695,14.76,디스플레이장비및부품,KOSDAQ
475660,220.99,,,,-20.3,,,,,-6.06,270,3405,,디스플레이장비및부품,KOSDAQ
131220,811.18,,,,55.31,,,,0.6865,-28.22,278,3725,8.47,생명과학도구및서비스,KOSDAQ
066910,970.0,,,,-66.83,,,,1.0,231.18,264,1718,31.96,레저용장비와제품,KOSDAQ
032750,1483.23,,,,58.23,,,,1.0,-476.86,264,2925,6.79,전자제품,KOSDAQ
017000,2113.11,,,,86.0,,,,,192.86,269,2305,,건설,KOSDAQ
068050,351.78,,,,-34.72,,,,1.0,161.45,286,1032,,방송과엔터테인먼트,KOSDAQ
328380,636.74,,,,5.66,,,,1.0,-74.18,262,3820,30.9,IT서비스,KOSDAQ
013720,249.08,,,,7.62,,,,,-37.95,262,2150,,자동차부품,KOSDAQ
139670,122.59,,,,9.25,,,,1.0,-310.41,268,1897,7.85,소프트웨어,KOSDAQ
008470,1207.61,,,,18.13,,,,1.0,-295.86,276,1640,17.69,기계,KOSDAQ
900310,436.33,,,,2.32,,,,1.0,-1908.93,260,2030,,화장품,KOSDAQ
146060,792.51,,,,50.8,,,,0.8889,438.55,260,1082,7.96,자동차부품,KOSDAQ
458350,351.52,,,,24.62,,,,1.0,-220.04,267,3080,12.84,광고,KOSDAQ
254120,278.95,,,,-39.2,,,,1.0,-1.5,280,910,,전자장비와기기,KOSDAQ
123840,481.64,,,,-133.78,,,,,-34.24,258,1660,,건강관리업체및서비스,KOSDAQ
105550,363.91,,,,-155.4,,,,1.0,298.38,258,1648,1.64,자동차부품,KOSDAQ
191410,448.35,,,,-15.07,,,,1.0,162.42,267,1720,15.19,디스플레이패널,KOSDAQ
058110,112.88,,,,-27.87,,,,,85.53,273,1699,,건강관리장비와용품,KOSDAQ
054940,1770.03,,,,25.05,,,,0.5462,196.82,257,3870,40.66,반도체와반도체장비,KOSDAQ
033050,898.03,,,,40.69,,,,1.0,-39.1,257,806,7.49,가정용품,KOSDAQ
043200,287.85,,,,-27.34,,,,,230.65,264,1265,,에너지장비및서비스,KOSDAQ
027040,337.29,,,,-16.09,,,,,39.93,278,2000,,전자장비와기기,KOSDAQ
238490,592.59,,,,-75.31,,,,,120.58,255,2255,,디스플레이장비및부품,KOSDAQ
072770,896.29,,,,-28.07,,,,,337.54,254,612,,IT서비스,KOSDAQ
016920,1610.74,,,,20.15,,,,1.0,516.41,262,1021,,전자장비와기기,KOSDAQ
054090,1363.43,,,,-19.74,,,,,351.01,252,1011,,전자장비와기기,KOSDAQ
088340,437.54,,,,-67.75,,,,1.0,11.8,277,6350,,소프트웨어,KOSDAQ
378800,2.28,,,,-158.39,,,,,-179.56,252,2720,,제약,KOSDAQ
060380,1978.2,,,,18.13,,,,0.6963,370.86,261,1324,19.13,철강,KOSDAQ
297570,429.13,,,,65.39,,,,1.0,321.77,276,3985,5.56,전자제품,KOSDAQ
016100,683.14,,,,-70.9,,,,1.0,296.08,248,1298,,포장재,KOSDAQ
405920,821.09,,,,9.84,,,,1.0,389.1,248,1925,291.76,음료,KOSDAQ
103840,1837.76,,,,46.66,,,,,711.36,258,1578,,식품,KOSDAQ
290270,377.3,,,,48.02,,,,0.9794,-137.38,275,2860,4.87,소프트웨어,KOSDAQ
368600,468.52,,,,-144.92,,,,,447.85,247,956,,전자장비와기기,KOSDAQ
021880,250.91,220.27,,,-100.98,-22.18,,,0.9681,,247,1162,,기타금융,KOSDAQ
288620,157.86,,,,-150.13,,,,,-107.76,273,3910,,전기제품,KOSDAQ
079000,141.26,,,,-43.16,,,,,-499.8,258,3580,,건축제품,KOSDAQ
322780,329.0,,,,-70.94,,,,1.0,105.81,245,1611,,방송과엔터테인먼트,KOSDAQ
138070,544.36,,,,-3.83,,,,1.0,43.5,245,1398,,기계,KOSDAQ
052300,75.7,,,,-24.52,,,,0.4591,-1010.51,256,1576,,건축제품,KOSDAQ
198940,2594.65,,,,13.34,,,,,1029.3,272,1362,,자동차부품,KOSDAQ
044780,541.9,,,,-3.87,,,,1.0,-47.61,244,1321,5.34,기계,KOSDAQ
043590,213.53,,,,-21.01,,,,1.0,72.84,244,1800,,전기제품,KOSDAQ
415380,959.31,,,,28.29,,,,,-185.27,253,2210,,가구,KOSDAQ
091970,501.11,,,,-2.62,,,,,124.01,269,3575,,화학,KOSDAQ
317120,74.68,,,,-60.52,,,,,147.44,242,1584,,통신장비,KOSDAQ
177830,1325.4,,,,25.69,,,,1.0,539.59,241,2125,,디스플레이장비및부품,KOSDAQ
148780,170.15,,,,-10.68,,,,1.0,-87.54,250,3975,,소프트웨어,KOSDAQ
215790,436.87,,,,-91.89,,,,,134.94,268,666,,통신장비,KOSDAQ
188040,708.8,,,,8.3,,,,1.0,-36.16,240,5120,,식품,KOSDAQ
023770,346.58,,,,-46.82,,,,,-20.62,239,2675,,게임엔터테인먼트,KOSDAQ
090150,1159.1,,,,68.75,,,,0.9643,94.78,247,5910,2.86,자동차부품,KOSDAQ
038880,411.83,,,,-73.19,,,,,432.04,268,3560,,자동차부품,KOSDAQ
101680,305.72,,,,-75.27,,,,,66.65,239,2840,,기계,KOSDAQ
267790,591.93,,,,66.45,,,,1.0,-105.19,238,3095,5.52,"섬유,의류,신발,호화품",KOSDAQ
131180,323.06,,,,8.03,,,,,-158.51,246,4185,,컴퓨터와주변기기,KOSDAQ
016670,230.62,,,,40.55,,,,,-568.15,267,2620,,소프트웨어,KOSDAQ
039740,1462.86,,,,4.2,,,,1.0,155.05,236,2945,10.97,판매업체,KOSDAQ
070300,185.37,,,,19.02,,,,,11.1,236,663,101.29,핸드셋,KOSDAQ
115530,536.17,,,,3.68,,,,1.0,92.91,245,2850,,에너지장비및서비스,KOSDAQ
069140,1176.35,,,,48.21,,,,0.2,411.46,266,1760,126.07,건설,KOSDAQ
035200,252.31,,,,-4.44,,,,1.0,-144.5,233,2530,22.8,건축제품,KOSDAQ
065690,535.0,,,,-127.35,,,,1.0,-235.32,233,1937,3.48,컴퓨터와주변기기,KOSDAQ
193250,104.55,,,,-72.1,,,,,-71.03,244,1823,,핸드셋,KOSDAQ
069410,667.61,,,,21.62,,,,1.0,-237.43,263,2565,8.32,IT서비스,KOSDAQ
051380,3730.08,,,,42.51,,,,,279.65,231,1505,,컴퓨터와주변기기,KOSDAQ
206560,554.17,,,,-65.06,,,,,221.3,230,907,,방송과엔터테인먼트,KOSDAQ
464500,101.27,,,,-55.74,,,,,6.7,240,1715,,반도체와반도체장비,KOSDAQ
363260,443.59,,,,45.07,,,,0.9748,-185.06,261,4065,8.65,광고,KOSDAQ
187220,1258.34,,,,-5.97,,,,1.0,766.01,230,1998,10.92,전자장비와기기,KOSDAQ
076080,1666.93,,,,-181.3,,,,,181.35,230,1019,,건설,KOSDAQ
123750,321.59,,,,2.27,,,,1.0,-71.55,239,1731,112.74,레저용장비와제품,KOSDAQ
057680,363.66,,,,2.64,,,,0.9712,-42.47,260,1645,,IT서비스,KOSDAQ
432980,208.0,,,,2.97,,,,,-43.62,229,2665,,제약,KOSDAQ
131100,1182.99,,,,33.51,,,,,-75.13,229,3550,,방송과엔터테인먼트,KOSDAQ
219750,320.31,,,,-28.52,,,,,101.81,237,1809,,건강관리장비와용품,KOSDAQ
060230,619.25,,,,-82.5,,,,,609.44,258,1319,,전자장비와기기,KOSDAQ
301300,190.09,,,,-37.55,,,,1.0,90.55,227,1722,,소프트웨어,KOSDAQ
018680,521.49,,,,-12.79,,,,,-17.66,226,1935,,제약,KOSDAQ
065370,382.58,,,,7.86,,,,1.0,114.97,234,3170,16.08,소프트웨어,KOSDAQ
134060,111.42,,,,8.83,,,,,-117.79,257,5380,,교육서비스,KOSDAQ
007720,1628.71,,,,13.97,,,,,-41.67,225,1117,,판매업체,KOSDAQ
298060,238.39,,,,-45.29,,,,1.0,-54.3,225,2335,110.84,생물공학,KOSDAQ
377330,132.44,,,,-186.3,,,,,97.73,232,2845,,전기제품,KOSDAQ
206400,47.75,,,,-53.61,,,,,-104.62,254,676,,건설,KOSDAQ
115610,132.22,,,,-19.87,,,,,-55.32,224,1897,,핸드셋,KOSDAQ
033200,315.01,426.44,,,-31.58,-16.91,,,0.8235,-392.7,224,2435,,전자장비와기기,KOSDAQ
032680,548.15,,,,-2.44,,,,,-479.02,230,999,,IT서비스,KOSDAQ
096690,506.04,,,,-109.3,,,,,523.06,251,6250,,컴퓨터와주변기기,KOSDAQ
013810,379.65,,,,-4.61,,,,,-118.32,222,1518,,기계,KOSDAQ
215480,397.0,,,,0.04,,,,0.9798,-77.97,222,2070,,"섬유,의류,신발,호화품",KOSDAQ
036480,259.89,,,,7.14,,,,,102.74,229,6030,,제약,KOSDAQ
083660,279.3,,,,-56.34,,,,,8.4,248,1422,,화장품,KOSDAQ
200230,431.62,,,,7.19,,,,0.9969,265.69,221,2330,,제약,KOSDAQ
352940,339.53,,,,9.17,,,,,219.43,221,2030,,화학,KOSDAQ
257370,110.82,,,,-21.25,,,,,19.36,227,1812,,전기제품,KOSDAQ
115160,3941.66,,,,-292.17,,,,,693.37,246,5720,,전자제품,KOSDAQ
053060,1894.4,,,,91.03,,,,1.0,136.28,217,1230,3.69,자동차부품,KOSDAQ
237750,276.09,,,,0.2,,,,,330.68,218,3355,,전기장비,KOSDAQ
208350,389.28,,,,24.83,,,,1.0,-91.82,235,2895,12.79,소프트웨어,KOSDAQ
053290,627.02,,,,10.69,,,,,-386.34,245,1480,,교육서비스,KOSDAQ
277410,358.04,,,,23.06,,,,1.0,373.0,217,5650,33.28,식품,KOSDAQ
098660,714.91,,,,-14.06,,,,1.0,359.5,216,1725,,"섬유,의류,신발,호화품",KOSDAQ
020400,1018.17,,,,1.0,,,,,308.45,232,2560,,자동차부품,KOSDAQ
001810,2056.71,,,,17.78,,,,0.9919,450.15,244,1103,,종이와목재,KOSDAQ
032280,999.9,,,,21.29,,,,,267.87,215,1327,,항공화물운송과물류,KOSDAQ
054220,448.11,,,,0.58,,,,1.0,69.07,214,1700,14.07,IT서비스,KOSDAQ
238200,196.79,,,,14.03,,,,1.0,26.08,223,2725,,건강관리업체및서비스,KOSDAQ
389680,32.13,,,,-36.47,,,,,-69.04,240,2890,,IT서비스,KOSDAQ
347770,633.83,,,,-61.14,,,,1.0,225.63,212,934,,디스플레이장비및부품,KOSDAQ
417180,173.0,,,,8.47,,,,1.0,-219.56,229,4015,6.52,양방향미디어와서비스,KOSDAQ
083640,508.21,,,,16.95,,,,,-164.44,239,5210,,전자장비와기기,KOSDAQ
342870,1032.61,,,,81.7,,,,1.0,398.13,210,3850,,가정용기기와용품,KOSDAQ
063760,273.13,,,,23.03,,,,1.0,-172.68,203,2180,7.81,디스플레이장비및부품,KOSDAQ
027580,501.05,,,,-89.08,,,,1.0,27.91,227,1920,,화학,KOSDAQ
318000,239.21,,,,23.26,,,,1.0,-187.77,237,2715,9.14,화학,KOSDAQ
274400,142.52,,,,-19.89,,,,,129.74,209,2300,,소프트웨어,KOSDAQ
440320,882.69,,,,-27.64,,,,0.8338,-4.69,209,2090,,디스플레이패널,KOSDAQ
222980,963.1,,,,-11.05,,,,,115.87,226,2045,,식품,KOSDAQ
032800,381.92,372.28,,,-80.32,-75.22,,,,-82.81,225,1491,,방송과엔터테인먼트,KOSDAQ
043360,213.06,,,,-7.67,,,,,-74.78,206,2290,,컴퓨터와주변기기,KOSDAQ
289220,367.26,,,,-189.97,,,,,-104.84,206,922,,양방향미디어와서비스,KOSDAQ
017250,600.54,,,,39.88,,,,1.0,108.12,225,1068,10.98,전자장비와기기,KOSDAQ
192390,751.48,,,,-39.35,,,,1.0,484.83,225,1879,,건축자재,KOSDAQ
353190,990.11,,,,18.75,,,,1.0,131.64,205,2605,17.66,건강관리업체및서비스,KOSDAQ
130740,794.04,,,,-32.61,,,,,-319.2,205,1819,,자동차부품,KOSDAQ
429270,127.49,,,,-75.86,,,,,66.21,230,3205,,반도체와반도체장비,KOSDAQ
424760,353.82,,,,8.77,,,,,-89.31,223,2210,,IT서비스,KOSDAQ
065060,1108.67,,,,-4.09,,,,,532.02,204,3400,,"섬유,의류,신발,호화품",KOSDAQ
024940,560.4,,,,15.67,,,,1.0,-238.65,204,2040,7.09,가정용기기와용품,KOSDAQ
361670,109.76,,,,-16.98,,,,,-91.42,222,3920,,전자장비와기기,KOSDAQ
303530,707.44,,,,-28.97,,,,1.0,-74.23,222,3020,,IT서비스,KOSDAQ
353590,591.12,,,,7.52,,,,,3.16,203,1579,,자동차부품,KOSDAQ
405000,84.83,,,,-76.01,,,,,104.72,211,3925,,건강관리장비와용품,KOSDAQ
241840,117.9,,,,-72.78,,,,1.0,-4.41,209,2195,,방송과엔터테인먼트,KOSDAQ
039310,356.28,,,,-10.32,,,,,-308.57,220,1213,,소프트웨어,KOSDAQ
154040,313.99,,,,17.12,,,,,179.47,218,10100,,전자제품,KOSDAQ
085810,531.66,,,,31.81,,,,,27.54,202,1428,,건설,KOSDAQ
331520,378.34,,,,28.78,,,,1.0,-40.09,217,2215,11.99,게임엔터테인먼트,KOSDAQ
032080,302.29,,,,4.59,,,,,-477.04,217,1010,,"섬유,의류,신발,호화품",KOSDAQ
088290,565.77,,,,15.75,,,,,5.41,201,2515,,자동차부품,KOSDAQ
038530,873.12,,,,15.22,,,,,-147.53,200,3870,,IT서비스,KOSDAQ
115570,986.55,,,,65.67,,,,1.0,55.83,216,2700,6.23,화학,KOSDAQ
018700,642.23,,,,-29.97,,,,,-10.44,215,1288,,화장품,KOSDAQ
080470,2435.22,,,,116.08,,,,0.7724,177.42,198,2715,2.33,자동차부품,KOSDAQ
018620,547.64,,,,3.19,,,,,150.51,197,2845,,제약,KOSDAQ
095910,1024.4,,,,-186.68,,,,,417.46,212,583,,에너지장비및서비스,KOSDAQ
067730,485.41,,,,28.84,,,,,-119.3,212,2195,,IT서비스,KOSDAQ
048830,838.22,,,,10.13,,,,1.0,-105.3,196,1045,17.33,화학,KOSDAQ
154030,278.06,,,,9.24,,,,1.0,105.35,196,1622,10.29,생물공학,KOSDAQ
045520,860.98,,,,-9.65,,,,1.0,282.53,212,3255,,화학,KOSDAQ
083470,183.8,,,,-19.27,,,,1.0,-6.71,211,990,,디스플레이장비및부품,KOSDAQ
073190,200.95,,,,-30.2,,,,,73.69,194,1622,,가구,KOSDAQ
214610,108.85,,,,-99.35,,,,,0.37,192,2290,,건강관리장비와용품,KOSDAQ
252500,376.45,,,,6.27,,,,,-189.36,202,2435,,화장품,KOSDAQ
275630,130.49,,,,3.21,,,,1.0,-180.36,210,3990,,소프트웨어,KOSDAQ
403490,636.77,,,,-8.84,,,,1.0,420.75,189,2055,,식품,KOSDAQ
026910,568.88,,,,-42.52,,,,1.0,651.79,188,2365,,철강,KOSDAQ
362990,200.18,,,,-11.61,,,,1.0,-40.53,206,1229,,광고,KOSDAQ
096870,110.46,,,,3.06,,,,,-115.83,207,2480,,디스플레이장비및부품,KOSDAQ
196700,431.75,,,,55.5,,,,1.0,87.02,186,1292,4.53,화학,KOSDAQ
044480,253.1,,,,-8.34,,,,,18.52,205,3090,,방송과엔터테인먼트,KOSDAQ
079950,184.13,,,,-86.07,,,,,148.16,205,1487,,디스플레이장비및부품,KOSDAQ
373110,19.49,,,,-108.52,,,,,11.55,183,1056,,생물공학,KOSDAQ
376930,51.22,,,,-200.79,,,,,-61.6,153,1487,,건강관리장비와용품,KOSDAQ
438700,30.97,,,,-84.91,,,,,37.36,205,1836,,소프트웨어,KOSDAQ
113810,803.57,,,,9.63,,,,0.996,-17.94,205,3135,27.63,자동차부품,KOSDAQ
078860,122.28,,,,-80.23,,,,,74.87,181,2930,,방송과엔터테인먼트,KOSDAQ
195990,319.23,,,,-92.82,,,,,74.67,179,1100,,기계,KOSDAQ
021040,2774.25,,,,23.71,,,,,739.84,203,937,,철강,KOSDAQ
247660,52.89,,,,-19.93,,,,,-64.57,203,3890,,화학,KOSDAQ
224060,252.66,,,,-8.31,,,,,557.46,174,3365,0.72,전기제품,KOSDAQ
419540,171.0,,,,-10.96,,,,,-41.02,173,2900,,건강관리장비와용품,KOSDAQ
372800,780.54,,,,-53.95,,,,1.0,52.75,202,2875,,IT서비스,KOSDAQ
069330,496.91,,,,13.02,,,,1.0,57.57,202,1194,14.81,디스플레이장비및부품,KOSDAQ
475460,1355.94,,,,29.06,,,,1.0,105.92,167,2960,9.6,인터넷과카탈로그소매,KOSDAQ
023790,240.45,,,,-26.08,,,,,367.69,202,1543,,철강,KOSDAQ
276730,138.93,,,,-49.01,,,,,240.81,201,853,,음료,KOSDAQ
050090,74.47,,,,-35.74,,,,,-70.29,164,696,,광고,KOSDAQ
065650,761.87,,,,-42.81,,,,,141.24,163,1489,,컴퓨터와주변기기,KOSDAQ
050760,667.55,,,,-48.13,,,,1.0,192.49,199,1218,,화학,KOSDAQ
019660,129.48,,,,-48.3,,,,,68.71,199,1426,,판매업체,KOSDAQ
285800,324.23,,,,-26.56,,,,,221.81,153,4270,,화학,KOSDAQ
101000,394.47,,,,-46.21,,,,1.0,192.84,157,1586,,조선,KOSDAQ
279600,227.81,,,,-22.32,,,,,150.51,182,3875,,IT서비스,KOSDAQ
304840,28.51,,,,-83.77,,,,,761.89,136,561,,건강관리장비와용품,KOSDAQ
056730,475.01,,,,-112.69,,,,,-261.2,196,1322,,건설,KOSDAQ
006050,601.99,,,,9.29,,,,,-88.54,96,2750,,건축제품,KOSDAQ
344860,82.13,,,,0.04,,,,,-68.5,195,1298,,화장품,KOSDAQ
177350,165.71,,,,-26.13,,,,1.0,-33.59,134,1350,0.76,화학,KOSDAQ
239340,155.84,,,,-55.78,,,,,-238.85,131,2425,,증권,KOSDAQ
455180,181.23,,,,-36.88,,,,1.0,478.52,190,1289,,전자장비와기기,KOSDAQ
054180,281.61,,,,-57.47,,,,,71.15,127,2295,,조선,KOSDAQ
028080,4007.28,,,,-286.59,,,,,692.04,125,5170,,전자제품,KOSDAQ
418620,16.55,,,,-112.46,,,,,28.81,171,555,,소프트웨어,KOSDAQ
031860,145.12,,,,-78.33,,,,,50.27,187,6930,,컴퓨터와주변기기,KOSDAQ
110020,136.94,,,,-3.43,,,,,-62.84,186,2055,,가정용품,KOSDAQ
060900,131.2,,,,-93.2,,,,,-17.07,118,1805,,에너지장비및서비스,KOSDAQ
354200,212.4,,,,-82.76,,,,,308.95,113,704,,생명과학도구및서비스,KOSDAQ
014100,487.69,,,,-11.04,,,,1.0,162.13,184,1559,,화장품,KOSDAQ
309930,459.81,,,,-87.69,,,,1.0,104.92,183,951,,가구,KOSDAQ
060260,434.8,,,,12.99,,,,,53.64,111,835,,건축제품,KOSDAQ
103230,488.04,,,,9.01,,,,,128.07,111,1535,,조선,KOSDAQ
225590,1063.01,,,,83.63,,,,1.0,-95.1,149,2915,5.44,"섬유,의류,신발,호화품",KOSDAQ
365900,468.99,,,,-14.83,,,,,258.91,182,2485,,레저용장비와제품,KOSDAQ
043100,168.34,,,,-57.25,,,,,322.07,105,520,,건강관리장비와용품,KOSDAQ
303030,363.8,,,,-85.53,,,,,-18.96,102,1115,,반도체와반도체장비,KOSDAQ
051780,566.51,,,,-0.09,,,,,399.8,175,2305,,식품,KOSDAQ
037400,10652.17,,,,11.41,,,,0.2335,86.7,175,3335,,디스플레이장비및부품,KOSDAQ
084440,336.84,,,,14.1,,,,1.0,-4.49,195,5100,14.55,교육서비스,KOSDAQ
106080,75.74,,,,-92.25,,,,,180.74,95,1650,,핸드셋,KOSDAQ
092600,1025.59,,,,-174.87,,,,1.0,95.87,128,2560,1.03,전자제품,KOSDAQ
054410,399.29,,,,13.88,,,,,253.23,171,2990,,비철금속,KOSDAQ
227610,423.85,,,,-18.11,,,,,158.56,192,990,,화장품,KOSDAQ
001000,35.91,,,,4.88,,,,,140.73,84,1729,,부동산,KOSDAQ
306040,1634.14,,,,-158.63,,,,1.0,190.69,164,1767,,"섬유,의류,신발,호화품",KOSDAQ
034940,593.11,,,,-65.98,,,,,245.85,167,2690,,제약,KOSDAQ
087260,349.43,,,,-8.96,,,,1.0,-80.17,80,247,,자동차부품,KOSDAQ
079970,267.61,,,,7.43,,,,1.0,4.49,76,596,7.68,소프트웨어,KOSDAQ
009620,2856.56,,,,78.88,,,,,2101.66,162,4635,,비철금속,KOSDAQ
009730,919.95,,,,-138.9,,,,,394.56,159,1993,,비철금속,KOSDAQ
065420,208.52,,,,-28.95,,,,,46.02,73,940,,석유와가스,KOSDAQ
276040,67.59,,,,-122.33,,,,,20.81,71,327,,소프트웨어,KOSDAQ
030350,158.79,,,,-19.45,,,,,4.44,152,973,,게임엔터테인먼트,KOSDAQ
137940,1200.63,,,,-355.81,,,,,-263.02,182,1853,,화장품,KOSDAQ
900100,63.41,,,,-83.57,,,,,32.52,58,1096,,"섬유,의류,신발,호화품",KOSDAQ
291810,57.72,,,,-32.33,,,,,-61.8,57,409,,소프트웨어,KOSDAQ
244460,8.16,,,,-73.9,,,,,93.91,134,1651,,제약,KOSDAQ
352770,20.08,,,,-77.6,,,,,36.57,136,5250,,생물공학,KOSDAQ
052770,57.04,,,,-49.26,,,,,10.48,45,312,,게임엔터테인먼트,KOSDAQ
225430,159.9,,,,-29.23,,,,,185.32,45,698,,가정용품,KOSDAQ
335870,419.56,,,,-27.96,,,,,-37.41,129,3860,,"섬유,의류,신발,호화품",KOSDAQ
067770,118.97,,,,-2.07,,,,1.0,-352.19,87,1031,12.18,디스플레이장비및부품,KOSDAQ
058450,62.86,,,,-59.92,,,,,82.85,32,599,,방송과엔터테인먼트,KOSDAQ
060480,362.86,,,,-2.1,,,,,-20.83,124,1117,,비철금속,KOSDAQ
065570,332.61,,,,-1.95,,,,,86.22,123,764,,조선,KOSDAQ
312610,137.08,,,,-95.21,,,,,114.77,7,37,,자동차부품,KOSDAQ
032685,548.15,,,,-2.44,,,,,-479.02,4,6230,,IT서비스,KOSDAQ
308100,376.83,,,,-80.85,,,,,272.29,65,251,,"섬유,의류,신발,호화품",KOSDAQ
250930,378.76,,,,-8.13,,,,,281.02,59,893,,디스플레이장비및부품,KOSDAQ
377220,721.62,,,,-186.03,,,,,347.01,110,1950,,건강관리업체및서비스,KOSDAQ
289010,915.87,,,,14.02,,,,,-99.18,106,762,,교육서비스,KOSDAQ
025870,700.37,,,,-15.55,,,,1.0,181.96,42,1059,,식품,KOSDAQ
199730,231.48,,,,-62.77,,,,,69.11,34,695,,생명과학도구및서비스,KOSDAQ
208640,60.19,,,,-78.76,,,,,-6.55,93,666,,게임엔터테인먼트,KOSDAQ
065770,236.4,,,,-11.83,,,,1.0,-76.72,93,881,,통신장비,KOSDAQ
288980,231.7,,,,-59.33,,,,,489.22,74,203,,소프트웨어,KOSDAQ
240600,286.8,,,,-77.84,,,,,51.38,75,900,,전기제품,KOSDAQ
131760,463.45,,,,-29.31,,,,1.0,272.31,112,1285,,디스플레이장비및부품,KOSDAQ
035620,116.04,,,,-22.76,,,,,310.3,111,599,,방송과엔터테인먼트,KOSDAQ
021045,2774.25,,,,23.71,,,,,739.84,17,2000,,철강,KOSDAQ
035290,90.2,,,,-18.78,,,,,10.39,18,384,,교육서비스,KOSDAQ
03481K,22600.79,,,,418.41,,,,,7041.81,81,5860,,종이와목재,KOSDAQ
012340,827.99,,,,-72.28,,,,,210.78,82,374,,전기제품,KOSDAQ
044180,277.87,,,,-42.67,,,,1.0,798.78,55,205,,건설,KOSDAQ
313760,74.81,,,,-48.72,,,,,224.59,52,468,,전기제품,KOSDAQ
142760,112.16,,,,-65.31,,,,0.9919,51.39,100,476,,제약,KOSDAQ
305090,128.43,,,,-91.71,,,,,165.95,102,538,,건강관리장비와용품,KOSDAQ
