종목코드,매출액_2025,매출액_2026,매출액_2027,매출액_2028,영업이익_2025,영업이익_2026,영업이익_2027,영업이익_2028,지배비율,순차입금,시가총액,현재가,PER,업종,시장
005935,3336059.38,7396374.68,9559864.68,10181876.28,436010.51,3912502.73,5531305.86,5516795.67,0.9873,-1675903.07,1469944,183200,,반도체와반도체장비,KOSPI
000660,971466.75,3442818.09,5045811.43,5518524.79,472063.19,2652551.83,3954884.83,4084823.68,0.9986,-668447.84,12294187,1683000,,반도체와반도체장비,KOSPI
005930,3336059.38,7396374.68,9559864.68,10181876.28,436010.51,3912502.73,5531305.86,5516795.67,0.9873,-1675903.07,14528002,248500,,반도체와반도체장비,KOSPI
402340,104555.53,180990.0,228216.67,230443.33,87974.21,482125.33,600482.5,606465.0,1.0,-13112.77,1319240,1000000,,반도체와반도체장비,KOSPI
032830,371383.1,,,,25804.69,34544.25,69533.25,45800.38,1.0,,591000,295500,,생명보험,KOSPI
028260,407422.41,455707.07,493136.15,514226.67,32927.47,38109.0,44037.31,47717.17,0.7038,-38038.9,572452,353000,,복합기업,KOSPI
105560,812307.08,,,,85177.11,94482.56,95887.75,98431.93,0.9916,,642694,181200,,은행,KOSPI
012450,267029.01,324104.0,346517.32,371269.32,30893.2,46453.95,57056.37,63529.53,0.6486,67515.16,584213,1133000,,우주항공과국방,KOSPI
068270,41624.95,55304.44,63606.18,71216.47,11684.71,18550.22,22666.59,25636.65,0.9934,26085.71,411732,177000,,제약,KOSPI
034730,1227033.38,1498106.36,1465789.73,1525543.78,18184.76,123365.55,118064.0,136976.78,0.3895,496014.83,404565,558000,,석유와가스,KOSPI
006400,132667.31,159549.63,197525.95,244078.24,-17223.61,3855.89,14562.53,24984.06,0.8604,106775.0,427909,531000,,전기제품,KOSPI
086790,689436.35,,,,53508.98,59870.47,62471.88,65090.5,0.9849,,380442,140400,,은행,KOSPI
042660,127835.12,158161.4,153472.8,164802.58,11675.9,22521.45,25152.4,28582.0,0.9999,47157.9,261064,85200,,조선,KOSPI
267260,40794.98,46914.13,55469.0,64687.29,9953.13,12327.13,15511.4,18902.79,1.0,-8268.76,263144,730000,,전기장비,KOSPI
010120,49657.99,65415.13,80098.75,94441.47,4264.07,7199.81,10368.5,13510.6,1.0,8044.96,296250,197500,,전기장비,KOSPI
316140,415483.95,,,,36748.08,43792.63,47979.69,50413.67,0.971,,271137,36800,,은행,KOSPI
010130,165878.51,239348.29,238733.43,247067.33,12319.27,22605.0,19968.86,21588.83,0.9981,60740.67,240457,1152000,,비철금속,KOSPI
000150,197841.38,218423.83,252348.5,284230.0,10627.15,18124.92,25064.08,31031.0,0.5085,54570.67,201127,1242000,,복합기업,KOSPI
096770,802960.54,1041171.5,953858.83,954075.42,4486.84,87325.33,45473.17,43849.75,0.8956,261185.73,226362,133900,,석유와가스,KOSPI
015760,974293.46,976316.69,989840.85,1008147.08,134905.57,78234.69,110807.31,129654.67,0.9593,1306591.75,204466,31850,,전기유틸리티,KOSPI
042700,5766.85,8196.0,11239.0,13148.0,2513.9,3822.0,5617.0,6843.0,1.0,-862.95,215406,226000,,반도체와반도체장비,KOSPI
323410,30862.91,,,,6493.71,7389.83,8803.58,9725.45,,,103058,21600,,은행,KOSPI
006800,292830.28,582144.67,493576.0,520335.67,19151.04,47817.2,26232.4,27610.4,0.9734,,177296,32650,,증권,KOSPI
003550,72525.47,82742.67,91080.56,98648.71,9121.74,16128.0,20042.78,22033.57,0.8175,-25430.26,168579,111500,,복합기업,KOSPI
051910,459321.67,560191.17,633172.08,696066.33,11809.0,12712.75,38502.17,53851.08,0.7851,307180.26,188835,267500,,화학,KOSPI
207940,45569.72,54951.31,64069.0,68466.8,20692.21,24162.15,28197.58,30980.9,0.9985,-9473.01,648999,1402000,,제약,KOSPI
009150,113144.59,143411.85,183218.45,234175.28,9133.31,19468.0,37320.5,58742.22,0.9622,-2270.93,987451,1322000,,전자장비와기기,KOSPI
005380,1862544.72,1939053.84,2027830.2,2127367.9,114678.51,114487.16,132356.96,142401.33,0.9145,1025242.74,752485,367500,,자동차,KOSPI
278470,15273.45,30830.37,42386.26,52186.44,3655.21,7666.74,10744.37,13393.0,0.9985,-1952.48,136088,363500,,화장품,KOSPI
272210,36641.51,45383.43,51632.14,59467.07,1198.99,2485.5,4530.64,5778.43,1.0,17248.57,138478,73300,,우주항공과국방,KOSPI
064350,58390.32,68395.0,77290.82,88512.19,10056.41,10808.24,13191.12,16463.56,0.997,-24542.29,134245,123000,,우주항공과국방,KOSPI
030200,282441.61,273840.06,280104.39,286069.06,24691.33,21203.89,22642.44,23659.22,0.9332,95653.68,133824,53100,,다각화된통신서비스,KOSPI
011070,218966.03,254998.63,268909.47,283138.25,6650.07,12757.32,14683.26,17479.81,1.0,9425.44,119756,506000,,전자장비와기기,KOSPI
005830,230479.16,,,,23839.5,,,,0.7872,,125499,191600,,손해보험,KOSPI
047810,36963.79,53939.5,67116.19,75593.44,2691.9,3524.56,5854.63,7396.31,0.9915,27887.67,128375,131700,,우주항공과국방,KOSPI
035420,120350.07,137904.17,157115.57,182214.53,22081.38,21970.3,25750.65,30073.79,0.998,-37918.97,308752,203000,,양방향미디어와서비스,KOSPI
003490,252255.42,282334.36,280204.45,287136.64,11135.89,11003.45,22243.45,25781.36,1.0,192096.56,109177,29650,,항공사,KOSPI
066570,892008.82,966484.59,1010770.71,1052523.07,24783.92,46394.53,49360.82,60193.13,0.8057,41258.6,317462,194900,,전자제품,KOSPI
000810,247785.2,,,,26591.43,32316.92,38353.46,37044.0,1.0,,300477,673000,,손해보험,KOSPI
078930,251841.27,286612.8,281332.2,283044.0,29360.61,51915.0,36700.0,36994.0,0.8262,61654.03,106272,114400,,석유와가스,KOSPI
055550,646819.6,,,,70233.57,80829.75,84632.75,87826.2,0.993,,539868,115000,,은행,KOSPI
010140,106500.11,128095.42,146558.63,159867.61,8622.11,13813.89,19722.53,23460.78,1.0,-1987.7,194480,22100,,조선,KOSPI
017670,170992.13,176591.15,180127.6,184044.25,10732.15,19601.15,20848.25,22035.6,1.0,82031.19,190948,88900,,무선통신서비스,KOSPI
086280,295664.09,331591.41,345729.82,359207.5,20730.08,21591.94,23576.06,24881.25,0.9987,-5446.09,154500,206000,,항공화물운송과물류,KOSPI
047050,323736.04,351290.15,359681.0,369320.46,11653.16,14652.08,15480.15,16311.15,0.9581,67614.96,97813,55600,,무역회사와판매업체,KOSPI
003230,23517.85,31414.07,37694.36,42824.4,5241.88,7337.86,8947.86,10510.2,0.9998,424.07,97553,1295000,,식품,KOSPI
090430,42528.2,47258.21,51770.16,56190.56,3358.27,4871.16,5671.95,6445.78,0.9562,-8086.94,84464,144400,,화장품,KOSPI
034020,170578.76,183496.5,205117.87,229429.53,7627.12,11307.5,16235.73,20569.27,0.6411,45793.89,548320,85600,,기계,KOSPI
373220,236717.59,324093.5,417233.83,496637.94,13461.2,8298.78,39816.5,61264.18,0.7575,250840.51,821340,351000,,전기제품,KOSPI
018260,139298.68,144025.87,151545.0,159241.71,9571.03,8237.2,10686.33,11809.86,0.9821,-57031.26,166749,215500,,IT서비스,KOSPI
064400,61295.43,65697.5,71548.25,77959.27,5518.28,5820.75,6680.42,7375.27,0.9971,-10425.1,67917,70100,,IT서비스,KOSPI
000270,1141409.19,1257144.16,1313757.32,1365253.33,90781.48,102394.16,112935.0,121668.0,1.0,-211997.07,482160,123500,,자동차,KOSPI
005940,136989.24,338079.33,290477.33,297504.0,14205.8,23237.75,20250.13,20493.21,0.9697,,97101,26300,,증권,KOSPI
180640,2983.62,,,,-75.24,,,,0.9738,823.32,91531,137100,,항공사,KOSPI
000880,747854.4,927340.0,963340.0,1000900.0,41468.83,74220.0,89260.0,96820.0,0.3107,46978.59,75354,141300,,복합기업,KOSPI
307950,42520.67,48316.33,54661.87,63361.62,2553.02,2836.4,3518.87,4420.0,0.9755,-4619.81,101194,369000,,IT서비스,KOSPI
005490,690948.86,736454.05,761427.89,787309.78,18270.63,30929.47,38389.58,44428.17,0.9054,179179.05,254762,321500,,철강,KOSPI
016360,148739.02,277355.0,236345.0,243245.0,13756.73,23117.29,21025.94,21395.81,1.0,,77334,86600,,증권,KOSPI
000100,21866.38,23471.94,25614.69,28602.69,1043.74,1289.25,2028.44,3026.56,1.0,-959.87,57641,78300,,제약,KOSPI
009540,299332.15,344961.08,375340.58,403408.42,39044.9,61584.5,73629.83,84285.17,0.8016,-110945.45,255491,361000,,조선,KOSPI
028050,90287.69,107192.38,128984.38,141388.95,7920.79,9821.43,11916.38,13245.84,0.9729,-36619.52,98392,50200,,건설,KOSPI
039490,171217.04,369379.0,300835.67,307065.67,14882.4,22916.72,19010.89,19670.82,1.0,,71603,273000,,증권,KOSPI
175330,46305.45,,,,9523.14,10267.54,10949.46,11569.0,0.977,,61179,32800,,은행,KOSPI
000720,310629.12,269351.95,285995.8,307547.89,6530.06,8689.35,11276.05,13761.83,0.7674,6231.61,139751,125500,,건설,KOSPI
088350,274363.51,,,,11472.5,17329.5,17680.0,18712.0,0.7668,,52633,6060,,생명보험,KOSPI
052690,5187.68,5747.6,7434.89,9212.67,354.53,634.9,952.78,1507.44,0.9889,-830.03,51368,134400,,전기유틸리티,KOSPI
259960,33265.54,48470.22,51875.67,55595.13,10543.81,14507.67,15637.94,16774.93,0.9919,-21242.54,96528,211000,,게임엔터테인먼트,KOSPI
443060,19827.01,23493.1,26459.9,30498.4,3501.41,4185.0,5325.3,6630.7,1.0,-5145.06,104910,234000,,조선,KOSPI
298040,59685.12,71937.64,85611.14,100314.0,7469.68,11297.21,15675.43,20398.54,0.9855,5156.8,260248,2791000,,전기장비,KOSPI
267250,712594.38,847697.0,898414.8,962317.4,60996.36,123888.0,115708.8,128127.4,0.3936,7714.96,191953,243000,,조선,KOSPI
036570,15069.25,27947.83,32055.06,33623.79,160.78,5227.61,5966.94,6073.5,0.9712,-14930.01,43950,204000,,게임엔터테인먼트,KOSPI
161390,212022.99,225571.76,237660.47,247939.8,18410.76,21857.41,24492.24,26218.6,0.9549,35329.27,75192,60700,,자동차부품,KOSPI
047040,80546.27,80858.95,90325.89,101602.88,-8154.31,8269.32,8120.26,9066.18,0.9881,31023.76,75360,18340,,건설,KOSPI
035720,80991.48,83383.0,89654.32,97198.25,7320.37,10366.58,11835.47,13471.0,0.892,-90183.57,153056,34550,,양방향미디어와서비스,KOSPI
079550,43069.36,51246.31,60817.56,71302.44,3194.42,4489.75,6269.44,8384.63,1.0,16723.11,153780,699000,,우주항공과국방,KOSPI
010950,342469.57,422387.79,398713.93,379444.5,2356.31,44210.43,33031.21,28125.0,1.0,75316.31,163808,145500,,석유와가스,KOSPI
000500,25456.98,32528.5,38910.0,45020.0,791.92,1381.5,2870.0,4140.0,1.0,4290.98,70275,236000,,전기장비,KOSPI
003670,29386.98,32950.31,42661.25,55245.93,328.27,1007.5,1814.31,2833.13,0.8926,35152.63,157346,176900,,화학,KOSPI
024110,292172.06,,,,36555.89,37151.23,40117.54,42377.25,0.9937,,165865,20800,,은행,KOSPI
029780,43828.54,46925.0,47337.5,49162.5,8536.95,8147.5,8496.67,8763.33,0.9989,,52774,45550,,카드,KOSPI
009830,133330.55,182673.75,195898.08,204049.92,-3647.59,8899.67,12961.08,14572.83,0.9836,128985.87,64544,28700,,에너지장비및서비스,KOSPI
006260,318700.31,410841.55,437010.73,461406.2,10525.54,19996.27,22339.82,25700.6,0.6196,104616.6,96096,308000,,전기장비,KOSPI
082740,13710.57,15541.0,21435.43,24796.43,1300.66,2273.14,3720.86,4694.0,1.0,-1676.54,41974,50300,,조선,KOSPI
071050,194661.43,419870.0,417760.0,419820.0,23453.29,40613.81,32549.75,33383.2,1.0,,107273,192500,,증권,KOSPI
088980,,,,,,3460.0,3570.0,3700.0,,,47126,9840,,운송인프라,KOSPI
005387,1862544.72,1939053.84,2027830.2,2127367.9,114678.51,114487.16,132356.96,142401.33,0.9145,1025242.74,61606,176200,,자동차,KOSPI
012330,611181.27,649982.56,693712.56,730347.64,33574.56,37863.84,42499.88,46080.27,0.9977,-89091.2,356588,397000,,자동차부품,KOSPI
066970,21549.39,35794.29,43574.29,51921.69,-1568.5,2153.0,2383.0,3188.92,0.983,14382.17,46136,113400,,전기제품,KOSPI
326030,7067.41,9778.13,11873.38,13877.27,2039.38,3470.25,4678.13,6051.4,1.0,-3330.46,61084,78000,,제약,KOSPI
329180,175806.33,247555.29,266635.65,286385.38,20375.1,40491.76,47253.06,55163.0,1.0,-49151.16,493318,470000,,조선,KOSPI
034220,258100.82,253880.33,264572.17,269305.33,5169.77,9338.67,14373.67,17335.67,0.9409,119989.1,44050,8810,,디스플레이패널,KOSPI
007660,10880.25,16259.13,22826.5,26896.88,2047.25,3494.63,5281.0,6436.25,1.0,408.18,77520,105600,,반도체와반도체장비,KOSPI
004020,227332.37,240241.68,249876.11,255436.78,2192.35,3680.47,6744.21,7811.83,0.8969,81868.27,43370,32500,,철강,KOSPI
001440,36360.18,43980.0,46800.29,52789.57,1286.13,2290.14,2566.14,3257.14,0.9707,5639.37,55074,28100,,전기장비,KOSPI
008930,13569.58,,,,1387.27,,,,1.0,856.68,33341,48750,,제약,KOSPI
022100,10751.75,9993.0,11930.0,14487.0,603.89,404.0,735.0,1161.0,0.9898,-2469.25,32763,21550,,IT서비스,KOSPI
375500,74024.25,70566.37,71572.84,76883.35,3869.53,5744.58,5756.84,6461.47,0.9968,-10892.93,32387,83700,,건설,KOSPI
051900,63554.9,64667.87,67727.47,70493.93,1706.89,3790.67,4482.27,4915.79,0.9691,-11373.38,44477,297000,,화장품,KOSPI
128940,15475.31,17596.72,17887.22,19011.65,2577.99,3667.83,3096.44,3116.82,0.9094,90.87,60019,468500,,제약,KOSPI
241560,87918.88,94797.0,99540.33,102948.33,6861.32,8558.33,9375.33,10349.83,1.0,-3060.2,58185,60700,,기계,KOSPI
001040,450188.29,472677.27,490172.5,513301.25,25277.38,24702.45,27642.0,30864.13,0.4718,168752.98,38601,132300,,복합기업,KOSPI
031210,27587.2,,,,3757.02,,,,0.9999,,30442,43600,,손해보험,KOSPI
021240,49635.66,56966.5,64071.25,71289.5,8786.52,10133.0,11836.0,12775.5,1.0,25247.31,70555,99700,,가정용기기와용품,KOSPI
336260,4547.95,5009.67,8336.17,9972.4,-1056.73,-743.0,443.33,751.2,0.9963,5482.62,30389,46400,,에너지장비및서비스,KOSPI
011790,18400.36,24877.0,29587.5,34605.0,-3050.25,-688.0,762.5,2495.0,0.8883,22288.37,42506,85700,,화학,KOSPI
138930,101525.1,,,,9026.81,10035.14,11143.71,11736.92,0.9741,,49217,16040,,은행,KOSPI
267270,37765.24,95282.0,105208.57,113469.14,1708.83,7862.43,9423.43,11463.43,1.0,9841.04,66324,138400,,기계,KOSPI
032640,154517.45,153950.5,158064.33,161264.22,8921.31,11498.44,12333.17,13168.06,1.0,45084.03,63452,14950,,무선통신서비스,KOSPI
023530,137383.55,143062.54,147308.46,151136.62,5470.37,7987.85,8679.31,9373.15,0.9256,119784.62,33352,117900,,백화점과일반상점,KOSPI
139130,80409.68,,,,5832.41,6314.46,6889.31,7286.08,0.9753,,29756,18790,,은행,KOSPI
103590,20445.52,23475.75,25219.75,26766.0,1512.27,2524.0,2766.0,3117.0,1.0,-439.49,32903,69000,,전기장비,KOSPI
271560,33324.43,37808.93,40297.71,42407.5,5582.58,6411.36,7003.71,7465.8,0.9835,-12166.55,44984,113800,,식품,KOSPI
377300,9583.71,12931.5,15015.17,17974.17,503.67,1700.5,2023.67,2468.67,0.8745,-44393.61,63321,46800,,IT서비스,KOSPI
454910,329.78,,,,-594.72,,,,,-1686.94,44531,68700,,기계,KOSPI
035250,14767.27,14743.11,14930.56,16204.88,2353.11,2191.78,2140.44,2715.0,1.0,-29273.88,31663,14800,,"호텔,레스토랑,레저",KOSPI
192820,23987.58,29699.32,34632.05,39255.72,1957.92,2568.95,3156.89,3706.22,0.9582,7500.21,31325,276000,,화장품,KOSPI
062040,5019.46,6851.7,8807.3,11180.22,1786.34,2554.2,3384.4,4380.78,1.0,-2155.58,59662,194700,,전기장비,KOSPI
003690,67044.02,,,,4709.39,,,,1.0,,26650,15080,,손해보험,KOSPI
001450,181103.79,,,,12609.94,,,,0.9812,,43306,50800,,손해보험,KOSPI
010060,33800.6,41113.0,45935.43,50756.29,-576.27,3467.86,5565.43,6588.86,0.8039,9586.85,37994,203500,,화학,KOSPI
018880,108837.28,113387.2,117890.45,123224.72,2703.72,4269.5,4976.7,5558.33,0.9894,28264.69,35355,3445,,자동차부품,KOSPI
004170,69294.99,73049.33,76082.67,79439.89,4799.62,7906.0,8700.22,9352.44,0.8339,39443.1,35183,372500,,백화점과일반상점,KOSPI
161890,27224.19,31933.57,35967.17,39563.83,2395.95,3456.55,4115.33,4660.89,0.7806,10641.17,34416,145800,,화장품,KOSPI
302440,6513.68,6932.5,7617.5,8263.0,-1235.02,-1054.0,-400.5,-240.0,1.0,-2892.36,29539,37650,,제약,KOSPI
353200,10652.95,16028.62,19953.08,23316.23,490.61,2763.38,4066.38,5050.54,0.9995,-2162.12,47243,95600,,전자장비와기기,KOSPI
004370,35143.16,37574.86,39609.79,40938.8,1839.33,2323.31,2489.92,2643.1,0.9963,-10975.06,25213,414500,,식품,KOSPI
017800,24673.78,26300.0,29100.0,31900.0,2092.22,2140.0,2190.0,2300.0,1.0,3217.22,29007,74200,,기계,KOSPI
011170,184830.05,208711.82,192122.91,195097.27,-9431.16,-589.55,503.91,3593.91,0.7997,77206.58,27804,65000,,화학,KOSPI
002380,64838.19,68819.6,71938.0,74602.2,4276.15,4534.0,5024.6,5373.2,1.0,42230.96,40473,471000,,건축자재,KOSPI
0126Z0,2516.9,18577.33,20855.0,22952.67,-636.41,2468.0,3099.67,2558.33,1.0,2467.96,81990,329500,,제약,KOSPI
352820,26498.7,48852.1,42778.0,46779.26,493.18,2849.95,4828.62,5426.37,0.9689,-7203.21,74920,173800,,방송과엔터테인먼트,KOSPI
011200,108914.43,128212.08,118255.15,115315.69,14612.02,16138.77,10364.85,8811.92,1.0,-65426.06,199023,21100,,해운사,KOSPI
103140,50485.8,61769.4,65248.67,67876.36,2974.27,4265.27,3928.8,4219.64,1.0,10110.41,21747,77600,,비철금속,KOSPI
030000,45468.95,45472.2,48017.3,50198.25,3368.9,3286.18,3564.09,3687.88,0.9936,-5074.79,21743,18900,,광고,KOSPI
009970,48950.1,,,,7354.75,,,,0.6063,-15021.19,22073,170400,,"섬유,의류,신발,호화품",KOSPI
051600,15765.17,16293.8,17041.3,17679.1,1401.02,1746.4,1959.6,2090.2,1.0,-2782.69,21150,47000,,전기유틸리티,KOSPI
111770,40635.84,45223.86,47373.86,50145.17,5144.39,6424.57,7164.71,7986.83,1.0,-7396.17,32037,72300,,"섬유,의류,신발,호화품",KOSPI
004990,155396.27,157191.0,162650.0,169163.33,2394.39,3528.67,4472.67,5370.0,0.6531,76316.01,25115,25200,,복합기업,KOSPI
085620,51884.29,,,,1945.12,2065.0,2393.0,2472.0,1.0,,26536,19630,,생명보험,KOSPI
006360,124503.47,109331.19,118579.24,127537.56,4378.09,4155.9,5918.19,6944.5,0.8664,40469.93,30980,36200,,건설,KOSPI
004800,24317.09,26120.0,26903.33,29156.67,3930.21,5440.0,5300.0,5786.67,0.8386,13984.24,26299,157100,,복합기업,KOSPI
036460,357273.36,369942.38,377527.63,374729.75,21011.51,25276.88,23793.13,24669.25,1.0,330240.39,33879,36700,,가스유틸리티,KOSPI
457190,4114.7,,,,16.15,,,,1.0,1556.56,19008,62900,,화학,KOSPI
018670,76763.19,98985.0,92745.67,96480.33,4428.31,4599.33,5136.33,5293.67,0.794,26026.17,23080,249000,,가스유틸리티,KOSPI
462870,2945.46,2149.0,2171.0,3763.8,1814.18,1080.3,1037.8,2317.5,1.0,-5410.08,19003,32350,,게임엔터테인먼트,KOSPI
009420,1551.85,1701.5,1968.25,2083.0,-9.16,42.0,111.0,53.33,0.6334,147.99,25493,48800,,제약,KOSPI
005385,1862544.72,1939053.84,2027830.2,2127367.9,114678.51,114487.16,132356.96,142401.33,0.9145,1025242.74,41640,178400,,자동차,KOSPI
028670,54328.88,69166.69,70375.46,72012.69,4919.48,6763.0,6810.92,6990.85,1.0,41405.81,32341,6050,,해운사,KOSPI
439260,12281.28,13276.5,13713.17,14941.5,2941.03,3646.83,3749.17,4301.83,1.0,-6298.42,17692,46450,,조선,KOSPI
081660,44686.46,47469.5,48445.17,49578.0,4747.81,6213.0,6225.33,6392.0,0.6591,13756.9,20945,39450,,"섬유,의류,신발,호화품",KOSPI
475150,3856.41,5591.2,1595.2,1658.0,529.98,654.8,841.4,832.5,1.0,3383.52,17102,50200,,에너지장비및서비스,KOSPI
483650,5197.35,7557.06,9889.18,12182.75,1014.69,1642.35,2222.24,2805.5,0.9996,-1973.9,20755,165700,,화장품,KOSPI
002790,46231.75,,,,3680.0,,,,0.4246,-16403.41,20185,26400,,화장품,KOSPI
073240,47012.82,51016.0,53579.7,56200.25,5758.59,6244.9,6612.5,7463.75,0.9331,12484.08,20252,7050,,자동차부품,KOSPI
006040,95836.74,102554.0,106629.67,110630.0,5161.34,5742.0,6005.33,6140.0,0.9467,21050.03,16663,37750,,식품,KOSPI
005850,52399.39,56064.67,59556.83,63106.0,4070.99,4425.33,4791.33,5491.83,0.9708,-7022.77,23549,50700,,자동차부품,KOSPI
000120,122846.52,132513.55,137548.64,143196.27,5080.81,4698.18,5340.18,5899.18,0.9451,38229.46,16630,72900,,항공화물운송과물류,KOSPI
489790,17909.22,20334.0,23415.0,25948.67,1622.67,2034.0,2967.33,3731.0,1.0,1530.85,22442,44450,,통신장비,KOSPI
008770,40683.06,40122.69,41498.31,43817.0,135.13,1976.38,2457.92,2850.18,0.9984,9742.49,16151,41150,,백화점과일반상점,KOSPI
020560,72668.5,,,,-3451.9,,,,0.631,60195.1,16211,7870,,항공사,KOSPI
069960,42303.21,43044.47,46381.24,48606.76,3779.48,4179.59,5122.71,5595.24,0.9829,13062.4,21349,99000,,백화점과일반상점,KOSPI
112610,29316.49,28480.0,32400.0,33191.63,3203.23,3043.4,3380.8,2642.75,0.9778,7948.04,21592,51200,,에너지장비및서비스,KOSPI
097950,273425.89,293036.15,305031.77,317511.0,12336.05,12092.38,13996.15,15284.44,0.7561,115284.69,27158,180400,,식품,KOSPI
011210,84815.61,90885.07,96189.87,101408.15,2044.13,2187.53,2666.6,2987.0,0.9502,-2845.84,15338,56400,,자동차부품,KOSPI
282330,90612.16,95135.0,99173.38,103035.93,2539.47,3071.44,3401.5,3665.5,0.9988,-4201.09,24820,143600,,백화점과일반상점,KOSPI
001720,24663.81,31713.66,,,1361.46,1958.39,,,0.9554,,24200,147200,,증권,KOSPI
279570,13348.3,,,,1170.85,1164.0,1986.0,2838.0,,,22800,5620,,은행,KOSPI
450080,3925.06,,,,-653.69,,,,,6767.06,24360,34400,,전기제품,KOSPI
000240,14575.52,14411.0,15601.0,16860.0,4116.26,4211.0,4716.0,5340.0,1.0,-351.78,23354,24600,,자동차부품,KOSPI
001430,36515.85,41092.17,44170.58,46125.64,984.12,1649.42,2253.92,2648.45,0.9928,12059.87,14668,40900,,철강,KOSPI
120110,48733.99,53155.33,55417.5,57748.5,1088.96,2780.5,2985.83,3361.83,0.951,22920.57,16410,54800,,화학,KOSPI
251270,28350.74,29197.17,29755.11,30875.0,3524.78,3272.17,3717.17,3985.43,0.9756,1205.57,29189,35100,,게임엔터테인먼트,KOSPI
007070,119574.22,125160.6,129332.87,133583.79,2921.2,3627.27,3917.07,4128.79,1.0,19593.92,21571,25800,,백화점과일반상점,KOSPI
298020,76948.44,88099.67,90622.17,95729.67,2515.03,5571.17,6144.67,6563.5,0.774,22664.76,14368,332000,,무역회사와판매업체,KOSPI
023590,174950.04,,,,15592.84,,,,0.437,-482973.99,17618,40700,,증권,KOSPI
071970,4023.96,6063.8,7656.6,8911.0,759.12,1550.0,2117.0,2604.0,1.0,-4232.94,17470,51500,,조선,KOSPI
009155,113144.59,143411.85,183218.45,234175.28,9133.31,19468.0,37320.5,58742.22,0.9622,-2270.93,13910,478500,,전자장비와기기,KOSPI
093370,4715.64,6908.0,7659.0,8951.0,253.5,765.0,1057.0,1230.0,0.8701,2632.79,15252,14220,,화학,KOSPI
011780,69151.45,79501.25,77695.58,78041.83,2718.29,5425.17,4421.17,4739.5,0.9999,-853.11,31044,123400,,화학,KOSPI
006280,19912.79,19881.08,21101.0,22768.77,691.5,725.62,980.77,1277.46,0.884,8941.9,14912,127600,,제약,KOSPI
003540,50638.9,,,,3014.02,6236.67,3816.67,3960.0,1.0,,13156,27600,,증권,KOSPI
020150,6775.31,9098.86,13224.14,17243.0,-1452.26,-528.29,308.43,1173.33,0.8308,-375.89,19663,37550,,전자장비와기기,KOSPI
005070,4562.96,5792.0,8926.0,13130.0,23.78,212.0,608.0,1110.0,,888.66,12970,39050,,화학,KOSPI
229640,9600.56,12500.22,13738.67,15196.67,667.78,846.44,949.0,1125.56,0.8836,967.59,14608,47700,,전기장비,KOSPI
000155,197841.38,218423.83,252348.5,284230.0,10627.15,18124.92,25064.08,31031.0,0.5085,54570.67,16625,416000,,복합기업,KOSPI
181710,25162.34,29825.5,33259.5,37764.71,1324.34,1997.7,2523.0,3230.14,0.7829,-4584.32,18112,55300,,IT서비스,KOSPI
089860,29187.52,30496.6,32314.5,34097.4,3125.03,3505.9,3833.0,4151.2,1.0,44991.09,17901,49300,,도로와철도운송,KOSPI
001820,2944.92,3276.5,3984.5,4220.0,128.66,298.5,580.5,620.0,1.0,-881.47,14304,137600,,전기제품,KOSPI
000815,247785.2,,,,26591.43,32316.92,38353.46,37044.0,1.0,,12494,415500,,손해보험,KOSPI
00680K,292830.28,582144.67,493576.0,520335.67,19151.04,47817.2,26232.4,27610.4,0.9734,,13605,10690,,증권,KOSPI
007340,36757.04,45957.0,48911.0,52148.5,5279.08,6949.5,7449.0,8137.0,0.8907,15626.15,26710,45650,,자동차부품,KOSPI
300720,14238.6,13854.5,14815.5,15530.0,1327.39,1343.0,1517.0,1723.5,1.0,4969.89,12216,16610,,건축자재,KOSPI
007310,36745.45,,,,1772.51,,,,0.9595,2748.22,13286,331500,,식품,KOSPI
012630,65847.98,65503.5,72451.0,78230.0,6488.68,9498.5,11268.0,12280.0,0.653,23786.06,16638,27850,,건설,KOSPI
000990,13972.33,16400.0,18585.0,20130.0,2772.95,4165.0,5525.0,7010.0,0.9967,-9156.2,48638,111800,,반도체와반도체장비,KOSPI
000210,53267.21,55385.5,55391.5,56050.0,2985.46,6496.0,6105.0,6170.0,0.9294,45447.6,11044,52700,,화학,KOSPI
000080,24985.67,24531.4,25040.8,25280.67,1723.39,1933.2,2027.8,2081.67,1.0,7752.29,10723,15290,,음료,KOSPI
361610,2618.74,1634.25,2494.5,3977.75,-2463.64,-2308.5,-1015.75,-130.5,1.0,14498.73,12759,15600,,전기제품,KOSPI
001120,167063.1,188307.0,186882.5,189408.67,2921.93,4662.0,4639.0,4750.0,0.8778,18965.43,15698,40500,,무역회사와판매업체,KOSPI
294870,41470.07,38457.06,47789.94,48136.29,2486.14,5213.69,7038.0,6523.86,1.0,12767.84,15983,24250,,건설,KOSPI
192080,7198.97,8390.38,8811.23,9240.2,2321.34,2832.92,3078.69,3251.8,0.8233,-10011.68,12429,58700,,게임엔터테인먼트,KOSPI
139480,289703.88,291004.42,302814.92,308541.7,3225.41,4147.0,5634.58,6040.5,0.8255,114500.08,20586,74600,,백화점과일반상점,KOSPI
004000,17526.83,21190.86,20897.71,21641.57,743.61,1631.29,1657.86,1807.71,1.0,-4418.46,11804,45750,,화학,KOSPI
006340,6245.42,,,,93.51,,,,0.6795,162.83,9974,12720,,전기장비,KOSPI
000370,74497.36,,,,4295.93,,,,1.0,,9993,8560,,손해보험,KOSPI
281820,3828.57,6528.0,8724.0,9260.0,599.66,1462.0,2011.0,2170.0,0.9982,-2632.16,13047,65900,,반도체와반도체장비,KOSPI
017960,9088.1,9459.0,9963.6,10420.67,1309.51,1816.8,1989.4,2167.67,1.0,-1635.39,11110,21500,,조선,KOSPI
415640,,,,,,560.0,620.0,660.0,,,12953,10570,,운송인프라,KOSPI
012750,28894.12,29506.25,31310.75,32895.0,2345.66,2060.75,2536.75,2694.0,0.9999,-1579.0,32413,85300,,상업서비스와공급품,KOSPI
069620,15708.91,16656.56,17606.56,19233.0,1967.82,2311.0,2420.33,2825.78,1.0,7665.99,12792,110400,,제약,KOSPI
001740,67451.27,69241.0,70688.25,72422.5,862.93,1107.75,1366.0,1503.75,0.9823,14693.46,12577,6270,,복합기업,KOSPI
005440,80916.05,84722.0,88406.25,92171.5,2740.74,3449.25,3809.0,4141.5,0.7628,-3765.19,25199,13740,,복합기업,KOSPI
014680,8839.69,9903.0,11273.17,13337.8,1562.33,1822.5,2257.17,2946.0,0.9712,948.65,21048,195000,,화학,KOSPI
003570,7120.22,8077.0,9147.0,10260.0,854.57,1121.0,1357.0,1544.0,1.0,-3243.33,9444,28400,,자동차부품,KOSPI
034230,11498.67,12656.3,13763.9,14684.88,1558.16,1683.1,2061.3,2401.63,0.7652,6206.98,9263,10000,,"호텔,레스토랑,레저",KOSPI
000670,29089.74,,,,-2596.89,,,,,1866.54,9196,49950,,핸드셋,KOSPI
204320,94548.13,98344.83,104224.17,109676.05,3571.21,4115.96,4713.17,5334.95,0.8881,13563.97,22446,47800,,자동차부품,KOSPI
185750,16924.04,17939.0,18836.0,19778.0,805.68,718.0,1319.0,1384.0,0.9951,1081.44,9193,66600,,제약,KOSPI
071055,194661.43,419870.0,417760.0,419820.0,23453.29,40613.81,32549.75,33383.2,1.0,,8729,149000,,증권,KOSPI
071320,39981.87,39223.0,39382.33,38811.0,5296.24,5105.67,4246.0,4094.0,0.9941,37397.42,8649,74700,,복합유틸리티,KOSPI
097230,19997.05,26710.0,29510.0,,670.74,2180.0,3250.0,,1.0,2710.99,14185,15710,,건설,KOSPI
005090,24606.88,25448.33,25938.67,25668.0,958.2,1644.0,1755.67,2469.0,0.8082,17399.96,8372,58100,,에너지장비및서비스,KOSPI
195870,6533.97,8823.27,10163.55,11509.36,464.91,1030.09,1479.18,1800.18,1.0,1298.53,8254,48550,,반도체와반도체장비,KOSPI
079160,22753.69,24988.0,26474.0,28083.33,962.17,1060.4,1281.6,1410.0,1.0,20116.61,9273,5600,,방송과엔터테인먼트,KOSPI
009240,17445.38,16720.5,17366.33,17920.8,184.91,389.0,426.83,524.2,0.9995,1895.95,9237,39250,,가구,KOSPI
005180,14895.87,15731.75,16392.5,16720.0,883.57,1634.25,1705.0,1630.0,1.0,-1441.02,8120,87600,,식품,KOSPI
007810,15097.25,17103.5,19450.5,20506.0,538.16,970.5,1594.0,1876.5,0.8916,1868.81,11620,48450,,전자장비와기기,KOSPI
003160,4322.94,5897.6,7189.0,8223.67,365.08,1157.0,1427.0,1660.33,0.5562,359.69,8108,28650,,반도체와반도체장비,KOSPI
006120,101640.14,,,,3613.54,,,,0.8943,41141.98,9908,56900,,석유와가스,KOSPI
006110,2714.59,3936.2,4782.4,,-176.47,44.0,316.5,,1.0,2331.11,8908,58900,,비철금속,KOSPI
003850,10174.27,,,,650.67,,,,1.0,2538.32,7824,9120,,제약,KOSPI
009450,15022.4,16926.0,18994.0,21342.0,1433.77,2679.0,2668.0,3145.0,0.9989,2040.46,8741,60000,,가정용기기와용품,KOSPI
100090,9653.88,6457.63,7437.5,11730.33,595.09,573.88,614.25,1166.33,0.9968,1803.61,7722,12360,,에너지장비및서비스,KOSPI
032350,6534.48,7792.4,8571.4,9478.88,1433.28,1945.6,2263.8,2621.25,1.0,11891.68,9511,11930,,"호텔,레스토랑,레저",KOSPI
322000,4926.6,6959.0,8534.0,,412.23,1432.33,1665.0,,1.0,-1668.73,14258,127300,,에너지장비및서비스,KOSPI
064960,10063.74,10338.89,11394.67,12151.0,1025.53,1062.78,1197.0,1366.0,1.0,-3583.6,7020,26450,,자동차부품,KOSPI
280360,42159.53,44753.5,46718.71,48409.36,1095.19,2149.71,2412.86,2662.55,1.0,11547.69,12988,141100,,식품,KOSPI
456040,20094.29,21864.67,22045.0,22770.0,4.4,1648.0,1880.67,1966.67,0.9598,5246.13,6858,76600,,화학,KOSPI
005300,39711.44,41022.75,42535.25,43991.78,1671.6,2000.58,2249.83,2422.56,0.9565,14544.81,8982,96800,,음료,KOSPI
192400,9209.29,9950.0,10660.0,11230.0,1140.09,1140.0,1230.0,1290.0,1.0,-3466.13,9726,27350,,가정용기기와용품,KOSPI
077970,7893.42,9044.0,9892.0,13208.5,695.93,1003.5,1190.0,1826.0,1.0,2185.47,9656,24050,,조선,KOSPI
005880,12769.68,12235.2,12124.0,12126.2,2071.64,2513.0,2413.6,2464.6,1.0,10250.27,6745,2090,,해운사,KOSPI
003530,30945.78,,,,1477.01,,,,1.0,,10416,4855,,증권,KOSPI
069260,11276.91,13202.0,13559.67,13568.0,656.15,917.33,936.0,879.33,1.0,-2409.45,6741,16490,,화학,KOSPI
004490,21420.68,23967.0,29980.0,,1537.64,1732.0,2060.0,,1.0,-3132.96,8427,60800,,자동차부품,KOSPI
030190,6021.47,6610.0,7243.0,7863.0,1043.89,1190.5,1306.5,1428.0,1.0,-1481.99,9393,16120,,상업서비스와공급품,KOSPI
268280,5321.23,,,,654.82,,,,1.0,-248.65,6675,133500,,화학,KOSPI
003240,18274.4,,,,-360.15,,,,0.9721,-13030.56,10110,908000,,화학,KOSPI
051915,459321.67,560191.17,633172.08,696066.33,11809.0,12712.75,38502.17,53851.08,0.7851,307180.26,9303,121000,,화학,KOSPI
030610,45067.95,,,,1904.43,,,,1.0,,11636,10210,,증권,KOSPI
285130,23651.64,29278.5,31620.0,33405.0,-2.07,587.0,1592.0,2230.0,1.0,4854.61,9203,53200,,화학,KOSPI
003470,34612.73,,,,993.79,,,,1.0,,9210,4780,,증권,KOSPI
066575,892008.82,966484.59,1010770.71,1052523.07,24783.92,46394.53,49360.82,60193.13,0.8057,41258.6,11529,67100,,전자제품,KOSPI
090460,17926.6,18847.6,21344.0,22567.89,539.78,925.1,1267.7,1461.56,0.8977,-30.67,6776,20100,,전자장비와기기,KOSPI
003090,20683.7,,,,2617.94,,,,0.7681,7061.41,9541,16410,,제약,KOSPI
000400,32206.71,,,,647.36,,,,,,6455,2080,,손해보험,KOSPI
298050,32830.45,35940.5,36532.0,37524.0,1574.33,2369.5,2776.75,2979.5,0.7551,26151.51,7656,170900,,화학,KOSPI
137310,7105.81,,,,-809.45,,,,,-1229.65,7511,6220,,건강관리장비와용품,KOSPI
453340,23296.23,25087.5,26724.0,28165.0,1067.95,1372.5,1498.5,1630.0,0.9948,-1200.06,6121,18850,,식품,KOSPI
383800,1903.59,1580.0,1685.0,1775.0,1333.98,1840.0,1935.0,2075.0,1.0,2009.41,6133,8040,,무역회사와판매업체,KOSPI
002840,4411.38,,,,436.08,,,,1.0,-119.71,6057,134600,,화학,KOSPI
017900,1326.85,,,,12.05,,,,1.0,-913.17,5951,10270,,전자장비와기기,KOSPI
499790,4816.83,6209.4,6788.4,7205.6,780.23,1358.2,1574.4,1739.8,0.6632,6224.65,7982,40250,,"호텔,레스토랑,레저",KOSPI
017940,103925.23,154098.0,154079.0,150674.0,3240.63,1651.0,4487.0,4531.0,0.882,-6912.07,6771,98700,,가스유틸리티,KOSPI
336370,6160.83,5556.0,6899.5,10082.5,-733.36,-753.5,287.5,760.5,0.707,8392.07,5842,8320,,전자장비와기기,KOSPI
108320,16390.71,15473.0,16143.5,17410.0,1088.56,745.5,775.0,925.0,1.0,-4406.46,5709,35100,,디스플레이장비및부품,KOSPI
058650,66110.86,74867.0,78205.0,80300.5,1754.67,3210.0,3962.0,4074.0,0.8423,20358.81,5672,133700,,철강,KOSPI
025540,14428.5,15003.0,15888.0,16785.0,1392.53,1102.0,1371.0,1533.0,1.0,-1336.32,5634,55700,,자동차부품,KOSPI
001800,33931.26,39428.0,40128.0,42150.0,4877.29,6071.0,6291.0,6750.0,0.36,-12314.71,15099,25100,,식품,KOSPI
016380,31934.44,34029.67,35459.67,36884.67,1507.47,1353.33,1605.33,1685.67,1.0,2314.2,5580,5580,,철강,KOSPI
014820,13728.74,,,,661.56,,,,0.999,2862.38,6146,21200,,포장재,KOSPI
248070,17002.46,19450.0,20200.0,21250.0,465.0,750.0,990.0,900.0,1.0,3728.47,6054,12660,,전자장비와기기,KOSPI
001570,1027.81,,,,-446.61,,,,,3021.11,6333,9900,,화학,KOSPI
00104K,450188.29,472677.27,490172.5,513301.25,25277.38,24702.45,27642.0,30864.13,0.4718,168752.98,5494,130000,,복합기업,KOSPI
001510,14046.72,,,,77.86,,,,1.0,,5459,2360,,증권,KOSPI
005810,4325.3,5635.0,5670.0,5815.0,668.01,1387.5,1183.0,1220.0,0.9995,526.02,5392,37400,,비철금속,KOSPI
036530,22356.94,23240.0,25290.0,27360.0,3006.56,3170.0,3490.0,3850.0,0.5611,-10191.21,7712,47300,,자동차부품,KOSPI
006650,33478.22,36353.5,37880.75,38007.5,526.69,1738.75,2278.5,2493.25,0.7322,758.41,6728,103500,,화학,KOSPI
00088K,747854.4,927340.0,963340.0,1000900.0,41468.83,74220.0,89260.0,96820.0,0.3107,46978.59,6208,42300,,복합기업,KOSPI
317450,2872.54,,,,924.98,,,,1.0,-4466.9,6351,43500,,제약,KOSPI
114090,4229.47,4690.71,4936.0,5139.0,526.44,689.29,781.86,864.4,0.9978,-3786.15,5703,9220,,"호텔,레스토랑,레저",KOSPI
000640,14297.67,15779.0,17024.33,18512.33,977.73,1104.33,1193.0,1396.0,0.9871,4729.59,6194,92000,,제약,KOSPI
284740,11213.43,,,,1693.63,,,,0.8898,-655.68,5239,23350,,가정용기기와용품,KOSPI
005690,1140.62,1605.0,2219.0,,343.04,572.0,817.0,,,-401.4,6552,10920,,화학,KOSPI
001680,44013.05,44434.0,45805.0,,1692.82,1919.0,2028.0,,0.9844,10797.32,6476,18690,,식품,KOSPI
003545,50638.9,,,,3014.02,6236.67,3816.67,3960.0,1.0,,5011,20550,,증권,KOSPI
460860,32034.31,37751.67,39717.33,41138.33,593.8,1234.67,1485.0,1601.67,,13551.47,5010,10100,,철강,KOSPI
093050,18824.3,,,,1681.11,,,,0.8414,4868.89,6374,21800,,"섬유,의류,신발,호화품",KOSPI
002990,20184.88,21520.0,23570.0,24780.0,470.84,750.0,1040.0,1300.0,0.9932,14.34,4989,13390,,건설,KOSPI
100840,6061.2,5599.5,6660.0,6890.0,1113.14,1161.5,1490.0,1570.0,1.0,-836.28,7486,36200,,에너지장비및서비스,KOSPI
019170,2346.81,,,,142.55,,,,1.0,-190.16,5279,10070,,제약,KOSPI
001060,7752.98,,,,944.61,,,,1.0,-303.34,6276,26950,,제약,KOSPI
033240,8489.2,10056.0,10064.0,10680.0,419.97,921.0,923.0,970.0,1.0,821.61,5628,26050,,통신장비,KOSPI
001270,9654.64,,,,567.77,,,,0.9998,,5247,50600,,증권,KOSPI
161000,14523.35,,,,-101.93,,,,0.4668,5107.06,4914,10100,,화학,KOSPI
003300,19304.89,,,,1232.24,,,,0.5097,7309.01,5571,18070,,건축자재,KOSPI
004690,52754.61,54361.0,54856.0,55876.0,1596.31,1835.0,1786.0,1858.0,0.8709,750.99,4885,134700,,가스유틸리티,KOSPI
249420,5669.34,,,,194.77,,,,1.0,816.88,4736,14970,,제약,KOSPI
000070,33482.87,,,,1087.66,,,,0.3159,11119.41,4673,60200,,화학,KOSPI
002240,18091.83,,,,407.23,,,,1.0,-278.45,4585,16980,,철강,KOSPI
001500,18204.93,,,,722.52,,,,1.0,,4959,8020,,증권,KOSPI
002030,18844.65,,,,1110.3,,,,0.6036,4845.88,4488,218000,,건축자재,KOSPI
008060,13849.9,,,,113.13,,,,0.5689,-3721.99,4408,14090,,전자장비와기기,KOSPI
003030,37595.75,42340.5,48513.0,52210.0,2058.26,1057.5,3088.0,3788.5,1.0,20507.16,4361,105300,,철강,KOSPI
016610,19219.88,,,,1166.98,,,,0.8528,,4359,10270,,증권,KOSPI
003280,1808.13,,,,112.76,,,,1.0,150.96,4405,1832,,해운사,KOSPI
090435,42528.2,47258.21,51770.16,56190.56,3358.27,4871.16,5671.95,6445.78,0.9562,-8086.94,4756,45050,,화장품,KOSPI
306200,14847.97,18680.0,19609.5,20119.0,496.01,1115.33,1268.17,1458.6,1.0,2511.76,4240,149500,,철강,KOSPI
009900,16191.55,,,,1025.92,,,,1.0,-545.5,4250,8100,,자동차부품,KOSPI
079900,1906.61,1941.0,2146.67,2340.33,287.19,276.0,340.33,394.33,1.0,-325.12,5757,39450,,기계,KOSPI
145990,25625.0,,,,1117.25,,,,0.8903,6948.15,4966,48150,,식품,KOSPI
029460,7973.44,9368.0,10687.0,11756.0,464.63,756.0,973.0,1176.0,0.8698,-2101.88,4226,38350,,반도체와반도체장비,KOSPI
002350,31896.1,34770.87,36194.73,37908.85,1702.97,1757.67,2107.07,2357.92,0.9968,12956.47,5645,5780,,자동차부품,KOSPI
004700,978.8,,,,87.9,,,,,-520.6,4501,67700,,"섬유,의류,신발,호화품",KOSPI
317400,13875.96,15525.0,19865.0,22340.0,125.06,557.67,1003.5,1043.0,0.793,-1450.69,4192,10810,,건설,KOSPI
039130,5869.03,5970.5,6493.75,6883.75,576.27,507.75,651.25,723.5,0.7864,-1279.94,5150,33250,,"호텔,레스토랑,레저",KOSPI
092230,11637.26,,,,429.64,,,,0.6795,-6678.85,4140,98000,,화학,KOSPI
004710,12524.25,,,,204.16,,,,0.2898,2338.93,4813,9060,,전자장비와기기,KOSPI
016590,6395.29,,,,222.41,,,,1.0,-1048.58,4066,10090,,포장재,KOSPI
002810,4468.68,,,,127.62,,,,0.9555,-3143.9,4044,21900,,화학,KOSPI
178920,2634.21,2924.0,3285.5,3679.0,430.39,682.5,754.0,845.0,,-200.79,5362,18260,,화학,KOSPI
344820,19006.06,19835.0,20731.0,21878.0,-752.07,4.0,510.0,732.0,1.0,3428.08,3905,24450,,건축자재,KOSPI
214320,21460.41,21578.5,22429.63,23487.43,1628.0,1854.0,1963.25,2086.14,0.8744,-5212.93,7400,18500,,광고,KOSPI
089590,15799.41,19398.67,19471.33,19810.33,-1116.6,180.33,1103.67,1452.67,0.7564,11477.37,3895,4830,,항공사,KOSPI
006220,3658.75,,,,99.34,,,,1.0,,3855,10200,,은행,KOSPI
001530,6013.52,7106.0,7850.0,9156.0,-15.45,121.0,215.0,349.0,1.0,3868.49,5573,26900,,"섬유,의류,신발,호화품",KOSPI
002960,3449.59,,,,527.81,,,,,-301.51,6604,508000,,화학,KOSPI
003000,2007.14,,,,141.64,,,,1.0,-884.29,3853,3905,,제약,KOSPI
377740,1183.24,,,,167.06,,,,1.0,-3649.99,4860,4770,,건강관리장비와용품,KOSPI
452260,5751.66,,,,94.14,,,,1.0,5115.03,5089,2625,,백화점과일반상점,KOSPI
005389,1862544.72,1939053.84,2027830.2,2127367.9,114678.51,114487.16,132356.96,142401.33,0.9145,1025242.74,4061,174500,,자동차,KOSPI
015360,13275.99,,,,1117.15,,,,1.0,2038.45,4030,14790,,가스유틸리티,KOSPI
183190,10227.9,10701.33,11606.67,12226.0,771.34,739.0,1162.67,1425.33,0.9817,5963.24,3810,10590,,건축자재,KOSPI
092790,5509.92,,,,399.42,,,,1.0,693.01,3796,14600,,철강,KOSPI
003620,43036.37,50812.0,56942.0,59231.0,361.56,361.0,853.0,1079.0,0.9076,7372.5,5343,2640,,자동차,KOSPI
029530,3173.28,,,,62.48,,,,1.0,-4183.27,3789,39000,,사무용전자제품,KOSPI
001200,16940.75,,,,844.41,,,,1.0,,4204,4340,,증권,KOSPI
950210,143.26,248.31,,,-673.51,-928.23,,,1.0,225.16,3672,6110,,제약,KOSPI
105630,19417.77,21196.29,22085.14,22816.67,834.16,1010.57,1055.86,1193.33,0.9982,5226.53,3612,9030,,"섬유,의류,신발,호화품",KOSPI
011760,75542.86,97257.5,95365.0,94714.25,1401.31,2070.5,1985.25,2031.25,0.9992,8648.6,3565,26950,,무역회사와판매업체,KOSPI
007690,13955.56,17852.0,17525.5,17544.5,531.7,895.0,947.5,1049.5,1.0,4401.52,3561,38450,,화학,KOSPI
005420,6641.55,,,,-159.86,,,,,3543.74,4010,10440,,화학,KOSPI
017810,33801.89,35677.0,37527.0,,931.73,1081.0,1216.0,,0.8843,10639.49,3545,9300,,식품,KOSPI
006405,132667.31,159549.63,197525.95,244078.24,-17223.61,3855.89,14562.53,24984.06,0.8604,106775.0,3462,214000,,전기제품,KOSPI
015860,22827.24,,,,1455.91,,,,0.3927,-5626.04,3449,6990,,전기장비,KOSPI
104700,4866.05,5490.0,5520.0,5900.0,-386.99,-160.0,160.0,210.0,,-3323.8,3448,9460,,철강,KOSPI
126560,2645.15,,,,63.09,,,,1.0,-3232.02,3658,3350,,화장품,KOSPI
026960,5328.79,,,,453.37,,,,0.9892,-7694.47,25922,26000,,식품,KOSPI
005945,136989.24,338079.33,290477.33,297504.0,14205.8,23237.75,20250.13,20493.21,0.9697,,4350,23050,,증권,KOSPI
020000,14917.64,15966.5,16759.5,17601.0,521.79,926.0,1040.0,1158.8,1.0,-387.48,3322,15470,,"섬유,의류,신발,호화품",KOSPI
020120,2174.75,,,,123.83,,,,1.0,-332.31,3336,9000,,양방향미디어와서비스,KOSPI
170900,8087.8,8771.0,9965.0,11215.0,6.23,369.0,434.0,463.0,1.0,2744.76,3512,36100,,제약,KOSPI
003350,1846.28,,,,328.84,,,,,-575.54,3295,14540,,화장품,KOSPI
097520,12792.37,,,,520.15,,,,1.0,79.46,3285,18880,,핸드셋,KOSPI
034310,32425.6,,,,1980.97,,,,0.4916,5008.22,4620,12570,,IT서비스,KOSPI
005250,24514.76,,,,362.27,,,,,15833.53,4552,9680,,제약,KOSPI
014830,13387.58,16063.17,17101.33,17706.33,879.09,940.5,1124.67,1196.17,1.0,1189.13,4189,61900,,화학,KOSPI
001230,19852.65,,,,394.57,,,,0.7758,1121.2,3227,2075,,철강,KOSPI
145720,3464.52,3729.0,4271.75,4894.5,641.11,750.75,875.25,1059.5,1.0,2245.04,3225,37400,,건강관리장비와용품,KOSPI
244920,6824.67,,,,293.14,,,,0.8964,-978.63,3204,14170,,손해보험,KOSPI
009160,11790.41,,,,459.56,,,,0.9209,2911.42,3203,4900,,비철금속,KOSPI
096760,9695.65,,,,1678.99,,,,0.5066,2581.64,3157,4270,,제약,KOSPI
009290,16595.12,,,,310.46,,,,0.9831,1232.25,3152,6330,,제약,KOSPI
060980,13350.36,13630.0,14660.0,15840.0,886.9,1230.0,1380.0,1600.0,0.9918,8148.21,3551,39650,,자동차부품,KOSPI
0120G0,285.94,,,,26.91,,,,,-194.85,3506,47150,,건강관리장비와용품,KOSPI
272450,13810.81,15306.5,15766.0,16222.0,-191.58,-140.0,799.0,1281.0,,266.44,3142,6020,,항공사,KOSPI
194370,12882.33,16597.0,18344.0,19658.0,1405.12,1767.0,1886.0,2033.0,1.0,7780.91,3749,12920,,"섬유,의류,신발,호화품",KOSPI
002310,8551.26,,,,272.16,,,,1.0,-635.58,3424,8680,,포장재,KOSPI
000157,197841.38,218423.83,252348.5,284230.0,10627.15,18124.92,25064.08,31031.0,0.5085,54570.67,3139,351500,,복합기업,KOSPI
024720,6301.12,,,,477.43,,,,1.0,1364.24,3224,9400,,화장품,KOSPI
025860,16044.21,,,,431.29,,,,1.0,2097.05,3055,6150,,화학,KOSPI
072710,8588.16,,,,811.17,,,,1.0,1696.01,4271,92100,,식품,KOSPI
034830,1843.6,2254.25,2409.0,2815.0,-208.8,249.8,422.5,505.0,0.9993,,2989,1184,,부동산,KOSPI
010820,2948.42,,,,106.63,,,,,-963.77,2985,6120,,우주항공과국방,KOSPI
084690,56287.99,,,,1998.28,,,,0.2547,14733.49,2980,8230,,식품,KOSPI
403550,4707.03,5080.0,5373.0,5570.0,232.49,294.0,353.0,405.0,1.0,2788.21,4003,10550,,도로와철도운송,KOSPI
271940,815.86,,,,-112.04,,,,1.0,-2379.76,3991,10990,,자동차부품,KOSPI
010780,12343.56,10701.0,14182.33,19286.0,681.23,1514.33,1717.0,3072.0,0.9576,9568.09,4589,15440,,건설,KOSPI
031430,11099.69,12770.67,13662.6,14288.5,-114.97,564.67,731.4,809.25,1.0,2720.61,3670,10490,,"섬유,의류,신발,호화품",KOSPI
001750,9090.22,,,,753.11,,,,,,2924,19350,,증권,KOSPI
001390,91016.47,,,,3056.79,,,,0.2855,14328.88,2918,4395,,자동차,KOSPI
123890,2042.88,2485.0,2450.0,2660.0,342.27,715.0,1015.0,1240.0,1.0,,3078,2515,,부동산,KOSPI
033270,2887.65,3035.0,3203.0,3384.0,495.85,478.0,496.0,508.0,,-1636.96,2885,18130,,제약,KOSPI
02826K,407422.41,455707.07,493136.15,514226.67,32927.47,38109.0,44037.31,47717.17,0.7038,-38038.9,3324,226500,,복합기업,KOSPI
018250,6545.28,,,,211.46,,,,1.0,-1091.17,3029,11470,,화장품,KOSPI
002900,9293.61,9972.0,,,640.82,833.0,,,1.0,1164.5,2815,6800,,기계,KOSPI
016800,3582.0,,,,57.37,,,,1.0,-1053.58,3151,27400,,가구,KOSPI
010955,342469.57,422387.79,398713.93,379444.5,2356.31,44210.43,33031.21,28125.0,1.0,75316.31,2799,69600,,석유와가스,KOSPI
001940,8252.61,9220.0,9350.0,9990.0,-707.47,-170.0,260.0,340.0,1.0,-7896.36,3750,26450,,철강,KOSPI
091810,17981.81,21280.0,22095.0,22845.0,-2654.68,-1855.0,245.0,1330.0,0.9989,4891.38,2798,2740,,항공사,KOSPI
130660,3945.48,,,,65.75,,,,1.0,63.51,4166,12780,,전기유틸리티,KOSPI
003200,5171.78,,,,124.07,,,,0.9785,-1438.81,2737,11920,,"섬유,의류,신발,호화품",KOSPI
004310,1917.9,,,,41.61,,,,,311.95,3210,10030,,제약,KOSPI
011930,5674.54,7600.0,8503.0,9693.0,12.81,195.0,276.0,501.0,0.8537,1935.6,3206,15790,,반도체와반도체장비,KOSPI
078520,2420.02,2699.0,3237.0,,179.53,364.0,453.0,,1.0,-38.21,2627,10100,,화장품,KOSPI
217590,3408.85,,,,64.29,,,,1.0,303.51,3171,13160,,조선,KOSPI
004360,12417.87,,,,273.01,,,,1.0,-97.25,2611,13660,,항공화물운송과물류,KOSPI
004430,10391.62,,,,218.45,,,,1.0,613.6,2806,11690,,화학,KOSPI
010580,1502.71,,,,15.74,,,,,-56.85,2614,2350,,자동차부품,KOSPI
192650,12306.21,12260.0,14873.0,16860.0,313.73,386.0,587.0,710.0,0.6797,827.86,4177,6340,,핸드셋,KOSPI
026890,912.18,,,,171.84,,,,1.0,,3268,8430,,창업투자,KOSPI
286940,11698.25,11942.25,12721.25,13580.0,313.93,449.75,549.75,636.67,1.0,-36.38,2767,18290,,IT서비스,KOSPI
010690,19624.84,21033.33,21879.0,23515.0,1024.48,718.33,851.5,961.0,0.9716,5823.72,2584,7400,,자동차부품,KOSPI
003120,642.92,,,,-61.61,,,,,-2118.44,2919,21950,,제약,KOSPI
007160,7062.1,,,,331.52,,,,0.3026,3738.59,2520,50400,,식품,KOSPI
005430,6631.93,7050.0,,,470.15,635.0,,,1.0,-617.87,2482,78400,,운송인프라,KOSPI
298690,8325.85,9910.0,9560.0,9200.0,-45.21,-70.0,560.0,670.0,,7174.91,2476,1520,,항공사,KOSPI
058430,11254.4,11780.0,12255.0,12545.0,244.59,285.0,320.0,335.0,0.9803,-576.43,2820,4700,,비철금속,KOSPI
200880,45052.5,,,,1618.0,,,,0.9819,6745.21,3000,11100,,자동차부품,KOSPI
005680,1497.29,,,,92.4,,,,0.994,-3101.26,2464,12320,,전기제품,KOSPI
009410,21744.84,,,,527.89,,,,0.666,9516.19,4997,1679,,건설,KOSPI
005500,3091.34,,,,267.84,,,,,1090.07,2439,18310,,제약,KOSPI
075580,4026.86,4151.0,4651.0,5051.0,733.89,827.0,940.0,1059.0,0.8085,1544.16,5850,10290,,조선,KOSPI
001460,1631.67,,,,265.74,,,,0.9995,-523.46,2358,37750,,"섬유,의류,신발,호화품",KOSPI
000680,26152.45,,,,222.87,,,,1.0,46691.75,2356,2990,,증권,KOSPI
008490,7223.09,,,,502.06,,,,0.9225,3749.63,2331,20150,,제약,KOSPI
030210,17144.51,,,,337.23,,,,0.9241,,2485,4080,,증권,KOSPI
001790,13562.76,,,,565.56,,,,0.9985,893.29,2471,2865,,식품,KOSPI
105840,1503.79,,,,141.78,,,,0.788,-57.61,2965,14680,,기계,KOSPI
044450,5613.95,,,,1103.33,,,,1.0,12107.05,2265,10030,,해운사,KOSPI
002320,30649.25,31975.0,33205.0,34215.0,1121.96,745.0,1225.0,1350.0,0.971,19780.82,2284,14720,,항공화물운송과물류,KOSPI
000540,35328.42,,,,1875.04,,,,,,2393,3725,,손해보험,KOSPI
000320,12392.68,,,,645.08,,,,0.5537,-1102.96,2230,16780,,건축자재,KOSPI
134380,2845.12,,,,291.54,,,,,-800.92,2226,10120,,화학,KOSPI
003070,26844.31,29268.0,32974.0,35060.0,36.51,1313.0,1531.0,1770.0,0.9925,7995.13,2344,9220,,건설,KOSPI
001470,1109.93,,,,-266.1,,,,,-517.29,2278,5820,,건설,KOSPI
009680,2796.97,,,,185.35,,,,1.0,-3838.42,2225,10240,,자동차부품,KOSPI
037710,1842.11,,,,524.72,,,,,2168.37,2662,34900,,백화점과일반상점,KOSPI
005610,33704.81,,,,387.39,,,,1.0,3036.29,3585,41550,,식품,KOSPI
003650,4054.87,,,,345.52,,,,,-3383.87,2216,127400,,화학,KOSPI
003960,34998.13,,,,946.83,,,,0.9584,5647.46,2658,29000,,식품,KOSPI
003920,9141.49,,,,51.74,,,,1.0,-71.08,2448,43150,,식품,KOSPI
000490,14847.22,,,,312.25,,,,1.0,10268.32,2295,7960,,기계,KOSPI
017390,18279.97,,,,174.06,,,,0.9984,-6613.98,2812,56800,,가스유틸리티,KOSPI
053690,4488.34,4918.5,5353.0,5140.0,306.14,289.0,416.0,430.0,0.9474,425.89,2444,22300,,건설,KOSPI
381970,24388.39,,,,759.74,,,,,2172.61,3227,6610,,자동차,KOSPI
034120,10084.58,9729.0,10394.33,11015.67,181.51,63.0,335.67,418.0,0.988,-317.23,2198,11850,,방송과엔터테인먼트,KOSPI
126720,3376.55,,,,430.79,,,,1.0,-1802.89,3079,21550,,에너지장비및서비스,KOSPI
000050,4124.76,,,,459.93,,,,1.0,1341.84,2240,8170,,"섬유,의류,신발,호화품",KOSPI
002710,6115.14,,,,-109.09,,,,0.9969,2084.53,3214,12260,,철강,KOSPI
001250,41092.65,,,,523.0,,,,1.0,5293.87,2179,2640,,무역회사와판매업체,KOSPI
003720,1532.08,2084.0,,,149.21,268.0,,,0.8751,562.19,2074,6100,,화학,KOSPI
03473K,1227033.38,1498106.36,1465789.73,1525543.78,18184.76,123365.55,118064.0,136976.78,0.3895,496014.83,2202,389000,,석유와가스,KOSPI
003555,72525.47,82742.67,91080.56,98648.71,9121.74,16128.0,20042.78,22033.57,0.8175,-25430.26,2027,67300,,복합기업,KOSPI
004980,12162.66,,,,436.56,,,,0.9988,4230.66,2013,8210,,건축자재,KOSPI
000650,455.5,,,,-59.41,,,,,173.73,2007,140400,,도로와철도운송,KOSPI
001340,2721.37,,,,121.51,,,,1.0,3032.2,2193,4870,,화학,KOSPI
100250,2798.16,,,,57.84,,,,0.8241,-1354.15,2006,3140,,자동차부품,KOSPI
136490,18957.42,,,,1791.91,,,,0.9437,4209.68,2518,10590,,식품,KOSPI
033920,1438.3,,,,102.35,,,,1.0,852.26,2183,7660,,음료,KOSPI
017860,9548.74,,,,79.82,,,,1.0,5104.66,2080,11780,,화학,KOSPI
028100,4677.26,,,,180.69,,,,1.0,-1366.24,1989,17720,,건설,KOSPI
000480,8277.52,,,,278.24,,,,0.2,4208.34,2063,4400,,비철금속,KOSPI
117580,10179.39,,,,303.49,,,,,119.79,1988,7230,,가스유틸리티,KOSPI
025000,8083.51,,,,273.96,,,,0.9807,-1110.31,2465,56300,,화학,KOSPI
005720,35865.18,,,,2042.1,,,,0.5127,12586.84,2979,5670,,자동차부품,KOSPI
001630,9590.12,,,,582.81,,,,0.7443,4486.33,1981,39550,,제약,KOSPI
001130,13752.0,,,,622.57,,,,0.9982,-780.07,1933,11440,,식품,KOSPI
027410,4694.68,4740.0,4840.0,4940.0,611.74,590.0,650.0,700.0,1.0,-422.26,3642,3805,,화학,KOSPI
122900,30544.23,39470.0,42650.0,45530.0,203.2,710.0,860.0,970.0,0.8394,515.43,2731,8170,,상업서비스와공급품,KOSPI
005950,16594.77,,,,68.84,,,,,2848.65,2903,11040,,화학,KOSPI
016580,2552.14,2833.0,3112.0,3404.0,130.19,246.0,289.0,335.0,1.0,-658.49,1910,10270,,제약,KOSPI
095570,10701.14,12083.0,12862.0,13865.67,715.48,834.0,939.67,1042.0,1.0,10799.48,1901,4200,,도로와철도운송,KOSPI
108670,31786.89,34312.33,34719.33,36103.0,130.6,1397.67,1256.67,1398.0,1.0,4705.06,3049,34000,,건축자재,KOSPI
002020,58861.33,,,,605.01,,,,1.0,23440.16,3201,24800,,복합기업,KOSPI
092200,7573.1,,,,185.5,,,,0.8595,3034.89,2065,5310,,자동차부품,KOSPI
005010,6124.9,,,,34.9,,,,1.0,748.47,2208,3930,,철강,KOSPI
039570,6457.28,,,,106.37,,,,1.0,-734.18,1986,7650,,건설,KOSPI
013580,28874.41,,,,1668.7,,,,1.0,7451.91,2036,22800,,건설,KOSPI
003520,2542.56,,,,34.16,,,,,736.56,1906,1042,,제약,KOSPI
000140,24845.04,,,,1832.53,,,,0.4896,13971.48,1868,8050,,음료,KOSPI
002420,292.45,,,,-5.7,,,,,164.25,1948,6250,,석유와가스,KOSPI
339770,5173.53,5340.0,5493.0,5670.0,350.38,320.0,423.0,440.0,0.9986,378.73,1921,3845,,식품,KOSPI
004560,7412.5,,,,258.93,,,,1.0,-210.98,1914,12690,,비철금속,KOSPI
033530,18968.83,20161.0,21442.0,22914.0,853.95,1020.0,1147.0,1292.0,0.9853,911.54,1818,6720,,자동차부품,KOSPI
487570,14098.97,,,,464.34,,,,0.9773,1284.73,1816,48750,,복합기업,KOSPI
102260,12116.0,,,,1120.43,,,,0.4401,778.02,1893,3735,,화학,KOSPI
000430,15990.72,,,,470.07,,,,0.792,2263.31,3041,4905,,자동차부품,KOSPI
016450,34098.3,,,,654.67,,,,0.2,13067.42,1786,4465,,"섬유,의류,신발,호화품",KOSPI
000300,401.71,,,,32.28,,,,0.7235,-66.96,1740,4200,,자동차부품,KOSPI
234080,2578.29,,,,332.44,,,,1.0,233.61,1740,10990,,제약,KOSPI
241590,15643.79,,,,356.92,,,,0.9636,5319.7,1672,2760,,"섬유,의류,신발,호화품",KOSPI
000700,4184.74,,,,212.2,,,,0.2728,-1913.37,1698,6520,,항공화물운송과물류,KOSPI
014710,2380.2,,,,121.75,,,,1.0,1757.0,1808,10500,,식품,KOSPI
128820,15659.23,,,,108.33,,,,0.7677,6261.38,1900,4200,,석유와가스,KOSPI
003610,1225.27,,,,11.21,,,,1.0,-351.27,1888,5880,,"섬유,의류,신발,호화품",KOSPI
298000,23407.18,,,,-1605.0,,,,1.0,14453.99,2063,54400,,화학,KOSPI
008730,4853.83,,,,85.14,,,,1.0,2884.98,3789,15280,,포장재,KOSPI
012030,6434.64,,,,415.99,,,,0.9943,3166.59,3221,1601,,IT서비스,KOSPI
000860,5985.53,,,,82.95,,,,0.7312,131.05,1638,12600,,건축자재,KOSPI
101530,6413.87,,,,423.28,,,,0.9956,2002.02,1636,5620,,식품,KOSPI
002170,1746.85,,,,184.42,,,,1.0,-2391.68,1611,53700,,"섬유,의류,신발,호화품",KOSPI
484870,4033.49,4126.0,5013.0,5969.0,560.65,571.0,733.0,948.0,,-463.96,5045,18370,,우주항공과국방,KOSPI
000390,6170.68,,,,95.49,,,,0.9865,828.18,1847,6790,,건축자재,KOSPI
090350,7710.52,,,,301.81,,,,1.0,-445.63,1592,7960,,건축자재,KOSPI
900140,3929.99,,,,385.49,,,,0.2145,608.14,2189,1133,,자동차,KOSPI
015230,3462.67,,,,380.34,,,,1.0,-1129.55,1824,6720,,기계,KOSPI
006805,292830.28,582144.67,493576.0,520335.67,19151.04,47817.2,26232.4,27610.4,0.9734,,1586,11790,,증권,KOSPI
051905,63554.9,64667.87,67727.47,70493.93,1706.89,3790.67,4482.27,4915.79,0.9691,-11373.38,2209,105400,,화장품,KOSPI
025560,507.78,,,,91.43,,,,1.0,36.81,1581,5690,,반도체와반도체장비,KOSPI
002100,3392.37,,,,286.98,,,,0.9519,1582.59,1777,9100,,화학,KOSPI
007860,49160.73,,,,1995.9,,,,0.5958,5708.62,1773,7550,,자동차부품,KOSPI
005960,17586.26,21083.0,,,426.28,932.0,,,1.0,4260.97,1866,8130,,건설,KOSPI
053210,9842.16,9962.5,10456.0,10753.5,229.8,345.5,500.5,566.5,0.977,276.72,1922,4045,,방송과엔터테인먼트,KOSPI
011785,69151.45,79501.25,77695.58,78041.83,2718.29,5425.17,4421.17,4739.5,0.9999,-853.11,1551,51300,,화학,KOSPI
001045,450188.29,472677.27,490172.5,513301.25,25277.38,24702.45,27642.0,30864.13,0.4718,168752.98,1537,68000,,복합기업,KOSPI
084010,12470.59,14273.33,15110.0,15643.33,-28.73,276.67,286.67,330.0,0.8717,-2726.36,2898,8430,,철강,KOSPI
102460,1459.29,,,,-302.69,,,,1.0,2098.16,1861,10010,,제약,KOSPI
462520,5320.33,,,,238.6,,,,0.7164,1344.8,1520,12820,,비철금속,KOSPI
000970,4066.2,,,,132.96,,,,0.9919,-1128.32,1519,6660,,철강,KOSPI
007540,4089.64,,,,241.43,,,,0.5181,-596.14,1507,52400,,식품,KOSPI
000520,2102.53,,,,-222.12,,,,1.0,1699.43,1512,6970,,제약,KOSPI
003220,6054.35,6250.0,6507.0,6878.0,34.83,173.0,276.0,292.0,0.9574,1229.66,1794,8000,,제약,KOSPI
002150,6984.75,,,,301.17,,,,1.0,1182.77,1757,5210,,건설,KOSPI
003830,1082.26,,,,-72.55,,,,,-583.32,1563,117700,,화학,KOSPI
004970,4547.41,,,,-15.66,,,,0.8748,-1741.4,1483,9270,,식품,KOSPI
003460,359.84,,,,59.17,,,,,,1732,3055,,증권,KOSPI
271980,5672.44,,,,206.95,,,,0.7307,448.7,1470,10000,,제약,KOSPI
077500,7300.43,,,,366.87,,,,1.0,1616.01,1469,6800,,반도체와반도체장비,KOSPI
071840,23000.96,22542.5,23245.0,23960.0,96.39,109.5,255.0,310.0,,4655.0,1461,6190,,전문소매,KOSPI
001780,5756.58,,,,349.0,,,,0.9774,4808.75,1519,1569,,비철금속,KOSPI
013890,9131.8,5810.0,6010.0,6330.0,254.79,-670.0,140.0,150.0,1.0,1501.94,1686,7690,,가구,KOSPI
213500,22900.4,23754.5,24891.0,26178.0,499.32,1188.0,1227.0,1329.0,1.0,8419.84,1811,7610,,종이와목재,KOSPI
226320,1533.87,,,,192.15,,,,0.5129,-3656.63,2329,10620,,화장품,KOSPI
107590,4927.18,,,,203.46,,,,0.8598,540.54,1422,61300,,화학,KOSPI
037270,2360.47,,,,323.35,,,,0.949,-206.75,2031,3190,,방송과엔터테인먼트,KOSPI
475560,3612.39,,,,-236.79,,,,1.0,-1373.73,2198,14820,,"호텔,레스토랑,레저",KOSPI
094280,5190.14,,,,189.59,,,,1.0,231.97,1387,12000,,상업서비스와공급품,KOSPI
004090,6969.26,8184.0,8505.0,9016.0,118.44,273.0,249.0,267.0,0.9677,1318.54,1603,12630,,화학,KOSPI
016880,11506.91,,,,781.14,,,,1.0,6206.54,1449,1813,,출판,KOSPI
008350,2589.22,,,,-32.66,,,,1.0,226.09,1372,1063,,비철금속,KOSPI
000020,4963.94,,,,2.57,,,,1.0,911.84,1427,5110,,제약,KOSPI
001210,443.38,,,,-11.84,,,,,10.05,1348,10890,,디스플레이장비및부품,KOSPI
001080,1529.53,,,,-119.77,,,,,136.43,1334,3800,,철강,KOSPI
002210,871.69,,,,-101.18,,,,,11.35,1331,1378,,제약,KOSPI
015890,7770.96,,,,554.32,,,,0.4356,983.53,1409,4820,,비철금속,KOSPI
001360,460.74,,,,-180.68,,,,,90.42,1304,1385,,제약,KOSPI
003480,12017.3,,,,732.54,,,,0.9446,3833.86,1392,4715,,가스유틸리티,KOSPI
007570,2724.22,,,,49.63,,,,0.968,868.05,1533,8030,,제약,KOSPI
267290,17594.65,,,,330.46,,,,1.0,-3111.88,1297,22000,,가스유틸리티,KOSPI
089470,9926.62,,,,496.89,,,,1.0,1143.73,1281,4015,,자동차부품,KOSPI
003547,50638.9,,,,3014.02,6236.67,3816.67,3960.0,1.0,,1902,19800,,증권,KOSPI
037560,12656.52,13330.0,13900.0,11860.0,187.3,460.0,550.0,970.0,1.0,3971.55,1259,1625,,방송과엔터테인먼트,KOSPI
013520,16397.77,,,,830.64,,,,0.7565,4030.04,1259,2515,,자동차부품,KOSPI
009270,10922.54,,,,187.79,,,,1.0,2829.1,1258,1096,,"섬유,의류,신발,호화품",KOSPI
004380,2221.75,,,,-354.6,,,,1.0,1370.25,1573,7600,,기계,KOSPI
006060,17810.41,,,,765.8,,,,1.0,6221.21,1336,2415,,"섬유,의류,신발,호화품",KOSPI
081000,1624.0,,,,-67.85,,,,1.0,-3431.55,1413,9950,,비철금속,KOSPI
004150,10983.07,19750.0,26210.0,27230.0,226.09,560.0,780.0,860.0,0.8645,2176.23,1485,3620,,복합기업,KOSPI
009470,2300.68,,,,120.37,,,,0.8483,-369.8,1604,24250,,전기제품,KOSPI
012320,2761.63,,,,188.21,,,,0.987,-722.97,1237,52300,,비철금속,KOSPI
009070,9867.05,,,,388.18,,,,0.9078,3097.9,1217,4055,,항공화물운송과물류,KOSPI
002620,6576.14,,,,386.86,,,,0.4224,972.34,1209,7570,,제약,KOSPI
011500,2144.93,,,,35.77,,,,,339.39,2003,12810,,화학,KOSPI
078000,383.51,,,,32.86,,,,1.0,-485.89,1247,13500,,소프트웨어,KOSPI
227840,2502.26,,,,213.7,,,,1.0,-86.0,1197,13150,,식품과기본식료품소매,KOSPI
014530,10217.28,,,,154.47,,,,0.8717,2540.59,1196,3430,,석유와가스,KOSPI
214390,2641.04,,,,35.19,,,,,1441.73,1305,5460,,제약,KOSPI
014280,8021.56,,,,104.97,,,,0.3276,4530.75,1305,4450,,건축제품,KOSPI
004080,1026.07,,,,70.91,,,,0.9622,157.24,1302,14000,,건강관리장비와용품,KOSPI
00279K,46231.75,,,,3680.0,,,,0.4246,-16403.41,1539,21700,,화장품,KOSPI
013570,12448.37,,,,480.56,,,,0.4683,710.55,1145,4350,,자동차부품,KOSPI
034590,9629.94,,,,191.49,,,,,-1728.98,1142,26100,,가스유틸리티,KOSPI
016710,12226.34,,,,280.63,,,,0.7686,-879.48,1131,7030,,가스유틸리티,KOSPI
001520,6306.28,,,,-207.44,,,,0.9903,3461.53,1126,1051,,건축자재,KOSPI
017550,2293.88,,,,189.64,,,,1.0,169.87,1126,1805,,기계,KOSPI
083420,3040.57,,,,101.49,,,,,399.16,1121,4670,,화학,KOSPI
079430,15462.06,,,,157.17,,,,1.0,769.3,1179,5860,,가구,KOSPI
210540,3827.51,,,,304.29,,,,1.0,-668.82,1239,11220,,기계,KOSPI
004960,11491.91,,,,645.21,,,,1.0,5385.47,1386,11980,,건설,KOSPI
008970,2347.84,,,,-16.22,,,,,301.84,1231,1186,,철강,KOSPI
011280,7538.96,,,,-49.82,,,,0.491,2747.1,1108,1565,,포장재,KOSPI
011810,6413.12,,,,-619.45,,,,,2639.98,1095,3530,,무역회사와판매업체,KOSPI
023450,1942.65,,,,93.65,,,,,213.42,1099,31400,,화학,KOSPI
005800,1851.55,,,,12.89,,,,1.0,-849.41,1222,13580,,"섬유,의류,신발,호화품",KOSPI
078935,251841.27,286612.8,281332.2,283044.0,29360.61,51915.0,36700.0,36994.0,0.8262,61654.03,1096,61600,,석유와가스,KOSPI
011690,1650.65,,,,-25.66,,,,1.0,330.57,1132,3085,,전자장비와기기,KOSPI
015590,1334.12,,,,100.26,,,,1.0,-197.97,1073,2010,,기계,KOSPI
123690,850.32,,,,5.28,,,,0.9834,-134.63,1048,6520,,화장품,KOSPI
014580,3859.43,,,,407.83,,,,0.7278,351.0,1045,3790,,비철금속,KOSPI
097955,273425.89,293036.15,305031.77,317511.0,12336.05,12092.38,13996.15,15284.44,0.7561,115284.69,1590,119800,,식품,KOSPI
035150,5049.22,5371.0,5664.0,5892.0,536.01,649.0,703.0,746.0,1.0,519.38,2147,10860,,"섬유,의류,신발,호화품",KOSPI
035000,4838.51,,,,274.95,,,,1.0,-489.88,1024,6320,,광고,KOSPI
267850,1940.59,,,,121.28,,,,,-1038.79,1025,9230,,IT서비스,KOSPI
002460,6594.79,,,,432.45,,,,0.893,706.43,1093,10770,,건설,KOSPI
002780,5763.82,,,,-230.04,,,,,-641.95,1012,6960,,건설,KOSPI
248170,4089.27,,,,244.76,,,,1.0,-199.15,1076,23550,,식품,KOSPI
003010,2417.13,,,,175.52,,,,,148.62,1130,8890,,기계,KOSPI
119650,1928.73,,,,-88.65,,,,,432.95,1008,918,,상업서비스와공급품,KOSPI
027970,7536.79,,,,31.23,,,,1.0,1601.4,1072,2820,,종이와목재,KOSPI
293480,2395.04,,,,258.16,,,,,577.43,1495,8410,,제약,KOSPI
002390,5351.38,,,,32.91,,,,,3508.6,1298,9430,,제약,KOSPI
002200,2896.0,,,,-65.57,,,,1.0,-584.65,980,2925,,포장재,KOSPI
012200,3897.99,,,,-271.0,,,,,1119.45,965,3545,,자동차부품,KOSPI
006660,1177.36,,,,32.45,,,,0.9847,-2120.02,976,12010,,자동차부품,KOSPI
214420,2202.74,,,,143.65,,,,0.976,461.95,1265,5260,,화장품,KOSPI
363280,792.27,,,,-345.64,,,,,1337.39,965,2120,,"호텔,레스토랑,레저",KOSPI
024090,2270.53,,,,95.61,,,,,-686.97,1344,11790,,비철금속,KOSPI
002450,2244.39,,,,22.82,,,,1.0,1515.1,1017,1123,,레저용장비와제품,KOSPI
092220,2296.17,,,,-217.62,,,,,-124.28,1058,2635,,반도체와반도체장비,KOSPI
008260,2479.43,,,,301.15,,,,,1891.99,954,3335,,건축자재,KOSPI
018470,4866.79,,,,137.95,,,,,1565.04,1179,4655,,비철금속,KOSPI
460850,27687.03,,,,-388.28,,,,1.0,8229.57,1561,5220,,철강,KOSPI
070960,2501.5,,,,232.8,,,,1.0,2951.66,958,1990,,"호텔,레스토랑,레저",KOSPI
120030,517.62,,,,77.86,,,,,-1312.16,1045,83100,,철강,KOSPI
008040,6742.64,,,,424.69,,,,,669.1,1140,8080,,식품,KOSPI
001290,1817.34,,,,-90.89,,,,1.0,,933,4305,,증권,KOSPI
007210,6106.88,,,,232.73,,,,0.8334,457.09,923,1412,,건축자재,KOSPI
37550L,74024.25,70566.37,71572.84,76883.35,3869.53,5744.58,5756.84,6461.47,0.9968,-10892.93,1138,53900,,건설,KOSPI
019180,9891.34,,,,700.6,,,,1.0,66.15,913,5070,,자동차부품,KOSPI
036580,15541.35,,,,802.07,,,,0.9792,5564.36,962,2620,,식품,KOSPI
006840,32357.21,,,,-1478.54,,,,0.2641,27371.0,1012,7640,,화학,KOSPI
272550,4202.18,,,,246.47,,,,1.0,1736.45,1495,9920,,포장재,KOSPI
264900,4448.38,,,,152.65,,,,,-252.47,1009,8060,,식품,KOSPI
044820,6452.06,,,,269.84,,,,1.0,4226.5,2190,22800,,건강관리업체및서비스,KOSPI
058860,5887.6,,,,247.4,,,,,31.78,891,2560,,상업서비스와공급품,KOSPI
004140,9155.53,,,,319.57,,,,0.9895,3268.65,862,1797,,항공화물운송과물류,KOSPI
139990,10856.03,,,,-255.66,,,,,5728.11,853,2200,,철강,KOSPI
025620,73.05,,,,-74.56,,,,1.0,255.53,846,4650,,화장품,KOSPI
012800,14702.37,19561.0,,,515.28,823.0,,,0.6467,4458.77,1091,1197,,비철금속,KOSPI
005740,10698.82,,,,572.51,,,,0.5442,2039.07,839,5650,,식품,KOSPI
008700,2152.55,,,,47.93,,,,1.0,-313.72,962,1247,,전자제품,KOSPI
013700,2974.53,,,,238.47,,,,1.0,531.85,1014,1697,,건설,KOSPI
021820,1793.54,,,,170.28,,,,0.953,-2968.31,1050,10500,,자동차부품,KOSPI
006090,4173.64,,,,135.17,,,,,1144.48,831,8820,,식품,KOSPI
002600,4882.46,,,,186.3,,,,1.0,2099.41,823,137200,,식품,KOSPI
007980,10289.89,,,,620.06,,,,1.0,3188.61,807,1720,,"섬유,의류,신발,호화품",KOSPI
023800,7179.02,,,,396.36,,,,0.9069,2732.72,808,5110,,자동차부품,KOSPI
33626K,4547.95,5009.67,8336.17,9972.4,-1056.73,-743.0,443.33,751.2,0.9963,5482.62,843,6310,,에너지장비및서비스,KOSPI
000850,2217.56,,,,42.17,,,,1.0,-322.18,796,36200,,기계,KOSPI
109070,854.03,,,,31.66,,,,1.0,-119.65,819,1550,,해운사,KOSPI
000105,21866.38,23471.94,25614.69,28602.69,1043.74,1289.25,2028.44,3026.56,1.0,-959.87,779,67800,,제약,KOSPI
000590,1348.71,,,,202.15,,,,0.823,-2373.77,774,67000,,철강,KOSPI
069730,2265.5,,,,280.35,,,,1.0,75.93,773,5370,,철강,KOSPI
004250,4503.2,,,,235.74,,,,1.0,895.37,1098,2990,,포장재,KOSPI
007590,1789.97,,,,126.52,,,,0.9983,300.9,769,5650,,화학,KOSPI
012610,3797.02,,,,162.66,,,,1.0,1686.08,1269,3050,,화학,KOSPI
163560,3646.03,,,,185.65,,,,1.0,145.16,769,5530,,화학,KOSPI
025820,5077.84,,,,244.07,,,,,1652.86,1425,4260,,비철금속,KOSPI
001020,2666.69,,,,-52.79,,,,1.0,1090.62,838,2355,,종이와목재,KOSPI
004770,123.61,,,,22.01,,,,,-572.03,753,2120,,전자장비와기기,KOSPI
058850,10427.17,,,,298.06,,,,0.9267,-729.03,892,2155,,상업서비스와공급품,KOSPI
003580,1002.86,,,,-98.83,,,,,159.99,833,1644,,판매업체,KOSPI
010100,16993.16,,,,253.17,,,,1.0,960.96,1051,3450,,자동차부품,KOSPI
014440,1201.11,,,,192.89,,,,1.0,-472.72,948,4740,,화학,KOSPI
001260,3574.46,,,,114.4,,,,1.0,23.47,742,7550,,건설,KOSPI
005750,3005.68,,,,186.17,,,,0.9904,480.02,742,4470,,건축제품,KOSPI
002220,1964.04,,,,31.79,,,,0.2,757.3,813,3045,,철강,KOSPI
013360,4526.73,,,,103.76,,,,0.9992,1384.7,737,1365,,건설,KOSPI
111380,2441.45,,,,225.91,,,,1.0,848.8,809,13200,,"섬유,의류,신발,호화품",KOSPI
000180,1272.18,,,,-69.28,,,,,315.79,718,5150,,종이와목재,KOSPI
011150,1921.18,,,,-9.1,,,,1.0,411.51,715,1989,,식품,KOSPI
007610,381.71,,,,12.49,,,,1.0,76.93,709,3940,,전기장비,KOSPI
002795,46231.75,,,,3680.0,,,,0.4246,-16403.41,706,11060,,화장품,KOSPI
009770,1485.66,,,,-14.4,,,,,-1453.09,699,27950,,가정용품,KOSPI
210980,4458.24,,,,377.95,,,,1.0,8675.39,739,3970,,부동산,KOSPI
010660,2145.14,,,,2.28,,,,,-177.07,699,3175,,기계,KOSPI
000230,5908.9,,,,149.25,,,,0.5065,1161.08,694,6010,,제약,KOSPI
007280,7671.41,,,,117.4,,,,,2136.58,693,2420,,철강,KOSPI
001275,9654.64,,,,567.77,,,,0.9998,,908,30250,,증권,KOSPI
004890,3479.22,,,,-27.5,,,,1.0,-1386.31,897,37000,,철강,KOSPI
079980,8895.28,,,,197.62,,,,1.0,3229.71,683,1979,,"섬유,의류,신발,호화품",KOSPI
010040,4063.41,,,,27.76,,,,1.0,238.88,679,1653,,비철금속,KOSPI
032560,3165.29,,,,179.89,,,,0.8488,-864.96,940,5530,,비철금속,KOSPI
120115,48733.99,53155.33,55417.5,57748.5,1088.96,2780.5,2985.83,3361.83,0.951,22920.57,706,25500,,화학,KOSPI
004840,8027.46,,,,248.94,,,,0.497,1850.59,776,4025,,화학,KOSPI
023000,3592.87,,,,98.79,,,,,-608.36,872,2195,,자동차부품,KOSPI
019680,6500.05,,,,-34.0,,,,0.2,1202.38,725,1801,,교육서비스,KOSPI
084670,1251.83,,,,50.98,,,,1.0,708.01,678,23400,,도로와철도운송,KOSPI
055490,1411.39,,,,25.08,,,,1.0,113.01,740,15450,,전자장비와기기,KOSPI
001560,788.99,,,,42.42,,,,0.9992,-342.61,733,9650,,비철금속,KOSPI
031820,10952.14,,,,235.5,,,,0.5705,259.39,695,5740,,IT서비스,KOSPI
013870,7872.72,,,,242.2,,,,1.0,1941.98,732,3840,,자동차부품,KOSPI
002700,1939.9,,,,52.37,,,,,-204.25,669,976,,가정용기기와용품,KOSPI
096775,802960.54,1041171.5,953858.83,954075.42,4486.84,87325.33,45473.17,43849.75,0.8956,261185.73,838,67100,,석유와가스,KOSPI
214330,3854.04,,,,62.47,,,,,-356.4,683,6530,,자동차부품,KOSPI
058730,2731.93,,,,20.7,,,,0.986,758.83,661,3265,,건축자재,KOSPI
004100,6201.69,,,,224.19,,,,1.0,2328.18,1101,3000,,자동차부품,KOSPI
005870,1371.86,,,,-120.33,,,,,-24.32,646,4575,,우주항공과국방,KOSPI
155660,3023.9,,,,192.92,,,,1.0,614.63,708,4425,,비철금속,KOSPI
004440,2231.29,,,,49.96,,,,,527.25,635,4990,,건축자재,KOSPI
068290,402.91,,,,-7.95,,,,,-160.87,628,6280,,출판,KOSPI
002760,501.16,,,,22.3,,,,,-64.13,600,1001,,식품,KOSPI
000725,310629.12,269351.95,285995.8,307547.89,6530.06,8689.35,11276.05,13761.83,0.7674,6231.61,590,55900,,건설,KOSPI
004450,1628.98,,,,67.57,,,,1.0,516.57,582,27000,,포장재,KOSPI
063160,1600.71,,,,36.05,,,,,1473.5,709,12920,,제약,KOSPI
095720,7973.57,,,,-104.56,,,,,2156.75,746,1312,,교육서비스,KOSPI
111110,5208.78,,,,250.22,,,,1.0,1981.24,579,6390,,"섬유,의류,신발,호화품",KOSPI
009180,6745.62,7565.0,8280.0,8830.0,206.93,257.0,280.0,300.0,1.0,149.94,776,2755,,항공화물운송과물류,KOSPI
001465,1631.67,,,,265.74,,,,0.9995,-523.46,575,26700,,"섬유,의류,신발,호화품",KOSPI
006890,613.48,,,,20.63,,,,1.0,159.27,572,4930,,화학,KOSPI
092440,1313.16,1192.66,,,10.18,-37.06,,,1.0,-453.0,569,1950,,기계,KOSPI
003925,9141.49,,,,51.74,,,,1.0,-71.08,565,29900,,식품,KOSPI
003475,34612.73,,,,993.79,,,,1.0,,562,4390,,증권,KOSPI
014160,2837.02,,,,8.82,,,,,352.59,712,657,,포장재,KOSPI
090080,6260.62,,,,133.43,,,,1.0,442.24,552,1006,,자동차부품,KOSPI
024900,17380.72,,,,32.04,,,,1.0,-296.09,549,1687,,자동차부품,KOSPI
001550,997.37,,,,38.2,,,,,529.92,545,10490,,화학,KOSPI
018500,6262.36,6595.38,,,419.86,350.08,,,1.0,2031.28,631,1350,,자동차부품,KOSPI
002630,293.98,297.54,,,-30.76,-41.32,,,,-368.88,541,913,,생물공학,KOSPI
004720,1730.73,,,,59.87,,,,,-193.54,686,3030,,제약,KOSPI
129260,7089.79,,,,197.61,,,,0.9374,756.35,569,1913,,해운사,KOSPI
100220,2687.76,,,,216.18,,,,1.0,725.22,669,5150,,교육서비스,KOSPI
075180,1386.95,,,,-7.39,,,,1.0,-1237.56,568,2960,,자동차부품,KOSPI
003465,359.84,,,,59.17,,,,,,568,3250,,증권,KOSPI
378850,7145.6,,,,270.82,,,,1.0,1413.43,564,2970,,자동차부품,KOSPI
28513K,23651.64,29278.5,31620.0,33405.0,-2.07,587.0,1592.0,2230.0,1.0,4854.61,538,25450,,화학,KOSPI
123700,2014.15,,,,113.15,,,,1.0,-987.22,535,3430,,자동차부품,KOSPI
012690,1240.21,,,,3.17,,,,,-148.75,531,1451,,가정용품,KOSPI
011230,296.32,,,,-77.76,,,,,326.27,530,2765,,전자장비와기기,KOSPI
023810,5864.44,,,,197.84,,,,0.6611,3554.51,523,5230,,자동차부품,KOSPI
004830,1464.76,,,,62.36,,,,1.0,87.73,520,3315,,"섬유,의류,신발,호화품",KOSPI
016090,2405.44,,,,70.78,,,,,-530.45,627,1415,,"섬유,의류,신발,호화품",KOSPI
480370,2910.1,,,,-366.05,,,,1.0,-147.82,614,1891,,기계,KOSPI
000950,407.76,,,,-73.15,,,,1.0,-908.29,518,30850,,"섬유,의류,신발,호화품",KOSPI
003780,906.55,,,,84.44,,,,1.0,259.79,512,3935,,화학,KOSPI
010770,8836.77,,,,348.82,,,,0.769,1264.29,510,3490,,자동차부품,KOSPI
006880,1877.59,,,,103.11,,,,1.0,1023.0,533,4505,,식품과기본식료품소매,KOSPI
017370,3886.13,,,,208.58,,,,1.0,898.84,639,3490,,자동차부품,KOSPI
002140,2973.22,,,,137.48,,,,0.9984,939.25,505,2025,,식품,KOSPI
011390,1075.31,,,,-27.71,,,,0.6458,1026.3,498,47150,,건축자재,KOSPI
011000,230.45,,,,-440.36,,,,,343.75,485,2670,,생물공학,KOSPI
001620,8080.08,,,,185.58,,,,0.9997,2200.83,485,2180,,자동차부품,KOSPI
027740,3688.91,,,,20.11,,,,,456.98,483,1521,,식품,KOSPI
084870,1824.19,,,,31.5,,,,0.5706,116.44,481,2350,,"섬유,의류,신발,호화품",KOSPI
071090,2566.23,,,,-33.25,,,,1.0,533.61,640,3170,,철강,KOSPI
004920,414.5,,,,20.02,,,,1.0,96.54,473,907,,컴퓨터와주변기기,KOSPI
000910,2024.01,,,,54.99,,,,0.9136,1402.65,470,3010,,건축자재,KOSPI
069460,2156.42,,,,34.72,,,,1.0,431.07,463,2660,,비철금속,KOSPI
007110,545.03,,,,6.81,,,,,50.98,467,603,,건축자재,KOSPI
006125,101640.14,,,,3613.54,,,,0.8943,41141.98,519,42100,,석유와가스,KOSPI
005030,1954.06,,,,5.78,,,,,1111.15,451,486,,자동차부품,KOSPI
074610,295.04,,,,-28.26,,,,1.0,146.57,448,5110,,기계,KOSPI
003080,643.34,,,,-81.43,,,,1.0,149.33,449,2245,,화학,KOSPI
35320K,10652.95,16028.62,19953.08,23316.23,490.61,2763.38,4066.38,5050.54,0.9995,-2162.12,451,21500,,전자장비와기기,KOSPI
009320,1518.32,,,,62.98,,,,1.0,449.14,476,966,,자동차부품,KOSPI
004540,5082.01,,,,-226.38,,,,,3351.1,474,1272,,종이와목재,KOSPI
009190,2234.85,,,,56.21,,,,1.0,115.99,505,1149,,철강,KOSPI
004910,2026.68,,,,-194.98,,,,1.0,1444.53,447,3490,,건축자재,KOSPI
101140,62.97,,,,-43.33,,,,,17.1,503,5010,,전자장비와기기,KOSPI
010960,4097.27,,,,144.86,,,,1.0,-833.59,737,3055,,건설,KOSPI
085310,1301.02,,,,-6.48,,,,1.0,-570.05,671,9050,,조선,KOSPI
009200,12649.12,,,,59.51,,,,0.8243,11898.49,626,1504,,종이와목재,KOSPI
084680,887.27,,,,-31.77,,,,,1366.15,754,532,,"섬유,의류,신발,호화품",KOSPI
009835,133330.55,182673.75,195898.08,204049.92,-3647.59,8899.67,12961.08,14572.83,0.9836,128985.87,439,17240,,에너지장비및서비스,KOSPI
37550K,74024.25,70566.37,71572.84,76883.35,3869.53,5744.58,5756.84,6461.47,0.9968,-10892.93,562,26600,,건설,KOSPI
004410,686.03,,,,-4.6,,,,,208.29,479,1213,,식품,KOSPI
021050,17136.11,,,,533.23,,,,1.0,5839.26,534,1124,,비철금속,KOSPI
004060,1323.48,,,,-15.16,,,,1.0,-128.36,448,2215,,"섬유,의류,신발,호화품",KOSPI
000215,53267.21,55385.5,55391.5,56050.0,2985.46,6496.0,6105.0,6170.0,0.9294,45447.6,422,25050,,화학,KOSPI
072130,615.67,,,,34.2,,,,0.9993,-86.14,633,4985,,IT서비스,KOSPI
002720,1754.96,,,,61.85,,,,0.9988,156.65,694,3280,,제약,KOSPI
019490,53.0,,,,-59.71,,,,,14.61,413,541,,통신장비,KOSPI
041650,5422.61,,,,-13.58,,,,0.9354,1918.08,490,2280,,자동차부품,KOSPI
017180,1952.47,,,,68.35,,,,1.0,628.42,419,1235,,제약,KOSPI
023350,4129.09,,,,60.4,,,,1.0,-310.47,440,4020,,건설,KOSPI
025530,2057.99,,,,105.51,,,,0.5779,-1334.69,538,3605,,자동차부품,KOSPI
020760,578.47,,,,-48.8,,,,1.0,141.25,555,902,,디스플레이패널,KOSPI
005320,2314.94,,,,-18.56,,,,,143.41,414,1210,,"섬유,의류,신발,호화품",KOSPI
002920,3045.75,,,,-300.23,,,,0.7096,-1106.75,480,1848,,자동차부품,KOSPI
014910,536.75,,,,16.73,,,,0.9921,211.19,431,1970,,전기제품,KOSPI
008870,2524.04,,,,33.69,,,,0.5636,908.25,400,39950,,포장재,KOSPI
011700,527.19,,,,-14.78,,,,1.0,19.52,819,2525,,기계,KOSPI
007460,1179.74,,,,-955.71,,,,,1382.82,495,1994,,제약,KOSPI
014990,1045.91,,,,11.91,,,,,423.85,569,3790,,"섬유,의류,신발,호화품",KOSPI
446070,1575.31,,,,-91.52,,,,,-636.38,418,3935,,건축자재,KOSPI
134790,1957.2,,,,-66.83,,,,1.0,-50.02,384,19190,,가구,KOSPI
047400,1019.37,,,,54.3,,,,1.0,953.01,400,953,,자동차부품,KOSPI
000220,1408.85,,,,110.19,,,,0.8944,1.91,599,3805,,제약,KOSPI
002870,242.28,,,,-22.93,,,,1.0,-477.88,378,1080,,포장재,KOSPI
133820,1861.71,,,,-16.71,,,,,878.52,373,1005,,철강,KOSPI
011300,246.93,,,,-23.35,,,,,390.89,427,2475,,"섬유,의류,신발,호화품",KOSPI
006370,530.87,,,,-149.73,,,,,2575.17,367,3390,,백화점과일반상점,KOSPI
009140,360.74,,,,10.24,,,,1.0,-544.71,352,22400,,전자제품,KOSPI
004365,12417.87,,,,273.01,,,,1.0,-97.25,345,9350,,항공화물운송과물류,KOSPI
143210,7847.51,,,,-387.37,,,,,4153.8,336,1199,,자동차부품,KOSPI
009460,2669.52,,,,-51.93,,,,,1354.52,336,2725,,포장재,KOSPI
011420,403.44,,,,39.88,,,,,-23.19,401,1456,,레저용장비와제품,KOSPI
023960,1723.18,,,,-49.59,,,,1.0,321.06,401,1054,,건설,KOSPI
372910,920.88,1322.0,1407.0,1454.0,-7.27,54.0,68.0,74.0,0.9771,-398.17,528,1907,,건강관리장비와용품,KOSPI
010400,1644.58,,,,49.78,,,,1.0,0.87,330,4335,,건설,KOSPI
016740,7961.39,,,,485.95,,,,0.921,-2.59,1151,4015,,자동차부품,KOSPI
005820,896.82,,,,44.26,,,,0.7194,-412.05,326,14190,,포장재,KOSPI
002880,6333.98,,,,302.06,,,,1.0,1078.11,321,3430,,자동차부품,KOSPI
008420,1378.75,,,,-9.59,,,,,39.76,450,2195,,철강,KOSPI
005305,39711.44,41022.75,42535.25,43991.78,1671.6,2000.58,2249.83,2422.56,0.9565,14544.81,509,65600,,음료,KOSPI
003535,30945.78,,,,1477.01,,,,1.0,,317,6610,,증권,KOSPI
308170,4614.59,,,,58.14,,,,,1873.26,313,3640,,자동차부품,KOSPI
023150,947.19,,,,94.86,,,,0.8955,525.97,313,4245,,음료,KOSPI
014130,6298.22,,,,-36.2,,,,0.9762,2230.68,313,2645,,항공화물운송과물류,KOSPI
006740,932.52,,,,-158.06,,,,,1001.39,305,5130,,종이와목재,KOSPI
000890,898.79,,,,38.12,,,,,177.46,375,1356,,음료,KOSPI
006570,1261.71,,,,-95.66,,,,,812.64,304,1996,,건축제품,KOSPI
012280,3514.24,,,,152.26,,,,,737.46,370,3735,,자동차부품,KOSPI
088790,476.08,,,,39.83,,,,,-66.95,297,2385,,"섬유,의류,신발,호화품",KOSPI
025890,398.72,,,,-1.77,,,,,59.3,296,2655,,철강,KOSPI
017040,958.69,,,,-99.68,,,,,212.08,404,932,,전기장비,KOSPI
019175,2346.81,,,,142.55,,,,1.0,-190.16,294,14770,,제약,KOSPI
000760,462.55,,,,-1.64,,,,,-10.62,382,13660,,화학,KOSPI
002410,718.43,,,,-513.09,,,,,871.4,532,1935,,건설,KOSPI
009810,2509.22,,,,-43.97,,,,,-188.61,379,1860,,판매업체,KOSPI
012160,4334.85,,,,-131.69,,,,,1174.84,341,2180,,철강,KOSPI
025750,2798.17,,,,23.33,,,,,701.81,305,1892,,건축자재,KOSPI
036420,10832.88,,,,88.45,,,,,12504.69,318,1653,,방송과엔터테인먼트,KOSPI
001070,1582.86,,,,6.97,,,,1.0,270.51,315,5950,,"섬유,의류,신발,호화품",KOSPI
007120,141.29,,,,37.99,,,,,-98.97,292,1070,,IT서비스,KOSPI
011330,1062.43,,,,-5.73,,,,,744.0,419,4185,,자동차부품,KOSPI
051630,185.64,,,,-7.43,,,,,-26.96,288,1359,,화학,KOSPI
008250,2973.1,,,,-38.29,,,,,1201.29,349,3185,,건축자재,KOSPI
001380,934.81,,,,49.64,,,,1.0,-15.58,280,1244,,자동차부품,KOSPI
005110,80.45,,,,-77.76,,,,0.9805,219.04,265,1254,,부동산,KOSPI
071950,622.29,,,,-56.8,,,,,213.32,263,1817,,가구,KOSPI
049800,2116.23,,,,29.3,,,,1.0,1248.52,398,1989,,기계,KOSPI
003060,732.26,,,,-603.55,,,,,1881.39,262,1611,,제약,KOSPI
006345,6245.42,,,,93.51,,,,0.6795,162.83,256,9780,,전기장비,KOSPI
33637K,6160.83,5556.0,6899.5,10082.5,-733.36,-753.5,287.5,760.5,0.707,8392.07,253,1495,,전자장비와기기,KOSPI
005360,1310.24,,,,-58.54,,,,,683.29,248,1310,,문구류,KOSPI
030720,1725.92,,,,88.26,,,,1.0,390.11,248,5320,,식품,KOSPI
003680,3184.45,,,,58.31,,,,,993.82,299,4810,,식품,KOSPI
118000,328.22,,,,13.25,,,,1.0,628.98,289,1311,,제약,KOSPI
003495,252255.42,282334.36,280204.45,287136.64,11135.89,11003.45,22243.45,25781.36,1.0,192096.56,243,21900,,항공사,KOSPI
006980,6130.24,,,,193.73,,,,1.0,881.9,565,18300,,식품,KOSPI
033250,938.39,,,,75.28,,,,1.0,111.65,277,4330,,자동차부품,KOSPI
004270,775.41,,,,1.88,,,,1.0,685.54,235,5150,,전자장비와기기,KOSPI
001420,148.65,,,,-9.78,,,,,-346.27,227,2985,,자동차부품,KOSPI
010640,466.28,,,,18.26,,,,,491.53,308,1845,,화학,KOSPI
008775,40683.06,40122.69,41498.31,43817.0,135.13,1976.38,2457.92,2850.18,0.9984,9742.49,218,28950,,백화점과일반상점,KOSPI
000040,138.21,,,,-28.92,,,,,577.08,217,1101,,자동차,KOSPI
012170,59.22,,,,-43.25,,,,,-111.51,210,2880,,방송과엔터테인먼트,KOSPI
001685,44013.05,44434.0,45805.0,,1692.82,1919.0,2028.0,,0.9844,10797.32,204,14860,,식품,KOSPI
090370,813.23,,,,-72.43,,,,,896.89,332,1217,,상업서비스와공급품,KOSPI
00499K,155396.27,157191.0,162650.0,169163.33,2394.39,3528.67,4472.67,5370.0,0.6531,76316.01,202,25050,,복합기업,KOSPI
011090,2152.43,,,,5.45,,,,0.9903,282.75,201,1696,,가구,KOSPI
015020,164.28,,,,-4.07,,,,,315.28,199,928,,부동산,KOSPI
33626L,4547.95,5009.67,8336.17,9972.4,-1056.73,-743.0,443.33,751.2,0.9963,5482.62,225,7550,,에너지장비및서비스,KOSPI
093240,1666.5,1778.04,,,66.41,84.15,,,1.0,526.73,196,319,,"섬유,의류,신발,호화품",KOSPI
069640,2488.89,,,,-121.39,,,,,1675.14,321,1475,,"섬유,의류,신발,호화품",KOSPI
004870,50.35,,,,-36.06,,,,,89.15,253,1117,,건축자재,KOSPI
108675,31786.89,34312.33,34719.33,36103.0,130.6,1397.67,1256.67,1398.0,1.0,4705.06,191,18530,,건축자재,KOSPI
008600,1883.23,,,,-210.04,,,,,1445.61,176,2620,,"섬유,의류,신발,호화품",KOSPI
009440,859.6,,,,-15.74,,,,1.0,46.45,176,756,,상업서비스와공급품,KOSPI
026940,1799.11,,,,2.62,,,,,-219.32,434,2170,,철강,KOSPI
002360,986.27,,,,-122.5,,,,,20.91,172,1551,,화학,KOSPI
006200,2758.87,,,,-140.51,,,,,-300.65,171,1828,,반도체와반도체장비,KOSPI
005725,35865.18,,,,2042.1,,,,0.5127,12586.84,153,4250,,자동차부품,KOSPI
002025,58861.33,,,,605.01,,,,1.0,23440.16,152,13060,,복합기업,KOSPI
005257,24514.76,,,,362.27,,,,,15833.53,148,17500,,제약,KOSPI
001795,13562.76,,,,565.56,,,,0.9985,893.29,141,2170,,식품,KOSPI
000087,24985.67,24531.4,25040.8,25280.67,1723.39,1933.2,2027.8,2081.67,1.0,7752.29,139,12340,,음료,KOSPI
024890,1264.24,,,,8.71,,,,0.996,728.69,138,1673,,"섬유,의류,신발,호화품",KOSPI
00806K,13849.9,,,,113.13,,,,0.5689,-3721.99,129,10610,,전자장비와기기,KOSPI
45226K,5751.66,,,,94.14,,,,1.0,5115.03,127,4385,,백화점과일반상점,KOSPI
145995,25625.0,,,,1117.25,,,,0.8903,6948.15,122,33000,,식품,KOSPI
006380,246.38,,,,-211.2,,,,,1268.07,120,71,,화학,KOSPI
006490,1055.58,,,,40.79,,,,1.0,64.31,460,2590,,무선통신서비스,KOSPI
004105,6201.69,,,,224.19,,,,1.0,2328.18,118,3565,,자동차부품,KOSPI
084695,56287.99,,,,1998.28,,,,0.2547,14733.49,119,12980,,식품,KOSPI
00781K,15097.25,17103.5,19450.5,20506.0,538.16,970.5,1594.0,1876.5,0.8916,1868.81,109,13910,,전자장비와기기,KOSPI
38380K,1903.59,1580.0,1685.0,1775.0,1333.98,1840.0,1935.0,2075.0,1.0,2009.41,108,7390,,무역회사와판매업체,KOSPI
002355,31896.1,34770.87,36194.73,37908.85,1702.97,1757.67,2107.07,2357.92,0.9968,12956.47,255,3930,,자동차부품,KOSPI
001067,7752.98,,,,944.61,,,,1.0,-303.34,102,48400,,제약,KOSPI
18064K,2983.62,,,,-75.24,,,,0.9738,823.32,162,30250,,항공사,KOSPI
002070,2224.45,,,,-50.04,,,,,852.93,262,5450,,"섬유,의류,신발,호화품",KOSPI
019685,6500.05,,,,-34.0,,,,0.2,1202.38,99,1019,,교육서비스,KOSPI
004255,4503.2,,,,235.74,,,,1.0,895.37,99,1880,,포장재,KOSPI
145210,801.9,,,,-5.7,,,,,395.49,95,2240,,자동차부품,KOSPI
001755,9090.22,,,,753.11,,,,,,92,19380,,증권,KOSPI
001770,1003.98,,,,27.38,,,,,32.25,92,7540,,철강,KOSPI
33637L,6160.83,5556.0,6899.5,10082.5,-733.36,-753.5,287.5,760.5,0.707,8392.07,89,2350,,전자장비와기기,KOSPI
000225,1408.85,,,,110.19,,,,0.8944,1.91,84,3725,,제약,KOSPI
001515,14046.72,,,,77.86,,,,1.0,,80,4085,,증권,KOSPI
465770,1913.84,,,,-124.73,,,,1.0,866.05,231,3205,,해운사,KOSPI
044380,626.29,,,,-16.77,,,,,-102.53,80,575,,컴퓨터와주변기기,KOSPI
000325,12392.68,,,,645.08,,,,0.5537,-1102.96,67,27550,,건축자재,KOSPI
004985,12162.66,,,,436.56,,,,0.9988,4230.66,66,8970,,건축자재,KOSPI
012205,3897.99,,,,-271.0,,,,,1119.45,61,5210,,자동차부품,KOSPI
004835,1464.76,,,,62.36,,,,1.0,87.73,60,4330,,"섬유,의류,신발,호화품",KOSPI
090355,7710.52,,,,301.81,,,,1.0,-445.63,55,11890,,건축자재,KOSPI
002995,20184.88,21520.0,23570.0,24780.0,470.84,750.0,1040.0,1300.0,0.9932,14.34,54,18400,,건설,KOSPI
002690,1473.46,,,,-35.11,,,,,-603.2,288,1421,,철강,KOSPI
000145,24845.04,,,,1832.53,,,,0.4896,13971.48,44,9250,,음료,KOSPI
000545,35328.42,,,,1875.04,,,,,,45,5820,,손해보험,KOSPI
009415,21744.84,,,,527.89,,,,0.666,9516.19,42,6500,,건설,KOSPI
005965,17586.26,21083.0,,,426.28,932.0,,,1.0,4260.97,39,17290,,건설,KOSPI
014825,13728.74,,,,661.56,,,,0.999,2862.38,38,14270,,포장재,KOSPI
005745,10698.82,,,,572.51,,,,0.5442,2039.07,31,5180,,식품,KOSPI
013000,326.8,,,,24.33,,,,,-438.69,331,1154,,화학,KOSPI
014915,536.75,,,,16.73,,,,0.9921,211.19,29,4800,,전기제품,KOSPI
015260,1174.9,,,,-72.91,,,,,495.43,134,284,,전자장비와기기,KOSPI
001527,6306.28,,,,-207.44,,,,0.9903,3461.53,12,5640,,건축자재,KOSPI
001525,6306.28,,,,-207.44,,,,0.9903,3461.53,24,9100,,건축자재,KOSPI
014285,8021.56,,,,104.97,,,,0.3276,4530.75,34,5840,,건축제품,KOSPI
196170,2158.59,5053.0,6804.0,8617.25,1069.0,3163.5,4359.5,6008.75,0.9741,-3420.94,179710,258000,,생물공학,KOSDAQ
247540,25315.76,25721.0,36111.86,49413.92,1433.1,811.93,1589.93,2734.0,0.6427,24138.84,101254,103500,,전기제품,KOSDAQ
011155,1921.18,,,,-9.1,,,,1.0,411.51,13,6500,,식품,KOSPI
004415,686.03,,,,-4.6,,,,,208.29,10,4715,,식품,KOSPI
277810,341.23,710.0,1590.0,3140.0,-24.8,120.0,670.0,1310.0,1.0,-555.04,80994,417500,,기계,KOSDAQ
240810,9097.96,12439.71,16171.57,19240.71,738.14,1794.29,2739.67,3478.33,1.0,-3952.03,53747,109500,,반도체와반도체장비,KOSDAQ
036930,3106.93,3571.0,5381.0,7559.5,312.58,483.5,1371.5,2472.0,1.0,-786.83,94124,202500,,반도체와반도체장비,KOSDAQ
108490,389.43,633.88,1179.63,2059.57,33.46,-22.88,237.88,510.14,0.9687,-2343.16,46568,317500,,기계,KOSDAQ
002785,5763.82,,,,-230.04,,,,,-641.95,11,12500,,건설,KOSPI
028300,841.73,,,,-1042.17,,,,,2425.88,40292,30250,,건강관리장비와용품,KOSDAQ
095340,2201.95,3143.5,4036.86,4951.67,600.54,1033.5,1430.14,1766.5,0.9969,-3589.93,37816,178400,,반도체와반도체장비,KOSDAQ
36328K,792.27,,,,-345.64,,,,,1337.39,33,2840,,"호텔,레스토랑,레저",KOSPI
009310,598.44,,,,-75.31,,,,,-1965.41,233,5330,,디스플레이장비및부품,KOSPI
000250,2318.05,,,,84.67,,,,0.4374,-505.42,36547,155800,,제약,KOSDAQ
440110,924.19,3853.0,7711.0,9809.0,-654.7,879.5,2170.0,2874.0,0.9985,-155.41,30267,60400,,반도체와반도체장비,KOSDAQ
319660,4572.13,6846.4,8418.0,9453.6,884.94,1860.8,2337.6,2609.8,1.0,-2703.36,33051,114100,,반도체와반도체장비,KOSDAQ
145020,4251.1,5381.8,6581.07,8019.5,2008.51,2190.93,2843.4,3633.79,0.966,-5775.76,28722,229500,,생물공학,KOSDAQ
310210,75.12,,,,-543.85,,,,,-588.45,26785,144600,,제약,KOSDAQ
039030,3808.91,4913.0,6484.0,7113.5,807.53,1332.0,2143.5,2373.0,0.9954,-3307.95,52420,425500,,반도체와반도체장비,KOSDAQ
095610,3511.16,4804.5,6112.38,7758.0,578.38,1047.38,1414.29,1928.5,1.0,-1629.64,25555,132000,,반도체와반도체장비,KOSDAQ
222800,14105.6,20883.78,25166.33,28997.13,118.69,2560.11,4290.11,5480.75,0.9995,6473.13,46405,122200,,전자장비와기기,KOSDAQ
403870,1729.65,2484.0,3668.4,4442.8,899.02,1380.8,2070.8,2553.8,,-2108.04,41891,50900,,반도체와반도체장비,KOSDAQ
298380,793.5,,,,-403.9,,,,,-1116.35,35720,63800,,생물공학,KOSDAQ
080220,3022.31,,,,358.74,,,,1.0,-135.3,24076,69900,,반도체와반도체장비,KOSDAQ
092780,4593.33,,,,166.59,,,,0.9657,1672.87,428,3250,,자동차부품,KOSPI
214370,728.08,,,,204.0,,,,1.0,-355.61,21647,40300,,건강관리업체및서비스,KOSDAQ
140410,79.1,,,,-167.69,,,,,-229.92,21160,69100,,식품,KOSDAQ
257720,11162.87,16113.58,20504.17,24918.6,2053.62,2961.42,3772.0,4611.6,1.0,505.01,29772,45400,,인터넷과카탈로그소매,KOSDAQ
347850,42.98,,,,-339.93,,,,1.0,-371.64,20902,45600,,생물공학,KOSDAQ
084370,3503.24,5000.0,6717.0,7240.0,516.72,1023.0,1669.0,1800.0,0.9804,-3301.69,29630,129300,,반도체와반도체장비,KOSDAQ
000227,1408.85,,,,110.19,,,,0.8944,1.91,25,7790,,제약,KOSPI
263750,3655.65,7994.83,4644.67,6227.0,-148.08,3930.33,1404.83,2262.8,1.0,-6477.65,21461,34150,,게임엔터테인먼트,KOSDAQ
098460,2326.47,3426.37,4004.6,4448.14,173.42,566.03,740.99,904.0,0.9997,-1345.74,18176,26650,,전자장비와기기,KOSDAQ
060370,2442.05,3131.67,4406.33,5169.67,70.09,166.67,483.0,718.67,1.0,-1998.23,16507,31600,,건설,KOSDAQ
007390,207.35,,,,-36.46,,,,1.0,-15.12,16205,25150,,생물공학,KOSDAQ
214450,5362.89,6976.31,8505.94,10193.07,2143.96,2717.19,3382.94,4073.6,0.9918,-3746.45,35481,341500,,건강관리장비와용품,KOSDAQ
26490K,4448.38,,,,152.65,,,,,-252.47,59,7600,,식품,KOSPI
010170,1394.47,2033.67,2565.67,3115.5,-214.11,37.33,180.0,246.0,1.0,729.23,22359,14380,,통신장비,KOSDAQ
067310,15344.19,24942.5,28336.0,31188.5,1276.89,4167.5,4331.5,4756.0,0.8227,9297.05,21842,32850,,반도체와반도체장비,KOSDAQ
086520,34130.22,,,,2137.64,,,,0.3772,36725.13,109028,80300,,화학,KOSDAQ
087010,56.35,,,,-212.57,,,,,-440.15,32201,138100,,생물공학,KOSDAQ
068760,5364.0,6110.0,7030.0,8010.0,560.92,700.0,860.0,1000.0,,363.36,17361,39100,,제약,KOSDAQ
214150,3368.2,4401.13,5552.44,6767.81,1706.01,1924.81,2548.88,3206.56,1.0,122.67,20451,31350,,건강관리장비와용품,KOSDAQ
131290,4289.01,6941.75,8712.75,10575.33,491.72,1876.25,2419.75,3054.0,0.9009,-732.88,26105,236000,,반도체와반도체장비,KOSDAQ
002787,5763.82,,,,-230.04,,,,,-641.95,8,25900,,건설,KOSPI
323280,378.59,,,,-25.06,,,,1.0,196.6,13528,44300,,전자장비와기기,KOSDAQ
058610,3416.7,3596.8,3990.4,4706.5,179.39,212.2,283.2,343.25,0.942,302.52,19738,89000,,전기제품,KOSDAQ
039200,998.39,750.0,680.0,1210.0,520.81,220.0,130.0,620.0,0.5492,-1928.59,13084,34200,,제약,KOSDAQ
004545,5082.01,,,,-226.38,,,,,3351.1,12,3400,,종이와목재,KOSPI
032820,871.35,,,,-54.87,,,,0.9994,1661.95,23706,13720,,우주항공과국방,KOSDAQ
950160,51.59,60.0,60.0,1010.0,-223.23,-290.0,-450.0,-300.0,,-325.66,13731,16160,,생물공학,KOSDAQ
036540,3673.89,5513.5,7791.25,8305.0,-196.27,-23.25,755.0,730.0,0.996,-36.31,12269,7460,,반도체와반도체장비,KOSDAQ
131970,3038.74,3381.75,4734.75,5320.75,-9.41,384.25,1036.5,1289.5,,1144.96,15752,81500,,반도체와반도체장비,KOSDAQ
031980,2077.64,2791.4,3883.6,4677.67,734.01,1088.6,1566.6,1930.33,1.0,-2002.49,32926,152700,,반도체와반도체장비,KOSDAQ
024070,1032.76,,,,-6.98,,,,1.0,-261.74,304,1983,,화학,KOSPI
035900,8218.55,8211.05,8816.26,8943.88,1552.46,1518.21,1674.32,1683.0,1.0,-3545.21,13964,39300,,방송과엔터테인먼트,KOSDAQ
241710,6409.29,8433.3,9732.6,11073.56,835.37,1145.0,1368.3,1592.78,0.8633,1419.95,13873,129900,,화장품,KOSDAQ
058470,3725.34,4608.0,5490.0,6394.0,1769.97,2250.5,2676.25,3109.5,,-4266.01,48928,64200,,반도체와반도체장비,KOSDAQ
005290,11941.45,,,,1724.49,,,,1.0,1638.29,19853,38950,,반도체와반도체장비,KOSDAQ
357780,9233.82,12087.75,14768.5,17366.29,1336.42,2030.5,2748.88,3590.57,0.9612,-2201.36,25203,324000,,반도체와반도체장비,KOSDAQ
140860,2056.13,2426.83,2904.17,3404.5,421.91,503.5,684.67,832.67,0.9993,-346.99,17506,250000,,전자장비와기기,KOSDAQ
078600,2546.13,4116.0,5463.0,7180.0,206.86,397.0,519.0,660.0,0.9886,2444.42,12862,81900,,전자장비와기기,KOSDAQ
218410,1858.04,2624.25,3514.33,3806.0,308.89,550.5,797.67,899.5,0.9056,-1392.21,12902,48550,,통신장비,KOSDAQ
319400,3939.41,,,,182.13,,,,1.0,409.52,23055,20700,,기계,KOSDAQ
204270,1856.53,2000.0,5149.0,6055.0,-779.96,-432.0,1080.0,1404.0,1.0,2295.93,12698,21950,,핸드셋,KOSDAQ
183300,6041.1,7100.0,8430.0,9870.0,1109.92,1200.0,1600.0,2000.0,0.6429,5404.46,13483,26250,,반도체와반도체장비,KOSDAQ
420770,524.35,1019.08,2118.48,1987.8,121.01,346.5,931.98,846.0,0.9995,-1146.44,11662,92000,,반도체와반도체장비,KOSDAQ
082920,2430.83,3073.0,3618.0,4129.0,692.68,896.0,1048.33,1216.0,1.0,-1487.02,12436,27550,,전기제품,KOSDAQ
089030,1591.28,,,,158.38,,,,1.0,2756.07,15970,43100,,반도체와반도체장비,KOSDAQ
003075,26844.31,29268.0,32974.0,35060.0,36.51,1313.0,1531.0,1770.0,0.9925,7995.13,103,13840,,건설,KOSPI
290650,854.76,1639.5,2293.0,2992.5,44.16,377.17,665.67,968.5,0.934,222.33,12406,46000,,건강관리장비와용품,KOSDAQ
0009K0,472.78,,,,207.69,,,,1.0,-910.94,14131,21850,,생물공학,KOSDAQ
043260,2315.77,2917.33,4956.33,8302.67,75.51,436.67,1076.67,2273.0,0.9424,6168.31,12359,16830,,전기제품,KOSDAQ
064760,3013.34,4082.0,5026.57,6053.86,838.87,1234.14,1666.14,2046.14,,-2920.01,28619,256000,,반도체와반도체장비,KOSDAQ
232140,2726.3,3797.0,4655.6,5772.5,169.9,550.4,722.4,1025.25,0.61,-630.51,9247,11270,,반도체와반도체장비,KOSDAQ
001065,7752.98,,,,944.61,,,,1.0,-303.34,77,22400,,제약,KOSPI
475830,0.24,,,,-517.59,,,,1.0,-1557.02,10686,49200,,제약,KOSDAQ
347700,956.39,2700.5,4521.5,5780.0,90.52,142.0,572.5,940.0,1.0,2533.02,10001,19400,,우주항공과국방,KOSDAQ
166090,2734.82,3774.0,4577.0,5256.0,500.81,987.25,1307.0,1500.0,0.9998,716.46,9909,50100,,반도체와반도체장비,KOSDAQ
237690,3316.81,4176.69,5185.77,6217.31,549.33,752.92,1028.46,1336.31,0.9958,-901.33,18371,88000,,제약,KOSDAQ
030530,6229.92,,,,-4.18,,,,0.543,3696.65,16490,21350,,반도체와반도체장비,KOSDAQ
178320,10663.31,18406.67,24342.33,28006.0,11.46,634.67,2904.0,3491.5,0.9947,12855.38,22016,34550,,전기장비,KOSDAQ
086450,9268.84,10501.33,11838.0,13214.0,965.54,1093.0,1273.0,1384.5,0.9598,-512.75,9227,20400,,제약,KOSDAQ
096530,4742.32,5486.0,6201.5,7082.0,345.5,900.0,1113.5,1308.0,1.0,-4522.55,14908,31900,,생명과학도구및서비스,KOSDAQ
195940,10631.51,10981.07,11711.27,12496.77,1108.77,1307.2,1480.47,1688.62,,3357.6,11247,39700,,제약,KOSDAQ
089970,1444.12,3107.67,4202.0,4814.33,246.73,922.33,1380.0,1638.67,1.0,-1895.97,12360,46950,,반도체와반도체장비,KOSDAQ
293490,4650.19,3426.89,6353.33,6127.71,-395.91,-876.11,579.89,288.14,1.0,386.6,10141,9500,,게임엔터테인먼트,KOSDAQ
041510,11749.35,12607.0,13716.12,14742.27,1830.34,1880.71,2165.71,2422.53,0.9311,-4490.5,19827,86600,,방송과엔터테인먼트,KOSDAQ
036830,5566.47,,,,88.6,,,,0.9835,2251.22,8396,40950,,전기제품,KOSDAQ
356860,2584.98,3723.45,4720.64,6497.22,259.63,576.45,836.91,1210.78,1.0,817.37,8580,36200,,반도체와반도체장비,KOSDAQ
065350,9453.64,,,,276.9,,,,0.8971,3139.82,8300,30200,,가정용기기와용품,KOSDAQ
437730,950.42,,,,8.05,,,,1.0,-167.8,12556,39600,,자동차부품,KOSDAQ
252990,779.85,1231.33,1587.33,1941.0,146.66,347.67,465.33,589.67,,-186.89,9731,16160,,반도체와반도체장비,KOSDAQ
122870,5454.04,6328.71,5670.53,6013.79,713.42,774.53,711.29,833.57,0.8315,-2460.68,8261,44200,,방송과엔터테인먼트,KOSDAQ
115180,69.83,,,,-297.64,,,,,110.43,8258,22000,,제약,KOSDAQ
445680,51.52,,,,-123.14,,,,,-99.84,8089,47000,,생명과학도구및서비스,KOSDAQ
141080,1415.53,1742.33,2848.0,3702.0,-1064.86,-1216.0,-1287.67,522.5,1.0,-3790.96,30985,83700,,제약,KOSDAQ
127120,193.16,,,,-124.87,,,,,-86.33,11175,30150,,생명과학도구및서비스,KOSDAQ
327260,640.84,1011.4,1499.6,1954.0,73.7,181.0,305.0,428.8,0.8314,-467.19,7933,44100,,우주항공과국방,KOSDAQ
226950,146.67,,,,-299.72,,,,,-1933.29,21021,99800,,생명과학도구및서비스,KOSDAQ
032190,180519.61,,,,15998.81,,,,0.2,-483882.0,7756,20250,,증권,KOSDAQ
056190,16309.5,16854.5,19691.0,21560.0,858.61,1172.0,1757.5,1990.0,0.9316,-1321.51,8923,24850,,기계,KOSDAQ
101490,2437.33,,,,503.9,,,,1.0,-419.28,8385,39300,,반도체와반도체장비,KOSDAQ
007575,2724.22,,,,49.63,,,,0.968,868.05,34,7550,,제약,KOSPI
388720,369.18,,,,-126.2,,,,,-93.69,7740,65700,,기계,KOSDAQ
099320,2069.17,2389.0,3203.0,3598.0,101.8,205.0,426.5,554.0,0.6522,-606.71,7732,70600,,우주항공과국방,KOSDAQ
003380,132148.84,147130.0,155530.0,163450.0,8874.27,10240.0,11010.0,11740.0,0.4958,80504.36,12735,11370,,식품,KOSDAQ
083450,3471.59,4399.5,5227.5,5845.0,591.72,759.0,945.5,1080.5,0.9988,-1230.35,7971,43250,,반도체와반도체장비,KOSDAQ
417200,1535.82,,,,-1.42,,,,0.9968,90.69,7584,11210,,전기제품,KOSDAQ
083650,7741.17,11693.67,14322.33,17089.5,754.97,1463.0,1764.0,2224.0,1.0,59.88,19773,63900,,에너지장비및서비스,KOSDAQ
035760,51345.11,52435.5,56131.75,57883.13,1328.88,1324.42,2114.58,2544.25,1.0,18985.16,8081,36850,,방송과엔터테인먼트,KOSDAQ
225570,1793.17,,,,-602.4,,,,0.9999,-552.43,7660,11630,,게임엔터테인먼트,KOSDAQ
100790,2398.48,,,,351.16,,,,1.0,,8366,15750,,창업투자,KOSDAQ
044490,3496.54,3900.67,4424.5,4966.5,50.22,272.0,399.0,494.5,,457.06,7443,37200,,에너지장비및서비스,KOSDAQ
085660,12682.54,,,,-487.75,,,,,4524.05,7326,7880,,건강관리업체및서비스,KOSDAQ
119850,2626.34,2953.8,3918.2,4932.0,493.72,439.2,713.2,1022.75,0.9841,-816.73,8019,48750,,전기장비,KOSDAQ
466100,414.06,,,,-31.81,,,,,-372.16,6918,22350,,기계,KOSDAQ
090360,757.35,,,,-56.61,,,,1.0,-309.73,7244,74300,,기계,KOSDAQ
014620,2456.7,2746.67,3386.33,3609.0,419.56,478.67,661.0,733.67,1.0,-1382.0,9136,34400,,기계,KOSDAQ
031330,37565.94,,,,1139.01,,,,1.0,8764.27,7850,7850,,전자장비와기기,KOSDAQ
090710,1683.05,,,,-173.22,,,,,-77.4,7162,5990,,기계,KOSDAQ
023160,2969.66,3300.0,4119.67,4319.0,387.35,461.67,790.33,732.0,0.9705,-2775.83,7204,27850,,기계,KOSDAQ
476830,79.2,,,,-145.97,,,,,-342.25,7126,25400,,생물공학,KOSDAQ
950260,,,,,-331.92,,,,,-120.49,6991,14140,,생물공학,KOSDAQ
033100,2240.17,,,,670.27,,,,,-1533.75,7268,45250,,전기장비,KOSDAQ
251970,3719.61,4483.96,5086.13,5680.0,565.15,732.16,867.67,1000.4,0.803,-1209.86,7217,58200,,포장재,KOSDAQ
388210,1605.56,2053.75,2904.0,3606.33,517.82,675.0,983.5,1291.0,0.9604,-378.41,6835,70800,,반도체와반도체장비,KOSDAQ
038500,6769.27,,,,765.83,,,,1.0,4112.72,7479,6930,,건축자재,KOSDAQ
491000,511.92,697.0,1639.0,2708.0,-226.42,-331.0,-65.0,364.0,1.0,-509.08,7690,30450,,건강관리장비와용품,KOSDAQ
458870,481.71,1290.52,1712.38,2183.0,163.27,564.84,773.54,1015.4,1.0,-207.13,8992,23450,,건강관리기술,KOSDAQ
137400,7448.89,7600.0,9520.0,10770.0,956.48,750.0,1180.0,1400.0,0.9003,2517.07,6764,28550,,전기제품,KOSDAQ
124500,88708.45,106818.0,,,2799.26,2883.0,,,0.2549,-865.01,7425,32000,,IT서비스,KOSDAQ
281740,1412.34,,,,132.71,,,,0.9853,1714.88,6836,10400,,화학,KOSDAQ
033790,2647.61,,,,88.47,,,,,-681.81,6099,7320,,전기제품,KOSDAQ
213420,3443.1,4497.0,5307.75,5898.0,607.42,943.25,1091.0,1274.25,0.9325,-308.98,7586,30550,,디스플레이장비및부품,KOSDAQ
189300,3196.28,4008.92,4817.6,5842.75,119.54,366.4,564.12,907.25,1.0,1416.05,6711,62500,,통신장비,KOSDAQ
425420,1117.42,1756.0,2193.0,2704.0,190.56,367.0,546.0,699.0,1.0,-568.41,6532,52900,,반도체와반도체장비,KOSDAQ
041830,2339.48,2869.8,3403.8,3946.4,367.53,574.2,707.4,855.8,1.0,-1370.02,7657,56800,,건강관리장비와용품,KOSDAQ
093320,1592.44,,,,238.83,,,,0.8733,98.98,6822,139800,,IT서비스,KOSDAQ
476060,533.92,1112.0,1533.0,1973.0,126.19,258.0,483.0,733.0,,-623.45,6475,14260,,제약,KOSDAQ
060250,12348.83,15164.25,17078.75,18808.75,546.88,604.0,720.25,809.0,0.9954,-3073.46,5823,14500,,IT서비스,KOSDAQ
074600,9436.41,10971.0,12512.0,14229.0,596.1,1166.33,1503.67,1701.67,0.9458,7630.57,6677,25400,,반도체와반도체장비,KOSDAQ
328130,831.29,,,,-831.04,,,,,-731.65,6307,8470,,건강관리기술,KOSDAQ
053800,2676.57,,,,332.77,,,,1.0,-2977.41,6821,61300,,소프트웨어,KOSDAQ
048410,35.17,,,,-181.61,,,,,-197.81,6234,6460,,화장품,KOSDAQ
059090,9770.37,,,,1010.04,,,,0.3936,9044.79,6603,19760,,반도체와반도체장비,KOSDAQ
295310,665.32,1071.0,1568.33,2283.5,58.37,163.67,297.0,480.0,,-134.68,6094,49500,,비철금속,KOSDAQ
064290,897.65,1059.5,1698.5,2145.0,-37.35,79.0,413.75,562.33,1.0,170.81,5727,44200,,반도체와반도체장비,KOSDAQ
122640,870.56,1458.67,2416.67,3141.0,37.93,265.67,668.33,987.0,0.9769,430.58,6171,28500,,반도체와반도체장비,KOSDAQ
046890,10135.24,11334.0,11976.0,12510.0,-315.16,148.0,281.0,360.0,0.7649,796.21,5609,9620,,디스플레이장비및부품,KOSDAQ
121600,1117.45,1483.0,2219.0,3612.0,46.81,183.0,302.0,550.0,1.0,-655.77,5892,48050,,화학,KOSDAQ
112040,6140.4,,,,106.78,,,,1.0,-1325.67,5496,16190,,게임엔터테인먼트,KOSDAQ
161580,1034.41,,,,-348.92,,,,0.7447,279.09,7185,30650,,전자장비와기기,KOSDAQ
041960,524.65,,,,19.6,,,,0.8926,139.81,6962,9330,,제약,KOSDAQ
222080,4071.81,,,,335.1,,,,1.0,-2279.32,5678,7300,,전기제품,KOSDAQ
036810,2802.63,3363.0,3915.0,4307.0,-5.47,277.0,427.0,586.0,0.971,2291.71,5477,25300,,반도체와반도체장비,KOSDAQ
160190,735.44,,,,-89.09,,,,0.9936,-375.23,6208,20100,,기계,KOSDAQ
253450,5306.85,5848.75,6467.33,6947.33,303.59,474.25,589.75,686.11,1.0,110.4,6493,21600,,방송과엔터테인먼트,KOSDAQ
032500,975.19,1036.5,2703.0,5522.0,-237.66,-202.5,577.5,1897.0,1.0,156.42,6831,16190,,통신장비,KOSDAQ
358570,58.38,,,,-406.55,,,,,-373.18,5342,8280,,생물공학,KOSDAQ
053610,2305.43,2798.5,3125.5,3410.5,463.07,751.0,839.5,933.0,1.0,-1301.82,5400,60000,,반도체와반도체장비,KOSDAQ
009520,3574.32,,,,10.34,,,,,-390.98,5222,12540,,철강,KOSDAQ
094170,1276.31,1280.0,1401.0,1509.0,24.19,15.0,96.0,111.0,,-571.58,5583,26700,,반도체와반도체장비,KOSDAQ
171090,5157.61,4188.0,6168.0,6759.5,1115.26,951.5,1484.5,1676.0,1.0,-858.36,6725,66400,,디스플레이장비및부품,KOSDAQ
052020,69.84,,,,-234.73,,,,,-490.76,5418,7970,,판매업체,KOSDAQ
050890,2948.3,3357.0,3798.0,4436.0,332.83,357.0,454.0,634.0,1.0,57.03,5231,8610,,통신장비,KOSDAQ
079940,3356.81,,,,404.86,,,,0.5075,858.45,5341,39800,,IT서비스,KOSDAQ
052400,3091.64,3478.75,4068.33,4613.67,888.99,1098.0,1310.0,1529.33,1.0,-2478.78,5454,37450,,IT서비스,KOSDAQ
456160,4.23,,,,-122.02,,,,,-1743.1,5188,31200,,제약,KOSDAQ
033500,7421.86,8223.0,8962.0,9606.0,725.59,1133.5,1332.0,1565.0,1.0,-499.7,5005,16690,,화학,KOSDAQ
102710,6708.96,7460.0,8647.0,9739.0,780.77,969.67,1222.67,1477.0,0.9896,998.82,5715,40000,,반도체와반도체장비,KOSDAQ
490470,1209.52,2168.0,3064.0,4348.0,-533.94,-35.0,358.0,690.0,1.0,-924.55,5046,14830,,반도체와반도체장비,KOSDAQ
376900,262.47,535.0,,,4.53,-74.0,,,0.9984,-133.9,5171,29700,,건강관리장비와용품,KOSDAQ
037460,42910.97,,,,1624.48,,,,0.6393,8288.76,5018,30750,,통신장비,KOSDAQ
045100,11181.81,,,,537.11,,,,1.0,-1968.87,4996,28550,,반도체와반도체장비,KOSDAQ
033640,5214.39,5855.5,7077.0,8040.0,237.61,502.0,934.0,1340.0,0.6984,2104.86,5004,21700,,반도체와반도체장비,KOSDAQ
086900,2472.9,2717.0,3006.67,3323.0,170.04,294.0,386.33,522.0,1.0,766.53,4999,68500,,생물공학,KOSDAQ
211050,10217.69,,,,948.44,,,,1.0,106.39,5286,10730,,손해보험,KOSDAQ
187660,92.73,,,,-73.76,,,,,49.44,5322,8320,,제약,KOSDAQ
024850,322.64,,,,-375.51,,,,,-153.62,4858,15300,,반도체와반도체장비,KOSDAQ
356680,481.36,,,,37.53,,,,,-64.63,4904,17180,,소프트웨어,KOSDAQ
253590,639.37,1257.95,1678.85,2300.0,40.55,279.4,389.4,536.0,1.0,-362.79,4861,11080,,반도체와반도체장비,KOSDAQ
025980,2580.71,,,,83.16,,,,0.4757,5657.45,4865,5000,,"호텔,레스토랑,레저",KOSDAQ
101160,2917.65,,,,585.44,,,,1.0,-1961.41,4904,29700,,반도체와반도체장비,KOSDAQ
099190,3154.45,3384.0,3831.0,4294.0,78.87,142.5,238.0,325.0,1.0,988.15,4794,16360,,건강관리장비와용품,KOSDAQ
460930,2482.04,,,,287.64,,,,1.0,-50.57,4709,13260,,조선,KOSDAQ
069540,317.7,,,,-165.31,,,,,-57.55,4908,4355,,통신장비,KOSDAQ
383310,1410.57,2057.0,3060.0,3519.0,117.1,336.0,627.0,792.0,1.0,-373.1,4698,22400,,상업서비스와공급품,KOSDAQ
015750,43826.7,,,,2426.83,,,,0.949,12602.2,4800,6000,,자동차부품,KOSDAQ
034950,1097.81,,,,343.4,,,,0.8587,-954.91,4704,103600,,상업서비스와공급품,KOSDAQ
399720,685.1,,,,-167.21,,,,1.0,-376.14,4666,39350,,반도체와반도체장비,KOSDAQ
397030,21.72,80.0,310.0,260.0,-72.64,-50.0,170.0,110.0,,-801.97,4586,16640,,제약,KOSDAQ
035890,11001.3,9170.0,11230.0,12690.0,1443.89,990.0,1450.0,1690.0,1.0,-4931.72,4826,2325,,건설,KOSDAQ
365340,1946.29,3290.0,4191.5,4837.5,-545.34,189.0,270.5,357.0,0.8914,4102.47,4509,34900,,전기제품,KOSDAQ
056080,281.89,,,,-50.33,,,,,-197.8,4561,11930,,기계,KOSDAQ
041190,1628.67,,,,1380.76,,,,1.0,,4533,5680,,창업투자,KOSDAQ
080580,943.74,1477.0,2374.0,3645.0,110.86,300.0,559.0,867.0,0.9938,178.21,4566,21650,,반도체와반도체장비,KOSDAQ
082270,815.31,,,,37.93,,,,,406.8,4533,10240,,반도체와반도체장비,KOSDAQ
278280,1338.5,2016.33,2600.67,3187.0,37.11,-90.67,208.33,336.33,0.9386,2124.06,4577,37350,,전기제품,KOSDAQ
126340,822.29,1428.5,2224.5,,17.74,62.0,216.0,,0.924,1115.56,4509,62800,,전기장비,KOSDAQ
336570,1568.38,1888.5,2182.0,2615.0,516.85,477.5,559.0,675.0,1.0,-858.24,4491,5030,,건강관리장비와용품,KOSDAQ
019210,6393.83,8890.0,,,665.28,1910.0,,,0.9983,6598.94,4657,12520,,기계,KOSDAQ
077360,2364.05,3528.2,4369.8,5118.33,28.13,337.2,569.6,775.67,0.9835,2422.87,4403,9690,,반도체와반도체장비,KOSDAQ
214430,1242.76,1426.5,1745.0,1974.0,164.58,195.5,250.0,309.5,,-514.69,4377,59900,,우주항공과국방,KOSDAQ
340570,1641.58,1928.5,2233.5,2594.0,463.51,726.0,861.5,1015.0,1.0,-1021.16,4395,27350,,건강관리장비와용품,KOSDAQ
348370,3127.94,,,,-783.87,,,,,2450.6,4393,20050,,전기제품,KOSDAQ
098120,1003.14,,,,177.45,,,,0.9951,-232.19,4156,50000,,반도체와반도체장비,KOSDAQ
219130,806.79,1305.0,1580.0,,72.19,252.0,340.0,,,-151.58,4268,67600,,반도체와반도체장비,KOSDAQ
101730,1488.4,,,,-487.45,,,,1.0,-732.87,4358,5200,,게임엔터테인먼트,KOSDAQ
376300,838.35,960.7,1037.0,1108.25,313.92,387.0,442.5,504.88,1.0,-1522.22,4266,17970,,양방향미디어와서비스,KOSDAQ
078340,6964.24,7218.75,7775.88,8118.86,26.34,437.25,686.5,786.0,1.0,516.61,4226,34950,,게임엔터테인먼트,KOSDAQ
067160,4665.7,4480.6,4628.0,4930.5,1248.4,930.6,1019.6,1154.75,0.9848,-4802.39,4253,37000,,양방향미디어와서비스,KOSDAQ
018290,4371.84,5230.0,6100.0,6850.0,828.69,600.0,880.0,1060.0,0.9681,-680.69,4057,11610,,화장품,KOSDAQ
030520,3267.45,3855.0,4171.6,4409.4,363.97,492.8,580.6,631.6,1.0,-1085.14,4178,17280,,소프트웨어,KOSDAQ
348340,189.54,,,,-148.57,,,,,356.17,4139,17680,,기계,KOSDAQ
036800,10946.84,13796.0,16634.0,18254.67,552.93,758.67,968.67,1076.67,0.9629,-2043.91,3736,8210,,상업서비스와공급품,KOSDAQ
204620,1540.57,1921.0,2094.0,,289.85,350.0,407.0,,0.9786,-1474.55,4055,5770,,기타금융,KOSDAQ
241770,946.14,,,,153.6,,,,1.0,-553.22,4087,40100,,반도체와반도체장비,KOSDAQ
272290,4396.34,4585.0,6222.0,8293.0,819.21,519.0,728.0,1086.0,1.0,1004.0,4007,20100,,디스플레이장비및부품,KOSDAQ
089890,823.79,1790.0,2500.0,,173.92,390.0,650.0,,1.0,-264.81,4038,24350,,반도체와반도체장비,KOSDAQ
095660,4327.26,4173.2,4757.4,5282.5,599.8,340.8,487.2,642.75,1.0,-2864.96,3879,17930,,게임엔터테인먼트,KOSDAQ
013030,2145.66,,,,589.11,,,,0.9905,-2230.76,3989,33900,,기계,KOSDAQ
174900,47.14,,,,-176.36,,,,,-289.37,4000,20050,,생물공학,KOSDAQ
027360,507.49,,,,118.86,,,,1.0,,4028,3325,,창업투자,KOSDAQ
368770,434.72,589.0,,,101.17,159.0,,,0.9864,-49.81,3949,12020,,전자장비와기기,KOSDAQ
104830,3224.67,3832.75,4574.0,5256.67,564.98,686.5,908.25,1129.67,0.9999,92.96,3858,30600,,화학,KOSDAQ
477850,114.59,232.0,434.0,,-80.41,-5.0,128.0,,1.0,-438.61,3853,21700,,소프트웨어,KOSDAQ
064260,2253.77,,,,23.12,,,,1.0,1643.99,3771,4985,,IT서비스,KOSDAQ
078130,677.85,,,,-4.95,,,,,-178.57,3828,3395,,종이와목재,KOSDAQ
441270,2391.21,4198.57,6285.5,7863.5,19.35,261.67,511.0,697.0,0.9668,1569.58,3777,8950,,핸드셋,KOSDAQ
042000,3147.64,,,,402.27,,,,1.0,-1719.73,3755,15530,,IT서비스,KOSDAQ
144960,5779.9,7059.33,8068.0,9158.0,286.69,691.67,819.67,921.0,0.8596,1686.62,3762,8610,,반도체와반도체장비,KOSDAQ
092870,660.27,1335.67,1982.0,2782.5,0.8,212.67,383.0,673.5,0.9999,-176.49,3759,28800,,반도체와반도체장비,KOSDAQ
092190,7638.09,,,,2.26,,,,0.3929,2229.08,3720,8110,,디스플레이장비및부품,KOSDAQ
107640,1752.65,2293.0,3820.0,5000.0,40.26,-24.0,191.0,450.0,0.5584,1049.81,3717,41000,,전기장비,KOSDAQ
125490,1558.82,2045.0,2505.0,2650.0,102.93,142.67,215.0,245.0,0.9981,797.46,3705,10150,,자동차부품,KOSDAQ
078020,22953.4,,,,222.21,,,,1.0,,3695,6660,,증권,KOSDAQ
439960,88.63,,,,-81.51,,,,,-162.25,3602,11100,,기계,KOSDAQ
332570,1254.77,3178.0,4484.0,5593.0,39.09,308.0,473.0,631.0,0.9952,-511.43,3689,8030,,핸드셋,KOSDAQ
089010,6374.86,7820.0,8610.0,9320.0,232.01,440.0,590.0,840.0,0.9886,3817.36,3631,21650,,전자장비와기기,KOSDAQ
236200,1373.02,1577.0,1779.0,2069.0,327.45,395.0,452.0,535.0,1.0,-1306.12,3682,52800,,전자장비와기기,KOSDAQ
003800,3172.67,,,,540.91,,,,1.0,-1872.33,3649,32900,,가구,KOSDAQ
475960,113.07,200.0,346.0,660.0,-55.69,-22.0,18.0,195.0,1.0,-274.52,3585,26600,,생명과학도구및서비스,KOSDAQ
486990,131.01,,,,-152.79,,,,,-102.29,3577,16720,,IT서비스,KOSDAQ
215200,8849.45,8989.5,9177.0,9369.5,1210.2,1197.0,1230.5,1261.0,0.9548,-15.02,3586,34600,,교육서비스,KOSDAQ
025900,8295.62,9449.0,10762.0,12040.0,-137.95,-11.0,85.0,380.0,0.963,10010.7,3559,7040,,건축자재,KOSDAQ
006910,1474.86,,,,268.06,,,,,-533.29,3537,7200,,전기장비,KOSDAQ
025320,2615.38,,,,67.59,,,,1.0,17.75,3495,3790,,핸드셋,KOSDAQ
036620,2501.95,2930.5,3446.5,3923.5,446.31,542.0,671.5,796.5,,-119.75,3487,3880,,"섬유,의류,신발,호화품",KOSDAQ
069080,1744.37,1566.67,1727.33,1857.0,297.28,225.33,256.0,258.67,1.0,-614.08,3484,11250,,게임엔터테인먼트,KOSDAQ
092730,1321.84,,,,287.75,,,,1.0,-1398.24,3486,21750,,화장품,KOSDAQ
078160,736.57,,,,-679.84,,,,1.0,-333.15,3419,8720,,생물공학,KOSDAQ
170920,3103.85,4585.5,6687.5,8598.0,296.29,733.5,1174.0,1545.0,0.489,-460.06,3396,32150,,반도체와반도체장비,KOSDAQ
393890,1108.13,,,,-1276.43,,,,1.0,8853.52,3259,9630,,전기제품,KOSDAQ
121440,3543.19,,,,280.26,,,,0.9982,1637.33,3423,7990,,레저용장비와제품,KOSDAQ
114810,1988.3,2333.0,2786.0,,333.17,427.0,613.0,,0.9727,-39.84,3377,12000,,반도체와반도체장비,KOSDAQ
417840,482.89,1193.3,1555.14,,46.35,355.61,516.47,,1.0,138.93,3360,14690,,반도체와반도체장비,KOSDAQ
372320,,,,,-362.9,,,,,-223.46,3350,22000,,생물공학,KOSDAQ
389470,29.39,,,,-283.81,,,,,-809.46,3274,24600,,제약,KOSDAQ
234340,1874.36,2222.67,2506.5,2807.5,155.78,260.0,303.5,367.5,1.0,-2716.88,3192,22850,,IT서비스,KOSDAQ
093520,2272.42,2851.0,2851.0,3126.0,290.95,423.0,423.0,471.0,0.9974,-494.09,3243,27250,,반도체와반도체장비,KOSDAQ
060280,745.32,807.0,,,23.62,31.0,,,1.0,-245.41,3231,7830,,건강관리장비와용품,KOSDAQ
290550,4257.76,5347.0,7352.0,,215.74,339.0,578.4,,1.0,167.24,3192,15960,,핸드셋,KOSDAQ
348210,669.14,826.67,1187.0,1503.0,-11.61,66.67,281.33,455.33,0.9898,603.27,3164,30200,,반도체와반도체장비,KOSDAQ
046970,424.75,,,,-6.77,,,,,-72.58,3120,7120,,컴퓨터와주변기기,KOSDAQ
206650,1491.95,1350.0,,,606.63,450.0,,,,-627.03,3179,8650,,생물공학,KOSDAQ
099440,1535.9,2179.0,2554.0,2843.0,-168.1,234.0,299.0,328.0,1.0,1565.61,3112,4560,,기계,KOSDAQ
455900,46.41,,,,-102.76,,,,,-236.9,3102,20150,,건강관리장비와용품,KOSDAQ
018000,402.68,,,,-95.33,,,,,1036.33,3153,1215,,에너지장비및서비스,KOSDAQ
215600,92.25,,,,-255.88,,,,,-659.39,3111,2245,,제약,KOSDAQ
900290,9592.56,,,,1373.16,,,,0.7613,5324.61,3065,3670,,화학,KOSDAQ
033160,14038.23,20114.0,29352.5,36760.0,141.86,1152.5,1839.0,2095.0,0.2,11783.65,3083,12550,,반도체와반도체장비,KOSDAQ
200710,1645.12,2378.0,3052.0,3492.0,28.53,95.0,307.0,349.0,0.9879,101.24,3069,22800,,반도체와반도체장비,KOSDAQ
452430,173.12,325.0,816.5,2178.0,-45.65,13.5,157.0,459.0,,51.07,3030,36700,,반도체와반도체장비,KOSDAQ
079370,3833.08,,,,-44.65,,,,0.9712,-12.47,2987,9630,,반도체와반도체장비,KOSDAQ
377450,615.72,,,,189.41,,,,,-1910.99,2981,17200,,상업서비스와공급품,KOSDAQ
025770,8363.3,,,,452.28,,,,1.0,-1749.25,3048,8140,,IT서비스,KOSDAQ
067630,457.52,,,,-220.27,,,,0.9889,1490.9,3005,2465,,건강관리장비와용품,KOSDAQ
017890,4238.83,,,,318.17,,,,0.8102,-577.62,2960,14320,,화학,KOSDAQ
035810,33889.04,,,,1513.5,,,,0.3865,7901.78,2955,4580,,식품,KOSDAQ
101930,1079.58,,,,155.34,,,,1.0,-962.79,2952,6460,,조선,KOSDAQ
488900,367.91,,,,-73.64,,,,,-79.3,2921,10080,,우주항공과국방,KOSDAQ
294570,694.6,715.0,745.0,774.0,188.6,200.0,211.0,221.0,,-1631.35,2927,29000,,IT서비스,KOSDAQ
052710,2537.65,2705.5,3345.0,4450.0,55.05,92.5,313.5,520.0,1.0,1026.78,2952,15800,,핸드셋,KOSDAQ
159010,679.24,,,,-70.15,,,,1.0,414.75,2954,22150,,기계,KOSDAQ
200670,1700.53,1948.67,2190.5,2449.0,423.29,449.33,505.0,565.0,,-458.47,2875,25600,,제약,KOSDAQ
309710,619.67,,,,-18.51,,,,1.0,685.73,2684,21000,,제약,KOSDAQ
039440,3280.59,,,,197.19,,,,1.0,-696.61,2869,18500,,반도체와반도체장비,KOSDAQ
110990,1079.1,,,,230.62,,,,1.0,-1948.76,2863,15150,,반도체와반도체장비,KOSDAQ
468530,29.51,,,,-113.68,,,,,-186.44,2865,25800,,생물공학,KOSDAQ
448900,369.31,,,,14.56,,,,1.0,105.08,2861,47100,,자동차부품,KOSDAQ
049070,5907.82,,,,-113.04,,,,1.0,-2764.2,2851,18110,,핸드셋,KOSDAQ
084110,8474.53,,,,905.52,,,,0.3525,1112.43,2848,22500,,제약,KOSDAQ
352480,2884.78,,,,221.71,,,,1.0,-1133.85,2971,21800,,화장품,KOSDAQ
182400,78.63,,,,-25.32,,,,,28.52,2655,3670,,생명과학도구및서비스,KOSDAQ
054950,1731.29,1883.67,2057.0,2213.0,332.76,390.0,413.0,453.0,0.9836,-1145.75,2829,23400,,건강관리장비와용품,KOSDAQ
136480,14399.95,,,,476.81,,,,0.9948,3152.97,2846,2680,,식품,KOSDAQ
472850,4855.69,5870.0,6664.0,7337.0,573.77,780.5,1014.0,1222.0,0.7573,997.87,2847,4945,,"섬유,의류,신발,호화품",KOSDAQ
484590,1546.07,1583.0,1764.0,1880.0,266.31,288.0,331.0,360.0,,239.31,2827,6860,,우주항공과국방,KOSDAQ
203650,3188.51,,,,224.85,,,,1.0,3352.24,2812,2765,,상업서비스와공급품,KOSDAQ
117730,438.13,,,,-119.08,,,,,-45.76,2817,12490,,기계,KOSDAQ
138080,573.77,777.5,1195.5,1917.5,-159.99,8.0,168.5,478.0,1.0,99.16,2816,22750,,통신장비,KOSDAQ
092460,1334.77,,,,222.72,,,,1.0,236.14,2806,16400,,조선,KOSDAQ
168360,698.62,1019.0,1257.0,1425.0,31.84,203.0,336.0,426.0,1.0,62.46,2761,12330,,전자장비와기기,KOSDAQ
091580,2500.84,3432.0,3980.0,4760.0,86.55,260.0,331.0,440.0,1.0,696.31,2799,21000,,전기제품,KOSDAQ
377460,916.49,,,,-19.14,,,,,799.0,2532,4080,,상업서비스와공급품,KOSDAQ
121800,101.5,,,,-72.17,,,,1.0,-589.83,2563,3320,,디스플레이패널,KOSDAQ
199800,13.06,,,,-232.94,,,,1.0,-188.9,2740,30450,,생물공학,KOSDAQ
035600,13588.85,14805.0,16009.0,17115.0,985.58,1028.5,1226.5,1342.0,0.8673,2750.86,2786,10110,,IT서비스,KOSDAQ
448280,309.16,509.0,,,9.53,80.0,,,1.0,-2.78,2750,9280,,상업서비스와공급품,KOSDAQ
042520,897.8,1399.0,1731.0,1961.0,-258.91,155.0,274.0,349.0,1.0,225.21,2752,19300,,건강관리장비와용품,KOSDAQ
071200,1023.92,,,,142.17,,,,0.987,-2124.79,2759,11310,,건강관리기술,KOSDAQ
330860,1140.9,1319.5,1547.0,1695.0,47.56,264.5,441.5,588.5,,301.79,2735,22450,,반도체와반도체장비,KOSDAQ
061970,4797.82,,,,-398.0,,,,,2441.72,2726,3890,,반도체와반도체장비,KOSDAQ
265520,4601.45,,,,333.28,,,,1.0,-929.12,2720,18070,,디스플레이장비및부품,KOSDAQ
439090,1130.16,,,,104.55,,,,1.0,-986.58,2723,16610,,화장품,KOSDAQ
036890,4638.2,5645.5,5880.0,6145.0,479.43,474.5,525.0,590.0,1.0,-88.33,2721,12350,,기계,KOSDAQ
091700,13495.28,15058.5,15585.0,16320.0,447.48,395.5,441.0,490.0,0.9539,-135.21,2705,5410,,핸드셋,KOSDAQ
216080,769.03,861.0,,,38.19,76.0,,,1.0,961.77,2696,7230,,건강관리장비와용품,KOSDAQ
051500,34810.82,37149.43,40074.57,43109.75,1016.53,1006.14,1145.71,1244.25,1.0,4811.48,2713,22850,,식품과기본식료품소매,KOSDAQ
151860,75771.97,,,,1912.56,,,,0.4486,11552.93,2671,5610,,자동차,KOSDAQ
098070,1719.03,1985.0,2340.0,,381.82,385.0,400.0,,1.0,-613.88,2658,23900,,에너지장비및서비스,KOSDAQ
456010,40.2,128.0,253.0,357.0,-88.64,-20.0,84.0,165.0,1.0,-442.16,2658,18330,,통신장비,KOSDAQ
424870,1.11,,,,-280.05,,,,,-931.28,2651,2900,,제약,KOSDAQ
036200,2733.3,3462.0,4030.0,4379.0,109.02,280.0,422.0,502.0,1.0,-541.46,2680,8740,,반도체와반도체장비,KOSDAQ
267980,18435.39,,,,600.29,,,,0.9978,-832.68,2621,34200,,식품,KOSDAQ
200470,1109.99,,,,52.67,,,,,864.87,2647,6040,,반도체와반도체장비,KOSDAQ
043150,4264.16,4553.0,4905.67,5332.33,547.79,615.33,680.33,803.33,1.0,-1091.28,2629,17700,,건강관리장비와용품,KOSDAQ
078350,6510.51,,,,238.71,,,,1.0,-191.32,2622,17200,,반도체와반도체장비,KOSDAQ
012210,737.97,817.0,,,58.12,80.0,,,,474.4,2600,11280,,기계,KOSDAQ
482630,1253.86,1616.33,1944.0,2195.67,176.32,248.33,337.33,401.33,,-93.84,2600,11880,,반도체와반도체장비,KOSDAQ
389500,71.99,121.5,205.5,306.5,-68.63,-61.0,-27.5,12.0,,50.51,2592,38900,,기계,KOSDAQ
317330,1120.79,,,,-430.26,,,,,2533.72,2523,12320,,반도체와반도체장비,KOSDAQ
067390,2543.86,,,,73.59,,,,,1473.67,2586,6140,,우주항공과국방,KOSDAQ
060720,4249.04,3995.67,4499.0,5074.33,317.52,259.67,344.33,405.0,0.9969,420.75,2519,10640,,핸드셋,KOSDAQ
068930,2538.22,2811.0,3105.0,3354.0,315.59,445.67,497.5,541.5,0.8597,300.48,2433,8790,,교육서비스,KOSDAQ
376270,129.79,456.3,865.9,,-155.83,-17.7,163.7,,1.0,99.47,2505,34700,,건강관리업체및서비스,KOSDAQ
461300,1959.11,,,,617.63,,,,,-1262.84,2563,19220,,교육서비스,KOSDAQ
023410,13326.88,,,,323.74,,,,0.9486,4134.07,2516,3255,,건축자재,KOSDAQ
064820,5797.74,,,,499.64,,,,0.9248,-7235.45,2444,7920,,증권,KOSDAQ
228760,37.6,,,,-112.98,,,,,-791.37,2493,10030,,건강관리장비와용품,KOSDAQ
304360,165.48,167.0,169.0,,-83.44,-84.0,-85.0,,,-284.69,2475,19980,,생물공학,KOSDAQ
446540,432.4,,,,-41.75,,,,,-242.2,2422,8330,,전자장비와기기,KOSDAQ
287840,22.99,,,,-103.0,,,,,-134.21,2434,16200,,제약,KOSDAQ
389650,164.77,209.0,307.5,430.5,-7.2,-76.5,-24.0,48.0,,-280.38,2429,29350,,건강관리장비와용품,KOSDAQ
378340,331.94,,,,-221.74,,,,1.0,156.59,2431,11230,,전기제품,KOSDAQ
064550,3301.11,,,,152.25,,,,,202.99,2408,9330,,생물공학,KOSDAQ
493280,116.19,,,,2.98,,,,,-1227.12,2417,16290,,제약,KOSDAQ
354320,1878.25,2265.0,2847.0,3356.0,62.21,154.0,307.0,417.0,1.0,938.26,2422,37900,,자동차부품,KOSDAQ
243070,6207.68,,,,456.0,,,,1.0,1011.81,2395,19990,,제약,KOSDAQ
043370,12006.73,12528.0,13138.0,13818.0,484.39,451.0,480.0,570.0,1.0,-1890.94,2346,11170,,자동차부품,KOSDAQ
0011T0,1017.39,1220.0,,,-296.34,-175.0,,,,-168.04,2404,5120,,전기제품,KOSDAQ
180400,293.57,,,,-243.17,,,,,-352.15,2343,2380,,건강관리업체및서비스,KOSDAQ
462860,599.71,,,,136.28,,,,1.0,-1704.73,2328,3245,,IT서비스,KOSDAQ
019010,482.43,,,,150.45,,,,0.9269,-3529.87,2379,4935,,"호텔,레스토랑,레저",KOSDAQ
023760,5384.09,,,,1279.22,,,,1.0,,2250,1426,,기타금융,KOSDAQ
200130,5748.85,,,,266.46,,,,1.0,217.31,2302,8000,,건강관리업체및서비스,KOSDAQ
065710,1166.26,,,,253.26,,,,1.0,-615.93,2364,45900,,운송인프라,KOSDAQ
036030,3958.86,,,,441.62,,,,,-1470.36,2321,4735,,인터넷과카탈로그소매,KOSDAQ
100120,2393.35,2515.5,2623.5,2721.0,214.2,382.5,425.5,453.5,1.0,109.99,2324,25900,,건강관리장비와용품,KOSDAQ
160980,1644.05,2320.0,2780.0,3150.0,233.46,359.0,457.0,536.0,1.0,-1026.16,2338,21400,,반도체와반도체장비,KOSDAQ
298830,939.38,,,,126.0,,,,0.8911,-184.86,2301,4305,,소프트웨어,KOSDAQ
024060,1078.52,,,,-9.95,,,,,-17.12,2288,15250,,석유와가스,KOSDAQ
0008Z0,1444.25,1610.0,1900.0,2090.0,177.39,220.0,280.0,310.0,1.0,-711.01,2265,24000,,조선,KOSDAQ
089980,1959.88,2258.0,2859.0,3707.0,67.12,112.0,177.0,246.0,1.0,670.6,2358,14750,,전자장비와기기,KOSDAQ
389260,1309.71,1665.0,1843.0,,167.99,339.0,362.0,,1.0,466.29,2313,12910,,에너지장비및서비스,KOSDAQ
024840,7585.67,,,,243.45,,,,0.4939,1232.2,2316,5350,,전기장비,KOSDAQ
108860,1147.81,,,,14.82,,,,,-934.51,2274,8450,,건강관리장비와용품,KOSDAQ
114190,2122.52,,,,-60.96,,,,0.8354,111.52,2252,8620,,전자장비와기기,KOSDAQ
094480,1297.0,,,,183.94,,,,1.0,945.32,2244,5720,,IT서비스,KOSDAQ
144510,1655.23,,,,-137.94,,,,,1068.53,2245,14210,,건강관리업체및서비스,KOSDAQ
215000,4832.61,4361.0,4662.0,5074.0,680.71,380.0,518.0,590.0,1.0,-972.27,2243,35750,,"호텔,레스토랑,레저",KOSDAQ
011560,7157.93,9801.0,9830.0,9665.0,403.68,559.0,580.0,590.0,1.0,-783.29,2400,23800,,건설,KOSDAQ
380540,215.12,,,,-59.27,,,,,163.48,2067,8450,,통신장비,KOSDAQ
045390,1531.89,,,,75.59,,,,1.0,-7.48,2245,3185,,도로와철도운송,KOSDAQ
237880,3289.03,3440.0,3580.0,3690.0,164.36,279.0,350.0,360.0,0.9997,-1549.61,2250,12450,,화장품,KOSDAQ
073490,1861.01,2383.33,3037.33,4285.5,-11.2,202.33,367.33,629.5,1.0,-330.02,2239,29450,,통신장비,KOSDAQ
042370,4322.87,,,,557.21,,,,0.2,-1751.18,2214,8450,,전기제품,KOSDAQ
416180,1169.13,,,,22.71,,,,1.0,1016.01,2142,23700,,전기제품,KOSDAQ
086390,1101.95,1922.3,3090.55,4002.0,-210.89,218.7,459.8,660.0,0.8805,199.93,2215,10480,,반도체와반도체장비,KOSDAQ
445090,728.5,1819.0,2016.0,3954.0,-275.78,50.0,92.0,207.0,1.0,225.09,2207,20200,,반도체와반도체장비,KOSDAQ
0001A0,1431.95,,,,66.8,,,,1.0,27.52,2218,8710,,석유와가스,KOSDAQ
094360,284.67,311.0,354.5,362.0,69.64,70.0,93.0,96.0,0.9941,-408.23,2208,10340,,반도체와반도체장비,KOSDAQ
243840,4082.34,5188.0,6200.5,6873.5,59.27,201.0,323.5,394.0,1.0,3439.15,2140,5550,,전기제품,KOSDAQ
047920,2055.82,,,,10.64,,,,1.0,8.93,2106,6420,,제약,KOSDAQ
290690,382.68,,,,-67.17,,,,,549.83,2128,4010,,디스플레이장비및부품,KOSDAQ
950170,3086.21,3017.33,,,475.52,59.16,,,1.0,769.35,2131,4370,,백화점과일반상점,KOSDAQ
018310,3169.86,,,,64.45,,,,1.0,-239.24,2115,14390,,건축제품,KOSDAQ
053030,1684.75,1705.0,2144.0,2584.0,-45.35,-71.0,131.0,249.0,0.9787,863.02,2105,6440,,제약,KOSDAQ
254490,6355.82,,,,190.76,,,,,804.44,2102,14560,,반도체와반도체장비,KOSDAQ
014940,2072.56,,,,242.78,,,,1.0,-267.53,2092,4590,,조선,KOSDAQ
394280,160.59,,,,-289.07,,,,,-171.92,2095,7950,,반도체와반도체장비,KOSDAQ
036710,15280.84,,,,-342.64,,,,,7611.28,2089,3955,,반도체와반도체장비,KOSDAQ
206640,1620.93,,,,289.4,,,,0.9905,-351.5,2088,9530,,생명과학도구및서비스,KOSDAQ
005710,10589.26,,,,707.54,,,,1.0,-4449.34,2098,10470,,자동차부품,KOSDAQ
481070,600.09,,,,100.81,,,,0.966,-266.65,2091,14590,,"섬유,의류,신발,호화품",KOSDAQ
036190,4234.34,,,,438.01,,,,1.0,-1369.03,2088,34800,,건설,KOSDAQ
475400,130.56,,,,-184.11,,,,,-327.17,2087,17680,,기계,KOSDAQ
190510,4598.8,,,,281.85,,,,1.0,-1122.24,2079,14760,,핸드셋,KOSDAQ
452280,632.16,,,,97.5,,,,,335.94,2067,10740,,기계,KOSDAQ
125020,2991.19,4799.0,6328.0,,67.99,213.0,367.0,,,202.62,2074,5920,,전기장비,KOSDAQ
241520,451.38,,,,223.39,,,,0.9716,,2072,7790,,창업투자,KOSDAQ
134580,486.05,,,,36.7,,,,,-80.71,2056,4170,,양방향미디어와서비스,KOSDAQ
080720,363.78,,,,-172.32,,,,,-318.22,1924,2410,,제약,KOSDAQ
462350,27.46,,,,-722.46,,,,,-633.93,2030,5990,,우주항공과국방,KOSDAQ
365270,0.07,39.0,,,-165.03,-136.0,,,,-117.83,2078,9380,,제약,KOSDAQ
353810,4769.39,,,,449.9,,,,0.949,1283.86,2015,6090,,식품,KOSDAQ
052330,3968.4,,,,377.86,,,,0.9999,-930.53,2037,11470,,디스플레이패널,KOSDAQ
382900,433.61,760.0,1160.0,,8.58,40.0,100.0,,1.0,992.05,2046,23350,,전기제품,KOSDAQ
123330,781.98,1662.0,2335.0,,149.74,296.0,490.0,,1.0,19.47,2020,25350,,화장품,KOSDAQ
217730,35.72,,,,-176.68,,,,,-182.25,2008,2135,,생물공학,KOSDAQ
053300,1384.66,,,,270.61,,,,0.9319,-723.45,2018,5100,,IT서비스,KOSDAQ
314930,70.28,,,,6.52,,,,1.0,-147.47,1985,6670,,건강관리장비와용품,KOSDAQ
095500,5385.33,,,,209.29,,,,1.0,915.39,2019,6510,,디스플레이장비및부품,KOSDAQ
459510,125.26,,,,-82.06,,,,,173.71,2049,15790,,기계,KOSDAQ
065680,1864.2,,,,218.1,,,,1.0,-1297.61,1996,21600,,핸드셋,KOSDAQ
061090,1792.88,2332.0,2728.0,3797.0,162.9,403.0,544.0,977.0,1.0,-885.35,1987,36350,,통신장비,KOSDAQ
016790,1130.27,,,,49.91,,,,1.0,-108.07,1873,994,,식품,KOSDAQ
067080,1430.6,,,,31.62,,,,0.7099,944.03,1975,10610,,제약,KOSDAQ
256840,958.99,,,,16.3,,,,1.0,-675.12,1994,2915,,건강관리장비와용품,KOSDAQ
425040,2797.08,,,,248.38,,,,0.9014,485.91,1991,9080,,반도체와반도체장비,KOSDAQ
042420,4368.01,,,,552.44,,,,0.5479,-3572.69,1970,24200,,게임엔터테인먼트,KOSDAQ
099430,908.96,,,,150.05,,,,0.7502,363.08,1982,3215,,건강관리장비와용품,KOSDAQ
013120,3873.45,,,,170.96,,,,1.0,1317.35,1961,2160,,건설,KOSDAQ
064850,354.02,586.0,692.0,780.0,106.63,293.0,364.0,414.0,1.0,-140.68,1967,17240,,IT서비스,KOSDAQ
484120,1397.91,1731.0,2121.0,,33.85,143.5,279.5,,0.9141,-187.25,1964,17920,,디스플레이장비및부품,KOSDAQ
272110,844.45,1530.0,,,222.43,320.0,,,1.0,823.8,1974,24600,,반도체와반도체장비,KOSDAQ
126600,3978.86,,,,173.46,,,,1.0,1364.79,1943,3095,,화학,KOSDAQ
049430,722.74,,,,179.87,,,,0.9996,-1237.01,1982,21900,,기계,KOSDAQ
112290,830.89,1152.0,1705.0,,-17.66,95.0,214.0,,,549.39,1957,9680,,반도체와반도체장비,KOSDAQ
058970,839.8,,,,9.1,,,,1.0,-238.36,1935,15650,,소프트웨어,KOSDAQ
318060,205.33,351.0,484.0,694.0,-110.54,-34.0,70.0,224.0,1.0,101.95,1934,17290,,건강관리장비와용품,KOSDAQ
388050,773.78,1050.0,,,88.07,133.0,,,1.0,-330.49,1944,10390,,전기장비,KOSDAQ
450950,379.44,476.0,734.0,913.0,103.92,44.5,193.0,268.5,1.0,-155.06,1942,5160,,건강관리장비와용품,KOSDAQ
036560,1105.13,,,,101.8,,,,,-120.03,1929,12250,,기계,KOSDAQ
067290,810.44,,,,74.55,,,,1.0,33.37,1900,3390,,제약,KOSDAQ
484810,566.33,,,,-7.72,,,,,-107.58,1897,12280,,기계,KOSDAQ
307180,1028.64,,,,-85.02,,,,0.4805,721.41,1923,5210,,디스플레이장비및부품,KOSDAQ
078150,1603.11,,,,62.41,,,,1.0,-273.49,1889,1990,,디스플레이장비및부품,KOSDAQ
475040,181.09,,,,-585.95,,,,,-625.4,1908,3545,,소프트웨어,KOSDAQ
034810,22600.79,,,,418.41,,,,,7041.81,1888,5980,,종이와목재,KOSDAQ
066620,4388.87,,,,457.62,,,,1.0,-3282.89,1905,25400,,건설,KOSDAQ
304100,416.36,,,,-80.42,,,,,-327.28,1890,15010,,IT서비스,KOSDAQ
214180,3758.23,4481.0,5180.5,5906.5,501.81,588.0,764.0,900.5,0.815,-3433.95,1874,14420,,IT서비스,KOSDAQ
080160,2104.07,1912.0,2327.0,2486.0,74.38,51.0,187.0,205.0,0.9968,-799.98,1858,9830,,"호텔,레스토랑,레저",KOSDAQ
192440,4636.98,,,,332.13,,,,1.0,-2095.52,1862,29950,,핸드셋,KOSDAQ
046120,579.09,,,,-140.12,,,,1.0,419.74,1882,5560,,에너지장비및서비스,KOSDAQ
194700,4042.6,,,,430.5,,,,0.9848,-137.65,1849,10130,,건강관리업체및서비스,KOSDAQ
199430,159.13,,,,-75.38,,,,,81.8,1856,16580,,기계,KOSDAQ
126730,382.85,,,,11.39,,,,1.0,-242.16,1859,21200,,전기제품,KOSDAQ
220100,186.71,,,,-77.53,,,,,-163.35,1835,8180,,제약,KOSDAQ
084850,6031.11,,,,-69.97,,,,1.0,2696.24,1883,8300,,전자장비와기기,KOSDAQ
143240,1212.36,,,,167.75,,,,1.0,-1754.22,1815,16910,,상업서비스와공급품,KOSDAQ
293780,36.98,,,,-158.43,,,,,-105.98,1829,6510,,건강관리업체및서비스,KOSDAQ
102940,2089.82,,,,175.72,,,,1.0,1256.38,1842,14070,,제약,KOSDAQ
204610,695.12,,,,170.14,,,,0.8236,-634.56,1789,3210,,게임엔터테인먼트,KOSDAQ
194480,2955.78,2556.0,3017.0,3334.5,63.5,-297.0,136.0,211.5,0.9939,-420.23,1777,14600,,게임엔터테인먼트,KOSDAQ
245620,78.86,,,,-15.97,,,,1.0,34.89,1671,741,,생명과학도구및서비스,KOSDAQ
085910,686.77,974.9,1568.5,2330.0,77.8,180.73,330.5,540.0,0.8018,30.53,1773,12850,,자동차부품,KOSDAQ
094820,2519.85,,,,241.21,,,,0.9492,287.08,1803,11960,,건설,KOSDAQ
108380,2300.95,2451.0,2563.0,2656.0,270.6,295.0,320.0,336.0,1.0,-1083.48,1783,18640,,조선,KOSDAQ
419530,1412.52,1645.0,1788.5,2033.0,226.33,233.0,302.0,375.0,1.0,-205.8,1765,17290,,방송과엔터테인먼트,KOSDAQ
263860,483.81,566.5,610.0,679.0,70.07,115.0,131.0,149.0,1.0,-362.71,1746,19230,,소프트웨어,KOSDAQ
488280,100.89,,,,-56.4,,,,,-119.59,1735,16030,,IT서비스,KOSDAQ
083930,3928.96,,,,346.18,,,,1.0,-56.51,1728,11770,,전기제품,KOSDAQ
403850,938.62,,,,193.62,,,,1.0,-1696.7,1794,12500,,방송과엔터테인먼트,KOSDAQ
054210,7531.6,,,,431.66,,,,1.0,2009.3,1730,6840,,핸드셋,KOSDAQ
464080,60.86,,,,-161.31,,,,,83.19,1764,9790,,전자장비와기기,KOSDAQ
417030,66.58,,,,-166.08,,,,,-6.35,1739,30100,,우주항공과국방,KOSDAQ
115450,695.61,,,,-35.34,,,,,273.38,1749,1975,,제약,KOSDAQ
122990,3212.39,,,,-362.79,,,,1.0,-327.24,1706,6650,,핸드셋,KOSDAQ
143160,3275.96,,,,212.42,,,,0.7318,-911.64,1731,16150,,전자장비와기기,KOSDAQ
082800,593.43,,,,-191.66,,,,,227.68,1718,2830,,제약,KOSDAQ
092130,500.19,533.0,559.0,584.0,155.81,160.0,169.0,178.0,1.0,-398.75,1726,14330,,상업서비스와공급품,KOSDAQ
234690,1646.8,,,,172.94,,,,1.0,857.96,1692,9420,,제약,KOSDAQ
086820,152.0,,,,-43.41,,,,1.0,75.28,1698,6550,,생물공학,KOSDAQ
119610,1184.4,1383.4,1580.0,1823.25,194.83,290.0,349.6,425.25,0.9938,285.02,1701,14900,,건강관리장비와용품,KOSDAQ
270660,343.57,,,,-31.97,,,,1.0,-57.68,1680,13240,,가정용기기와용품,KOSDAQ
086670,1469.91,1840.0,,,153.14,200.0,,,1.0,809.49,1691,17040,,기계,KOSDAQ
489460,284.91,380.5,,,42.27,104.0,,,0.9796,-150.68,1689,11450,,화장품,KOSDAQ
357550,175.47,,,,38.98,,,,1.0,-126.49,1675,30700,,화학,KOSDAQ
176750,385.72,,,,74.43,,,,1.0,17.19,1681,5900,,제약,KOSDAQ
452450,650.88,,,,-212.17,,,,1.0,-2.55,1672,4640,,IT서비스,KOSDAQ
032940,1507.35,,,,89.23,,,,0.987,596.35,1670,9180,,화장품,KOSDAQ
405100,688.61,850.0,1100.0,,47.83,122.0,215.0,,0.9799,35.24,1673,13610,,반도체와반도체장비,KOSDAQ
314130,245.87,,,,-292.34,,,,,-386.68,1655,3165,,제약,KOSDAQ
0082N0,55.61,,,,-42.73,,,,,-449.95,1667,12530,,제약,KOSDAQ
038390,3655.53,,,,467.75,,,,1.0,3653.37,1669,9980,,도로와철도운송,KOSDAQ
372170,1001.75,,,,-316.42,,,,1.0,-529.84,1660,20800,,전자장비와기기,KOSDAQ
066410,172.73,,,,-61.83,,,,,18.04,1596,1153,,IT서비스,KOSDAQ
126700,1710.97,2851.0,3996.0,4877.0,-325.54,176.0,408.5,584.0,1.0,-708.12,1659,11100,,핸드셋,KOSDAQ
083310,2448.93,,,,-80.54,,,,0.7005,-626.2,1665,9350,,반도체와반도체장비,KOSDAQ
123860,1081.65,,,,201.52,,,,,-567.66,1655,13650,,디스플레이장비및부품,KOSDAQ
264850,695.75,,,,38.86,,,,1.0,-71.5,1645,5430,,전자장비와기기,KOSDAQ
005160,7277.64,,,,70.25,,,,,2327.58,1646,3035,,철강,KOSDAQ
093190,1334.68,,,,159.13,,,,0.9995,-434.4,1639,8520,,컴퓨터와주변기기,KOSDAQ
950140,2167.9,,,,373.68,,,,1.0,-316.98,1639,8250,,화장품,KOSDAQ
199820,1960.35,,,,117.62,,,,0.9887,-53.56,1622,7300,,전기장비,KOSDAQ
012860,10440.89,,,,367.89,,,,0.9579,2204.76,1640,2240,,자동차부품,KOSDAQ
260970,1509.37,,,,230.06,,,,,-585.31,1626,56200,,식품,KOSDAQ
032580,536.16,,,,-20.66,,,,,-41.06,1612,4865,,반도체와반도체장비,KOSDAQ
024800,670.43,,,,12.25,,,,0.9523,439.78,1617,4590,,도로와철도운송,KOSDAQ
049630,1645.46,,,,107.43,,,,1.0,246.38,1615,6910,,핸드셋,KOSDAQ
0039P0,502.34,706.0,1013.0,,85.45,125.0,221.0,0.0,0.9909,-206.8,1610,8560,,광고,KOSDAQ
179290,671.52,,,,206.74,,,,1.0,-589.52,1617,4995,,건강관리장비와용품,KOSDAQ
308430,19.45,,,,-82.45,,,,,-373.14,1607,12450,,제약,KOSDAQ
118990,7022.74,,,,417.89,,,,0.5905,2052.83,1610,6560,,자동차부품,KOSDAQ
123410,7858.69,,,,454.14,,,,0.9904,347.1,1609,5780,,자동차부품,KOSDAQ
051160,5871.3,,,,251.29,,,,0.6576,-1519.53,1599,10330,,판매업체,KOSDAQ
023910,2086.14,2220.0,2325.0,2430.0,311.86,326.0,345.0,364.0,,-1146.97,1605,26750,,제약,KOSDAQ
0015G0,417.52,,,,22.02,,,,1.0,82.19,1602,13690,,우주항공과국방,KOSDAQ
032620,1976.96,,,,75.22,,,,0.9777,55.28,1608,3080,,건강관리기술,KOSDAQ
402030,339.8,,,,-98.65,,,,,-167.68,1602,12800,,소프트웨어,KOSDAQ
013990,1890.78,,,,139.87,,,,1.0,-213.4,1588,4830,,"섬유,의류,신발,호화품",KOSDAQ
138610,327.19,,,,50.26,,,,,-123.22,1595,14030,,건강관리장비와용품,KOSDAQ
205500,367.22,,,,13.93,,,,,-151.91,1583,1895,,게임엔터테인먼트,KOSDAQ
072870,1272.85,,,,205.43,,,,0.926,-858.27,1572,13190,,교육서비스,KOSDAQ
104480,3457.56,,,,24.03,,,,,802.66,1562,1719,,화학,KOSDAQ
011040,1962.73,,,,76.66,,,,1.0,-19.89,1566,5090,,제약,KOSDAQ
039860,381.3,,,,11.02,,,,1.0,-470.57,1558,4090,,생명과학도구및서비스,KOSDAQ
418550,551.74,,,,-42.32,,,,,-34.84,1540,4810,,건설,KOSDAQ
0015N0,511.87,686.0,808.0,923.0,51.4,95.0,129.0,182.0,,-182.55,1549,12320,,화장품,KOSDAQ
068790,1554.71,,,,42.36,,,,0.9245,315.45,1548,6860,,디스플레이장비및부품,KOSDAQ
289080,209.89,214.31,,,-83.63,-27.17,,,1.0,,1549,2575,,창업투자,KOSDAQ
054800,9080.94,,,,897.37,,,,0.501,-1775.26,1551,14990,,컴퓨터와주변기기,KOSDAQ
355150,152.2,229.5,576.5,,1.84,53.0,175.0,,,215.76,1536,19700,,반도체와반도체장비,KOSDAQ
119830,485.18,,,,-2.57,,,,1.0,-1426.23,1539,5800,,반도체와반도체장비,KOSDAQ
382800,919.19,1446.5,1910.0,,77.56,275.0,354.0,,1.0,-134.45,1533,4815,,반도체와반도체장비,KOSDAQ
101970,1008.55,,,,7.06,,,,,-90.54,1506,10180,,에너지장비및서비스,KOSDAQ
042600,1649.48,,,,-26.33,,,,,635.71,1518,12220,,가정용기기와용품,KOSDAQ
041920,649.45,940.0,1258.0,,59.5,160.0,234.0,,1.0,-859.22,1516,8150,,건강관리장비와용품,KOSDAQ
039830,3280.8,4097.05,4927.0,5673.0,444.8,634.4,879.0,1050.0,1.0,2976.4,1525,14170,,레저용장비와제품,KOSDAQ
046440,2337.71,2359.0,2426.0,2494.0,331.25,352.0,396.0,425.0,1.0,-307.79,1519,4190,,IT서비스,KOSDAQ
222040,2874.79,3993.0,4953.0,,40.03,370.5,486.5,,1.0,1086.38,1533,7430,,건강관리업체및서비스,KOSDAQ
007330,1017.2,,,,169.48,,,,,,1531,10150,,기타금융,KOSDAQ
093640,90.34,,,,-102.13,,,,,-21.88,1512,4605,,반도체와반도체장비,KOSDAQ
023600,5398.65,,,,299.09,,,,0.848,-646.76,1489,9300,,포장재,KOSDAQ
300080,359.8,,,,61.54,,,,1.0,-183.46,1510,9150,,양방향미디어와서비스,KOSDAQ
065660,75.36,,,,-24.33,,,,,-426.85,1490,14890,,제약,KOSDAQ
230240,1419.83,1193.0,2257.0,2806.0,-15.82,-244.0,225.0,540.0,1.0,430.15,1496,11240,,통신장비,KOSDAQ
053260,1772.24,,,,15.03,,,,1.0,-775.6,1475,7880,,철강,KOSDAQ
148150,2779.17,,,,17.63,,,,1.0,-396.2,1491,4195,,핸드셋,KOSDAQ
149950,809.44,828.0,1259.0,1873.0,61.48,82.0,224.0,478.0,,-491.16,1487,10880,,디스플레이장비및부품,KOSDAQ
041020,3242.17,,,,91.19,,,,0.3606,-1536.6,1500,3020,,자동차부품,KOSDAQ
049960,531.26,,,,79.14,,,,1.0,-962.25,1471,15650,,생물공학,KOSDAQ
474650,131.25,245.0,454.0,727.0,-73.78,-77.0,82.0,249.0,,73.82,1470,25550,,기계,KOSDAQ
039840,1640.78,1871.5,2152.0,2560.0,101.05,229.0,296.0,350.0,1.0,374.67,1461,10890,,건강관리장비와용품,KOSDAQ
331920,57.68,,,,-33.24,,,,1.0,-219.01,1461,13070,,생물공학,KOSDAQ
089600,1178.93,1326.33,1492.67,1667.67,123.18,249.33,290.0,338.67,,-1241.98,1473,12910,,광고,KOSDAQ
138360,233.71,,,,5.81,,,,,106.26,1461,1661,,기계,KOSDAQ
005990,21962.11,,,,639.73,,,,0.4628,-916.14,1467,11030,,식품,KOSDAQ
264450,1164.38,1277.0,1452.0,1613.0,231.04,278.0,293.0,350.0,1.0,-698.33,1475,10060,,통신장비,KOSDAQ
086890,566.72,,,,16.34,,,,,-19.21,1452,3560,,제약,KOSDAQ
0007C0,133.12,,,,-22.54,,,,,-285.62,1462,18200,,IT서비스,KOSDAQ
054450,1928.02,2479.0,2718.5,3040.5,-61.89,171.5,223.5,268.5,0.9946,1215.68,1411,9320,,반도체와반도체장비,KOSDAQ
069510,4681.92,,,,458.16,,,,1.0,-1464.61,1417,12990,,전자장비와기기,KOSDAQ
413630,192.76,235.0,251.0,272.0,21.39,40.0,58.0,65.0,1.0,-124.9,1441,3955,,기계,KOSDAQ
088800,1784.26,,,,-221.53,,,,,621.37,1429,1892,,통신장비,KOSDAQ
469610,756.99,,,,86.38,,,,0.9609,-316.4,1416,15830,,디스플레이장비및부품,KOSDAQ
114840,2240.96,2450.0,2640.0,2790.0,271.28,230.0,250.0,290.0,1.0,-305.94,1425,8540,,화장품,KOSDAQ
051370,4679.64,4395.0,4519.0,4730.0,286.46,70.0,222.0,260.0,1.0,-655.77,1425,6110,,전자장비와기기,KOSDAQ
041520,378.88,,,,-9.01,,,,1.0,-876.69,1407,11540,,반도체와반도체장비,KOSDAQ
115310,287.17,,,,64.57,,,,1.0,-648.84,1400,9440,,IT서비스,KOSDAQ
340450,315.34,382.67,470.0,638.0,12.36,31.33,65.0,138.0,,-382.78,1410,5960,,생명과학도구및서비스,KOSDAQ
035610,1206.51,,,,246.21,,,,0.6045,-2148.7,1392,5090,,건강관리기술,KOSDAQ
036170,317.07,,,,23.67,,,,1.0,-7.71,1442,2350,,디스플레이장비및부품,KOSDAQ
067280,3308.27,,,,318.92,,,,0.9923,-1475.99,1378,23250,,교육서비스,KOSDAQ
388790,176.88,,,,5.82,,,,,-49.06,1416,4625,,통신장비,KOSDAQ
080420,3580.77,,,,278.68,,,,0.9691,4974.63,1387,1740,,전문소매,KOSDAQ
212560,2321.16,,,,136.66,,,,,-305.58,1392,10320,,자동차부품,KOSDAQ
073010,955.33,,,,115.4,,,,1.0,291.54,1397,3475,,조선,KOSDAQ
078070,1556.62,,,,306.05,,,,0.6055,-1088.16,1430,8380,,통신장비,KOSDAQ
101360,1419.58,,,,-6.1,,,,1.0,2124.25,1378,7750,,화학,KOSDAQ
003100,1904.22,,,,413.9,,,,1.0,1914.75,1363,20650,,운송인프라,KOSDAQ
084990,25.98,,,,-98.98,,,,,-533.0,1378,2990,,생물공학,KOSDAQ
489500,201.8,,,,45.7,,,,1.0,-248.17,1384,21650,,반도체와반도체장비,KOSDAQ
035080,30615.93,,,,-295.81,,,,,1024.67,1374,12300,,인터넷과카탈로그소매,KOSDAQ
147830,379.24,,,,105.73,,,,,-828.47,1356,6780,,전기장비,KOSDAQ
048870,1130.5,,,,191.64,,,,0.2692,-607.3,1352,1535,,건강관리장비와용품,KOSDAQ
321550,122.89,,,,-161.39,,,,,95.09,1355,4510,,제약,KOSDAQ
187870,840.83,,,,173.34,,,,1.0,-619.0,1381,9960,,디스플레이장비및부품,KOSDAQ
136540,985.98,,,,211.59,,,,0.9997,-961.66,1334,10860,,소프트웨어,KOSDAQ
274090,763.94,,,,-92.31,,,,,180.77,1339,9720,,우주항공과국방,KOSDAQ
445180,1425.47,,,,172.18,,,,,-285.13,1324,7700,,반도체와반도체장비,KOSDAQ
060150,1871.55,,,,182.29,,,,1.0,427.16,1344,2950,,상업서비스와공급품,KOSDAQ
001540,3068.74,,,,98.23,,,,1.0,131.61,1319,10110,,제약,KOSDAQ
156100,389.2,,,,7.15,,,,1.0,79.67,1328,5940,,건강관리장비와용품,KOSDAQ
036690,851.26,,,,-141.75,,,,,233.68,1257,2885,,통신장비,KOSDAQ
092070,791.33,,,,-6.74,,,,,-256.2,1308,11300,,반도체와반도체장비,KOSDAQ
226590,964.91,,,,115.42,,,,1.0,53.28,1350,12600,,반도체와반도체장비,KOSDAQ
457550,448.07,,,,50.58,,,,,-288.53,1309,14050,,에너지장비및서비스,KOSDAQ
047770,397.23,,,,24.17,,,,0.9886,-312.35,1311,3465,,"섬유,의류,신발,호화품",KOSDAQ
095700,45.74,,,,-361.72,,,,,890.62,1302,2860,,생물공학,KOSDAQ
334970,125.33,238.14,,,-336.82,-491.29,,,,844.28,1298,1670,,제약,KOSDAQ
338840,29.13,,,,-92.69,,,,,-220.2,1302,8450,,생물공학,KOSDAQ
255220,1022.46,,,,7.52,,,,,513.11,1295,1182,,건축자재,KOSDAQ
394800,117.09,,,,-58.89,,,,,-90.76,1319,4145,,건강관리기술,KOSDAQ
049720,1780.3,,,,167.41,,,,1.0,58.56,1298,9080,,상업서비스와공급품,KOSDAQ
042510,637.51,625.0,718.0,814.0,27.82,32.0,68.0,90.0,0.9992,-18.92,1285,11570,,소프트웨어,KOSDAQ
322510,33.39,,,,-132.02,,,,,-104.3,1294,5030,,건강관리기술,KOSDAQ
079650,451.03,,,,-33.31,,,,1.0,-524.86,1302,6510,,건축자재,KOSDAQ
038290,1952.68,,,,1.81,,,,,354.7,1301,12000,,생명과학도구및서비스,KOSDAQ
950250,75.81,78.28,,,-71.27,-93.34,,,,-322.52,1280,3585,,반도체와반도체장비,KOSDAQ
079960,5964.75,,,,536.18,,,,1.0,-1734.02,1284,17000,,전기제품,KOSDAQ
432720,53.5,,,,-244.72,,,,,-334.01,1288,9080,,반도체와반도체장비,KOSDAQ
140670,670.38,,,,-35.61,,,,,-161.48,1275,9930,,기계,KOSDAQ
027710,14558.51,,,,349.69,,,,0.9817,3748.51,1292,1160,,식품,KOSDAQ
285490,555.9,,,,67.0,,,,1.0,-1013.87,1273,12040,,핸드셋,KOSDAQ
251370,1446.04,,,,129.25,,,,,442.69,1275,7080,,화학,KOSDAQ
408920,728.22,,,,189.97,,,,1.0,-644.76,1280,2960,,양방향미디어와서비스,KOSDAQ
950190,1125.24,,,,153.29,,,,1.0,-850.92,1273,9780,,게임엔터테인먼트,KOSDAQ
211270,478.12,,,,-43.01,,,,,-696.04,1285,8520,,통신장비,KOSDAQ
297090,1261.48,1478.0,1503.0,,110.86,137.0,168.0,,1.0,-6.78,1279,4690,,기계,KOSDAQ
290740,2449.39,,,,65.79,,,,1.0,-371.48,1293,12850,,핸드셋,KOSDAQ
021320,18334.03,,,,883.37,,,,,1805.25,1254,5860,,건설,KOSDAQ
126640,3789.37,,,,117.82,,,,,-317.56,1271,3625,,자동차부품,KOSDAQ
308080,0.23,,,,-171.08,,,,,-221.44,1265,6170,,제약,KOSDAQ
267320,823.69,,,,-89.24,,,,1.0,100.11,1257,2190,,전기제품,KOSDAQ
265740,716.22,985.5,1233.0,,125.18,178.5,222.0,,,-29.83,1236,6920,,화장품,KOSDAQ
264660,1961.94,,,,247.42,,,,1.0,-453.96,1264,13000,,반도체와반도체장비,KOSDAQ
396300,858.27,,,,-18.5,,,,,486.56,1232,4650,,전자장비와기기,KOSDAQ
387690,146.28,,,,27.5,,,,0.976,92.78,1226,16080,,건강관리장비와용품,KOSDAQ
056090,472.35,596.0,735.0,,38.14,29.0,76.0,,1.0,97.59,1229,1190,,건강관리장비와용품,KOSDAQ
122450,3461.22,3892.0,4197.0,4450.0,383.92,547.0,598.0,651.0,0.7226,577.8,1226,2735,,복합기업,KOSDAQ
217820,3906.91,,,,13.98,,,,1.0,963.55,1236,2605,,전기제품,KOSDAQ
105330,810.59,,,,-29.56,,,,1.0,1283.13,1237,7720,,반도체와반도체장비,KOSDAQ
095190,925.06,,,,-47.77,,,,,424.25,1230,1884,,기계,KOSDAQ
417500,535.51,,,,103.97,,,,1.0,238.61,1244,3795,,반도체와반도체장비,KOSDAQ
217270,1225.31,,,,24.92,,,,0.4093,-201.29,1234,2640,,게임엔터테인먼트,KOSDAQ
475230,594.82,1029.67,,,44.99,129.67,,,0.7541,756.53,1222,11210,,건설,KOSDAQ
059120,246.18,,,,9.63,,,,,-176.83,1225,6690,,반도체와반도체장비,KOSDAQ
417010,403.24,,,,-5.01,,,,1.0,631.09,1222,6060,,전자장비와기기,KOSDAQ
220260,568.1,,,,10.48,,,,,-46.94,1220,3805,,화학,KOSDAQ
443670,544.83,,,,36.17,,,,1.0,-363.47,1220,5080,,IT서비스,KOSDAQ
108230,1710.02,,,,-31.45,,,,1.0,-1745.4,1222,3215,,기계,KOSDAQ
418420,87.46,,,,-58.1,,,,,114.7,1211,3935,,반도체와반도체장비,KOSDAQ
297890,628.49,,,,43.96,,,,1.0,-272.05,1214,1660,,디스플레이장비및부품,KOSDAQ
256940,1701.47,,,,15.75,,,,0.6904,729.31,1235,6150,,비철금속,KOSDAQ
086980,627.48,,,,-116.51,,,,1.0,-1287.34,1206,1932,,방송과엔터테인먼트,KOSDAQ
351320,130.13,,,,-94.64,,,,,310.1,1215,4090,,디스플레이장비및부품,KOSDAQ
037070,1679.1,,,,33.01,,,,,16.91,1206,6030,,가정용기기와용품,KOSDAQ
052260,1305.05,,,,127.17,,,,1.0,-194.61,1200,4000,,화장품,KOSDAQ
094840,212.23,,,,38.59,,,,1.0,-719.61,1218,12420,,전자장비와기기,KOSDAQ
389020,106.44,,,,-70.65,,,,,-175.46,1214,17580,,통신장비,KOSDAQ
049520,4122.64,,,,263.54,,,,0.9983,-908.09,1197,3880,,핸드셋,KOSDAQ
158430,676.03,,,,103.58,,,,0.71,74.77,1200,4900,,소프트웨어,KOSDAQ
041590,180.05,,,,-19.62,,,,1.0,-245.29,1161,2370,,건설,KOSDAQ
041440,2895.87,,,,54.07,,,,1.0,736.52,1194,6690,,기계,KOSDAQ
478340,132.37,,,,-54.61,,,,,-267.24,1196,10340,,우주항공과국방,KOSDAQ
494120,73.03,152.0,,,-75.26,-17.0,,,,-144.65,1193,7820,,생명과학도구및서비스,KOSDAQ
036630,2841.95,,,,-107.53,,,,1.0,688.82,1189,8490,,다각화된통신서비스,KOSDAQ
0088M0,73.78,211.0,441.0,,-28.32,45.0,176.0,,,-331.18,1194,12080,,건강관리장비와용품,KOSDAQ
232680,538.42,,,,39.5,,,,1.0,-88.07,1214,9160,,반도체와반도체장비,KOSDAQ
307750,1310.39,,,,-25.76,,,,1.0,74.82,1190,2205,,제약,KOSDAQ
228850,1147.23,1407.5,1579.5,1787.0,-39.5,120.0,147.0,176.5,0.9932,-1417.37,1193,7190,,건강관리장비와용품,KOSDAQ
451760,868.98,,,,-161.7,,,,,-814.91,1189,7200,,우주항공과국방,KOSDAQ
009780,1976.63,,,,296.54,,,,1.0,214.11,1192,6770,,식품,KOSDAQ
474170,105.69,,,,-5.94,,,,,-305.55,1181,6630,,우주항공과국방,KOSDAQ
115500,248.63,,,,20.63,,,,,-54.49,1187,9890,,IT서비스,KOSDAQ
142210,7689.74,9459.0,,,322.69,666.0,,,1.0,2692.95,1206,5810,,반도체와반도체장비,KOSDAQ
0011A0,565.73,,,,43.07,,,,1.0,98.63,1179,12630,,전자장비와기기,KOSDAQ
052860,368.79,,,,40.5,,,,1.0,2.28,1179,6600,,반도체와반도체장비,KOSDAQ
473980,757.26,941.0,1158.0,1430.0,123.4,193.0,245.0,313.0,1.0,-54.36,1170,10750,,방송과엔터테인먼트,KOSDAQ
198440,718.43,,,,74.02,,,,,543.36,1168,1917,,건축자재,KOSDAQ
162300,3521.72,,,,30.47,,,,1.0,687.63,1186,2860,,철강,KOSDAQ
333430,506.74,,,,108.63,,,,0.5446,-246.78,1165,3790,,조선,KOSDAQ
361390,596.31,,,,-20.86,,,,,-300.53,1178,12100,,우주항공과국방,KOSDAQ
163730,916.07,1423.5,2189.5,3325.0,14.68,75.5,168.0,296.0,0.8945,-396.96,1164,9120,,IT서비스,KOSDAQ
102120,2441.24,,,,101.48,,,,1.0,401.33,1202,6760,,반도체와반도체장비,KOSDAQ
008830,2209.39,,,,1.62,,,,,1256.91,1168,6090,,기계,KOSDAQ
051980,198.09,,,,-45.63,,,,,-8.13,1150,1035,,통신장비,KOSDAQ
192410,166.94,,,,-18.48,,,,,-134.29,1188,4715,,통신장비,KOSDAQ
336680,5501.11,,,,89.01,,,,1.0,1393.57,1159,2960,,자동차부품,KOSDAQ
458650,855.5,,,,10.41,,,,0.97,-1393.45,1146,7620,,전기제품,KOSDAQ
090850,1426.49,,,,241.97,,,,1.0,-804.57,1133,5040,,상업서비스와공급품,KOSDAQ
240550,1135.37,1312.0,,,170.05,238.0,,,1.0,66.37,1166,5570,,건강관리장비와용품,KOSDAQ
175250,833.85,,,,-119.57,,,,1.0,202.91,1083,1755,,화장품,KOSDAQ
051360,6403.29,,,,571.91,,,,0.9643,549.41,1126,11680,,디스플레이장비및부품,KOSDAQ
053080,4635.37,,,,-620.12,,,,1.0,1094.59,1145,8810,,기계,KOSDAQ
054920,7712.17,,,,60.87,,,,0.8369,677.8,1116,3955,,비철금속,KOSDAQ
146320,875.84,1142.0,1392.0,1737.0,39.27,93.0,162.0,219.0,1.0,832.62,1102,8610,,반도체와반도체장비,KOSDAQ
246710,269.67,403.0,,,-90.51,-11.0,,,,244.01,1108,2325,,생물공학,KOSDAQ
063570,3839.54,4556.0,5037.0,5558.0,307.14,371.0,430.0,480.0,0.9939,2340.34,1158,3390,,상업서비스와공급품,KOSDAQ
054050,1587.89,,,,136.41,,,,1.0,-104.8,1130,7050,,생물공학,KOSDAQ
039340,759.1,,,,-23.75,,,,1.0,-251.67,1100,5000,,방송과엔터테인먼트,KOSDAQ
017510,323.33,,,,148.16,,,,,-140.83,1104,7240,,전기장비,KOSDAQ
153890,221.56,,,,-8.36,,,,1.0,-193.95,1175,9750,,기계,KOSDAQ
259630,1842.11,,,,245.65,,,,1.0,-263.69,1099,8990,,전기제품,KOSDAQ
106190,701.83,,,,128.56,,,,,-29.79,1099,10340,,제약,KOSDAQ
322310,521.37,636.0,,,-83.71,15.0,,,1.0,408.78,1097,11710,,반도체와반도체장비,KOSDAQ
166480,201.59,,,,-212.23,,,,,332.14,1129,2135,,생물공학,KOSDAQ
067990,25490.97,,,,407.86,,,,1.0,9382.17,1106,3790,,자동차,KOSDAQ
018120,997.84,,,,140.14,,,,0.969,-372.16,1098,16580,,음료,KOSDAQ
101170,571.13,,,,11.89,,,,1.0,-66.86,1091,8080,,기계,KOSDAQ
172670,483.58,636.0,737.0,,-73.95,60.0,143.0,,1.0,802.98,1077,12020,,반도체와반도체장비,KOSDAQ
452190,242.46,,,,19.62,,,,1.0,-95.15,1129,4720,,전기제품,KOSDAQ
261780,1.59,,,,-142.71,,,,,-94.52,1082,3735,,제약,KOSDAQ
411080,116.12,,,,-17.7,,,,,-300.99,1093,7160,,소프트웨어,KOSDAQ
141000,651.19,716.3,,,91.8,55.4,,,1.0,-784.79,1089,8990,,디스플레이장비및부품,KOSDAQ
299030,938.33,1657.0,2999.0,4284.0,-0.4,65.0,346.0,574.0,1.0,521.77,1075,13440,,전자장비와기기,KOSDAQ
293580,291.56,,,,73.01,,,,1.0,,1088,1146,,창업투자,KOSDAQ
038540,4185.61,,,,-482.13,,,,,-438.02,1087,1965,,기타금융,KOSDAQ
123040,17405.52,,,,312.83,,,,0.2442,4116.44,1079,1723,,자동차부품,KOSDAQ
053700,16845.82,,,,617.3,,,,1.0,3565.92,1058,3960,,자동차부품,KOSDAQ
067900,1169.96,,,,260.73,,,,1.0,339.48,1096,6020,,해운사,KOSDAQ
047310,6865.35,,,,-63.67,,,,1.0,382.87,1069,2920,,핸드셋,KOSDAQ
402490,1021.55,,,,60.33,,,,0.9721,445.94,1057,6240,,반도체와반도체장비,KOSDAQ
109740,431.79,,,,-227.22,,,,0.9111,-60.64,1075,4180,,전자장비와기기,KOSDAQ
189330,102.72,,,,-32.25,,,,,-187.99,1049,11180,,IT서비스,KOSDAQ
246720,25.95,,,,-25.9,,,,,-87.65,994,6070,,건강관리장비와용품,KOSDAQ
059210,1029.51,1201.0,1478.0,1918.0,214.28,229.0,309.0,407.0,1.0,82.46,1033,3800,,건강관리장비와용품,KOSDAQ
040300,1341.93,,,,-136.02,,,,,-1412.8,1056,2215,,방송과엔터테인먼트,KOSDAQ
021080,705.62,,,,319.78,,,,,,1034,2155,,창업투자,KOSDAQ
290720,868.06,,,,-81.53,,,,0.997,309.76,1047,2745,,식품,KOSDAQ
366030,450.44,,,,68.05,,,,1.0,-294.77,1030,4545,,"섬유,의류,신발,호화품",KOSDAQ
100700,636.57,,,,127.01,,,,0.977,-985.14,1069,2440,,건강관리장비와용품,KOSDAQ
066790,182.71,,,,-50.2,,,,1.0,-131.24,974,2205,,방송과엔터테인먼트,KOSDAQ
063170,213.34,,,,-39.53,,,,,803.77,1056,5940,,판매업체,KOSDAQ
073560,2870.5,,,,326.91,,,,1.0,842.77,1066,1540,,식품,KOSDAQ
396470,152.21,,,,24.83,,,,1.0,-572.58,1046,6490,,반도체와반도체장비,KOSDAQ
037350,7434.06,,,,576.98,,,,1.0,-668.6,1074,7060,,건설,KOSDAQ
242040,1022.73,,,,22.51,,,,,-94.35,1047,3025,,IT서비스,KOSDAQ
311320,546.24,691.0,,,44.29,108.0,,,1.0,-133.74,1021,8090,,반도체와반도체장비,KOSDAQ
475580,630.16,,,,-104.74,,,,1.0,129.12,1014,7440,,교육서비스,KOSDAQ
071280,1248.7,1958.0,,,144.23,233.0,,,1.0,-525.09,1052,6880,,반도체와반도체장비,KOSDAQ
042500,1830.74,,,,143.13,,,,1.0,-278.79,980,4395,,IT서비스,KOSDAQ
310200,1503.0,,,,226.84,,,,0.8595,150.11,1014,1943,,방송과엔터테인먼트,KOSDAQ
394420,88.29,185.0,281.0,394.0,-106.4,-26.0,52.0,135.0,1.0,-76.96,1013,9210,,건강관리장비와용품,KOSDAQ
039560,5417.78,,,,384.79,,,,,702.8,1008,2350,,통신장비,KOSDAQ
006620,2426.88,,,,92.48,,,,1.0,722.56,999,3510,,제약,KOSDAQ
068240,1120.89,,,,-1206.78,,,,0.9473,3527.83,966,2530,,기계,KOSDAQ
352090,696.79,,,,119.39,,,,1.0,-300.89,998,3715,,가정용기기와용품,KOSDAQ
453450,1256.09,,,,8.16,,,,1.0,-202.99,993,12500,,전기유틸리티,KOSDAQ
131030,871.61,,,,88.75,,,,,-408.55,1011,5730,,제약,KOSDAQ
120240,1080.81,,,,111.82,,,,,-764.08,1061,14750,,화학,KOSDAQ
201490,1209.24,1104.0,,,126.12,160.0,,,0.2063,-878.71,983,3005,,게임엔터테인먼트,KOSDAQ
474610,381.74,453.5,633.6,,40.56,54.7,96.4,,,-100.79,973,6750,,우주항공과국방,KOSDAQ
091440,134.35,,,,-245.99,,,,,769.63,997,2740,,통신장비,KOSDAQ
088130,5824.37,,,,1132.31,,,,0.5105,-1160.61,997,5700,,디스플레이장비및부품,KOSDAQ
130580,913.63,963.0,1006.0,1050.0,154.32,168.0,177.0,186.0,1.0,-364.63,1001,6500,,상업서비스와공급품,KOSDAQ
053350,328.06,,,,-23.93,,,,1.0,-1355.99,967,4390,,소프트웨어,KOSDAQ
005860,4548.52,,,,58.61,,,,1.0,55.91,967,2455,,식품,KOSDAQ
330350,1064.44,,,,56.63,,,,,-23.11,974,7380,,제약,KOSDAQ
309960,264.15,,,,96.65,,,,1.0,,974,4195,,창업투자,KOSDAQ
115440,755.05,,,,19.49,,,,1.0,-95.45,965,8940,,통신장비,KOSDAQ
493330,449.56,730.0,990.0,,67.55,115.0,160.0,,1.0,-311.54,992,12340,,전자장비와기기,KOSDAQ
182360,872.28,,,,-72.62,,,,0.9626,-243.25,964,6200,,방송과엔터테인먼트,KOSDAQ
017650,1688.37,,,,52.81,,,,1.0,-694.04,956,10880,,포장재,KOSDAQ
074430,220.2,,,,35.94,,,,1.0,-363.95,948,1075,,제약,KOSDAQ
036220,1286.29,,,,24.26,,,,1.0,9.5,943,6590,,생명과학도구및서비스,KOSDAQ
250060,50.98,,,,-29.35,,,,,-342.15,957,2975,,소프트웨어,KOSDAQ
235980,38.98,,,,-140.19,,,,,-340.08,951,2775,,제약,KOSDAQ
339950,1194.88,,,,190.67,,,,1.0,-208.94,1097,2440,,교육서비스,KOSDAQ
357880,156.42,,,,-43.91,,,,,84.59,943,1741,,IT서비스,KOSDAQ
187790,856.76,1092.5,1388.5,1767.0,55.26,73.5,148.5,217.0,1.0,244.5,947,3070,,화학,KOSDAQ
099750,726.41,788.94,960.0,,22.11,50.19,95.0,,1.0,-37.03,933,6830,,건강관리기술,KOSDAQ
317770,214.87,,,,-14.07,,,,,-106.7,936,2555,,전자장비와기기,KOSDAQ
900260,7551.7,,,,111.62,,,,1.0,-418.55,932,2025,,통신장비,KOSDAQ
323990,70.56,,,,-154.98,,,,,-132.86,1028,4420,,제약,KOSDAQ
298540,4775.22,,,,69.68,,,,1.0,1164.89,947,6540,,"섬유,의류,신발,호화품",KOSDAQ
047560,1067.93,,,,-189.54,,,,,-349.59,927,7890,,소프트웨어,KOSDAQ
109610,5015.53,,,,-66.27,,,,0.5433,1499.62,927,1896,,건축자재,KOSDAQ
014950,600.2,665.0,751.0,886.0,32.73,33.0,38.0,45.0,1.0,-320.58,954,9480,,제약,KOSDAQ
052420,1657.07,,,,301.23,,,,1.0,-1266.36,944,9690,,디스플레이장비및부품,KOSDAQ
289930,407.06,,,,6.27,,,,,-530.18,920,7000,,우주항공과국방,KOSDAQ
173130,2332.94,,,,140.45,,,,1.0,-344.22,920,7050,,IT서비스,KOSDAQ
023900,1635.2,,,,167.54,,,,0.7632,-133.27,937,7440,,화학,KOSDAQ
066590,3686.09,,,,4.51,,,,1.0,850.77,924,2390,,자동차부품,KOSDAQ
072950,1208.59,,,,89.9,,,,0.978,-129.5,932,11570,,전자장비와기기,KOSDAQ
049950,408.98,,,,-246.96,,,,1.0,-281.55,965,10940,,디스플레이장비및부품,KOSDAQ
125210,1306.01,,,,93.83,,,,1.0,435.46,921,5580,,화학,KOSDAQ
307870,146.25,,,,-67.46,,,,,39.5,909,1223,,IT서비스,KOSDAQ
282720,2647.79,,,,4.27,,,,1.0,28.27,909,7500,,에너지장비및서비스,KOSDAQ
053580,743.62,797.0,908.0,1030.0,134.74,131.0,154.0,176.0,,-228.44,903,6970,,소프트웨어,KOSDAQ
362320,2173.85,,,,53.69,,,,0.6083,488.43,925,4470,,인터넷과카탈로그소매,KOSDAQ
307930,216.02,,,,97.7,,,,,,907,5810,,창업투자,KOSDAQ
093920,1949.04,,,,34.33,,,,1.0,-1293.96,910,4895,,핸드셋,KOSDAQ
205100,477.63,,,,36.52,,,,0.7605,-728.89,890,1318,,소프트웨어,KOSDAQ
036010,1338.53,,,,83.14,,,,1.0,-421.6,879,6610,,전기제품,KOSDAQ
419050,1442.29,,,,54.33,,,,1.0,1489.26,915,1599,,자동차부품,KOSDAQ
002230,971.6,,,,52.81,,,,1.0,-568.42,915,4965,,전기제품,KOSDAQ
040420,1030.51,1018.0,1015.0,995.0,97.66,102.0,104.0,105.0,1.0,44.82,909,5800,,교육서비스,KOSDAQ
183490,677.51,,,,-143.37,,,,,-814.75,838,990,,제약,KOSDAQ
348350,578.07,,,,51.29,,,,1.0,-790.07,903,9240,,반도체와반도체장비,KOSDAQ
049180,1401.94,,,,-51.29,,,,,46.83,840,1009,,건설,KOSDAQ
009300,777.99,,,,109.79,,,,1.0,-908.15,890,13970,,제약,KOSDAQ
029480,75.72,,,,-42.28,,,,1.0,-1877.83,876,1467,,IT서비스,KOSDAQ
083500,736.58,650.0,1155.0,1390.0,103.5,161.0,288.0,370.0,0.859,-123.19,879,10580,,디스플레이장비및부품,KOSDAQ
013310,10088.68,,,,643.58,,,,1.0,8719.94,891,2295,,자동차부품,KOSDAQ
209640,460.73,,,,-34.73,,,,1.0,244.47,876,3080,,전자장비와기기,KOSDAQ
096240,2209.17,2260.0,,,22.44,100.0,,,1.0,260.62,889,8680,,교육서비스,KOSDAQ
263720,854.72,642.0,621.0,705.0,173.36,99.0,89.0,119.0,1.0,-544.88,889,7160,,출판,KOSDAQ
234300,1682.39,,,,89.57,,,,0.9784,64.8,869,3195,,IT서비스,KOSDAQ
357230,2581.89,2862.0,3217.0,3686.0,135.46,170.0,264.0,378.0,0.9211,-209.86,875,2120,,건강관리업체및서비스,KOSDAQ
306620,758.11,,,,16.32,,,,,275.6,870,1815,,반도체와반도체장비,KOSDAQ
048530,57.4,,,,-79.04,,,,,-384.22,887,2870,,생명과학도구및서비스,KOSDAQ
137950,3675.42,,,,77.18,,,,1.0,2012.72,855,3840,,에너지장비및서비스,KOSDAQ
045970,3751.29,,,,-22.38,,,,,154.41,859,3265,,핸드셋,KOSDAQ
058820,1052.29,,,,-36.92,,,,1.0,509.56,862,582,,제약,KOSDAQ
004650,1223.44,,,,158.93,,,,1.0,180.06,866,9420,,음료,KOSDAQ
054540,1184.62,,,,102.19,,,,0.9826,1328.93,858,6600,,조선,KOSDAQ
185490,35.67,,,,-98.51,,,,,-358.3,869,2010,,생물공학,KOSDAQ
950130,312.55,,,,-633.56,,,,,-2481.91,856,2435,,생명과학도구및서비스,KOSDAQ
033290,7931.68,,,,226.68,,,,1.0,3807.99,854,1520,,항공화물운송과물류,KOSDAQ
072020,490.69,510.0,,,64.79,66.0,,,,-207.47,850,9180,,제약,KOSDAQ
330730,255.49,,,,134.61,,,,,,846,4645,,창업투자,KOSDAQ
322180,589.41,,,,-42.93,,,,,-383.59,851,3960,,IT서비스,KOSDAQ
255440,347.64,,,,-64.65,,,,,65.47,874,6690,,디스플레이장비및부품,KOSDAQ
091120,2050.9,,,,-199.06,,,,,926.14,838,4890,,핸드셋,KOSDAQ
063080,992.12,885.0,,,-68.24,-51.0,,,0.294,1549.29,846,12830,,게임엔터테인먼트,KOSDAQ
226400,453.93,575.5,726.5,865.0,88.64,118.0,157.0,176.0,1.0,87.07,841,4070,,건강관리장비와용품,KOSDAQ
037030,4470.37,,,,246.08,,,,0.7121,1343.76,850,3330,,전기제품,KOSDAQ
038110,25620.26,,,,357.45,,,,1.0,8841.09,844,2050,,자동차부품,KOSDAQ
380550,26.15,,,,-165.49,,,,,-383.54,832,6820,,건강관리기술,KOSDAQ
086960,1877.06,,,,58.13,,,,1.0,-374.63,830,1952,,소프트웨어,KOSDAQ
217190,567.57,,,,10.29,,,,0.9873,173.14,827,6290,,반도체와반도체장비,KOSDAQ
086710,807.66,,,,60.6,,,,0.8147,591.72,835,6840,,화장품,KOSDAQ
044990,818.87,,,,96.64,,,,1.0,-356.64,827,10760,,전자장비와기기,KOSDAQ
000440,495.92,,,,-17.44,,,,,-49.42,832,13360,,석유와가스,KOSDAQ
149980,320.86,,,,41.02,,,,1.0,-211.39,820,4770,,건강관리장비와용품,KOSDAQ
019550,327.08,,,,93.23,,,,,,826,1025,,창업투자,KOSDAQ
025950,333.82,,,,-22.06,,,,,-662.04,832,9900,,건설,KOSDAQ
412540,1512.65,,,,-72.42,,,,,654.7,811,3935,,전기제품,KOSDAQ
058400,685.07,,,,31.94,,,,0.993,-1268.19,817,6170,,방송과엔터테인먼트,KOSDAQ
065450,829.57,,,,43.74,,,,1.0,182.06,824,2795,,우주항공과국방,KOSDAQ
007820,1490.94,,,,-79.51,,,,1.0,212.48,820,3515,,기계,KOSDAQ
223250,666.31,,,,52.38,,,,0.9491,-198.72,819,3330,,제약,KOSDAQ
100590,1238.66,,,,-7.34,,,,1.0,18.37,815,4755,,통신장비,KOSDAQ
215100,133.62,,,,-19.59,,,,0.9768,-55.17,826,4060,,교육서비스,KOSDAQ
078140,1020.64,,,,73.32,,,,0.8423,269.19,823,7420,,제약,KOSDAQ
418470,881.9,975.0,1062.0,1179.0,143.71,152.0,172.0,204.0,,-754.08,817,9540,,출판,KOSDAQ
052460,2065.0,3282.0,4876.0,5723.0,80.15,94.0,191.0,236.0,1.0,-28.77,814,5570,,IT서비스,KOSDAQ
131370,488.45,,,,23.93,,,,0.9883,-154.78,819,1537,,소프트웨어,KOSDAQ
321370,190.16,,,,-115.58,,,,,142.21,813,1151,,통신장비,KOSDAQ
091590,726.92,,,,37.5,,,,0.9908,-98.76,811,6910,,건설,KOSDAQ
048910,3428.5,4579.0,4926.0,5077.0,99.5,202.0,239.0,258.0,0.8323,287.36,811,6450,,방송과엔터테인먼트,KOSDAQ
478560,572.58,,,,92.8,,,,1.0,204.63,812,3145,,"섬유,의류,신발,호화품",KOSDAQ
094860,310.47,,,,-46.15,,,,,-237.51,814,1532,,게임엔터테인먼트,KOSDAQ
105740,1287.51,,,,110.7,,,,1.0,401.08,799,7860,,기계,KOSDAQ
040350,108.61,,,,-64.09,,,,,315.44,811,4085,,IT서비스,KOSDAQ
302550,245.05,,,,7.26,,,,0.9717,-10.92,799,2640,,건강관리장비와용품,KOSDAQ
101330,13713.27,,,,417.98,,,,0.5487,1606.69,809,3495,,자동차부품,KOSDAQ
036640,789.1,,,,134.18,,,,1.0,-191.92,812,4965,,화학,KOSDAQ
040910,1970.41,,,,44.52,,,,,76.79,802,4415,,디스플레이장비및부품,KOSDAQ
432470,412.3,598.0,688.0,770.0,-15.64,65.0,88.0,110.0,1.0,-56.53,810,9240,,전기제품,KOSDAQ
011370,6451.14,,,,625.54,,,,1.0,2694.27,778,3855,,건설,KOSDAQ
032300,876.01,,,,-8.87,,,,,55.51,796,7300,,제약,KOSDAQ
294630,33.86,,,,-38.58,,,,,8.02,796,3005,,전기장비,KOSDAQ
107600,383.91,,,,-94.19,,,,,170.1,793,14030,,전기제품,KOSDAQ
032540,944.35,,,,32.88,,,,0.9995,130.95,809,3870,,전자제품,KOSDAQ
076610,1603.35,,,,-67.37,,,,,424.73,788,1331,,핸드셋,KOSDAQ
066700,2715.9,,,,102.13,,,,0.9024,6.93,789,2125,,제약,KOSDAQ
047820,1721.97,,,,28.33,,,,0.9143,-1326.11,792,3240,,방송과엔터테인먼트,KOSDAQ
062970,35.81,,,,-34.15,,,,,-173.85,779,2585,,통신장비,KOSDAQ
037760,1269.88,,,,-10.83,,,,0.7528,680.14,812,2400,,철강,KOSDAQ
079810,739.85,,,,25.5,,,,1.0,-819.2,783,3635,,전기제품,KOSDAQ
078890,5175.5,,,,125.26,,,,1.0,1593.85,785,4260,,전자제품,KOSDAQ
0117P0,1178.8,,,,167.26,,,,1.0,-680.07,788,5560,,"섬유,의류,신발,호화품",KOSDAQ
054670,2024.01,,,,117.25,,,,,633.33,805,5610,,제약,KOSDAQ
365330,973.67,,,,-26.75,,,,1.0,122.7,783,1560,,건축자재,KOSDAQ
225530,384.93,,,,-48.72,,,,1.0,468.88,781,2150,,건축자재,KOSDAQ
004590,1416.17,,,,175.35,,,,1.0,-79.79,779,5190,,식품과기본식료품소매,KOSDAQ
253840,94.17,,,,-188.2,,,,,-129.83,785,4690,,건강관리장비와용품,KOSDAQ
073640,141.34,,,,-101.4,,,,,108.38,761,654,,기계,KOSDAQ
102370,122.87,,,,-40.65,,,,,676.66,777,3000,,판매업체,KOSDAQ
066430,364.26,,,,1.7,,,,,63.25,787,2010,,화학,KOSDAQ
331380,453.08,,,,-102.03,,,,,0.04,777,2125,,전자장비와기기,KOSDAQ
067000,1403.6,,,,56.65,,,,0.711,827.83,775,1108,,게임엔터테인먼트,KOSDAQ
033560,58.07,,,,6.48,,,,1.0,142.64,784,4585,,부동산,KOSDAQ
124560,11172.81,,,,22.5,,,,0.9618,1507.04,772,1995,,해운사,KOSDAQ
030960,558.64,494.93,,,-60.8,-64.1,,,,-905.64,778,4870,,상업서비스와공급품,KOSDAQ
142280,1084.13,,,,28.87,,,,1.0,149.63,772,3220,,건강관리장비와용품,KOSDAQ
129920,952.16,,,,-22.95,,,,,703.89,773,4760,,기계,KOSDAQ
0015S0,166.28,434.5,588.0,778.0,8.79,65.0,107.0,204.0,0.9731,-278.87,772,7820,,자동차부품,KOSDAQ
020710,1683.94,,,,150.8,,,,1.0,-245.24,768,3830,,"호텔,레스토랑,레저",KOSDAQ
263800,1038.16,,,,12.17,,,,,-71.83,771,4750,,IT서비스,KOSDAQ
024880,7439.14,,,,353.96,,,,1.0,2009.51,771,3865,,기계,KOSDAQ
487580,799.33,,,,104.25,,,,1.0,-166.74,766,3040,,가정용기기와용품,KOSDAQ
090470,306.61,,,,-236.66,,,,,305.19,765,4375,,전자장비와기기,KOSDAQ
066980,1998.51,,,,28.4,,,,0.2,172.95,792,1473,,건설,KOSDAQ
067370,136.73,,,,50.36,,,,,254.36,765,6260,,생물공학,KOSDAQ
117670,822.8,,,,-20.44,,,,,-239.76,780,11710,,반도체와반도체장비,KOSDAQ
251120,191.79,209.45,240.7,297.0,62.53,75.9,99.6,124.0,,-552.51,764,8790,,생물공학,KOSDAQ
382840,1491.0,,,,69.78,,,,1.0,-454.7,771,5050,,전기제품,KOSDAQ
017480,2179.62,,,,50.99,,,,,-1165.59,762,4935,,철강,KOSDAQ
012700,3877.1,,,,109.46,,,,1.0,6882.79,762,2930,,석유와가스,KOSDAQ
060570,2249.97,,,,5.93,,,,1.0,-501.37,745,5030,,방송과엔터테인먼트,KOSDAQ
024740,1265.95,,,,35.2,,,,0.7868,103.44,763,2320,,자동차부품,KOSDAQ
417790,491.14,,,,132.55,,,,,-720.27,757,7230,,전자장비와기기,KOSDAQ
0017J0,229.65,316.0,487.0,,63.93,98.0,141.0,,1.0,-566.12,764,2535,,반도체와반도체장비,KOSDAQ
049080,403.31,,,,-124.76,,,,,229.93,748,8810,,통신장비,KOSDAQ
058630,917.4,,,,175.55,,,,1.0,-633.77,755,4020,,게임엔터테인먼트,KOSDAQ
088390,591.13,,,,65.28,,,,1.0,36.31,754,8030,,레저용장비와제품,KOSDAQ
246960,220.11,347.0,,,-33.98,0.0,,,,286.78,776,2280,,건강관리업체및서비스,KOSDAQ
140070,2084.11,,,,-116.96,,,,0.9452,1890.04,749,2025,,반도체와반도체장비,KOSDAQ
302430,385.68,,,,-57.03,,,,1.0,-200.2,755,7700,,전기제품,KOSDAQ
389140,337.1,,,,-73.96,,,,,-48.81,768,5380,,방송과엔터테인먼트,KOSDAQ
208140,1608.76,,,,67.52,,,,1.0,414.57,748,2290,,식품,KOSDAQ
381620,226.65,,,,-123.13,,,,1.0,-42.2,746,5690,,기계,KOSDAQ
347890,622.55,,,,-58.26,,,,1.0,127.78,753,4425,,전자장비와기기,KOSDAQ
041930,4034.1,,,,171.85,,,,1.0,73.36,762,5010,,자동차부품,KOSDAQ
065510,1180.43,,,,55.53,,,,1.0,700.4,742,6820,,건강관리장비와용품,KOSDAQ
487400,177.81,,,,-17.59,,,,,-32.27,737,7180,,통신장비,KOSDAQ
038680,4574.07,,,,106.6,,,,0.9073,-147.43,742,3725,,IT서비스,KOSDAQ
045660,1602.13,,,,86.99,,,,1.0,223.83,757,9160,,컴퓨터와주변기기,KOSDAQ
270520,168.95,,,,-111.57,,,,,651.88,738,3185,,에너지장비및서비스,KOSDAQ
060590,1237.69,,,,62.5,,,,1.0,221.11,742,3070,,제약,KOSDAQ
413390,754.54,,,,44.09,,,,1.0,160.59,753,6500,,전기제품,KOSDAQ
096350,598.77,,,,-1.44,,,,0.8343,566.88,733,1990,,조선,KOSDAQ
389030,104.83,,,,-116.71,,,,,-232.02,732,1859,,생물공학,KOSDAQ
170030,3679.11,3697.0,3882.0,,123.12,164.0,182.0,,1.0,-369.24,729,4755,,자동차부품,KOSDAQ
080010,1037.83,,,,229.17,,,,0.7078,-696.54,747,7600,,다각화된소비자서비스,KOSDAQ
282620,3465.51,,,,321.9,,,,1.0,914.75,735,12540,,"섬유,의류,신발,호화품",KOSDAQ
040160,1015.71,,,,-60.87,,,,1.0,129.14,738,6210,,IT서비스,KOSDAQ
083790,273.91,,,,-237.57,,,,,477.68,744,967,,생명과학도구및서비스,KOSDAQ
128660,3489.57,,,,122.27,,,,0.9019,707.81,729,2940,,비철금속,KOSDAQ
475430,693.16,812.0,878.0,959.0,73.95,91.0,102.0,121.0,,-228.69,728,4080,,전기장비,KOSDAQ
337930,2740.97,,,,173.49,,,,0.9626,-5.29,727,2450,,"섬유,의류,신발,호화품",KOSDAQ
041910,555.43,,,,31.89,,,,,-60.1,725,5460,,제약,KOSDAQ
451250,679.72,,,,44.69,,,,1.0,-223.4,737,7210,,화장품,KOSDAQ
052900,1262.76,1604.0,,,53.57,301.0,,,1.0,-163.85,731,954,,반도체와반도체장비,KOSDAQ
168330,222.27,,,,-32.95,,,,,84.16,718,2260,,화장품,KOSDAQ
104460,3962.56,,,,285.69,,,,1.0,170.8,728,6920,,기계,KOSDAQ
234920,82.3,,,,-36.56,,,,,297.85,718,5310,,건강관리장비와용품,KOSDAQ
388870,,,,,-115.07,,,,,-134.37,724,5590,,생물공학,KOSDAQ
228670,1113.23,,,,-97.88,,,,1.0,278.08,719,4595,,건강관리장비와용품,KOSDAQ
011320,4301.83,,,,144.24,,,,1.0,420.41,722,3735,,자동차부품,KOSDAQ
205470,301.13,,,,-105.53,,,,,-1564.25,718,2910,,생명과학도구및서비스,KOSDAQ
347000,367.25,,,,25.05,,,,1.0,-168.67,727,1922,,전자장비와기기,KOSDAQ
332370,490.83,,,,108.76,,,,0.9986,-370.58,719,5420,,컴퓨터와주변기기,KOSDAQ
066310,232.83,,,,2.94,,,,1.0,-262.0,716,7720,,반도체와반도체장비,KOSDAQ
204840,352.68,,,,2.68,,,,1.0,176.25,704,4540,,제약,KOSDAQ
171120,1302.72,,,,113.72,,,,1.0,-393.16,718,2000,,건축자재,KOSDAQ
012790,805.64,,,,73.86,,,,,-406.94,728,6070,,제약,KOSDAQ
084730,5365.86,,,,158.92,,,,0.575,726.74,715,6440,,전자제품,KOSDAQ
054040,4177.73,,,,228.61,,,,1.0,565.02,714,4445,,디스플레이장비및부품,KOSDAQ
024830,2116.16,,,,30.57,,,,,-1850.76,711,8510,,자동차부품,KOSDAQ
228340,559.26,,,,-47.48,,,,,-119.73,708,3540,,건축자재,KOSDAQ
014970,942.56,,,,65.17,,,,1.0,145.84,700,4725,,포장재,KOSDAQ
303810,1303.44,,,,130.45,,,,,294.71,712,2225,,건강관리장비와용품,KOSDAQ
396270,396.54,,,,-129.36,,,,,65.96,705,2145,,반도체와반도체장비,KOSDAQ
085670,1541.36,1475.0,1855.0,2065.0,92.33,11.0,107.0,163.0,1.0,81.13,723,2950,,전자장비와기기,KOSDAQ
054620,848.67,,,,-68.49,,,,0.9106,399.15,703,3820,,반도체와반도체장비,KOSDAQ
067570,16238.9,,,,-218.7,,,,0.5757,7524.84,715,1695,,자동차부품,KOSDAQ
048430,1972.54,,,,18.14,,,,1.0,-702.26,700,6080,,자동차부품,KOSDAQ
196490,333.22,,,,-64.61,,,,,90.05,691,6090,,전기제품,KOSDAQ
109860,917.07,,,,14.32,,,,0.9994,-91.09,700,7690,,기계,KOSDAQ
377480,97.86,,,,-63.76,,,,,83.85,715,10050,,IT서비스,KOSDAQ
412350,46.84,,,,-135.47,,,,,51.26,702,4805,,반도체와반도체장비,KOSDAQ
039980,436.36,,,,-46.9,,,,,-31.92,708,4925,,IT서비스,KOSDAQ
360070,231.31,,,,-352.03,,,,,575.91,696,8500,,전자장비와기기,KOSDAQ
043610,3028.54,,,,161.69,,,,0.6356,-794.18,694,1195,,방송과엔터테인먼트,KOSDAQ
277880,2646.53,,,,82.45,,,,1.0,349.16,707,3565,,전자장비와기기,KOSDAQ
439580,1859.05,,,,-19.71,,,,,295.73,724,2140,,건강관리업체및서비스,KOSDAQ
049550,775.34,,,,8.02,,,,1.0,519.14,692,3530,,컴퓨터와주변기기,KOSDAQ
0155E0,140.79,,,,-23.95,,,,,-16.17,690,12570,,반도체와반도체장비,KOSDAQ
320000,114.63,,,,-50.48,,,,,478.65,696,10070,,전자장비와기기,KOSDAQ
153710,223.45,,,,-24.14,,,,,14.49,695,4735,,제약,KOSDAQ
110790,3119.45,,,,-47.27,,,,1.0,2329.25,695,2965,,"섬유,의류,신발,호화품",KOSDAQ
331740,254.79,,,,-135.2,,,,,255.98,688,7060,,자동차부품,KOSDAQ
061250,1008.17,,,,-22.8,,,,,-895.91,684,8120,,제약,KOSDAQ
217330,260.55,,,,-81.63,,,,,-81.28,693,2995,,건강관리업체및서비스,KOSDAQ
019540,8550.63,,,,480.24,,,,1.0,1830.49,692,5120,,자동차부품,KOSDAQ
900300,1832.91,,,,-614.77,,,,,-2029.82,694,3370,,화장품,KOSDAQ
067170,8521.39,,,,-22.63,,,,,2289.1,682,2485,,기계,KOSDAQ
136150,296.17,,,,-17.5,,,,,-8.62,682,8140,,에너지장비및서비스,KOSDAQ
137080,544.97,,,,-88.38,,,,1.0,-541.84,680,6350,,디스플레이장비및부품,KOSDAQ
950220,0.95,,,,-252.2,,,,,-253.37,680,1989,,제약,KOSDAQ
265560,1086.14,,,,180.42,,,,1.0,-162.21,711,6650,,자동차부품,KOSDAQ
0156T0,288.77,,,,93.28,,,,,-374.98,679,8730,,제약,KOSDAQ
214680,1163.04,,,,-138.94,,,,,541.05,681,4080,,건강관리장비와용품,KOSDAQ
053280,6264.7,,,,29.36,,,,1.0,1704.06,700,2800,,인터넷과카탈로그소매,KOSDAQ
010280,5720.27,6363.0,7066.0,7792.0,208.71,354.0,402.0,467.0,0.9813,-18.78,677,5200,,IT서비스,KOSDAQ
299660,88.42,,,,-113.43,,,,,168.64,682,2310,,생물공학,KOSDAQ
065170,65.06,,,,-28.25,,,,,-23.38,676,2420,,건강관리업체및서비스,KOSDAQ
371950,323.63,,,,-199.34,,,,,473.14,667,2830,,디스플레이장비및부품,KOSDAQ
123420,1252.65,,,,107.44,,,,0.8986,-376.39,683,6570,,게임엔터테인먼트,KOSDAQ
026150,1490.21,,,,-316.45,,,,0.8652,236.44,674,3840,,건설,KOSDAQ
006140,1785.52,,,,109.6,,,,,33.94,680,4575,,건강관리장비와용품,KOSDAQ
038460,4827.76,,,,225.69,,,,1.0,527.5,672,2660,,전기장비,KOSDAQ
002800,1137.78,,,,107.9,,,,1.0,370.93,683,4505,,제약,KOSDAQ
303360,151.2,217.0,,,37.21,60.0,,,,-136.61,680,5280,,건강관리장비와용품,KOSDAQ
039010,1533.33,,,,70.15,,,,1.0,-193.74,668,7750,,통신장비,KOSDAQ
214260,309.88,338.0,,,-30.34,,,,,152.27,676,7580,,화장품,KOSDAQ
100030,189.22,,,,23.4,,,,1.0,-1309.1,670,20400,,소프트웨어,KOSDAQ
222110,134.17,,,,15.06,,,,,-120.0,655,4850,,생물공학,KOSDAQ
033130,399.02,,,,55.09,,,,1.0,-339.81,663,1786,,IT서비스,KOSDAQ
111710,167.71,,,,40.94,,,,,-461.9,655,3180,,"호텔,레스토랑,레저",KOSDAQ
483350,306.67,,,,16.13,,,,1.0,-265.96,659,2975,,IT서비스,KOSDAQ
290660,160.53,,,,-29.02,,,,,-60.78,658,1537,,건강관리장비와용품,KOSDAQ
036000,102.58,,,,-14.2,,,,,-1728.48,658,2855,,출판,KOSDAQ
048770,863.28,,,,-23.0,,,,,329.65,664,4230,,기계,KOSDAQ
041460,367.46,,,,67.27,,,,1.0,-182.42,659,3470,,IT서비스,KOSDAQ
323350,269.37,363.0,477.0,587.0,40.3,55.0,78.0,91.0,,-208.57,665,8300,,반도체와반도체장비,KOSDAQ
001840,1151.91,,,,32.9,,,,,16.75,626,2215,,건설,KOSDAQ
043650,674.99,,,,-8.32,,,,0.999,-504.85,651,3645,,음료,KOSDAQ
096250,347.3,,,,1.14,,,,1.0,-456.03,650,5500,,소프트웨어,KOSDAQ
0007J0,,,,,-86.04,,,,,-11.12,661,8400,,제약,KOSDAQ
054300,671.61,,,,-27.92,,,,,433.33,647,1112,,해운사,KOSDAQ
294090,36.7,,,,-222.38,,,,,192.25,623,1490,,건강관리장비와용품,KOSDAQ
460940,76.39,90.0,,,10.02,15.0,,,1.0,-267.88,653,4855,,건강관리장비와용품,KOSDAQ
234030,1545.64,,,,25.12,,,,0.9751,-330.72,654,2770,,반도체와반도체장비,KOSDAQ
457370,338.96,,,,48.52,,,,,-208.74,650,8060,,디스플레이장비및부품,KOSDAQ
004780,2665.62,,,,103.02,,,,,-409.66,666,4185,,포장재,KOSDAQ
212710,322.21,619.0,,,-58.41,90.0,,,1.0,227.47,641,6600,,반도체와반도체장비,KOSDAQ
061040,2660.08,,,,-251.88,,,,1.0,-196.17,661,7300,,핸드셋,KOSDAQ
318160,510.66,,,,93.17,,,,1.0,90.67,660,7070,,화장품,KOSDAQ
122350,5705.39,,,,82.77,,,,0.7676,4177.29,638,1665,,자동차부품,KOSDAQ
463020,188.19,,,,-11.1,,,,,-443.26,644,7170,,IT서비스,KOSDAQ
451220,329.44,500.0,,,1.59,40.0,,,1.0,5.42,649,8240,,반도체와반도체장비,KOSDAQ
241790,1680.41,,,,89.98,,,,0.9869,79.92,638,6380,,반도체와반도체장비,KOSDAQ
067920,1432.57,,,,160.09,,,,1.0,-486.14,641,5830,,IT서비스,KOSDAQ
039420,475.75,,,,104.83,,,,0.9239,-401.32,637,2775,,IT서비스,KOSDAQ
010240,1370.24,,,,148.98,,,,1.0,-411.34,638,5450,,기계,KOSDAQ
241690,1071.6,,,,20.55,,,,1.0,537.16,644,2630,,자동차부품,KOSDAQ
104040,284.78,,,,-79.25,,,,1.0,1142.26,640,2385,,자동차부품,KOSDAQ
032850,359.83,,,,58.61,,,,1.0,-251.41,636,3825,,건강관리기술,KOSDAQ
338220,348.48,,,,-49.33,,,,,-241.86,634,4530,,건강관리기술,KOSDAQ
053160,231.36,,,,3.88,,,,1.0,-321.57,635,10580,,기계,KOSDAQ
417970,765.02,,,,80.72,,,,1.0,-330.48,642,10030,,기계,KOSDAQ
457600,445.44,559.0,721.0,945.0,-34.29,1.0,23.0,43.0,0.9165,132.42,629,4590,,교육서비스,KOSDAQ
081150,2092.35,,,,52.37,,,,,598.75,639,2635,,비철금속,KOSDAQ
175140,554.91,,,,-116.29,,,,,-91.0,632,2535,,전자제품,KOSDAQ
060310,290.22,283.87,,,-58.31,-51.07,,,1.0,-63.57,625,1178,,기계,KOSDAQ
424960,93.97,,,,-52.7,,,,,-253.11,621,3770,,자동차부품,KOSDAQ
064240,979.96,,,,-28.76,,,,,-417.74,634,1828,,전문소매,KOSDAQ
203400,8.8,,,,-193.72,,,,,-46.86,609,676,,제약,KOSDAQ
089850,6678.87,,,,214.57,,,,0.5675,1688.68,634,4305,,전자제품,KOSDAQ
008370,876.35,,,,65.96,,,,,-428.79,622,5180,,화학,KOSDAQ
039610,814.49,,,,-16.48,,,,1.0,208.13,620,5960,,기계,KOSDAQ
0004V0,630.94,,,,-39.28,,,,,236.9,621,5640,,기계,KOSDAQ
064800,448.91,,,,-211.21,,,,1.0,-449.92,622,2435,,전문소매,KOSDAQ
221800,255.93,,,,-23.58,,,,,-78.12,618,3785,,건강관리업체및서비스,KOSDAQ
352910,335.35,,,,-37.24,,,,1.0,-185.58,631,4990,,소프트웨어,KOSDAQ
094850,921.25,,,,97.82,,,,,-861.38,620,4425,,"호텔,레스토랑,레저",KOSDAQ
382480,362.2,,,,11.24,,,,1.0,-60.13,627,1593,,전기제품,KOSDAQ
216050,504.9,,,,115.12,,,,1.0,-1356.05,616,5050,,광고,KOSDAQ
005670,3203.28,,,,183.53,,,,0.8357,690.05,630,6300,,식품,KOSDAQ
291230,272.31,,,,-30.48,,,,,36.41,610,2540,,광고,KOSDAQ
340810,139.7,,,,-112.71,,,,,29.62,609,4365,,소프트웨어,KOSDAQ
082210,1957.37,2287.0,2630.0,,-31.1,140.0,237.0,,1.0,1191.2,614,1755,,전자장비와기기,KOSDAQ
191420,59.41,,,,-44.24,,,,1.0,-271.92,607,7480,,생물공학,KOSDAQ
049480,2331.27,,,,79.21,,,,0.9525,-254.76,614,1955,,컴퓨터와주변기기,KOSDAQ
053620,1403.52,,,,23.93,,,,1.0,-889.54,599,6970,,가정용품,KOSDAQ
099520,251.73,,,,-33.0,,,,1.0,-23.66,581,1284,,통신장비,KOSDAQ
262260,1470.8,,,,-58.35,,,,1.0,1211.96,611,4050,,전자장비와기기,KOSDAQ
050960,307.12,,,,50.97,,,,,-336.74,602,8910,,소프트웨어,KOSDAQ
950200,591.92,,,,-22.55,,,,,13.49,605,3145,,생명과학도구및서비스,KOSDAQ
010470,2277.08,,,,89.2,,,,1.0,-860.36,599,5000,,광고,KOSDAQ
365660,159.54,,,,-6.63,,,,,-188.51,608,4515,,건강관리업체및서비스,KOSDAQ
066670,1886.19,,,,-17.65,,,,1.0,-1406.03,595,3185,,핸드셋,KOSDAQ
155650,1727.77,,,,45.74,,,,1.0,-68.51,595,3135,,디스플레이장비및부품,KOSDAQ
147760,252.88,,,,-203.96,,,,,22.52,608,3040,,반도체와반도체장비,KOSDAQ
294140,74.57,,,,-71.45,,,,,96.71,590,2370,,화학,KOSDAQ
039020,4471.15,,,,-12.43,,,,,2070.23,591,2615,,건축자재,KOSDAQ
065530,755.39,,,,54.76,,,,1.0,295.69,600,1255,,무선통신서비스,KOSDAQ
092040,419.81,,,,-171.39,,,,,491.74,593,839,,생물공학,KOSDAQ
347860,147.96,,,,-102.49,,,,,-118.46,590,1400,,소프트웨어,KOSDAQ
036120,412.58,,,,67.58,,,,1.0,-270.77,585,1665,,상업서비스와공급품,KOSDAQ
187420,433.7,,,,12.06,,,,0.9866,60.14,582,1783,,생물공학,KOSDAQ
208370,308.25,,,,-1.62,,,,1.0,-249.83,587,2280,,건강관리장비와용품,KOSDAQ
263600,1769.47,,,,15.78,,,,1.0,544.79,588,3690,,핸드셋,KOSDAQ
448710,681.14,,,,83.15,,,,,223.43,584,11050,,우주항공과국방,KOSDAQ
459550,1129.48,,,,89.67,,,,1.0,-356.25,590,2340,,핸드셋,KOSDAQ
214270,2722.9,,,,305.18,,,,,141.13,591,1307,,양방향미디어와서비스,KOSDAQ
037440,2318.73,2509.0,2964.0,3140.0,91.41,95.0,133.0,135.0,1.0,60.51,581,4175,,건설,KOSDAQ
045340,274.95,,,,93.58,,,,,-320.65,584,6820,,운송인프라,KOSDAQ
003310,1009.83,,,,106.35,,,,1.0,-156.74,582,1645,,식품,KOSDAQ
340930,600.15,,,,-27.13,,,,,326.79,555,806,,전자장비와기기,KOSDAQ
024950,1755.6,,,,124.25,,,,0.5068,-751.38,579,4670,,레저용장비와제품,KOSDAQ
357580,1221.4,1270.0,1940.0,,53.22,50.0,210.0,,1.0,387.41,600,5090,,핸드셋,KOSDAQ
123010,383.76,,,,2.08,,,,,9.12,578,2860,,핸드셋,KOSDAQ
217480,300.69,,,,-63.25,,,,,-170.39,548,499,,화장품,KOSDAQ
033320,3138.39,,,,77.0,,,,0.9385,-283.59,570,2980,,컴퓨터와주변기기,KOSDAQ
126880,1472.93,,,,31.54,,,,1.0,-270.22,578,2495,,석유와가스,KOSDAQ
014470,3194.84,,,,17.53,,,,1.0,-91.03,593,1040,,가정용기기와용품,KOSDAQ
095270,805.33,,,,-16.42,,,,1.0,-92.29,594,4135,,우주항공과국방,KOSDAQ
443250,564.58,,,,88.79,,,,0.8294,-464.43,599,5540,,양방향미디어와서비스,KOSDAQ
024910,7053.4,,,,73.44,,,,0.8226,2055.72,565,1578,,자동차부품,KOSDAQ
456070,52.59,,,,-179.03,,,,,-182.6,571,5180,,제약,KOSDAQ
053050,1700.81,,,,73.43,,,,,287.08,581,1939,,가스유틸리티,KOSDAQ
225190,214.06,,,,-168.51,,,,1.0,-37.93,579,821,,전자장비와기기,KOSDAQ
192250,483.94,,,,28.95,,,,1.0,88.49,556,7870,,소프트웨어,KOSDAQ
273640,291.09,,,,17.43,,,,,63.82,564,5140,,전기제품,KOSDAQ
033310,865.5,,,,27.68,,,,1.0,144.82,562,1407,,자동차부품,KOSDAQ
097800,755.48,,,,-142.89,,,,,495.09,565,2070,,반도체와반도체장비,KOSDAQ
043710,356.68,,,,-83.32,,,,1.0,1489.03,556,3210,,건강관리업체및서비스,KOSDAQ
333620,488.36,,,,-61.07,,,,1.0,2.59,575,5230,,전자장비와기기,KOSDAQ
007370,1206.86,,,,25.26,,,,,687.5,555,3930,,제약,KOSDAQ
036090,4830.26,,,,258.4,,,,0.3249,1444.27,560,1316,,디스플레이장비및부품,KOSDAQ
263690,1027.46,,,,90.25,,,,1.0,-62.49,557,4920,,건강관리장비와용품,KOSDAQ
460870,557.88,664.0,761.0,,49.43,63.0,94.0,,,239.33,554,2760,,포장재,KOSDAQ
424980,222.28,,,,-34.09,,,,,-0.79,549,9280,,반도체와반도체장비,KOSDAQ
215360,5320.38,,,,186.74,,,,0.9874,757.41,568,6220,,자동차부품,KOSDAQ
170790,656.35,,,,54.03,,,,1.0,-354.97,549,8580,,통신장비,KOSDAQ
347740,227.83,,,,39.4,,,,1.0,-317.91,549,1828,,생명과학도구및서비스,KOSDAQ
238090,504.14,,,,48.14,,,,0.9977,47.59,556,1822,,핸드셋,KOSDAQ
056360,626.0,,,,3.06,,,,1.0,-327.57,569,5810,,통신장비,KOSDAQ
251630,490.02,,,,-128.29,,,,,51.33,552,3460,,기계,KOSDAQ
053270,4261.81,,,,243.11,,,,1.0,3985.39,548,2000,,자동차부품,KOSDAQ
025550,2194.0,,,,81.75,,,,0.2,1328.96,545,2135,,철강,KOSDAQ
036670,1168.4,,,,108.94,,,,,-431.43,548,5090,,화학,KOSDAQ
104620,1197.04,,,,22.39,,,,1.0,39.15,546,3250,,"호텔,레스토랑,레저",KOSDAQ
179530,128.97,,,,-35.01,,,,,0.02,549,2025,,제약,KOSDAQ
059270,150.78,,,,-6.21,,,,,-147.21,536,4805,,기계,KOSDAQ
054930,3855.02,,,,92.44,,,,,-253.29,548,18250,,건설,KOSDAQ
317530,56.83,,,,-35.56,,,,,185.1,567,3240,,양방향미디어와서비스,KOSDAQ
459100,1687.22,2454.0,2830.0,3212.0,25.91,73.0,122.0,195.0,0.8608,729.12,543,4030,,핸드셋,KOSDAQ
453860,245.6,,,,-1.1,,,,,295.11,534,8280,,화장품,KOSDAQ
044340,3695.36,,,,-606.72,,,,1.0,2478.93,541,3025,,가정용기기와용품,KOSDAQ
391710,301.0,,,,-27.42,,,,,-61.54,529,1242,,IT서비스,KOSDAQ
070300,185.37,,,,19.02,,,,,11.1,535,1507,,핸드셋,KOSDAQ
419080,54.15,,,,-62.8,,,,,-44.45,530,4875,,디스플레이장비및부품,KOSDAQ
348150,692.92,,,,-96.51,,,,,-313.59,530,2730,,건강관리업체및서비스,KOSDAQ
046210,150.5,,,,-34.4,,,,,-183.23,525,1153,,생명과학도구및서비스,KOSDAQ
039240,3571.39,,,,59.58,,,,,-134.99,528,1956,,철강,KOSDAQ
393970,845.13,,,,-203.62,,,,1.0,620.77,504,2825,,전기제품,KOSDAQ
027050,736.77,,,,-43.94,,,,1.0,-102.77,540,1350,,화장품,KOSDAQ
321820,466.5,,,,-39.59,,,,1.0,-71.71,528,3385,,방송과엔터테인먼트,KOSDAQ
464490,106.98,,,,-63.84,,,,,-92.59,532,4630,,생물공학,KOSDAQ
105760,914.26,,,,33.84,,,,1.0,-175.89,525,5150,,상업서비스와공급품,KOSDAQ
104540,1004.29,,,,91.16,,,,0.8981,32.79,546,4070,,건강관리장비와용품,KOSDAQ
0013V0,1094.98,,,,59.56,,,,1.0,84.04,521,5250,,식품,KOSDAQ
408470,664.48,,,,82.29,,,,1.0,-362.09,523,4950,,IT서비스,KOSDAQ
088910,3254.58,,,,131.51,,,,1.0,-428.19,525,2040,,식품,KOSDAQ
019990,235.32,,,,-41.05,,,,1.0,-57.63,518,5310,,기계,KOSDAQ
246690,196.18,,,,90.23,,,,1.0,,527,2215,,창업투자,KOSDAQ
049470,248.41,,,,-45.2,,,,,-102.6,522,2215,,소프트웨어,KOSDAQ
261520,212.5,,,,-67.99,,,,,-78.79,522,5080,,IT서비스,KOSDAQ
435570,356.28,,,,2.7,,,,1.0,260.41,525,6890,,식품,KOSDAQ
015710,957.71,,,,29.99,,,,,-290.71,517,2950,,통신장비,KOSDAQ
314140,1362.19,,,,50.87,,,,,-5.2,517,5960,,제약,KOSDAQ
315640,74.72,,,,-105.57,,,,,-90.41,511,1740,,IT서비스,KOSDAQ
452400,1225.88,,,,-10.01,,,,1.0,-244.48,512,5640,,전기제품,KOSDAQ
046940,3763.49,,,,671.89,,,,1.0,-204.38,511,2825,,건설,KOSDAQ
256630,359.65,,,,8.32,,,,1.0,-183.29,509,4390,,디스플레이장비및부품,KOSDAQ
370090,121.44,,,,-71.63,,,,,-278.02,512,5980,,전자장비와기기,KOSDAQ
033230,3427.38,,,,-42.77,,,,,-56.64,516,1022,,IT서비스,KOSDAQ
094940,234.76,,,,-10.13,,,,1.0,-72.04,504,6030,,컴퓨터와주변기기,KOSDAQ
068330,145.3,,,,45.46,,,,,-474.24,504,1139,,생명과학도구및서비스,KOSDAQ
122310,1080.42,,,,-2.43,,,,1.0,164.25,502,3450,,건강관리장비와용품,KOSDAQ
311690,36.93,,,,-247.86,,,,,-321.75,501,3835,,생명과학도구및서비스,KOSDAQ
071670,3054.9,,,,6.11,,,,1.0,1049.92,501,5010,,기계,KOSDAQ
288180,539.08,,,,26.39,,,,1.0,141.76,501,6780,,우주항공과국방,KOSDAQ
199550,256.95,,,,-120.45,,,,1.0,-58.24,504,3395,,건강관리장비와용품,KOSDAQ
317850,407.31,,,,19.1,,,,1.0,66.24,499,5990,,기계,KOSDAQ
361570,464.77,,,,1.69,,,,,279.3,517,1799,,방송과엔터테인먼트,KOSDAQ
900340,1921.83,,,,149.3,,,,1.0,-1092.8,497,1397,,식품,KOSDAQ
060560,2988.24,,,,-185.14,,,,0.8196,2049.95,496,1954,,건축자재,KOSDAQ
023440,410.58,,,,-84.78,,,,,378.16,470,521,,철강,KOSDAQ
418250,11.69,,,,-42.87,,,,,-8.69,476,6550,,소프트웨어,KOSDAQ
463480,674.11,,,,-17.23,,,,1.0,0.02,494,3990,,자동차부품,KOSDAQ
109080,257.27,,,,45.14,,,,,-247.81,515,9130,,통신장비,KOSDAQ
475460,1355.94,,,,29.06,,,,1.0,105.92,491,8700,,인터넷과카탈로그소매,KOSDAQ
092300,2373.55,,,,110.39,,,,1.0,-222.79,491,2435,,전자장비와기기,KOSDAQ
042110,2161.37,,,,63.06,,,,1.0,-687.08,490,1014,,전기제품,KOSDAQ
089790,383.79,,,,-21.97,,,,1.0,-428.72,496,4805,,반도체와반도체장비,KOSDAQ
373200,100.77,,,,-51.56,,,,,232.64,489,1952,,핸드셋,KOSDAQ
440290,174.01,,,,72.58,,,,,,490,1780,,창업투자,KOSDAQ
150900,466.76,,,,25.36,,,,0.9783,-80.56,488,4170,,소프트웨어,KOSDAQ
179900,199.72,,,,-483.11,,,,,788.1,485,2250,,핸드셋,KOSDAQ
189860,681.07,,,,-88.0,,,,,-1.65,488,5030,,전기장비,KOSDAQ
163280,280.76,,,,30.89,,,,,-43.77,488,3590,,화학,KOSDAQ
420570,329.66,520.0,,,29.2,90.0,,,1.0,-88.64,486,8310,,화장품,KOSDAQ
222420,356.38,,,,31.7,,,,,308.52,489,1010,,화학,KOSDAQ
219550,449.03,,,,-4.9,,,,,98.15,488,1179,,화장품,KOSDAQ
038010,1335.79,,,,71.42,,,,0.9717,-426.46,482,5360,,조선,KOSDAQ
290670,261.47,,,,-104.43,,,,,64.57,482,6140,,전자장비와기기,KOSDAQ
317690,36.88,,,,-155.56,,,,,-242.37,480,2385,,생명과학도구및서비스,KOSDAQ
027830,92.52,,,,7.97,,,,,,478,885,,창업투자,KOSDAQ
376290,2165.13,,,,54.2,,,,1.0,-638.71,479,2710,,핸드셋,KOSDAQ
340360,632.02,,,,-19.01,,,,,102.23,479,904,,통신장비,KOSDAQ
037950,462.91,,,,22.17,,,,1.0,-88.78,481,2850,,전자장비와기기,KOSDAQ
291650,35.05,,,,-78.01,,,,,-58.31,482,1579,,생명과학도구및서비스,KOSDAQ
178780,339.06,,,,20.37,,,,1.0,-205.65,470,2520,,전문소매,KOSDAQ
217500,270.7,,,,-51.73,,,,1.0,-141.42,477,1500,,반도체와반도체장비,KOSDAQ
081180,592.06,,,,-30.64,,,,,117.63,476,5390,,전자장비와기기,KOSDAQ
299170,517.06,,,,39.16,,,,1.0,46.58,470,1133,,제약,KOSDAQ
198080,2952.01,,,,242.73,,,,1.0,-278.87,465,2160,,핸드셋,KOSDAQ
260930,892.3,,,,-56.66,,,,1.0,756.43,470,2430,,화장품,KOSDAQ
051390,165.38,,,,57.77,,,,1.0,-261.55,465,4095,,판매업체,KOSDAQ
355690,704.26,,,,-65.41,,,,,210.23,460,4805,,전자장비와기기,KOSDAQ
189980,993.78,,,,85.32,,,,0.9725,1143.9,463,1153,,음료,KOSDAQ
082850,10439.62,,,,9.52,,,,0.5765,50.77,450,4645,,디스플레이장비및부품,KOSDAQ
059100,346.49,,,,60.4,,,,,-139.48,462,6540,,디스플레이장비및부품,KOSDAQ
022220,647.31,,,,-108.35,,,,,420.38,464,895,,건축제품,KOSDAQ
014190,2847.61,,,,33.09,,,,1.0,25.68,462,1305,,화학,KOSDAQ
088280,182.06,,,,-66.61,,,,,4.75,464,2680,,핸드셋,KOSDAQ
321260,315.34,,,,27.72,,,,1.0,-334.21,459,1629,,디스플레이장비및부품,KOSDAQ
288330,0.09,,,,-151.54,,,,,19.92,441,416,,제약,KOSDAQ
099410,418.79,,,,92.89,,,,,-66.63,461,3290,,조선,KOSDAQ
114450,403.4,,,,2.04,,,,,-141.11,458,2290,,제약,KOSDAQ
229000,75.48,,,,-65.68,,,,,107.69,458,1954,,건강관리장비와용품,KOSDAQ
131400,589.57,,,,-31.76,,,,1.0,-186.04,456,766,,전자장비와기기,KOSDAQ
384470,42.84,,,,-134.45,,,,,-62.42,461,2570,,건강관리기술,KOSDAQ
053980,1363.52,,,,110.01,,,,1.0,-485.48,453,2385,,소프트웨어,KOSDAQ
127710,731.45,,,,54.79,,,,1.0,427.05,454,1030,,출판,KOSDAQ
143540,805.04,,,,59.07,,,,1.0,-143.18,459,1029,,디스플레이장비및부품,KOSDAQ
073110,695.74,,,,-96.21,,,,,614.94,453,5090,,디스플레이장비및부품,KOSDAQ
224110,642.77,,,,61.71,,,,,-257.14,452,8900,,컴퓨터와주변기기,KOSDAQ
052790,699.28,,,,285.87,,,,1.0,-931.09,452,4135,,게임엔터테인먼트,KOSDAQ
471820,221.84,,,,28.35,,,,1.0,-91.18,452,3995,,제약,KOSDAQ
033340,725.99,,,,-60.84,,,,1.0,183.29,446,460,,"섬유,의류,신발,호화품",KOSDAQ
0010V0,484.67,,,,48.59,,,,1.0,-216.58,448,8770,,건강관리장비와용품,KOSDAQ
317830,616.13,,,,-7.64,,,,,-227.05,452,4195,,기계,KOSDAQ
065130,7984.98,,,,-352.19,,,,0.5681,256.78,444,2775,,핸드셋,KOSDAQ
479960,312.47,,,,52.71,,,,,-142.52,445,6240,,전기장비,KOSDAQ
094970,2002.25,,,,131.41,,,,0.8969,-662.47,451,2695,,디스플레이장비및부품,KOSDAQ
007680,1121.22,,,,-137.54,,,,1.0,981.51,441,3335,,건설,KOSDAQ
129890,834.28,,,,31.77,,,,1.0,266.99,445,977,,컴퓨터와주변기기,KOSDAQ
145170,6021.68,,,,133.4,,,,1.0,2084.18,457,2700,,"섬유,의류,신발,호화품",KOSDAQ
053450,4348.69,,,,30.06,,,,0.9599,752.77,436,2950,,전자장비와기기,KOSDAQ
460470,43.76,,,,-41.53,,,,,-129.14,436,2885,,생명과학도구및서비스,KOSDAQ
050120,139.32,,,,-128.34,,,,1.0,-24.78,439,3235,,레저용장비와제품,KOSDAQ
208860,1137.34,,,,27.63,,,,1.0,6.59,442,1303,,자동차부품,KOSDAQ
083550,1354.14,,,,-3.93,,,,1.0,112.16,453,3340,,"섬유,의류,신발,호화품",KOSDAQ
307280,352.44,,,,79.26,,,,1.0,-66.02,434,6120,,건강관리장비와용품,KOSDAQ
063440,533.25,,,,45.76,,,,1.0,-232.18,458,1010,,방송과엔터테인먼트,KOSDAQ
466410,134.72,,,,46.74,,,,,-346.01,429,8520,,소프트웨어,KOSDAQ
072470,7050.03,,,,342.4,,,,0.5794,866.49,443,2345,,자동차부품,KOSDAQ
159580,709.55,,,,25.16,,,,1.0,-48.65,436,2175,,화장품,KOSDAQ
227950,287.64,,,,94.39,,,,1.0,0.92,427,1238,,반도체와반도체장비,KOSDAQ
136410,602.73,,,,120.01,,,,0.9822,111.85,429,3890,,화학,KOSDAQ
238120,160.16,,,,24.43,,,,1.0,-4.7,424,2980,,생명과학도구및서비스,KOSDAQ
037230,2240.79,,,,99.45,,,,,662.9,424,1424,,포장재,KOSDAQ
190650,2514.14,2618.87,,,102.5,91.45,,,,,422,6610,,증권,KOSDAQ
476040,24.07,,,,-162.0,,,,,-175.36,423,6420,,생물공학,KOSDAQ
072990,1075.27,,,,82.73,,,,1.0,575.06,428,2955,,전자장비와기기,KOSDAQ
189690,328.89,355.17,,,43.99,58.13,,,1.0,-303.23,422,1544,,소프트웨어,KOSDAQ
900250,698.62,,,,107.16,,,,0.8251,-3330.26,422,1178,,비철금속,KOSDAQ
413640,314.48,,,,8.66,,,,1.0,-193.64,420,5830,,IT서비스,KOSDAQ
277070,74.32,,,,36.03,,,,1.0,,420,3070,,창업투자,KOSDAQ
002290,851.77,,,,73.94,,,,,-821.9,419,3380,,건설,KOSDAQ
461030,53.29,,,,-86.64,,,,,-176.46,418,2915,,생명과학도구및서비스,KOSDAQ
066130,1769.39,,,,103.54,,,,,-100.69,435,3395,,가정용기기와용품,KOSDAQ
140520,3985.74,,,,33.55,,,,1.0,605.99,422,1998,,철강,KOSDAQ
184230,616.36,,,,148.24,,,,1.0,264.98,414,2200,,소프트웨어,KOSDAQ
218150,675.55,,,,-14.43,,,,1.0,-38.81,413,2025,,식품,KOSDAQ
256150,694.44,,,,28.17,,,,,-129.41,417,4970,,가정용기기와용품,KOSDAQ
064090,72.12,,,,-60.79,,,,1.0,-220.09,397,798,,판매업체,KOSDAQ
261200,1142.45,,,,-104.14,,,,1.0,1021.6,413,2610,,건강관리장비와용품,KOSDAQ
317870,142.79,,,,-62.22,,,,,238.38,422,4775,,가정용기기와용품,KOSDAQ
278650,740.5,,,,-86.17,,,,,-39.99,409,2345,,생명과학도구및서비스,KOSDAQ
263810,1291.4,,,,25.63,,,,1.0,87.51,409,2570,,전자장비와기기,KOSDAQ
373160,1238.6,,,,45.72,,,,1.0,-150.09,409,2960,,교육서비스,KOSDAQ
207760,674.63,,,,-24.57,,,,,-207.61,393,2365,,양방향미디어와서비스,KOSDAQ
258610,816.98,,,,-8.13,,,,1.0,39.82,438,1201,,핸드셋,KOSDAQ
286750,59.77,,,,-65.81,,,,1.0,3.28,408,2545,,화학,KOSDAQ
056700,2291.36,,,,90.96,,,,1.0,274.7,418,1434,,디스플레이장비및부품,KOSDAQ
382150,3.7,,,,-88.28,,,,,-162.29,410,3145,,생명과학도구및서비스,KOSDAQ
263020,1425.87,,,,122.27,,,,0.9113,-236.69,426,3080,,"섬유,의류,신발,호화품",KOSDAQ
053950,559.44,,,,-17.32,,,,,-6.65,412,2100,,제약,KOSDAQ
052220,400.46,,,,-76.32,,,,0.9727,-95.33,400,1741,,방송과엔터테인먼트,KOSDAQ
199480,634.48,,,,-43.81,,,,,-125.77,406,3980,,IT서비스,KOSDAQ
224060,252.66,,,,-8.31,,,,,557.46,399,7730,,전기제품,KOSDAQ
452200,210.16,,,,-88.0,,,,,-56.2,403,1655,,전기제품,KOSDAQ
044960,433.23,,,,42.6,,,,,-64.59,399,3160,,제약,KOSDAQ
101240,565.19,,,,101.72,,,,,9.23,397,3495,,화학,KOSDAQ
196300,49.62,,,,-73.2,,,,,-69.95,400,4215,,생물공학,KOSDAQ
450330,165.91,,,,9.03,,,,1.0,-77.78,420,5130,,건강관리장비와용품,KOSDAQ
226340,460.13,,,,-83.3,,,,0.272,82.35,394,4700,,화장품,KOSDAQ
042940,186.12,,,,-68.46,,,,1.0,944.48,393,5760,,건설,KOSDAQ
234100,2426.35,,,,33.5,,,,0.2,-1248.21,402,2750,,자동차부품,KOSDAQ
050860,1132.96,,,,39.88,,,,,230.47,392,1741,,기계,KOSDAQ
042040,769.24,,,,-171.54,,,,,329.51,398,4595,,화학,KOSDAQ
250000,1022.96,,,,91.47,,,,1.0,-20.73,391,5790,,식품과기본식료품소매,KOSDAQ
086060,907.89,,,,39.22,,,,1.0,-99.88,403,4680,,제약,KOSDAQ
097870,243.87,219.74,,,34.69,24.16,,,0.9717,42.14,397,4675,,화학,KOSDAQ
025880,1217.71,,,,121.82,,,,0.9776,-39.43,393,2350,,식품,KOSDAQ
049830,1415.48,,,,22.76,,,,,-327.9,389,6340,,포장재,KOSDAQ
465480,200.22,,,,25.5,,,,1.0,-126.57,387,3815,,IT서비스,KOSDAQ
066900,5431.96,,,,-578.19,,,,,2336.98,387,1700,,전자장비와기기,KOSDAQ
122690,29418.52,,,,268.09,,,,0.2,10565.01,387,1677,,자동차부품,KOSDAQ
352700,671.77,,,,-57.51,,,,1.0,-412.63,389,1479,,"섬유,의류,신발,호화품",KOSDAQ
221980,628.97,,,,69.68,,,,1.0,-231.2,383,9500,,화학,KOSDAQ
348080,24.57,,,,-103.35,,,,,-24.42,382,2980,,생물공학,KOSDAQ
219420,169.75,,,,12.19,,,,0.9873,-318.74,384,3350,,소프트웨어,KOSDAQ
100660,465.01,,,,0.44,,,,0.9884,-283.87,385,3055,,기계,KOSDAQ
043340,579.09,,,,19.7,,,,,349.4,382,805,,기계,KOSDAQ
043910,373.09,,,,-39.76,,,,1.0,198.98,392,3460,,상업서비스와공급품,KOSDAQ
065440,615.61,,,,15.35,,,,1.0,-170.55,383,1405,,IT서비스,KOSDAQ
060540,1597.33,,,,39.11,,,,1.0,190.12,381,1457,,핸드셋,KOSDAQ
263770,579.67,,,,23.32,,,,,-174.83,389,1641,,철강,KOSDAQ
065500,1571.36,,,,9.12,,,,1.0,351.52,382,1070,,자동차부품,KOSDAQ
221840,846.21,,,,46.01,,,,0.8762,426.18,381,2035,,우주항공과국방,KOSDAQ
215380,375.87,,,,-39.04,,,,,197.3,379,2250,,생명과학도구및서비스,KOSDAQ
284620,11.72,,,,-64.39,,,,,-7.42,360,1087,,제약,KOSDAQ
051490,1846.33,,,,-0.8,,,,1.0,751.96,386,2715,,기계,KOSDAQ
153460,191.89,,,,26.12,,,,,-229.06,381,5830,,소프트웨어,KOSDAQ
038070,770.91,,,,6.92,,,,1.0,-169.32,382,4110,,생물공학,KOSDAQ
086040,470.17,,,,-48.1,,,,,391.04,374,2345,,생명과학도구및서비스,KOSDAQ
084650,881.61,,,,-535.17,,,,,258.44,371,500,,생명과학도구및서비스,KOSDAQ
290090,210.4,,,,-40.83,,,,1.0,-249.11,375,5040,,소프트웨어,KOSDAQ
019770,2070.62,,,,119.12,,,,,57.86,390,3350,,자동차부품,KOSDAQ
273060,455.21,,,,75.75,,,,1.0,327.24,379,3855,,광고,KOSDAQ
014570,625.09,,,,69.13,,,,,-363.15,380,3450,,제약,KOSDAQ
104200,448.99,,,,-7.35,,,,,-183.59,363,2450,,방송과엔터테인먼트,KOSDAQ
263050,102.95,,,,-189.19,,,,,143.98,353,959,,생물공학,KOSDAQ
121890,287.94,,,,11.01,,,,,-46.01,372,2800,,운송인프라,KOSDAQ
032960,215.51,,,,-0.62,,,,0.9911,-402.21,371,2110,,전자장비와기기,KOSDAQ
434480,191.69,,,,9.43,,,,0.994,-152.18,376,3055,,소프트웨어,KOSDAQ
123570,322.6,,,,2.74,,,,1.0,-647.39,369,1657,,광고,KOSDAQ
260660,2012.04,,,,9.89,,,,,201.74,376,2450,,제약,KOSDAQ
203450,513.24,,,,10.21,,,,1.0,57.79,366,2600,,전자장비와기기,KOSDAQ
171010,426.82,,,,-9.54,,,,,491.62,374,2615,,반도체와반도체장비,KOSDAQ
900270,1088.09,,,,-2.13,,,,1.0,-3268.02,358,3340,,레저용장비와제품,KOSDAQ
032790,285.91,,,,-102.74,,,,1.0,53.74,364,1418,,IT서비스,KOSDAQ
270870,1010.88,,,,-22.68,,,,1.0,-358.43,364,4050,,건강관리업체및서비스,KOSDAQ
060850,798.83,,,,42.19,,,,1.0,-21.26,374,4595,,소프트웨어,KOSDAQ
208710,1287.35,,,,-0.46,,,,,153.4,365,2770,,핸드셋,KOSDAQ
263700,816.94,,,,-28.77,,,,0.9829,-224.68,371,1911,,건강관리업체및서비스,KOSDAQ
363250,3.81,,,,-96.9,,,,,-9.32,379,4450,,건강관리장비와용품,KOSDAQ
068940,355.06,,,,-34.28,,,,1.0,28.46,357,778,,상업서비스와공급품,KOSDAQ
081580,1827.39,,,,39.83,,,,1.0,-138.71,360,2320,,핸드셋,KOSDAQ
196450,2581.97,3098.0,,,52.72,71.0,,,1.0,196.2,360,3970,,핸드셋,KOSDAQ
066360,4054.36,,,,284.82,,,,0.8322,1389.73,366,1526,,식품,KOSDAQ
387570,95.23,,,,-25.8,,,,1.0,-18.45,363,6450,,건강관리장비와용품,KOSDAQ
045060,1600.72,,,,56.22,,,,0.9922,-354.13,357,2110,,화학,KOSDAQ
318410,516.48,,,,61.93,,,,1.0,-294.82,358,6450,,가정용품,KOSDAQ
037370,627.51,,,,-21.66,,,,,1083.89,354,4110,,비철금속,KOSDAQ
432430,370.69,,,,-87.38,,,,,17.46,353,2140,,출판,KOSDAQ
186230,1057.15,,,,-9.52,,,,1.0,372.73,354,3240,,건축자재,KOSDAQ
332290,1041.83,,,,41.18,,,,1.0,242.92,356,4490,,화학,KOSDAQ
177900,144.95,,,,-26.86,,,,,90.9,350,3635,,통신장비,KOSDAQ
024120,2149.96,,,,85.31,,,,1.0,1071.73,352,3065,,자동차부품,KOSDAQ
046310,1489.22,,,,67.9,,,,0.5983,-168.66,363,2210,,통신장비,KOSDAQ
397810,305.99,,,,24.21,,,,0.9734,-207.34,349,6770,,광고,KOSDAQ
035460,994.73,,,,80.78,,,,0.7303,-93.72,353,2365,,통신장비,KOSDAQ
290120,3555.9,,,,219.21,,,,1.0,781.75,349,2205,,자동차부품,KOSDAQ
016600,200.98,,,,37.87,,,,,,350,2510,,창업투자,KOSDAQ
064520,181.5,,,,-56.04,,,,1.0,-408.07,349,1561,,반도체와반도체장비,KOSDAQ
006920,811.61,,,,-29.59,,,,0.2832,-71.87,348,3185,,건축자재,KOSDAQ
204020,2017.18,,,,78.53,,,,1.0,179.49,348,1791,,"섬유,의류,신발,호화품",KOSDAQ
408900,163.91,,,,-21.46,,,,1.0,-218.84,347,1059,,방송과엔터테인먼트,KOSDAQ
026040,722.43,,,,7.06,,,,,-63.41,362,2195,,"섬유,의류,신발,호화품",KOSDAQ
446840,112.96,252.0,,,-66.44,40.0,,,,12.58,353,3205,,소프트웨어,KOSDAQ
057030,518.34,,,,9.5,,,,1.0,-253.73,344,2110,,교육서비스,KOSDAQ
052600,268.26,,,,43.73,,,,,-265.63,345,2985,,IT서비스,KOSDAQ
239890,301.19,302.0,380.0,490.0,21.94,23.0,43.0,70.0,,-146.81,347,3495,,디스플레이장비및부품,KOSDAQ
046390,372.66,,,,-15.48,,,,1.0,-112.99,343,1988,,방송과엔터테인먼트,KOSDAQ
033170,1030.47,,,,-238.32,,,,,396.98,342,1996,,반도체와반도체장비,KOSDAQ
419120,199.68,,,,44.55,,,,0.983,-63.5,340,2390,,소프트웨어,KOSDAQ
109670,1697.22,,,,1.51,,,,1.0,-62.76,343,5870,,"섬유,의류,신발,호화품",KOSDAQ
469750,230.01,,,,-3.91,,,,,-86.11,341,991,,전기제품,KOSDAQ
057540,990.68,,,,10.17,,,,0.9985,-49.65,343,578,,전자장비와기기,KOSDAQ
133750,345.91,,,,18.14,,,,,-427.29,344,1470,,교육서비스,KOSDAQ
039290,1350.96,,,,-42.05,,,,1.0,-131.15,343,3950,,IT서비스,KOSDAQ
072770,896.29,,,,-28.07,,,,,337.54,347,837,,IT서비스,KOSDAQ
263920,523.07,,,,24.83,,,,1.0,27.41,337,3440,,포장재,KOSDAQ
310870,1110.39,,,,51.23,,,,1.0,466.42,337,1535,,자동차부품,KOSDAQ
038060,1755.38,,,,-50.26,,,,1.0,-615.94,332,690,,디스플레이장비및부품,KOSDAQ
360350,133.9,,,,-15.29,,,,1.0,10.05,337,6190,,전자장비와기기,KOSDAQ
099220,874.54,,,,4.64,,,,,495.05,322,511,,에너지장비및서비스,KOSDAQ
075130,456.13,,,,32.61,,,,1.0,-269.33,338,2095,,소프트웨어,KOSDAQ
393210,272.64,,,,-23.73,,,,1.0,226.64,336,2150,,IT서비스,KOSDAQ
301300,190.09,,,,-37.55,,,,1.0,90.55,343,2605,,소프트웨어,KOSDAQ
430690,262.58,,,,-19.48,,,,1.0,66.61,336,3080,,소프트웨어,KOSDAQ
215090,267.61,,,,13.24,,,,1.0,-171.18,333,1440,,우주항공과국방,KOSDAQ
087600,427.08,,,,-56.3,,,,,-40.93,336,4120,,반도체와반도체장비,KOSDAQ
232830,2695.51,,,,-3.03,,,,,382.69,334,2020,,IT서비스,KOSDAQ
476080,1323.96,,,,-89.67,,,,0.994,72.98,334,4135,,방송과엔터테인먼트,KOSDAQ
068050,351.78,,,,-34.72,,,,1.0,161.45,333,1204,,방송과엔터테인먼트,KOSDAQ
335810,199.26,,,,-53.81,,,,,42.51,331,1510,,생명과학도구및서비스,KOSDAQ
452300,74.73,,,,23.39,,,,,,335,2365,,창업투자,KOSDAQ
159910,99.25,,,,-39.38,,,,,-36.32,332,3175,,화장품,KOSDAQ
220180,314.44,,,,-4.81,,,,1.0,-453.86,331,1382,,소프트웨어,KOSDAQ
049120,657.94,,,,-40.82,,,,,309.96,328,3090,,디스플레이장비및부품,KOSDAQ
090410,1064.59,,,,-1.04,,,,1.0,495.45,333,3610,,건축자재,KOSDAQ
258830,185.35,,,,22.65,,,,,179.4,312,412,,건강관리장비와용품,KOSDAQ
109820,106.43,,,,-6.79,,,,,-126.53,330,1618,,생물공학,KOSDAQ
007530,1771.46,,,,39.86,,,,1.0,521.69,333,1495,,자동차부품,KOSDAQ
148930,300.85,,,,-31.68,,,,0.9997,-476.65,327,3215,,전기제품,KOSDAQ
173940,1023.69,,,,-6.14,,,,,-43.86,332,2155,,방송과엔터테인먼트,KOSDAQ
417860,240.17,,,,2.68,,,,,-102.13,323,6870,,소프트웨어,KOSDAQ
200780,758.0,,,,19.97,,,,0.9108,710.35,325,3045,,제약,KOSDAQ
021650,2272.26,,,,79.33,,,,1.0,19.93,321,1965,,자동차부품,KOSDAQ
131090,134.38,,,,43.14,,,,,-440.08,327,4270,,소프트웨어,KOSDAQ
187270,534.33,,,,48.0,,,,1.0,-100.13,322,3175,,핸드셋,KOSDAQ
140430,279.01,,,,-5.37,,,,,107.59,321,3005,,통신장비,KOSDAQ
071850,1553.25,,,,-62.74,,,,,765.3,326,1345,,자동차부품,KOSDAQ
197140,666.32,,,,-25.3,,,,,-142.12,320,2460,,소프트웨어,KOSDAQ
045510,2009.03,,,,19.41,,,,1.0,172.0,331,1053,,IT서비스,KOSDAQ
300120,2238.08,,,,-161.92,,,,,114.7,312,3150,,소프트웨어,KOSDAQ
031510,1285.49,,,,41.48,,,,1.0,-242.13,320,1144,,자동차부품,KOSDAQ
296640,229.33,,,,9.22,,,,1.0,-80.23,321,6190,,소프트웨어,KOSDAQ
318020,872.04,,,,30.07,,,,1.0,188.77,321,2610,,전자장비와기기,KOSDAQ
064480,496.77,,,,3.1,,,,,-97.57,319,2670,,IT서비스,KOSDAQ
089140,704.41,,,,22.82,,,,1.0,-391.99,322,2100,,기계,KOSDAQ
065950,2689.6,,,,-111.18,,,,,1600.88,331,1173,,건설,KOSDAQ
153490,1212.11,,,,2.87,,,,1.0,-7.8,309,3000,,디스플레이장비및부품,KOSDAQ
271830,387.42,,,,-41.27,,,,0.9997,178.65,316,1073,,핸드셋,KOSDAQ
050110,4899.37,,,,-112.69,,,,,538.27,315,1079,,핸드셋,KOSDAQ
099390,250.86,,,,21.1,,,,1.0,-463.87,315,3840,,소프트웨어,KOSDAQ
246250,39.84,,,,-41.05,,,,,-3.99,302,1969,,제약,KOSDAQ
093380,902.73,,,,7.28,,,,1.0,-22.35,313,3170,,자동차부품,KOSDAQ
033830,426.91,,,,14.85,,,,1.0,-815.34,326,1724,,방송과엔터테인먼트,KOSDAQ
254120,278.95,,,,-39.2,,,,1.0,-1.5,316,1029,,전자장비와기기,KOSDAQ
388610,177.15,,,,3.86,,,,,28.66,312,5850,,생물공학,KOSDAQ
127980,817.9,,,,-14.85,,,,0.9709,111.68,313,2640,,전자장비와기기,KOSDAQ
038950,628.5,,,,-45.83,,,,1.0,-585.56,313,3065,,전자제품,KOSDAQ
356890,337.26,,,,4.14,,,,0.7894,-273.71,310,2595,,IT서비스,KOSDAQ
037330,7218.14,,,,171.03,,,,0.6191,1712.97,314,716,,디스플레이장비및부품,KOSDAQ
080520,379.6,,,,-22.77,,,,1.0,-452.56,310,2740,,반도체와반도체장비,KOSDAQ
311390,819.44,,,,54.09,,,,0.5765,-281.29,309,2440,,식품,KOSDAQ
160550,1426.53,,,,26.54,,,,1.0,288.02,308,1102,,방송과엔터테인먼트,KOSDAQ
020180,2028.61,2595.49,,,90.99,159.8,,,,246.52,306,3985,,IT서비스,KOSDAQ
464280,276.21,,,,37.65,,,,,-138.67,307,5550,,제약,KOSDAQ
025440,4943.66,,,,-49.16,,,,1.0,1931.76,319,3270,,자동차부품,KOSDAQ
079170,985.63,,,,78.85,,,,,-76.46,320,6150,,비철금속,KOSDAQ
106240,428.76,,,,-64.13,,,,,309.11,308,1160,,디스플레이장비및부품,KOSDAQ
444530,104.04,,,,-26.65,,,,,-67.69,306,4755,,IT서비스,KOSDAQ
407400,863.94,,,,-42.48,,,,,142.22,304,2080,,가정용기기와용품,KOSDAQ
012620,3981.16,,,,123.65,,,,1.0,785.49,312,7080,,철강,KOSDAQ
097780,2174.27,,,,10.8,,,,1.0,-909.68,314,1549,,자동차부품,KOSDAQ
462310,490.35,,,,7.24,,,,0.9848,-20.72,303,3830,,"섬유,의류,신발,호화품",KOSDAQ
317240,260.34,,,,0.26,,,,,107.48,303,1040,,가정용품,KOSDAQ
033540,1739.3,,,,-137.42,,,,1.0,393.04,306,2930,,기계,KOSDAQ
091970,501.11,,,,-2.62,,,,,124.01,301,3990,,화학,KOSDAQ
075970,1107.35,,,,33.78,,,,1.0,136.66,300,1630,,비철금속,KOSDAQ
139670,122.59,,,,9.25,,,,1.0,-310.41,296,2100,,소프트웨어,KOSDAQ
348030,396.85,,,,-89.23,,,,,-330.79,298,3100,,게임엔터테인먼트,KOSDAQ
088340,437.54,466.0,,,-67.75,-35.0,,,1.0,11.8,304,6970,,소프트웨어,KOSDAQ
365590,17.67,,,,-117.34,,,,,43.88,288,783,,반도체와반도체장비,KOSDAQ
462980,390.19,,,,33.3,,,,1.0,66.72,300,1644,,IT서비스,KOSDAQ
450520,389.58,,,,-48.55,,,,1.0,-64.93,299,2030,,소프트웨어,KOSDAQ
198940,2594.65,,,,13.34,,,,,1029.3,297,1492,,자동차부품,KOSDAQ
236810,923.1,,,,-65.01,,,,,-90.88,291,1717,,광고,KOSDAQ
089150,230.9,,,,40.35,,,,,113.69,302,1762,,컴퓨터와주변기기,KOSDAQ
318010,127.28,,,,-6.73,,,,0.9955,-357.57,296,3730,,건강관리업체및서비스,KOSDAQ
031310,1943.76,,,,33.78,,,,1.0,405.21,294,990,,통신장비,KOSDAQ
226330,34.29,,,,-107.65,,,,,-10.79,297,1226,,건강관리업체및서비스,KOSDAQ
019570,128.91,,,,33.13,,,,1.0,,292,3060,,창업투자,KOSDAQ
188260,153.54,,,,-43.74,,,,,-100.37,292,2100,,건강관리장비와용품,KOSDAQ
115480,482.23,,,,108.13,,,,1.0,162.02,297,2450,,건강관리장비와용품,KOSDAQ
016920,1610.74,,,,20.15,,,,1.0,516.41,291,1131,,전자장비와기기,KOSDAQ
900310,436.33,,,,2.32,,,,1.0,-1908.93,289,2255,,화장품,KOSDAQ
464580,338.41,,,,1.23,,,,,116.43,296,1610,,방송과엔터테인먼트,KOSDAQ
376980,381.74,,,,10.2,,,,1.0,-71.53,291,2975,,상업서비스와공급품,KOSDAQ
258790,257.22,,,,29.82,,,,1.0,173.87,302,6040,,소프트웨어,KOSDAQ
297570,429.13,,,,65.39,,,,1.0,321.77,290,4195,,전자제품,KOSDAQ
078590,643.75,,,,2.48,,,,,-125.05,291,2915,,자동차부품,KOSDAQ
367000,388.55,,,,-44.72,,,,,-58.58,291,3470,,IT서비스,KOSDAQ
043220,145.38,,,,-58.72,,,,1.0,48.45,282,1710,,기계,KOSDAQ
045300,409.17,,,,19.52,,,,0.9968,-39.53,293,2780,,반도체와반도체장비,KOSDAQ
336060,702.03,,,,19.92,,,,1.0,-201.69,293,3040,,IT서비스,KOSDAQ
096630,2786.88,,,,132.74,,,,1.0,198.87,292,1839,,핸드셋,KOSDAQ
038620,1126.36,,,,24.9,,,,0.9182,-467.76,289,1910,,운송인프라,KOSDAQ
368970,253.87,,,,-12.76,,,,0.8855,51.14,290,2580,,식품,KOSDAQ
119500,660.35,,,,23.65,,,,,-35.21,287,2425,,기계,KOSDAQ
288620,157.86,,,,-150.13,,,,,-107.76,298,4275,,전기제품,KOSDAQ
373170,256.2,,,,8.86,,,,,-183.37,287,1900,,IT서비스,KOSDAQ
008470,1207.61,,,,18.13,,,,1.0,-295.86,286,1700,,기계,KOSDAQ
239610,167.06,,,,-110.52,,,,,-241.58,285,5290,,건강관리업체및서비스,KOSDAQ
079000,141.26,,,,-43.16,,,,,-499.8,287,3980,,건축제품,KOSDAQ
148250,186.52,,,,-34.34,,,,,-63.06,285,2095,,통신장비,KOSDAQ
452160,149.02,,,,1.75,,,,1.0,219.43,287,2985,,반도체와반도체장비,KOSDAQ
066910,970.0,,,,-66.83,,,,1.0,231.18,289,1880,,레저용장비와제품,KOSDAQ
067010,733.47,912.1,,,-26.92,2.99,,,,-288.53,283,2600,,IT서비스,KOSDAQ
237820,402.27,,,,62.25,,,,1.0,-594.68,292,2275,,광고,KOSDAQ
109960,98.07,,,,-22.86,,,,1.0,-106.86,286,1888,,제약,KOSDAQ
351330,789.86,,,,-71.82,,,,,57.85,281,3395,,IT서비스,KOSDAQ
322780,329.0,,,,-70.94,,,,1.0,105.81,287,1915,,방송과엔터테인먼트,KOSDAQ
290560,139.97,,,,36.31,,,,,8.34,284,1268,,소프트웨어,KOSDAQ
406820,549.22,,,,-31.59,,,,,333.7,282,1998,,화장품,KOSDAQ
128540,1518.46,,,,-31.58,,,,1.0,-158.18,285,1068,,자동차부품,KOSDAQ
200350,146.18,,,,-30.07,,,,,-242.14,282,2820,,방송과엔터테인먼트,KOSDAQ
080530,765.31,,,,37.54,,,,1.0,-204.28,281,2535,,화장품,KOSDAQ
017000,2113.11,,,,86.0,,,,,192.86,281,2410,,건설,KOSDAQ
333050,299.54,,,,19.69,,,,,-170.61,280,5690,,IT서비스,KOSDAQ
048470,1191.64,,,,-11.66,,,,,-417.18,281,2910,,철강,KOSDAQ
070590,648.18,,,,10.47,,,,0.8862,-0.62,288,2075,,IT서비스,KOSDAQ
262840,435.64,,,,42.75,,,,0.9408,297.55,281,2660,,IT서비스,KOSDAQ
068100,176.92,,,,-17.32,,,,,-57.94,280,2345,,IT서비스,KOSDAQ
363260,443.59,,,,45.07,,,,0.9748,-185.06,277,4310,,광고,KOSDAQ
431190,166.4,,,,-35.06,,,,1.0,-98.56,277,3705,,IT서비스,KOSDAQ
364950,869.5,1100.0,,,28.19,45.0,,,1.0,14.57,278,3345,,전자장비와기기,KOSDAQ
290270,377.3,,,,48.02,,,,0.9794,-137.38,280,2915,,소프트웨어,KOSDAQ
053290,627.02,,,,10.69,,,,,-386.34,277,1675,,교육서비스,KOSDAQ
130500,876.24,,,,68.44,,,,0.8337,793.47,280,1926,,자동차부품,KOSDAQ
225220,94.04,,,,-86.42,,,,,-27.59,281,1465,,건강관리장비와용품,KOSDAQ
057680,363.66,,,,2.64,,,,0.9712,-42.47,278,1759,,IT서비스,KOSDAQ
038870,172.4,,,,-26.61,,,,1.0,151.1,279,1990,,에너지장비및서비스,KOSDAQ
215790,436.87,,,,-91.89,,,,,134.94,276,684,,통신장비,KOSDAQ
131220,811.18,,,,55.31,,,,0.6865,-28.22,272,3655,,생명과학도구및서비스,KOSDAQ
195500,1067.58,,,,24.86,,,,,106.53,274,1715,,식품,KOSDAQ
047080,378.86,,,,2.84,,,,0.9577,-108.15,274,1102,,게임엔터테인먼트,KOSDAQ
001810,2056.71,,,,17.78,,,,0.9919,450.15,276,1247,,종이와목재,KOSDAQ
073540,252.64,,,,9.2,,,,0.9446,-166.39,272,2390,,통신장비,KOSDAQ
069410,667.61,,,,21.62,,,,1.0,-237.43,272,2655,,IT서비스,KOSDAQ
007770,1244.1,,,,-119.95,,,,1.0,256.31,284,8100,,화학,KOSDAQ
021880,250.91,220.27,,,-100.98,-22.18,,,0.9681,,270,1274,,기타금융,KOSDAQ
114630,1018.26,,,,77.91,,,,1.0,-385.07,270,1564,,"섬유,의류,신발,호화품",KOSDAQ
105550,363.91,,,,-155.4,,,,1.0,298.38,269,1719,,자동차부품,KOSDAQ
032750,1483.23,,,,58.23,,,,1.0,-476.86,269,2975,,전자제품,KOSDAQ
101670,33.69,,,,-150.62,,,,,80.27,274,482,,전기제품,KOSDAQ
900070,1293.47,,,,83.04,,,,0.7446,-360.6,271,1007,,자동차부품,KOSDAQ
276730,138.93,,,,-49.01,,,,,240.81,261,1107,,음료,KOSDAQ
458350,351.52,,,,24.62,,,,1.0,-220.04,267,3070,,광고,KOSDAQ
038530,873.12,,,,15.22,,,,,-147.53,259,999,,IT서비스,KOSDAQ
013720,249.08,,,,7.62,,,,,-37.95,277,2275,,자동차부품,KOSDAQ
267790,591.93,,,,66.45,,,,1.0,-105.19,266,3465,,"섬유,의류,신발,호화품",KOSDAQ
054780,157.02,,,,-39.4,,,,,-35.05,267,1358,,방송과엔터테인먼트,KOSDAQ
096690,506.04,,,,-109.3,,,,,523.06,277,6890,,컴퓨터와주변기기,KOSDAQ
206400,47.75,,,,-53.61,,,,,-104.62,266,710,,건설,KOSDAQ
376180,308.73,,,,-7.04,,,,,-56.91,263,1415,,가정용기기와용품,KOSDAQ
069140,1176.35,,,,48.21,,,,0.2,411.46,264,1750,,건설,KOSDAQ
103840,1837.76,,,,46.66,,,,,711.36,263,1608,,식품,KOSDAQ
090150,1159.1,,,,68.75,,,,0.9643,94.78,255,6090,,자동차부품,KOSDAQ
0010F0,521.94,640.0,760.0,860.0,51.19,60.0,80.0,90.0,,307.5,266,2385,,화학,KOSDAQ
123840,481.64,,,,-133.78,,,,,-34.24,271,1741,,건강관리업체및서비스,KOSDAQ
377030,272.15,,,,-108.59,,,,,604.35,262,1835,,IT서비스,KOSDAQ
475660,220.99,,,,-20.3,,,,,-6.06,262,3300,,디스플레이장비및부품,KOSDAQ
138070,544.36,,,,-3.83,,,,1.0,43.5,267,1525,,기계,KOSDAQ
351870,664.75,,,,44.35,,,,0.4764,703.22,261,2340,,광고,KOSDAQ
054090,1363.43,,,,-19.74,,,,,351.01,262,1050,,전자장비와기기,KOSDAQ
146060,792.51,,,,50.8,,,,0.8889,438.55,262,1090,,자동차부품,KOSDAQ
038880,411.83,,,,-73.19,,,,,432.04,260,3460,,자동차부품,KOSDAQ
044780,541.9,,,,-3.87,,,,1.0,-47.61,256,1386,,기계,KOSDAQ
328380,636.74,,,,5.66,,,,1.0,-74.18,266,3885,,IT서비스,KOSDAQ
033050,898.03,,,,40.69,,,,1.0,-39.1,257,808,,가정용품,KOSDAQ
054940,1770.03,,,,25.05,,,,0.5462,196.82,254,3835,,반도체와반도체장비,KOSDAQ
238490,592.59,,,,-75.31,,,,,120.58,253,2240,,디스플레이장비및부품,KOSDAQ
134060,111.42,,,,8.83,,,,,-117.79,262,5500,,교육서비스,KOSDAQ
035200,252.31,,,,-4.44,,,,1.0,-144.5,262,2845,,건축제품,KOSDAQ
039740,1462.86,,,,4.2,,,,1.0,155.05,250,3120,,판매업체,KOSDAQ
058110,112.88,,,,-27.87,,,,,85.53,252,1570,,건강관리장비와용품,KOSDAQ
222980,963.1,,,,-11.05,,,,,115.87,250,2265,,식품,KOSDAQ
044480,253.1,,,,-8.34,,,,,18.52,246,3695,,방송과엔터테인먼트,KOSDAQ
083640,508.21,,,,16.95,,,,,-164.44,250,5440,,전자장비와기기,KOSDAQ
026910,568.88,,,,-42.52,,,,1.0,651.79,252,3180,,철강,KOSDAQ
016670,230.62,,,,40.55,,,,,-568.15,250,2450,,소프트웨어,KOSDAQ
415380,959.31,,,,28.29,,,,,-185.27,250,2185,,가구,KOSDAQ
076080,1666.93,,,,-181.3,,,,,181.35,255,1129,,건설,KOSDAQ
101680,305.72,,,,-75.27,,,,,66.65,247,2940,,기계,KOSDAQ
208350,389.28,,,,24.83,,,,1.0,-91.82,252,3105,,소프트웨어,KOSDAQ
193250,104.55,,,,-72.1,,,,,-71.03,275,2055,,핸드셋,KOSDAQ
177830,1325.4,,,,25.69,,,,1.0,539.59,249,2200,,디스플레이장비및부품,KOSDAQ
043200,287.85,,,,-27.34,,,,,230.65,247,1180,,에너지장비및서비스,KOSDAQ
016100,683.14,,,,-70.9,,,,1.0,296.08,248,1300,,포장재,KOSDAQ
051380,3730.08,,,,42.51,,,,,279.65,244,1593,,컴퓨터와주변기기,KOSDAQ
084440,336.84,,,,14.1,,,,1.0,-4.49,229,1196,,교육서비스,KOSDAQ
060230,619.25,,,,-82.5,,,,,609.44,245,1253,,전자장비와기기,KOSDAQ
148780,170.15,,,,-10.68,,,,1.0,-87.54,238,3780,,소프트웨어,KOSDAQ
027040,337.29,,,,-16.09,,,,,39.93,242,1740,,전자장비와기기,KOSDAQ
352940,339.53,,,,9.17,,,,,219.43,246,2260,,화학,KOSDAQ
290520,319.23,,,,18.08,,,,1.0,-279.41,243,1545,,디스플레이장비및부품,KOSDAQ
169330,561.61,588.94,,,-12.58,27.0,,,0.7442,-104.18,242,1320,,IT서비스,KOSDAQ
115530,536.17,,,,3.68,,,,1.0,92.91,240,2800,,에너지장비및서비스,KOSDAQ
123750,321.59,,,,2.27,,,,1.0,-71.55,239,1733,,레저용장비와제품,KOSDAQ
007720,1628.71,,,,13.97,,,,,-41.67,238,1180,,판매업체,KOSDAQ
187220,1258.34,,,,-5.97,,,,1.0,766.01,238,2065,,전자장비와기기,KOSDAQ
023770,346.58,,,,-46.82,,,,,-20.62,240,2685,,게임엔터테인먼트,KOSDAQ
257370,110.82,,,,-21.25,,,,,19.36,238,1900,,전기제품,KOSDAQ
052300,75.7,,,,-24.52,,,,0.4591,-1010.51,236,1451,,건축제품,KOSDAQ
039310,356.28,,,,-10.32,,,,,-308.57,241,1329,,소프트웨어,KOSDAQ
206560,554.17,,,,-65.06,,,,,221.3,239,941,,방송과엔터테인먼트,KOSDAQ
060380,1978.2,,,,18.13,,,,0.6963,370.86,249,1262,,철강,KOSDAQ
115160,3941.66,,,,-292.17,,,,,693.37,240,5580,,전자제품,KOSDAQ
131180,323.06,,,,8.03,,,,,-158.51,244,4150,,컴퓨터와주변기기,KOSDAQ
378800,2.28,,,,-158.39,,,,,-179.56,236,510,,제약,KOSDAQ
018700,642.23,,,,-29.97,,,,,-10.44,232,1388,,화장품,KOSDAQ
036480,259.89,,,,7.14,,,,,102.74,236,6200,,제약,KOSDAQ
368600,468.52,,,,-144.92,,,,,447.85,247,956,,전자장비와기기,KOSDAQ
083660,279.3,,,,-56.34,,,,,8.4,227,1600,,화장품,KOSDAQ
359090,649.82,,,,13.85,,,,1.0,3.19,236,2050,,제약,KOSDAQ
318000,239.21,,,,23.26,,,,1.0,-187.77,235,2690,,화학,KOSDAQ
188040,708.8,,,,8.3,,,,1.0,-36.16,232,4950,,식품,KOSDAQ
462510,71.87,,,,-118.44,,,,,38.12,232,2635,,건강관리장비와용품,KOSDAQ
017250,600.54,,,,39.88,,,,1.0,108.12,232,1100,,전자장비와기기,KOSDAQ
289220,367.26,,,,-189.97,,,,,-104.84,229,1025,,양방향미디어와서비스,KOSDAQ
013810,379.65,,,,-4.61,,,,,-118.32,231,1575,,기계,KOSDAQ
032860,509.2,,,,-17.2,,,,,-4.58,231,2860,,판매업체,KOSDAQ
154040,313.99,,,,17.12,,,,,179.47,228,1055,,전자제품,KOSDAQ
219750,320.31,,,,-28.52,,,,,101.81,229,1747,,건강관리장비와용품,KOSDAQ
215480,397.0,,,,0.04,,,,0.9798,-77.97,233,2165,,"섬유,의류,신발,호화품",KOSDAQ
303530,707.44,,,,-28.97,,,,1.0,-74.23,229,3115,,IT서비스,KOSDAQ
130740,794.04,,,,-32.61,,,,,-319.2,225,1998,,자동차부품,KOSDAQ
331520,378.34,,,,28.78,,,,1.0,-40.09,232,2370,,게임엔터테인먼트,KOSDAQ
298060,238.39,,,,-45.29,,,,1.0,-54.3,226,2345,,생물공학,KOSDAQ
033200,315.01,426.44,,,-31.58,-16.91,,,0.8235,-392.7,228,2475,,전자장비와기기,KOSDAQ
405920,821.09,,,,9.84,,,,1.0,389.1,228,1768,,음료,KOSDAQ
900110,705.4,,,,94.22,,,,0.9966,-3037.78,221,1201,,"섬유,의류,신발,호화품",KOSDAQ
032800,381.92,,,,-80.32,,,,,-79.75,226,1494,,방송과엔터테인먼트,KOSDAQ
377330,132.44,,,,-186.3,,,,,97.73,225,2765,,전기제품,KOSDAQ
085810,531.66,,,,31.81,,,,,27.54,226,1597,,건설,KOSDAQ
043360,213.06,,,,-7.67,,,,,-74.78,231,2565,,컴퓨터와주변기기,KOSDAQ
018680,521.49,,,,-12.79,,,,,-17.66,231,1985,,제약,KOSDAQ
065370,382.58,,,,7.86,,,,1.0,114.97,223,3025,,소프트웨어,KOSDAQ
317120,74.68,,,,-60.52,,,,,147.44,222,1458,,통신장비,KOSDAQ
115570,986.55,,,,65.67,,,,1.0,55.83,223,2790,,화학,KOSDAQ
464500,101.27,,,,-55.74,,,,,6.7,224,1598,,반도체와반도체장비,KOSDAQ
383930,477.47,,,,-57.42,,,,,404.22,224,1750,,생명과학도구및서비스,KOSDAQ
192390,751.48,,,,-39.35,,,,1.0,484.83,223,1863,,건축자재,KOSDAQ
053060,1894.4,,,,91.03,,,,1.0,136.28,222,1257,,자동차부품,KOSDAQ
032280,999.9,,,,21.29,,,,,267.87,223,1374,,항공화물운송과물류,KOSDAQ
398120,246.01,,,,14.67,,,,1.0,25.93,223,1880,,건강관리장비와용품,KOSDAQ
275630,130.49,,,,3.21,,,,1.0,-180.36,221,4210,,소프트웨어,KOSDAQ
095910,1024.4,,,,-186.68,,,,,417.46,222,609,,에너지장비및서비스,KOSDAQ
241840,117.9,,,,-72.78,,,,1.0,-4.41,226,2365,,방송과엔터테인먼트,KOSDAQ
060900,131.2,,,,-93.2,,,,,-17.07,221,3375,,에너지장비및서비스,KOSDAQ
440320,882.69,,,,-27.64,,,,0.8338,-4.69,222,2225,,디스플레이패널,KOSDAQ
032080,302.29,,,,4.59,,,,,-477.04,221,1030,,"섬유,의류,신발,호화품",KOSDAQ
342870,1032.61,,,,81.7,,,,1.0,398.13,216,3965,,가정용기기와용품,KOSDAQ
067730,485.41,,,,28.84,,,,,-119.3,217,2245,,IT서비스,KOSDAQ
237750,276.09,,,,0.2,,,,,330.68,220,3390,,전기장비,KOSDAQ
073570,106.54,,,,-44.82,,,,,-107.38,222,1846,,핸드셋,KOSDAQ
238200,196.79,,,,14.03,,,,1.0,26.08,217,2650,,건강관리업체및서비스,KOSDAQ
019660,129.48,,,,-48.3,,,,,68.71,214,1536,,판매업체,KOSDAQ
067770,118.97,,,,-2.07,,,,1.0,-352.19,208,2475,,디스플레이장비및부품,KOSDAQ
347770,633.83,,,,-61.14,,,,1.0,225.63,212,936,,디스플레이장비및부품,KOSDAQ
050090,74.47,,,,-35.74,,,,,-70.29,217,921,,광고,KOSDAQ
154030,278.06,,,,9.24,,,,1.0,105.35,214,1774,,생물공학,KOSDAQ
344860,82.13,,,,0.04,,,,,-68.5,220,1461,,화장품,KOSDAQ
065690,535.0,,,,-127.35,,,,1.0,-235.32,215,1791,,컴퓨터와주변기기,KOSDAQ
069330,496.91,,,,13.02,,,,1.0,57.57,211,1244,,디스플레이장비및부품,KOSDAQ
291810,57.72,,,,-32.33,,,,,-61.8,216,1899,,소프트웨어,KOSDAQ
063760,273.13,,,,23.03,,,,1.0,-172.68,213,2280,,디스플레이장비및부품,KOSDAQ
065060,1108.67,,,,-4.09,,,,,532.02,214,3580,,"섬유,의류,신발,호화품",KOSDAQ
432980,208.0,,,,2.97,,,,,-43.62,212,2465,,제약,KOSDAQ
389680,32.13,,,,-36.47,,,,,-69.04,208,2495,,IT서비스,KOSDAQ
191410,448.35,,,,-15.07,,,,1.0,162.42,207,1847,,디스플레이패널,KOSDAQ
277410,358.04,,,,23.06,,,,1.0,373.0,207,5380,,식품,KOSDAQ
362990,200.18,,,,-11.61,,,,1.0,-40.53,207,1231,,광고,KOSDAQ
227610,423.85,,,,-18.11,,,,,158.56,205,1060,,화장품,KOSDAQ
372800,780.54,,,,-53.95,,,,1.0,52.75,208,2950,,IT서비스,KOSDAQ
073190,200.95,,,,-30.2,,,,,73.69,194,1622,,가구,KOSDAQ
353590,591.12,,,,7.52,,,,,3.16,208,1619,,자동차부품,KOSDAQ
045520,860.98,,,,-9.65,,,,1.0,282.53,207,3180,,화학,KOSDAQ
080470,2435.22,,,,116.08,,,,0.7724,177.42,208,2845,,자동차부품,KOSDAQ
043590,213.53,,,,-21.01,,,,1.0,72.84,203,1495,,전기제품,KOSDAQ
037400,10652.17,,,,11.41,,,,0.2335,86.7,195,3725,,디스플레이장비및부품,KOSDAQ
424760,353.82,,,,8.77,,,,,-89.31,222,2210,,IT서비스,KOSDAQ
113810,803.57,,,,9.63,,,,0.996,-17.94,202,3090,,자동차부품,KOSDAQ
021040,2774.25,,,,23.71,,,,,739.84,203,935,,철강,KOSDAQ
050760,667.55,,,,-48.13,,,,1.0,192.49,203,1240,,화학,KOSDAQ
200230,431.62,,,,7.19,,,,0.9969,265.69,203,2140,,제약,KOSDAQ
023790,240.45,,,,-26.08,,,,,367.69,205,1565,,철강,KOSDAQ
054410,399.29,,,,13.88,,,,,253.23,200,3490,,비철금속,KOSDAQ
361670,109.76,,,,-16.98,,,,,-91.42,201,3550,,전자장비와기기,KOSDAQ
353190,990.11,,,,18.75,,,,1.0,131.64,202,2560,,건강관리업체및서비스,KOSDAQ
032680,548.15,,,,-2.44,,,,,-479.02,205,889,,IT서비스,KOSDAQ
014100,487.69,,,,-11.04,,,,1.0,162.13,199,1685,,화장품,KOSDAQ
031860,145.12,,,,-78.33,,,,,50.27,187,6930,,컴퓨터와주변기기,KOSDAQ
438700,30.97,,,,-84.91,,,,,37.36,201,1808,,소프트웨어,KOSDAQ
027580,501.05,,,,-89.08,,,,1.0,27.91,200,1690,,화학,KOSDAQ
247660,52.89,,,,-19.93,,,,,-64.57,201,3850,,화학,KOSDAQ
214610,108.85,,,,-99.35,,,,,0.37,192,2290,,건강관리장비와용품,KOSDAQ
429270,127.49,180.0,,,-75.86,-70.0,,,,66.21,200,3095,,반도체와반도체장비,KOSDAQ
098660,714.91,,,,-14.06,,,,1.0,359.5,201,1610,,"섬유,의류,신발,호화품",KOSDAQ
274400,142.52,,,,-19.89,,,,,129.74,198,2175,,소프트웨어,KOSDAQ
101000,394.47,,,,-46.21,,,,1.0,192.84,189,1904,,조선,KOSDAQ
018620,547.64,,,,3.19,,,,,150.51,197,2835,,제약,KOSDAQ
196700,431.75,,,,55.5,,,,1.0,87.02,195,1355,,화학,KOSDAQ
252500,376.45,,,,6.27,,,,,-189.36,187,2250,,화장품,KOSDAQ
900120,576.36,,,,97.36,,,,1.0,-462.5,173,1040,,제약,KOSDAQ
054220,448.11,,,,0.58,,,,1.0,69.07,200,1590,,IT서비스,KOSDAQ
403490,636.77,,,,-8.84,,,,1.0,420.75,194,2115,,식품,KOSDAQ
101400,343.68,,,,-50.55,,,,1.0,-145.56,192,1633,,반도체와반도체장비,KOSDAQ
024940,560.4,,,,15.67,,,,1.0,-238.65,197,1968,,가정용기기와용품,KOSDAQ
137940,1200.63,,,,-355.81,,,,,-263.02,193,1969,,화장품,KOSDAQ
455180,181.23,,,,-36.88,,,,1.0,478.52,199,1350,,전자장비와기기,KOSDAQ
079950,184.13,,,,-86.07,,,,,148.16,192,1395,,디스플레이장비및부품,KOSDAQ
048830,838.22,,,,10.13,,,,1.0,-105.3,191,1020,,화학,KOSDAQ
309930,459.81,,,,-87.69,,,,1.0,104.92,191,990,,가구,KOSDAQ
195990,319.23,,,,-92.82,,,,,74.67,193,1182,,기계,KOSDAQ
365900,468.99,,,,-14.83,,,,,258.91,190,2605,,레저용장비와제품,KOSDAQ
006050,601.99,,,,9.29,,,,,-88.54,187,5350,,건축제품,KOSDAQ
355390,104.84,,,,-133.66,,,,,-34.52,189,1191,,IT서비스,KOSDAQ
056730,475.01,,,,-112.69,,,,,-261.2,190,1282,,건설,KOSDAQ
115610,132.22,,,,-19.87,,,,,-55.32,189,1600,,핸드셋,KOSDAQ
110020,136.94,,,,-3.43,,,,,-62.84,183,2020,,가정용품,KOSDAQ
051780,566.51,,,,-0.09,,,,,399.8,194,2555,,식품,KOSDAQ
417180,173.0,,,,8.47,,,,1.0,-219.56,184,4265,,양방향미디어와서비스,KOSDAQ
009620,2856.56,,,,78.88,,,,,2101.66,152,870,,비철금속,KOSDAQ
096870,110.46,,,,3.06,,,,,-115.83,182,2175,,디스플레이장비및부품,KOSDAQ
088290,565.77,,,,15.75,,,,,5.41,180,2255,,자동차부품,KOSDAQ
020400,1018.17,,,,1.0,,,,,308.45,177,2910,,자동차부품,KOSDAQ
304840,28.51,,,,-83.77,,,,,761.89,136,561,,건강관리장비와용품,KOSDAQ
009730,919.95,,,,-138.9,,,,,394.56,172,2160,,비철금속,KOSDAQ
335870,419.56,,,,-27.96,,,,,-37.41,177,5290,,"섬유,의류,신발,호화품",KOSDAQ
244460,8.16,,,,-73.9,,,,,93.91,134,1651,,제약,KOSDAQ
002680,824.0,,,,29.24,,,,1.0,628.55,173,2670,,식품,KOSDAQ
373110,19.49,,,,-108.52,,,,,11.55,173,1002,,생물공학,KOSDAQ
279600,227.81,,,,-22.32,,,,,150.51,181,3865,,IT서비스,KOSDAQ
239340,155.84,,,,-55.78,,,,,-238.85,136,504,,증권,KOSDAQ
352770,20.08,,,,-77.6,,,,,36.57,136,5250,,생물공학,KOSDAQ
419540,171.0,,,,-10.96,,,,,-41.02,192,3215,,건강관리장비와용품,KOSDAQ
131100,1182.99,,,,33.51,,,,,-75.13,150,2320,,방송과엔터테인먼트,KOSDAQ
079190,441.5,,,,-27.38,,,,1.0,-30.44,164,1715,,핸드셋,KOSDAQ
210120,39.99,,,,-14.77,,,,,224.79,155,1601,,방송과엔터테인먼트,KOSDAQ
377220,721.62,,,,-186.03,,,,,347.01,170,2995,,건강관리업체및서비스,KOSDAQ
034940,593.11,,,,-65.98,,,,,245.85,171,2760,,제약,KOSDAQ
060480,362.86,,,,-2.1,,,,,-20.83,171,1542,,비철금속,KOSDAQ
069920,240.04,,,,-59.09,,,,,127.57,161,1118,,건설,KOSDAQ
405000,84.83,,,,-76.01,,,,,104.72,173,3215,,건강관리장비와용품,KOSDAQ
225590,1063.01,,,,83.63,,,,1.0,-95.1,166,3250,,"섬유,의류,신발,호화품",KOSDAQ
065650,761.87,,,,-42.81,,,,,141.24,171,1566,,컴퓨터와주변기기,KOSDAQ
065570,332.61,,,,-1.95,,,,,86.22,123,764,,조선,KOSDAQ
078860,122.28,,,,-80.23,,,,,74.87,164,2660,,방송과엔터테인먼트,KOSDAQ
030350,158.79,,,,-19.45,,,,,4.44,152,973,,게임엔터테인먼트,KOSDAQ
103230,488.04,,,,9.01,,,,,128.07,167,2320,,조선,KOSDAQ
083470,183.8,,,,-19.27,,,,1.0,-6.71,181,848,,디스플레이장비및부품,KOSDAQ
285800,324.23,,,,-26.56,,,,,221.81,165,4600,,화학,KOSDAQ
289010,915.87,,,,14.02,,,,,-99.18,158,1131,,교육서비스,KOSDAQ
054180,281.61,,,,-57.47,,,,,71.15,127,2295,,조선,KOSDAQ
177350,165.71,,,,-26.13,,,,1.0,-33.59,160,1616,,화학,KOSDAQ
306040,1634.14,,,,-158.63,,,,1.0,190.69,154,1653,,"섬유,의류,신발,호화품",KOSDAQ
106080,75.74,,,,-92.25,,,,,180.74,95,1650,,핸드셋,KOSDAQ
028080,4007.28,,,,-286.59,,,,,692.04,128,5070,,전자제품,KOSDAQ
079970,267.61,,,,7.43,,,,1.0,4.49,76,596,,소프트웨어,KOSDAQ
065420,208.52,,,,-28.95,,,,,46.02,73,940,,석유와가스,KOSDAQ
303030,363.8,,,,-85.53,,,,,-18.96,129,1413,,반도체와반도체장비,KOSDAQ
240600,286.8,,,,-77.84,,,,,51.38,128,1544,,전기제품,KOSDAQ
418620,16.55,,,,-112.46,,,,,28.81,142,715,,소프트웨어,KOSDAQ
043100,168.34,,,,-57.25,,,,,322.07,105,520,,건강관리장비와용품,KOSDAQ
092600,1025.59,,,,-174.87,,,,1.0,95.87,126,2505,,전자제품,KOSDAQ
354200,212.4,,,,-82.76,,,,,308.95,112,1258,,생명과학도구및서비스,KOSDAQ
142760,112.16,,,,-65.31,,,,0.9919,51.39,116,550,,제약,KOSDAQ
060260,434.8,,,,12.99,,,,,53.64,132,990,,건축제품,KOSDAQ
035620,116.04,,,,-22.76,,,,,310.3,125,673,,방송과엔터테인먼트,KOSDAQ
376930,51.22,,,,-200.79,,,,,-61.6,142,1388,,건강관리장비와용품,KOSDAQ
288980,231.7,,,,-59.33,,,,,489.22,99,273,,소프트웨어,KOSDAQ
065770,236.4,,,,-11.83,,,,1.0,-76.72,106,1004,,통신장비,KOSDAQ
131760,463.45,,,,-29.31,,,,1.0,272.31,112,1292,,디스플레이장비및부품,KOSDAQ
044180,277.87,,,,-42.67,,,,1.0,798.78,55,205,,건설,KOSDAQ
305090,128.43,,,,-91.71,,,,,165.95,101,538,,건강관리장비와용품,KOSDAQ
900100,63.41,,,,-83.57,,,,,32.52,103,1956,,"섬유,의류,신발,호화품",KOSDAQ
313760,74.81,,,,-48.72,,,,,224.59,52,468,,전기제품,KOSDAQ
03481K,22600.79,,,,418.41,,,,,7041.81,83,6050,,종이와목재,KOSDAQ
052770,57.04,,,,-49.26,,,,,10.48,45,312,,게임엔터테인먼트,KOSDAQ
058450,62.86,,,,-59.92,,,,,82.85,68,1257,,방송과엔터테인먼트,KOSDAQ
250930,378.76,,,,-8.13,,,,,281.02,102,1541,,디스플레이장비및부품,KOSDAQ
001000,35.91,,,,4.88,,,,,140.73,86,1772,,부동산,KOSDAQ
087260,349.43,,,,-8.96,,,,1.0,-80.17,80,247,,자동차부품,KOSDAQ
012340,827.99,,,,-72.28,,,,,210.78,93,423,,전기제품,KOSDAQ
276040,67.59,,,,-122.33,,,,,20.81,71,327,,소프트웨어,KOSDAQ
208640,60.19,,,,-78.76,,,,,-6.55,100,719,,게임엔터테인먼트,KOSDAQ
046070,2710.44,,,,4.02,,,,1.0,1706.44,42,300,,자동차부품,KOSDAQ
225430,159.9,,,,-29.23,,,,,185.32,45,698,,가정용품,KOSDAQ
308100,376.83,,,,-80.85,,,,,272.29,72,280,,"섬유,의류,신발,호화품",KOSDAQ
084180,927.74,,,,52.13,,,,,452.57,31,171,,출판,KOSDAQ
021045,2774.25,,,,23.71,,,,,739.84,21,2505,,철강,KOSDAQ
035290,90.2,,,,-18.78,,,,,10.39,23,492,,교육서비스,KOSDAQ
223310,188.96,,,,-74.77,,,,,171.57,170,3260,,식품과기본식료품소매,KOSDAQ
312610,137.08,,,,-95.21,,,,,114.77,29,144,,자동차부품,KOSDAQ
199730,231.48,,,,-62.77,,,,,69.11,59,1205,,생명과학도구및서비스,KOSDAQ
032685,548.15,,,,-2.44,,,,,-479.02,5,6700,,IT서비스,KOSDAQ
008290,169.35,,,,-71.99,,,,,-7.76,20,99,,"섬유,의류,신발,호화품",KOSDAQ
025870,700.37,,,,-15.55,,,,1.0,181.96,42,1059,,식품,KOSDAQ
