종목코드,매출액_2025,매출액_2026,매출액_2027,매출액_2028,영업이익_2025,영업이익_2026,영업이익_2027,영업이익_2028,지배비율,순차입금,시가총액,현재가,PER,업종,시장
000660,971466.75,3425440.29,5117898.52,5728245.81,472063.19,2633430.43,4019494.81,4312973.75,0.9981,-668447.84,12316101,1686000,28.7,반도체와반도체장비,KOSPI
402340,104555.53,290978.33,372068.33,381620.0,87974.21,497020.33,614544.17,626111.67,1.0,-13112.77,1397075,1059000,15.83,반도체와반도체장비,KOSPI
005930,3336059.38,7126841.71,9523886.48,10730297.5,436010.51,3703756.29,5552613.57,6081603.69,0.9879,-1675903.07,15375713,263000,34.74,반도체와반도체장비,KOSPI
005935,3336059.38,7126841.71,9523886.48,10730297.5,436010.51,3703756.29,5552613.57,6081603.69,0.9879,-1675903.07,1560612,194500,3.53,반도체와반도체장비,KOSPI
032830,371383.1,,,,25804.69,35887.11,73052.89,51979.22,1.0,,540000,270000,23.45,생명보험,KOSPI
028260,407422.41,456528.06,493817.5,516251.2,32927.47,37892.31,44032.56,47685.8,0.7149,-38038.9,518936,320000,21.28,복합기업,KOSPI
034020,170578.76,183938.88,205839.2,230433.53,7627.12,11291.25,16367.73,20768.6,0.6722,45793.89,491310,76700,579.63,기계,KOSPI
207940,45569.72,54278.57,62729.77,68937.67,20692.21,24521.07,28668.08,30906.42,1.0,-9473.01,564750,1220000,31.65,제약,KOSPI
000270,1141409.19,1253343.08,1295888.32,1354493.95,90781.48,98555.72,107034.0,117098.5,0.9993,-211997.07,417742,107000,5.52,자동차,KOSPI
034730,1227033.38,1494201.64,1466420.18,1525220.11,18184.76,123439.18,110295.18,125112.78,0.3945,496014.83,406740,561000,25.46,석유와가스,KOSPI
086790,689436.35,,,,53508.98,59316.0,61568.44,64533.41,0.9849,,337358,124500,8.43,은행,KOSPI
068270,41624.95,55613.89,64438.44,71798.53,11684.71,18614.39,22956.83,25890.59,0.9945,26085.71,416385,179000,40.44,제약,KOSPI
000810,247785.2,,,,26591.43,32565.38,39419.62,38107.08,0.9944,,272350,610000,13.49,손해보험,KOSPI
042700,5766.85,8196.0,11239.0,13148.0,2513.9,3822.0,5617.0,6843.0,1.0,-862.95,250671,263000,117.13,반도체와반도체장비,KOSPI
035420,120350.07,137682.67,158070.88,185000.9,22081.38,21298.17,25319.42,30323.52,0.9985,-37918.97,278637,183200,14.27,양방향미디어와서비스,KOSPI
003490,252255.42,286822.4,284742.7,290897.9,11135.89,8264.9,21965.2,24899.9,1.0,192096.56,112307,30500,14.4,항공사,KOSPI
267260,40794.98,46678.17,55118.67,64005.53,9953.13,12224.11,15439.5,18745.29,1.0,-8268.76,218806,607000,29.87,전기장비,KOSPI
010130,165878.51,238577.29,235024.57,241207.67,12319.27,22336.57,19862.29,21592.83,0.9991,60740.67,215409,1032000,27.79,비철금속,KOSPI
000150,197841.38,218669.42,252464.36,289670.67,10627.15,18054.5,25309.18,32375.67,0.5324,54570.67,215540,1331000,284.41,복합기업,KOSPI
051910,459321.67,559766.31,639702.54,710135.92,11809.0,14130.38,40102.62,56179.15,0.8157,307180.26,198717,281500,,화학,KOSPI
003550,72525.47,82189.18,91716.55,100533.0,9121.74,15643.36,19972.73,23142.1,0.8043,-25430.26,163892,108400,22.23,복합기업,KOSPI
017670,170992.13,176576.11,180299.47,186108.16,10732.15,19652.58,20835.95,22293.79,1.0,82031.19,180853,84200,44.28,무선통신서비스,KOSPI
003670,29386.98,31599.4,41812.67,55151.27,328.27,926.47,1834.8,2903.4,0.8939,35152.63,170154,191300,527.41,화학,KOSPI
010140,106500.11,127684.2,147023.6,160234.95,8622.11,13636.25,19585.1,23445.95,1.0,-1987.7,166320,18900,30.49,조선,KOSPI
278470,15273.45,30860.68,42474.64,52567.57,3655.21,7668.91,10748.41,13466.62,0.9987,-1952.48,138147,369000,47.69,화장품,KOSPI
086280,295664.09,332368.89,347466.06,362522.29,20730.08,21481.83,23819.11,25135.65,0.9985,-5446.09,137400,183200,7.93,항공화물운송과물류,KOSPI
267250,712594.38,850121.67,897564.0,956006.67,60996.36,132498.83,125525.5,135032.67,0.3631,7714.96,142819,180800,14.84,조선,KOSPI
105560,812307.08,,,,85177.11,94283.59,96027.29,99504.94,0.9906,,579560,163400,9.94,은행,KOSPI
079550,43069.36,51282.11,60949.78,71409.56,3194.42,4485.94,6237.39,8373.0,1.0,16723.11,136180,619000,53.75,우주항공과국방,KOSPI
011070,218966.03,250611.79,265142.26,278362.75,6650.07,11250.84,13798.74,16417.94,1.0,9425.44,135376,572000,39.67,전자장비와기기,KOSPI
030200,282441.61,273810.72,280173.22,286366.28,24691.33,21200.5,22636.61,23675.89,0.9332,95653.68,129287,51300,7.47,다각화된통신서비스,KOSPI
373220,236717.59,321615.78,411310.22,489110.88,13461.2,8710.44,38570.22,59246.82,0.7737,250840.51,943020,403000,,전기제품,KOSPI
005380,1862544.72,1913173.28,1997560.4,2100483.57,114678.51,110121.28,125334.84,136955.0,0.912,1025242.74,660249,324500,6.99,자동차,KOSPI
009150,113144.59,144319.79,185566.0,239148.12,9133.31,20461.42,40214.84,62301.0,0.9588,-2270.93,1164475,1559000,164.91,전자장비와기기,KOSPI
005830,230479.16,,,,23839.5,,,,0.7872,,121896,186100,6.82,손해보험,KOSPI
047810,36963.79,53433.26,67405.26,75896.89,2691.9,3454.68,5810.74,7423.68,0.9896,27887.67,118530,121600,63.76,우주항공과국방,KOSPI
329180,175806.33,247354.74,266140.84,285467.56,20375.1,40530.53,47390.63,55225.44,1.0,-49151.16,403576,384500,28.51,조선,KOSPI
009540,299332.15,348147.83,379485.92,408247.42,39044.9,61939.25,73845.83,84805.92,0.7985,-110945.45,206304,291500,9.51,조선,KOSPI
042660,127835.12,158658.55,152596.64,163523.76,11675.9,22551.32,24841.73,28243.24,0.9999,47157.9,220005,71800,17.66,조선,KOSPI
298040,59685.12,71542.53,85835.12,101880.88,7469.68,11182.82,15635.59,20579.63,0.9867,5156.8,234419,2514000,45.09,전기장비,KOSPI
443060,19827.01,23703.0,26345.64,30244.55,3501.41,4134.27,5238.64,6593.55,1.0,-5145.06,97737,218000,36.26,조선,KOSPI
021240,49635.66,56966.5,64071.25,71289.5,8786.52,10133.0,11836.0,12775.5,1.0,25247.31,70980,100300,11.49,가정용기기와용품,KOSPI
078930,251841.27,286612.8,281332.2,283044.0,29360.61,51915.0,36700.0,36994.0,0.8262,61654.03,97354,104800,12.19,석유와가스,KOSPI
071050,194661.43,461800.0,466500.0,468930.0,23453.29,39569.93,31564.6,33081.29,0.9878,,94177,169000,4.66,증권,KOSPI
011200,108914.43,130134.38,120075.15,116550.31,14612.02,17729.54,11797.92,9418.08,1.0,-65426.06,196665,20850,10.47,해운사,KOSPI
015760,974293.46,976053.36,989070.07,1006913.46,134905.57,77650.79,111501.07,133061.23,0.9581,1306591.75,186812,29100,2.19,전기유틸리티,KOSPI
062040,5019.46,6810.0,8815.2,11239.33,1786.34,2538.9,3388.1,4393.67,1.0,-2155.58,68027,222000,45.68,전기장비,KOSPI
000500,25456.98,33428.25,42643.67,50523.33,791.92,1449.5,2706.33,3940.0,1.0,4290.98,89184,299500,173.52,전기장비,KOSPI
272210,36641.51,45377.88,50775.29,57807.88,1198.99,2541.71,4536.12,5742.06,1.0,17248.57,144901,76700,59.82,우주항공과국방,KOSPI
000720,310629.12,269460.9,284996.71,305450.11,6530.06,8690.95,11399.43,13734.89,0.76,6231.61,118371,106300,31.72,건설,KOSPI
055550,646819.6,,,,70233.57,80000.35,84053.76,88266.44,0.9932,,469450,100000,9.44,은행,KOSPI
0126Z0,2516.9,18577.33,20855.0,22952.67,-636.41,2468.0,3099.67,2558.33,1.0,2467.96,85349,343000,100.04,제약,KOSPI
009830,133330.55,183131.25,196616.42,204317.42,-3647.59,8904.67,12961.08,14545.33,0.9842,128985.87,80287,35700,,에너지장비및서비스,KOSPI
000880,747854.4,916376.83,952499.33,1013182.17,41468.83,65523.33,75334.67,82104.83,0.2906,46978.59,58875,110400,15.81,복합기업,KOSPI
066570,892008.82,962253.25,1004337.88,1054924.62,24783.92,45048.69,49235.94,61087.08,0.8026,41258.6,327398,201000,34.08,전자제품,KOSPI
012330,611181.27,647153.67,689864.33,726609.33,33574.56,37627.75,41760.71,45306.43,0.9806,-89091.2,323354,360000,8.84,자동차부품,KOSPI
090430,42528.2,47461.21,52271.79,56789.06,3358.27,4900.42,5738.42,6541.94,0.9558,-8086.94,78322,133900,33.23,화장품,KOSPI
005490,690948.86,738557.05,765806.0,792488.82,18270.63,30623.63,37820.16,43550.35,0.8872,179179.05,242083,305500,36.81,철강,KOSPI
036570,15069.25,28139.44,31933.67,34310.8,160.78,5337.39,5808.28,6128.4,0.9699,-14930.01,48043,223000,13.86,게임엔터테인먼트,KOSPI
267270,37765.24,95016.17,104368.5,112961.0,1708.83,7826.0,9237.17,11354.17,1.0,9841.04,50870,107100,51.19,기계,KOSPI
066970,21549.39,35365.21,43227.71,51946.64,-1568.5,1937.36,2345.0,3178.93,1.0,14382.17,47033,115600,,전기제품,KOSPI
052690,5187.68,5770.4,7483.78,9257.56,354.53,628.7,959.56,1514.89,0.9851,-830.03,46093,120600,53.99,전기유틸리티,KOSPI
039490,171217.04,416349.0,395025.67,401472.33,14882.4,22644.29,18716.88,19820.88,1.0,,63473,242000,5.7,증권,KOSPI
032640,154517.45,153950.39,158116.56,161366.44,8921.31,11498.33,12363.61,13190.67,1.0,45084.03,61245,14430,11.69,무선통신서비스,KOSPI
010950,342469.57,431418.08,420603.08,395283.38,2356.31,45842.0,36207.54,30171.38,1.0,75316.31,190265,169000,107.52,석유와가스,KOSPI
012450,267029.01,323795.48,345877.52,371223.43,30893.2,46483.14,57035.0,63616.24,0.6461,67515.16,466133,904000,33.18,우주항공과국방,KOSPI
000990,13972.33,16400.0,18585.0,20130.0,2772.95,4165.0,5525.0,7010.0,0.9967,-9156.2,59384,136500,23.19,반도체와반도체장비,KOSPI
010060,33800.6,40987.29,45476.86,50174.86,-576.27,3453.57,5525.43,6516.0,0.8007,9586.85,43688,234000,,화학,KOSPI
259960,33265.54,48261.93,51768.13,55229.0,10543.81,14280.13,15420.53,16544.92,0.9929,-21242.54,85680,186600,11.66,게임엔터테인먼트,KOSPI
006260,318700.31,415638.56,443960.89,470585.25,10525.54,20508.78,23029.78,26635.75,0.6211,104616.6,83772,268500,30.93,전기장비,KOSPI
161390,212022.99,225544.12,237789.29,248351.13,18410.76,21900.94,24523.41,26250.6,0.951,35329.27,76431,61700,7.02,자동차부품,KOSPI
326030,7067.41,9783.44,11815.75,13789.27,2039.38,3506.63,4671.69,6034.07,1.0,-3330.46,56934,72700,21.33,제약,KOSPI
001440,36360.18,43973.86,46610.57,52846.71,1286.13,2293.14,2609.14,3375.71,0.9715,5639.37,55564,28350,65.97,전기장비,KOSPI
011790,18400.36,24877.0,29587.5,34605.0,-3050.25,-688.0,762.5,2495.0,0.8883,22288.37,53318,107500,,화학,KOSPI
316140,415483.95,,,,36748.08,43552.47,47302.65,50032.81,0.9649,,238719,32400,7.64,은행,KOSPI
241560,87918.88,93905.33,97048.67,100352.5,6861.32,8319.33,8516.67,9548.5,1.0,-3060.2,51475,53700,12.79,기계,KOSPI
051900,63554.9,64548.44,67110.13,69740.33,1706.89,3690.06,4365.88,4836.6,0.9662,-11373.38,39835,266000,,화장품,KOSPI
096770,802960.54,1058731.77,958393.62,946011.23,4486.84,98432.69,53918.54,48456.62,0.8602,261185.73,273020,161500,,석유와가스,KOSPI
047050,323736.04,352737.47,361198.13,371970.67,11653.16,14888.47,15721.27,16584.6,0.963,67614.96,99924,56800,16.27,무역회사와판매업체,KOSPI
307950,42520.67,48404.2,54972.27,64153.71,2553.02,2823.2,3512.07,4493.0,0.9755,-4619.81,99549,363000,54.55,IT서비스,KOSPI
138930,101525.1,,,,9026.81,9960.14,11080.86,11785.38,0.9651,,46854,15270,5.75,은행,KOSPI
088980,,,,,,3460.0,3570.0,3700.0,,,46743,9760,,운송인프라,KOSPI
128940,15475.31,17740.61,17944.72,19009.35,2577.99,3812.44,3142.5,3113.41,0.9166,90.87,61749,482000,36.42,제약,KOSPI
088350,274363.51,,,,11472.5,17329.5,17680.0,18712.0,0.7668,,44990,5180,7.02,생명보험,KOSPI
003230,23517.85,31364.57,37931.5,43372.5,5241.88,7302.14,8956.5,10609.1,1.0,424.07,87760,1165000,22.54,식품,KOSPI
192820,23987.58,30487.58,35943.84,40801.94,1957.92,2672.37,3334.47,3944.67,0.966,7500.21,34446,303500,27.99,화장품,KOSPI
006800,292830.28,612958.0,555412.67,581729.0,19151.04,46449.88,25735.69,27993.07,0.9644,,159648,29400,10.17,증권,KOSPI
082740,13710.57,15558.9,22582.4,25698.7,1300.66,2222.0,3870.8,4819.3,1.0,-1676.54,34338,41150,19.76,조선,KOSPI
005387,1862544.72,1913173.28,1997560.4,2100483.57,114678.51,110121.28,125334.84,136955.0,0.912,1025242.74,58408,170500,0.62,자동차,KOSPI
016360,148739.02,299385.0,281290.0,288540.0,13756.73,22701.29,20843.12,21848.31,0.9983,,76709,85900,7.62,증권,KOSPI
000100,21866.38,23488.0,25648.38,28660.44,1043.74,1291.13,2032.88,3020.5,1.0,-959.87,53960,73300,27.8,제약,KOSPI
035250,14767.27,14639.63,14730.13,15951.57,2353.11,2101.0,2030.38,2653.14,1.0,-29273.88,30422,14220,9.56,"호텔,레스토랑,레저",KOSPI
047040,80546.27,80752.3,90069.8,102067.17,-8154.31,8274.4,8209.3,9204.72,0.988,31023.76,68252,16610,,건설,KOSPI
035720,80991.48,83247.81,89485.1,96883.67,7320.37,10291.24,11766.33,13451.61,0.8912,-90183.57,143532,32400,29.2,양방향미디어와서비스,KOSPI
020150,6775.31,9002.43,13168.43,17311.14,-1452.26,-546.71,279.43,1151.43,0.8244,-375.89,29063,55500,,전자장비와기기,KOSPI
001040,450188.29,473012.0,490691.67,513980.0,25277.38,24559.7,27443.33,30620.43,0.4674,168752.98,37843,129700,26.4,복합기업,KOSPI
005385,1862544.72,1913173.28,1997560.4,2100483.57,114678.51,110121.28,125334.84,136955.0,0.912,1025242.74,38872,170200,0.41,자동차,KOSPI
007660,10880.25,16204.5,22720.9,27006.7,2047.25,3482.3,5291.6,6492.0,1.0,408.18,91762,125000,57.18,반도체와반도체장비,KOSPI
005940,136989.24,362679.33,339830.67,347040.67,14205.8,22910.47,20113.93,20934.23,0.9628,,92486,25050,8.97,증권,KOSPI
008930,13569.58,14791.0,,,1387.27,1783.0,,,1.0,856.68,35564,52000,30.04,제약,KOSPI
018260,139298.68,144272.0,151582.4,159056.64,9571.03,8208.13,10631.0,11754.43,0.9836,-57031.26,151738,196100,19.98,IT서비스,KOSPI
024110,292172.06,,,,36555.89,37387.57,40099.14,42048.23,0.99,,158688,19900,5.85,은행,KOSPI
251270,28350.74,29123.06,29720.39,30928.53,3524.78,3228.61,3695.94,3980.47,0.9741,1205.57,28024,33700,12.45,게임엔터테인먼트,KOSPI
036460,357273.36,371722.9,387206.1,379038.67,21011.51,25379.5,24033.5,24626.0,0.9964,330240.39,32956,35700,24.78,가스유틸리티,KOSPI
023530,137383.55,143131.77,147360.0,151106.58,5470.37,7938.38,8639.31,9370.08,0.9286,119784.62,27553,97400,53.44,백화점과일반상점,KOSPI
034220,258100.82,248423.57,253355.86,261397.86,5169.77,7369.29,11865.71,14419.57,0.9309,119989.1,40800,8160,18.03,디스플레이패널,KOSPI
450080,3925.06,,,,-653.69,,,,,6767.06,26697,37700,,전기제품,KOSPI
012750,28894.12,29506.25,31310.75,32895.0,2345.66,2060.75,2536.75,2694.0,0.9999,-1579.0,31881,83900,17.85,상업서비스와공급품,KOSPI
022100,10751.75,9993.0,11930.0,14487.0,603.89,404.0,735.0,1161.0,0.9898,-2469.25,31623,20800,60.72,IT서비스,KOSPI
111770,40635.84,45001.57,46813.86,49681.83,5144.39,6369.0,7059.14,7903.5,1.0,-7396.17,31373,70800,6.37,"섬유,의류,신발,호화품",KOSPI
352820,26498.7,48730.95,42579.29,45941.16,493.18,2840.9,4859.95,5358.42,0.9645,-7203.21,70695,164000,,방송과엔터테인먼트,KOSPI
029780,43828.54,47140.0,47733.33,49516.67,8536.95,7986.67,8145.0,8540.0,1.0,,47908,41350,7.42,카드,KOSPI
103590,20445.52,23688.5,24906.25,26184.75,1512.27,2552.5,2761.0,3066.5,0.9999,-439.49,39102,82000,37.64,전기장비,KOSPI
010120,49657.99,65459.89,80110.67,94932.47,4264.07,7208.72,10366.83,13701.35,1.0,8044.96,295800,197200,103.2,전기장비,KOSPI
028050,90287.69,106817.27,128983.27,141934.65,7920.79,9786.32,11890.18,13213.9,0.9728,-36619.52,93884,47900,15.2,건설,KOSPI
064400,61295.43,65701.69,71543.69,77913.17,5518.28,5829.77,6677.08,7368.17,0.9971,-10425.1,65592,67700,14.98,IT서비스,KOSPI
018670,76763.19,100881.25,94949.25,97460.25,4428.31,4569.5,5129.75,5222.75,0.8347,26026.17,24981,269500,10.62,가스유틸리티,KOSPI
064350,58390.32,67977.61,77175.0,88291.47,10056.41,10510.22,12800.39,15744.65,0.9964,-24542.29,114381,104800,14.86,우주항공과국방,KOSPI
336260,4547.95,5009.67,8336.17,9972.4,-1056.73,-743.0,443.33,751.2,0.9963,5482.62,28654,43750,,에너지장비및서비스,KOSPI
180640,2983.62,,,,-75.24,,,,0.9738,823.32,86657,129800,55.9,항공사,KOSPI
018880,108837.28,113059.2,117865.95,123287.5,2703.72,4304.4,4981.7,5551.67,0.9905,28264.69,41255,4020,,자동차부품,KOSPI
281820,3828.57,,,,599.66,,,,1.0,-2632.16,24392,123200,45.68,반도체와반도체장비,KOSPI
139130,80409.68,,,,5832.41,6249.08,6856.23,7250.25,0.9693,,27872,17600,6.28,은행,KOSPI
097950,273425.89,293024.85,305244.08,317461.8,12336.05,11957.23,13910.31,15188.6,0.7491,115284.69,27489,182600,,식품,KOSPI
017800,24673.78,26300.0,29100.0,31900.0,2092.22,2140.0,2190.0,2300.0,1.0,3217.22,27443,70200,10.47,기계,KOSPI
001450,181103.79,,,,12609.94,,,,0.9812,,39981,46900,3.92,손해보험,KOSPI
377300,9583.71,12876.33,14918.33,17535.83,503.67,1642.67,2056.83,2517.67,0.8744,-44393.61,51550,38100,113.95,IT서비스,KOSPI
009420,1551.85,1699.2,1925.0,2070.4,-9.16,56.8,120.8,79.0,0.7007,147.99,22829,43700,,제약,KOSPI
001720,24663.81,31713.66,,,1361.46,1958.39,,,0.9554,,22408,136300,20.63,증권,KOSPI
375500,74024.25,70173.7,71449.95,76994.94,3869.53,5643.7,5742.75,6468.06,0.9969,-10892.93,26312,68000,7.11,건설,KOSPI
323410,30862.91,,,,6493.71,7308.17,8807.75,9747.27,,,93134,19520,,은행,KOSPI
279570,13348.3,,,,1170.85,1164.0,1986.0,2838.0,,,21380,5270,,은행,KOSPI
204320,94548.13,98354.41,104264.05,109730.83,3571.21,4068.36,4699.91,5316.61,0.889,13563.97,20825,44350,20.82,자동차부품,KOSPI
454910,329.78,,,,-594.72,,,,,-1686.94,44920,69300,,기계,KOSPI
004170,69294.99,73057.59,76093.94,79585.94,4799.62,7876.53,8671.29,9357.94,0.8302,39443.1,28855,305500,207.04,백화점과일반상점,KOSPI
007340,36757.04,45957.0,48911.0,52148.5,5279.08,6949.5,7449.0,8137.0,0.8907,15626.15,28349,48450,10.07,자동차부품,KOSPI
353200,10652.95,16159.25,20284.5,23628.25,490.61,2774.83,4097.5,5121.67,0.9989,-2162.12,77881,157600,163.6,전자장비와기기,KOSPI
271560,33324.43,37678.14,40180.64,42183.5,5582.58,6386.29,6984.79,7427.0,0.9838,-12166.55,41149,104100,10.75,식품,KOSPI
085620,51884.29,,,,1945.12,2065.0,2393.0,2472.0,1.0,,27509,20350,21.04,생명보험,KOSPI
028670,54328.88,70219.36,70225.29,71681.14,4919.48,6901.93,7052.29,7152.64,1.0,41405.81,32555,6090,10.8,해운사,KOSPI
161890,27224.19,32116.45,36331.06,40018.74,2395.95,3489.08,4177.12,4755.32,0.7871,10641.17,32457,137500,25.95,화장품,KOSPI
089860,29187.52,30496.6,32314.5,34097.4,3125.03,3505.9,3833.0,4151.2,1.0,44991.09,18590,51200,14.57,도로와철도운송,KOSPI
004990,155396.27,158221.5,163400.0,169965.0,2394.39,3218.0,4064.0,4920.0,0.5465,76316.01,22973,23050,,복합기업,KOSPI
006400,132667.31,158867.53,196589.84,241507.39,-17223.61,4462.63,14950.32,26053.61,0.8498,106775.0,456920,567000,,전기제품,KOSPI
181710,25162.34,29807.0,33229.64,38176.78,1324.34,1986.73,2534.09,3333.33,0.7843,-4584.32,18040,55800,56.21,IT서비스,KOSPI
229640,9600.56,12500.22,13738.67,15196.67,667.78,846.44,949.0,1125.56,0.8836,967.59,22326,72900,53.08,전기장비,KOSPI
004020,227332.37,239327.68,249571.53,254537.56,2192.35,3375.95,6757.53,7800.22,0.8904,81868.27,37432,28050,,철강,KOSPI
026960,5328.79,,,,453.37,,,,0.9892,-7694.47,26221,26300,18.1,식품,KOSPI
439260,12281.28,13363.8,13931.8,15325.8,2941.03,3642.2,3819.0,4340.2,1.0,-6298.42,17064,44800,6.86,조선,KOSPI
011170,184830.05,208145.45,190391.09,193295.45,-9431.16,-791.36,643.0,3616.64,0.7973,77206.58,25280,59100,,화학,KOSPI
000240,14575.52,14411.0,15601.0,16860.0,4116.26,4211.0,4716.0,5340.0,1.0,-351.78,24873,26200,7.16,자동차부품,KOSPI
489790,17909.22,20334.0,23415.0,25948.67,1622.67,2034.0,2967.33,3731.0,1.0,1530.85,24613,48750,53.99,통신장비,KOSPI
081660,44686.46,47469.5,48445.17,49578.0,4747.81,6213.0,6225.33,6392.0,0.6591,13756.9,20308,38250,9.05,"섬유,의류,신발,호화품",KOSPI
001820,2944.92,3276.5,3984.5,4220.0,128.66,298.5,580.5,620.0,1.0,-881.47,16383,157600,130.72,전기제품,KOSPI
002790,46231.75,,,,3680.0,,,,0.4246,-16403.41,19535,25550,15.75,화장품,KOSPI
139480,289703.88,291198.17,303216.33,309316.7,3225.41,4109.58,5696.17,6137.5,0.8219,114500.08,19427,70400,14.26,백화점과일반상점,KOSPI
073240,47012.82,50891.0,53360.7,56037.75,5758.59,6186.9,6481.5,7343.75,0.9334,12484.08,19074,6640,5.49,자동차부품,KOSPI
023590,174950.04,,,,15592.84,,,,0.437,-482973.99,15800,36500,3.13,증권,KOSPI
031210,27587.2,,,,3757.02,,,,0.9999,,29500,42250,10.99,손해보험,KOSPI
006040,95836.74,101784.0,105709.67,110070.0,5161.34,5748.67,6005.33,6220.0,0.9461,21050.03,15471,35050,4.22,식품,KOSPI
302440,6513.68,7095.0,7788.33,8352.0,-1235.02,-1196.0,-620.33,-190.0,1.0,-2892.36,28911,36850,,제약,KOSPI
483650,5197.35,7568.05,9795.74,11961.44,1014.69,1664.79,2214.21,2773.11,0.9995,-1973.9,21672,173000,27.41,화장품,KOSPI
020560,72668.5,,,,-3451.9,,,,0.631,60195.1,16891,8200,,항공사,KOSPI
071970,4023.96,6013.57,7683.29,8787.86,759.12,1515.29,2085.71,2529.43,1.0,-4232.94,14518,42800,8.79,조선,KOSPI
120110,48733.99,53155.33,55417.5,57748.5,1088.96,2780.5,2985.83,3361.83,0.951,22920.57,16680,55700,43.57,화학,KOSPI
457190,4114.7,4273.0,4380.0,4818.0,16.15,267.0,312.0,525.0,1.0,1556.56,24326,80500,3159.22,화학,KOSPI
093370,4715.64,6908.0,7659.0,8951.0,253.5,765.0,1057.0,1230.0,0.8701,2632.79,16120,15030,303.46,화학,KOSPI
006360,124503.47,109450.32,118723.64,127717.16,4378.09,4115.14,5935.86,6957.42,0.8692,40469.93,27215,31800,29.1,건설,KOSPI
103140,50485.8,61653.47,65069.93,67975.14,2974.27,4298.53,3933.13,4306.29,1.0,10110.41,18468,65900,12.55,비철금속,KOSPI
097230,19997.05,26710.0,29510.0,,670.74,2180.0,3250.0,,1.0,2710.99,12867,14250,25.02,건설,KOSPI
002380,64838.19,68851.33,71830.0,74338.5,4276.15,4585.0,5192.17,5566.0,1.0,42230.96,39270,457000,2.55,건축자재,KOSPI
007070,119574.22,124917.67,129261.87,133341.64,2921.2,3600.53,3886.47,4106.64,1.0,19593.92,18017,21550,41.48,백화점과일반상점,KOSPI
069620,15708.91,16656.56,17606.56,19233.0,1967.82,2311.0,2420.33,2825.78,1.0,7665.99,12583,108600,6.42,제약,KOSPI
361610,2618.74,1634.25,2494.5,3977.75,-2463.64,-2308.5,-1015.75,-130.5,1.0,14498.73,15065,18420,,전기제품,KOSPI
000155,197841.38,218669.42,252464.36,289670.67,10627.15,18054.5,25309.18,32375.67,0.5324,54570.67,17345,434000,22.89,복합기업,KOSPI
003690,67044.02,,,,4709.39,,,,1.0,,25695,14540,7.98,손해보험,KOSPI
00680K,292830.28,612958.0,555412.67,581729.0,19151.04,46449.88,25735.69,27993.07,0.9644,,12473,9800,0.79,증권,KOSPI
007810,15097.25,17103.5,19450.5,20506.0,538.16,970.5,1594.0,1876.5,0.8916,1868.81,20889,87100,44.21,전자장비와기기,KOSPI
011780,69151.45,79878.08,78592.85,78517.08,2718.29,5428.62,4384.15,4698.77,0.9999,-853.11,28855,114700,9.92,화학,KOSPI
004800,24317.09,26120.0,26903.33,29156.67,3930.21,5440.0,5300.0,5786.67,0.8386,13984.24,24843,148400,7.53,복합기업,KOSPI
001430,36515.85,41193.83,44576.42,46597.45,984.12,1677.83,2298.33,2683.91,0.9923,12059.87,16712,46600,29.74,철강,KOSPI
012630,65847.98,65503.5,72451.0,78230.0,6488.68,9498.5,11268.0,12280.0,0.653,23786.06,14368,24050,4.77,건설,KOSPI
004370,35143.16,37549.57,39550.86,40848.7,1839.33,2325.31,2491.31,2637.1,0.9962,-10975.06,23996,394500,14.1,식품,KOSPI
011210,84815.61,90637.81,95602.69,100642.36,2044.13,2198.81,2672.19,2996.21,0.9548,-2845.84,13869,51000,14.01,자동차부품,KOSPI
000120,122846.52,132513.55,137548.64,143196.27,5080.81,4698.18,5340.18,5899.18,0.9451,38229.46,15923,69800,6.58,항공화물운송과물류,KOSPI
003160,4322.94,5912.4,7237.25,8563.67,365.08,1162.0,1446.5,1793.67,0.5649,359.69,11844,41850,232.42,반도체와반도체장비,KOSPI
001800,33931.26,39428.0,40128.0,42150.0,4877.29,6071.0,6291.0,6750.0,0.36,-12314.71,13565,22550,11.21,식품,KOSPI
069960,42303.21,43120.0,46415.24,48652.5,3779.48,4088.88,5019.76,5473.31,0.9891,13062.4,18438,85500,8.88,백화점과일반상점,KOSPI
009970,48950.1,,,,7354.75,,,,0.6063,-15021.19,21983,169700,5.98,"섬유,의류,신발,호화품",KOSPI
030610,45067.95,,,,1904.43,,,,1.0,,10975,9630,7.68,증권,KOSPI
004000,17526.83,21190.86,20897.71,21641.57,743.61,1631.29,1657.86,1807.71,1.0,-4418.46,10849,42050,10.23,화학,KOSPI
009155,113144.59,144319.79,185566.0,239148.12,9133.31,20461.42,40214.84,62301.0,0.9588,-2270.93,14971,515000,2.12,전자장비와기기,KOSPI
006280,19912.79,19881.08,21101.0,22768.77,691.5,725.62,980.77,1277.46,0.884,8941.9,14959,128000,,제약,KOSPI
294870,41470.07,38407.65,47679.24,48381.2,2486.14,5230.76,6995.59,6568.93,1.0,12767.84,14401,21850,9.11,건설,KOSPI
014680,8839.69,9864.83,11340.17,13477.8,1562.33,1805.17,2276.33,2956.0,0.9689,948.65,28766,266500,19.53,화학,KOSPI
000210,53267.21,55385.5,55391.5,56050.0,2985.46,6496.0,6105.0,6170.0,0.9294,45447.6,10101,48200,,화학,KOSPI
006120,101640.14,132060.0,128730.0,133240.0,3613.54,4420.0,5970.0,6710.0,0.8941,41141.98,12207,70100,9.44,석유와가스,KOSPI
298020,76948.44,87847.0,90427.17,95531.33,2515.03,5427.33,6025.0,6457.33,0.7788,22664.76,11988,277000,110.85,무역회사와판매업체,KOSPI
006340,6245.42,,,,93.51,,,,0.6795,162.83,9872,12590,112.49,전기장비,KOSPI
175330,46305.45,,,,9523.14,10318.17,11083.58,11698.0,0.9758,,51946,27850,7.31,은행,KOSPI
006110,2714.59,3936.2,4782.4,,-176.47,44.0,316.5,,1.0,2331.11,11464,75800,,비철금속,KOSPI
192400,9209.29,,,,1140.09,,,,1.0,-3466.13,9726,27350,6.68,가정용기기와용품,KOSPI
475150,3856.41,5591.2,1595.2,1658.0,529.98,654.8,841.4,832.5,1.0,3383.52,15739,46200,51.23,에너지장비및서비스,KOSPI
008770,40683.06,39970.58,41285.92,43638.7,135.13,1954.08,2379.33,2696.2,1.0,9742.49,15228,38800,,백화점과일반상점,KOSPI
195870,6533.97,8836.73,10253.91,11639.64,464.91,1032.0,1497.73,1816.82,1.0,1298.53,11152,65600,46.82,반도체와반도체장비,KOSPI
462870,2945.46,2136.38,2116.0,3327.88,1814.18,1065.5,1013.38,2058.0,1.0,-5410.08,17946,30550,9.37,게임엔터테인먼트,KOSPI
282330,90612.16,95097.33,99090.33,102877.92,2539.47,3058.6,3370.0,3640.54,0.9994,-4201.09,21709,125600,11.12,백화점과일반상점,KOSPI
185750,16924.04,18429.5,19068.0,19824.0,805.68,749.0,1114.5,1187.0,0.9971,1081.44,9027,65400,11.65,제약,KOSPI
003090,20683.7,,,,2617.94,,,,0.7681,7061.41,8965,15420,5.12,제약,KOSPI
071320,39981.87,39223.0,39382.33,38811.0,5296.24,5105.67,4246.0,4094.0,0.9941,37397.42,8927,77100,2.63,복합유틸리티,KOSPI
009450,15022.4,16926.0,18994.0,21342.0,1433.77,2679.0,2668.0,3145.0,0.9989,2040.46,8872,60900,9.89,가정용기기와용품,KOSPI
017960,9088.1,9571.25,10051.25,10803.0,1309.51,1832.25,1988.5,2195.0,1.0,-1635.39,9953,19260,9.78,조선,KOSPI
300720,14238.6,13854.5,14815.5,15530.0,1327.39,1343.0,1517.0,1723.5,1.0,4969.89,11878,16150,16.01,건축자재,KOSPI
003540,50638.9,,,,3014.02,5836.67,3716.67,3853.33,1.0,,11583,24300,6.21,증권,KOSPI
280360,42159.53,44728.5,46665.14,48356.64,1095.19,2145.43,2407.86,2657.09,1.0,11547.69,11174,121400,15.46,식품,KOSPI
009240,17445.38,16430.5,16925.63,17464.14,184.91,364.25,413.0,522.0,0.9995,1895.95,9531,40500,20.59,가구,KOSPI
079160,22753.69,24988.0,26474.0,28083.33,962.17,1060.4,1281.6,1410.0,1.0,20116.61,8378,5060,,방송과엔터테인먼트,KOSPI
077970,7893.42,9044.0,9892.0,13208.5,695.93,1003.5,1190.0,1826.0,1.0,2185.47,8351,20800,12.11,조선,KOSPI
034230,11498.67,12719.11,13808.0,14722.86,1558.16,1662.78,2036.78,2396.86,0.7501,6206.98,9078,9800,9.62,"호텔,레스토랑,레저",KOSPI
003470,34612.73,,,,993.79,,,,1.0,,8141,4225,8.51,증권,KOSPI
248070,17002.46,19450.0,20200.0,21250.0,465.0,750.0,990.0,900.0,1.0,3728.47,8177,17100,60.83,전자장비와기기,KOSPI
000080,24985.67,24551.17,24952.33,25185.5,1723.39,1939.33,2023.17,2083.75,1.0,7752.29,10345,14750,24.93,음료,KOSPI
415640,,,,,,560.0,620.0,660.0,,,12218,9970,,운송인프라,KOSPI
051600,15765.17,16274.82,16991.55,17621.45,1401.02,1724.82,1949.27,2072.09,1.0,-2782.69,19688,43750,15.85,전기유틸리티,KOSPI
137310,7105.81,,,,-809.45,,,,,-1229.65,7825,6480,,건강관리장비와용품,KOSPI
000815,247785.2,,,,26591.43,32565.38,39419.62,38107.08,0.9944,,11742,390500,0.58,손해보험,KOSPI
005300,39711.44,40962.58,42449.42,43835.11,1671.6,1986.75,2230.67,2398.11,0.9546,14544.81,8796,94800,18.63,음료,KOSPI
100090,9653.88,6457.63,7437.5,11730.33,595.09,573.88,614.25,1166.33,0.9968,1803.61,7516,12030,19.89,에너지장비및서비스,KOSPI
005850,52399.39,55715.75,60058.38,63304.0,4070.99,4454.38,4863.0,5542.14,0.9728,-7022.77,23224,50000,7.47,자동차부품,KOSPI
005070,4562.96,5792.0,8926.0,13130.0,23.78,212.0,608.0,1110.0,,888.66,15528,46750,,화학,KOSPI
003570,7120.22,8077.0,9147.0,10260.0,854.57,1121.0,1357.0,1544.0,1.0,-3243.33,9660,29050,15.69,자동차부품,KOSPI
000670,29089.74,,,,-2596.89,,,,,1866.54,7456,40500,,핸드셋,KOSPI
002960,3449.59,,,,527.81,,,,,-301.51,7085,545000,,화학,KOSPI
000400,32206.71,,,,647.36,,,,,,7122,2295,,손해보험,KOSPI
071055,194661.43,461800.0,466500.0,468930.0,23453.29,39569.93,31564.6,33081.29,0.9878,,8043,137300,0.4,증권,KOSPI
322000,4926.6,6959.0,8534.0,,412.23,1432.33,1665.0,,1.0,-1668.73,16408,146500,39.37,에너지장비및서비스,KOSPI
192080,7198.97,8373.3,8748.3,9166.0,2321.34,2828.8,3056.8,3193.63,0.8152,-10011.68,12069,57000,9.2,게임엔터테인먼트,KOSPI
093050,18824.3,,,,1681.11,,,,0.8414,4868.89,6915,23650,6.99,"섬유,의류,신발,호화품",KOSPI
005090,24606.88,25196.33,26166.0,25933.0,958.2,1609.67,1778.33,2483.0,0.8591,17399.96,6556,45500,,에너지장비및서비스,KOSPI
005880,12769.68,12430.4,12370.4,12258.2,2071.64,2559.0,2477.0,2474.6,1.0,10250.27,6552,2030,3.64,해운사,KOSPI
499790,4816.83,6214.2,6797.2,7225.8,780.23,1383.0,1601.8,1783.4,0.6627,6224.65,7377,37200,38.08,"호텔,레스토랑,레저",KOSPI
090460,17926.6,18845.0,21055.78,22360.13,539.78,916.33,1244.22,1443.0,0.8984,-30.67,7299,21650,23.52,전자장비와기기,KOSPI
014820,13728.74,,,,661.56,,,,0.999,2862.38,6407,22100,11.94,포장재,KOSPI
456040,20094.29,21592.67,21135.67,21676.67,4.4,1579.67,1798.0,1836.67,0.9577,5246.13,6365,71100,,화학,KOSPI
001570,1027.81,,,,-446.61,,,,,3021.11,6333,9900,,화학,KOSPI
066575,892008.82,962253.25,1004337.88,1054924.62,24783.92,45048.69,49235.94,61087.08,0.8026,41258.6,12353,71900,1.29,전자제품,KOSPI
005440,80916.05,84572.2,88164.0,91993.2,2740.74,3412.6,3760.4,4123.2,0.7582,-3765.19,23567,12850,5.72,복합기업,KOSPI
064960,10063.74,10356.67,11439.11,12192.25,1025.53,1044.78,1197.0,1361.0,1.0,-3583.6,6967,26250,10.01,자동차부품,KOSPI
005180,14895.87,15724.25,16387.5,16710.0,883.57,1636.75,1715.0,1640.0,1.0,-1441.02,7710,87200,13.88,식품,KOSPI
005690,1140.62,1605.0,2219.0,,343.04,572.0,817.0,,,-401.4,7651,12750,,화학,KOSPI
000640,14297.67,15779.0,17024.33,18512.33,977.73,1104.33,1193.0,1396.0,0.9871,4729.59,6288,93400,6.91,제약,KOSPI
030190,6021.47,6610.0,7243.0,7863.0,1043.89,1190.5,1306.5,1428.0,1.0,-1481.99,9690,16630,12.56,상업서비스와공급품,KOSPI
004490,21420.68,23967.0,29980.0,,1537.64,1732.0,2060.0,,1.0,-3132.96,8746,63100,6.2,자동차부품,KOSPI
004710,12524.25,,,,204.16,,,,0.2898,2338.93,6233,11750,,전자장비와기기,KOSPI
000370,74497.36,,,,4295.93,,,,1.0,,8464,7250,2.83,손해보험,KOSPI
001060,7752.98,,,,944.61,,,,1.0,-303.34,6113,26250,9.94,제약,KOSPI
336370,6160.83,5556.0,6899.5,10082.5,-733.36,-753.5,287.5,760.5,0.707,8392.07,6066,8640,,전자장비와기기,KOSPI
214320,21460.41,21601.44,22485.33,23350.25,1628.0,1836.22,1940.89,2072.88,0.875,-5212.93,7132,17830,7.77,광고,KOSPI
178920,2634.21,2924.0,3285.5,3679.0,430.39,682.5,754.0,845.0,,-200.79,6064,20650,,화학,KOSPI
001740,67451.27,68913.5,70640.75,72342.5,862.93,1077.75,1333.5,1466.25,0.9808,14693.46,12276,6120,24.64,복합기업,KOSPI
033240,8489.2,10056.0,10064.0,10680.0,419.97,921.0,923.0,970.0,1.0,821.61,5769,26700,12.24,통신장비,KOSPI
002350,31896.1,34794.2,36191.4,37918.08,1702.97,1745.0,2099.07,2355.62,0.9967,12956.47,5635,5770,3.74,자동차부품,KOSPI
051915,459321.67,559766.31,639702.54,710135.92,11809.0,14130.38,40102.62,56179.15,0.8157,307180.26,9580,124700,,화학,KOSPI
079900,1906.61,1941.0,2146.67,2340.33,287.19,276.0,340.33,394.33,1.0,-325.12,5545,38000,17.58,기계,KOSPI
003850,10174.27,,,,650.67,,,,1.0,2538.32,7352,8570,11.43,제약,KOSPI
003530,30945.78,,,,1477.01,,,,1.0,,9365,4365,9.18,증권,KOSPI
025540,14428.5,15003.0,15888.0,16785.0,1392.53,1102.0,1371.0,1533.0,1.0,-1336.32,5513,54500,5.2,자동차부품,KOSPI
161000,14523.35,,,,-101.93,,,,0.4668,5107.06,5439,11180,,화학,KOSPI
030000,45468.95,44559.08,46900.17,48918.9,3368.9,3016.58,3330.17,3533.1,0.9947,-5074.79,21651,18820,10.43,광고,KOSPI
192650,12306.21,11196.0,14022.0,17018.0,313.73,204.0,537.0,760.0,0.7273,827.86,5950,9030,6467.39,핸드셋,KOSPI
003240,18274.4,,,,-360.15,,,,0.9721,-13030.56,10176,914000,12.59,화학,KOSPI
00088K,747854.4,916376.83,952499.33,1013182.17,41468.83,65523.33,75334.67,82104.83,0.2906,46978.59,5357,36500,1.44,복합기업,KOSPI
112610,29316.49,28367.64,32404.55,33191.63,3203.23,3035.36,3365.27,2642.75,0.9777,7948.04,23363,55400,67.33,에너지장비및서비스,KOSPI
075580,4026.86,4151.0,4651.0,5051.0,733.89,827.0,940.0,1059.0,0.8085,1544.16,5293,9310,10.44,조선,KOSPI
268280,5321.23,,,,654.82,,,,1.0,-248.65,6300,126000,10.28,화학,KOSPI
002840,4411.38,,,,436.08,,,,1.0,-119.71,6282,139600,14.43,화학,KOSPI
009410,21744.84,,,,527.89,,,,0.666,9516.19,5201,1628,8.15,건설,KOSPI
484870,4033.49,4126.0,5013.0,5969.0,560.65,571.0,733.0,948.0,,-463.96,5116,18630,,우주항공과국방,KOSPI
001270,9654.64,,,,567.77,,,,0.9998,,5112,49300,11.2,증권,KOSPI
058650,66110.86,74867.0,78205.0,80300.5,1754.67,3210.0,3962.0,4074.0,0.8423,20358.81,5110,126000,7.91,철강,KOSPI
007310,36745.45,,,,1772.51,,,,0.9595,2748.22,12484,311500,18.04,식품,KOSPI
005810,4325.3,5635.0,5670.0,5815.0,668.01,1387.5,1183.0,1220.0,0.9995,526.02,5068,35150,6.81,비철금속,KOSPI
069260,11276.91,13155.5,14230.0,15730.0,656.15,890.0,960.0,1060.0,1.0,-2409.45,6418,15700,10.71,화학,KOSPI
284740,11213.43,,,,1693.63,,,,0.8898,-655.68,5497,24500,4.6,가정용기기와용품,KOSPI
00104K,450188.29,473012.0,490691.67,513980.0,25277.38,24559.7,27443.33,30620.43,0.4674,168752.98,5406,127900,3.77,복합기업,KOSPI
003545,50638.9,,,,3014.02,5836.67,3716.67,3853.33,1.0,,4818,19760,2.58,증권,KOSPI
003620,43036.37,50812.0,56942.0,59231.0,361.56,361.0,853.0,1079.0,0.9076,7372.5,5282,2610,11.34,자동차,KOSPI
377740,1183.24,,,,167.06,,,,1.0,-3649.99,4717,4630,,건강관리장비와용품,KOSPI
019170,2346.81,,,,142.55,,,,1.0,-190.16,5184,9890,58.74,제약,KOSPI
001530,6013.52,7106.0,7850.0,9156.0,-15.45,121.0,215.0,349.0,1.0,3868.49,5583,26950,,"섬유,의류,신발,호화품",KOSPI
008060,13849.9,,,,113.13,,,,0.5689,-3721.99,5147,16450,145.31,전자장비와기기,KOSPI
001510,14046.72,,,,77.86,,,,1.0,,5135,2220,17.82,증권,KOSPI
460860,32034.31,37768.33,39734.0,41151.67,593.8,1174.67,1441.67,1585.0,,13551.47,4653,9380,,철강,KOSPI
383800,1903.59,1580.0,1685.0,1775.0,1333.98,1840.0,1935.0,2075.0,1.0,2009.41,6141,8050,4.53,무역회사와판매업체,KOSPI
016380,31934.44,34029.67,35459.67,36884.67,1507.47,1353.33,1605.33,1685.67,1.0,2314.2,5530,5530,4.09,철강,KOSPI
001680,44013.05,44434.0,45805.0,,1692.82,1919.0,2028.0,,0.9844,10797.32,6084,17560,,식품,KOSPI
452260,5751.66,,,,94.14,,,,1.0,5115.03,4963,2560,149.8,백화점과일반상점,KOSPI
005250,24514.76,,,,362.27,,,,,15833.53,4566,9710,,제약,KOSPI
005420,6641.55,,,,-159.86,,,,,3543.74,4459,11610,,화학,KOSPI
249420,5669.34,,,,194.77,,,,1.0,816.88,4436,14020,16.04,제약,KOSPI
285130,23651.64,29278.5,31620.0,33405.0,-2.07,587.0,1592.0,2230.0,1.0,4854.61,8857,51200,19.84,화학,KOSPI
009900,16191.55,,,,1025.92,,,,1.0,-545.5,4434,8450,6.49,자동차부품,KOSPI
002240,18091.83,,,,407.23,,,,1.0,-278.45,4433,16420,46.12,철강,KOSPI
145990,25625.0,,,,1117.25,,,,0.8903,6948.15,4677,45350,,식품,KOSPI
010780,12343.56,10917.5,14041.75,19599.25,681.23,1560.5,1701.0,3059.25,0.9452,9568.09,4361,14670,,건설,KOSPI
034310,32425.6,,,,1980.97,,,,0.4916,5008.22,4268,11610,11.34,IT서비스,KOSPI
039130,5869.03,5802.25,6378.25,6763.0,576.27,467.5,627.5,698.25,0.7736,-1279.94,4608,29750,14.45,"호텔,레스토랑,레저",KOSPI
003030,37595.75,44341.0,49231.5,53827.5,2058.26,823.0,3034.0,3620.0,0.9453,20507.16,4266,103000,6.74,철강,KOSPI
020000,14917.64,16035.86,16950.43,17835.0,521.79,919.86,1089.29,1247.71,1.0,-387.48,4575,21300,9.89,"섬유,의류,신발,호화품",KOSPI
016610,19219.88,,,,1166.98,,,,0.8528,,4168,9820,5.12,증권,KOSPI
014830,13387.58,16063.17,17101.33,17706.33,879.09,940.5,1124.67,1196.17,1.0,1189.13,4121,60900,6.31,화학,KOSPI
002990,20184.88,20763.0,23502.0,26418.0,470.84,709.0,1068.0,1246.0,1.0,14.34,4110,11030,6.43,건설,KOSPI
072710,8588.16,,,,811.17,,,,1.0,1696.01,4091,88200,3.57,식품,KOSPI
003000,2007.14,,,,141.64,,,,1.0,-884.29,4016,4070,31.98,제약,KOSPI
011930,5674.54,7600.0,8503.0,9693.0,12.81,195.0,276.0,501.0,0.8537,1935.6,3998,19690,,반도체와반도체장비,KOSPI
002030,18844.65,,,,1110.3,,,,0.6036,4845.88,4313,209500,13.94,건축자재,KOSPI
002810,4468.68,,,,127.62,,,,0.9555,-3143.9,3970,21500,6.77,화학,KOSPI
004690,52754.61,54361.0,54856.0,55876.0,1596.31,1835.0,1786.0,1858.0,0.8709,750.99,4628,127600,4.15,가스유틸리티,KOSPI
298050,32830.45,35828.0,36612.0,37609.0,1574.33,2324.5,2749.25,2952.0,0.7612,26151.51,7262,162100,,화학,KOSPI
008730,4853.83,,,,85.14,,,,1.0,2884.98,3849,15520,92.41,포장재,KOSPI
001200,16940.75,,,,844.41,,,,1.0,,3846,3970,5.96,증권,KOSPI
317400,13875.96,15188.4,20344.5,25507.33,125.06,550.0,1011.25,1403.0,0.7643,-1450.69,3832,9880,10.75,건설,KOSPI
006650,33478.22,34288.6,36427.2,36916.0,526.69,1199.0,1995.4,2342.2,0.6913,758.41,5785,89000,18.24,화학,KOSPI
003280,1808.13,,,,112.76,,,,1.0,150.96,4445,1849,14.53,해운사,KOSPI
130660,3945.48,,,,65.75,,,,1.0,63.51,3821,11720,94.11,전기유틸리티,KOSPI
217590,3408.85,,,,64.29,,,,1.0,303.51,4395,18240,,조선,KOSPI
001500,18204.93,,,,722.52,,,,1.0,,4662,7540,8.07,증권,KOSPI
003350,1846.28,2583.0,2967.0,,328.84,491.0,593.0,,,-575.54,3660,16150,,화장품,KOSPI
002710,6115.14,,,,-109.09,,,,0.9969,2084.53,3652,13930,,철강,KOSPI
016590,6395.29,,,,222.41,,,,1.0,-1048.58,3615,8970,15.86,포장재,KOSPI
108320,16390.71,16356.0,16587.0,17090.0,1088.56,781.0,770.0,950.0,1.0,-4406.46,6115,37600,7.4,디스플레이장비및부품,KOSPI
001120,167063.1,189547.83,188437.67,191053.0,2921.93,4845.67,4965.83,4989.83,0.8784,18965.43,16764,43250,11.82,무역회사와판매업체,KOSPI
005389,1862544.72,1913173.28,1997560.4,2100483.57,114678.51,110121.28,125334.84,136955.0,0.912,1025242.74,3875,166900,0.04,자동차,KOSPI
012030,6434.64,,,,415.99,,,,0.9943,3166.59,4547,2260,9.25,IT서비스,KOSPI
089590,15799.41,19927.0,19788.33,20193.67,-1116.6,257.0,1274.0,1533.0,0.9955,11477.37,3605,4470,,항공사,KOSPI
031430,11099.69,12780.33,13616.4,14316.67,-114.97,551.5,757.6,830.0,1.0,2720.61,3859,11030,90.27,"섬유,의류,신발,호화품",KOSPI
114090,4229.47,4660.0,4915.13,5072.83,526.44,674.5,764.75,855.67,0.9985,-3786.15,5344,8640,11.35,"호텔,레스토랑,레저",KOSPI
090435,42528.2,47461.21,52271.79,56789.06,3358.27,4900.42,5738.42,6541.94,0.9558,-8086.94,4133,39150,1.75,화장품,KOSPI
032350,6534.48,7733.55,8549.09,9503.44,1433.28,1903.18,2247.45,2635.33,1.0,11891.68,8826,11070,31.79,"호텔,레스토랑,레저",KOSPI
015360,13275.99,,,,1117.15,,,,1.0,2038.45,3817,14540,4.4,가스유틸리티,KOSPI
005610,33704.81,34341.0,35868.0,38254.5,387.39,120.5,570.0,938.0,1.0,3036.29,3503,40600,24.96,식품,KOSPI
344820,19006.06,19835.0,20731.0,21878.0,-752.07,4.0,510.0,732.0,1.0,3428.08,3761,23550,,건축자재,KOSPI
126560,2645.15,,,,63.09,,,,1.0,-3232.02,3691,3380,49.02,화장품,KOSPI
017900,1326.85,,,,12.05,,,,1.0,-913.17,6183,10670,145.24,전자장비와기기,KOSPI
036530,22356.94,,,,3006.56,,,,0.5914,-10191.21,7418,45500,5.71,자동차부품,KOSPI
092790,5509.92,,,,399.42,,,,1.0,693.01,3469,13340,9.62,철강,KOSPI
006405,132667.31,158867.53,196589.84,241507.39,-17223.61,4462.63,14950.32,26053.61,0.8498,106775.0,3608,223000,,전기제품,KOSPI
001940,8252.61,9220.0,9350.0,9990.0,-707.47,-170.0,260.0,340.0,1.0,-7896.36,3601,25400,,철강,KOSPI
170900,8087.8,8771.0,9965.0,11215.0,6.23,369.0,434.0,463.0,1.0,2744.76,3400,34950,,제약,KOSPI
0120G0,285.94,,,,26.91,,,,,-194.85,3536,47550,,건강관리장비와용품,KOSPI
017810,33801.89,35677.0,37527.0,,931.73,1081.0,1216.0,,0.8843,10639.49,3320,8710,18.35,식품,KOSPI
306200,14847.97,18667.5,19906.33,20521.0,496.01,1136.67,1326.33,1480.4,1.0,2511.76,4059,143100,13.53,철강,KOSPI
194370,12882.33,16597.0,18344.0,,1405.12,1767.0,1886.0,,0.8927,7780.91,3494,12040,4.56,"섬유,의류,신발,호화품",KOSPI
097520,12792.37,11865.0,13451.0,14377.0,520.15,250.0,386.0,424.0,1.0,79.46,3306,19000,6.41,핸드셋,KOSPI
317450,2872.54,,,,924.98,,,,1.0,-4466.9,6212,42550,7.63,제약,KOSPI
000070,33482.87,,,,1087.66,,,,0.3159,11119.41,4394,56600,,화학,KOSPI
027410,4694.68,4740.0,4840.0,4940.0,611.74,590.0,650.0,700.0,1.0,-422.26,3637,3800,6.15,화학,KOSPI
029460,7973.44,9368.0,10687.0,11756.0,464.63,756.0,973.0,1176.0,0.8698,-2101.88,5108,46350,11.64,반도체와반도체장비,KOSPI
145720,3464.52,3734.0,4275.0,4902.67,641.11,713.0,821.33,1019.33,1.0,2245.04,3462,40150,21.1,건강관리장비와용품,KOSPI
100840,6061.2,4654.5,4450.0,5100.0,1113.14,936.5,760.0,990.0,1.0,-836.28,6324,32000,7.5,에너지장비및서비스,KOSPI
104700,4866.05,5490.0,5520.0,5900.0,-386.99,-160.0,160.0,210.0,,-3323.8,3423,9390,,철강,KOSPI
026890,912.18,,,,171.84,,,,1.0,,3152,8130,20.95,창업투자,KOSPI
009290,16595.12,,,,310.46,,,,0.9831,1232.25,3406,6840,16.24,제약,KOSPI
001230,19852.65,,,,394.57,,,,0.7758,1121.2,3126,2010,19.45,철강,KOSPI
010955,342469.57,431418.08,420603.08,395283.38,2356.31,45842.0,36207.54,30171.38,1.0,75316.31,3547,88200,2.0,석유와가스,KOSPI
009160,11790.41,,,,459.56,,,,0.9209,2911.42,3112,4760,15.12,비철금속,KOSPI
017940,103925.23,154098.0,154079.0,150674.0,3240.63,1651.0,4487.0,4531.0,0.882,-6912.07,6263,91300,5.98,가스유틸리티,KOSPI
007690,13955.56,19038.0,18911.0,19023.0,531.7,1133.0,1185.0,1350.0,0.9956,4401.52,3514,37950,16.12,화학,KOSPI
015860,22827.24,,,,1455.91,,,,0.3927,-5626.04,3489,7070,9.92,전기장비,KOSPI
453340,23296.23,25087.5,26724.0,28165.0,1067.95,1372.5,1498.5,1630.0,0.9947,-1200.06,6205,19110,7.12,식품,KOSPI
005430,6631.93,7050.0,,,470.15,635.0,,,1.0,-617.87,3021,95400,7.45,운송인프라,KOSPI
272450,13810.81,15677.0,16058.67,16439.67,-191.58,-308.33,961.33,1364.33,,266.44,3012,5770,,항공사,KOSPI
403550,4707.03,5080.0,5373.0,5570.0,232.49,294.0,353.0,405.0,1.0,2788.21,4219,11120,,도로와철도운송,KOSPI
005950,16594.77,,,,68.84,,,,,2848.65,2969,11290,,화학,KOSPI
003120,642.92,,,,-61.61,,,,,-2118.44,2966,22300,,제약,KOSPI
025860,16044.21,,,,431.29,,,,1.0,2097.05,2946,5930,10.11,화학,KOSPI
002020,58861.33,,,,605.01,,,,1.0,23440.16,2924,22650,,복합기업,KOSPI
02826K,407422.41,456528.06,493817.5,516251.2,32927.47,37892.31,44032.56,47685.8,0.7149,-38038.9,3075,209500,0.13,복합기업,KOSPI
005945,136989.24,362679.33,339830.67,347040.67,14205.8,22910.47,20113.93,20934.23,0.9628,,4029,21350,0.39,증권,KOSPI
096760,9695.65,,,,1678.99,,,,0.5066,2581.64,3053,4130,5.22,제약,KOSPI
004700,978.8,,,,87.9,,,,,-520.6,4362,65600,,"섬유,의류,신발,호화품",KOSPI
033270,2887.65,,,,495.85,,,,,-1636.96,2838,17840,,제약,KOSPI
084010,12470.59,14273.33,15110.0,15643.33,-28.73,276.67,286.67,330.0,0.8717,-2726.36,3004,8740,20.44,철강,KOSPI
034830,1843.6,2254.25,2409.0,2815.0,-208.8,249.8,422.5,505.0,0.9993,,2820,1117,13.45,부동산,KOSPI
010820,2948.42,,,,106.63,,,,,-963.77,2819,5780,,우주항공과국방,KOSPI
011760,75542.86,96652.5,94450.0,93896.75,1401.31,2058.0,1965.25,2013.75,0.9992,8648.6,3162,23900,3.64,무역회사와판매업체,KOSPI
044450,5613.95,,,,1103.33,,,,1.0,12107.05,2800,12400,7.66,해운사,KOSPI
000650,455.5,,,,-59.41,,,,,173.73,3159,221000,,도로와철도운송,KOSPI
183190,10227.9,10701.33,11606.67,12226.0,771.34,739.0,1162.67,1425.33,0.9817,5963.24,3580,9950,21.19,건축자재,KOSPI
123890,2042.88,2485.0,2450.0,2660.0,342.27,715.0,1015.0,1240.0,1.0,,2968,2425,6.01,부동산,KOSPI
003300,19304.89,,,,1232.24,,,,0.5097,7309.01,5241,17000,16.6,건축자재,KOSPI
018250,6545.28,7374.0,7817.0,,211.46,74.0,214.0,,1.0,-1091.17,2939,11130,19.33,화장품,KOSPI
122900,30544.23,39470.0,42650.0,45530.0,203.2,710.0,860.0,970.0,0.8394,515.43,2741,8200,13.09,상업서비스와공급품,KOSPI
092230,11637.26,,,,429.64,,,,0.6795,-6678.85,3787,95900,4.77,화학,KOSPI
001750,9090.22,,,,753.11,,,,,,2887,19110,,증권,KOSPI
029530,3173.28,,,,62.48,,,,1.0,-4183.27,3687,37950,18.37,사무용전자제품,KOSPI
126720,3376.55,,,,430.79,,,,1.0,-1802.89,3021,21150,6.18,에너지장비및서비스,KOSPI
244920,6824.67,,,,293.14,,,,0.8964,-978.63,2830,12520,12.79,손해보험,KOSPI
002320,30649.25,31975.0,33205.0,34215.0,1121.96,745.0,1225.0,1350.0,0.971,19780.82,2660,17140,,항공화물운송과물류,KOSPI
002900,9293.61,9972.0,,,640.82,833.0,,,1.0,1164.5,2650,6400,6.61,기계,KOSPI
001250,41092.65,,,,523.0,,,,1.0,5293.87,2645,3205,13.29,무역회사와판매업체,KOSPI
271940,815.86,,,,-112.04,,,,1.0,-2379.76,4176,11500,,자동차부품,KOSPI
002310,8551.26,,,,272.16,,,,1.0,-635.58,2994,7590,10.11,포장재,KOSPI
200880,45052.5,,,,1618.0,,,,0.9819,6745.21,2976,11010,4.96,자동차부품,KOSPI
006220,3658.75,,,,99.34,,,,1.0,,3549,9390,25.48,은행,KOSPI
000430,15990.72,,,,470.07,,,,0.792,2263.31,2756,4445,7.57,자동차부품,KOSPI
037710,1842.11,,,,524.72,,,,,2168.37,2559,33550,,백화점과일반상점,KOSPI
005720,35865.18,,,,2042.1,,,,0.5127,12586.84,3310,6300,3.63,자동차부품,KOSPI
078520,2420.02,2545.0,2900.0,,179.53,344.0,406.0,,1.0,-38.21,2886,11560,20.43,화장품,KOSPI
108670,31786.89,34039.4,34659.8,35893.6,130.6,1381.2,1235.4,1391.6,1.0,4705.06,2883,32150,,건축자재,KOSPI
010580,1502.71,,,,15.74,,,,,-56.85,2525,2270,,자동차부품,KOSPI
105840,1503.79,,,,141.78,,,,0.788,-57.61,2496,12360,28.67,기계,KOSPI
000157,197841.38,218669.42,252464.36,289670.67,10627.15,18054.5,25309.18,32375.67,0.5324,54570.67,3233,362000,4.27,복합기업,KOSPI
024720,6301.12,,,,477.43,,,,1.0,1364.24,3210,9360,13.7,화장품,KOSPI
226320,1533.87,,,,192.15,,,,0.5129,-3656.63,2467,11250,14.75,화장품,KOSPI
030210,17144.51,,,,337.23,,,,0.9241,,2415,3965,5.96,증권,KOSPI
004360,12417.87,,,,273.01,,,,1.0,-97.25,2617,13690,3.99,항공화물운송과물류,KOSPI
007160,7062.1,,,,331.52,,,,0.3026,3738.59,2408,48150,,식품,KOSPI
010690,19624.84,20255.0,21879.0,23515.0,1024.48,560.5,851.5,961.0,1.0,5823.72,2602,7450,3.9,자동차부품,KOSPI
003920,9141.49,,,,51.74,,,,1.0,-71.08,2406,42400,33.85,식품,KOSPI
000680,26152.45,,,,222.87,,,,1.0,46691.75,2321,2945,,증권,KOSPI
011500,2144.93,,,,35.77,,,,,339.39,2310,14770,,화학,KOSPI
005500,3091.34,,,,267.84,,,,,1090.07,2664,20000,,제약,KOSPI
005680,1497.29,1516.0,1600.0,1674.0,92.4,73.0,79.0,85.0,1.0,-3101.26,2482,12410,48.47,전기제품,KOSPI
016800,3582.0,,,,57.37,,,,1.0,-1053.58,2806,24400,7.89,가구,KOSPI
001340,2721.37,,,,121.51,,,,1.0,3032.2,2287,5080,22.64,화학,KOSPI
134380,2845.12,,,,291.54,,,,,-800.92,2278,10360,,화학,KOSPI
001470,1109.93,,,,-266.1,,,,,-517.29,2278,5820,,건설,KOSPI
001390,91016.47,,,,3056.79,,,,0.2855,14328.88,2756,4150,3.96,자동차,KOSPI
000540,35328.42,,,,1875.04,,,,,,2213,3445,,손해보험,KOSPI
900140,3929.99,4858.0,5737.0,7033.0,385.49,481.0,581.0,726.0,0.8356,608.14,2211,1144,70.35,자동차,KOSPI
105630,19417.77,21196.29,22085.14,22816.67,834.16,1010.57,1055.86,1193.33,0.9982,5226.53,3528,8820,6.16,"섬유,의류,신발,호화품",KOSPI
381970,24388.39,,,,759.74,,,,,2172.61,3046,6240,,자동차,KOSPI
034120,10084.58,9767.0,10348.5,10846.0,181.51,29.0,338.0,445.5,0.9856,-317.23,2159,11640,26.89,방송과엔터테인먼트,KOSPI
053690,4488.34,4918.5,5353.0,5140.0,306.14,289.0,416.0,430.0,0.9474,425.89,2159,19700,11.65,건설,KOSPI
003720,1532.08,2084.0,,,149.21,268.0,,,0.8751,562.19,2152,6330,16.34,화학,KOSPI
077500,7300.43,,,,366.87,,,,1.0,1616.01,2151,9960,10.43,반도체와반도체장비,KOSPI
003070,26844.31,29268.0,32974.0,35060.0,36.51,1313.0,1531.0,1770.0,0.9925,7995.13,2286,8990,,건설,KOSPI
004430,10391.62,,,,218.45,,,,1.0,613.6,2784,11600,119.13,화학,KOSPI
001790,13562.76,,,,565.56,,,,0.9985,893.29,2415,2800,,식품,KOSPI
000490,14847.22,,,,312.25,,,,1.0,10268.32,2142,7430,,기계,KOSPI
017860,9548.74,,,,79.82,,,,1.0,5104.66,2265,12830,,화학,KOSPI
092200,7573.1,,,,185.5,,,,0.8595,3034.89,2228,5730,,자동차부품,KOSPI
475560,3612.39,,,,-236.79,,,,1.0,-1373.73,2086,14070,,"호텔,레스토랑,레저",KOSPI
03473K,1227033.38,1494201.64,1466420.18,1525220.11,18184.76,123439.18,110295.18,125112.78,0.3945,496014.83,2081,367500,0.13,석유와가스,KOSPI
128820,15659.23,,,,108.33,,,,0.7677,6261.38,2060,4555,,석유와가스,KOSPI
000320,12392.68,,,,645.08,,,,0.5537,-1102.96,2038,15330,6.29,건축자재,KOSPI
025000,8083.51,,,,273.96,,,,0.9807,-1110.31,2459,59300,4.86,화학,KOSPI
000480,8277.52,,,,278.24,,,,0.2,4208.34,2030,4330,,비철금속,KOSPI
003200,5171.78,,,,124.07,,,,0.9785,-1438.81,2631,11460,7.93,"섬유,의류,신발,호화품",KOSPI
136490,18957.42,,,,1791.91,,,,0.9437,4209.68,2406,10120,2.02,식품,KOSPI
000050,4124.76,,,,459.93,,,,1.0,1341.84,2210,8060,4.66,"섬유,의류,신발,호화품",KOSPI
033920,1438.3,,,,102.35,,,,1.0,852.26,2100,7370,4.17,음료,KOSPI
000390,6170.68,,,,95.49,,,,0.9865,828.18,1959,7200,25.52,건축자재,KOSPI
298000,23407.18,,,,-1605.0,,,,1.0,14453.99,1957,51600,0.5,화학,KOSPI
051905,63554.9,64548.44,67110.13,69740.33,1706.89,3690.06,4365.88,4836.6,0.9662,-11373.38,1952,93100,,화장품,KOSPI
008490,7223.09,,,,502.06,,,,0.9225,3749.63,2343,20250,5.39,제약,KOSPI
025560,507.78,,,,91.43,,,,1.0,36.81,2181,7850,21.57,반도체와반도체장비,KOSPI
003960,34998.13,,,,946.83,,,,0.9584,5647.46,2493,27200,,식품,KOSPI
084690,56287.99,,,,1998.28,,,,0.2547,14733.49,2832,7820,,식품,KOSPI
035150,5049.22,5371.0,5664.0,5892.0,536.01,649.0,703.0,746.0,1.0,519.38,2044,10340,6.1,"섬유,의류,신발,호화품",KOSPI
004310,1917.9,,,,41.61,,,,,311.95,2477,7740,,제약,KOSPI
950210,143.26,260.72,,,-673.51,-936.12,,,1.0,428.86,3600,5990,16.15,제약,KOSPI
016580,2552.14,2833.0,3112.0,3404.0,130.19,246.0,289.0,335.0,1.0,-658.49,1892,10170,13.92,제약,KOSPI
003650,4054.87,,,,345.52,,,,,-3383.87,2129,122400,,화학,KOSPI
001630,9590.12,,,,582.81,,,,0.7443,4486.33,1874,37400,4.64,제약,KOSPI
117580,10179.39,,,,303.49,,,,,119.79,1953,7100,,가스유틸리티,KOSPI
487570,14098.97,,,,464.34,,,,0.9773,1284.73,1859,49900,9.48,복합기업,KOSPI
003547,50638.9,,,,3014.02,5836.67,3716.67,3853.33,1.0,,1854,19300,0.99,증권,KOSPI
003555,72525.47,82189.18,91716.55,100533.0,9121.74,15643.36,19972.73,23142.1,0.8043,-25430.26,2045,67900,0.28,복합기업,KOSPI
339770,5173.53,5340.0,5493.0,5670.0,350.38,320.0,423.0,440.0,0.9986,378.73,1936,3875,11.03,식품,KOSPI
100250,2798.16,,,,57.84,,,,0.8241,-1354.15,1930,3020,10.62,자동차부품,KOSPI
286940,11698.25,11885.25,12648.25,13516.67,313.93,458.0,555.5,660.0,1.0,-36.38,2655,17550,26.71,IT서비스,KOSPI
003220,6054.35,6277.5,6562.0,6930.0,34.83,103.5,183.0,269.5,0.9752,1229.66,1817,8100,,제약,KOSPI
005960,17586.26,21183.0,21321.0,23902.0,426.28,807.5,836.0,1021.0,0.9794,4260.97,1918,8360,3.67,건설,KOSPI
058430,11254.4,11780.0,12255.0,12545.0,244.59,285.0,320.0,335.0,0.9803,-576.43,2637,4395,15.47,비철금속,KOSPI
102460,1459.29,,,,-302.69,,,,1.0,2098.16,1909,10270,,제약,KOSPI
060980,13350.36,13630.0,14660.0,15840.0,886.9,1230.0,1380.0,1600.0,0.9918,8148.21,3390,37850,16.26,자동차부품,KOSPI
001130,13752.0,,,,622.57,,,,0.9982,-780.07,1886,11160,,식품,KOSPI
000140,24845.04,,,,1832.53,,,,0.4896,13971.48,1803,7770,,음료,KOSPI
013580,28874.41,,,,1668.7,,,,1.0,7451.91,1884,21100,1.88,건설,KOSPI
037270,2360.47,,,,323.35,,,,0.949,-206.75,1961,3080,8.75,방송과엔터테인먼트,KOSPI
033530,18968.83,20161.0,21442.0,22914.0,853.95,1020.0,1147.0,1292.0,0.9853,911.54,1861,6880,2.71,자동차부품,KOSPI
001780,5756.58,,,,349.0,,,,0.9774,4808.75,1733,1790,11.17,비철금속,KOSPI
234080,2578.29,,,,332.44,,,,1.0,233.61,1732,10940,6.05,제약,KOSPI
039570,6457.28,,,,106.37,,,,1.0,-734.18,1931,7440,15.75,건설,KOSPI
091810,17981.81,21655.0,22065.0,23035.0,-2654.68,-2390.0,265.0,1355.0,1.0,4891.38,2665,2610,,항공사,KOSPI
016450,34098.3,,,,654.67,,,,0.2,13067.42,1728,4320,,"섬유,의류,신발,호화품",KOSPI
095570,10701.14,12083.0,12862.0,13865.67,715.48,834.0,939.67,1042.0,1.0,10799.48,1919,4240,6.76,도로와철도운송,KOSPI
298690,8325.85,9910.0,9560.0,9200.0,-45.21,-70.0,560.0,670.0,,7174.91,2462,1511,,항공사,KOSPI
213500,22900.4,23754.5,24891.0,26178.0,499.32,1188.0,1227.0,1329.0,1.0,8419.84,1697,7130,43.66,종이와목재,KOSPI
000860,5985.53,,,,82.95,,,,0.7312,131.05,1648,12680,,건축자재,KOSPI
001460,1631.67,,,,265.74,,,,0.9995,-523.46,2364,37850,12.07,"섬유,의류,신발,호화품",KOSPI
000300,401.71,,,,32.28,,,,0.7235,-66.96,1740,4200,41.79,자동차부품,KOSPI
003830,1082.26,,,,-72.55,,,,,-583.32,1627,122500,,화학,KOSPI
101530,6413.87,,,,423.28,,,,0.9956,2002.02,1610,5530,6.91,식품,KOSPI
004380,2221.75,,,,-354.6,,,,1.0,1370.25,1563,7550,,기계,KOSPI
002170,1746.85,,,,184.42,,,,1.0,-2391.68,1557,51900,6.5,"섬유,의류,신발,호화품",KOSPI
460850,27687.03,,,,-388.28,,,,1.0,8229.57,1552,5190,,철강,KOSPI
000520,2102.53,,,,-222.12,,,,1.0,1699.43,1800,8300,,제약,KOSPI
002420,292.45,,,,-5.7,,,,,164.25,1789,5740,,석유와가스,KOSPI
004560,7412.5,,,,258.93,,,,1.0,-210.98,1782,11820,12.02,비철금속,KOSPI
000020,4963.94,,,,2.57,,,,1.0,911.84,1511,5410,17.4,제약,KOSPI
293480,2395.04,,,,258.16,,,,,577.43,1505,8470,,제약,KOSPI
003610,1225.27,,,,11.21,,,,1.0,-351.27,1760,5480,26.18,"섬유,의류,신발,호화품",KOSPI
007860,49160.73,,,,1995.9,,,,0.5958,5708.62,1759,7490,3.15,자동차부품,KOSPI
028100,4677.26,,,,180.69,,,,1.0,-1366.24,2182,19440,11.66,건설,KOSPI
009680,2796.97,,,,185.35,,,,1.0,-3838.42,2178,10020,8.07,자동차부품,KOSPI
017390,18279.97,,,,174.06,,,,0.9984,-6613.98,2673,54000,8.64,가스유틸리티,KOSPI
004090,6969.26,8184.0,8505.0,9016.0,118.44,273.0,249.0,267.0,0.9677,1318.54,1495,11780,28.68,화학,KOSPI
014710,2380.2,,,,121.75,,,,1.0,1757.0,1717,9970,,식품,KOSPI
000970,4066.2,,,,132.96,,,,0.9919,-1128.32,1489,6530,8.78,철강,KOSPI
013890,9131.8,5810.0,6010.0,6330.0,254.79,-670.0,140.0,150.0,1.0,1501.94,1478,6740,,가구,KOSPI
011785,69151.45,79878.08,78592.85,78517.08,2718.29,5428.62,4384.15,4698.77,0.9999,-853.11,1466,48500,0.5,화학,KOSPI
002150,6984.75,,,,301.17,,,,1.0,1182.77,1679,4980,22.91,건설,KOSPI
097955,273425.89,293024.85,305244.08,317461.8,12336.05,11957.23,13910.31,15188.6,0.7491,115284.69,1454,109500,,식품,KOSPI
007570,2724.22,,,,49.63,,,,0.968,868.05,1519,7960,22.0,제약,KOSPI
044820,6452.06,,,,269.84,,,,1.0,4226.5,2367,24650,8.1,건강관리업체및서비스,KOSPI
009470,2300.68,,,,120.37,,,,0.8483,-369.8,1773,26800,18.79,전기제품,KOSPI
004150,10983.07,19750.0,26210.0,27230.0,226.09,560.0,780.0,860.0,0.8645,2176.23,1436,3500,,복합기업,KOSPI
020120,2174.75,,,,123.83,,,,1.0,-332.31,2546,6870,38.4,양방향미디어와서비스,KOSPI
012610,3797.02,,,,162.66,,,,1.0,1686.08,1407,3380,24.95,화학,KOSPI
015890,7770.96,,,,554.32,,,,0.4356,983.53,1403,4800,8.36,비철금속,KOSPI
001045,450188.29,473012.0,490691.67,513980.0,25277.38,24559.7,27443.33,30620.43,0.4674,168752.98,1487,65800,1.04,복합기업,KOSPI
001080,1529.53,1495.52,,,-119.77,2.27,,,1.0,181.1,1398,3980,,철강,KOSPI
003480,12017.3,,,,732.54,,,,0.9446,3833.86,1375,4655,2.33,가스유틸리티,KOSPI
015230,3462.67,,,,380.34,,,,1.0,-1129.55,1789,6590,6.21,기계,KOSPI
004080,1026.07,,,,70.91,,,,0.9622,157.24,1345,14620,47.66,건강관리장비와용품,KOSPI
016880,11506.91,,,,781.14,,,,1.0,6206.54,1447,1810,1.2,출판,KOSPI
014280,8021.56,,,,104.97,,,,0.3276,4530.75,1343,4580,,건축제품,KOSPI
241590,15643.79,,,,356.92,,,,0.9636,5319.7,1636,2700,,"섬유,의류,신발,호화품",KOSPI
006805,292830.28,612958.0,555412.67,581729.0,19151.04,46449.88,25735.69,27993.07,0.9644,,1421,10560,0.09,증권,KOSPI
005010,6124.9,,,,34.9,,,,1.0,748.47,2180,3880,,철강,KOSPI
008350,2589.22,,,,-32.66,,,,1.0,226.09,1408,1091,38.73,비철금속,KOSPI
000700,4184.74,,,,212.2,,,,0.2728,-1913.37,1729,6640,37.83,항공화물운송과물류,KOSPI
053210,9842.16,9962.5,10456.0,10753.5,229.8,345.5,500.5,566.5,0.977,276.72,1927,4055,27.78,방송과엔터테인먼트,KOSPI
001360,460.74,,,,-180.68,,,,,90.42,1304,1385,,제약,KOSPI
024090,2270.53,,,,95.61,,,,,-686.97,1301,11410,,비철금속,KOSPI
003460,359.84,,,,59.17,,,,,,1690,2980,,증권,KOSPI
089470,9926.62,,,,496.89,,,,1.0,1143.73,1273,3990,3.84,자동차부품,KOSPI
003580,1002.86,,,,-98.83,,,,,159.99,1335,2635,,판매업체,KOSPI
094280,5190.14,,,,189.59,,,,1.0,231.97,1368,11840,8.85,상업서비스와공급품,KOSPI
092220,2296.17,,,,-217.62,,,,,-124.28,1257,3130,,반도체와반도체장비,KOSPI
078000,383.51,,,,32.86,,,,1.0,-485.89,1257,13600,20.38,소프트웨어,KOSPI
009070,9867.05,,,,388.18,,,,0.9078,3097.9,1250,4165,5.91,항공화물운송과물류,KOSPI
002620,6576.14,,,,386.86,,,,0.4224,972.34,1232,7710,8.42,제약,KOSPI
267290,17594.65,,,,330.46,,,,1.0,-3111.88,1220,20700,3.71,가스유틸리티,KOSPI
013520,16397.77,,,,830.64,,,,0.7565,4030.04,1219,2435,1.56,자동차부품,KOSPI
003520,2542.56,,,,34.16,,,,,736.56,1895,1036,,제약,KOSPI
271980,5672.44,,,,206.95,,,,0.7307,448.7,1470,10000,6.29,제약,KOSPI
001520,6306.28,,,,-207.44,,,,0.9903,3461.53,1192,1113,5.94,건축자재,KOSPI
006060,17810.41,,,,765.8,,,,1.0,6221.21,1259,2275,6.51,"섬유,의류,신발,호화품",KOSPI
090350,7710.52,,,,301.81,,,,1.0,-445.63,1662,8310,10.1,건축자재,KOSPI
015590,1334.12,,,,100.26,,,,1.0,-197.97,1188,2225,,기계,KOSPI
214420,2202.74,2146.0,2397.0,,143.65,107.0,144.0,,0.976,461.95,1180,4905,10.6,화장품,KOSPI
016740,7961.39,,,,485.95,,,,0.921,-2.59,1160,4045,4.02,자동차부품,KOSPI
012320,2761.63,,,,188.21,,,,0.987,-722.97,1155,48850,6.25,비철금속,KOSPI
272550,4202.18,,,,246.47,,,,1.0,1736.45,1483,9840,8.4,포장재,KOSPI
034590,9629.94,,,,191.49,,,,,-1728.98,1144,26150,,가스유틸리티,KOSPI
002460,6594.79,,,,432.45,,,,0.893,706.43,1127,11100,4.08,건설,KOSPI
210540,3827.51,,,,304.29,,,,1.0,-668.82,1193,10800,4.74,기계,KOSPI
004980,12162.66,,,,436.56,,,,0.9988,4230.66,1961,8000,7.55,건축자재,KOSPI
002210,871.69,,,,-101.18,,,,,11.35,1251,1295,,제약,KOSPI
023450,1942.65,,,,93.65,,,,,213.42,1099,31400,,화학,KOSPI
016710,12226.34,,,,280.63,,,,0.7686,-879.48,1112,6910,6.48,가스유틸리티,KOSPI
004970,4547.41,,,,-15.66,,,,0.8748,-1741.4,1430,8940,30.81,식품,KOSPI
005800,1851.55,,,,12.89,,,,1.0,-849.41,1240,13780,19.76,"섬유,의류,신발,호화품",KOSPI
008040,6742.64,,,,424.69,,,,,669.1,1078,7640,,식품,KOSPI
084670,1251.83,,,,50.98,,,,1.0,708.01,1077,37200,36.32,도로와철도운송,KOSPI
071840,23000.96,22430.0,23080.0,23740.0,96.39,70.0,220.0,260.0,,4655.0,1405,5950,,전문소매,KOSPI
001210,443.38,,,,-11.84,,,,,10.05,1072,8490,,디스플레이장비및부품,KOSPI
011280,7538.96,,,,-49.82,,,,0.491,2747.1,1072,1514,,포장재,KOSPI
025820,5077.84,,,,244.07,,,,,1652.86,1396,4175,,비철금속,KOSPI
083420,3040.57,,,,101.49,,,,,399.16,1138,4740,,화학,KOSPI
00279K,46231.75,,,,3680.0,,,,0.4246,-16403.41,1535,21650,1.24,화장품,KOSPI
079430,15462.06,15041.0,15509.0,16231.0,157.17,129.0,232.0,369.0,1.0,769.3,1118,5560,15.09,가구,KOSPI
078935,251841.27,286612.8,281332.2,283044.0,29360.61,51915.0,36700.0,36994.0,0.8262,61654.03,1052,59100,0.13,석유와가스,KOSPI
002390,5351.38,,,,32.91,,,,,3508.6,1184,8600,,제약,KOSPI
017550,2293.88,,,,189.64,,,,1.0,169.87,1116,1789,7.05,기계,KOSPI
004100,6201.69,,,,224.19,,,,1.0,2328.18,1176,3205,33.72,자동차부품,KOSPI
035000,4838.51,,,,274.95,,,,1.0,-489.88,1036,6390,5.96,광고,KOSPI
006660,1177.36,,,,32.45,,,,0.9847,-2120.02,1034,12720,14.5,자동차부품,KOSPI
227840,2502.26,,,,213.7,,,,1.0,-86.0,1160,12750,3.16,식품과기본식료품소매,KOSPI
081000,1624.0,,,,-67.85,,,,1.0,-3431.55,1319,9290,19.22,비철금속,KOSPI
267850,1940.59,,,,121.28,,,,,-1038.79,1025,9230,,IT서비스,KOSPI
119650,1928.73,,,,-88.65,,,,,432.95,1008,918,,상업서비스와공급품,KOSPI
248170,4089.27,,,,244.76,,,,1.0,-199.15,991,21700,4.97,식품,KOSPI
107590,4927.18,,,,203.46,,,,0.8598,540.54,1366,58900,5.22,화학,KOSPI
004960,11491.91,,,,645.21,,,,1.0,5385.47,1251,10810,2.09,건설,KOSPI
010100,16993.16,,,,253.17,,,,1.0,960.96,1038,3410,4.98,자동차부품,KOSPI
003010,2417.13,,,,175.52,,,,,148.62,1030,8100,,기계,KOSPI
002780,5763.82,,,,-230.04,,,,,-641.95,954,6560,,건설,KOSPI
264900,4448.38,,,,152.65,,,,,-252.47,953,7610,,식품,KOSPI
007210,6106.88,,,,232.73,,,,0.8334,457.09,945,1446,4.14,건축자재,KOSPI
007540,4089.64,,,,241.43,,,,0.5181,-596.14,944,46850,9.69,식품,KOSPI
032560,3165.29,,,,179.89,,,,0.8488,-864.96,942,5540,5.23,비철금속,KOSPI
462520,5320.33,,,,238.6,,,,0.7164,1344.8,1453,12260,65.36,비철금속,KOSPI
002450,2244.39,,,,22.82,,,,1.0,1515.1,979,1081,5.56,레저용장비와제품,KOSPI
037560,12656.52,13330.0,13900.0,11860.0,187.3,460.0,550.0,970.0,1.0,3971.55,1183,1527,66.42,방송과엔터테인먼트,KOSPI
011810,6413.12,,,,-619.45,,,,,2639.98,1095,3530,,무역회사와판매업체,KOSPI
120030,517.62,,,,77.86,,,,,-1312.16,1038,82500,,철강,KOSPI
014580,3859.43,,,,407.83,,,,0.7278,351.0,1080,3915,4.52,비철금속,KOSPI
070960,2501.5,,,,232.8,,,,1.0,2951.66,914,1899,,"호텔,레스토랑,레저",KOSPI
001275,9654.64,,,,567.77,,,,0.9998,,914,30450,2.0,증권,KOSPI
025620,73.05,,,,-74.56,,,,1.0,255.53,1021,5610,74.69,화장품,KOSPI
008260,2479.43,,,,301.15,,,,,1891.99,904,3160,,건축자재,KOSPI
363280,792.27,,,,-345.64,,,,,1337.39,896,1970,,"호텔,레스토랑,레저",KOSPI
002720,1754.96,,,,61.85,,,,0.9988,156.65,896,4235,15.72,제약,KOSPI
023000,3592.87,,,,98.79,,,,,-608.36,874,2200,,자동차부품,KOSPI
139990,10856.03,,,,-255.66,,,,,5728.11,874,2255,,철강,KOSPI
002200,2896.0,,,,-65.57,,,,1.0,-584.65,925,2760,,포장재,KOSPI
018470,4866.79,,,,137.95,,,,,1565.04,1335,5270,,비철금속,KOSPI
006840,32357.21,,,,-1478.54,,,,0.2641,27371.0,922,6960,,화학,KOSPI
009270,10922.54,,,,187.79,,,,1.0,2829.1,1225,1067,,"섬유,의류,신발,호화품",KOSPI
006090,4173.64,,,,135.17,,,,,1144.48,845,8970,,식품,KOSPI
002600,4882.46,,,,186.3,,,,1.0,2099.41,834,139000,10.32,식품,KOSPI
000590,1348.71,,,,202.15,,,,0.823,-2373.77,828,71700,4.79,철강,KOSPI
001290,1817.34,,,,-90.89,,,,1.0,,892,4115,,증권,KOSPI
055490,1411.39,,,,25.08,,,,1.0,113.01,821,17150,40.7,전자장비와기기,KOSPI
014440,1201.11,,,,192.89,,,,1.0,-472.72,936,4680,5.56,화학,KOSPI
013700,2974.53,,,,238.47,,,,1.0,531.85,927,1551,4.61,건설,KOSPI
004140,9155.53,,,,319.57,,,,0.9895,3268.65,868,1809,5.04,항공화물운송과물류,KOSPI
011700,527.19,,,,-14.78,,,,1.0,19.52,806,2485,,기계,KOSPI
004890,3479.22,,,,-27.5,,,,1.0,-1386.31,856,35300,,철강,KOSPI
023800,7179.02,,,,396.36,,,,0.9069,2732.72,798,5050,4.96,자동차부품,KOSPI
111380,2441.45,,,,225.91,,,,1.0,848.8,783,12770,6.8,"섬유,의류,신발,호화품",KOSPI
069730,2265.5,,,,280.35,,,,1.0,75.93,773,5370,3.13,철강,KOSPI
102260,12116.0,,,,1120.43,,,,0.4401,778.02,1872,3695,5.63,화학,KOSPI
063160,1600.71,,,,36.05,,,,,1473.5,767,13980,,제약,KOSPI
005740,10698.82,,,,572.51,,,,0.5442,2039.07,765,5150,4.18,식품,KOSPI
002100,3392.37,,,,286.98,,,,0.9519,1582.59,1759,9010,9.43,화학,KOSPI
013570,12448.37,,,,480.56,,,,0.4683,710.55,1092,4150,7.77,자동차부품,KOSPI
002220,1964.04,,,,31.79,,,,0.2,757.3,809,3030,,철강,KOSPI
007590,1789.97,,,,126.52,,,,0.9983,300.9,756,5550,7.75,화학,KOSPI
123690,850.32,,,,5.28,,,,0.9834,-134.63,1028,6400,91.22,화장품,KOSPI
001260,3574.46,,,,114.4,,,,1.0,23.47,792,8050,14.96,건설,KOSPI
010960,4097.27,,,,144.86,,,,1.0,-833.59,737,3055,3.93,건설,KOSPI
007610,381.71,,,,12.49,,,,1.0,76.93,736,4090,13.91,전기장비,KOSPI
058860,5887.6,,,,247.4,,,,,31.78,901,2590,,상업서비스와공급품,KOSPI
014530,10217.28,,,,154.47,,,,0.8717,2540.59,1193,3420,105.11,석유와가스,KOSPI
096775,802960.54,1058731.77,958393.62,946011.23,4486.84,98432.69,53918.54,48456.62,0.8602,261185.73,944,75600,,석유와가스,KOSPI
004840,8027.46,,,,248.94,,,,0.497,1850.59,767,3980,17.17,화학,KOSPI
109070,854.03,,,,31.66,,,,1.0,-119.65,727,6880,35.64,해운사,KOSPI
013870,7872.72,,,,242.2,,,,1.0,1941.98,721,3780,4.96,자동차부품,KOSPI
012800,14702.37,19561.0,,,515.28,823.0,,,0.6467,4458.77,1040,1141,48.9,비철금속,KOSPI
33626K,4547.95,5009.67,8336.17,9972.4,-1056.73,-743.0,443.33,751.2,0.9963,5482.62,811,6070,,에너지장비및서비스,KOSPI
014160,2837.02,,,,8.82,,,,,352.59,710,655,,포장재,KOSPI
000230,5908.9,,,,149.25,,,,0.5065,1161.08,707,6130,6.47,제약,KOSPI
005750,3005.68,,,,186.17,,,,0.9904,480.02,706,4255,5.28,건축제품,KOSPI
009180,6745.62,7565.0,8280.0,8830.0,206.93,257.0,280.0,300.0,1.0,149.94,786,2790,4.96,항공화물운송과물류,KOSPI
120115,48733.99,53155.33,55417.5,57748.5,1088.96,2780.5,2985.83,3361.83,0.951,22920.57,703,25400,1.84,화학,KOSPI
001560,788.99,,,,42.42,,,,0.9992,-342.61,701,9220,5.14,비철금속,KOSPI
010040,4063.41,,,,27.76,,,,1.0,238.88,696,1694,,비철금속,KOSPI
004250,4503.2,,,,235.74,,,,1.0,895.37,1058,2880,8.18,포장재,KOSPI
021820,1793.54,1780.05,,,170.28,236.22,,,0.8959,-3264.54,1046,10460,2.25,자동차부품,KOSPI
017370,3886.13,,,,208.58,,,,1.0,898.84,687,3750,4.58,자동차부품,KOSPI
002700,1939.9,,,,52.37,,,,,-204.25,712,1039,,가정용기기와용품,KOSPI
024900,17380.72,,,,32.04,,,,1.0,-296.09,712,2185,57.28,자동차부품,KOSPI
011690,1650.65,,,,-25.66,,,,1.0,330.57,1327,3615,,전자장비와기기,KOSPI
004440,2231.29,,,,49.96,,,,,527.25,676,5310,,건축자재,KOSPI
011150,1921.18,,,,-9.1,,,,1.0,411.51,674,1877,23.84,식품,KOSPI
010660,2145.14,,,,2.28,,,,,-177.07,673,3060,,기계,KOSPI
008970,2347.84,,,,-16.22,,,,,301.84,1475,1421,,철강,KOSPI
012200,3897.99,,,,-271.0,,,,,1119.45,1066,3010,,자동차부품,KOSPI
085310,1301.02,,,,-6.48,,,,1.0,-570.05,664,8950,,조선,KOSPI
019680,6500.05,,,,-34.0,,,,0.2,1202.38,661,1643,,교육서비스,KOSPI
000850,2217.56,,,,42.17,,,,1.0,-322.18,813,36950,7.14,기계,KOSPI
013360,4526.73,,,,103.76,,,,0.9992,1384.7,717,1327,19.15,건설,KOSPI
100220,2687.76,,,,216.18,,,,1.0,725.22,658,5060,3.09,교육서비스,KOSPI
214330,3854.04,,,,62.47,,,,,-356.4,711,6800,,자동차부품,KOSPI
004770,123.61,,,,22.01,,,,,-572.03,627,1765,,전자장비와기기,KOSPI
009200,12649.12,,,,59.51,,,,0.8243,11898.49,624,1500,,종이와목재,KOSPI
058730,2731.93,,,,20.7,,,,0.986,758.83,624,3080,,건축자재,KOSPI
000180,1272.18,,,,-69.28,,,,,315.79,675,4840,,종이와목재,KOSPI
031820,10952.14,,,,235.5,,,,0.5705,259.39,703,5810,1.33,IT서비스,KOSPI
007280,7671.41,,,,117.4,,,,,2136.58,700,2445,,철강,KOSPI
35320K,10652.95,16159.25,20284.5,23628.25,490.61,2774.83,4097.5,5121.67,0.9989,-2162.12,601,28700,1.26,전자장비와기기,KOSPI
002760,501.16,,,,22.3,,,,,-64.13,598,999,,식품,KOSPI
072130,615.67,,,,34.2,,,,0.9993,-86.14,593,4670,13.59,IT서비스,KOSPI
095720,7973.57,,,,-104.56,,,,,2156.75,685,1205,,교육서비스,KOSPI
163560,3646.03,,,,185.65,,,,1.0,145.16,759,5460,7.12,화학,KOSPI
004720,1730.73,,,,59.87,,,,,-193.54,648,2860,,제약,KOSPI
372910,920.88,1322.0,1407.0,1454.0,-7.27,54.0,68.0,74.0,0.9771,-398.17,591,2135,,건강관리장비와용품,KOSPI
014990,1045.91,,,,11.91,,,,,423.85,579,3855,,"섬유,의류,신발,호화품",KOSPI
001465,1631.67,,,,265.74,,,,0.9995,-523.46,577,26800,2.95,"섬유,의류,신발,호화품",KOSPI
036580,15541.35,,,,802.07,,,,0.9792,5564.36,900,2450,2.2,식품,KOSPI
006890,613.48,,,,20.63,,,,1.0,159.27,568,4895,6.49,화학,KOSPI
084680,887.27,,,,-31.77,,,,,1366.15,613,2160,,"섬유,의류,신발,호화품",KOSPI
075180,1386.95,,,,-7.39,,,,1.0,-1237.56,563,2930,,자동차부품,KOSPI
003925,9141.49,,,,51.74,,,,1.0,-71.08,557,29450,7.84,식품,KOSPI
020760,578.47,,,,-48.8,,,,1.0,141.25,555,902,,디스플레이패널,KOSPI
210980,4458.24,,,,377.95,,,,1.0,8675.39,555,2980,7.82,부동산,KOSPI
002795,46231.75,,,,3680.0,,,,0.4246,-16403.41,709,11110,0.57,화장품,KOSPI
016090,2405.44,,,,70.78,,,,,-530.45,629,1420,,"섬유,의류,신발,호화품",KOSPI
000725,310629.12,269460.9,284996.71,305450.11,6530.06,8690.95,11399.43,13734.89,0.76,6231.61,548,52000,0.15,건설,KOSPI
005320,2314.94,,,,-18.56,,,,,143.41,547,1600,,"섬유,의류,신발,호화품",KOSPI
480370,2910.1,,,,-366.05,,,,1.0,-147.82,742,2285,,기계,KOSPI
008700,2152.55,,,,47.93,,,,1.0,-313.72,948,1229,16.09,전자제품,KOSPI
068290,402.91,,,,-7.95,,,,,-160.87,619,6190,,출판,KOSPI
004830,1464.76,,,,62.36,,,,1.0,87.73,539,3440,9.82,"섬유,의류,신발,호화품",KOSPI
129260,7089.79,,,,197.61,,,,0.9374,756.35,567,1907,5.77,해운사,KOSPI
023810,5864.44,,,,197.84,,,,0.6611,3554.51,539,5390,4.51,자동차부품,KOSPI
000220,1408.85,,,,110.19,,,,0.8944,1.91,603,3830,7.4,제약,KOSPI
37550K,74024.25,70173.7,71449.95,76994.94,3869.53,5643.7,5742.75,6468.06,0.9969,-10892.93,537,25400,0.15,건설,KOSPI
003465,359.84,,,,59.17,,,,,,559,3200,,증권,KOSPI
005870,1371.86,,,,-120.33,,,,,-24.32,603,4270,,우주항공과국방,KOSPI
009770,1485.66,,,,-14.4,,,,,-1453.09,685,27400,,가정용품,KOSPI
002410,718.43,,,,-513.09,,,,,871.4,532,1935,,건설,KOSPI
155660,3023.9,,,,192.92,,,,1.0,614.63,679,4245,4.54,비철금속,KOSPI
001550,997.37,,,,38.2,,,,,529.92,523,10080,,화학,KOSPI
111110,5208.78,,,,250.22,,,,1.0,1981.24,583,6430,4.67,"섬유,의류,신발,호화품",KOSPI
000105,21866.38,23488.0,25648.38,28660.44,1043.74,1291.13,2032.88,3020.5,1.0,-959.87,740,64400,0.38,제약,KOSPI
092440,1313.16,1192.66,,,10.18,-37.06,,,1.0,-453.0,540,1849,17.35,기계,KOSPI
005305,39711.44,40962.58,42449.42,43835.11,1671.6,1986.75,2230.67,2398.11,0.9546,14544.81,512,66000,1.08,음료,KOSPI
123700,2014.15,,,,113.15,,,,1.0,-987.22,504,3230,4.16,자동차부품,KOSPI
28513K,23651.64,29278.5,31620.0,33405.0,-2.07,587.0,1592.0,2230.0,1.0,4854.61,535,25300,1.2,화학,KOSPI
027970,7536.79,,,,31.23,,,,1.0,1601.4,1029,2705,,종이와목재,KOSPI
000950,407.76,,,,-73.15,,,,1.0,-908.29,502,29900,1.68,"섬유,의류,신발,호화품",KOSPI
006880,1877.59,,,,103.11,,,,1.0,1023.0,499,4220,13.71,식품과기본식료품소매,KOSPI
003475,34612.73,,,,993.79,,,,1.0,,527,4115,0.55,증권,KOSPI
004450,1628.98,,,,67.57,,,,1.0,516.57,586,27200,13.66,포장재,KOSPI
214390,2641.04,,,,35.19,,,,,1441.73,1315,5500,,제약,KOSPI
058850,10427.17,,,,298.06,,,,0.9267,-729.03,907,2190,3.88,상업서비스와공급품,KOSPI
011300,246.93,,,,-23.35,,,,,390.89,492,2855,,"섬유,의류,신발,호화품",KOSPI
079980,8895.28,,,,197.62,,,,1.0,3229.71,669,1939,28.75,"섬유,의류,신발,호화품",KOSPI
011000,230.45,,,,-440.36,,,,,343.75,485,2670,,생물공학,KOSPI
007980,10289.89,,,,620.06,,,,1.0,3188.61,823,1755,2.15,"섬유,의류,신발,호화품",KOSPI
006980,6130.24,,,,193.73,,,,1.0,881.9,666,21550,5.15,식품,KOSPI
002140,2973.22,,,,137.48,,,,0.9984,939.25,474,1902,4.91,식품,KOSPI
378850,7145.6,,,,270.82,,,,1.0,1413.43,530,2790,2.91,자동차부품,KOSPI
001020,2666.69,,,,-52.79,,,,1.0,1090.62,677,1901,,종이와목재,KOSPI
002920,3045.75,,,,-300.23,,,,0.7096,-1106.75,465,1794,,자동차부품,KOSPI
011230,296.32,,,,-77.76,,,,,326.27,493,2570,,전자장비와기기,KOSPI
069460,2156.42,,,,34.72,,,,1.0,431.07,463,2660,,비철금속,KOSPI
041650,5422.61,,,,-13.58,,,,0.9354,1918.08,459,2140,,자동차부품,KOSPI
003080,643.34,,,,-81.43,,,,1.0,149.33,449,2245,1.3,화학,KOSPI
074610,295.04,,,,-28.26,,,,1.0,146.57,448,5110,55.24,기계,KOSPI
004910,2026.68,,,,-194.98,,,,1.0,1444.53,442,3455,,건축자재,KOSPI
011330,1062.43,,,,-5.73,,,,,744.0,438,4375,,자동차부품,KOSPI
092780,4593.33,,,,166.59,,,,0.9657,1672.87,431,3275,5.53,자동차부품,KOSPI
002630,293.98,297.54,,,-30.76,-41.32,,,,-368.88,495,1669,,생물공학,KOSPI
025530,2057.99,,,,105.51,,,,0.5779,-1334.69,543,3635,6.45,자동차부품,KOSPI
017180,1952.47,,,,68.35,,,,1.0,628.42,431,1270,22.74,제약,KOSPI
006125,101640.14,132060.0,128730.0,133240.0,3613.54,4420.0,5970.0,6710.0,0.8941,41141.98,539,43800,0.42,석유와가스,KOSPI
019490,53.0,,,,-59.71,,,,,14.61,413,541,,통신장비,KOSPI
007110,545.03,,,,6.81,,,,,50.98,405,2615,,건축자재,KOSPI
049800,2116.23,,,,29.3,,,,1.0,1248.52,402,2010,17.56,기계,KOSPI
000215,53267.21,55385.5,55391.5,56050.0,2985.46,6496.0,6105.0,6170.0,0.9294,45447.6,399,23650,,화학,KOSPI
001620,8080.08,,,,185.58,,,,0.9997,2200.83,499,2240,1.58,자동차부품,KOSPI
090080,6260.62,,,,133.43,,,,1.0,442.24,544,991,3.46,자동차부품,KOSPI
014910,536.75,,,,16.73,,,,0.9921,211.19,430,1967,21.47,전기제품,KOSPI
002360,986.27,,,,-122.5,,,,,20.91,391,3520,,화학,KOSPI
008870,2524.04,,,,33.69,,,,0.5636,908.25,390,38950,18.07,포장재,KOSPI
018500,6262.36,6595.38,,,419.86,350.08,,,1.0,2031.28,613,1312,2.9,자동차부품,KOSPI
008420,1378.75,,,,-9.59,,,,,39.76,416,2030,,철강,KOSPI
004920,414.5,,,,20.02,,,,1.0,96.54,384,7360,2.63,컴퓨터와주변기기,KOSPI
000910,2024.01,,,,54.99,,,,0.9136,1402.65,454,2910,1.94,건축자재,KOSPI
026940,1799.11,,,,2.62,,,,,-219.32,408,2040,,철강,KOSPI
000890,898.79,,,,38.12,,,,,177.46,369,1334,,음료,KOSPI
134790,1957.2,,,,-66.83,,,,1.0,-50.02,368,18410,,가구,KOSPI
004540,5082.01,,,,-226.38,,,,,3351.1,463,1244,,종이와목재,KOSPI
047400,1019.37,,,,54.3,,,,1.0,953.01,357,851,14.51,자동차부품,KOSPI
027740,3688.91,,,,20.11,,,,,456.98,360,1134,,식품,KOSPI
009140,360.74,,,,10.24,,,,1.0,-544.71,357,22700,9.33,전자제품,KOSPI
023960,1723.18,,,,-49.59,,,,1.0,321.06,381,1002,,건설,KOSPI
051630,185.64,,,,-7.43,,,,,-26.96,354,1670,,화학,KOSPI
37550L,74024.25,70173.7,71449.95,76994.94,3869.53,5643.7,5742.75,6468.06,0.9969,-10892.93,923,43700,0.25,건설,KOSPI
004060,1323.48,,,,-15.16,,,,1.0,-128.36,441,2180,49.89,"섬유,의류,신발,호화품",KOSPI
010640,466.28,,,,18.26,,,,,491.53,347,2075,,화학,KOSPI
002880,6333.98,,,,302.06,,,,1.0,1078.11,344,3675,,자동차부품,KOSPI
013000,326.8,,,,24.33,,,,,-438.69,343,1196,,화학,KOSPI
133820,1861.71,,,,-16.71,,,,,878.52,366,986,,철강,KOSPI
008250,2973.1,,,,-38.29,,,,,1201.29,361,3300,,건축자재,KOSPI
143210,7847.51,,,,-387.37,,,,,4153.8,336,1199,,자동차부품,KOSPI
071090,2566.23,,,,-33.25,,,,1.0,533.61,692,3425,,철강,KOSPI
009320,1518.32,,,,62.98,,,,1.0,449.14,484,982,11.12,자동차부품,KOSPI
019180,9891.34,,,,700.6,,,,1.0,66.15,885,4915,1.29,자동차부품,KOSPI
005820,896.82,,,,44.26,,,,0.7194,-412.05,334,14540,8.96,포장재,KOSPI
007460,1179.74,,,,-955.71,,,,,1382.82,535,2085,,제약,KOSPI
006370,530.87,,,,-149.73,,,,,2575.17,321,2965,,백화점과일반상점,KOSPI
009460,2669.52,,,,-51.93,,,,,1354.52,341,2760,,포장재,KOSPI
084870,1824.19,,,,31.5,,,,0.5706,116.44,461,2255,52.09,"섬유,의류,신발,호화품",KOSPI
090370,813.23,,,,-72.43,,,,,896.89,318,1164,,상업서비스와공급품,KOSPI
004365,12417.87,,,,273.01,,,,1.0,-97.25,335,9070,0.51,항공화물운송과물류,KOSPI
009835,133330.55,183131.25,196616.42,204317.42,-3647.59,8904.67,12961.08,14545.33,0.9842,128985.87,480,18850,,에너지장비및서비스,KOSPI
024070,1032.76,,,,-6.98,,,,1.0,-261.74,307,2005,22.88,화학,KOSPI
001070,1582.86,,,,6.97,,,,1.0,270.51,301,5670,,"섬유,의류,신발,호화품",KOSPI
069640,2488.89,,,,-121.39,,,,,1675.14,294,1353,,"섬유,의류,신발,호화품",KOSPI
004410,686.03,,,,-4.6,,,,,208.29,485,1229,,식품,KOSPI
025890,398.72,,,,-1.77,,,,,59.3,293,2630,,철강,KOSPI
025750,2798.17,,,,23.33,,,,,701.81,306,1897,,건축자재,KOSPI
308170,4614.59,,,,58.14,,,,,1873.26,292,3390,,자동차부품,KOSPI
019175,2346.81,,,,142.55,,,,1.0,-190.16,287,14420,3.25,제약,KOSPI
023150,947.19,,,,94.86,,,,0.8955,525.97,286,4610,,음료,KOSPI
006570,1261.71,,,,-95.66,,,,,812.64,285,1869,,건축제품,KOSPI
009810,2509.22,,,,-43.97,,,,,-188.61,396,1944,,판매업체,KOSPI
012160,4334.85,,,,-131.69,,,,,1174.84,337,2155,,철강,KOSPI
003680,3184.45,,,,58.31,,,,,993.82,276,4440,,식품,KOSPI
007120,141.29,,,,37.99,,,,,-98.97,270,988,,IT서비스,KOSPI
002690,1473.46,,,,-35.11,,,,,-603.2,267,1315,,철강,KOSPI
088790,476.08,,,,39.83,,,,,-66.95,293,2350,,"섬유,의류,신발,호화품",KOSPI
036420,10832.88,,,,88.45,,,,,12504.69,290,1504,,방송과엔터테인먼트,KOSPI
004270,775.41,,,,1.88,,,,1.0,685.54,263,5760,,전자장비와기기,KOSPI
011390,1075.31,,,,-27.71,,,,0.6458,1026.3,498,47150,,건축자재,KOSPI
33637K,6160.83,5556.0,6899.5,10082.5,-733.36,-753.5,287.5,760.5,0.707,8392.07,260,1535,,전자장비와기기,KOSPI
006345,6245.42,,,,93.51,,,,0.6795,162.83,257,9810,2.93,전기장비,KOSPI
002355,31896.1,34794.2,36191.4,37918.08,1702.97,1745.0,2099.07,2355.62,0.9967,12956.47,257,3955,0.17,자동차부품,KOSPI
006490,1055.58,,,,40.79,,,,1.0,64.31,248,1400,,무선통신서비스,KOSPI
001380,934.81,,,,49.64,,,,1.0,-15.58,228,1016,8.12,자동차부품,KOSPI
000760,462.55,,,,-1.64,,,,,-10.62,353,12590,,화학,KOSPI
009310,598.44,,,,-75.31,,,,,-1965.41,233,5330,,디스플레이장비및부품,KOSPI
33626L,4547.95,5009.67,8336.17,9972.4,-1056.73,-743.0,443.33,751.2,0.9963,5482.62,222,7420,,에너지장비및서비스,KOSPI
012170,59.22,,,,-43.25,,,,,-111.51,219,3000,,방송과엔터테인먼트,KOSPI
002870,242.28,,,,-22.93,,,,1.0,-477.88,416,1189,20.79,포장재,KOSPI
030720,1725.92,,,,88.26,,,,1.0,390.11,218,4680,2.81,식품,KOSPI
011420,403.44,,,,39.88,,,,,-23.19,380,1379,,레저용장비와제품,KOSPI
006740,932.52,,,,-158.06,,,,,1001.39,210,3530,,종이와목재,KOSPI
008775,40683.06,39970.58,41285.92,43638.7,135.13,1954.08,2379.33,2696.2,1.0,9742.49,209,27850,,백화점과일반상점,KOSPI
010770,8836.77,,,,348.82,,,,0.769,1264.29,521,3560,1.5,자동차부품,KOSPI
446070,1575.31,,,,-91.52,,,,,-636.38,419,3950,,건축자재,KOSPI
005360,1310.24,,,,-58.54,,,,,683.29,205,1086,,문구류,KOSPI
015020,164.28,,,,-4.07,,,,,315.28,199,928,,부동산,KOSPI
010400,1644.58,,,,49.78,,,,1.0,0.87,303,3970,3.99,건설,KOSPI
000040,138.21,,,,-28.92,,,,,577.08,195,992,,자동차,KOSPI
00499K,155396.27,158221.5,163400.0,169965.0,2394.39,3218.0,4064.0,4920.0,0.5465,76316.01,192,23800,,복합기업,KOSPI
108675,31786.89,34039.4,34659.8,35893.6,130.6,1381.2,1235.4,1391.6,1.0,4705.06,186,18000,,건축자재,KOSPI
003535,30945.78,,,,1477.01,,,,1.0,,311,6470,0.3,증권,KOSPI
002070,2224.45,,,,-50.04,,,,,852.93,183,3810,,"섬유,의류,신발,호화품",KOSPI
093240,1666.5,1778.04,,,66.41,84.15,,,1.0,373.11,182,296,,"섬유,의류,신발,호화품",KOSPI
033250,938.39,,,,75.28,,,,1.0,111.65,259,4050,4.11,자동차부품,KOSPI
071950,622.29,,,,-56.8,,,,,213.32,219,1515,,가구,KOSPI
101140,62.97,,,,-43.33,,,,,17.1,514,5120,,전자장비와기기,KOSPI
009440,859.6,,,,-15.74,,,,1.0,46.45,176,756,,상업서비스와공급품,KOSPI
001685,44013.05,44434.0,45805.0,,1692.82,1919.0,2028.0,,0.9844,10797.32,201,14700,,식품,KOSPI
005725,35865.18,,,,2042.1,,,,0.5127,12586.84,162,4490,0.18,자동차부품,KOSPI
18064K,2983.62,,,,-75.24,,,,0.9738,823.32,155,29300,0.1,항공사,KOSPI
004105,6201.69,,,,224.19,,,,1.0,2328.18,154,4660,4.42,자동차부품,KOSPI
003060,732.26,,,,-603.55,,,,,1881.39,253,1554,,제약,KOSPI
005257,24514.76,,,,362.27,,,,,15833.53,152,18000,,제약,KOSPI
023350,4129.09,,,,60.4,,,,1.0,-310.47,400,3650,4.68,건설,KOSPI
002025,58861.33,,,,605.01,,,,1.0,23440.16,149,12850,,복합기업,KOSPI
014130,6298.22,,,,-36.2,,,,0.9762,2230.68,336,2845,,항공화물운송과물류,KOSPI
000087,24985.67,24551.17,24952.33,25185.5,1723.39,1939.33,2023.17,2083.75,1.0,7752.29,139,12320,0.34,음료,KOSPI
00806K,13849.9,,,,113.13,,,,0.5689,-3721.99,133,11010,3.75,전자장비와기기,KOSPI
024890,1264.24,,,,8.71,,,,0.996,728.69,126,1525,3.6,"섬유,의류,신발,호화품",KOSPI
45226K,5751.66,,,,94.14,,,,1.0,5115.03,126,4325,3.8,백화점과일반상점,KOSPI
084695,56287.99,,,,1998.28,,,,0.2547,14733.49,126,13740,,식품,KOSPI
006200,2758.87,,,,-140.51,,,,,-300.65,152,1625,,반도체와반도체장비,KOSPI
003495,252255.42,286822.4,284742.7,290897.9,11135.89,8264.9,21965.2,24899.9,1.0,192096.56,243,21900,0.03,항공사,KOSPI
145995,25625.0,,,,1117.25,,,,0.8903,6948.15,119,32150,,식품,KOSPI
015260,1174.9,,,,-72.91,,,,,495.43,117,249,,전자장비와기기,KOSPI
38380K,1903.59,1580.0,1685.0,1775.0,1333.98,1840.0,1935.0,2075.0,1.0,2009.41,111,7600,0.08,무역회사와판매업체,KOSPI
001067,7752.98,,,,944.61,,,,1.0,-303.34,105,49950,0.17,제약,KOSPI
017040,958.69,,,,-99.68,,,,,212.08,404,932,,전기장비,KOSPI
019685,6500.05,,,,-34.0,,,,0.2,1202.38,100,1029,,교육서비스,KOSPI
004255,4503.2,,,,235.74,,,,1.0,895.37,99,1878,0.77,포장재,KOSPI
145210,801.9,,,,-5.7,,,,,395.49,95,2240,,자동차부품,KOSPI
001755,9090.22,,,,753.11,,,,,,90,19130,,증권,KOSPI
003075,26844.31,29268.0,32974.0,35060.0,36.51,1313.0,1531.0,1770.0,0.9925,7995.13,89,11960,,건설,KOSPI
465770,1913.84,,,,-124.73,,,,1.0,866.05,157,2170,,해운사,KOSPI
33637L,6160.83,5556.0,6899.5,10082.5,-733.36,-753.5,287.5,760.5,0.707,8392.07,83,2210,,전자장비와기기,KOSPI
000225,1408.85,,,,110.19,,,,0.8944,1.91,81,3560,0.99,제약,KOSPI
001515,14046.72,,,,77.86,,,,1.0,,77,3960,0.27,증권,KOSPI
001065,7752.98,,,,944.61,,,,1.0,-303.34,75,21900,0.12,제약,KOSPI
004835,1464.76,,,,62.36,,,,1.0,87.73,75,5370,1.37,"섬유,의류,신발,호화품",KOSPI
118000,328.22,,,,13.25,,,,1.0,628.98,261,1182,52.41,제약,KOSPI
004985,12162.66,,,,436.56,,,,0.9988,4230.66,67,9110,0.26,건축자재,KOSPI
000325,12392.68,,,,645.08,,,,0.5537,-1102.96,69,28450,0.21,건축자재,KOSPI
044380,626.29,,,,-16.77,,,,,-102.53,61,436,,컴퓨터와주변기기,KOSPI
26490K,4448.38,,,,152.65,,,,,-252.47,58,7540,,식품,KOSPI
012205,3897.99,,,,-271.0,,,,,1119.45,56,4825,,자동차부품,KOSPI
090355,7710.52,,,,301.81,,,,1.0,-445.63,56,12150,0.34,건축자재,KOSPI
001770,1003.98,,,,27.38,,,,,32.25,48,3925,,철강,KOSPI
000545,35328.42,,,,1875.04,,,,,,43,5620,,손해보험,KOSPI
000145,24845.04,,,,1832.53,,,,0.4896,13971.48,42,9000,,음료,KOSPI
002995,20184.88,20763.0,23502.0,26418.0,470.84,709.0,1068.0,1246.0,1.0,14.34,44,14900,0.07,건설,KOSPI
009415,21744.84,,,,527.89,,,,0.666,9516.19,39,6030,0.06,건설,KOSPI
005965,17586.26,21183.0,21321.0,23902.0,426.28,807.5,836.0,1021.0,0.9794,4260.97,39,17100,0.07,건설,KOSPI
36328K,792.27,,,,-345.64,,,,,1337.39,33,2805,,"호텔,레스토랑,레저",KOSPI
014825,13728.74,,,,661.56,,,,0.999,2862.38,37,13960,0.07,포장재,KOSPI
005745,10698.82,,,,572.51,,,,0.5442,2039.07,31,5090,0.17,식품,KOSPI
012280,3514.24,,,,152.26,,,,,737.46,383,3865,,자동차부품,KOSPI
000227,1408.85,,,,110.19,,,,0.8944,1.91,26,7980,0.32,제약,KOSPI
001525,6306.28,,,,-207.44,,,,0.9903,3461.53,19,7200,0.09,건축자재,KOSPI
005030,1954.06,,,,5.78,,,,,1111.15,17,18,,자동차부품,KOSPI
005110,80.45,,,,-77.76,,,,0.9805,219.04,11,52,0.02,부동산,KOSPI
011155,1921.18,,,,-9.1,,,,1.0,411.51,11,5260,0.39,식품,KOSPI
008600,1883.23,,,,-210.04,,,,,1445.61,176,2620,,"섬유,의류,신발,호화품",KOSPI
002785,5763.82,,,,-230.04,,,,,-641.95,6,6620,,건설,KOSPI
014285,8021.56,,,,104.97,,,,0.3276,4530.75,34,5820,,건축제품,KOSPI
247540,25315.76,24742.08,34179.75,46524.55,1433.1,803.0,1553.42,2669.91,0.6389,24138.84,123755,126500,314.33,전기제품,KOSDAQ
012690,1240.21,,,,3.17,,,,,-148.75,517,1413,,가정용품,KOSPI
00781K,15097.25,17103.5,19450.5,20506.0,538.16,970.5,1594.0,1876.5,0.8916,1868.81,125,15900,0.26,전자장비와기기,KOSPI
001795,13562.76,,,,565.56,,,,0.9985,893.29,136,2100,,식품,KOSPI
196170,2158.59,4924.4,6635.2,8465.8,1069.0,3126.8,4225.6,5785.0,0.9743,-3420.94,167521,240500,118.25,생물공학,KOSDAQ
028300,841.73,,,,-1042.17,,,,,2425.88,61271,46000,,건강관리장비와용품,KOSDAQ
058470,3725.34,4518.17,5325.17,6252.0,1769.97,2205.33,2599.17,3057.4,,-4266.01,66914,87800,,반도체와반도체장비,KOSDAQ
004545,5082.01,,,,-226.38,,,,,3351.1,13,3640,,종이와목재,KOSPI
108490,389.43,637.89,1179.63,2059.57,33.46,-22.22,237.88,510.14,0.9687,-2343.16,43708,298000,861.41,기계,KOSDAQ
319660,4572.13,6935.25,8440.25,8942.0,884.94,1897.25,2325.25,2393.0,1.0,-2703.36,42031,145100,53.51,반도체와반도체장비,KOSDAQ
000250,2318.05,,,,84.67,,,,0.4374,-505.42,57119,243500,1085.5,제약,KOSDAQ
131290,4289.01,7099.0,8857.0,10575.33,491.72,1918.33,2469.67,3054.0,0.9034,-732.88,34180,309000,89.41,반도체와반도체장비,KOSDAQ
004415,686.03,,,,-4.6,,,,,208.29,9,4040,,식품,KOSPI
064760,3013.34,4153.67,5195.0,6321.33,838.87,1241.83,1682.33,2085.0,,-2920.01,32756,293000,,반도체와반도체장비,KOSDAQ
086520,34130.22,,,,2137.64,,,,0.3772,36725.13,123828,91200,,화학,KOSDAQ
277810,341.23,710.0,1590.0,3140.0,-24.8,120.0,670.0,1310.0,1.0,-555.04,83710,431500,5886.78,기계,KOSDAQ
240810,9097.96,12374.86,16159.71,19073.43,738.14,1770.14,2714.17,3411.5,1.0,-3952.03,65871,134200,78.39,반도체와반도체장비,KOSDAQ
226950,146.67,,,,-299.72,,,,,-1933.29,26992,118000,,생명과학도구및서비스,KOSDAQ
001420,148.65,,,,-9.78,,,,,-346.27,205,2700,,자동차부품,KOSPI
009190,2234.85,,,,56.21,,,,1.0,115.99,274,610,2.92,철강,KOSPI
005290,11941.45,,,,1724.49,,,,1.0,1638.29,25740,50500,25.98,반도체와반도체장비,KOSDAQ
031980,2077.64,2836.8,4108.6,4661.5,734.01,1101.2,1657.4,1895.5,1.0,-2002.49,45173,209500,49.27,반도체와반도체장비,KOSDAQ
178320,10663.31,18406.67,24342.33,28006.0,11.46,634.67,2904.0,3491.5,0.9947,12855.38,26222,41150,,전기장비,KOSDAQ
440110,924.19,3923.5,7396.0,9689.5,-654.7,928.5,2266.0,3103.0,0.9986,-155.41,41592,83000,,반도체와반도체장비,KOSDAQ
145020,4251.1,5219.71,6583.0,8110.64,2008.51,2002.57,2694.0,3534.57,0.9659,-5775.76,22690,181300,16.11,생물공학,KOSDAQ
004870,50.35,,,,-36.06,,,,,89.15,223,984,,건축자재,KOSPI
214370,728.08,,,,204.0,,,,1.0,-355.61,22265,41450,110.78,건강관리업체및서비스,KOSDAQ
067310,15344.19,24934.0,28086.5,31338.5,1276.89,4170.5,4299.0,4811.0,0.8224,9297.05,33378,50200,87.58,반도체와반도체장비,KOSDAQ
002787,5763.82,,,,-230.04,,,,,-641.95,3,9970,,건설,KOSPI
003780,906.55,,,,84.44,,,,1.0,259.79,552,4245,7.95,화학,KOSPI
007575,2724.22,,,,49.63,,,,0.968,868.05,35,7940,0.51,제약,KOSPI
140860,2056.13,2455.0,2964.38,3494.71,421.91,502.38,694.75,858.29,0.9994,-346.99,21813,311500,63.27,전자장비와기기,KOSDAQ
095610,3511.16,4824.14,6142.86,7846.0,578.38,1037.57,1409.83,1950.2,1.0,-1629.64,31615,163300,55.54,반도체와반도체장비,KOSDAQ
080220,3022.31,,,,358.74,,,,1.0,-135.3,29621,86000,74.97,반도체와반도체장비,KOSDAQ
141080,1415.53,1777.0,2604.0,4304.0,-1064.86,-1348.0,-553.0,1145.0,1.0,-3790.96,27394,74000,,제약,KOSDAQ
298380,793.5,,,,-403.9,,,,,-1116.35,26958,48150,,생물공학,KOSDAQ
010170,1394.47,2035.25,2591.75,3307.0,-214.11,58.0,170.0,227.33,1.0,729.23,26386,16970,,통신장비,KOSDAQ
403870,1729.65,2494.0,3786.83,4558.8,899.02,1391.0,2150.33,2629.8,,-2108.04,52672,64000,,반도체와반도체장비,KOSDAQ
043260,2315.77,2674.0,5014.0,8955.5,75.51,410.0,1081.0,2372.0,0.9237,6168.31,24560,32550,27.0,전기제품,KOSDAQ
131970,3038.74,3376.75,4929.75,5521.0,-9.41,375.75,1098.25,1356.0,,1144.96,23830,123300,,반도체와반도체장비,KOSDAQ
257720,11162.87,16098.77,20511.54,24899.18,2053.62,2955.0,3777.0,4621.55,1.0,505.01,23411,35700,13.89,인터넷과카탈로그소매,KOSDAQ
060370,2442.05,3131.67,4406.33,5169.67,70.09,166.67,483.0,718.67,1.0,-1998.23,16690,31950,199.74,건설,KOSDAQ
084370,3503.24,5000.0,6717.0,7240.0,516.72,1023.0,1669.0,1800.0,0.9804,-3301.69,39347,171700,92.67,반도체와반도체장비,KOSDAQ
036540,3673.89,5593.8,8085.0,8705.0,-196.27,-55.8,795.2,780.0,0.997,-36.31,19045,11580,,반도체와반도체장비,KOSDAQ
0009K0,472.78,,,,207.69,,,,1.0,-910.94,16056,24650,319.65,생물공학,KOSDAQ
357780,9233.82,12087.75,14768.5,17366.29,1336.42,2030.5,2748.88,3590.57,0.9612,-2201.36,32125,413000,40.63,반도체와반도체장비,KOSDAQ
089970,1444.12,3155.0,4223.0,5357.0,246.73,926.0,1358.0,1854.0,1.0,-1895.97,17739,66800,67.88,반도체와반도체장비,KOSDAQ
036930,3106.93,3644.0,4970.0,7889.0,312.58,408.0,1401.0,3164.0,1.0,-786.83,122478,263500,343.14,반도체와반도체장비,KOSDAQ
140410,79.1,,,,-167.69,,,,,-229.92,21217,69000,,식품,KOSDAQ
437730,950.42,,,,8.05,,,,1.0,-167.8,15346,48400,147.44,자동차부품,KOSDAQ
014915,536.75,,,,16.73,,,,0.9921,211.19,30,5000,1.5,전기제품,KOSPI
950160,51.59,60.0,60.0,1010.0,-223.23,-290.0,-450.0,-300.0,,-325.66,13757,16190,,생물공학,KOSDAQ
237690,3316.81,4176.69,5185.77,6217.31,549.33,752.92,1028.46,1336.31,0.9958,-901.33,19227,92100,34.96,제약,KOSDAQ
078600,2546.13,,,,206.86,,,,0.9886,2444.42,18044,114900,87.33,전자장비와기기,KOSDAQ
039030,3808.91,4913.0,6484.0,7113.5,807.53,1332.0,2143.5,2373.0,0.9954,-3307.95,63938,519000,111.75,반도체와반도체장비,KOSDAQ
950260,,154.0,,1595.0,-331.92,-136.0,-291.0,1293.0,1.0,-120.49,12509,25300,,생물공학,KOSDAQ
098460,2326.47,3467.54,4031.05,4452.0,173.42,579.66,735.99,871.5,0.9997,-1345.74,25474,37350,172.63,전자장비와기기,KOSDAQ
183300,6041.1,7160.0,8510.0,10050.0,1109.92,1200.0,1630.0,2030.0,0.6403,5404.46,17207,33500,34.51,반도체와반도체장비,KOSDAQ
001527,6306.28,,,,-207.44,,,,0.9903,3461.53,10,4995,0.05,건축자재,KOSPI
058610,3416.7,3596.8,3990.4,4706.5,179.39,212.2,283.2,343.25,0.942,302.52,21579,97300,236.28,전기제품,KOSDAQ
083450,3471.59,4399.5,5227.5,5845.0,591.72,759.0,945.5,1080.5,0.9988,-1230.35,10579,57400,23.36,반도체와반도체장비,KOSDAQ
036830,5566.47,,,,88.6,,,,0.9835,2251.22,10293,50200,2.11,전기제품,KOSDAQ
263750,3655.65,7523.0,4385.8,5883.25,-148.08,3495.2,1170.2,1980.5,1.0,-6477.65,20550,32700,,게임엔터테인먼트,KOSDAQ
101490,2437.33,,,,503.9,,,,1.0,-419.28,11265,52800,19.34,반도체와반도체장비,KOSDAQ
021050,17136.11,,,,533.23,,,,1.0,5839.26,520,1096,,비철금속,KOSPI
039200,998.39,750.0,680.0,1210.0,520.81,220.0,130.0,620.0,0.5492,-1928.59,14385,37600,27.48,제약,KOSDAQ
293490,4650.19,3441.33,6525.0,6372.0,-395.91,-890.89,627.78,401.0,1.0,386.6,9959,9330,,게임엔터테인먼트,KOSDAQ
232140,2726.3,3780.0,4633.17,5892.0,169.9,546.33,723.5,1079.25,0.652,-630.51,13948,17000,72.31,반도체와반도체장비,KOSDAQ
323280,378.59,,,,-25.06,,,,1.0,196.6,19086,62500,,전자장비와기기,KOSDAQ
222800,14105.6,20908.5,25296.1,29263.33,118.69,2582.9,4385.0,5657.56,0.9992,6473.13,65693,170700,,전자장비와기기,KOSDAQ
003380,132148.84,,,,8874.27,,,,0.4472,80504.36,12813,11440,5.58,식품,KOSDAQ
388210,1605.56,2045.0,2831.2,3464.75,517.82,666.0,946.8,1208.25,0.9431,-378.41,9201,95300,,반도체와반도체장비,KOSDAQ
041510,11749.35,12538.33,13645.67,14636.63,1830.34,1863.28,2155.72,2405.81,0.9362,-4490.5,17835,77900,5.14,방송과엔터테인먼트,KOSDAQ
356860,2584.98,3705.18,4759.45,6523.56,259.63,568.27,827.55,1213.33,1.0,817.37,12538,52900,65.82,반도체와반도체장비,KOSDAQ
095340,2201.95,3143.5,4036.86,4951.67,600.54,1033.5,1430.14,1766.5,0.9969,-3589.93,42394,200000,75.53,반도체와반도체장비,KOSDAQ
420770,524.35,982.85,2161.85,2031.25,121.01,333.63,971.73,880.25,0.9993,-1146.44,17429,137500,112.79,반도체와반도체장비,KOSDAQ
030530,6229.92,,,,-4.18,,,,0.543,3696.65,22129,28650,80.81,반도체와반도체장비,KOSDAQ
115180,69.83,,,,-297.64,,,,,110.43,8389,22350,,제약,KOSDAQ
087010,56.35,,,,-212.57,,,,,-440.15,21335,91500,,생물공학,KOSDAQ
204270,1856.53,2000.0,5149.0,6055.0,-779.96,-432.0,1080.0,1404.0,1.0,2295.93,15619,27000,,핸드셋,KOSDAQ
083650,7741.17,11733.5,14322.33,17089.5,754.97,1443.5,1764.0,2224.0,1.0,59.88,16493,53300,25.3,에너지장비및서비스,KOSDAQ
011090,2152.43,,,,5.45,,,,0.9903,282.75,187,1580,,가구,KOSPI
458870,481.71,1290.77,1724.15,2150.5,163.27,563.53,781.28,1000.83,1.0,-207.13,10008,26100,62.2,건강관리기술,KOSDAQ
290650,854.76,1667.5,2473.0,3202.0,44.16,372.75,664.0,911.0,1.0,222.33,15049,55800,,건강관리장비와용품,KOSDAQ
035900,8218.55,8195.42,8768.21,8924.19,1552.46,1489.37,1655.79,1672.06,1.0,-3545.21,13822,38900,8.61,방송과엔터테인먼트,KOSDAQ
214150,3368.2,4379.53,5492.47,6716.4,1706.01,1912.4,2516.67,3169.4,1.0,122.67,19636,30100,14.88,건강관리장비와용품,KOSDAQ
161580,1034.41,,,,-348.92,,,,0.7447,279.09,9799,41800,,전자장비와기기,KOSDAQ
160190,735.44,,,,-89.09,,,,0.9936,-375.23,9606,31100,,기계,KOSDAQ
327260,640.84,1001.4,1504.2,1959.8,73.7,183.8,315.6,439.2,0.8275,-467.19,9533,53000,134.99,우주항공과국방,KOSDAQ
251970,3719.61,4487.4,5152.59,5764.63,565.15,735.34,872.37,1001.88,0.8005,-1209.86,8159,65800,23.69,포장재,KOSDAQ
166090,2734.82,3788.4,4594.8,5372.67,500.81,1000.2,1316.4,1669.67,0.9999,716.46,12717,64300,33.14,반도체와반도체장비,KOSDAQ
310210,75.12,55.0,130.0,250.0,-543.85,-875.0,-595.0,-530.0,,-588.45,25654,137800,,제약,KOSDAQ
445680,51.52,,,,-123.14,,,,,-99.84,9095,52800,,생명과학도구및서비스,KOSDAQ
241710,6409.29,8482.64,9913.18,11361.2,835.37,1142.45,1401.09,1656.3,0.879,1419.95,11972,112100,26.35,화장품,KOSDAQ
195940,10631.51,10981.07,11711.27,12496.77,1108.77,1307.2,1480.47,1688.62,,3357.6,11417,40300,,제약,KOSDAQ
074600,9436.41,10971.0,12512.0,14229.0,596.1,1166.33,1503.67,1701.67,0.9458,7630.57,8504,32350,37.8,반도체와반도체장비,KOSDAQ
068760,5364.0,6110.0,7030.0,8010.0,560.92,700.0,860.0,1000.0,,363.36,17228,38800,,제약,KOSDAQ
056190,16309.5,16906.33,19794.0,21640.0,858.61,1184.67,1795.0,2100.0,0.8997,-1321.51,11239,31300,20.4,기계,KOSDAQ
281740,1412.34,,,,132.71,,,,0.9853,1714.88,8460,12870,110.04,화학,KOSDAQ
053800,2676.57,,,,332.77,,,,1.0,-2977.41,8367,75200,15.42,소프트웨어,KOSDAQ
127120,193.16,,,,-124.87,,,,,-86.33,10628,28500,,생명과학도구및서비스,KOSDAQ
032500,975.19,1036.5,2703.0,5522.0,-237.66,-202.5,577.5,1897.0,1.0,156.42,8354,19800,,통신장비,KOSDAQ
214450,5362.89,6997.13,8538.53,10218.14,2143.96,2726.87,3411.0,4102.93,0.993,-3746.45,31065,299000,18.81,건강관리장비와용품,KOSDAQ
089030,1591.28,,,,158.38,,,,1.0,2756.07,20342,54900,216.36,반도체와반도체장비,KOSDAQ
059090,9770.37,,,,1010.04,,,,0.3936,9044.79,8137,24350,27.58,반도체와반도체장비,KOSDAQ
044490,3496.54,3898.75,4350.33,4966.5,50.22,262.25,391.67,494.5,,457.06,7163,35800,,에너지장비및서비스,KOSDAQ
347850,42.98,,,,-339.93,,,,1.0,-371.64,19755,42950,,생물공학,KOSDAQ
425420,1117.42,1733.5,2189.0,2650.0,190.56,360.0,535.5,674.0,1.0,-568.41,7878,63800,43.51,반도체와반도체장비,KOSDAQ
491000,511.92,697.0,1639.0,2708.0,-226.42,-331.0,-65.0,364.0,1.0,-509.08,9458,37450,,건강관리장비와용품,KOSDAQ
295310,665.32,1127.6,1813.4,2448.0,58.37,151.6,303.8,446.0,,-134.68,9323,74300,,비철금속,KOSDAQ
082920,2430.83,3073.0,3618.0,4129.0,692.68,896.0,1048.33,1216.0,1.0,-1487.02,12639,28000,22.2,전기제품,KOSDAQ
033100,2240.17,,,,670.27,,,,,-1533.75,7758,48300,,전기장비,KOSDAQ
100790,2398.48,,,,351.16,,,,1.0,,9025,16990,29.18,창업투자,KOSDAQ
033640,5214.39,6079.5,7069.0,8110.0,237.61,575.0,858.5,1210.0,0.7294,2104.86,7633,33100,46.03,반도체와반도체장비,KOSDAQ
065350,9453.64,,,,276.9,,,,0.8971,3139.82,8919,32450,41.07,가정용기기와용품,KOSDAQ
319400,3939.41,,,,182.13,,,,1.0,409.52,22888,20550,202.66,기계,KOSDAQ
041960,524.65,,,,19.6,,,,0.8926,139.81,8462,11340,,제약,KOSDAQ
417200,1535.82,1920.0,2191.0,,-1.42,12.0,91.0,,1.0,90.69,11115,16430,2555.17,전기제품,KOSDAQ
099320,2069.17,2449.33,3155.33,3624.0,101.8,183.33,354.33,407.0,0.729,-606.71,7578,69200,49.56,우주항공과국방,KOSDAQ
328130,831.29,,,,-831.04,,,,,-731.65,8414,11300,,건강관리기술,KOSDAQ
213420,3443.1,4497.0,5307.75,5898.0,607.42,943.25,1091.0,1274.25,0.9325,-308.98,7400,29800,13.91,디스플레이장비및부품,KOSDAQ
476830,79.2,,,,-145.97,,,,,-342.25,7393,26350,,생물공학,KOSDAQ
038500,6769.27,,,,765.83,,,,1.0,4112.72,7371,6830,18.06,건축자재,KOSDAQ
218410,1858.04,2624.25,3514.33,3806.0,308.89,550.5,797.67,899.5,0.9056,-1392.21,15414,58000,53.79,통신장비,KOSDAQ
053610,2305.43,2825.0,3055.0,3210.0,463.07,746.0,800.0,855.0,1.0,-1301.82,7308,81200,15.34,반도체와반도체장비,KOSDAQ
090710,1683.05,,,,-173.22,,,,,-77.4,7257,6070,,기계,KOSDAQ
036810,2802.63,3363.0,3915.0,4307.0,-5.47,277.0,427.0,586.0,0.971,2291.71,7253,33500,,반도체와반도체장비,KOSDAQ
033790,2647.61,,,,88.47,,,,,-681.81,9891,11500,,전기제품,KOSDAQ
032190,180519.61,,,,15998.81,,,,0.2,-483882.0,7101,18540,3.25,증권,KOSDAQ
253590,639.37,1257.95,1678.85,2300.0,40.55,279.4,389.4,536.0,1.0,-362.79,7076,16130,132.46,반도체와반도체장비,KOSDAQ
096530,4742.32,5447.0,6126.0,6954.0,345.5,900.5,1117.5,1303.5,1.0,-4522.55,17736,37950,36.74,생명과학도구및서비스,KOSDAQ
080580,943.74,1461.0,2411.0,3735.0,110.86,296.5,558.5,872.0,0.9976,178.21,5821,27600,75.17,반도체와반도체장비,KOSDAQ
014620,2456.7,2810.0,3594.5,4377.0,419.56,488.0,701.5,831.0,1.0,-1382.0,7662,28850,22.25,기계,KOSDAQ
122640,870.56,1435.0,2431.0,3222.0,37.93,254.0,656.0,1004.0,0.9913,430.58,6972,32200,,반도체와반도체장비,KOSDAQ
031330,37565.94,,,,1139.01,,,,1.0,8764.27,8600,8600,11.34,전자장비와기기,KOSDAQ
085660,12682.54,,,,-487.75,,,,,4524.05,7587,8160,,건강관리업체및서비스,KOSDAQ
023160,2969.66,3285.0,4299.5,4477.0,387.35,452.5,890.5,766.0,0.9927,-2775.83,6777,26200,10.61,기계,KOSDAQ
476060,533.92,1112.0,1533.0,1973.0,126.19,258.0,483.0,733.0,,-623.45,6698,14750,,제약,KOSDAQ
358570,58.38,,,,-406.55,,,,,-373.18,5452,8450,,생물공학,KOSDAQ
007390,207.35,,,,-36.46,,,,1.0,-15.12,15915,24700,,생물공학,KOSDAQ
225570,1793.17,,,,-602.4,,,,0.9999,-552.43,6579,9990,,게임엔터테인먼트,KOSDAQ
388720,369.18,,,,-126.2,,,,,-93.69,8176,69400,,기계,KOSDAQ
093320,1592.44,1762.0,1914.0,2039.0,238.83,360.0,392.0,426.0,0.9056,98.98,6305,129200,36.87,IT서비스,KOSDAQ
032820,871.35,,,,-54.87,,,,0.9994,1661.95,20112,11640,2539.39,우주항공과국방,KOSDAQ
126340,822.29,1388.5,2310.0,3700.0,17.74,38.0,285.0,640.0,1.0,1115.56,6304,87800,,전기장비,KOSDAQ
219130,806.79,1337.0,1790.0,2535.0,72.19,287.0,466.0,704.0,,-151.58,6125,97000,,반도체와반도체장비,KOSDAQ
102710,6708.96,7460.0,8647.0,9739.0,780.77,969.67,1222.67,1477.0,0.9896,998.82,7144,50000,13.75,반도체와반도체장비,KOSDAQ
064290,897.65,1058.6,1909.8,2343.5,-37.35,72.8,542.6,732.75,0.9962,170.81,7877,60600,,반도체와반도체장비,KOSDAQ
124500,88708.45,103309.0,104090.0,108560.0,2799.26,2926.5,3240.0,3400.0,0.2387,-865.01,6080,26200,13.03,IT서비스,KOSDAQ
078350,6510.51,,,,238.71,,,,1.0,-191.32,5938,38950,39.65,반도체와반도체장비,KOSDAQ
050890,2948.3,3352.0,3798.0,4436.0,332.83,361.0,454.0,634.0,1.0,57.03,5930,9760,16.28,통신장비,KOSDAQ
121600,1117.45,1483.0,2219.0,3612.0,46.81,183.0,302.0,550.0,1.0,-655.77,7750,63200,474.01,화학,KOSDAQ
466100,414.06,,,,-31.81,,,,,-372.16,6980,22550,,기계,KOSDAQ
214430,1242.76,1461.0,1770.0,1974.0,164.58,203.67,263.33,309.5,,-514.69,5787,79200,,우주항공과국방,KOSDAQ
399720,685.1,,,,-167.21,,,,1.0,-376.14,5621,47400,,반도체와반도체장비,KOSDAQ
490470,1209.52,2168.0,3064.0,4348.0,-533.94,-35.0,358.0,690.0,1.0,-924.55,7605,22350,,반도체와반도체장비,KOSDAQ
067630,457.52,,,,-220.27,,,,0.9889,1490.9,5511,4520,,건강관리장비와용품,KOSDAQ
069540,317.7,,,,-165.31,,,,,-57.55,5511,4890,,통신장비,KOSDAQ
122870,5454.04,6258.39,5726.5,6127.87,713.42,753.56,718.56,809.27,0.828,-2460.68,7570,40500,20.51,방송과엔터테인먼트,KOSDAQ
171090,5157.61,4205.0,6342.0,6990.0,1115.26,961.0,1489.0,1740.0,1.0,-858.36,7565,74700,7.84,디스플레이장비및부품,KOSDAQ
089890,823.79,1790.0,2500.0,,173.92,390.0,650.0,,1.0,-264.81,5448,32850,41.26,반도체와반도체장비,KOSDAQ
077360,2364.05,3566.6,4421.8,5118.33,28.13,343.4,577.2,775.67,0.9835,2422.87,6411,14110,,반도체와반도체장비,KOSDAQ
060250,12348.83,15164.25,17078.75,18808.75,546.88,604.0,720.25,809.0,0.9954,-3073.46,5325,13260,11.75,IT서비스,KOSDAQ
086450,9268.84,10480.5,11796.5,13112.33,965.54,1100.5,1275.25,1398.33,0.9548,-512.75,10109,22350,15.31,제약,KOSDAQ
383310,1410.57,,,,117.1,,,,1.0,-373.1,5286,25200,39.98,상업서비스와공급품,KOSDAQ
253450,5306.85,5874.0,6477.83,6970.0,303.59,475.33,585.17,681.0,1.0,110.4,6297,20950,61.02,방송과엔터테인먼트,KOSDAQ
119850,2626.34,2945.75,3951.25,5011.75,493.72,463.0,713.5,1000.0,0.997,-816.73,7904,48050,19.79,전기장비,KOSDAQ
144960,5779.9,7059.33,8068.0,9158.0,286.69,691.67,819.67,921.0,0.8596,1686.62,6117,14000,71.77,반도체와반도체장비,KOSDAQ
046890,10135.24,11334.0,11976.0,12510.0,-315.16,148.0,281.0,360.0,0.7649,796.21,6052,10380,,디스플레이장비및부품,KOSDAQ
094170,1276.31,,,,24.19,,,,,-571.58,5165,24700,,반도체와반도체장비,KOSDAQ
137400,7448.89,7600.0,9520.0,10770.0,956.48,750.0,1180.0,1400.0,0.9003,2517.07,7853,33150,10.56,전기제품,KOSDAQ
035760,51345.11,52328.67,55894.5,57552.38,1328.88,1307.58,2084.17,2501.88,1.0,18985.16,7763,35400,26.31,방송과엔터테인먼트,KOSDAQ
290550,4257.76,5366.0,7344.0,,215.74,344.5,575.25,,1.0,167.24,5070,25350,21.88,핸드셋,KOSDAQ
045100,11181.81,,,,537.11,,,,1.0,-1968.87,5793,33100,13.87,반도체와반도체장비,KOSDAQ
047920,2055.82,,,,10.64,,,,1.0,8.93,5646,12960,123.49,제약,KOSDAQ
092870,660.27,1344.67,2120.0,2961.0,0.8,216.33,413.0,673.0,1.0,-176.49,6904,52900,77.02,반도체와반도체장비,KOSDAQ
468530,29.51,30.0,130.0,250.0,-113.68,-150.0,-70.0,40.0,,-186.44,4970,44750,,생물공학,KOSDAQ
189300,3196.28,4018.5,4850.23,5842.75,119.54,367.63,567.1,907.25,1.0,1416.05,6851,63800,91.79,통신장비,KOSDAQ
211050,10217.69,,,,948.44,,,,1.0,106.39,4867,9880,6.73,손해보험,KOSDAQ
252990,779.85,1240.0,1578.33,1909.0,146.66,348.67,468.67,584.0,,-186.89,10960,18200,,반도체와반도체장비,KOSDAQ
048410,35.17,,,,-181.61,,,,,-197.81,6659,6900,,화장품,KOSDAQ
082270,815.31,,,,37.93,,,,,406.8,4844,10650,,반도체와반도체장비,KOSDAQ
042000,3147.64,,,,402.27,,,,1.0,-1719.73,5380,22250,13.77,IT서비스,KOSDAQ
024850,322.64,390.0,440.0,530.0,-375.51,-370.0,-330.0,-320.0,,-153.62,6407,18550,,반도체와반도체장비,KOSDAQ
090360,757.35,,,,-56.61,,,,1.0,-309.73,7352,75400,,기계,KOSDAQ
098120,1003.14,,,,177.45,,,,0.9951,-232.19,4788,57600,28.35,반도체와반도체장비,KOSDAQ
112040,6140.4,,,,106.78,,,,1.0,-1325.67,5255,15480,,게임엔터테인먼트,KOSDAQ
347700,956.39,2941.67,4644.67,6076.0,90.52,137.33,436.67,706.5,1.0,2533.02,13094,25400,7702.35,우주항공과국방,KOSDAQ
200470,1109.99,,,,52.67,,,,,864.87,4772,10890,,반도체와반도체장비,KOSDAQ
079940,3356.81,,,,404.86,,,,0.5075,858.45,5194,38700,32.89,IT서비스,KOSDAQ
052020,69.84,,,,-234.73,,,,,-490.76,5133,7550,,판매업체,KOSDAQ
456160,4.23,,,,-122.02,,,,,-1743.1,6993,42050,,제약,KOSDAQ
034950,1097.81,,,,343.4,,,,0.8587,-954.91,4699,103500,18.63,상업서비스와공급품,KOSDAQ
356680,481.36,,,,37.53,,,,,-64.63,5118,17930,,소프트웨어,KOSDAQ
037460,42910.97,,,,1624.48,,,,0.6393,8288.76,5067,31050,6.7,통신장비,KOSDAQ
041830,2339.48,2887.5,3415.83,3973.2,367.53,586.83,730.33,884.6,1.0,-1370.02,6943,51500,22.67,건강관리장비와용품,KOSDAQ
348340,189.54,,,,-148.57,,,,,356.17,4986,21300,,기계,KOSDAQ
125490,1558.82,1983.75,2505.0,2600.0,102.93,132.0,215.0,230.0,0.9965,797.46,4625,12670,126.44,자동차부품,KOSDAQ
099190,3154.45,3384.0,3831.0,4294.0,78.87,142.5,238.0,325.0,1.0,988.15,4915,16620,,건강관리장비와용품,KOSDAQ
009520,3574.32,,,,10.34,,,,,-390.98,5464,13120,,철강,KOSDAQ
019210,6393.83,8890.0,,,665.28,1910.0,,,0.9983,6598.94,4512,12130,17.84,기계,KOSDAQ
056080,281.89,,,,-50.33,,,,,-197.8,4852,12690,,기계,KOSDAQ
365340,1946.29,3290.0,4191.5,4837.5,-545.34,189.0,270.5,357.0,0.8914,4102.47,4839,37450,,전기제품,KOSDAQ
101160,2917.65,,,,585.44,,,,1.0,-1961.41,5292,32050,12.92,반도체와반도체장비,KOSDAQ
336570,1568.38,1888.5,2182.0,2615.0,516.85,477.5,559.0,675.0,1.0,-858.24,4424,4955,12.56,건강관리장비와용품,KOSDAQ
086900,2472.9,2717.0,3006.67,3323.0,170.04,294.0,386.33,522.0,1.0,766.53,4824,66100,29.07,생물공학,KOSDAQ
460930,2482.04,,,,287.64,,,,1.0,-50.57,4375,12320,20.45,조선,KOSDAQ
052400,3091.64,3473.4,4087.75,4677.75,888.99,1074.8,1272.0,1498.0,0.9735,-2478.78,5214,35800,6.99,IT서비스,KOSDAQ
025980,2580.71,,,,83.16,,,,0.4757,5657.45,4773,4905,,"호텔,레스토랑,레저",KOSDAQ
035890,11001.3,9170.0,11230.0,12690.0,1443.89,990.0,1450.0,1690.0,1.0,-4931.72,4370,2105,3.59,건설,KOSDAQ
278280,1338.5,2042.5,2600.5,3251.0,37.11,-102.0,223.5,372.5,0.9299,2124.06,4766,38900,,전기제품,KOSDAQ
104830,3224.67,3841.67,4647.0,5590.0,564.98,679.0,931.0,1269.5,1.0,92.96,5125,40650,10.52,화학,KOSDAQ
107640,1752.65,2276.5,3755.0,4645.0,40.26,-22.0,185.5,415.0,0.7127,1049.81,4292,47350,105.33,전기장비,KOSDAQ
089010,6374.86,7820.0,8610.0,9320.0,232.01,440.0,590.0,840.0,0.9886,3817.36,4729,28200,46.12,전자장비와기기,KOSDAQ
441270,2391.21,4318.43,6391.67,7863.5,19.35,297.0,553.33,697.0,0.9668,1569.58,4208,9950,,핸드셋,KOSDAQ
174900,47.14,,,,-176.36,,,,,-289.37,5028,25200,,생물공학,KOSDAQ
159010,679.24,,,,-70.15,,,,1.0,414.75,4634,34750,,기계,KOSDAQ
067160,4665.7,4468.25,4582.5,4907.33,1248.4,908.25,964.5,1093.0,0.9795,-4802.39,4173,37300,4.1,양방향미디어와서비스,KOSDAQ
348210,669.14,826.67,1187.0,1503.0,-11.61,66.67,281.33,455.33,0.9898,603.27,4159,39700,,반도체와반도체장비,KOSDAQ
222080,4071.81,,,,335.1,,,,1.0,-2279.32,6759,8690,23.52,전기제품,KOSDAQ
475830,0.24,,,,-517.59,,,,1.0,-1557.02,4118,18930,,제약,KOSDAQ
033500,7421.86,8223.0,8962.0,9606.0,725.59,1133.5,1332.0,1565.0,1.0,-499.7,4555,15190,8.15,화학,KOSDAQ
475960,113.07,200.0,346.0,660.0,-55.69,-22.0,18.0,195.0,1.0,-274.52,4474,33200,,생명과학도구및서비스,KOSDAQ
368770,434.72,589.0,,,101.17,159.0,,,0.9864,-49.81,4452,13550,47.82,전자장비와기기,KOSDAQ
204620,1540.57,1921.0,2094.0,,289.85,350.0,407.0,,0.9786,-1474.55,4020,5720,11.58,기타금융,KOSDAQ
272290,4396.34,4585.0,6222.0,8293.0,819.21,519.0,728.0,1086.0,1.0,1004.0,4446,22300,7.66,디스플레이장비및부품,KOSDAQ
215200,8849.45,8989.5,9177.0,9369.5,1210.2,1197.0,1230.5,1261.0,0.9548,-15.02,4011,38700,4.7,교육서비스,KOSDAQ
348370,3127.94,,,,-783.87,,,,,2450.6,4777,21800,,전기제품,KOSDAQ
397030,21.72,80.0,310.0,260.0,-72.64,-50.0,170.0,110.0,,-801.97,3985,14460,,제약,KOSDAQ
079370,3833.08,,,,-44.65,,,,0.9712,-12.47,4373,14100,,반도체와반도체장비,KOSDAQ
241770,946.14,,,,153.6,,,,1.0,-553.22,3965,38900,31.43,반도체와반도체장비,KOSDAQ
041190,1628.67,,,,1380.76,,,,1.0,,4764,5970,4.31,창업투자,KOSDAQ
393890,1108.13,,,,-1276.43,,,,1.0,8853.52,3865,11420,,전기제품,KOSDAQ
027360,507.49,,,,118.86,,,,1.0,,4319,3565,51.92,창업투자,KOSDAQ
332570,1254.77,3178.0,4484.0,5593.0,39.09,308.0,473.0,631.0,0.9952,-511.43,3850,8380,22.34,핸드셋,KOSDAQ
015750,43826.7,,,,2426.83,,,,0.949,12602.2,4656,5820,2.76,자동차부품,KOSDAQ
092190,7638.09,,,,2.26,,,,0.3929,2229.08,3802,8290,,디스플레이장비및부품,KOSDAQ
030520,3267.45,3870.0,4204.0,4441.25,363.97,487.75,587.0,639.5,0.9894,-1085.14,4188,17320,12.18,소프트웨어,KOSDAQ
095660,4327.26,4164.8,4787.2,5303.75,599.8,332.6,482.0,639.0,1.0,-2864.96,3802,17570,7.61,게임엔터테인먼트,KOSDAQ
018290,4371.84,5220.67,6088.0,6870.0,828.69,602.67,817.0,1030.0,0.9565,-680.69,4556,13040,7.48,화장품,KOSDAQ
477850,114.59,232.0,434.0,,-80.41,-5.0,128.0,,1.0,-438.61,3737,21050,,소프트웨어,KOSDAQ
052710,2537.65,2643.5,3361.0,4450.0,55.05,80.0,316.5,520.0,1.0,1026.78,4119,22050,52.01,핸드셋,KOSDAQ
187660,92.73,,,,-73.76,,,,,49.44,4055,6340,,제약,KOSDAQ
033160,14038.23,19903.0,28376.5,36760.0,141.86,1139.33,1744.0,2095.0,0.7114,11783.65,4842,19710,364.06,반도체와반도체장비,KOSDAQ
069080,1744.37,1560.0,1750.5,1930.25,297.28,221.0,282.0,309.0,1.0,-614.08,3688,11910,15.35,게임엔터테인먼트,KOSDAQ
486990,131.01,,,,-152.79,,,,,-102.29,4043,18900,,IT서비스,KOSDAQ
025320,2615.38,,,,67.59,,,,1.0,17.75,3657,3965,49.59,핸드셋,KOSDAQ
417840,482.89,1193.3,1555.14,,46.35,355.61,516.47,,1.0,138.93,4784,20850,137.87,반도체와반도체장비,KOSDAQ
354320,1878.25,2030.0,2719.0,3189.0,62.21,36.0,227.0,341.0,1.0,938.26,3579,56000,,자동차부품,KOSDAQ
330860,1140.9,1320.0,1457.0,1670.0,47.56,257.33,381.5,578.5,,301.79,3990,32750,,반도체와반도체장비,KOSDAQ
078340,6964.24,7303.67,7938.56,8314.0,26.34,500.78,771.33,876.5,1.0,516.61,4323,35750,11.85,게임엔터테인먼트,KOSDAQ
170920,3103.85,4585.5,6687.5,8598.0,296.29,733.5,1174.0,1545.0,0.489,-460.06,4321,40900,89.76,반도체와반도체장비,KOSDAQ
168360,698.62,1019.0,1257.0,1425.0,31.84,203.0,336.0,426.0,1.0,62.46,3538,15800,,전자장비와기기,KOSDAQ
039440,3280.59,,,,197.19,,,,1.0,-696.61,3916,25250,25.4,반도체와반도체장비,KOSDAQ
482630,1253.86,1599.5,1896.0,2088.5,176.32,242.5,326.0,382.0,,-93.84,3476,15880,,반도체와반도체장비,KOSDAQ
078130,677.85,,,,-4.95,,,,,-178.57,4205,3730,,종이와목재,KOSDAQ
138080,573.77,791.67,1150.33,1731.67,-159.99,8.67,159.0,408.67,1.0,99.16,3806,30750,,통신장비,KOSDAQ
425040,2797.08,,,,248.38,,,,0.9014,485.91,3431,15650,21.51,반도체와반도체장비,KOSDAQ
200710,1645.12,2378.0,3052.0,3492.0,28.53,95.0,307.0,349.0,0.9879,101.24,3783,28100,104.88,반도체와반도체장비,KOSDAQ
114810,1988.3,2333.0,2786.0,,333.17,427.0,613.0,,0.9727,-39.84,4123,14650,14.5,반도체와반도체장비,KOSDAQ
091580,2500.84,3432.0,3980.0,4760.0,86.55,260.0,331.0,440.0,1.0,696.31,3372,25300,167.59,전기제품,KOSDAQ
064260,2253.77,,,,23.12,,,,1.0,1643.99,3362,4445,,IT서비스,KOSDAQ
092730,1321.84,,,,287.75,,,,1.0,-1398.24,3718,23200,13.36,화장품,KOSDAQ
013030,2145.66,,,,589.11,,,,0.9905,-2230.76,4048,34400,8.05,기계,KOSDAQ
017890,4238.83,,,,318.17,,,,0.8102,-577.62,3326,16090,10.85,화학,KOSDAQ
036200,2733.3,3462.0,4030.0,4379.0,109.02,280.0,422.0,502.0,1.0,-541.46,3306,10780,36.82,반도체와반도체장비,KOSDAQ
046970,424.75,,,,-6.77,,,,,-72.58,3646,8320,,컴퓨터와주변기기,KOSDAQ
340570,1641.58,1921.67,2239.0,2594.0,463.51,719.33,837.0,1015.0,0.9838,-1021.16,4411,27450,11.59,건강관리장비와용품,KOSDAQ
455900,46.41,,,,-102.76,,,,,-236.9,3240,21050,,건강관리장비와용품,KOSDAQ
448900,369.31,,,,14.56,,,,1.0,105.08,3226,53100,,자동차부품,KOSDAQ
389470,29.39,,,,-283.81,,,,,-809.46,3553,26700,,제약,KOSDAQ
101730,1488.4,,,,-487.45,,,,1.0,-732.87,3947,4710,,게임엔터테인먼트,KOSDAQ
446540,432.4,,,,-41.75,,,,,-242.2,3207,11030,,전자장비와기기,KOSDAQ
234340,1874.36,2222.67,2506.5,2807.5,155.78,260.0,303.5,367.5,1.0,-2716.88,3185,22800,34.35,IT서비스,KOSDAQ
376900,262.47,,,,4.53,,,,0.9984,-133.9,4684,26850,,건강관리장비와용품,KOSDAQ
236200,1373.02,1577.0,1779.0,2069.0,327.45,395.0,452.0,535.0,1.0,-1306.12,3808,54600,11.76,전자장비와기기,KOSDAQ
900290,9592.56,12011.22,,,1373.16,1840.52,,,0.7613,5324.61,3056,3295,4.17,화학,KOSDAQ
086390,1101.95,1922.3,3090.55,4002.0,-210.89,218.7,459.8,660.0,0.8805,199.93,3050,14430,,반도체와반도체장비,KOSDAQ
376300,838.35,952.64,1025.55,1088.22,313.92,381.18,431.0,481.56,1.0,-1522.22,4624,19480,24.82,양방향미디어와서비스,KOSDAQ
093520,2272.42,2851.0,2851.0,3126.0,290.95,423.0,423.0,471.0,0.9974,-494.09,3386,28450,14.69,반도체와반도체장비,KOSDAQ
160980,1644.05,2320.0,2780.0,3150.0,233.46,359.0,457.0,536.0,1.0,-1026.16,2960,27100,19.81,반도체와반도체장비,KOSDAQ
049070,5907.82,,,,-113.04,,,,1.0,-2764.2,2936,18650,18.12,핸드셋,KOSDAQ
121440,3543.19,,,,280.26,,,,0.9982,1637.33,3328,7770,13.85,레저용장비와제품,KOSDAQ
025900,8295.62,,,,-137.95,,,,,10010.7,3726,7370,,건축자재,KOSDAQ
054950,1731.29,1883.67,2057.0,2213.0,332.76,390.0,413.0,453.0,0.9836,-1145.75,2926,24200,10.32,건강관리장비와용품,KOSDAQ
199800,13.06,,,,-232.94,,,,1.0,-188.9,2920,32450,,생물공학,KOSDAQ
372320,,,,,-362.9,,,,,-223.46,4012,26350,,생물공학,KOSDAQ
018000,402.68,,,,-95.33,,,,,1036.33,3261,1117,,에너지장비및서비스,KOSDAQ
084110,8474.53,,,,905.52,,,,0.3525,1112.43,2912,23000,10.1,제약,KOSDAQ
488900,367.91,,,,-73.64,,,,,-79.3,2889,9970,,우주항공과국방,KOSDAQ
215600,92.25,,,,-255.88,,,,,-659.39,3214,2320,,제약,KOSDAQ
110990,1079.1,,,,230.62,,,,1.0,-1948.76,3570,18890,11.75,반도체와반도체장비,KOSDAQ
035810,33889.04,,,,1513.5,,,,0.3865,7901.78,2848,4415,10.64,식품,KOSDAQ
136480,14399.95,,,,476.81,,,,0.9948,3152.97,2846,2680,7.39,식품,KOSDAQ
078020,22953.4,,,,222.21,,,,1.0,,3518,6340,15.33,증권,KOSDAQ
265520,4601.45,,,,333.28,,,,1.0,-929.12,3093,20550,13.0,디스플레이장비및부품,KOSDAQ
085910,686.77,974.9,1568.5,2330.0,77.8,180.73,330.5,540.0,0.8018,30.53,2828,20500,66.6,자동차부품,KOSDAQ
448280,309.16,509.0,,,9.53,80.0,,,1.0,-2.78,2806,9470,157.2,상업서비스와공급품,KOSDAQ
006910,1474.86,,,,268.06,,,,,-533.29,3410,6940,,전기장비,KOSDAQ
424870,1.11,,,,-280.05,,,,,-931.28,2993,3275,,제약,KOSDAQ
228760,37.6,,,,-112.98,,,,,-791.37,2772,11150,,건강관리장비와용품,KOSDAQ
493280,116.19,,,,2.98,,,,,-1227.12,2764,18620,,제약,KOSDAQ
484590,1546.07,1583.0,1764.0,1880.0,266.31,288.0,331.0,360.0,,239.31,2926,7100,,우주항공과국방,KOSDAQ
036620,2501.95,2890.0,3410.0,3820.0,446.31,530.0,660.0,770.0,,-119.75,3361,3740,,"섬유,의류,신발,호화품",KOSDAQ
378340,331.94,,,,-221.74,,,,1.0,156.59,2742,12670,,전기제품,KOSDAQ
352480,2884.78,2982.0,3211.0,,221.71,125.0,142.0,,1.0,-1133.85,2740,20100,19.18,화장품,KOSDAQ
452430,173.12,317.33,727.67,2178.0,-45.65,12.33,133.67,459.0,,51.07,2914,35300,,반도체와반도체장비,KOSDAQ
061970,4797.82,,,,-398.0,,,,,2441.72,3276,4675,,반도체와반도체장비,KOSDAQ
254490,6355.82,,,,190.76,,,,,804.44,2727,18890,,반도체와반도체장비,KOSDAQ
100120,2393.35,2515.5,2623.5,2721.0,214.2,382.5,425.5,453.5,1.0,109.99,2718,30300,12.37,건강관리장비와용품,KOSDAQ
092460,1334.77,,,,222.72,,,,1.0,236.14,2857,16700,11.21,조선,KOSDAQ
117730,438.13,,,,-119.08,,,,,-45.76,3221,14280,,기계,KOSDAQ
386380,79.36,,,,-147.25,,,,,-74.39,2700,14390,,건강관리기술,KOSDAQ
094360,284.67,311.0,354.5,362.0,69.64,70.0,93.0,96.0,0.9941,-408.23,2704,12660,45.65,반도체와반도체장비,KOSDAQ
203650,3188.51,,,,224.85,,,,1.0,3352.24,2832,2785,34.2,상업서비스와공급품,KOSDAQ
206650,1491.95,,,,606.63,,,,,-627.03,3117,8480,,생물공학,KOSDAQ
035600,13588.85,14805.0,16009.0,17115.0,985.58,1028.5,1226.5,1342.0,0.8673,2750.86,2681,9730,5.6,IT서비스,KOSDAQ
472850,4855.69,5787.33,6487.5,7337.0,573.77,758.33,917.0,1222.0,0.7709,997.87,2677,4650,7.75,"섬유,의류,신발,호화품",KOSDAQ
042370,4322.87,,,,557.21,,,,0.2,-1751.18,2772,10580,41.9,전기제품,KOSDAQ
115450,695.61,,,,-35.34,,,,,273.38,3006,3175,,제약,KOSDAQ
267980,18435.39,,,,600.29,,,,0.9978,-832.68,2652,34600,4.73,식품,KOSDAQ
272110,844.45,1520.0,1804.0,2161.0,222.43,312.0,444.0,553.0,1.0,823.8,2648,33000,10.36,반도체와반도체장비,KOSDAQ
317330,1120.79,,,,-430.26,,,,,2533.72,2748,13420,,반도체와반도체장비,KOSDAQ
025770,8363.3,,,,452.28,,,,1.0,-1749.25,2932,7830,8.01,IT서비스,KOSDAQ
468670,237.59,,,,24.3,,,,,77.95,2614,23000,,기계,KOSDAQ
051500,34810.82,37095.5,40086.33,43109.75,1016.53,979.67,1129.17,1244.25,1.0,4811.48,2600,21900,5.19,식품과기본식료품소매,KOSDAQ
394280,160.59,,,,-289.07,,,,,-171.92,2732,10370,,반도체와반도체장비,KOSDAQ
042520,897.8,1399.0,1731.0,1961.0,-258.91,155.0,274.0,349.0,1.0,225.21,2916,20450,,건강관리장비와용품,KOSDAQ
416180,1169.13,2725.0,3810.0,,22.71,90.0,200.0,,0.2353,1016.01,2585,28600,466.61,전기제품,KOSDAQ
101930,1079.58,1187.0,1304.0,,155.34,202.0,231.0,,1.0,-962.79,2714,5940,10.62,조선,KOSDAQ
003800,3172.67,,,,540.91,,,,1.0,-1872.33,3638,32800,6.5,가구,KOSDAQ
314130,245.87,285.0,322.0,,-292.34,-302.0,-290.0,,,-386.68,2871,5490,,제약,KOSDAQ
091700,13495.28,15340.0,15940.0,16750.0,447.48,333.0,392.0,470.0,0.9609,-135.21,2565,5130,7.61,핸드셋,KOSDAQ
121800,101.5,,,,-72.17,,,,1.0,-589.83,2563,3320,29.25,디스플레이패널,KOSDAQ
200670,1700.53,2015.0,,,423.29,463.0,,,,-458.47,2836,25250,,제약,KOSDAQ
309710,619.67,,,,-18.51,,,,1.0,685.73,2684,21000,,제약,KOSDAQ
024840,7585.67,,,,243.45,,,,0.4939,1232.2,2556,5880,,전기장비,KOSDAQ
182400,78.63,,,,-25.32,,,,,28.52,2655,3670,,생명과학도구및서비스,KOSDAQ
456010,40.2,135.0,449.0,493.0,-88.64,-70.0,12.0,36.0,1.0,-442.16,3452,23800,,통신장비,KOSDAQ
036710,15280.84,,,,-342.64,,,,,7611.28,2652,5020,,반도체와반도체장비,KOSDAQ
377460,916.49,,,,-19.14,,,,,799.0,2532,4080,,상업서비스와공급품,KOSDAQ
389500,71.99,118.0,205.0,290.0,-68.63,-71.0,-17.0,19.0,,50.51,2749,41250,,기계,KOSDAQ
071200,1023.92,,,,142.17,,,,0.987,-2124.79,2647,10850,10.02,건강관리기술,KOSDAQ
294570,694.6,715.0,745.0,774.0,188.6,200.0,211.0,221.0,,-1631.35,2624,26000,,IT서비스,KOSDAQ
032580,536.16,,,,-20.66,,,,,-41.06,2508,7570,,반도체와반도체장비,KOSDAQ
287840,22.99,,,,-103.0,,,,,-134.21,2603,17330,,제약,KOSDAQ
023410,13326.88,,,,323.74,,,,0.9486,4134.07,2489,3220,,건축자재,KOSDAQ
067080,1430.6,,,,31.62,,,,0.7099,944.03,2599,13960,157.13,제약,KOSDAQ
036030,3958.86,,,,441.62,,,,,-1470.36,2471,5040,,인터넷과카탈로그소매,KOSDAQ
089980,1959.88,2258.0,2859.0,3707.0,67.12,112.0,177.0,246.0,1.0,670.6,2573,16090,38.09,전자장비와기기,KOSDAQ
0011T0,1017.39,,,,-296.34,,,,,-168.04,2437,5190,,전기제품,KOSDAQ
452280,632.16,920.0,,,97.5,220.0,,,,335.94,2706,14060,,기계,KOSDAQ
389260,1309.71,1665.0,1843.0,,167.99,339.0,362.0,,1.0,466.29,2420,13510,17.11,에너지장비및서비스,KOSDAQ
098070,1719.03,1985.0,2340.0,,381.82,385.0,400.0,,1.0,-613.88,2563,23050,8.33,에너지장비및서비스,KOSDAQ
060720,4249.04,3782.0,4274.67,4777.0,317.52,224.0,309.0,359.33,0.9983,420.75,2685,11340,13.17,핸드셋,KOSDAQ
060280,745.32,807.0,,,23.62,31.0,,,1.0,-245.41,3540,8580,127.75,건강관리장비와용품,KOSDAQ
067390,2543.86,,,,73.59,,,,,1473.67,2367,5620,,우주항공과국방,KOSDAQ
043370,12006.73,12528.0,13138.0,13818.0,484.39,451.0,480.0,570.0,1.0,-1890.94,2367,11270,5.12,자동차부품,KOSDAQ
114190,2122.52,,,,-60.96,,,,0.8354,111.52,2364,9050,,전자장비와기기,KOSDAQ
445090,728.5,1819.0,2016.0,3954.0,-275.78,50.0,92.0,207.0,1.0,225.09,2546,23300,,반도체와반도체장비,KOSDAQ
099430,908.96,,,,150.05,,,,0.7502,363.08,2361,3830,15.74,건강관리장비와용품,KOSDAQ
005160,7277.64,,,,70.25,,,,,2327.58,2514,4635,,철강,KOSDAQ
450950,379.44,476.0,734.0,913.0,103.92,44.5,193.0,268.5,1.0,-155.06,2348,6240,25.49,건강관리장비와용품,KOSDAQ
078160,736.57,,,,-679.84,,,,1.0,-333.15,3764,9600,,생물공학,KOSDAQ
073490,1861.01,2354.33,3037.33,4285.5,-11.2,190.67,367.33,629.5,1.0,-330.02,2502,32900,,통신장비,KOSDAQ
340450,315.34,382.0,470.0,638.0,12.36,33.0,65.0,138.0,,-382.78,2346,9920,,생명과학도구및서비스,KOSDAQ
304360,165.48,,,,-83.44,,,,,-284.69,2740,21950,,생물공학,KOSDAQ
036800,10946.84,13796.0,16634.0,18254.67,552.93,758.67,968.67,1076.67,0.9629,-2043.91,3708,8150,8.65,상업서비스와공급품,KOSDAQ
064850,354.02,586.0,692.0,780.0,106.63,293.0,364.0,414.0,1.0,-140.68,2322,20350,23.49,IT서비스,KOSDAQ
144510,1655.23,,,,-137.94,,,,,1068.53,2321,14690,,건강관리업체및서비스,KOSDAQ
151860,75771.97,,,,1912.56,,,,0.4486,11552.93,2571,5400,3.12,자동차,KOSDAQ
099440,1535.9,2179.0,2554.0,2843.0,-168.1,234.0,299.0,328.0,1.0,1565.61,2569,3765,,기계,KOSDAQ
376270,129.79,456.3,865.9,,-155.83,-17.7,163.7,,1.0,99.47,2303,31900,,건강관리업체및서비스,KOSDAQ
126600,3978.86,,,,173.46,,,,1.0,1364.79,2297,3660,16.43,화학,KOSDAQ
068930,2538.22,2811.0,3105.0,3354.0,315.59,445.67,497.5,541.5,0.8597,300.48,2560,9250,12.24,교육서비스,KOSDAQ
083310,2448.93,,,,-80.54,,,,0.7005,-626.2,2369,13300,,반도체와반도체장비,KOSDAQ
243070,6207.68,,,,456.0,,,,1.0,1011.81,2280,19030,5.34,제약,KOSDAQ
382800,919.19,1431.0,1902.0,2160.0,77.56,265.0,321.5,360.0,1.0,-134.45,2270,7130,35.94,반도체와반도체장비,KOSDAQ
012210,737.97,817.0,,,58.12,80.0,,,,474.4,2803,12160,,기계,KOSDAQ
484120,1397.91,1765.0,2206.0,,33.85,138.0,254.0,,1.0,-187.25,2548,23250,520.0,디스플레이장비및부품,KOSDAQ
419530,1412.52,1645.0,1788.5,2033.0,226.33,233.0,302.0,375.0,1.0,-205.8,2230,21850,7.41,방송과엔터테인먼트,KOSDAQ
216080,769.03,861.0,,,38.19,76.0,,,1.0,961.77,2241,6010,,건강관리장비와용품,KOSDAQ
266690,485.04,,,,40.8,,,,,-39.77,2511,13290,,우주항공과국방,KOSDAQ
243840,4082.34,5188.0,6200.5,6873.5,59.27,201.0,323.5,394.0,1.0,3439.15,2514,6520,,전기제품,KOSDAQ
018310,3169.86,,,,64.45,,,,1.0,-239.24,2202,14980,21.52,건축제품,KOSDAQ
036890,4638.2,5645.5,5880.0,6145.0,479.43,469.5,526.0,572.0,1.0,-88.33,2344,10640,7.18,기계,KOSDAQ
462350,27.46,,,,-722.46,,,,,-633.93,2341,6910,,우주항공과국방,KOSDAQ
064820,5797.74,,,,499.64,,,,0.9248,-7235.45,2339,7580,3.94,증권,KOSDAQ
439090,1130.16,1085.0,1408.0,,104.55,131.0,169.0,,1.0,-986.58,2484,15150,27.22,화장품,KOSDAQ
293780,36.98,,,,-158.43,,,,,-105.98,2191,7800,,건강관리업체및서비스,KOSDAQ
200130,5748.85,,,,266.46,,,,1.0,217.31,2319,8060,,건강관리업체및서비스,KOSDAQ
011560,7157.93,9801.0,9830.0,9665.0,403.68,559.0,580.0,590.0,1.0,-783.29,2320,23000,6.52,건설,KOSDAQ
263860,483.81,566.5,610.0,679.0,70.07,115.0,131.0,149.0,1.0,-362.71,2179,24000,29.06,소프트웨어,KOSDAQ
064550,3301.11,,,,152.25,,,,,202.99,2178,8440,,생물공학,KOSDAQ
180400,293.57,,,,-243.17,,,,,-352.15,2293,2330,,건강관리업체및서비스,KOSDAQ
298830,939.38,,,,126.0,,,,0.8911,-184.86,2280,4265,26.56,소프트웨어,KOSDAQ
405100,688.61,850.0,1100.0,,47.83,122.0,215.0,,0.9799,35.24,2167,17630,74.88,반도체와반도체장비,KOSDAQ
190510,4598.8,,,,281.85,,,,1.0,-1122.24,2159,15330,8.6,핸드셋,KOSDAQ
215000,4832.61,4361.0,4662.0,5074.0,680.71,380.0,518.0,590.0,1.0,-972.27,2247,35800,8.76,"호텔,레스토랑,레저",KOSDAQ
078150,1603.11,,,,62.41,,,,1.0,-273.49,2259,2380,7.95,디스플레이장비및부품,KOSDAQ
176750,385.72,,,,74.43,,,,1.0,17.19,2145,7530,33.1,제약,KOSDAQ
206640,1620.93,,,,289.4,,,,0.9905,-351.5,2145,9790,9.07,생명과학도구및서비스,KOSDAQ
023760,5384.09,,,,1279.22,,,,1.0,,2216,1404,2.2,기타금융,KOSDAQ
065710,1166.26,,,,253.26,,,,1.0,-615.93,2212,42950,10.67,운송인프라,KOSDAQ
126730,382.85,709.0,,,11.39,127.0,,,1.0,-242.16,2122,24200,74.48,전기제품,KOSDAQ
045390,1531.89,,,,75.59,,,,1.0,-7.48,2107,2990,10.3,도로와철도운송,KOSDAQ
0008Z0,1444.25,1610.0,1900.0,2090.0,177.39,220.0,280.0,310.0,1.0,-711.01,2199,23300,12.19,조선,KOSDAQ
237880,3289.03,3392.67,3634.5,3690.0,164.36,301.0,368.0,360.0,1.0,-1549.61,2194,12140,16.18,화장품,KOSDAQ
439960,88.63,,,,-81.51,,,,,-162.25,2103,6480,,기계,KOSDAQ
365270,0.07,,,,-165.03,,,,,-117.83,2187,9870,,제약,KOSDAQ
486510,296.89,,,,-59.56,,,,,-215.93,2185,11120,,반도체와반도체장비,KOSDAQ
065680,1864.2,,,,218.1,,,,1.0,-1297.61,2183,24150,10.12,핸드셋,KOSDAQ
005710,10589.26,,,,707.54,,,,1.0,-4449.34,2084,10400,2.71,자동차부품,KOSDAQ
461300,1959.11,,,,617.63,,,,,-1262.84,2425,18190,,교육서비스,KOSDAQ
307180,1028.64,,,,-85.02,,,,0.4805,721.41,2078,5630,,디스플레이장비및부품,KOSDAQ
095500,5385.33,,,,209.29,,,,1.0,915.39,2177,7020,15.75,디스플레이장비및부품,KOSDAQ
125020,2991.19,4799.0,6328.0,,67.99,213.0,367.0,,,202.62,2074,5920,,전기장비,KOSDAQ
061090,1792.88,2332.0,2728.0,3797.0,162.9,403.0,544.0,977.0,1.0,-885.35,2367,43300,14.16,통신장비,KOSDAQ
380540,215.12,,,,-59.27,,,,,163.48,2067,8450,,통신장비,KOSDAQ
241520,451.38,,,,223.39,,,,0.9716,,2147,8070,12.43,창업투자,KOSDAQ
0035S0,207.43,,,,6.73,,,,,-23.64,2362,23000,,IT서비스,KOSDAQ
084990,25.98,,,,-98.98,,,,,-533.0,2007,4355,,생물공학,KOSDAQ
459510,125.26,,,,-82.06,,,,,173.71,1988,15320,,기계,KOSDAQ
481070,600.09,,,,100.81,,,,0.966,-266.65,2133,14850,25.2,"섬유,의류,신발,호화품",KOSDAQ
058970,839.8,,,,9.1,,,,1.0,-238.36,1968,15920,67.19,소프트웨어,KOSDAQ
187870,840.83,1044.0,1345.0,1680.0,173.34,340.0,391.0,495.0,1.0,-619.0,2208,15930,13.05,디스플레이장비및부품,KOSDAQ
014940,2072.56,,,,242.78,,,,1.0,-267.53,1960,4300,10.24,조선,KOSDAQ
462860,599.71,,,,136.28,,,,1.0,-1704.73,2106,2935,19.11,IT서비스,KOSDAQ
403850,938.62,,,,193.62,,,,1.0,-1696.7,1943,13540,10.7,방송과엔터테인먼트,KOSDAQ
389650,164.77,209.0,307.5,430.5,-7.2,-76.5,-24.0,48.0,,-280.38,2458,29700,,건강관리장비와용품,KOSDAQ
351320,130.13,,,,-94.64,,,,,310.1,1933,4445,,디스플레이장비및부품,KOSDAQ
256840,958.99,,,,16.3,,,,1.0,-675.12,2096,3065,73.88,건강관리장비와용품,KOSDAQ
353810,4769.39,,,,449.9,,,,0.949,1283.84,1919,5800,6.91,식품,KOSDAQ
377450,615.72,,,,189.41,,,,,-1910.99,2388,13780,,상업서비스와공급품,KOSDAQ
051160,5871.3,,,,251.29,,,,0.6576,-1519.53,1917,14220,15.18,판매업체,KOSDAQ
475400,130.56,,,,-184.11,,,,,-327.17,2080,17620,,기계,KOSDAQ
143240,1212.36,,,,167.75,,,,1.0,-1754.22,1906,17760,2.07,상업서비스와공급품,KOSDAQ
194700,4042.6,,,,430.5,,,,0.9848,-137.65,1893,10370,5.35,건강관리업체및서비스,KOSDAQ
043150,4264.16,4553.0,4905.67,5332.33,547.79,615.33,680.33,803.33,1.0,-1091.28,2553,17190,6.36,건강관리장비와용품,KOSDAQ
049430,722.74,,,,179.87,,,,0.9996,-1237.01,2072,22900,9.19,기계,KOSDAQ
388050,773.78,1050.0,,,88.07,133.0,,,1.0,-330.49,1890,10100,34.03,전기장비,KOSDAQ
013120,3873.45,,,,170.96,,,,1.0,1317.35,1884,2075,7.2,건설,KOSDAQ
052330,3968.4,,,,377.86,,,,0.9999,-930.53,1876,10560,6.62,디스플레이패널,KOSDAQ
036190,4234.34,,,,438.01,,,,1.0,-1369.03,1983,33050,6.48,건설,KOSDAQ
016790,1130.27,,,,49.91,,,,1.0,-108.07,1873,994,42.72,식품,KOSDAQ
112290,830.89,1152.0,1705.0,,-17.66,95.0,214.0,,,549.39,2501,12370,,반도체와반도체장비,KOSDAQ
086670,1469.91,1840.0,,,153.14,200.0,,,1.0,809.49,1870,18840,9.84,기계,KOSDAQ
119610,1184.4,1379.0,1578.83,1826.2,194.83,287.83,350.33,431.0,0.9935,285.02,1957,17150,15.13,건강관리장비와용품,KOSDAQ
452450,650.88,,,,-212.17,,,,1.0,-2.55,2104,5840,,IT서비스,KOSDAQ
126700,1710.97,2789.0,4022.0,4877.0,-325.54,163.0,440.0,584.0,1.0,-708.12,1863,12470,,핸드셋,KOSDAQ
034810,22600.79,,,,418.41,,,,,7041.81,1863,5900,,종이와목재,KOSDAQ
217730,35.72,,,,-176.68,,,,,-182.25,1928,2050,,생물공학,KOSDAQ
102940,2089.82,,,,175.72,,,,1.0,1256.38,1858,14190,7.44,제약,KOSDAQ
053300,1384.66,,,,270.61,,,,0.9319,-723.45,2081,5260,7.95,IT서비스,KOSDAQ
355150,152.2,229.5,576.5,,1.84,53.0,175.0,,,215.76,1832,23500,,반도체와반도체장비,KOSDAQ
083930,3928.96,,,,346.18,,,,1.0,-56.51,1911,13020,6.67,전기제품,KOSDAQ
464080,60.86,,,,-161.31,,,,,83.19,1819,10100,,전자장비와기기,KOSDAQ
019010,482.43,,,,150.45,,,,0.9269,-3529.87,2073,4300,2.21,"호텔,레스토랑,레저",KOSDAQ
220100,186.71,,,,-77.53,,,,,-163.35,1812,7020,,제약,KOSDAQ
163730,916.07,1347.0,1948.0,,14.68,78.0,177.0,,0.8889,-396.96,1891,14810,638.85,IT서비스,KOSDAQ
251370,1446.04,,,,129.25,,,,,442.69,1812,10060,,화학,KOSDAQ
314930,70.28,,,,6.52,,,,1.0,-147.47,1991,6690,233.69,건강관리장비와용품,KOSDAQ
012860,10440.89,,,,367.89,,,,0.9579,2204.76,1794,2450,9.01,자동차부품,KOSDAQ
108860,1147.81,,,,14.82,,,,,-934.51,2358,8760,,건강관리장비와용품,KOSDAQ
382900,433.61,,,,8.58,,,,1.0,992.05,2138,24400,134.47,전기제품,KOSDAQ
036170,317.07,,,,23.67,,,,1.0,-7.71,1979,3225,18.14,디스플레이장비및부품,KOSDAQ
260970,1509.37,,,,230.06,,,,,-585.31,1779,61500,,식품,KOSDAQ
041920,649.45,940.0,1258.0,,59.5,160.0,234.0,,1.0,-859.22,1873,10070,35.51,건강관리장비와용품,KOSDAQ
192440,4636.98,,,,332.13,,,,1.0,-2095.52,1775,28550,6.12,핸드셋,KOSDAQ
234690,1646.8,1997.5,2494.0,2923.0,172.94,200.5,353.5,497.5,0.8435,857.96,1949,10850,19.47,제약,KOSDAQ
230240,1419.83,1193.0,2257.0,2806.0,-15.82,-244.0,225.0,540.0,1.0,430.15,1763,13250,,통신장비,KOSDAQ
053030,1684.75,1705.0,2144.0,2584.0,-45.35,-71.0,131.0,249.0,0.9787,863.02,2089,6390,,제약,KOSDAQ
304100,416.36,,,,-80.42,,,,,-327.28,1754,13930,,IT서비스,KOSDAQ
199430,159.13,,,,-75.38,,,,,81.8,1854,16560,,기계,KOSDAQ
119830,485.18,,,,-2.57,,,,1.0,-1426.23,1749,6590,,반도체와반도체장비,KOSDAQ
214180,3758.23,4481.0,5180.5,5906.5,501.81,588.0,764.0,900.5,0.815,-3433.95,1820,14010,5.96,IT서비스,KOSDAQ
094480,1297.0,,,,183.94,,,,1.0,945.32,2177,5550,26.23,IT서비스,KOSDAQ
123330,781.98,1648.5,1953.0,,149.74,286.0,340.0,,1.0,19.47,1745,21900,9.24,화장품,KOSDAQ
082800,593.43,,,,-191.66,,,,,227.68,1816,2990,,제약,KOSDAQ
066620,4388.87,,,,457.62,,,,1.0,-3282.89,1890,25200,4.76,건설,KOSDAQ
013990,1890.78,,,,139.87,,,,1.0,-213.4,1723,5240,14.92,"섬유,의류,신발,호화품",KOSDAQ
054210,7531.6,,,,431.66,,,,1.0,2009.3,1806,7140,6.78,핸드셋,KOSDAQ
092070,791.33,,,,-6.74,,,,,-256.2,1801,15560,,반도체와반도체장비,KOSDAQ
484810,566.33,,,,-7.72,,,,,-107.58,1791,11590,,기계,KOSDAQ
143160,3275.96,,,,212.42,,,,0.7318,-911.64,1720,16050,10.09,전자장비와기기,KOSDAQ
094820,2519.85,,,,241.21,,,,0.9492,287.08,1788,11860,9.63,건설,KOSDAQ
092130,500.19,533.0,559.0,584.0,155.81,160.0,169.0,178.0,1.0,-398.75,1711,14210,13.29,상업서비스와공급품,KOSDAQ
036560,1105.13,,,,101.8,,,,,-120.03,1868,11860,,기계,KOSDAQ
264450,1164.38,1277.0,1452.0,1613.0,231.04,278.0,293.0,350.0,1.0,-698.33,1700,11590,7.07,통신장비,KOSDAQ
138610,327.19,,,,50.26,,,,,-123.22,1773,15600,,건강관리장비와용품,KOSDAQ
086820,152.0,,,,-43.41,,,,1.0,75.28,1698,6550,621.98,생물공학,KOSDAQ
950170,3086.21,3017.33,,,475.52,59.16,,,1.0,769.35,2097,4300,2.72,백화점과일반상점,KOSDAQ
418550,551.74,,,,-42.32,,,,,-34.84,1691,5280,,건설,KOSDAQ
264850,695.75,,,,38.86,,,,1.0,-71.5,1754,5790,41.36,전자장비와기기,KOSDAQ
308430,19.45,,,,-82.45,,,,,-373.14,1754,13590,,제약,KOSDAQ
068790,1554.71,,,,42.36,,,,0.9245,315.45,1835,8270,1.4,디스플레이장비및부품,KOSDAQ
046120,579.09,,,,-140.12,,,,1.0,419.74,1674,4945,209.25,에너지장비및서비스,KOSDAQ
0015G0,417.52,,,,22.02,,,,1.0,82.19,1738,14850,84.86,우주항공과국방,KOSDAQ
489460,284.91,380.0,,,42.27,100.0,,,1.0,-150.68,1732,11740,41.71,화장품,KOSDAQ
084850,6031.11,,,,-69.97,,,,1.0,2696.24,1747,7700,,전자장비와기기,KOSDAQ
038390,3655.53,,,,467.75,,,,1.0,3653.37,1665,9960,7.03,도로와철도운송,KOSDAQ
194480,2955.78,2556.0,3017.0,3334.5,63.5,-297.0,136.0,211.5,0.9939,-420.23,1659,13630,15.81,게임엔터테인먼트,KOSDAQ
051370,4679.64,4395.0,4519.0,4730.0,286.46,70.0,222.0,260.0,1.0,-655.77,1652,7080,5.02,전자장비와기기,KOSDAQ
042510,637.51,625.0,718.0,814.0,27.82,32.0,68.0,90.0,0.9992,-18.92,1723,15510,50.95,소프트웨어,KOSDAQ
086890,566.72,,,,16.34,,,,,-19.21,1647,4040,,제약,KOSDAQ
432720,53.5,,,,-244.72,,,,,-334.01,1643,11580,,반도체와반도체장비,KOSDAQ
950140,2167.9,2035.0,2340.0,,373.68,274.0,326.0,,1.0,-316.98,1637,8240,6.6,화장품,KOSDAQ
088800,1784.26,,,,-221.53,,,,,621.37,1714,2270,,통신장비,KOSDAQ
049630,1645.46,,,,107.43,,,,1.0,246.38,1624,6950,19.21,핸드셋,KOSDAQ
039830,3280.8,,,,444.8,,,,1.0,2976.4,1617,15020,7.43,레저용장비와제품,KOSDAQ
289080,209.89,214.31,,,-83.63,-27.17,,,1.0,,1615,2685,,창업투자,KOSDAQ
108380,2300.95,2451.0,2563.0,2656.0,270.6,295.0,320.0,336.0,1.0,-1083.48,1698,17750,6.85,조선,KOSDAQ
0082N0,55.61,,,,-42.73,,,,,-449.95,1607,12080,,제약,KOSDAQ
080720,363.78,,,,-172.32,,,,,-318.22,1924,2410,,제약,KOSDAQ
141000,651.19,716.3,,,91.8,55.4,,,1.0,-784.79,1606,13260,14.94,디스플레이장비및부품,KOSDAQ
270660,343.57,,,,-31.97,,,,1.0,-57.68,1683,13260,,가정용기기와용품,KOSDAQ
101360,1419.58,,,,-6.1,,,,1.0,2124.25,1597,8980,,화학,KOSDAQ
417500,535.51,,,,103.97,,,,1.0,238.61,1597,4870,23.7,반도체와반도체장비,KOSDAQ
372170,1001.75,,,,-316.42,,,,1.0,-529.84,1907,23900,,전자장비와기기,KOSDAQ
245620,78.86,,,,-15.97,,,,1.0,34.89,1671,741,5.92,생명과학도구및서비스,KOSDAQ
388790,176.88,,,,5.82,,,,,-49.06,1595,5210,,통신장비,KOSDAQ
149950,809.44,828.0,1259.0,1873.0,61.48,82.0,224.0,478.0,,-491.16,1723,12610,,디스플레이장비및부품,KOSDAQ
290690,382.68,,,,-67.17,,,,,549.83,1595,3005,,디스플레이장비및부품,KOSDAQ
0001A0,1431.95,,,,66.8,,,,1.0,27.52,2152,8450,47.65,석유와가스,KOSDAQ
488280,100.89,122.0,192.0,,-56.4,-48.0,12.0,,,-119.59,1722,15910,,IT서비스,KOSDAQ
039860,381.3,,,,11.02,,,,1.0,-470.57,1714,4500,108.48,생명과학도구및서비스,KOSDAQ
024060,1078.52,,,,-9.95,,,,,-17.12,1874,12490,,석유와가스,KOSDAQ
204610,695.12,,,,170.14,,,,0.8236,-634.56,1571,2820,9.28,게임엔터테인먼트,KOSDAQ
104480,3457.56,,,,24.03,,,,,802.66,1784,1963,,화학,KOSDAQ
042420,4368.01,,,,552.44,,,,0.5479,-3572.69,1710,21000,5.05,게임엔터테인먼트,KOSDAQ
394800,117.09,,,,-58.89,,,,,-90.76,1865,5860,,건강관리기술,KOSDAQ
072870,1272.85,,,,205.43,,,,0.926,-858.27,1568,13150,5.74,교육서비스,KOSDAQ
357550,175.47,,,,38.98,,,,1.0,-126.49,1767,32400,46.52,화학,KOSDAQ
445180,1425.47,1691.0,1859.0,2035.0,172.18,227.0,245.0,280.0,,-285.13,1685,9800,,반도체와반도체장비,KOSDAQ
093190,1334.68,,,,159.13,,,,0.9995,-434.4,1606,8350,8.77,컴퓨터와주변기기,KOSDAQ
274090,763.94,,,,-92.31,,,,,180.77,1561,11330,,우주항공과국방,KOSDAQ
032620,1976.96,,,,75.22,,,,0.9777,55.28,1681,3220,4.55,건강관리기술,KOSDAQ
478340,132.37,,,,-54.61,,,,,-267.24,1678,14450,,우주항공과국방,KOSDAQ
066410,172.73,,,,-61.83,,,,,18.04,1596,1153,,IT서비스,KOSDAQ
067280,3308.27,,,,318.92,,,,0.9923,-1475.99,1544,26050,5.9,교육서비스,KOSDAQ
402030,339.8,,,,-98.65,,,,,-167.68,1535,12260,,소프트웨어,KOSDAQ
318060,205.33,351.0,484.0,694.0,-110.54,-34.0,70.0,224.0,1.0,101.95,1666,14880,,건강관리장비와용품,KOSDAQ
102120,2441.24,,,,101.48,,,,1.0,401.33,1534,8630,15.17,반도체와반도체장비,KOSDAQ
024800,670.43,,,,12.25,,,,0.9523,439.78,1534,4355,2.8,도로와철도운송,KOSDAQ
307750,1310.39,,,,-25.76,,,,1.0,74.82,1576,2920,,제약,KOSDAQ
156100,389.2,,,,7.15,,,,1.0,79.67,1645,7360,,건강관리장비와용품,KOSDAQ
220260,568.1,,,,10.48,,,,,-46.94,1528,4765,,화학,KOSDAQ
489500,201.8,,,,45.7,,,,1.0,-248.17,1528,23900,35.1,반도체와반도체장비,KOSDAQ
041520,378.88,,,,-9.01,,,,1.0,-876.69,1571,12890,19.02,반도체와반도체장비,KOSDAQ
065660,75.36,,,,-24.33,,,,,-426.85,1618,16170,,제약,KOSDAQ
032940,1507.35,,,,89.23,,,,0.987,596.35,1570,8630,13.65,화장품,KOSDAQ
118990,7022.74,,,,417.89,,,,0.5905,2052.83,1509,6150,20.38,자동차부품,KOSDAQ
011040,1962.73,,,,76.66,,,,1.0,-19.89,1563,5080,18.33,제약,KOSDAQ
078070,1556.62,,,,306.05,,,,0.6055,-1088.16,1561,9150,7.66,통신장비,KOSDAQ
122990,3212.39,,,,-362.79,,,,1.0,-327.24,1613,6290,,핸드셋,KOSDAQ
179290,671.52,,,,206.74,,,,1.0,-589.52,1500,4635,7.38,건강관리장비와용품,KOSDAQ
023910,2086.14,2220.0,2325.0,2430.0,311.86,326.0,345.0,364.0,,-1146.97,1551,25850,,제약,KOSDAQ
158430,676.03,,,,103.58,,,,0.71,74.77,1599,6530,103.16,소프트웨어,KOSDAQ
042600,1649.48,,,,-26.33,,,,,635.71,1488,11980,,가정용기기와용품,KOSDAQ
080160,2104.07,1844.0,2100.0,2243.0,74.38,-19.0,151.0,178.0,0.9753,-799.98,1486,7860,10.25,"호텔,레스토랑,레저",KOSDAQ
067290,810.44,,,,74.55,,,,1.0,33.37,1541,2750,9.84,제약,KOSDAQ
267320,823.69,,,,-89.24,,,,1.0,100.11,1596,2780,,전기제품,KOSDAQ
069510,4681.92,,,,458.16,,,,1.0,-1464.61,1468,13460,3.53,전자장비와기기,KOSDAQ
413630,192.76,,,,21.39,,,,1.0,-124.9,1467,4025,73.28,기계,KOSDAQ
123410,7858.69,,,,454.14,,,,0.9904,347.1,1534,5510,3.49,자동차부품,KOSDAQ
950250,75.81,78.28,,,-71.27,-93.34,,,,-322.52,1456,4080,,반도체와반도체장비,KOSDAQ
146320,875.84,1142.0,1392.0,1737.0,39.27,93.0,162.0,219.0,1.0,832.62,1573,12290,136.9,반도체와반도체장비,KOSDAQ
232680,538.42,,,,39.5,,,,1.0,-88.07,1456,10980,39.45,반도체와반도체장비,KOSDAQ
142210,7689.74,,,,322.69,,,,1.0,2692.95,1519,7320,11.94,반도체와반도체장비,KOSDAQ
255220,1022.46,,,,7.52,,,,,513.11,1570,1043,,건축자재,KOSDAQ
147830,379.24,,,,105.73,,,,,-828.47,1450,7250,,전기장비,KOSDAQ
264660,1961.94,,,,247.42,,,,1.0,-453.96,1447,14890,7.41,반도체와반도체장비,KOSDAQ
007330,1017.2,,,,169.48,,,,,,1508,10000,,기타금융,KOSDAQ
093640,90.34,,,,-102.13,,,,,-21.88,1562,4755,,반도체와반도체장비,KOSDAQ
101970,1008.55,,,,7.06,,,,,-90.54,1438,9720,,에너지장비및서비스,KOSDAQ
105330,810.59,,,,-29.56,,,,1.0,1283.13,1426,8900,,반도체와반도체장비,KOSDAQ
0088M0,73.78,211.0,441.0,,-28.32,45.0,176.0,,,-331.18,1496,15140,,건강관리장비와용품,KOSDAQ
469610,756.99,,,,86.38,,,,0.9609,-316.4,1419,15870,17.33,디스플레이장비및부품,KOSDAQ
089600,1178.93,1326.33,1492.67,1667.67,123.18,249.33,290.0,338.67,,-1241.98,1418,12430,,광고,KOSDAQ
054450,1928.02,2479.0,2718.5,3040.5,-61.89,171.5,223.5,268.5,0.9946,1215.68,1546,10210,,반도체와반도체장비,KOSDAQ
474650,131.25,,,,-73.78,,,,,73.82,1470,25550,,기계,KOSDAQ
199820,1960.35,,,,117.62,,,,0.9887,-53.56,1671,7520,25.24,전기장비,KOSDAQ
212560,2321.16,2538.0,2868.0,3183.0,136.66,159.0,193.0,220.0,,-305.58,1397,10360,,자동차부품,KOSDAQ
123860,1081.65,,,,201.52,,,,,-567.66,1580,13030,,디스플레이장비및부품,KOSDAQ
049960,531.26,,,,79.14,,,,1.0,-962.25,1459,15520,14.41,생물공학,KOSDAQ
228850,1147.23,1407.5,1579.5,1787.0,-39.5,120.0,147.0,176.5,0.9932,-1417.37,1382,8330,,건강관리장비와용품,KOSDAQ
475040,181.09,,,,-585.95,,,,,-625.4,1534,2850,,소프트웨어,KOSDAQ
226590,964.91,,,,115.42,,,,1.0,53.28,1572,14670,14.65,반도체와반도체장비,KOSDAQ
322310,521.37,636.0,,,-83.71,15.0,,,1.0,408.78,1516,16180,,반도체와반도체장비,KOSDAQ
005990,21962.11,,,,639.73,,,,0.4628,-916.14,1370,10300,4.22,식품,KOSDAQ
023600,5398.65,,,,299.09,,,,0.848,-646.76,1454,9080,5.39,포장재,KOSDAQ
115500,248.63,,,,20.63,,,,,-54.49,1369,11410,,IT서비스,KOSDAQ
0039P0,502.34,708.0,969.0,,85.45,116.5,184.5,0.0,0.9949,-206.8,1446,7690,18.53,광고,KOSDAQ
059120,246.18,,,,9.63,,,,,-176.83,1362,7440,,반도체와반도체장비,KOSDAQ
205500,367.22,,,,13.93,,,,,-151.91,1505,1801,,게임엔터테인먼트,KOSDAQ
148150,2779.17,,,,17.63,,,,1.0,-396.2,1361,3830,2.79,핸드셋,KOSDAQ
115310,287.17,,,,64.57,,,,1.0,-648.84,1422,9590,20.2,IT서비스,KOSDAQ
054800,9080.94,,,,897.37,,,,0.501,-1775.26,1490,14400,3.81,컴퓨터와주변기기,KOSDAQ
003100,1904.22,,,,413.9,,,,1.0,1914.75,1350,20450,3.41,운송인프라,KOSDAQ
217190,567.57,,,,10.29,,,,0.9873,173.14,1342,10200,143.53,반도체와반도체장비,KOSDAQ
048870,1130.5,,,,191.64,,,,0.2692,-607.3,1410,1600,46.83,건강관리장비와용품,KOSDAQ
047770,397.23,,,,24.17,,,,0.9886,-312.35,1330,3515,30.16,"섬유,의류,신발,호화품",KOSDAQ
494120,73.03,,,,-75.26,,,,,-144.65,1476,9670,,생명과학도구및서비스,KOSDAQ
136540,985.98,,,,211.59,,,,0.9997,-961.66,1326,10800,7.2,소프트웨어,KOSDAQ
037070,1679.1,,,,33.01,,,,,16.91,1384,6920,,가정용기기와용품,KOSDAQ
240550,1135.37,1332.0,1476.0,1622.0,170.05,238.0,277.0,322.0,1.0,66.37,1321,6310,11.29,건강관리장비와용품,KOSDAQ
256940,1701.47,,,,15.75,,,,0.6904,729.31,1464,7290,,비철금속,KOSDAQ
038290,1952.68,2083.0,2450.0,2829.0,1.81,84.0,188.0,274.0,1.0,354.7,1320,12180,65.02,생명과학도구및서비스,KOSDAQ
419050,1442.29,,,,54.33,,,,1.0,1489.26,1318,2305,,자동차부품,KOSDAQ
046440,2337.71,2359.0,2426.0,2494.0,331.25,352.0,396.0,425.0,1.0,-307.79,1455,4015,6.26,IT서비스,KOSDAQ
457550,448.07,,,,50.58,,,,,-288.53,1317,14130,,에너지장비및서비스,KOSDAQ
001540,3068.74,,,,98.23,,,,1.0,131.61,1315,10080,17.58,제약,KOSDAQ
0161M0,106.49,,,,-26.76,,,,,-101.42,1446,11840,,소프트웨어,KOSDAQ
140670,670.38,,,,-35.61,,,,,-161.48,1311,10210,,기계,KOSDAQ
049720,1780.3,,,,167.41,,,,1.0,58.56,1310,9160,9.88,상업서비스와공급품,KOSDAQ
451760,868.98,,,,-161.7,,,,,-814.91,1304,7900,,우주항공과국방,KOSDAQ
052260,1305.05,1487.0,1652.0,,127.17,180.0,201.0,,1.0,-194.61,1425,4750,563.24,화장품,KOSDAQ
282880,1547.01,2429.0,2646.0,3044.0,-254.47,-57.5,150.0,170.0,0.6743,694.96,1300,11120,76.43,기계,KOSDAQ
300080,359.8,,,,61.54,,,,1.0,-183.46,1299,7860,20.15,양방향미디어와서비스,KOSDAQ
039840,1640.78,1814.67,2158.5,2565.0,101.05,211.0,264.0,320.0,1.0,374.67,1295,9650,,건강관리장비와용품,KOSDAQ
083500,736.58,650.0,1155.0,1390.0,103.5,161.0,288.0,370.0,0.859,-123.19,1402,16880,16.13,디스플레이장비및부품,KOSDAQ
035080,30615.93,,,,-295.81,,,,,1024.67,1294,11580,,인터넷과카탈로그소매,KOSDAQ
402490,1021.55,,,,60.33,,,,0.9721,445.94,1294,7640,12.63,반도체와반도체장비,KOSDAQ
259630,1842.11,,,,245.65,,,,1.0,-263.69,1292,10570,6.26,전기제품,KOSDAQ
094840,212.23,,,,38.59,,,,1.0,-719.61,1290,13150,9.64,전자장비와기기,KOSDAQ
072950,1208.59,,,,89.9,,,,0.978,-129.5,1289,16010,17.06,전자장비와기기,KOSDAQ
071280,1248.7,1958.0,,,144.23,233.0,,,1.0,-525.09,1387,9070,11.32,반도체와반도체장비,KOSDAQ
417010,403.24,,,,-5.01,,,,1.0,631.09,1289,6390,129.16,전자장비와기기,KOSDAQ
0010S0,648.48,,,,63.37,,,,1.0,-351.37,1277,12740,13.61,가정용품,KOSDAQ
080420,3580.77,,,,278.68,,,,0.9691,4974.63,1275,1599,,전문소매,KOSDAQ
054920,7712.17,,,,60.87,,,,0.8369,677.8,1370,4855,17.47,비철금속,KOSDAQ
950190,1125.24,,,,153.29,,,,1.0,-850.92,1273,9780,14.96,게임엔터테인먼트,KOSDAQ
222040,2874.79,3903.0,4565.0,,40.03,340.0,420.5,,1.0,1086.38,1264,6130,,건강관리업체및서비스,KOSDAQ
060150,1871.55,,,,182.29,,,,1.0,427.16,1362,2990,,상업서비스와공급품,KOSDAQ
047310,6865.35,,,,-63.67,,,,1.0,382.87,1259,3440,,핸드셋,KOSDAQ
036690,851.26,,,,-141.75,,,,,233.68,1257,2885,,통신장비,KOSDAQ
172670,483.58,636.0,737.0,,-73.95,60.0,143.0,,1.0,802.98,1355,15120,,반도체와반도체장비,KOSDAQ
290720,868.06,,,,-81.53,,,,0.997,309.76,1253,3285,61.88,식품,KOSDAQ
027710,14558.51,,,,349.69,,,,0.9817,3748.51,1240,1113,4.12,식품,KOSDAQ
079960,5964.75,,,,536.18,,,,1.0,-1734.02,1240,16420,2.51,전기제품,KOSDAQ
166480,201.59,,,,-212.23,,,,,332.14,1237,2340,,생물공학,KOSDAQ
126640,3789.37,,,,117.82,,,,,-317.56,1330,3795,,자동차부품,KOSDAQ
086980,627.48,,,,-116.51,,,,1.0,-1287.34,1235,1978,,방송과엔터테인먼트,KOSDAQ
0015N0,511.87,,,,51.4,,,,,-182.55,1234,9810,,화장품,KOSDAQ
265740,716.22,997.5,1335.0,,125.18,180.5,244.0,,,-29.83,1390,7780,,화장품,KOSDAQ
473980,757.26,941.0,1158.0,1430.0,123.4,193.0,245.0,313.0,1.0,-54.36,1230,11300,8.28,방송과엔터테인먼트,KOSDAQ
056090,472.35,,,,38.14,,,,1.0,97.59,1223,5920,18.79,건강관리장비와용품,KOSDAQ
293580,291.56,,,,73.01,,,,1.0,,1221,1286,21.11,창업투자,KOSDAQ
211270,478.12,,,,-43.01,,,,,-696.04,1217,8070,,통신장비,KOSDAQ
052860,368.79,,,,40.5,,,,1.0,2.28,1378,7710,30.18,반도체와반도체장비,KOSDAQ
299030,938.33,1657.0,2999.0,4284.0,-0.4,65.0,346.0,574.0,1.0,521.77,1215,15200,,전자장비와기기,KOSDAQ
418420,87.46,,,,-58.1,,,,,114.7,1214,3945,,반도체와반도체장비,KOSDAQ
0007C0,133.12,,,,-22.54,,,,,-285.62,1368,17030,,IT서비스,KOSDAQ
108230,1710.02,,,,-31.45,,,,1.0,-1745.4,1202,3160,,기계,KOSDAQ
095190,925.06,,,,-47.77,,,,,424.25,1211,1856,,기계,KOSDAQ
105740,1287.51,,,,110.7,,,,1.0,401.08,1198,11780,17.75,기계,KOSDAQ
452190,242.46,,,,19.62,,,,1.0,-95.15,1505,6290,61.78,전기제품,KOSDAQ
053080,4635.37,5220.0,,,-620.12,530.0,,,1.0,1094.59,1195,9190,,기계,KOSDAQ
297890,628.49,,,,43.96,,,,1.0,-272.05,1194,1633,4.51,디스플레이장비및부품,KOSDAQ
361390,596.31,,,,-20.86,,,,,-300.53,1238,12720,,우주항공과국방,KOSDAQ
443670,544.83,,,,36.17,,,,1.0,-363.47,1187,4945,31.12,IT서비스,KOSDAQ
396300,858.27,,,,-18.5,,,,,486.56,1544,5830,,전자장비와기기,KOSDAQ
336680,5501.11,,,,89.01,,,,1.0,1393.57,1186,3030,17.91,자동차부품,KOSDAQ
053260,1772.24,,,,15.03,,,,1.0,-775.6,1232,6580,,철강,KOSDAQ
411080,116.12,,,,-17.7,,,,,-300.99,1185,7760,,소프트웨어,KOSDAQ
297090,1261.48,1474.0,1616.5,,110.86,133.5,169.0,,1.0,-6.78,1327,4865,11.81,기계,KOSDAQ
338840,29.13,,,,-92.69,,,,,-220.2,1180,7660,,생물공학,KOSDAQ
458650,855.5,,,,10.41,,,,0.97,-1393.45,1217,8090,25.57,전기제품,KOSDAQ
474610,381.74,,,,40.56,,,,,-100.79,1172,8130,,우주항공과국방,KOSDAQ
321550,122.89,,,,-161.39,,,,,95.09,1380,4595,,제약,KOSDAQ
008830,2209.39,,,,1.62,,,,,1256.91,1170,6100,,기계,KOSDAQ
073010,955.33,,,,115.4,,,,1.0,291.54,1212,3015,18.48,조선,KOSDAQ
041590,180.05,,,,-19.62,,,,1.0,-245.29,1161,2370,387.0,건설,KOSDAQ
041020,3242.17,,,,91.19,,,,0.3606,-1536.6,1515,3050,31.17,자동차부품,KOSDAQ
290740,2449.39,,,,65.79,,,,1.0,-371.48,1152,11450,15.62,핸드셋,KOSDAQ
017510,323.33,,,,148.16,,,,,-140.83,1142,7490,,전기장비,KOSDAQ
131030,871.61,,,,88.75,,,,,-408.55,1138,6450,,제약,KOSDAQ
035610,1206.51,,,,246.21,,,,0.6045,-2148.7,1358,4965,6.51,건강관리기술,KOSDAQ
049520,4122.64,,,,263.54,,,,0.9983,-908.09,1137,3685,5.06,핸드셋,KOSDAQ
129920,952.16,1161.0,,,-22.95,16.0,,,0.9,703.89,1134,6980,,기계,KOSDAQ
474170,105.69,,,,-5.94,,,,,-305.55,1133,6360,,우주항공과국방,KOSDAQ
114840,2240.96,2411.0,2606.0,2790.0,271.28,238.5,261.5,290.0,1.0,-305.94,1341,8040,6.14,화장품,KOSDAQ
333430,506.74,,,,108.63,,,,0.5446,-246.78,1131,3680,15.18,조선,KOSDAQ
054050,1587.89,,,,136.41,,,,1.0,-104.8,1124,7010,9.15,생물공학,KOSDAQ
009780,1976.63,,,,296.54,,,,1.0,214.11,1290,7330,5.61,식품,KOSDAQ
134580,486.05,,,,36.7,,,,,-80.71,1119,2270,,양방향미디어와서비스,KOSDAQ
322510,33.39,,,,-132.02,,,,,-104.3,1325,5150,,건강관리기술,KOSDAQ
493330,449.56,716.0,,,67.55,114.0,,,1.0,-311.54,1112,13830,,전자장비와기기,KOSDAQ
037350,7434.06,,,,576.98,,,,1.0,-668.6,1278,8400,4.54,건설,KOSDAQ
387690,146.28,,,,27.5,,,,0.976,92.78,1321,17320,26.61,건강관리장비와용품,KOSDAQ
041440,2895.87,,,,54.07,,,,1.0,736.52,1112,6230,23.95,기계,KOSDAQ
217820,3906.91,,,,13.98,,,,1.0,963.55,1110,2340,115.15,전기제품,KOSDAQ
417030,66.58,,,,-166.08,,,,,-6.35,1265,21900,,우주항공과국방,KOSDAQ
095700,45.74,,,,-361.72,,,,,890.62,1314,2885,,생물공학,KOSDAQ
209640,460.73,,,,-34.73,,,,1.0,244.47,1108,3895,,전자장비와기기,KOSDAQ
310200,1503.0,,,,226.84,,,,0.8595,150.11,1093,2095,9.05,방송과엔터테인먼트,KOSDAQ
321370,190.16,,,,-115.58,,,,,142.21,1256,1779,,통신장비,KOSDAQ
285490,555.9,,,,67.0,,,,1.0,-1013.87,1305,12340,7.37,핸드셋,KOSDAQ
038540,4185.61,,,,-482.13,,,,,-438.02,1088,1966,,기타금융,KOSDAQ
090850,1426.49,,,,241.97,,,,1.0,-804.57,1086,4830,4.53,상업서비스와공급품,KOSDAQ
255440,347.64,,,,-64.65,,,,,65.47,1188,9100,,디스플레이장비및부품,KOSDAQ
051360,6403.29,,,,571.91,,,,0.9643,549.41,1081,11550,2.51,디스플레이장비및부품,KOSDAQ
408920,728.22,927.0,967.0,1152.0,189.97,239.0,252.0,303.0,1.0,-644.76,1299,3005,8.38,양방향미디어와서비스,KOSDAQ
317770,214.87,,,,-14.07,,,,,-106.7,1080,2920,,전자장비와기기,KOSDAQ
040300,1341.93,,,,-136.02,,,,,-1412.8,1080,2265,,방송과엔터테인먼트,KOSDAQ
217270,1225.31,,,,24.92,,,,0.4093,-201.29,1121,2455,,게임엔터테인먼트,KOSDAQ
051980,198.09,,,,-45.63,,,,,-8.13,1079,9710,,통신장비,KOSDAQ
261780,1.59,,,,-142.71,,,,,-94.52,1070,3695,,제약,KOSDAQ
053700,16845.82,,,,617.3,,,,1.0,3565.92,1069,4000,5.27,자동차부품,KOSDAQ
338220,348.48,,,,-49.33,,,,,-241.86,1112,7940,,건강관리기술,KOSDAQ
339950,1194.88,,,,190.67,,,,1.0,-208.94,1065,2370,5.14,교육서비스,KOSDAQ
242040,1022.73,,,,22.51,,,,,-94.35,1064,3075,,IT서비스,KOSDAQ
036010,1338.53,,,,83.14,,,,1.0,-421.6,1063,8000,11.16,전기제품,KOSDAQ
125210,1306.01,,,,93.83,,,,1.0,435.46,1110,6730,18.83,화학,KOSDAQ
106190,701.83,,,,128.56,,,,,-29.79,1063,10000,,제약,KOSDAQ
039340,759.1,,,,-23.75,,,,1.0,-251.67,1059,4815,37.94,방송과엔터테인먼트,KOSDAQ
308080,0.23,,,,-171.08,,,,,-221.44,1197,5840,,제약,KOSDAQ
036630,2841.95,,,,-107.53,,,,1.0,688.82,1091,7790,13.47,다각화된통신서비스,KOSDAQ
130580,913.63,963.0,1006.0,1050.0,154.32,168.0,177.0,186.0,1.0,-364.63,1049,6810,8.12,상업서비스와공급품,KOSDAQ
073560,2870.5,,,,326.91,,,,1.0,842.77,1043,1507,4.37,식품,KOSDAQ
289930,407.06,,,,6.27,,,,,-530.18,1041,7920,,우주항공과국방,KOSDAQ
053350,328.06,,,,-23.93,,,,1.0,-1355.99,1083,4920,38.24,소프트웨어,KOSDAQ
453450,1256.09,,,,8.16,,,,1.0,-202.99,1041,13100,48.62,전기유틸리티,KOSDAQ
246710,269.67,403.0,,,-90.51,-11.0,,,,244.01,1032,2165,,생물공학,KOSDAQ
048910,3428.5,4579.0,4926.0,5077.0,99.5,202.0,239.0,258.0,0.8323,287.36,1031,8200,18.78,방송과엔터테인먼트,KOSDAQ
021320,18334.03,,,,883.37,,,,,1805.25,1186,5540,,건설,KOSDAQ
175250,833.85,,,,-119.57,,,,1.0,202.91,1031,1670,,화장품,KOSDAQ
173130,2332.94,,,,140.45,,,,1.0,-344.22,1029,7890,8.13,IT서비스,KOSDAQ
306620,758.11,,,,16.32,,,,,275.6,1028,2145,,반도체와반도체장비,KOSDAQ
115440,755.05,811.0,1353.0,1457.0,19.49,31.0,187.0,264.0,1.0,-95.45,1178,10910,32.1,통신장비,KOSDAQ
235980,38.98,,,,-140.19,,,,,-340.08,1028,3000,,제약,KOSDAQ
100700,636.57,,,,127.01,,,,0.977,-985.14,1025,2340,8.6,건강관리장비와용품,KOSDAQ
091440,134.35,,,,-245.99,,,,,769.63,1022,2765,,통신장비,KOSDAQ
138360,233.71,,,,5.81,,,,,106.26,1162,1321,,기계,KOSDAQ
366030,450.44,,,,68.05,,,,1.0,-294.77,1022,4510,13.71,"섬유,의류,신발,호화품",KOSDAQ
323990,70.56,,,,-154.98,,,,,-132.86,1015,4365,,제약,KOSDAQ
307930,216.02,,,,97.7,,,,,,1015,6500,,창업투자,KOSDAQ
067900,1169.96,,,,260.73,,,,1.0,339.48,1050,5770,3.45,해운사,KOSDAQ
475230,594.82,1187.5,,,44.99,138.0,,,1.0,756.53,1014,9300,,건설,KOSDAQ
045970,3751.29,,,,-22.38,,,,,154.41,1009,3835,,핸드셋,KOSDAQ
311320,546.24,697.0,,,44.29,116.0,,,1.0,-133.74,1135,9000,20.79,반도체와반도체장비,KOSDAQ
101170,571.13,,,,11.89,,,,1.0,-66.86,1189,8810,49.67,기계,KOSDAQ
006620,2426.88,,,,92.48,,,,1.0,722.56,1008,3540,2.01,제약,KOSDAQ
100590,1238.66,,,,-7.34,,,,1.0,18.37,1006,5870,,통신장비,KOSDAQ
063570,3839.54,4556.0,5037.0,5558.0,307.14,371.0,430.0,480.0,0.9939,2340.34,1127,3300,15.88,상업서비스와공급품,KOSDAQ
039560,5417.78,,,,384.79,,,,,702.8,1186,2765,,통신장비,KOSDAQ
309960,264.15,,,,96.65,,,,1.0,,1003,4320,8.07,창업투자,KOSDAQ
049950,408.98,,,,-246.96,,,,1.0,-281.55,994,11270,,디스플레이장비및부품,KOSDAQ
122450,3461.22,3892.0,4197.0,4450.0,383.92,547.0,598.0,651.0,0.7226,577.8,1118,2495,5.61,복합기업,KOSDAQ
067990,25490.97,,,,407.86,,,,1.0,9382.17,1179,4040,34.52,자동차,KOSDAQ
192410,166.94,,,,-18.48,,,,,-134.29,991,3935,,통신장비,KOSDAQ
097800,755.48,,,,-142.89,,,,,495.09,982,3600,,반도체와반도체장비,KOSDAQ
0011A0,565.73,,,,43.07,,,,1.0,98.63,982,10520,19.6,전자장비와기기,KOSDAQ
331920,57.68,,,,-33.24,,,,1.0,-219.01,1167,10440,,생물공학,KOSDAQ
250060,50.98,,,,-29.35,,,,,-342.15,981,3050,,소프트웨어,KOSDAQ
352090,696.79,,,,119.39,,,,1.0,-300.89,978,3640,9.58,가정용기기와용품,KOSDAQ
066790,182.71,,,,-50.2,,,,1.0,-131.24,974,2205,,방송과엔터테인먼트,KOSDAQ
396470,152.21,,,,24.83,,,,1.0,-572.58,1151,7140,32.25,반도체와반도체장비,KOSDAQ
298540,4775.22,,,,69.68,,,,1.0,1164.89,973,6720,14.28,"섬유,의류,신발,호화품",KOSDAQ
091120,2050.9,,,,-199.06,,,,,926.14,1013,5910,,핸드셋,KOSDAQ
021080,705.62,,,,319.78,,,,,,972,2025,,창업투자,KOSDAQ
033560,58.07,,,,6.48,,,,1.0,142.64,1009,5900,6.16,부동산,KOSDAQ
123010,383.76,,,,2.08,,,,,9.12,971,4805,,핸드셋,KOSDAQ
357580,1221.4,1240.0,1940.0,,53.22,30.0,210.0,,1.0,387.41,1007,8540,202.62,핸드셋,KOSDAQ
389020,106.44,,,,-70.65,,,,,-175.46,1081,15650,,통신장비,KOSDAQ
412350,46.84,,,,-135.47,,,,,51.26,967,6620,,반도체와반도체장비,KOSDAQ
246720,25.95,,,,-25.9,,,,,-87.65,994,6070,,건강관리장비와용품,KOSDAQ
032300,876.01,,,,-8.87,,,,,55.51,921,8440,,제약,KOSDAQ
109740,431.79,,,,-227.22,,,,0.9111,-60.64,991,3855,,전자장비와기기,KOSDAQ
322180,589.41,,,,-42.93,,,,,-383.59,964,4485,,IT서비스,KOSDAQ
063170,213.34,,,,-39.53,,,,,803.77,983,5530,,판매업체,KOSDAQ
307870,146.25,,,,-67.46,,,,,39.5,956,1287,,IT서비스,KOSDAQ
018120,997.84,,,,140.14,,,,0.969,-372.16,1111,16780,9.15,음료,KOSDAQ
109670,1697.22,,,,1.51,,,,1.0,-62.76,955,16370,,"섬유,의류,신발,호화품",KOSDAQ
088130,5824.37,,,,1132.31,,,,0.5105,-1160.61,979,5600,1.99,디스플레이장비및부품,KOSDAQ
187790,856.76,1065.0,1405.0,,55.26,97.0,183.0,,1.0,244.5,951,3085,13.53,화학,KOSDAQ
278650,740.5,,,,-86.17,,,,,-39.99,1100,6310,,생명과학도구및서비스,KOSDAQ
085670,1541.36,,,,92.33,,,,1.0,81.13,949,3875,10.79,전자장비와기기,KOSDAQ
017650,1688.37,,,,52.81,,,,1.0,-694.04,949,10800,14.83,포장재,KOSDAQ
002230,971.6,,,,52.81,,,,1.0,-568.42,947,5140,10.37,전기제품,KOSDAQ
123040,17405.52,,,,312.83,,,,0.2442,4116.44,1087,1736,,자동차부품,KOSDAQ
246960,220.11,347.0,,,-33.98,0.0,,,,286.78,946,2780,,건강관리업체및서비스,KOSDAQ
036220,1286.29,,,,24.26,,,,1.0,9.5,970,6780,31.2,생명과학도구및서비스,KOSDAQ
362320,2173.85,,,,53.69,,,,0.6083,488.43,932,4505,49.81,인터넷과카탈로그소매,KOSDAQ
205100,477.63,,,,36.52,,,,0.7605,-728.89,932,1380,14.11,소프트웨어,KOSDAQ
086960,1877.06,,,,58.13,,,,1.0,-374.63,1006,2365,12.23,소프트웨어,KOSDAQ
068240,1120.89,,,,-1206.78,,,,0.9473,3527.83,966,2530,,기계,KOSDAQ
282720,2647.79,,,,4.27,,,,1.0,28.27,927,7650,5150.0,에너지장비및서비스,KOSDAQ
052900,1262.76,1604.0,,,53.57,301.0,,,1.0,-163.85,965,1259,21.17,반도체와반도체장비,KOSDAQ
334970,125.33,266.65,,,-336.82,-493.02,,,,943.64,1078,1387,,제약,KOSDAQ
040420,1030.51,1018.0,1015.0,995.0,97.66,102.0,104.0,105.0,1.0,44.82,914,5830,13.77,교육서비스,KOSDAQ
042500,1830.74,,,,143.13,,,,1.0,-278.79,961,4310,8.81,IT서비스,KOSDAQ
0017J0,229.65,322.0,487.0,,63.93,93.0,141.0,,1.0,-566.12,1025,3400,14.94,반도체와반도체장비,KOSDAQ
201490,1209.24,1104.0,,,126.12,160.0,,,0.2063,-878.71,1065,3255,137.95,게임엔터테인먼트,KOSDAQ
223250,666.31,,,,52.38,,,,0.9491,-198.72,954,3880,13.39,제약,KOSDAQ
005860,4548.52,,,,58.61,,,,1.0,55.91,908,2305,14.24,식품,KOSDAQ
120240,1080.81,,,,111.82,,,,,-764.08,1061,14760,,화학,KOSDAQ
047560,1067.93,,,,-189.54,,,,,-349.59,906,7710,,소프트웨어,KOSDAQ
044990,818.87,,,,96.64,,,,1.0,-356.64,905,11780,10.18,전자장비와기기,KOSDAQ
093920,1949.04,,,,34.33,,,,1.0,-1293.96,897,4825,13.61,핸드셋,KOSDAQ
079650,451.03,,,,-33.31,,,,1.0,-524.86,1046,5230,,건축자재,KOSDAQ
074430,220.2,,,,35.94,,,,1.0,-363.95,940,1052,26.69,제약,KOSDAQ
457370,338.96,,,,48.52,,,,,-208.74,862,10690,,디스플레이장비및부품,KOSDAQ
251120,191.79,209.45,240.7,297.0,62.53,75.9,99.6,124.0,,-552.51,892,10260,,생물공학,KOSDAQ
147760,252.88,625.0,885.0,,-203.96,22.0,78.0,,,22.52,892,4460,,반도체와반도체장비,KOSDAQ
330350,1064.44,,,,56.63,,,,,-23.11,929,7040,,제약,KOSDAQ
182360,872.28,,,,-72.62,,,,0.9626,-243.25,965,6210,,방송과엔터테인먼트,KOSDAQ
054540,1184.62,,,,102.19,,,,0.9826,1328.93,891,6850,6.91,조선,KOSDAQ
013310,10088.68,,,,643.58,,,,1.0,8719.94,885,2280,3.82,자동차부품,KOSDAQ
053580,743.62,797.0,908.0,1030.0,134.74,131.0,154.0,176.0,,-228.44,915,7060,,소프트웨어,KOSDAQ
432470,412.3,,,,-15.64,,,,1.0,-56.53,914,10420,,전기제품,KOSDAQ
033290,7931.68,,,,226.68,,,,1.0,3807.99,877,1561,4.17,항공화물운송과물류,KOSDAQ
900260,7551.7,,,,111.62,,,,1.0,-418.55,874,1898,4.44,통신장비,KOSDAQ
023900,1635.2,,,,167.54,,,,0.7632,-133.27,912,7240,8.91,화학,KOSDAQ
348350,578.07,,,,51.29,,,,1.0,-790.07,954,9760,14.8,반도체와반도체장비,KOSDAQ
004650,1223.44,,,,158.93,,,,1.0,180.06,873,9500,6.58,음료,KOSDAQ
065450,829.57,,,,43.74,,,,1.0,182.06,873,2960,19.83,우주항공과국방,KOSDAQ
101330,13713.27,,,,417.98,,,,0.5487,1606.69,949,4100,8.14,자동차부품,KOSDAQ
099750,726.41,788.94,960.0,,22.11,50.19,95.0,,1.0,-37.03,973,7120,42.43,건강관리기술,KOSDAQ
330730,255.49,,,,134.61,,,,,,867,4760,,창업투자,KOSDAQ
086710,807.66,924.0,1067.0,,60.6,70.0,101.0,,0.8147,591.72,866,7100,14.53,화장품,KOSDAQ
478560,572.58,,,,92.8,,,,1.0,204.63,894,3460,,"섬유,의류,신발,호화품",KOSDAQ
052420,1657.07,,,,301.23,,,,1.0,-1266.36,935,9600,2.87,디스플레이장비및부품,KOSDAQ
037760,1269.88,,,,-10.83,,,,0.7528,680.14,863,2550,,철강,KOSDAQ
153890,221.56,,,,-8.36,,,,1.0,-193.95,1035,8590,,기계,KOSDAQ
303810,1303.44,,,,130.45,,,,,294.71,852,2665,,건강관리장비와용품,KOSDAQ
048530,57.4,,,,-79.04,,,,,-384.22,891,2885,,생명과학도구및서비스,KOSDAQ
189330,102.72,,,,-32.25,,,,,-187.99,929,9900,,IT서비스,KOSDAQ
059210,1029.51,,,,214.28,,,,1.0,82.46,1030,3790,9.37,건강관리장비와용품,KOSDAQ
142280,1084.13,,,,28.87,,,,1.0,149.63,881,3675,24.03,건강관리장비와용품,KOSDAQ
066700,2715.9,,,,102.13,,,,0.9024,6.93,845,2275,7.97,제약,KOSDAQ
357880,156.42,,,,-43.91,,,,,84.59,963,1736,,IT서비스,KOSDAQ
360070,231.31,,,,-352.03,,,,,575.91,842,10280,,전자장비와기기,KOSDAQ
357230,2581.89,,,,135.46,,,,0.9347,-209.86,873,2115,10.37,건강관리업체및서비스,KOSDAQ
062970,35.81,,,,-34.15,,,,,-173.85,910,3020,,통신장비,KOSDAQ
094860,310.47,,,,-46.15,,,,,-237.51,841,1584,,게임엔터테인먼트,KOSDAQ
291650,35.05,,,,-78.01,,,,,-58.31,841,2755,,생명과학도구및서비스,KOSDAQ
226400,453.93,575.5,726.5,865.0,88.64,118.0,157.0,176.0,1.0,87.07,871,4215,11.61,건강관리장비와용품,KOSDAQ
183490,677.51,,,,-143.37,,,,,-814.75,838,990,,제약,KOSDAQ
323350,269.37,,,,40.3,,,,,-208.57,904,11290,,반도체와반도체장비,KOSDAQ
215100,133.62,,,,-19.59,,,,0.9768,-55.17,834,4100,,교육서비스,KOSDAQ
394420,88.29,,,,-106.4,,,,,-76.96,866,7870,,건강관리장비와용품,KOSDAQ
380550,26.15,,,,-165.49,,,,,-383.54,893,7320,,건강관리기술,KOSDAQ
036640,789.1,,,,134.18,,,,1.0,-191.92,831,5080,6.14,화학,KOSDAQ
140070,2084.11,,,,-116.96,,,,0.9452,1890.04,830,2245,,반도체와반도체장비,KOSDAQ
052460,2065.0,3282.0,4876.0,5723.0,80.15,94.0,191.0,236.0,1.0,-28.77,853,5840,8.4,IT서비스,KOSDAQ
067000,1403.6,,,,56.65,,,,0.711,827.83,825,1180,,게임엔터테인먼트,KOSDAQ
009300,777.99,,,,109.79,,,,1.0,-908.15,892,14000,6.89,제약,KOSDAQ
388870,,,,,-115.07,,,,,-134.37,822,6350,,생물공학,KOSDAQ
234300,1682.39,,,,89.57,,,,0.9784,64.8,852,3130,17.61,IT서비스,KOSDAQ
234030,1545.64,,,,25.12,,,,0.9751,-330.72,879,3725,50.93,반도체와반도체장비,KOSDAQ
294630,33.86,,,,-38.58,,,,,8.02,819,3090,,전기장비,KOSDAQ
066980,1998.51,,,,28.4,,,,0.2,172.95,818,1522,771.7,건설,KOSDAQ
198440,718.43,,,,74.02,,,,,543.36,842,1382,,건축자재,KOSDAQ
104040,284.78,,,,-79.25,,,,1.0,1142.26,814,3035,40.38,자동차부품,KOSDAQ
029480,75.72,,,,-42.28,,,,1.0,-1877.83,812,1360,,IT서비스,KOSDAQ
049180,1401.94,,,,-51.29,,,,,46.83,840,1009,,건설,KOSDAQ
0117P0,1178.8,,,,167.26,,,,1.0,-680.07,788,5560,6.91,"섬유,의류,신발,호화품",KOSDAQ
382840,1491.0,,,,69.78,,,,1.0,-454.7,809,5300,,전기제품,KOSDAQ
046210,150.5,,,,-34.4,,,,,-183.23,808,1774,,생명과학도구및서비스,KOSDAQ
058820,1052.29,,,,-36.92,,,,1.0,509.56,832,562,,제약,KOSDAQ
096240,2209.17,2260.0,,,22.44,100.0,,,1.0,260.62,865,8450,13.09,교육서비스,KOSDAQ
107600,383.91,,,,-94.19,,,,,170.1,806,14260,,전기제품,KOSDAQ
032540,944.35,,,,32.88,,,,0.9995,130.95,806,3855,20.23,전자제품,KOSDAQ
078890,5175.5,,,,125.26,,,,1.0,1593.85,827,4490,12.42,전자제품,KOSDAQ
066590,3686.09,,,,4.51,,,,1.0,850.77,853,2205,,자동차부품,KOSDAQ
072020,490.69,510.0,,,64.79,66.0,,,,-207.47,852,9200,,제약,KOSDAQ
331380,453.08,,,,-102.03,,,,,0.04,798,2160,,전자장비와기기,KOSDAQ
439580,1859.05,,,,-19.71,,,,,295.73,821,2425,,건강관리업체및서비스,KOSDAQ
078140,1020.64,,,,73.32,,,,0.8423,269.19,846,7630,8.41,제약,KOSDAQ
109610,5015.53,,,,-66.27,,,,0.5433,1499.62,913,1867,,건축자재,KOSDAQ
365330,973.67,,,,-26.75,,,,1.0,122.7,795,1585,,건축자재,KOSDAQ
225530,384.93,,,,-48.72,,,,1.0,468.88,794,2185,,건축자재,KOSDAQ
038110,25620.26,,,,357.45,,,,1.0,8841.09,842,2045,42.29,자동차부품,KOSDAQ
136150,296.17,,,,-17.5,,,,,-8.62,1022,12190,,에너지장비및서비스,KOSDAQ
058400,685.07,,,,31.94,,,,0.993,-1268.19,792,5980,7.06,방송과엔터테인먼트,KOSDAQ
014950,600.2,,,,32.73,,,,1.0,-320.58,790,7850,,제약,KOSDAQ
006140,1785.52,,,,109.6,,,,,33.94,838,5640,,건강관리장비와용품,KOSDAQ
117670,822.8,,,,-20.44,,,,,-239.76,871,13070,,반도체와반도체장비,KOSDAQ
066430,364.26,,,,1.7,,,,,63.25,787,2010,,화학,KOSDAQ
041910,555.43,,,,31.89,,,,,-60.1,785,5910,,제약,KOSDAQ
263720,854.72,642.0,621.0,705.0,173.36,99.0,89.0,119.0,1.0,-544.88,831,6790,10.42,출판,KOSDAQ
065510,1180.43,,,,55.53,,,,1.0,700.4,782,7190,,건강관리장비와용품,KOSDAQ
475580,630.16,,,,-104.74,,,,1.0,129.12,969,7110,,교육서비스,KOSDAQ
0015S0,166.28,350.0,485.0,,8.79,29.0,53.0,,1.0,-278.87,804,8150,31.37,자동차부품,KOSDAQ
381620,226.65,,,,-123.13,,,,1.0,-42.2,781,5950,,기계,KOSDAQ
038680,4574.07,,,,106.6,,,,0.9073,-147.43,781,3920,17.12,IT서비스,KOSDAQ
187420,433.7,,,,12.06,,,,0.9866,60.14,800,2450,3.54,생물공학,KOSDAQ
389140,337.1,,,,-73.96,,,,,-48.81,778,5450,,방송과엔터테인먼트,KOSDAQ
047820,1721.97,,,,28.33,,,,0.9143,-1326.11,778,3180,27.61,방송과엔터테인먼트,KOSDAQ
079810,739.85,,,,25.5,,,,1.0,-819.2,795,3695,883.33,전기제품,KOSDAQ
007820,1490.94,,,,-79.51,,,,1.0,212.48,776,3325,,기계,KOSDAQ
088390,591.13,,,,65.28,,,,1.0,36.31,772,8220,3.33,레저용장비와제품,KOSDAQ
066310,232.83,,,,2.94,,,,1.0,-262.0,770,8310,30.6,반도체와반도체장비,KOSDAQ
302430,385.68,,,,-57.03,,,,1.0,-200.2,770,7850,,전기제품,KOSDAQ
137950,3675.42,,,,77.18,,,,1.0,2012.72,793,3560,,에너지장비및서비스,KOSDAQ
024880,7439.14,,,,353.96,,,,1.0,2009.51,768,3850,3.96,기계,KOSDAQ
011320,4301.83,,,,144.24,,,,1.0,420.41,765,3960,7.09,자동차부품,KOSDAQ
004590,1416.17,,,,175.35,,,,1.0,-79.79,789,5260,5.53,식품과기본식료품소매,KOSDAQ
149980,320.86,,,,41.02,,,,1.0,-211.39,764,4445,24.18,건강관리장비와용품,KOSDAQ
012700,3877.1,,,,109.46,,,,1.0,6882.79,763,2935,5.72,석유와가스,KOSDAQ
131370,488.45,,,,23.93,,,,0.9883,-154.78,808,1516,45.42,소프트웨어,KOSDAQ
208140,1608.76,,,,67.52,,,,1.0,414.57,762,2330,12.55,식품,KOSDAQ
303360,151.2,,,,37.21,,,,,-136.61,761,5910,,건강관리장비와용품,KOSDAQ
253840,94.17,,,,-188.2,,,,,-129.83,761,4545,,건강관리장비와용품,KOSDAQ
025950,333.82,,,,-22.06,,,,,-662.04,826,9830,,건설,KOSDAQ
011370,6451.14,,,,625.54,,,,1.0,2694.27,761,3770,2.63,건설,KOSDAQ
413390,754.54,,,,44.09,,,,1.0,160.59,760,6730,21.88,전기제품,KOSDAQ
168330,222.27,,,,-32.95,,,,,84.16,759,2390,,화장품,KOSDAQ
124560,11172.81,,,,22.5,,,,0.9618,1507.04,755,1950,,해운사,KOSDAQ
162300,3521.72,,,,30.47,,,,1.0,687.63,819,1975,61.3,철강,KOSDAQ
102370,122.87,,,,-40.65,,,,,676.66,755,2915,,판매업체,KOSDAQ
040910,1970.41,,,,44.52,,,,,76.79,754,4150,,디스플레이장비및부품,KOSDAQ
185490,35.67,,,,-98.51,,,,,-358.3,817,1889,,생물공학,KOSDAQ
417790,491.14,,,,132.55,,,,,-720.27,751,7170,,전자장비와기기,KOSDAQ
041930,4034.1,,,,171.85,,,,1.0,73.36,752,4950,2.73,자동차부품,KOSDAQ
040160,1015.71,,,,-60.87,,,,1.0,129.14,746,6280,,IT서비스,KOSDAQ
089790,383.79,,,,-21.97,,,,1.0,-428.72,746,7230,,반도체와반도체장비,KOSDAQ
054670,2024.01,,,,117.25,,,,,633.33,810,5640,,제약,KOSDAQ
010280,5720.27,6363.0,7066.0,7792.0,208.71,354.0,402.0,467.0,0.9813,-18.78,745,5720,3.24,IT서비스,KOSDAQ
019550,327.08,,,,93.23,,,,,,741,920,,창업투자,KOSDAQ
347890,622.55,,,,-58.26,,,,1.0,127.78,739,4345,43.39,전자장비와기기,KOSDAQ
277880,2646.53,,,,82.45,,,,1.0,349.16,808,4070,20.89,전자장비와기기,KOSDAQ
058630,917.4,,,,175.55,,,,1.0,-633.77,738,3930,4.6,게임엔터테인먼트,KOSDAQ
155650,1727.77,,,,45.74,,,,1.0,-68.51,735,3875,55.6,디스플레이장비및부품,KOSDAQ
0007J0,,,,,-86.04,,,,,-11.12,735,9340,,제약,KOSDAQ
104540,1004.29,,,,91.16,,,,0.8981,32.79,800,5970,12.78,건강관리장비와용품,KOSDAQ
332370,490.83,,,,108.76,,,,0.9986,-370.58,734,5530,7.13,컴퓨터와주변기기,KOSDAQ
060590,1237.69,,,,62.5,,,,1.0,221.11,733,3030,22.62,제약,KOSDAQ
418470,881.9,975.0,1062.0,1179.0,143.71,152.0,172.0,204.0,,-754.08,797,9300,,출판,KOSDAQ
020710,1683.94,,,,150.8,,,,1.0,-245.24,730,3640,2.39,"호텔,레스토랑,레저",KOSDAQ
060570,2249.97,,,,5.93,,,,1.0,-501.37,728,4915,27.99,방송과엔터테인먼트,KOSDAQ
451220,329.44,,,,1.59,,,,1.0,5.42,753,9560,77.39,반도체와반도체장비,KOSDAQ
371950,323.63,,,,-199.34,,,,,473.14,727,3085,,디스플레이장비및부품,KOSDAQ
038460,4827.76,,,,225.69,,,,1.0,527.5,725,2870,8.05,전기장비,KOSDAQ
302550,245.05,,,,7.26,,,,0.9717,-10.92,817,2700,155.32,건강관리장비와용품,KOSDAQ
299660,88.42,,,,-113.43,,,,,168.64,746,2530,,생물공학,KOSDAQ
412540,1512.65,,,,-72.42,,,,,654.7,811,3935,,전기제품,KOSDAQ
475430,693.16,,,,73.95,,,,,-228.69,791,4430,,전기장비,KOSDAQ
234920,82.3,,,,-36.56,,,,,297.85,718,5310,,건강관리장비와용품,KOSDAQ
212710,322.21,619.0,,,-58.41,90.0,,,1.0,227.47,717,7380,,반도체와반도체장비,KOSDAQ
037030,4470.37,,,,246.08,,,,0.7121,1343.76,972,3810,6.4,전기제품,KOSDAQ
045660,1602.13,,,,86.99,,,,1.0,223.83,717,8680,153.21,컴퓨터와주변기기,KOSDAQ
083790,273.91,,,,-237.57,,,,,477.68,716,931,,생명과학도구및서비스,KOSDAQ
030960,558.64,494.93,,,-60.8,-64.1,,,,-905.64,737,4610,,상업서비스와공급품,KOSDAQ
012790,805.64,,,,73.86,,,,,-406.94,782,6520,,제약,KOSDAQ
084730,5365.86,,,,158.92,,,,0.575,726.74,781,7030,,전자제품,KOSDAQ
067170,8521.39,,,,-22.63,,,,,2289.1,714,2600,,기계,KOSDAQ
263800,1038.16,,,,12.17,,,,,-71.83,733,4520,,IT서비스,KOSDAQ
063080,992.12,885.0,,,-68.24,-51.0,,,0.294,1549.29,797,12080,7.28,게임엔터테인먼트,KOSDAQ
053280,6264.7,,,,29.36,,,,1.0,1704.06,710,2840,,인터넷과카탈로그소매,KOSDAQ
039980,436.36,,,,-46.9,,,,,-31.92,709,4930,,IT서비스,KOSDAQ
054620,848.67,,,,-68.49,,,,0.9106,399.15,728,3960,,반도체와반도체장비,KOSDAQ
104460,3962.56,,,,285.69,,,,1.0,170.8,705,6700,2.78,기계,KOSDAQ
950130,312.55,,,,-633.56,,,,,-2481.91,795,2260,,생명과학도구및서비스,KOSDAQ
294140,74.57,,,,-71.45,,,,,96.71,704,2825,,화학,KOSDAQ
171120,1302.72,,,,113.72,,,,1.0,-393.16,725,2020,8.53,건축자재,KOSDAQ
092040,419.81,,,,-171.39,,,,,491.74,699,990,,생물공학,KOSDAQ
377480,97.86,,,,-63.76,,,,,83.85,723,10170,,IT서비스,KOSDAQ
179530,128.97,,,,-35.01,,,,,0.02,699,2245,,제약,KOSDAQ
067570,16238.9,,,,-218.7,,,,0.5757,7524.84,698,1655,,자동차부품,KOSDAQ
170030,3679.11,3697.0,3882.0,,123.12,164.0,182.0,,1.0,-369.24,763,4975,6.44,자동차부품,KOSDAQ
263600,1769.47,,,,15.78,,,,1.0,544.79,784,4920,11.34,핸드셋,KOSDAQ
054040,4177.73,,,,228.61,,,,1.0,565.02,694,4320,3.38,디스플레이장비및부품,KOSDAQ
320000,114.63,,,,-50.48,,,,,478.65,693,10020,,전자장비와기기,KOSDAQ
073640,141.34,,,,-101.4,,,,,108.38,761,654,,기계,KOSDAQ
347860,147.96,,,,-102.49,,,,,-118.46,715,1696,,소프트웨어,KOSDAQ
109860,917.07,,,,14.32,,,,0.9994,-91.09,686,7540,13.6,기계,KOSDAQ
217330,260.55,,,,-81.63,,,,,-81.28,683,2955,,건강관리업체및서비스,KOSDAQ
396270,396.54,,,,-129.36,,,,,65.96,758,2305,,반도체와반도체장비,KOSDAQ
487580,799.33,,,,104.25,,,,1.0,-166.74,682,2710,8.16,가정용기기와용품,KOSDAQ
000440,495.92,,,,-17.44,,,,,-49.42,779,12510,,석유와가스,KOSDAQ
024830,2116.16,,,,30.57,,,,,-1850.76,682,8170,,자동차부품,KOSDAQ
090470,306.61,,,,-236.66,,,,,305.19,728,4165,,전자장비와기기,KOSDAQ
389030,104.83,,,,-116.71,,,,,-232.02,772,1960,,생물공학,KOSDAQ
049550,775.34,,,,8.02,,,,1.0,519.14,677,3455,27.0,컴퓨터와주변기기,KOSDAQ
076610,1603.35,,,,-67.37,,,,,424.73,676,1109,,핸드셋,KOSDAQ
137080,544.97,,,,-88.38,,,,1.0,-541.84,725,6770,1.81,디스플레이장비및부품,KOSDAQ
049080,403.31,,,,-124.76,,,,,229.93,768,9050,,통신장비,KOSDAQ
067920,1432.57,,,,160.09,,,,1.0,-486.14,674,6130,,IT서비스,KOSDAQ
460940,76.39,,,,10.02,,,,1.0,-267.88,673,5000,24.47,건강관리장비와용품,KOSDAQ
451250,679.72,826.0,951.0,,44.69,83.0,98.0,,1.0,-223.4,744,7280,15.64,화장품,KOSDAQ
039610,814.49,,,,-16.48,,,,1.0,208.13,671,6450,,기계,KOSDAQ
096350,598.77,,,,-1.44,,,,0.8343,566.88,695,1887,,조선,KOSDAQ
153710,223.45,,,,-24.14,,,,,14.49,669,4560,,제약,KOSDAQ
128660,3489.57,,,,122.27,,,,0.9019,707.81,716,2885,9.39,비철금속,KOSDAQ
347000,367.25,,,,25.05,,,,1.0,-168.67,689,1821,13.86,전자장비와기기,KOSDAQ
0004V0,630.94,,,,-39.28,,,,,236.9,667,6060,,기계,KOSDAQ
900110,705.4,,,,94.22,,,,0.9966,-3037.78,711,6430,6.71,"섬유,의류,신발,호화품",KOSDAQ
214680,1163.04,,,,-138.94,,,,,541.05,643,3850,,건강관리장비와용품,KOSDAQ
122350,5705.39,,,,82.77,,,,0.7676,4177.29,664,1733,,자동차부품,KOSDAQ
241790,1680.41,,,,89.98,,,,0.9869,79.92,664,6640,15.79,반도체와반도체장비,KOSDAQ
417970,765.02,,,,80.72,,,,1.0,-330.48,708,11070,10.37,기계,KOSDAQ
208370,308.25,,,,-1.62,,,,1.0,-249.83,680,2640,17.49,건강관리장비와용품,KOSDAQ
040350,108.61,,,,-64.09,,,,,315.44,659,3320,,IT서비스,KOSDAQ
204840,352.68,,,,2.68,,,,1.0,176.25,658,4240,5483.33,제약,KOSDAQ
110790,3119.45,,,,-47.27,,,,1.0,2329.25,703,3000,5.48,"섬유,의류,신발,호화품",KOSDAQ
067370,136.73,,,,50.36,,,,,254.36,675,5530,,생물공학,KOSDAQ
111710,167.71,,,,40.94,,,,,-461.9,656,3185,,"호텔,레스토랑,레저",KOSDAQ
321820,466.5,,,,-39.59,,,,1.0,-71.71,653,4190,50.31,방송과엔터테인먼트,KOSDAQ
080010,1037.83,,,,229.17,,,,0.7078,-696.54,718,7300,4.92,다각화된소비자서비스,KOSDAQ
214260,309.88,338.0,,,-30.34,,,,,152.27,673,7540,,화장품,KOSDAQ
273640,291.09,,,,17.43,,,,,63.82,651,5940,,전기제품,KOSDAQ
262260,1470.8,,,,-58.35,,,,1.0,1211.96,650,4310,,전자장비와기기,KOSDAQ
017480,2179.62,,,,50.99,,,,,-1165.59,716,4635,,철강,KOSDAQ
095270,805.33,,,,-16.42,,,,1.0,-92.29,668,4650,45.26,우주항공과국방,KOSDAQ
060310,290.22,283.87,,,-58.31,-51.07,,,1.0,-63.57,648,1221,,기계,KOSDAQ
032850,359.83,,,,58.61,,,,1.0,-251.41,643,3870,8.72,건강관리기술,KOSDAQ
205470,301.13,,,,-105.53,,,,,-1564.25,713,2890,,생명과학도구및서비스,KOSDAQ
123420,1252.65,,,,107.44,,,,0.8986,-376.39,667,6410,3.54,게임엔터테인먼트,KOSDAQ
026150,1490.21,,,,-316.45,,,,0.8652,236.44,683,3890,,건설,KOSDAQ
424960,93.97,,,,-52.7,,,,,-253.11,641,3890,,자동차부품,KOSDAQ
019540,8550.63,,,,480.24,,,,1.0,1830.49,682,5050,1.49,자동차부품,KOSDAQ
082210,1957.37,,,,-31.1,,,,1.0,1191.2,640,1831,,전자장비와기기,KOSDAQ
265560,1086.14,,,,180.42,,,,1.0,-162.21,664,6210,3.48,자동차부품,KOSDAQ
318160,510.66,,,,93.17,,,,1.0,90.67,638,6790,7.32,화장품,KOSDAQ
228670,1113.23,,,,-97.88,,,,1.0,278.08,704,4500,22.43,건강관리장비와용품,KOSDAQ
033130,399.02,,,,55.09,,,,1.0,-339.81,635,1712,11.65,IT서비스,KOSDAQ
291230,272.31,,,,-30.48,,,,,36.41,657,2735,,광고,KOSDAQ
0156T0,288.77,,,,93.28,,,,,-374.98,633,8140,,제약,KOSDAQ
222110,134.17,,,,15.06,,,,,-120.0,632,4680,,생물공학,KOSDAQ
360350,133.9,,,,-15.29,,,,1.0,10.05,652,11990,,전자장비와기기,KOSDAQ
228340,559.26,,,,-47.48,,,,,-119.73,632,3160,,건축자재,KOSDAQ
089850,6678.87,,,,214.57,,,,0.5675,1688.68,628,4260,,전자제품,KOSDAQ
127710,731.45,,,,54.79,,,,1.0,427.05,626,1422,20.14,출판,KOSDAQ
282620,3465.51,,,,321.9,,,,1.0,914.75,648,11060,1.83,"섬유,의류,신발,호화품",KOSDAQ
001840,1151.91,,,,32.9,,,,,16.75,626,2215,,건설,KOSDAQ
241690,1071.6,,,,20.55,,,,1.0,537.16,624,2550,,자동차부품,KOSDAQ
002800,1137.78,,,,107.9,,,,1.0,370.93,685,4515,7.37,제약,KOSDAQ
950220,0.95,,,,-252.2,,,,,-253.37,643,1879,,제약,KOSDAQ
081150,2092.35,,,,52.37,,,,,598.75,622,2565,,비철금속,KOSDAQ
048770,863.28,,,,-23.0,,,,,329.65,620,3950,,기계,KOSDAQ
043650,674.99,,,,-8.32,,,,0.999,-504.85,620,3470,9.93,음료,KOSDAQ
066670,1886.19,,,,-17.65,,,,1.0,-1406.03,619,3310,16.41,핸드셋,KOSDAQ
024740,1265.95,,,,35.2,,,,0.7868,103.44,709,2155,48.26,자동차부품,KOSDAQ
005670,3203.28,,,,183.53,,,,0.8357,690.05,617,6170,6.16,식품,KOSDAQ
100030,189.22,,,,23.4,,,,1.0,-1309.1,616,18750,2.88,소프트웨어,KOSDAQ
251630,490.02,,,,-128.29,,,,,51.33,637,3995,,기계,KOSDAQ
010470,2277.08,,,,89.2,,,,1.0,-860.36,613,5120,7.9,광고,KOSDAQ
315640,74.72,,,,-105.57,,,,,-90.41,611,2080,,IT서비스,KOSDAQ
004780,2665.62,,,,103.02,,,,,-409.66,674,4235,,포장재,KOSDAQ
039010,1533.33,,,,70.15,,,,1.0,-193.74,696,8070,6.55,통신장비,KOSDAQ
216050,504.9,,,,115.12,,,,1.0,-1356.05,610,5000,5.09,광고,KOSDAQ
192250,483.94,,,,28.95,,,,1.0,88.49,628,8880,26.19,소프트웨어,KOSDAQ
048430,1972.54,,,,18.14,,,,1.0,-702.26,669,5810,6.06,자동차부품,KOSDAQ
065530,755.39,,,,54.76,,,,1.0,295.69,694,1451,15.26,무선통신서비스,KOSDAQ
056360,626.0,,,,3.06,,,,1.0,-327.57,606,6190,17.46,통신장비,KOSDAQ
460870,557.88,652.7,750.6,,49.43,63.3,86.3,,,239.33,625,3115,,포장재,KOSDAQ
225190,214.06,,,,-168.51,,,,1.0,-37.93,606,4300,,전자장비와기기,KOSDAQ
294090,36.7,,,,-222.38,,,,,192.25,623,1490,,건강관리장비와용품,KOSDAQ
003310,1009.83,,,,106.35,,,,1.0,-156.74,605,1708,8.95,식품,KOSDAQ
049470,248.41,,,,-45.2,,,,,-102.6,603,2560,,소프트웨어,KOSDAQ
382480,362.2,,,,11.24,,,,1.0,-60.13,641,1629,61.22,전기제품,KOSDAQ
065170,65.06,,,,-28.25,,,,,-23.38,664,2380,,건강관리업체및서비스,KOSDAQ
064240,979.96,,,,-28.76,,,,,-417.74,600,1728,2608.7,전문소매,KOSDAQ
008370,876.35,,,,65.96,,,,,-428.79,618,5150,,화학,KOSDAQ
039420,475.75,,,,104.83,,,,0.9239,-401.32,597,2600,6.43,IT서비스,KOSDAQ
337930,2740.97,,,,173.49,,,,0.9626,-5.29,677,2330,5.75,"섬유,의류,신발,호화품",KOSDAQ
424980,222.28,,,,-34.09,,,,,-0.79,596,10070,,반도체와반도체장비,KOSDAQ
043610,3028.54,3155.0,3348.0,3448.0,161.69,129.0,184.0,200.0,0.7536,-794.18,613,1055,,방송과엔터테인먼트,KOSDAQ
355690,704.26,,,,-65.41,,,,,210.23,611,6380,,전자장비와기기,KOSDAQ
0155E0,140.79,,,,-23.95,,,,,-16.17,592,10790,,반도체와반도체장비,KOSDAQ
050960,307.12,,,,50.97,,,,,-336.74,591,8760,,소프트웨어,KOSDAQ
053620,1403.52,,,,23.93,,,,1.0,-889.54,591,6870,4.99,가정용품,KOSDAQ
175140,554.91,,,,-116.29,,,,,-91.0,590,2365,,전자제품,KOSDAQ
299170,517.06,,,,39.16,,,,1.0,46.58,608,1465,,제약,KOSDAQ
221800,255.93,,,,-23.58,,,,,-78.12,590,3615,,건강관리업체및서비스,KOSDAQ
025550,2194.0,,,,81.75,,,,0.2,1328.96,589,2310,180.12,철강,KOSDAQ
096250,347.3,,,,1.14,,,,1.0,-456.03,668,5650,38.11,소프트웨어,KOSDAQ
033170,1030.47,,,,-238.32,,,,,396.98,586,3415,,반도체와반도체장비,KOSDAQ
054300,671.61,,,,-27.92,,,,,433.33,585,997,,해운사,KOSDAQ
487400,177.81,,,,-17.59,,,,,-32.27,584,5690,,통신장비,KOSDAQ
039020,4471.15,,,,-12.43,,,,,2070.23,583,2580,,건축자재,KOSDAQ
215360,5320.38,,,,186.74,,,,0.9874,757.41,600,6570,4.28,자동차부품,KOSDAQ
053050,1700.81,,,,73.43,,,,,287.08,582,1940,,가스유틸리티,KOSDAQ
099520,251.73,,,,-33.0,,,,1.0,-23.66,581,1284,,통신장비,KOSDAQ
317530,56.83,,,,-35.56,,,,,185.1,579,3310,,양방향미디어와서비스,KOSDAQ
331740,254.79,,,,-135.2,,,,,255.98,659,6760,,자동차부품,KOSDAQ
191420,59.41,,,,-44.24,,,,1.0,-271.92,579,7140,,생물공학,KOSDAQ
045340,274.95,,,,93.58,,,,,-320.65,578,6750,,운송인프라,KOSDAQ
043710,356.68,,,,-83.32,,,,1.0,1489.03,573,3310,,건강관리업체및서비스,KOSDAQ
061040,2660.08,,,,-251.88,,,,1.0,-196.17,655,7240,,핸드셋,KOSDAQ
333620,488.36,,,,-61.07,,,,1.0,2.59,572,5200,,전자장비와기기,KOSDAQ
059270,150.78,,,,-6.21,,,,,-147.21,572,5120,,기계,KOSDAQ
443250,564.58,,,,88.79,,,,0.8294,-464.43,570,5270,10.72,양방향미디어와서비스,KOSDAQ
456070,52.59,,,,-179.03,,,,,-182.6,651,5900,,제약,KOSDAQ
007370,1206.86,,,,25.26,,,,,687.5,568,4020,,제약,KOSDAQ
348150,692.92,,,,-96.51,,,,,-313.59,567,2920,,건강관리업체및서비스,KOSDAQ
033310,865.5,,,,27.68,,,,1.0,144.82,564,1410,,자동차부품,KOSDAQ
036000,102.58,,,,-14.2,,,,,-1728.48,647,2810,,출판,KOSDAQ
014470,3194.84,,,,17.53,,,,1.0,-91.03,563,1049,24.18,가정용기기와용품,KOSDAQ
037440,2318.73,2509.0,2964.0,3140.0,91.41,95.0,133.0,135.0,1.0,60.51,561,4030,7.18,건설,KOSDAQ
459100,1687.22,,,,25.91,,,,0.6786,729.12,557,4140,28.8,핸드셋,KOSDAQ
340930,600.15,,,,-27.13,,,,,326.79,555,806,,전자장비와기기,KOSDAQ
014970,942.56,,,,65.17,,,,1.0,145.84,642,4330,10.61,포장재,KOSDAQ
420570,329.66,520.0,,,29.2,90.0,,,1.0,-88.64,555,9490,20.76,화장품,KOSDAQ
464490,106.98,,,,-63.84,,,,,-92.59,551,4790,,생물공학,KOSDAQ
092300,2373.55,,,,110.39,,,,1.0,-222.79,551,2735,7.28,전자장비와기기,KOSDAQ
091590,726.92,,,,37.5,,,,0.9908,-98.76,640,5450,5.85,건설,KOSDAQ
033230,3427.38,,,,-42.77,,,,,-56.64,551,1090,,IT서비스,KOSDAQ
352910,335.35,,,,-37.24,,,,1.0,-185.58,595,4705,,소프트웨어,KOSDAQ
217480,300.69,,,,-63.25,,,,,-170.39,548,499,,화장품,KOSDAQ
126880,1472.93,,,,31.54,,,,1.0,-270.22,635,2740,21.74,석유와가스,KOSDAQ
064800,448.91,,,,-211.21,,,,1.0,-449.92,546,2135,3.45,전문소매,KOSDAQ
041460,367.46,,,,67.27,,,,1.0,-182.42,609,3305,13.05,IT서비스,KOSDAQ
203400,8.8,,,,-193.72,,,,,-46.86,609,3380,,제약,KOSDAQ
0013V0,1094.98,,,,59.56,,,,1.0,84.04,541,5450,10.41,식품,KOSDAQ
105760,914.26,1218.0,1376.0,1576.0,33.84,150.0,183.0,222.0,1.0,-175.89,539,5290,14.26,상업서비스와공급품,KOSDAQ
261520,212.5,,,,-67.99,,,,,-78.79,606,5900,,IT서비스,KOSDAQ
024910,7053.4,,,,73.44,,,,0.8226,2055.72,538,1502,,자동차부품,KOSDAQ
214270,2722.9,,,,305.18,,,,,141.13,606,1340,,양방향미디어와서비스,KOSDAQ
081180,592.06,,,,-30.64,,,,,117.63,537,6090,,전자장비와기기,KOSDAQ
010240,1370.24,,,,148.98,,,,1.0,-411.34,603,5150,4.94,기계,KOSDAQ
340810,139.7,,,,-112.71,,,,,29.62,535,3835,,소프트웨어,KOSDAQ
049480,2331.27,,,,79.21,,,,0.9525,-254.76,621,1977,8.56,컴퓨터와주변기기,KOSDAQ
290660,160.53,,,,-29.02,,,,,-60.78,532,1241,,건강관리장비와용품,KOSDAQ
071670,3054.9,,,,6.11,,,,1.0,1049.92,531,5310,115.18,기계,KOSDAQ
263690,1027.46,,,,90.25,,,,1.0,-62.49,599,5290,8.84,건강관리장비와용품,KOSDAQ
179900,199.72,,,,-483.11,,,,,788.1,531,2460,,핸드셋,KOSDAQ
046940,3763.49,,,,671.89,,,,1.0,-204.38,508,2810,1.06,건설,KOSDAQ
457600,445.44,,,,-34.29,,,,0.8701,132.42,530,3865,,교육서비스,KOSDAQ
170790,656.35,,,,54.03,,,,1.0,-354.97,548,8560,7.29,통신장비,KOSDAQ
054930,3855.02,,,,92.44,,,,,-253.29,530,17650,,건설,KOSDAQ
435570,356.28,,,,2.7,,,,1.0,260.41,545,7160,,식품,KOSDAQ
317830,616.13,,,,-7.64,,,,,-227.05,528,4900,,기계,KOSDAQ
036090,4830.26,,,,258.4,,,,0.3249,1444.27,591,1388,7.59,디스플레이장비및부품,KOSDAQ
109080,257.27,,,,45.14,,,,,-247.81,526,9330,,통신장비,KOSDAQ
033320,3138.39,,,,77.0,,,,0.9385,-283.59,589,3080,6.75,컴퓨터와주변기기,KOSDAQ
039240,3571.39,,,,59.58,,,,,-134.99,522,1933,,철강,KOSDAQ
036670,1168.4,,,,108.94,,,,,-431.43,538,5000,,화학,KOSDAQ
027050,736.77,,,,-43.94,,,,1.0,-102.77,520,1300,,화장품,KOSDAQ
288180,539.08,,,,26.39,,,,1.0,141.76,535,7240,34.41,우주항공과국방,KOSDAQ
463020,188.19,,,,-11.1,,,,,-443.26,583,6490,,IT서비스,KOSDAQ
311690,36.93,,,,-247.86,,,,,-321.75,516,3950,,생명과학도구및서비스,KOSDAQ
163280,280.76,,,,30.89,,,,,-43.77,512,3765,,화학,KOSDAQ
226340,460.13,,,,-83.3,,,,0.272,82.35,552,6580,,화장품,KOSDAQ
483350,306.67,,,,16.13,,,,1.0,-265.96,581,2605,16.0,IT서비스,KOSDAQ
256630,359.65,,,,8.32,,,,1.0,-183.29,512,4415,,디스플레이장비및부품,KOSDAQ
094940,234.76,,,,-10.13,,,,1.0,-72.04,510,6100,,컴퓨터와주변기기,KOSDAQ
370090,121.44,,,,-71.63,,,,,-278.02,531,6200,,전자장비와기기,KOSDAQ
094850,921.25,,,,97.82,,,,,-861.38,574,4100,,"호텔,레스토랑,레저",KOSDAQ
448710,681.14,,,,83.15,,,,,223.43,596,11270,,우주항공과국방,KOSDAQ
393970,845.13,,,,-203.62,,,,1.0,620.77,504,2825,,전기제품,KOSDAQ
061250,1008.17,,,,-22.8,,,,,-895.91,547,6500,,제약,KOSDAQ
088910,3254.58,,,,131.51,,,,1.0,-428.19,503,1956,1.78,식품,KOSDAQ
053160,231.36,,,,3.88,,,,1.0,-321.57,528,8800,58.73,기계,KOSDAQ
347740,227.83,279.6,322.4,,39.4,58.7,72.5,,1.0,-317.91,500,1667,10.67,생명과학도구및서비스,KOSDAQ
419080,54.15,,,,-62.8,,,,,-44.45,540,4970,,디스플레이장비및부품,KOSDAQ
065130,7984.98,,,,-352.19,,,,0.5681,256.78,498,3110,,핸드셋,KOSDAQ
019990,235.32,,,,-41.05,,,,1.0,-57.63,522,5350,,기계,KOSDAQ
196300,49.62,,,,-73.2,,,,,-69.95,496,5220,,생물공학,KOSDAQ
900300,1832.91,,,,-614.77,,,,,-2029.82,560,2720,,화장품,KOSDAQ
246690,196.18,,,,90.23,,,,1.0,,492,2070,7.01,창업투자,KOSDAQ
104620,1197.04,,,,22.39,,,,1.0,39.15,519,3085,,"호텔,레스토랑,레저",KOSDAQ
452400,1225.88,,,,-10.01,,,,1.0,-244.48,490,5400,198.38,전기제품,KOSDAQ
376290,2165.13,,,,54.2,,,,1.0,-638.71,488,2765,35.78,핸드셋,KOSDAQ
024950,1755.6,,,,124.25,,,,0.5068,-751.38,512,4130,8.73,레저용장비와제품,KOSDAQ
038010,1335.79,,,,71.42,,,,0.9717,-426.46,488,5420,4.91,조선,KOSDAQ
060560,2988.24,,,,-185.14,,,,0.8196,2049.95,487,1917,,건축자재,KOSDAQ
317870,142.79,,,,-62.22,,,,,238.38,486,5500,,가정용기기와용품,KOSDAQ
044340,3695.36,,,,-606.72,,,,1.0,2478.93,486,2720,,가정용기기와용품,KOSDAQ
042110,2161.37,,,,63.06,,,,1.0,-687.08,510,1055,7.97,전기제품,KOSDAQ
131400,589.57,,,,-31.76,,,,1.0,-186.04,484,8120,,전자장비와기기,KOSDAQ
238090,504.14,,,,48.14,,,,0.9977,47.59,530,1737,10.12,핸드셋,KOSDAQ
950200,591.92,,,,-22.55,,,,,13.49,571,2970,,생명과학도구및서비스,KOSDAQ
217500,270.7,,,,-51.73,,,,1.0,-141.42,484,1520,,반도체와반도체장비,KOSDAQ
348080,24.57,,,,-103.35,,,,,-24.42,482,3760,,생물공학,KOSDAQ
088280,182.06,225.0,,,-66.61,,,,,4.75,567,3275,,핸드셋,KOSDAQ
143540,805.04,,,,59.07,,,,1.0,-143.18,499,1119,8.98,디스플레이장비및부품,KOSDAQ
073110,695.74,,,,-96.21,,,,,614.94,481,5410,,디스플레이장비및부품,KOSDAQ
317690,36.88,,,,-155.56,,,,,-242.37,478,2375,,생명과학도구및서비스,KOSDAQ
189860,681.07,,,,-88.0,,,,,-1.65,477,4920,,전기장비,KOSDAQ
418250,11.69,,,,-42.87,,,,,-8.69,476,6550,,소프트웨어,KOSDAQ
122310,1080.42,,,,-2.43,,,,1.0,164.25,493,3390,65.04,건강관리장비와용품,KOSDAQ
459550,1129.48,,,,89.67,,,,1.0,-356.25,476,1888,9.37,핸드셋,KOSDAQ
900120,576.36,,,,97.36,,,,1.0,-462.5,532,4690,4.18,제약,KOSDAQ
393210,272.64,,,,-23.73,,,,1.0,226.64,532,3405,,IT서비스,KOSDAQ
479960,312.47,,,,52.71,,,,,-142.52,475,6670,,전기장비,KOSDAQ
471820,221.84,,,,28.35,,,,1.0,-91.18,474,4195,15.98,제약,KOSDAQ
053270,4261.81,,,,243.11,,,,1.0,3985.39,531,1936,2.35,자동차부품,KOSDAQ
900340,1921.83,,,,149.3,,,,1.0,-1092.8,473,1329,4.27,식품,KOSDAQ
023440,410.58,,,,-84.78,,,,,378.16,470,521,,철강,KOSDAQ
440290,174.01,,,,72.58,,,,,,469,1706,,창업투자,KOSDAQ
476040,24.07,,,,-162.0,,,,,-175.36,452,6860,,생물공학,KOSDAQ
365660,159.54,,,,-6.63,,,,,-188.51,469,3485,,건강관리업체및서비스,KOSDAQ
199550,256.95,,,,-120.45,,,,1.0,-58.24,465,3135,,건강관리장비와용품,KOSDAQ
059100,346.49,,,,60.4,,,,,-139.48,465,6570,,디스플레이장비및부품,KOSDAQ
0010V0,484.67,,,,48.59,,,,1.0,-216.58,464,9080,8.82,건강관리장비와용품,KOSDAQ
150900,466.76,,,,25.36,,,,0.9783,-80.56,482,4120,18.11,소프트웨어,KOSDAQ
082850,10439.62,,,,9.52,,,,0.5765,50.77,462,4770,,디스플레이장비및부품,KOSDAQ
094970,2002.25,,,,131.41,,,,0.8969,-662.47,462,2760,3.24,디스플레이장비및부품,KOSDAQ
391710,301.0,,,,-27.42,,,,,-61.54,521,1223,,IT서비스,KOSDAQ
384470,42.84,,,,-134.45,,,,,-62.42,462,2575,,건강관리기술,KOSDAQ
361570,464.77,,,,1.69,,,,,279.3,460,1602,,방송과엔터테인먼트,KOSDAQ
189980,993.78,,,,85.32,,,,0.9725,1143.9,460,1147,5.92,음료,KOSDAQ
114450,403.4,,,,2.04,,,,,-141.11,476,2380,,제약,KOSDAQ
260930,892.3,1083.0,1232.0,,-56.66,-22.0,25.0,,1.0,756.43,460,2380,,화장품,KOSDAQ
229000,75.48,,,,-65.68,,,,,107.69,458,1957,,건강관리장비와용품,KOSDAQ
460470,43.76,,,,-41.53,,,,,-129.14,457,3020,,생명과학도구및서비스,KOSDAQ
032960,215.51,,,,-0.62,,,,0.9911,-402.21,474,2695,7.31,전자장비와기기,KOSDAQ
227950,287.64,,,,94.39,,,,1.0,0.92,455,1319,2.4,반도체와반도체장비,KOSDAQ
222420,356.38,,,,31.7,,,,,308.52,455,939,,화학,KOSDAQ
051390,165.38,,,,57.77,,,,1.0,-261.55,452,3980,8.9,판매업체,KOSDAQ
317850,407.31,,,,19.1,,,,1.0,66.24,504,6050,26.61,기계,KOSDAQ
053450,4348.69,,,,30.06,,,,0.9599,752.77,484,3270,10.12,전자장비와기기,KOSDAQ
068330,145.3,,,,45.46,,,,,-474.24,451,1021,,생명과학도구및서비스,KOSDAQ
052790,699.28,,,,285.87,,,,1.0,-931.09,500,4580,1.58,게임엔터테인먼트,KOSDAQ
050120,139.32,,,,-128.34,,,,1.0,-24.78,450,3315,,레저용장비와제품,KOSDAQ
036120,412.58,,,,67.58,,,,1.0,-270.77,526,1497,7.59,상업서비스와공급품,KOSDAQ
178780,339.06,,,,20.37,,,,1.0,-205.65,447,2400,8.46,전문소매,KOSDAQ
033340,725.99,,,,-60.84,,,,1.0,183.29,446,460,,"섬유,의류,신발,호화품",KOSDAQ
145170,6021.68,,,,133.4,,,,1.0,2084.18,538,3180,10.59,"섬유,의류,신발,호화품",KOSDAQ
373160,1238.6,,,,45.72,,,,1.0,-150.09,446,3280,9.41,교육서비스,KOSDAQ
083550,1354.14,,,,-3.93,,,,1.0,112.16,444,3275,10.58,"섬유,의류,신발,호화품",KOSDAQ
063440,533.25,,,,45.76,,,,1.0,-232.18,492,1086,8.95,방송과엔터테인먼트,KOSDAQ
288330,0.09,,,,-151.54,,,,,19.92,441,416,,제약,KOSDAQ
015710,957.71,,,,29.99,,,,,-290.71,515,2940,,통신장비,KOSDAQ
900250,698.62,,,,107.16,,,,0.8251,-3330.26,438,1222,,비철금속,KOSDAQ
219550,449.03,,,,-4.9,,,,,98.15,487,1177,,화장품,KOSDAQ
373200,100.77,,,,-51.56,,,,,232.64,511,2040,,핸드셋,KOSDAQ
129890,834.28,,,,31.77,,,,1.0,266.99,437,960,6.82,컴퓨터와주변기기,KOSDAQ
453860,245.6,,,,-1.1,,,,,295.11,454,7050,,화장품,KOSDAQ
042040,769.24,,,,-171.54,,,,,329.51,485,5590,,화학,KOSDAQ
314140,1362.19,,,,50.87,,,,,-5.2,508,5860,,제약,KOSDAQ
290670,261.47,,,,-104.43,,,,,64.57,428,5450,,전자장비와기기,KOSDAQ
199480,634.48,,,,-43.81,,,,,-125.77,426,4180,,IT서비스,KOSDAQ
200350,146.18,,,,-30.07,,,,,-242.14,467,4675,,방송과엔터테인먼트,KOSDAQ
321260,315.34,,,,27.72,,,,1.0,-334.21,483,1715,12.33,디스플레이장비및부품,KOSDAQ
086060,907.89,,,,39.22,,,,1.0,-99.88,426,4945,11.24,제약,KOSDAQ
014190,2847.61,,,,33.09,,,,1.0,25.68,447,1263,15.94,화학,KOSDAQ
408470,664.48,,,,82.29,,,,1.0,-362.09,478,4525,7.24,IT서비스,KOSDAQ
256150,694.44,,,,28.17,,,,,-129.41,422,5030,,가정용기기와용품,KOSDAQ
140520,3985.74,,,,33.55,,,,1.0,605.99,422,1999,14.78,철강,KOSDAQ
159580,709.55,784.0,894.0,,25.16,71.0,91.0,,1.0,-48.65,445,2220,12.9,화장품,KOSDAQ
382150,3.7,,,,-88.28,,,,,-162.29,476,3650,,생명과학도구및서비스,KOSDAQ
190650,2514.14,2618.87,,,102.5,91.45,,,,,414,6480,,증권,KOSDAQ
263700,816.94,,,,-28.77,,,,0.9829,-224.68,413,2125,2.15,건강관리업체및서비스,KOSDAQ
232830,2695.51,,,,-3.03,,,,,382.69,475,2870,,IT서비스,KOSDAQ
189690,328.89,355.17,,,43.99,57.75,,,1.0,-291.11,440,1610,9.67,소프트웨어,KOSDAQ
084650,881.61,,,,-535.17,,,,,258.44,412,2775,,생명과학도구및서비스,KOSDAQ
461030,53.29,,,,-86.64,,,,,-176.46,411,2870,,생명과학도구및서비스,KOSDAQ
466410,134.72,,,,46.74,,,,,-346.01,434,8620,,소프트웨어,KOSDAQ
277070,74.32,,,,36.03,,,,1.0,,470,3435,15.72,창업투자,KOSDAQ
452200,210.16,,,,-88.0,,,,,-56.2,409,1679,,전기제품,KOSDAQ
045510,2009.03,,,,19.41,,,,1.0,172.0,408,1295,36.27,IT서비스,KOSDAQ
054780,157.02,,,,-39.4,,,,,-35.05,427,2170,,방송과엔터테인먼트,KOSDAQ
066130,1769.39,,,,103.54,,,,,-100.69,450,3515,,가정용기기와용품,KOSDAQ
258610,816.98,,,,-8.13,,,,1.0,39.82,426,1168,,핸드셋,KOSDAQ
263770,579.67,,,,23.32,,,,,-174.83,406,1712,,철강,KOSDAQ
065440,615.61,,,,15.35,,,,1.0,-170.55,425,1559,26.4,IT서비스,KOSDAQ
053980,1363.52,,,,110.01,,,,1.0,-485.48,463,2440,4.47,소프트웨어,KOSDAQ
463480,674.11,,,,-17.23,,,,1.0,0.02,496,4000,,자동차부품,KOSDAQ
099410,418.79,,,,92.89,,,,,-66.63,403,2880,,조선,KOSDAQ
413640,314.48,,,,8.66,,,,1.0,-193.64,422,5850,17.63,IT서비스,KOSDAQ
340360,632.02,,,,-19.01,,,,,102.23,461,859,,통신장비,KOSDAQ
469750,230.01,,,,-3.91,,,,,-86.11,401,5820,,전기제품,KOSDAQ
223310,188.96,,,,-74.77,,,,,171.57,400,2930,,식품과기본식료품소매,KOSDAQ
002290,851.77,,,,73.94,,,,,-821.9,412,3325,,건설,KOSDAQ
072990,1075.27,,,,82.73,,,,1.0,575.06,460,3170,7.31,전자장비와기기,KOSDAQ
049830,1415.48,,,,22.76,,,,,-327.9,397,6480,,포장재,KOSDAQ
064090,72.12,,,,-60.79,,,,1.0,-220.09,397,798,,판매업체,KOSDAQ
100660,465.01,,,,0.44,,,,0.9884,-283.87,410,3255,34.42,기계,KOSDAQ
307280,352.44,,,,79.26,,,,1.0,-66.02,429,6050,6.49,건강관리장비와용품,KOSDAQ
053950,559.44,,,,-17.32,,,,,-6.65,392,1999,,제약,KOSDAQ
263020,1425.87,,,,122.27,,,,0.9113,-236.69,429,3100,5.44,"섬유,의류,신발,호화품",KOSDAQ
007530,1771.46,,,,39.86,,,,1.0,521.69,407,1829,16.27,자동차부품,KOSDAQ
198080,2952.01,,,,242.73,,,,1.0,-278.87,450,2090,2.31,핸드셋,KOSDAQ
037230,2240.79,,,,99.45,,,,,662.9,406,1364,,포장재,KOSDAQ
273060,455.21,,,,75.75,,,,1.0,327.24,388,3950,20.63,광고,KOSDAQ
136410,602.73,,,,120.01,,,,0.9822,111.85,404,3665,4.58,화학,KOSDAQ
022220,647.31,,,,-108.35,,,,,420.38,423,817,,건축제품,KOSDAQ
007680,1121.22,,,,-137.54,,,,1.0,981.51,387,2925,,건설,KOSDAQ
044960,433.23,,,,42.6,,,,,-64.59,403,3190,,제약,KOSDAQ
104200,448.99,,,,-7.35,,,,,-183.59,402,2710,,방송과엔터테인먼트,KOSDAQ
261200,1142.45,,,,-104.14,,,,1.0,1021.6,414,2620,,건강관리장비와용품,KOSDAQ
465480,200.22,,,,25.5,,,,1.0,-126.57,383,3780,14.31,IT서비스,KOSDAQ
037950,462.91,,,,22.17,,,,1.0,-88.78,442,2615,17.87,전자장비와기기,KOSDAQ
450330,165.91,,,,9.03,,,,1.0,-77.78,399,4870,25.78,건강관리장비와용품,KOSDAQ
263810,1291.4,,,,25.63,,,,1.0,87.51,412,2590,23.76,전자장비와기기,KOSDAQ
051490,1846.33,,,,-0.8,,,,1.0,751.96,379,2670,7.2,기계,KOSDAQ
218150,675.55,,,,-14.43,,,,1.0,-38.81,379,1854,,식품,KOSDAQ
025880,1217.71,,,,121.82,,,,0.9776,-39.43,394,2355,3.81,식품,KOSDAQ
056700,2291.36,,,,90.96,,,,1.0,274.7,411,1411,12.23,디스플레이장비및부품,KOSDAQ
238120,160.16,,,,24.43,,,,1.0,-4.7,376,2645,12.92,생명과학도구및서비스,KOSDAQ
250000,1022.96,,,,91.47,,,,1.0,-20.73,375,5550,163.04,식품과기본식료품소매,KOSDAQ
215380,375.87,,,,-39.04,,,,,197.3,389,2310,,생명과학도구및서비스,KOSDAQ
066900,5431.96,,,,-578.19,,,,,2336.98,407,1790,,전자장비와기기,KOSDAQ
052220,400.46,,,,-76.32,,,,0.9727,-95.33,371,1615,,방송과엔터테인먼트,KOSDAQ
097870,243.87,219.74,,,34.69,24.16,,,0.9872,5.78,371,4370,13.19,화학,KOSDAQ
203450,513.24,,,,10.21,,,,1.0,57.79,387,2750,19.24,전자장비와기기,KOSDAQ
286750,59.77,,,,-65.81,,,,1.0,3.28,404,2525,,화학,KOSDAQ
101240,565.19,,,,101.72,,,,,9.23,368,3240,,화학,KOSDAQ
122690,29418.52,,,,268.09,,,,0.2,10565.01,369,1600,,자동차부품,KOSDAQ
050860,1132.96,1211.05,,,39.88,65.24,,,,106.22,383,1704,,기계,KOSDAQ
184230,616.36,,,,148.24,,,,1.0,264.98,403,2140,2.3,소프트웨어,KOSDAQ
042940,186.12,,,,-68.46,,,,1.0,944.48,363,5320,,건설,KOSDAQ
221980,628.97,,,,69.68,,,,1.0,-231.2,380,9420,10.84,화학,KOSDAQ
219420,169.75,,,,12.19,,,,0.9873,-318.74,363,3165,12.96,소프트웨어,KOSDAQ
446840,112.96,,,,-66.44,,,,,12.58,399,3625,,소프트웨어,KOSDAQ
177900,144.95,,,,-26.86,,,,,90.9,362,3760,,통신장비,KOSDAQ
072470,7050.03,,,,342.4,,,,0.5794,866.49,437,2315,3.98,자동차부품,KOSDAQ
038070,770.91,,,,6.92,,,,1.0,-169.32,378,4060,51.64,생물공학,KOSDAQ
171010,426.82,,,,-9.54,,,,,491.62,395,2765,,반도체와반도체장비,KOSDAQ
284620,11.72,,,,-64.39,,,,,-7.42,360,1087,,제약,KOSDAQ
027830,92.52,,,,7.97,,,,,,392,725,,창업투자,KOSDAQ
348030,396.85,,,,-89.23,,,,,-330.79,373,3885,,게임엔터테인먼트,KOSDAQ
352700,671.77,,,,-57.51,,,,1.0,-412.63,389,1480,,"섬유,의류,신발,호화품",KOSDAQ
068940,355.06,,,,-34.28,,,,1.0,28.46,357,778,,상업서비스와공급품,KOSDAQ
224110,642.77,,,,61.71,,,,,-257.14,388,7630,,컴퓨터와주변기기,KOSDAQ
0010F0,521.94,,,,51.19,,,,,307.5,370,3320,,화학,KOSDAQ
046310,1489.22,,,,67.9,,,,0.5983,-168.66,387,2360,9.15,통신장비,KOSDAQ
046390,372.66,,,,-15.48,,,,1.0,-112.99,357,2065,,방송과엔터테인먼트,KOSDAQ
221840,846.21,,,,46.01,,,,0.8762,426.18,386,2065,18.68,우주항공과국방,KOSDAQ
049120,657.94,,,,-40.82,,,,,309.96,368,2900,,디스플레이장비및부품,KOSDAQ
263050,102.95,,,,-189.19,,,,,143.98,353,959,,생물공학,KOSDAQ
121890,287.94,,,,11.01,,,,,-46.01,386,2905,,운송인프라,KOSDAQ
037370,627.51,,,,-21.66,,,,,1083.89,363,4210,,비철금속,KOSDAQ
026040,722.43,,,,7.06,,,,,-63.41,363,2200,,"섬유,의류,신발,호화품",KOSDAQ
234100,2426.35,,,,33.5,,,,0.2,-1248.21,380,2600,90.48,자동차부품,KOSDAQ
332290,1041.83,,,,41.18,,,,1.0,242.92,351,4420,34.21,화학,KOSDAQ
065500,1571.36,,,,9.12,,,,1.0,351.52,361,1011,20.09,자동차부품,KOSDAQ
123570,322.6,,,,2.74,,,,1.0,-647.39,360,1618,18.36,광고,KOSDAQ
089140,704.41,,,,22.82,,,,1.0,-391.99,349,2280,,기계,KOSDAQ
239890,301.19,302.0,380.0,490.0,21.94,23.0,43.0,70.0,,-146.81,378,3800,,디스플레이장비및부품,KOSDAQ
290120,3555.9,,,,219.21,,,,1.0,781.75,348,2200,2.5,자동차부품,KOSDAQ
014570,625.09,,,,69.13,,,,,-363.15,358,3250,,제약,KOSDAQ
035460,994.73,,,,80.78,,,,0.7303,-93.72,372,2490,8.79,통신장비,KOSDAQ
066360,4054.36,,,,284.82,,,,0.8322,1389.73,347,1448,1.46,식품,KOSDAQ
153460,191.89,,,,26.12,,,,,-229.06,357,5470,,소프트웨어,KOSDAQ
260660,2012.04,,,,9.89,,,,,201.74,357,2330,,제약,KOSDAQ
127980,817.9,,,,-14.85,,,,0.9709,111.68,345,2910,,전자장비와기기,KOSDAQ
081580,1827.39,,,,39.83,,,,1.0,-138.71,370,2385,2.99,핸드셋,KOSDAQ
208710,1287.35,,,,-0.46,,,,,153.4,357,2705,,핸드셋,KOSDAQ
207760,674.63,,,,-24.57,,,,,-207.61,356,2140,,양방향미디어와서비스,KOSDAQ
039290,1350.96,,,,-42.05,,,,1.0,-131.15,342,3930,,IT서비스,KOSDAQ
043910,373.09,,,,-39.76,,,,1.0,198.98,365,3220,,상업서비스와공급품,KOSDAQ
065950,2689.6,,,,-111.18,,,,,1600.88,341,1209,,건설,KOSDAQ
109820,106.43,,,,-6.79,,,,,-126.53,352,1726,,생물공학,KOSDAQ
019770,2070.62,,,,119.12,,,,,57.86,380,3260,,자동차부품,KOSDAQ
377030,272.15,,,,-108.59,,,,,604.35,340,2380,,IT서비스,KOSDAQ
204020,2017.18,,,,78.53,,,,1.0,179.49,351,1803,7.48,"섬유,의류,신발,호화품",KOSDAQ
086040,470.17,,,,-48.1,,,,,391.04,350,2195,30.09,생명과학도구및서비스,KOSDAQ
258790,257.22,,,,29.82,,,,1.0,173.87,360,7200,9.52,소프트웨어,KOSDAQ
476080,1323.96,,,,-89.67,,,,0.994,72.98,337,4170,,방송과엔터테인먼트,KOSDAQ
057540,990.68,,,,10.17,,,,0.9985,-49.65,358,602,,전자장비와기기,KOSDAQ
079190,441.5,,,,-27.38,,,,1.0,-30.44,348,1710,,핸드셋,KOSDAQ
363250,3.81,,,,-96.9,,,,,-9.32,357,4200,,건강관리장비와용품,KOSDAQ
270520,168.95,,,,-111.57,,,,,651.88,334,835,,에너지장비및서비스,KOSDAQ
106240,428.76,,,,-64.13,,,,,309.11,333,1253,,디스플레이장비및부품,KOSDAQ
290090,210.4,,,,-40.83,,,,1.0,-249.11,347,4665,,소프트웨어,KOSDAQ
434480,191.69,,,,9.43,,,,0.994,-152.18,357,2900,53.68,소프트웨어,KOSDAQ
335810,199.26,,,,-53.81,,,,,42.51,333,1515,,생명과학도구및서비스,KOSDAQ
131090,134.38,,,,43.14,,,,,-440.08,332,4340,,소프트웨어,KOSDAQ
057030,518.34,,,,9.5,,,,1.0,-253.73,343,2100,21.41,교육서비스,KOSDAQ
045060,1600.72,,,,56.22,,,,0.9922,-354.13,355,2095,6.36,화학,KOSDAQ
038060,1755.38,,,,-50.26,,,,1.0,-615.94,331,689,,디스플레이장비및부품,KOSDAQ
397810,305.99,,,,24.21,,,,0.9734,-207.34,331,6410,,광고,KOSDAQ
430690,262.58,,,,-19.48,,,,1.0,66.61,341,3130,,소프트웨어,KOSDAQ
387570,95.23,,,,-25.8,,,,1.0,-18.45,352,6250,,건강관리장비와용품,KOSDAQ
052600,268.26,,,,43.73,,,,,-265.63,330,2850,,IT서비스,KOSDAQ
431190,166.4,,,,-35.06,,,,1.0,-98.56,339,4530,,IT서비스,KOSDAQ
406820,549.22,,,,-31.59,,,,,333.7,337,2385,,화장품,KOSDAQ
033830,426.91,,,,14.85,,,,1.0,-815.34,328,1734,8.63,방송과엔터테인먼트,KOSDAQ
060850,798.83,,,,42.19,,,,1.0,-21.26,350,4305,5.46,소프트웨어,KOSDAQ
153490,1212.11,,,,2.87,,,,1.0,-7.8,327,3175,,디스플레이장비및부품,KOSDAQ
073570,106.54,,,,-44.82,,,,,-107.38,335,2785,,핸드셋,KOSDAQ
038620,1126.36,,,,24.9,,,,0.9182,-467.76,326,2150,7.6,운송인프라,KOSDAQ
186230,1057.15,,,,-9.52,,,,1.0,372.73,347,3180,,건축자재,KOSDAQ
432430,370.69,,,,-87.38,,,,,17.46,325,1970,,출판,KOSDAQ
032790,285.91,,,,-102.74,,,,1.0,53.74,333,1227,,IT서비스,KOSDAQ
069920,240.04,,,,-59.09,,,,,127.57,325,1346,,건설,KOSDAQ
060540,1597.33,,,,39.11,,,,1.0,190.12,346,1325,43.96,핸드셋,KOSDAQ
419120,199.68,,,,44.55,,,,0.983,-63.5,324,2280,9.05,소프트웨어,KOSDAQ
064520,181.5,,,,-56.04,,,,1.0,-408.07,332,1484,,반도체와반도체장비,KOSDAQ
318410,516.48,,,,61.93,,,,1.0,-294.82,344,6190,6.24,가정용품,KOSDAQ
080520,379.6,,,,-22.77,,,,1.0,-452.56,323,2855,36.25,반도체와반도체장비,KOSDAQ
159910,99.25,,,,-39.38,,,,,-36.32,320,3060,,화장품,KOSDAQ
024120,2149.96,,,,85.31,,,,1.0,1071.73,352,3065,9.03,자동차부품,KOSDAQ
045300,409.17,,,,19.52,,,,0.9968,-39.53,341,3230,7.2,반도체와반도체장비,KOSDAQ
462980,390.19,,,,33.3,,,,1.0,66.72,319,1750,12.48,IT서비스,KOSDAQ
037330,7218.14,,,,171.03,,,,0.6191,1712.97,319,726,5.29,디스플레이장비및부품,KOSDAQ
148930,300.85,,,,-31.68,,,,0.9997,-476.65,329,3230,9.55,전기제품,KOSDAQ
021650,2272.26,,,,79.33,,,,1.0,19.93,318,1943,6.89,자동차부품,KOSDAQ
075130,456.13,,,,32.61,,,,1.0,-269.33,339,2100,15.0,소프트웨어,KOSDAQ
900270,1088.09,,,,-2.13,,,,1.0,-3268.02,317,2540,,레저용장비와제품,KOSDAQ
006920,811.61,,,,-29.59,,,,0.2832,-71.87,327,2990,,건축자재,KOSDAQ
169330,561.61,588.94,,,-12.58,27.0,,,1.0,-98.72,335,1830,,IT서비스,KOSDAQ
064480,496.77,,,,3.1,,,,,-97.57,314,2625,,IT서비스,KOSDAQ
016600,200.98,,,,37.87,,,,,,313,2240,,창업투자,KOSDAQ
200780,758.0,,,,19.97,,,,0.9108,710.35,325,3045,,제약,KOSDAQ
296640,229.33,,,,9.22,,,,1.0,-80.23,333,6430,12.89,소프트웨어,KOSDAQ
197140,666.32,,,,-25.3,,,,,-142.12,312,2395,,소프트웨어,KOSDAQ
311390,819.44,,,,54.09,,,,0.5765,-281.29,311,2460,10.43,식품,KOSDAQ
271830,387.42,,,,-41.27,,,,0.9997,178.65,324,1099,,핸드셋,KOSDAQ
270870,1010.88,,,,-22.68,,,,1.0,-358.43,332,3695,,건강관리업체및서비스,KOSDAQ
073540,252.64,,,,9.2,,,,0.9446,-166.39,309,2710,14.84,통신장비,KOSDAQ
263920,523.07,,,,24.83,,,,1.0,27.41,308,3140,19.61,포장재,KOSDAQ
087600,427.08,,,,-56.3,,,,,-40.93,320,3915,,반도체와반도체장비,KOSDAQ
220180,314.44,,,,-4.81,,,,1.0,-453.86,330,1379,40.39,소프트웨어,KOSDAQ
173940,1023.69,,,,-6.14,,,,,-43.86,306,1985,,방송과엔터테인먼트,KOSDAQ
038870,172.4,,,,-26.61,,,,1.0,151.1,306,2180,,에너지장비및서비스,KOSDAQ
090410,1064.59,,,,-1.04,,,,1.0,495.45,305,3310,19.72,건축자재,KOSDAQ
099220,874.54,,,,4.64,,,,,495.05,337,5350,,에너지장비및서비스,KOSDAQ
452160,149.02,,,,1.75,,,,1.0,219.43,304,3160,,반도체와반도체장비,KOSDAQ
333050,299.54,,,,19.69,,,,,-170.61,293,5940,,IT서비스,KOSDAQ
452300,74.73,,,,23.39,,,,,,347,2450,,창업투자,KOSDAQ
444530,104.04,,,,-26.65,,,,,-67.69,302,4700,,IT서비스,KOSDAQ
246250,39.84,,,,-41.05,,,,,-3.99,302,1969,,제약,KOSDAQ
462310,490.35,,,,7.24,,,,0.9848,-20.72,301,3810,,"섬유,의류,신발,호화품",KOSDAQ
097780,2174.27,,,,10.8,,,,1.0,-909.68,300,1480,,자동차부품,KOSDAQ
417860,234.12,,,,0.06,,,,,-102.13,344,7310,,소프트웨어,KOSDAQ
367000,388.55,,,,-44.72,,,,,-58.58,299,3570,,IT서비스,KOSDAQ
128540,1518.46,,,,-31.58,,,,1.0,-158.18,299,1120,,자동차부품,KOSDAQ
215090,267.61,,,,13.24,,,,1.0,-171.18,331,1430,10.67,우주항공과국방,KOSDAQ
262840,435.64,,,,42.75,,,,0.9408,297.55,299,2915,5.33,IT서비스,KOSDAQ
462510,71.87,,,,-118.44,,,,,38.12,299,3395,,건강관리장비와용품,KOSDAQ
020180,2028.61,2595.49,,,90.99,159.8,,,,246.52,297,3865,,IT서비스,KOSDAQ
300120,2238.08,,,,-161.92,,,,,114.7,297,3000,,소프트웨어,KOSDAQ
310870,1110.39,,,,51.23,,,,1.0,466.42,329,1500,8.95,자동차부품,KOSDAQ
070590,648.18,,,,10.47,,,,0.8862,-0.62,297,2140,37.41,IT서비스,KOSDAQ
101670,33.69,,,,-150.62,,,,,80.27,305,538,,전기제품,KOSDAQ
032860,509.2,,,,-17.2,,,,,-4.58,294,3640,,판매업체,KOSDAQ
071850,1553.25,,,,-62.74,,,,,765.3,294,1210,,자동차부품,KOSDAQ
196450,2581.97,,,,52.72,,,,1.0,196.2,328,3620,10.15,핸드셋,KOSDAQ
079170,985.63,,,,78.85,,,,,-76.46,293,5630,,비철금속,KOSDAQ
031510,1285.49,,,,41.48,,,,1.0,-242.13,316,1130,34.05,자동차부품,KOSDAQ
133750,345.91,,,,18.14,,,,,-427.29,326,1392,,교육서비스,KOSDAQ
043340,579.09,,,,19.7,,,,,349.4,292,614,,기계,KOSDAQ
188260,153.54,,,,-43.74,,,,,-100.37,290,2085,,건강관리장비와용품,KOSDAQ
383930,477.47,,,,-57.42,,,,,404.22,325,2540,,생명과학도구및서비스,KOSDAQ
356890,337.26,,,,4.14,,,,0.7894,-273.71,313,2615,,IT서비스,KOSDAQ
148250,186.52,,,,-34.34,,,,,-63.06,289,2125,,통신장비,KOSDAQ
208860,1137.34,,,,27.63,,,,1.0,6.59,310,9140,,자동차부품,KOSDAQ
050110,4899.37,,,,-112.69,,,,,538.27,288,4930,,핸드셋,KOSDAQ
025440,4943.66,,,,-49.16,,,,1.0,1931.76,310,3180,,자동차부품,KOSDAQ
225220,94.04,,,,-86.42,,,,,-27.59,286,1492,,건강관리장비와용품,KOSDAQ
075970,1107.35,,,,33.78,,,,1.0,136.66,307,1671,52.84,비철금속,KOSDAQ
317240,260.34,,,,0.26,,,,,107.48,284,974,,가정용품,KOSDAQ
068050,351.78,,,,-34.72,,,,1.0,161.45,283,1023,,방송과엔터테인먼트,KOSDAQ
376980,381.74,,,,10.2,,,,1.0,-71.53,307,3145,23.95,상업서비스와공급품,KOSDAQ
033540,1739.3,,,,-137.42,,,,1.0,393.04,294,2815,,기계,KOSDAQ
364950,869.5,,,,28.19,,,,1.0,14.57,318,3830,,전자장비와기기,KOSDAQ
464280,276.21,,,,37.65,,,,,-138.67,305,5520,,제약,KOSDAQ
007770,1244.1,,,,-119.95,,,,1.0,256.31,280,7990,,화학,KOSDAQ
019570,128.91,,,,33.13,,,,1.0,,304,2890,10.65,창업투자,KOSDAQ
254120,278.95,,,,-39.2,,,,1.0,-1.5,280,910,,전자장비와기기,KOSDAQ
099390,250.86,,,,21.1,,,,1.0,-463.87,302,3685,5.94,소프트웨어,KOSDAQ
318020,872.04,,,,30.07,,,,1.0,188.77,315,2560,11.04,전자장비와기기,KOSDAQ
900070,1293.47,,,,83.04,,,,0.7446,-360.6,291,1084,4.71,자동차부품,KOSDAQ
464580,338.41,,,,1.23,,,,,116.43,302,1639,,방송과엔터테인먼트,KOSDAQ
258830,185.35,,,,22.65,,,,,179.4,312,412,,건강관리장비와용품,KOSDAQ
187270,534.33,,,,48.0,,,,1.0,-100.13,278,2745,8.98,핸드셋,KOSDAQ
237820,402.27,,,,62.25,,,,1.0,-594.68,289,2250,4.92,광고,KOSDAQ
388610,177.15,,,,3.86,,,,,28.66,278,5220,,생물공학,KOSDAQ
408900,163.91,,,,-21.46,,,,1.0,-218.84,324,989,,방송과엔터테인먼트,KOSDAQ
407400,863.94,,,,-42.48,,,,,142.22,299,2045,,가정용기기와용품,KOSDAQ
351330,789.86,,,,-71.82,,,,,57.85,285,3440,,IT서비스,KOSDAQ
226330,34.29,,,,-107.65,,,,,-10.79,298,1227,,건강관리업체및서비스,KOSDAQ
068100,176.92,,,,-17.32,,,,,-57.94,277,2320,,IT서비스,KOSDAQ
012620,3981.16,,,,123.65,,,,1.0,785.49,320,7270,3.9,철강,KOSDAQ
043220,145.38,,,,-58.72,,,,1.0,48.45,282,1710,,기계,KOSDAQ
336060,702.03,,,,19.92,,,,1.0,-201.69,296,3070,10.79,IT서비스,KOSDAQ
115480,482.23,,,,108.13,,,,1.0,162.02,275,2270,33.58,건강관리장비와용품,KOSDAQ
089150,230.9,,,,40.35,,,,,113.69,275,1601,,컴퓨터와주변기기,KOSDAQ
160550,1426.53,,,,26.54,,,,1.0,288.02,280,1004,35.67,방송과엔터테인먼트,KOSDAQ
078590,643.75,,,,2.48,,,,,-125.05,273,2735,,자동차부품,KOSDAQ
450520,389.58,,,,-48.55,,,,1.0,-64.93,274,1860,,소프트웨어,KOSDAQ
101400,343.68,,,,-50.55,,,,1.0,-145.56,279,1841,,반도체와반도체장비,KOSDAQ
297570,429.13,,,,65.39,,,,1.0,321.77,273,3940,5.5,전자제품,KOSDAQ
093380,902.73,,,,7.28,,,,1.0,-22.35,272,2750,33.92,자동차부품,KOSDAQ
088340,437.54,,,,-67.75,,,,1.0,11.8,278,6380,,소프트웨어,KOSDAQ
114630,1018.26,,,,77.91,,,,1.0,-385.07,272,1581,11.31,"섬유,의류,신발,호화품",KOSDAQ
048470,1191.64,,,,-11.66,,,,,-417.18,269,2790,,철강,KOSDAQ
368970,253.87,,,,-12.76,,,,0.8855,51.14,269,2395,,식품,KOSDAQ
365590,17.67,,,,-117.34,,,,,43.88,269,1462,,반도체와반도체장비,KOSDAQ
130500,876.24,,,,68.44,,,,0.8337,793.47,278,1910,,자동차부품,KOSDAQ
215790,436.87,,,,-91.89,,,,,134.94,268,666,,통신장비,KOSDAQ
066910,970.0,,,,-66.83,,,,1.0,231.18,276,1796,33.41,레저용장비와제품,KOSDAQ
047080,378.86,,,,2.84,,,,0.9577,-108.15,268,1080,5.14,게임엔터테인먼트,KOSDAQ
123840,481.64,,,,-133.78,,,,,-34.24,267,1719,,건강관리업체및서비스,KOSDAQ
359090,649.82,,,,13.85,,,,1.0,3.19,267,2325,10.32,제약,KOSDAQ
191410,448.35,,,,-15.07,,,,1.0,162.42,267,1721,15.19,디스플레이패널,KOSDAQ
239610,167.06,,,,-110.52,,,,,-241.58,280,5200,,건강관리업체및서비스,KOSDAQ
096630,2786.88,,,,132.74,,,,1.0,198.87,267,1681,0.75,핸드셋,KOSDAQ
080530,765.31,892.0,1032.0,,37.54,48.0,64.0,,1.0,-204.28,266,2400,5.07,화장품,KOSDAQ
069140,1176.35,,,,48.21,,,,0.2,411.46,265,1757,125.59,건설,KOSDAQ
031310,1943.76,,,,33.78,,,,1.0,405.21,293,986,3.05,통신장비,KOSDAQ
290520,319.23,,,,18.08,,,,1.0,-279.41,265,1685,14.65,디스플레이장비및부품,KOSDAQ
027040,337.29,,,,-16.09,,,,,39.93,264,1900,,전자장비와기기,KOSDAQ
373170,256.2,,,,8.86,,,,,-183.37,279,1844,,IT서비스,KOSDAQ
363260,443.59,,,,45.07,,,,0.9748,-185.06,263,4090,8.71,광고,KOSDAQ
109960,98.07,,,,-22.86,,,,1.0,-106.86,292,1927,,제약,KOSDAQ
091970,501.11,,,,-2.62,,,,,124.01,278,3695,,화학,KOSDAQ
043200,287.85,,,,-27.34,,,,,230.65,262,1252,,에너지장비및서비스,KOSDAQ
038950,628.5,,,,-45.83,,,,1.0,-585.56,289,2830,,전자제품,KOSDAQ
119500,660.35,,,,23.65,,,,,-35.21,278,2350,,기계,KOSDAQ
351870,664.75,,,,44.35,,,,0.4764,703.22,277,2480,23.06,광고,KOSDAQ
195500,1067.58,,,,24.86,,,,,106.53,277,1732,,식품,KOSDAQ
016670,230.62,,,,40.55,,,,,-568.15,259,2545,,소프트웨어,KOSDAQ
008470,1207.61,,,,18.13,,,,1.0,-295.86,286,1703,18.33,기계,KOSDAQ
131220,811.18,,,,55.31,,,,0.6865,-28.22,276,3705,8.41,생명과학도구및서비스,KOSDAQ
398120,246.01,,,,14.67,,,,1.0,25.93,276,2330,29.49,건강관리장비와용품,KOSDAQ
057680,363.66,,,,2.64,,,,0.9712,-42.47,258,1633,,IT서비스,KOSDAQ
318010,127.28,,,,-6.73,,,,0.9955,-357.57,282,3560,9.76,건강관리업체및서비스,KOSDAQ
038880,411.83,,,,-73.19,,,,,432.04,274,3650,,자동차부품,KOSDAQ
139670,122.59,,,,9.25,,,,1.0,-310.41,274,1940,8.02,소프트웨어,KOSDAQ
900310,436.33,,,,2.32,,,,1.0,-1908.93,257,2005,,화장품,KOSDAQ
002680,824.0,,,,29.24,,,,1.0,628.55,280,3610,13.41,식품,KOSDAQ
198940,2594.65,,,,13.34,,,,,1029.3,273,1367,,자동차부품,KOSDAQ
067010,733.47,912.1,,,-26.92,2.99,,,,-288.53,279,2560,,IT서비스,KOSDAQ
016920,1610.74,,,,20.15,,,,1.0,516.41,262,1021,,전자장비와기기,KOSDAQ
033050,898.03,,,,40.69,,,,1.0,-39.1,255,802,7.43,가정용품,KOSDAQ
290270,377.3,,,,48.02,,,,0.9794,-137.38,262,2730,4.64,소프트웨어,KOSDAQ
236810,923.1,,,,-65.01,,,,,-90.88,269,1586,,광고,KOSDAQ
072770,896.29,,,,-28.07,,,,,337.54,254,612,,IT서비스,KOSDAQ
058110,112.88,,,,-27.87,,,,,85.53,262,1630,,건강관리장비와용품,KOSDAQ
458350,351.52,,,,24.62,,,,1.0,-220.04,260,2990,12.51,광고,KOSDAQ
376180,308.73,,,,-7.04,,,,,-56.91,268,1445,,가정용기기와용품,KOSDAQ
054090,1363.43,,,,-19.74,,,,,351.01,253,1013,,전자장비와기기,KOSDAQ
134060,111.42,,,,8.83,,,,,-117.79,259,5440,,교육서비스,KOSDAQ
079000,141.26,,,,-43.16,,,,,-499.8,259,3595,,건축제품,KOSDAQ
288620,157.86,,,,-150.13,,,,,-107.76,267,3825,,전기제품,KOSDAQ
043590,213.53,,,,-21.01,,,,1.0,72.84,251,1850,,전기제품,KOSDAQ
146060,792.51,,,,50.8,,,,0.8889,438.55,258,1073,7.9,자동차부품,KOSDAQ
016100,683.14,,,,-70.9,,,,1.0,296.08,257,1345,,포장재,KOSDAQ
238490,592.59,,,,-75.31,,,,,120.58,265,2345,,디스플레이장비및부품,KOSDAQ
378800,2.28,,,,-158.39,,,,,-179.56,248,2680,,제약,KOSDAQ
140430,279.01,,,,-5.37,,,,,107.59,257,2400,,통신장비,KOSDAQ
105550,363.91,,,,-155.4,,,,1.0,298.38,255,1631,1.62,자동차부품,KOSDAQ
017000,2113.11,,,,86.0,,,,,192.86,264,2265,,건설,KOSDAQ
368600,468.52,,,,-144.92,,,,,447.85,247,956,,전자장비와기기,KOSDAQ
052300,75.7,,,,-24.52,,,,0.4591,-1010.51,255,1568,,건축제품,KOSDAQ
032750,1483.23,,,,58.23,,,,1.0,-476.86,262,2905,6.74,전자제품,KOSDAQ
148780,170.15,,,,-10.68,,,,1.0,-87.54,245,3890,,소프트웨어,KOSDAQ
131180,323.06,,,,8.03,,,,,-158.51,254,4335,,컴퓨터와주변기기,KOSDAQ
475660,220.99,,,,-20.3,,,,,-6.06,245,3090,,디스플레이장비및부품,KOSDAQ
060380,1978.2,,,,18.13,,,,0.6963,370.86,253,1285,18.55,철강,KOSDAQ
069410,667.61,,,,21.62,,,,1.0,-237.43,260,2535,8.22,IT서비스,KOSDAQ
115530,536.17,,,,3.68,,,,1.0,92.91,244,2840,,에너지장비및서비스,KOSDAQ
001810,2056.71,,,,17.78,,,,0.9919,450.15,244,1100,,종이와목재,KOSDAQ
060230,619.25,,,,-82.5,,,,,609.44,251,1285,,전자장비와기기,KOSDAQ
083660,279.3,,,,-56.34,,,,,8.4,242,1388,,화장품,KOSDAQ
322780,329.0,,,,-70.94,,,,1.0,105.81,259,1700,,방송과엔터테인먼트,KOSDAQ
054940,1770.03,,,,25.05,,,,0.5462,196.82,242,3645,38.29,반도체와반도체장비,KOSDAQ
177830,1325.4,,,,25.69,,,,1.0,539.59,249,2195,,디스플레이장비및부품,KOSDAQ
355390,104.84,,,,-133.66,,,,,-34.52,257,1612,,IT서비스,KOSDAQ
115160,3941.66,,,,-292.17,,,,,693.37,237,5500,,전자제품,KOSDAQ
464500,101.27,,,,-55.74,,,,,6.7,238,1702,,반도체와반도체장비,KOSDAQ
328380,636.74,,,,5.66,,,,1.0,-74.18,247,3600,29.13,IT서비스,KOSDAQ
013720,249.08,,,,7.62,,,,,-37.95,255,2100,,자동차부품,KOSDAQ
257370,110.82,,,,-21.25,,,,,19.36,236,1890,,전기제품,KOSDAQ
035200,252.31,,,,-4.44,,,,1.0,-144.5,235,2550,22.99,건축제품,KOSDAQ
053290,627.02,,,,10.69,,,,,-386.34,245,1485,,교육서비스,KOSDAQ
103840,1837.76,,,,46.66,,,,,711.36,255,1556,,식품,KOSDAQ
352940,339.53,,,,9.17,,,,,219.43,234,2155,,화학,KOSDAQ
065370,382.58,,,,7.86,,,,1.0,114.97,234,3170,16.08,소프트웨어,KOSDAQ
405920,821.09,,,,9.84,,,,1.0,389.1,244,1898,287.06,음료,KOSDAQ
377330,132.44,,,,-186.3,,,,,97.73,233,2865,,전기제품,KOSDAQ
096690,506.04,,,,-109.3,,,,,523.06,253,6300,,컴퓨터와주변기기,KOSDAQ
206400,47.75,,,,-53.61,,,,,-104.62,251,670,,건설,KOSDAQ
317120,74.68,,,,-60.52,,,,,147.44,242,1589,,통신장비,KOSDAQ
415380,959.31,,,,28.29,,,,,-185.27,251,2195,,가구,KOSDAQ
290560,139.97,,,,36.31,,,,,8.34,251,1121,,소프트웨어,KOSDAQ
206560,554.17,,,,-65.06,,,,,221.3,232,911,,방송과엔터테인먼트,KOSDAQ
044780,541.9,,,,-3.87,,,,1.0,-47.61,241,1302,5.27,기계,KOSDAQ
023770,346.58,,,,-46.82,,,,,-20.62,249,2780,,게임엔터테인먼트,KOSDAQ
247660,52.89,,,,-19.93,,,,,-64.57,228,3685,,화학,KOSDAQ
083640,508.21,,,,16.95,,,,,-164.44,247,5390,,전자장비와기기,KOSDAQ
065690,535.0,,,,-127.35,,,,1.0,-235.32,236,1968,3.52,컴퓨터와주변기기,KOSDAQ
138070,544.36,,,,-3.83,,,,1.0,43.5,247,1410,,기계,KOSDAQ
192390,751.48,,,,-39.35,,,,1.0,484.83,227,1894,,건축자재,KOSDAQ
361670,109.76,,,,-16.98,,,,,-91.42,227,4000,,전자장비와기기,KOSDAQ
267790,591.93,,,,66.45,,,,1.0,-105.19,235,3050,5.45,"섬유,의류,신발,호화품",KOSDAQ
090150,1159.1,,,,68.75,,,,0.9643,94.78,246,5870,2.85,자동차부품,KOSDAQ
432980,208.0,,,,2.97,,,,,-43.62,225,2620,,제약,KOSDAQ
237750,276.09,,,,0.2,,,,,330.68,225,3470,,전기장비,KOSDAQ
301300,190.09,,,,-37.55,,,,1.0,90.55,234,1777,,소프트웨어,KOSDAQ
039740,1462.86,,,,4.2,,,,1.0,155.05,245,3050,11.39,판매업체,KOSDAQ
208350,389.28,,,,24.83,,,,1.0,-91.82,224,2770,12.19,소프트웨어,KOSDAQ
347770,633.83,,,,-61.14,,,,1.0,225.63,224,990,,디스플레이장비및부품,KOSDAQ
051380,3730.08,,,,42.51,,,,,279.65,232,1510,,컴퓨터와주변기기,KOSDAQ
318000,239.21,,,,23.26,,,,1.0,-187.77,243,2775,9.38,화학,KOSDAQ
007720,1628.71,,,,13.97,,,,,-41.67,222,1101,,판매업체,KOSDAQ
115570,986.55,,,,65.67,,,,1.0,55.83,222,2775,6.4,화학,KOSDAQ
238200,196.79,,,,14.03,,,,1.0,26.08,229,2800,,건강관리업체및서비스,KOSDAQ
123750,321.59,,,,2.27,,,,1.0,-71.55,239,1727,112.74,레저용장비와제품,KOSDAQ
222980,963.1,,,,-11.05,,,,,115.87,221,1999,,식품,KOSDAQ
053060,1894.4,,,,91.03,,,,1.0,136.28,220,1245,3.74,자동차부품,KOSDAQ
018680,521.49,,,,-12.79,,,,,-17.66,227,1945,,제약,KOSDAQ
219750,320.31,,,,-28.52,,,,,101.81,237,1810,,건강관리장비와용품,KOSDAQ
277410,358.04,,,,23.06,,,,1.0,373.0,218,5670,33.44,식품,KOSDAQ
013810,379.65,,,,-4.61,,,,,-118.32,218,1486,,기계,KOSDAQ
076080,1666.93,,,,-181.3,,,,,181.35,225,998,,건설,KOSDAQ
032680,548.15,,,,-2.44,,,,,-479.02,235,1018,,IT서비스,KOSDAQ
098660,714.91,,,,-14.06,,,,1.0,359.5,217,1735,,"섬유,의류,신발,호화품",KOSDAQ
092600,1025.59,,,,-174.87,,,,1.0,95.87,215,2380,1.72,전자제품,KOSDAQ
021880,250.91,220.27,,,-100.98,-22.18,,,0.9681,,254,1196,,기타금융,KOSDAQ
389680,32.13,,,,-36.47,,,,,-69.04,234,2810,,IT서비스,KOSDAQ
115610,132.22,,,,-19.87,,,,,-55.32,213,1803,,핸드셋,KOSDAQ
275630,130.49,,,,3.21,,,,1.0,-180.36,213,4050,,소프트웨어,KOSDAQ
020400,1018.17,,,,1.0,,,,,308.45,222,2450,,자동차부품,KOSDAQ
429270,127.49,,,,-75.86,,,,,66.21,232,3225,,반도체와반도체장비,KOSDAQ
342870,1032.61,,,,81.7,,,,1.0,398.13,212,3895,,가정용기기와용품,KOSDAQ
032280,999.9,,,,21.29,,,,,267.87,212,1308,,항공화물운송과물류,KOSDAQ
303530,707.44,,,,-28.97,,,,1.0,-74.23,221,3005,,IT서비스,KOSDAQ
017250,600.54,,,,39.88,,,,1.0,108.12,229,1090,11.18,전자장비와기기,KOSDAQ
241840,117.9,,,,-72.78,,,,1.0,-4.41,211,2210,,방송과엔터테인먼트,KOSDAQ
331520,378.34,,,,28.78,,,,1.0,-40.09,210,2145,11.6,게임엔터테인먼트,KOSDAQ
424760,353.82,,,,8.77,,,,,-89.31,218,2160,,IT서비스,KOSDAQ
045520,860.98,,,,-9.65,,,,1.0,282.53,208,3200,,화학,KOSDAQ
187220,1258.34,,,,-5.97,,,,1.0,766.01,227,1972,10.77,전자장비와기기,KOSDAQ
083470,183.8,,,,-19.27,,,,1.0,-6.71,208,974,,디스플레이장비및부품,KOSDAQ
032080,302.29,,,,4.59,,,,,-477.04,217,1010,,"섬유,의류,신발,호화품",KOSDAQ
193250,104.55,,,,-72.1,,,,,-71.03,246,1839,,핸드셋,KOSDAQ
131100,1182.99,,,,33.51,,,,,-75.13,206,3200,,방송과엔터테인먼트,KOSDAQ
033200,315.01,426.44,,,-31.58,-16.91,,,0.8235,-392.7,225,2440,,전자장비와기기,KOSDAQ
215480,397.0,,,,0.04,,,,0.9798,-77.97,214,1997,,"섬유,의류,신발,호화품",KOSDAQ
032800,381.92,372.28,,,-80.32,-75.22,,,,-82.81,224,1486,,방송과엔터테인먼트,KOSDAQ
095910,1024.4,,,,-186.68,,,,,417.46,212,583,,에너지장비및서비스,KOSDAQ
372800,780.54,,,,-53.95,,,,1.0,52.75,204,2905,,IT서비스,KOSDAQ
298060,238.39,,,,-45.29,,,,1.0,-54.3,224,2320,110.34,생물공학,KOSDAQ
455180,181.23,,,,-36.88,,,,1.0,478.52,204,1384,,전자장비와기기,KOSDAQ
188040,708.8,,,,8.3,,,,1.0,-36.16,233,4980,,식품,KOSDAQ
096870,110.46,,,,3.06,,,,,-115.83,203,2435,,디스플레이장비및부품,KOSDAQ
200230,431.62,,,,7.19,,,,0.9969,265.69,212,2235,,제약,KOSDAQ
027580,501.05,,,,-89.08,,,,1.0,27.91,221,1869,,화학,KOSDAQ
085810,531.66,,,,31.81,,,,,27.54,203,1433,,건설,KOSDAQ
353590,591.12,,,,7.52,,,,,3.16,203,1573,,자동차부품,KOSDAQ
274400,142.52,,,,-19.89,,,,,129.74,209,2305,,소프트웨어,KOSDAQ
101680,305.72,,,,-75.27,,,,,66.65,228,2710,,기계,KOSDAQ
362990,200.18,,,,-11.61,,,,1.0,-40.53,202,1201,,광고,KOSDAQ
405000,84.83,,,,-76.01,,,,,104.72,202,3755,,건강관리장비와용품,KOSDAQ
063760,273.13,,,,23.03,,,,1.0,-172.68,207,2220,7.96,디스플레이장비및부품,KOSDAQ
417180,173.0,,,,8.47,,,,1.0,-219.56,227,3965,6.46,양방향미디어와서비스,KOSDAQ
276730,138.93,,,,-49.01,,,,,240.81,201,851,,음료,KOSDAQ
019660,129.48,,,,-48.3,,,,,68.71,201,1440,,판매업체,KOSDAQ
440320,882.69,,,,-27.64,,,,0.8338,-4.69,206,2060,,디스플레이패널,KOSDAQ
044480,253.1,,,,-8.34,,,,,18.52,213,3205,,방송과엔터테인먼트,KOSDAQ
353190,990.11,,,,18.75,,,,1.0,131.64,200,2540,17.23,건강관리업체및서비스,KOSDAQ
023790,240.45,,,,-26.08,,,,,367.69,200,1529,,철강,KOSDAQ
065060,1108.67,,,,-4.09,,,,,532.02,204,3410,,"섬유,의류,신발,호화품",KOSDAQ
252500,376.45,,,,6.27,,,,,-189.36,197,2380,,화장품,KOSDAQ
018700,642.23,,,,-29.97,,,,,-10.44,212,1270,,화장품,KOSDAQ
069330,496.91,,,,13.02,,,,1.0,57.57,197,1160,14.44,디스플레이장비및부품,KOSDAQ
438700,30.97,,,,-84.91,,,,,37.36,203,1818,,소프트웨어,KOSDAQ
073190,200.95,,,,-30.2,,,,,73.69,194,1622,,가구,KOSDAQ
054220,448.11,,,,0.58,,,,1.0,69.07,211,1679,13.87,IT서비스,KOSDAQ
113810,803.57,,,,9.63,,,,0.996,-17.94,202,3100,27.22,자동차부품,KOSDAQ
289220,367.26,,,,-189.97,,,,,-104.84,209,937,,양방향미디어와서비스,KOSDAQ
039310,356.28,,,,-10.32,,,,,-308.57,217,1198,,소프트웨어,KOSDAQ
050090,74.47,,,,-35.74,,,,,-70.29,164,696,,광고,KOSDAQ
026910,568.88,,,,-42.52,,,,1.0,651.79,186,2350,,철강,KOSDAQ
021040,2774.25,,,,23.71,,,,,739.84,206,949,,철강,KOSDAQ
224060,252.66,,,,-8.31,,,,,557.46,186,3610,0.77,전기제품,KOSDAQ
065650,761.87,,,,-42.81,,,,,141.24,155,1415,,컴퓨터와주변기기,KOSDAQ
154040,313.99,,,,17.12,,,,,179.47,205,9480,,전자제품,KOSDAQ
279600,227.81,,,,-22.32,,,,,150.51,185,3945,,IT서비스,KOSDAQ
078860,122.28,,,,-80.23,,,,,74.87,184,2975,,방송과엔터테인먼트,KOSDAQ
014100,487.69,,,,-11.04,,,,1.0,162.13,184,1556,,화장품,KOSDAQ
365900,468.99,,,,-14.83,,,,,258.91,183,2500,,레저용장비와제품,KOSDAQ
036480,259.89,,,,7.14,,,,,102.74,230,6050,,제약,KOSDAQ
084440,336.84,,,,14.1,,,,1.0,-4.49,183,4775,13.66,교육서비스,KOSDAQ
037400,10652.17,,,,11.41,,,,0.2335,86.7,182,3465,,디스플레이장비및부품,KOSDAQ
137940,1200.63,,,,-355.81,,,,,-263.02,181,1848,,화장품,KOSDAQ
070300,185.37,,,,19.02,,,,,11.1,219,617,93.99,핸드셋,KOSDAQ
195990,319.23,,,,-92.82,,,,,74.67,180,1103,,기계,KOSDAQ
419540,171.0,,,,-10.96,,,,,-41.02,171,2875,,건강관리장비와용품,KOSDAQ
043360,213.06,,,,-7.67,,,,,-74.78,202,2245,,컴퓨터와주변기기,KOSDAQ
018620,547.64,,,,3.19,,,,,150.51,190,2740,,제약,KOSDAQ
225590,1063.01,,,,83.63,,,,1.0,-95.1,164,3200,5.99,"섬유,의류,신발,호화품",KOSDAQ
009620,2856.56,,,,78.88,,,,,2101.66,161,4620,,비철금속,KOSDAQ
088290,565.77,,,,15.75,,,,,5.41,201,2525,,자동차부품,KOSDAQ
067730,485.41,,,,28.84,,,,,-119.3,208,2145,,IT서비스,KOSDAQ
376930,51.22,,,,-200.79,,,,,-61.6,158,1538,,건강관리장비와용품,KOSDAQ
080470,2435.22,,,,116.08,,,,0.7724,177.42,201,2750,2.37,자동차부품,KOSDAQ
079950,184.13,,,,-86.07,,,,,148.16,201,1453,,디스플레이장비및부품,KOSDAQ
024940,560.4,,,,15.67,,,,1.0,-238.65,206,2055,7.16,가정용기기와용품,KOSDAQ
210120,39.99,,,,-14.77,,,,,224.79,150,1552,,방송과엔터테인먼트,KOSDAQ
373110,19.49,,,,-108.52,,,,,11.55,183,1057,,생물공학,KOSDAQ
227610,423.85,,,,-18.11,,,,,158.56,204,1051,,화장품,KOSDAQ
101000,394.47,,,,-46.21,,,,1.0,192.84,141,1427,,조선,KOSDAQ
051780,566.51,,,,-0.09,,,,,399.8,182,2400,,식품,KOSDAQ
352770,20.08,,,,-77.6,,,,,36.57,136,5250,,생물공학,KOSDAQ
130740,794.04,,,,-32.61,,,,,-319.2,203,1799,,자동차부품,KOSDAQ
244460,8.16,,,,-73.9,,,,,93.91,134,1651,,제약,KOSDAQ
309930,459.81,,,,-87.69,,,,1.0,104.92,177,921,,가구,KOSDAQ
054180,281.61,,,,-57.47,,,,,71.15,127,2295,,조선,KOSDAQ
306040,1634.14,,,,-158.63,,,,1.0,190.69,171,1841,,"섬유,의류,신발,호화품",KOSDAQ
354200,212.4,,,,-82.76,,,,,308.95,127,788,,생명과학도구및서비스,KOSDAQ
028080,4007.28,,,,-286.59,,,,,692.04,125,5170,,전자제품,KOSDAQ
418620,16.55,,,,-112.46,,,,,28.81,125,406,,소프트웨어,KOSDAQ
031860,145.12,,,,-78.33,,,,,50.27,187,6930,,컴퓨터와주변기기,KOSDAQ
065570,332.61,,,,-1.95,,,,,86.22,123,764,,조선,KOSDAQ
065770,236.4,,,,-11.83,,,,1.0,-76.72,120,1145,,통신장비,KOSDAQ
239340,155.84,,,,-55.78,,,,,-238.85,119,2200,,증권,KOSDAQ
285800,324.23,,,,-26.56,,,,,221.81,154,4285,,화학,KOSDAQ
103230,488.04,,,,9.01,,,,,128.07,118,1645,,조선,KOSDAQ
060900,131.2,,,,-93.2,,,,,-17.07,115,1750,,에너지장비및서비스,KOSDAQ
289010,915.87,,,,14.02,,,,,-99.18,114,814,,교육서비스,KOSDAQ
131760,463.45,,,,-29.31,,,,1.0,272.31,112,1288,,디스플레이장비및부품,KOSDAQ
050760,667.55,,,,-48.13,,,,1.0,192.49,197,1209,,화학,KOSDAQ
142760,112.16,,,,-65.31,,,,0.9919,51.39,109,516,,제약,KOSDAQ
154030,278.06,,,,9.24,,,,1.0,105.35,196,1621,10.29,생물공학,KOSDAQ
344860,82.13,,,,0.04,,,,,-68.5,194,1292,,화장품,KOSDAQ
377220,721.62,,,,-186.03,,,,,347.01,106,1873,,건강관리업체및서비스,KOSDAQ
043100,168.34,,,,-57.25,,,,,322.07,105,520,,건강관리장비와용품,KOSDAQ
048830,838.22,,,,10.13,,,,1.0,-105.3,192,1028,16.98,화학,KOSDAQ
214610,108.85,,,,-99.35,,,,,0.37,192,2290,,건강관리장비와용품,KOSDAQ
305090,128.43,,,,-91.71,,,,,165.95,102,538,,건강관리장비와용품,KOSDAQ
288980,231.7,,,,-59.33,,,,,489.22,96,263,,소프트웨어,KOSDAQ
403490,636.77,,,,-8.84,,,,1.0,420.75,190,2065,,식품,KOSDAQ
208640,60.19,,,,-78.76,,,,,-6.55,95,682,,게임엔터테인먼트,KOSDAQ
056730,475.01,,,,-112.69,,,,,-261.2,189,1273,,건설,KOSDAQ
308100,376.83,,,,-80.85,,,,,272.29,84,326,,"섬유,의류,신발,호화품",KOSDAQ
110020,136.94,,,,-3.43,,,,,-62.84,186,2050,,가정용품,KOSDAQ
196700,431.75,,,,55.5,,,,1.0,87.02,185,1290,4.51,화학,KOSDAQ
087260,349.43,,,,-8.96,,,,1.0,-80.17,80,247,,자동차부품,KOSDAQ
060260,434.8,,,,12.99,,,,,53.64,115,865,,건축제품,KOSDAQ
065420,208.52,,,,-28.95,,,,,46.02,73,940,,석유와가스,KOSDAQ
276040,67.59,,,,-122.33,,,,,20.81,71,327,,소프트웨어,KOSDAQ
038530,873.12,,,,15.22,,,,,-147.53,199,3840,,IT서비스,KOSDAQ
291810,57.72,,,,-32.33,,,,,-61.8,57,409,,소프트웨어,KOSDAQ
304840,28.51,,,,-83.77,,,,,761.89,136,561,,건강관리장비와용품,KOSDAQ
313760,74.81,,,,-48.72,,,,,224.59,52,468,,전기제품,KOSDAQ
012340,827.99,,,,-72.28,,,,,210.78,107,486,,전기제품,KOSDAQ
225430,159.9,,,,-29.23,,,,,185.32,45,698,,가정용품,KOSDAQ
335870,419.56,,,,-27.96,,,,,-37.41,130,3875,,"섬유,의류,신발,호화품",KOSDAQ
025870,700.37,,,,-15.55,,,,1.0,181.96,42,1059,,식품,KOSDAQ
006050,601.99,,,,9.29,,,,,-88.54,104,2970,,건축제품,KOSDAQ
035290,90.2,,,,-18.78,,,,,10.39,18,384,,교육서비스,KOSDAQ
106080,75.74,,,,-92.25,,,,,180.74,95,1650,,핸드셋,KOSDAQ
021045,2774.25,,,,23.71,,,,,739.84,17,1992,,철강,KOSDAQ
312610,137.08,,,,-95.21,,,,,114.77,7,37,,자동차부품,KOSDAQ
03481K,22600.79,,,,418.41,,,,,7041.81,81,5860,,종이와목재,KOSDAQ
250930,378.76,,,,-8.13,,,,,281.02,77,1160,,디스플레이장비및부품,KOSDAQ
079970,267.61,,,,7.43,,,,1.0,4.49,76,596,7.68,소프트웨어,KOSDAQ
475460,1355.94,,,,29.06,,,,1.0,105.92,152,2690,8.74,인터넷과카탈로그소매,KOSDAQ
044180,277.87,,,,-42.67,,,,1.0,798.78,55,205,,건설,KOSDAQ
052770,57.04,,,,-49.26,,,,,10.48,45,312,,게임엔터테인먼트,KOSDAQ
303030,363.8,,,,-85.53,,,,,-18.96,106,1155,,반도체와반도체장비,KOSDAQ
177350,165.71,,,,-26.13,,,,1.0,-33.59,133,1343,0.75,화학,KOSDAQ
032685,548.15,,,,-2.44,,,,,-479.02,4,6150,,IT서비스,KOSDAQ
009730,919.95,,,,-138.9,,,,,394.56,165,2075,,비철금속,KOSDAQ
067770,118.97,,,,-2.07,,,,1.0,-352.19,87,1031,12.18,디스플레이장비및부품,KOSDAQ
034940,593.11,,,,-65.98,,,,,245.85,161,2600,,제약,KOSDAQ
199730,231.48,,,,-62.77,,,,,69.11,44,903,,생명과학도구및서비스,KOSDAQ
054410,399.29,,,,13.88,,,,,253.23,138,2410,,비철금속,KOSDAQ
058450,62.86,,,,-59.92,,,,,82.85,32,599,,방송과엔터테인먼트,KOSDAQ
060480,362.86,,,,-2.1,,,,,-20.83,126,1140,,비철금속,KOSDAQ
001000,35.91,,,,4.88,,,,,140.73,109,2245,,부동산,KOSDAQ
240600,286.8,,,,-77.84,,,,,51.38,97,1170,,전기제품,KOSDAQ
035620,116.04,,,,-22.76,,,,,310.3,122,655,,방송과엔터테인먼트,KOSDAQ
030350,158.79,,,,-19.45,,,,,4.44,152,973,,게임엔터테인먼트,KOSDAQ
900100,63.41,,,,-83.57,,,,,32.52,58,1096,,"섬유,의류,신발,호화품",KOSDAQ
