종목코드,매출액_2025,매출액_2026,매출액_2027,매출액_2028,영업이익_2025,영업이익_2026,영업이익_2027,영업이익_2028,지배비율,순차입금,시가총액,현재가,PER,업종,시장
267250,712594.0,847697.0,898414.8,962317.4,60996.0,123888.0,115708.8,128127.4,0.3936,7714.96,172995,219000,18.91,조선,KOSPI
055550,646820.0,,,,70234.0,80830.0,84632.75,87826.2,0.993,,521559,111100,4.78,은행,KOSPI
003550,72525.0,82836.0,91153.3,98794.5,9122.0,16183.0,19872.2,21776.25,0.8098,-25430.26,181884,120300,10.92,복합기업,KOSPI
005935,3336059.0,7397268.0,9543904.48,10174549.06,436010.0,3933479.0,5542251.7,5520887.89,0.986,-1675903.07,1526912,190300,36.84,반도체와반도체장비,KOSPI
006400,132667.0,159516.0,198943.95,247105.11,-17224.0,3517.0,14225.7,24413.44,0.7877,106775.0,458532,569000,16.63,전기제품,KOSPI
015760,974293.0,976260.0,989858.17,1008595.0,134906.0,79212.0,114256.58,131965.09,0.9556,1306591.75,207675,32350,,전기유틸리티,KOSPI
009540,299332.0,344955.0,375328.42,403395.0,39045.0,61594.0,73613.75,84268.83,0.7857,-110945.45,250183,353500,38.59,조선,KOSPI
042660,127835.0,158201.0,153566.3,164903.63,11676.0,22530.0,25170.9,28602.0,0.9999,47157.9,269337,87900,33.15,조선,KOSPI
051910,459322.0,562410.0,640724.38,708314.31,11809.0,13021.0,39507.69,55674.85,0.7905,307180.26,199070,282000,29.2,화학,KOSPI
033780,65797.0,69880.0,,,13437.0,15328.0,,,,6188.53,181564,174900,13.14,담배,KOSPI
032830,371383.0,,,,25805.0,34544.0,69533.25,45800.38,1.0,,619000,309500,7.29,생명보험,KOSPI
068270,41625.0,55304.0,63606.18,71216.47,11685.0,18550.0,22666.59,25636.65,0.9934,26085.71,437320,188000,55.43,제약,KOSPI
018260,139299.0,144066.0,151589.0,160093.62,9571.0,8247.0,10713.36,11853.69,0.9805,-57031.26,189576,245000,18.97,IT서비스,KOSPI
012330,611181.0,650048.0,693794.16,730479.45,33575.0,37898.0,42581.88,46114.36,0.9977,-89091.2,398354,443500,6.52,자동차부품,KOSPI
105560,812307.0,,,,85177.0,94214.0,95762.0,98427.44,0.9917,,607225,171200,4.77,은행,KOSPI
000810,247785.0,,,,26591.0,31986.0,37928.08,36586.31,1.0,,302263,677000,7.31,손해보험,KOSPI
035420,120350.0,137915.0,156560.0,181467.0,22081.0,22171.0,25835.09,30038.44,0.9977,-37918.97,326964,215000,36.25,양방향미디어와서비스,KOSPI
003670,29387.0,32950.0,42661.25,55245.93,328.0,1008.0,1814.31,2833.13,0.8926,35152.63,170154,191300,968.71,화학,KOSPI
000270,1141409.0,1258048.0,1317139.8,1369460.1,90781.0,102549.0,113708.0,122624.76,1.0,-211997.07,512222,131200,4.59,자동차,KOSPI
012450,267029.0,323988.0,346782.83,370515.72,30893.0,46496.0,57204.44,63569.33,0.651,67515.16,545541,1058000,7.98,우주항공과국방,KOSPI
034730,1227033.0,1481145.0,1452195.7,1523373.0,18185.0,119911.0,111601.4,132941.38,0.3931,496014.83,424866,586000,,석유와가스,KOSPI
011200,108914.0,128212.0,118255.15,115315.69,14612.0,16139.0,10364.85,8811.92,0.9999,-65426.06,201381,21350,10.71,해운사,KOSPI
267260,40795.0,46914.0,55468.73,64687.21,9953.0,12324.0,15512.33,18903.79,1.0,-8268.76,277202,769000,11.43,전기장비,KOSPI
010130,165879.0,239348.0,238733.43,247067.33,12319.0,22605.0,19968.86,21588.83,0.9981,60740.67,261121,1251000,19.06,비철금속,KOSPI
086790,689436.0,,,,53509.0,59861.0,62482.29,65105.94,0.9849,,376981,137400,3.74,은행,KOSPI
005490,690949.0,735681.0,760188.82,785304.75,18271.0,30976.0,38264.82,44025.44,0.9089,179179.05,270214,341000,24.88,철강,KOSPI
035720,80991.0,83486.0,89938.32,97538.25,7320.0,10352.0,11836.0,13421.63,0.8927,-90183.57,161688,36500,,양방향미디어와서비스,KOSPI
278470,15273.0,30807.0,42364.16,52158.67,3655.0,7669.0,10738.58,13385.78,0.9986,-1952.48,161920,432500,17.59,화장품,KOSPI
028260,407422.0,455221.0,491738.46,513038.33,32927.0,38073.0,44105.77,47672.17,0.7059,-38038.9,633264,390500,10.95,복합기업,KOSPI
086280,295664.0,331591.0,345729.82,359207.5,20730.0,21592.0,23576.06,24881.25,0.9982,-5446.09,157125,209500,6.77,항공화물운송과물류,KOSPI
017670,170992.0,176619.0,180111.68,183894.47,10732.0,19622.0,20797.11,21991.68,1.0,82031.19,203191,94600,10.03,무선통신서비스,KOSPI
402340,104556.0,97064.0,132696.0,136542.0,87974.0,463802.0,582916.0,591750.0,1.0,-13112.77,1407629,1067000,,반도체와반도체장비,KOSPI
000720,310629.0,269155.0,285921.37,307392.47,6530.0,8707.0,11267.42,13735.47,0.7654,6231.61,134406,120700,7.32,건설,KOSPI
207940,45570.0,54951.0,64069.0,68466.8,20692.0,24162.0,28197.58,30980.9,0.9985,-9473.01,703622,1520000,92.82,제약,KOSPI
030200,282442.0,273992.0,280121.53,286045.95,24691.0,21112.0,22520.74,23547.68,0.9322,95653.68,136092,54000,8.85,다각화된통신서비스,KOSPI
005380,1862545.0,1940652.0,2031223.32,2131610.14,114679.0,114811.0,132761.88,142985.57,0.9145,1025242.74,820055,400500,4.67,자동차,KOSPI
272210,36642.0,45290.0,51629.33,59598.27,1199.0,2486.0,4550.2,5838.53,1.0,17248.57,133377,70600,9.39,우주항공과국방,KOSPI
000660,971467.0,3456989.0,5071771.52,5500796.89,472063.0,2664365.0,3972243.17,4067493.16,0.9986,-668447.84,12367236,1693000,,반도체와반도체장비,KOSPI
009150,113145.0,143443.0,183316.4,234218.06,9133.0,19448.0,37297.45,58710.0,0.9622,-2270.93,1068120,1430000,28.11,전자장비와기기,KOSPI
047810,36964.0,53948.0,66974.47,75347.0,2692.0,3570.0,5910.07,7433.4,0.9915,27887.67,123988,127200,21.76,우주항공과국방,KOSPI
078930,251841.0,286613.0,281332.2,283044.0,29361.0,51701.0,36700.0,36994.0,0.8263,61654.03,115841,124700,2.98,석유와가스,KOSPI
010950,342470.0,421783.0,396548.93,378377.36,2356.0,43722.0,32570.5,27677.86,1.0,75316.31,170788,151700,8.55,석유와가스,KOSPI
066570,892009.0,966485.0,1010770.71,1052523.07,24784.0,46395.0,49360.82,60193.13,0.8057,41258.6,336357,206500,25.82,전자제품,KOSPI
329180,175806.0,247791.0,266723.5,286262.4,20375.0,40521.0,47403.88,54808.53,1.0,-49151.16,475474,453000,463.89,조선,KOSPI
064350,58390.0,68267.0,78138.0,89384.81,10056.0,10808.0,13475.12,16849.56,0.9965,-24542.29,142212,130300,18.03,우주항공과국방,KOSPI
003230,23518.0,31394.0,37661.5,42831.82,5242.0,7338.0,8935.0,10461.27,1.0,424.07,112393,1492000,12.89,식품,KOSPI
071050,194661.0,419870.0,417760.0,419820.0,23453.0,40460.0,32844.4,33520.62,0.9978,,106437,191000,5.34,증권,KOSPI
079550,43069.0,51156.0,60632.81,71195.56,3194.0,4475.0,6270.75,8419.63,1.0,16723.11,150700,685000,16.41,우주항공과국방,KOSPI
011070,218966.0,254999.0,268909.47,283138.25,6650.0,12757.0,14683.26,17479.81,1.0,9425.44,139636,590000,10.03,전자장비와기기,KOSPI
024110,292172.0,,,,36556.0,37151.0,40117.54,42377.25,0.9937,,166662,20900,3.54,은행,KOSPI
373220,236718.0,322163.0,413328.37,497637.94,13461.0,8254.0,38513.53,61264.18,0.7185,250840.51,858780,367000,80.86,전기제품,KOSPI
042700,5767.0,8196.0,11239.0,13148.0,2514.0,3822.0,5617.0,6843.0,1.0,-862.95,204921,215000,22.48,반도체와반도체장비,KOSPI
005940,136989.0,360954.0,335076.0,334831.0,14206.0,23399.0,20425.13,20576.54,0.9901,,97840,26500,6.51,증권,KOSPI
316140,415484.0,,,,36748.0,43793.0,47979.69,50413.67,0.971,,254560,34550,3.84,은행,KOSPI
307950,42521.0,48256.0,54904.25,64261.5,2553.0,2824.0,3537.0,4478.57,0.9753,-4619.81,111341,406000,42.1,IT서비스,KOSPI
010140,106500.0,128097.0,146560.74,159870.39,8622.0,13814.0,19722.53,23461.33,1.0,-1987.7,184800,21000,,조선,KOSPI
005930,3336059.0,7397268.0,9543904.48,10174549.06,436010.0,3933479.0,5542251.7,5520887.89,0.986,-1675903.07,15258787,261000,36.84,반도체와반도체장비,KOSPI
096770,802961.0,1041172.0,953858.83,954075.42,4487.0,87325.0,45473.17,43849.75,0.8956,261185.73,228728,135300,53.47,석유와가스,KOSPI
000150,197841.0,218424.0,252348.5,284230.0,10627.0,18125.0,25064.08,31031.0,0.5085,54570.67,195298,1206000,,복합기업,KOSPI
443060,19827.0,23403.0,26506.7,30631.3,3501.0,4185.0,5358.9,6713.7,1.0,-5145.06,91012,203000,30.44,조선,KOSPI
180640,2984.0,,,,-75.0,,,,0.9738,823.32,86657,129800,12.72,항공사,KOSPI
323410,30863.0,,,,6494.0,7390.0,8803.58,9725.45,,,104728,21950,38.29,은행,KOSPI
010120,49658.0,65171.0,79628.13,93659.47,4264.0,7140.0,10279.75,13348.6,1.0,8044.96,306750,204500,10.66,전기장비,KOSPI
003490,252255.0,282575.0,280124.27,287559.09,11136.0,11594.0,22211.36,25969.91,1.0,192096.56,105863,28750,8.32,항공사,KOSPI
006800,292830.0,583885.0,482449.33,504779.0,19151.0,47798.0,26153.73,27203.73,0.9726,,189514,34900,18.04,증권,KOSPI
298040,59685.0,71938.0,85610.93,100314.0,7470.0,11259.0,15560.64,20219.31,0.9856,5156.8,271904,2916000,13.02,전기장비,KOSPI
090430,42528.0,47146.0,51516.78,56003.94,3358.0,4830.0,5574.56,6358.0,0.9569,-8086.94,85575,146300,55.59,화장품,KOSPI
006260,318700.0,410612.0,434859.8,457396.89,10526.0,19999.0,22439.8,25550.67,0.6272,104616.6,96720,310000,6.88,전기장비,KOSPI
028050,90288.0,107192.0,128984.38,141388.95,7921.0,9821.0,11916.38,13245.84,0.9729,-36619.52,89768,45800,7.54,건설,KOSPI
047050,323736.0,351532.0,361221.77,371022.77,11653.0,14688.0,15554.77,16386.54,0.9582,67614.96,97285,55300,16.28,무역회사와판매업체,KOSPI
034020,170579.0,183496.0,205117.87,229429.53,7627.0,11308.0,16235.73,20569.27,0.6411,45793.89,521417,81400,183.04,기계,KOSPI
005830,230479.0,,,,23840.0,,,,0.7872,,126154,192600,3.41,손해보험,KOSPI
161390,212023.0,225572.0,237660.47,247939.8,18411.0,21857.0,24492.24,26218.6,0.9549,35329.27,83492,67400,7.81,자동차부품,KOSPI
259960,33266.0,48577.0,52209.0,55798.67,10544.0,14616.0,15897.61,16903.73,0.9918,-21242.54,105678,231000,15.84,게임엔터테인먼트,KOSPI
016360,148739.0,310320.0,284730.0,285430.0,13757.0,23353.0,21027.56,21165.21,1.0,,78852,88300,6.28,증권,KOSPI
007660,10880.0,16061.0,22066.89,25819.44,2047.0,3444.0,5128.67,6235.56,1.0,408.18,81558,111100,39.81,반도체와반도체장비,KOSPI
352820,26499.0,48682.0,43022.65,46571.22,493.0,2847.0,4894.9,5471.89,0.9687,-7203.21,76730,178000,51.84,방송과엔터테인먼트,KOSPI
000880,747854.0,927340.0,963340.0,1000900.0,41469.0,74220.0,89260.0,96820.0,0.3107,46978.59,68421,128300,7.95,복합기업,KOSPI
039490,171217.0,387734.0,339228.5,334113.5,14882.0,23068.0,19332.12,19518.93,1.0,,73964,282000,6.62,증권,KOSPI
064400,61295.0,65727.0,71639.73,78271.2,5518.0,5820.0,6668.0,7359.8,0.9973,-10425.1,73440,75800,13.5,IT서비스,KOSPI
009830,133331.0,180821.0,191326.79,200050.79,-3648.0,8192.0,12229.57,14121.36,0.9855,128985.87,74439,33100,,에너지장비및서비스,KOSPI
326030,7067.0,9778.0,11873.38,13877.27,2039.0,3470.0,4678.13,6051.4,1.0,-3330.46,69699,89000,,제약,KOSPI
021240,49636.0,56966.0,64071.25,71289.5,8787.0,10133.0,11836.0,12775.5,1.0,25247.31,69211,97800,8.96,가정용기기와용품,KOSPI
005387,1862545.0,1940652.0,2031223.32,2131610.14,114679.0,114811.0,132761.88,142985.57,0.9145,1025242.74,66711,190800,4.67,자동차,KOSPI
047040,80546.0,81084.0,90644.89,102088.44,-8154.0,8310.0,8159.17,9186.44,0.988,31023.76,69115,16820,3.37,건설,KOSPI
032640,154517.0,153950.0,158064.33,161264.22,8921.0,11498.0,12333.17,13168.06,1.0,45084.03,64598,15220,7.17,무선통신서비스,KOSPI
267270,37765.0,93778.0,104073.67,112353.33,1709.0,7602.0,9271.17,10903.67,1.0,9841.04,62107,129600,7.31,기계,KOSPI
377300,9584.0,12932.0,15015.17,17974.17,504.0,1700.0,2023.67,2468.67,0.8745,-44393.61,62090,45900,2624.66,IT서비스,KOSPI
000500,25457.0,32528.0,38910.0,45020.0,792.0,1382.0,2870.0,4140.0,1.0,4290.98,62086,208500,7.75,전기장비,KOSPI
128940,15475.0,17597.0,17887.22,19011.65,2578.0,3668.0,3096.44,3116.82,0.9094,90.87,63030,492000,30.88,제약,KOSPI
001440,36360.0,43980.0,46800.29,52789.57,1286.0,2290.0,2566.14,3257.14,0.9727,5639.37,56152,28650,17.94,전기장비,KOSPI
062040,5019.0,6852.0,8807.3,11180.22,1786.0,2554.0,3384.4,4380.78,1.0,-2155.58,59937,195600,21.35,전기장비,KOSPI
000100,21866.0,23466.0,25638.33,28680.2,1044.0,1300.0,2044.33,3025.67,1.0,-959.87,60880,82700,41.11,제약,KOSPI
353200,10653.0,16042.0,20061.54,23472.69,491.0,2770.0,4093.69,5087.0,0.9995,-2162.12,55100,111500,54.91,전자장비와기기,KOSPI
175330,46305.0,,,,9523.0,10225.0,10891.0,11507.33,0.9766,,54558,29250,3.83,은행,KOSPI
241560,87919.0,94989.0,99982.67,105697.0,6861.0,8433.0,9515.83,10663.0,1.0,-3060.2,59527,62100,5.48,기계,KOSPI
029780,43829.0,46925.0,47337.5,49162.5,8537.0,8148.0,8496.67,8763.33,0.9989,,53353,46050,6.15,카드,KOSPI
088350,274364.0,,,,11472.0,17330.0,17680.0,18712.0,0.7668,,51417,5920,3.24,생명보험,KOSPI
066970,21549.0,35787.0,43291.15,51865.92,-1568.0,2208.0,2380.08,3179.85,0.984,14382.17,53378,131200,,전기제품,KOSPI
271560,33324.0,37958.0,40567.64,42730.44,5583.0,6454.0,7063.86,7555.44,0.9831,-12166.55,51269,129700,12.19,식품,KOSPI
036570,15069.0,27825.0,31957.88,33464.31,161.0,5184.0,6045.76,6192.38,0.9747,-14930.01,48259,224000,24.89,게임엔터테인먼트,KOSPI
010060,33801.0,41113.0,45935.43,50756.29,-576.0,3468.0,5565.43,6588.86,0.8039,9586.85,49196,263500,,화학,KOSPI
454910,330.0,,,,-595.0,,,,,-1686.94,44726,69000,,기계,KOSPI
005385,1862545.0,1940652.0,2031223.32,2131610.14,114679.0,114811.0,132761.88,142985.57,0.9145,1025242.74,44535,190800,4.67,자동차,KOSPI
034220,258101.0,253470.0,263881.86,270728.86,5170.0,9649.0,14046.0,17013.43,0.9524,119989.1,46400,9280,,디스플레이패널,KOSPI
138930,101525.0,,,,9027.0,10035.0,11143.71,11736.92,0.9741,,47284,15410,3.62,은행,KOSPI
051900,63555.0,64646.0,67810.0,70681.23,1707.0,3796.0,4488.21,4941.08,0.9705,-11373.38,45825,306000,44.06,화장품,KOSPI
001450,181104.0,,,,12610.0,,,,0.9812,,45523,53400,4.82,손해보험,KOSPI
000990,13972.0,16680.0,18680.0,21110.0,2773.0,4010.0,5280.0,5840.0,0.9941,-9156.2,41068,94400,9.87,반도체와반도체장비,KOSPI
001040,450188.0,473892.0,492926.11,519177.14,25277.0,25276.0,28480.0,32197.57,0.4723,168752.98,38980,133600,17.28,복합기업,KOSPI
011790,18400.0,24877.0,29587.5,34605.0,-3050.0,-688.0,762.5,2495.0,0.8883,22288.37,43994,88700,,화학,KOSPI
004020,227332.0,239730.0,249135.06,254562.0,2192.0,3683.0,6837.06,7948.31,0.9115,81868.27,41101,30800,10.56,철강,KOSPI
002380,64838.0,68364.0,71828.6,75167.8,4276.0,4473.0,5028.4,5384.4,1.0,42230.96,42406,493500,9.55,건축자재,KOSPI
082740,13711.0,15541.0,21435.43,24796.43,1301.0,2273.0,3720.86,4694.0,1.0,-1676.54,39929,47850,,조선,KOSPI
004170,69295.0,73096.0,76284.65,79570.25,4800.0,7892.0,8712.76,9323.88,0.8363,39443.1,41181,436000,7.66,백화점과일반상점,KOSPI
052690,5188.0,5769.0,7367.2,9142.8,355.0,646.0,949.6,1513.1,0.9892,-830.03,42233,110500,72.68,전기유틸리티,KOSPI
161890,27224.0,31894.0,35878.54,39563.83,2396.0,3451.0,4102.65,4660.89,0.7817,10641.17,36588,155000,236.22,화장품,KOSPI
018880,108837.0,113387.0,117890.45,123224.72,2704.0,4270.0,4976.7,5558.33,0.9894,28264.69,36330,3540,80.7,자동차부품,KOSPI
111770,40636.0,45224.0,47373.86,50145.17,5144.0,6425.0,7164.71,7986.83,1.0,-7396.17,33012,74500,3.92,"섬유,의류,신발,호화품",KOSPI
103590,20446.0,23476.0,25219.75,26766.0,1512.0,2524.0,2766.0,3117.0,1.0,-439.49,33904,71100,12.22,전기장비,KOSPI
036460,357273.0,368817.0,373667.71,371109.71,21012.0,25453.0,24047.57,24802.0,1.0,330240.39,34617,37500,,가스유틸리티,KOSPI
251270,28351.0,29401.0,30150.71,31349.23,3525.0,3347.0,3866.41,4212.0,0.975,1205.57,32265,38800,,게임엔터테인먼트,KOSPI
022100,10752.0,9993.0,11930.0,14487.0,604.0,404.0,735.0,1161.0,0.9898,-2469.25,32992,21700,122.78,IT서비스,KOSPI
011780,69151.0,79501.0,77695.58,78041.83,2718.0,5425.0,4421.17,4739.5,0.9999,-853.11,32730,130100,9.57,화학,KOSPI
035250,14767.0,14803.0,15115.4,16154.67,2353.0,2238.0,2217.5,2567.44,1.0,-29273.88,31556,14750,10.04,"호텔,레스토랑,레저",KOSPI
023530,137384.0,142934.0,147104.93,150802.77,5470.0,8001.0,8680.0,9341.31,0.9287,119784.62,32051,113300,12.17,백화점과일반상점,KOSPI
192820,23988.0,29686.0,34597.83,39242.35,1958.0,2567.0,3151.83,3698.53,0.9575,7500.21,32573,287000,25.11,화장품,KOSPI
085620,51884.0,,,,1945.0,2065.0,2393.0,2472.0,1.0,,30348,22450,9.31,생명보험,KOSPI
031210,27587.0,,,,3757.0,,,,0.9999,,30477,43650,12.94,손해보험,KOSPI
008930,13570.0,,,,1387.0,,,,1.0,856.68,31323,45800,23.82,제약,KOSPI
012750,28894.0,29506.0,31310.75,32895.0,2346.0,2061.0,2536.75,2694.0,0.9999,-1579.0,30931,81400,12.03,상업서비스와공급품,KOSPI
028670,54329.0,69167.0,70375.46,72012.69,4919.0,6763.0,6810.92,6990.85,1.0,41405.81,29936,5600,8.15,해운사,KOSPI
302440,6514.0,6932.0,7617.5,8263.0,-1235.0,-1054.0,-400.5,-240.0,1.0,-2892.36,30088,38350,247.72,제약,KOSPI
139130,80410.0,,,,5832.0,6314.0,6889.31,7286.08,0.9753,,30026,18960,3.7,은행,KOSPI
336260,4548.0,4990.0,7309.4,8240.0,-1057.0,-715.0,505.2,659.25,1.0,5482.62,29046,44350,,에너지장비및서비스,KOSPI
004800,24317.0,26120.0,26903.33,29156.67,3930.0,5440.0,5300.0,5786.67,0.8386,13984.24,28877,172500,15058.38,복합기업,KOSPI
017800,24674.0,26300.0,29100.0,31900.0,2092.0,2140.0,2190.0,2300.0,1.0,3217.22,29241,74800,5.52,기계,KOSPI
006360,124503.0,109331.0,118579.24,127537.56,4378.0,4156.0,5918.19,6944.5,0.8664,40469.93,28499,33300,,건설,KOSPI
009420,1552.0,1714.0,1978.25,2208.0,-9.0,24.0,106.0,230.0,1.0,147.99,28785,55100,659.6,제약,KOSPI
375500,74024.0,70566.0,71572.84,76883.35,3870.0,5745.0,5756.84,6461.47,0.9968,-10892.93,27666,71500,8.24,건설,KOSPI
097950,273426.0,293036.0,305031.77,316568.8,12336.0,12092.0,13996.15,15484.0,0.7027,115284.69,27971,185800,13.75,식품,KOSPI
004370,35143.0,37575.0,39609.79,40808.45,1839.0,2320.0,2488.43,2638.82,0.9955,-10975.06,26855,441500,14.4,식품,KOSPI
007340,36757.0,45957.0,48911.0,52148.5,5279.0,6950.0,7449.0,8137.0,0.8907,15626.15,27032,46200,2.66,자동차부품,KOSPI
450080,3925.0,,,,-654.0,,,,,6767.06,26484,37400,2210.54,전기제품,KOSPI
383220,19340.0,20943.0,,,4686.0,5358.0,,,,-2633.84,26164,68300,8.04,"섬유,의류,신발,호화품",KOSPI
483650,5197.0,7557.0,9889.18,12182.75,1015.0,1642.0,2222.24,2805.5,0.9996,-1973.9,25991,207500,22.35,화장품,KOSPI
282330,90612.0,95156.0,99195.88,103369.0,2539.0,3071.0,3401.5,3662.47,0.9999,-4201.09,26081,150900,11.59,백화점과일반상점,KOSPI
011170,184830.0,208712.0,192122.91,195097.27,-9431.0,-590.0,503.91,3593.91,0.7997,77206.58,25665,60000,,화학,KOSPI
001720,24664.0,31714.0,,,1361.0,1958.0,,,0.9554,,25318,154000,7.21,증권,KOSPI
003690,67044.0,,,,4709.0,,,,1.0,,25943,14680,4.16,손해보험,KOSPI
026960,5329.0,,,,453.0,,,,0.9892,-7694.47,25573,25650,12.53,식품,KOSPI
005850,52399.0,56104.0,59681.2,63369.8,4071.0,4433.0,4817.8,5605.8,0.971,-7022.77,24571,52900,4.94,자동차부품,KOSPI
489790,17909.22,20334.0,23415.0,25948.67,1622.67,2034.0,2967.33,3731.0,1.0,1530.85,25093,49700,49.78,통신장비,KOSPI
279570,13348.0,,,,1171.0,1164.0,1986.0,2838.0,,,22922,5650,19.6,은행,KOSPI
204320,94548.0,98356.0,104232.43,109676.05,3571.0,4116.0,4714.48,5334.95,0.8881,13563.97,23619,50300,13.63,자동차부품,KOSPI
004990,155396.0,157537.0,163173.33,168136.67,2394.0,3677.0,4756.67,8550.0,0.6834,76316.01,24168,24250,,복합기업,KOSPI
000240,14576.0,14411.0,15601.0,16860.0,4116.0,4211.0,4716.0,5340.0,1.0,-351.78,23354,24600,7.91,자동차부품,KOSPI
081660,44686.0,47481.0,48556.83,49294.0,4748.0,6081.0,6235.33,6360.0,0.6584,13756.9,22166,41750,55.22,"섬유,의류,신발,호화품",KOSPI
181710,25162.0,29776.0,32998.7,36569.29,1324.0,1974.0,2454.0,2720.86,0.7883,-4584.32,23058,70400,,IT서비스,KOSPI
103140,50486.0,61752.0,64505.23,66722.25,2974.0,4266.0,3867.08,4143.92,1.0,10110.41,22672,80900,7.02,비철금속,KOSPI
030000,45469.0,45472.0,48017.3,50198.25,3369.0,3286.0,3564.09,3687.88,0.9936,-5074.79,22065,19180,11.69,광고,KOSPI
014680,8840.0,9886.0,11256.0,13562.25,1562.0,1822.0,2247.2,2974.25,0.9715,948.65,22182,205500,24.43,화학,KOSPI
005440,80916.0,84748.0,88446.0,92216.5,2741.0,3443.0,3781.5,4114.0,0.7629,-3765.19,22209,12110,0.33,복합기업,KOSPI
018670,76763.0,97382.0,91116.5,96055.5,4428.0,4734.0,4975.0,5175.5,0.7579,26026.17,21783,235000,4.32,가스유틸리티,KOSPI
009970,48950.0,,,,7355.0,,,,0.6063,-15021.19,21633,167000,2.86,"섬유,의류,신발,호화품",KOSPI
007070,119574.0,125145.0,129283.53,133490.21,2921.0,3627.0,3915.07,4113.07,1.0,19593.92,22031,26350,116.78,백화점과일반상점,KOSPI
457190,4115.0,,,,16.0,,,,1.0,1556.56,21032,69600,,화학,KOSPI
073240,47013.0,51029.0,53635.18,56338.0,5759.0,6217.0,6596.82,7427.78,0.9317,12484.08,21401,7450,9.81,자동차부품,KOSPI
112610,29316.0,28480.0,32400.0,33191.63,3203.0,3043.0,3380.8,2642.75,0.9778,7948.04,19947,47300,152.75,에너지장비및서비스,KOSPI
069960,42303.0,42969.0,46304.5,48254.41,3779.0,4176.0,5108.94,5544.06,0.9847,13062.4,21090,97800,,백화점과일반상점,KOSPI
020150,6775.0,9100.0,13221.75,17243.0,-1452.0,-512.0,361.63,1173.33,0.8308,-375.89,20868,39850,,전자장비와기기,KOSPI
139480,289704.0,290773.0,302361.08,307692.7,3225.0,4184.0,5655.92,6053.5,0.8272,114500.08,20642,74800,,백화점과일반상점,KOSPI
051600,15765.0,16338.0,17096.6,17637.2,1401.0,1757.0,1935.7,2010.8,1.0,-2782.69,20408,45350,9.42,전기유틸리티,KOSPI
002790,46232.0,,,,3680.0,,,,0.4246,-16403.41,20797,27200,23.54,화장품,KOSPI
089860,29188.0,30497.0,32314.5,34097.4,3125.0,3506.0,3831.6,4146.9,1.0,44991.09,18663,51400,8.47,도로와철도운송,KOSPI
462870,2945.0,2145.0,2211.44,3890.22,1814.0,1071.0,1055.78,2404.44,1.0,-5410.08,19414,33050,23.34,게임엔터테인먼트,KOSPI
071970,4024.0,6064.0,7656.6,8911.0,759.0,1550.0,2117.0,2604.0,1.0,-4232.94,17741,52300,10.56,조선,KOSPI
475150,3856.41,5550.33,2126.0,1658.0,529.98,659.0,847.83,832.5,1.0,3383.52,17647,51800,14.86,에너지장비및서비스,KOSPI
439260,12281.0,13276.0,13713.17,14941.5,2941.0,3647.0,3749.17,4301.83,1.0,-6298.42,17997,47250,9.17,조선,KOSPI
120110,48734.0,53155.0,55417.5,57748.5,1089.0,2780.0,2985.83,3361.83,0.951,22920.57,17638,58900,31.52,화학,KOSPI
008770,40683.0,40123.0,41498.31,43757.33,135.0,1976.0,2457.92,2836.08,1.0,9742.49,17583,44800,30.43,백화점과일반상점,KOSPI
000155,197841.0,218424.0,252348.5,284230.0,10627.0,18125.0,25064.08,31031.0,0.5085,54570.67,17085,427500,,복합기업,KOSPI
000120,122847.0,132514.0,137548.64,143196.27,5081.0,4698.0,5340.18,5899.18,0.9385,38229.46,16767,73500,12.91,항공화물운송과물류,KOSPI
006040,95837.0,102554.0,106629.67,110630.0,5161.0,5742.0,6005.33,6140.0,0.9467,21050.03,16751,37950,7.18,식품,KOSPI
011210,84816.0,90885.0,96189.87,101408.15,2044.0,2188.0,2666.6,2987.0,0.9502,-2845.84,16045,59000,19.36,자동차부품,KOSPI
023590,174950.0,,,,15593.0,,,,0.437,-482973.99,17077,39450,3.55,증권,KOSPI
020560,72668.0,,,,-3452.0,,,,0.631,60195.1,15882,7710,7.29,항공사,KOSPI
001800,33931.0,,,,4877.0,,,,0.3582,-12314.71,15340,25500,10.68,식품,KOSPI
001120,167063.0,188307.0,186882.5,189408.67,2922.0,4662.0,4639.0,4750.0,0.8778,18965.43,15388,39700,9.73,무역회사와판매업체,KOSPI
006280,19913.0,19881.0,21101.0,22768.77,692.0,726.0,980.77,1277.46,0.884,8941.9,14970,128100,,제약,KOSPI
322000,4927.0,6959.0,8534.0,,412.0,1432.0,1665.0,,1.0,-1668.73,14997,133900,,에너지장비및서비스,KOSPI
009155,113145.0,143443.0,183316.4,234218.06,9133.0,19448.0,37297.45,58710.0,0.9622,-2270.93,15233,524000,28.11,전자장비와기기,KOSPI
294870,41470.0,38457.0,47789.94,48136.29,2486.0,5214.0,7038.0,6523.86,1.0,12767.84,15192,23050,5.56,건설,KOSPI
097230,19997.0,26710.0,29510.0,,671.0,2180.0,3250.0,,1.0,2710.99,14899,16500,,건설,KOSPI
298020,76948.0,88100.0,90622.17,95729.67,2515.0,5571.0,6144.67,6563.5,0.774,22664.76,14930,345000,16.95,무역회사와판매업체,KOSPI
001430,36516.0,40964.0,43697.7,45335.78,984.0,1656.0,2230.7,2562.56,0.9923,12059.87,14829,41350,6.95,철강,KOSPI
229640,9601.0,12500.0,13738.67,15196.67,668.0,846.0,949.0,1125.56,0.8836,967.59,14470,47250,154.98,전기장비,KOSPI
069620,15709.0,16657.0,17606.56,19233.0,1968.0,2311.0,2420.33,2825.78,1.0,7665.99,14692,126800,11.12,제약,KOSPI
007810,15097.0,17789.0,21205.33,24237.67,538.0,1350.0,2081.33,2772.67,1.0,1868.81,14246,59400,,전자장비와기기,KOSPI
093370,4716.0,6908.0,7659.0,8951.0,254.0,765.0,1057.0,1230.0,0.8701,2632.79,13621,12700,,화학,KOSPI
000815,247785.0,,,,26591.0,31986.0,37928.08,36586.31,1.0,,13141,437000,7.31,손해보험,KOSPI
005070,4563.0,5792.0,8926.0,13130.0,24.0,212.0,608.0,1110.0,,888.66,13352,40200,170.78,화학,KOSPI
001740,67451.0,69295.0,70391.67,72090.0,863.0,1187.0,1358.0,1498.33,0.9793,14693.46,13319,6640,,복합기업,KOSPI
007310,36745.0,,,,1773.0,,,,0.9595,2748.22,13486,336500,10.0,식품,KOSPI
066575,892009.0,966485.0,1010770.71,1052523.07,24784.0,46395.0,49360.82,60193.13,0.8057,41258.6,12886,75000,25.82,전자제품,KOSPI
280360,42160.0,44748.0,46731.69,48450.3,1095.0,2148.0,2405.38,2651.8,1.0,11547.69,13319,144700,16.56,식품,KOSPI
012630,65848.0,,,,6489.0,,,,0.7227,23786.06,13352,22350,3.64,건설,KOSPI
281820,3829.0,6528.0,8724.0,9260.0,600.0,1462.0,2011.0,2170.0,0.9982,-2632.16,13067,66000,17.64,반도체와반도체장비,KOSPI
361610,2619.0,1634.0,2494.5,3977.75,-2464.0,-2308.0,-1015.75,-130.5,1.0,14498.73,13200,16140,68.47,전기제품,KOSPI
003540,50639.0,,,,3014.0,6237.0,3816.67,3960.0,1.0,,12822,26900,9.28,증권,KOSPI
300720,14239.0,13844.0,14740.5,15445.0,1327.0,1163.0,1507.0,1708.5,1.0,4969.89,12554,17070,5.21,건축자재,KOSPI
192080,7199.0,8386.0,8821.46,9297.4,2321.0,2831.0,3094.23,3293.6,0.822,-10011.68,12386,58500,5.82,게임엔터테인먼트,KOSPI
004000,17527.0,21191.0,20897.71,21641.57,744.0,1631.0,1657.86,1807.71,1.0,-4418.46,12307,47700,8.22,화학,KOSPI
017960,9088.0,9459.0,9963.6,10420.67,1310.0,1817.0,1989.4,2167.67,1.0,-1635.39,12325,23850,,조선,KOSPI
001820,2945.0,3276.0,3984.5,4220.0,129.0,298.0,580.5,620.0,1.0,-881.47,11694,112500,19.03,전기제품,KOSPI
003240,18274.0,,,,-360.0,,,,0.9721,-13030.56,10611,953000,,화학,KOSPI
030610,45068.0,,,,1904.0,,,,1.0,,11772,10330,5.96,증권,KOSPI
006110,2715.0,3832.0,4721.2,,-176.0,59.0,367.75,,1.0,2331.11,10723,70900,451.3,비철금속,KOSPI
000210,53267.0,55386.0,55391.5,56050.0,2985.0,6496.0,6105.0,6170.0,0.9294,45447.6,10604,50600,,화학,KOSPI
000080,24986.0,24573.0,25063.43,25629.17,1723.0,1911.0,2027.0,2160.83,1.0,7752.29,10941,15600,44.98,음료,KOSPI
032350,6534.0,7862.0,8689.5,9380.5,1433.0,1967.0,2284.88,2571.83,1.0,11891.68,10516,13190,,"호텔,레스토랑,레저",KOSPI
003530,30946.0,,,,1477.0,,,,1.0,,10577,4930,82.09,증권,KOSPI
000370,74497.0,,,,4296.0,,,,1.0,,10378,8890,2.53,손해보험,KOSPI
006340,6245.0,,,,94.0,,,,0.6795,162.83,10413,13280,8.98,전기장비,KOSPI
003090,20684.0,,,,2618.0,,,,0.7681,7061.41,10343,17790,7.86,제약,KOSPI
051915,459322.0,562410.0,640724.38,708314.31,11809.0,13021.0,39507.69,55674.85,0.7905,307180.26,10080,131100,29.2,화학,KOSPI
192400,9209.0,9950.0,10660.0,11230.0,1140.0,1140.0,1230.0,1290.0,1.0,-3466.13,9922,27900,4.48,가정용기기와용품,KOSPI
077970,7893.0,9044.0,9892.0,13208.5,696.0,1004.0,1190.0,1826.0,1.0,2185.47,9977,24850,57.65,조선,KOSPI
003570,7120.0,8077.0,9147.0,10260.0,855.0,1121.0,1357.0,1544.0,1.0,-3243.33,9610,28900,9.67,자동차부품,KOSPI
030190,6021.0,6610.0,7243.0,7863.0,1044.0,1190.0,1306.5,1428.0,1.0,-1481.99,9473,16080,10.25,상업서비스와공급품,KOSPI
034230,11499.0,12657.0,13769.9,14693.63,1558.0,1652.0,2027.3,2403.38,0.7654,6206.98,9457,10210,19.51,"호텔,레스토랑,레저",KOSPI
185750,16924.0,17939.0,18836.0,19778.0,806.0,718.0,1319.0,1384.0,0.9951,1081.44,9496,68800,8.12,제약,KOSPI
285130,23652.0,29278.0,31620.0,33405.0,-2.0,587.0,1592.0,2230.0,1.0,4854.61,9359,54100,32.7,화학,KOSPI
009240,17445.0,16720.0,17366.33,17920.8,185.0,389.0,426.83,524.2,0.9995,1895.95,9037,38400,,가구,KOSPI
004490,21421.0,22730.0,29980.0,,1538.0,1460.0,2060.0,,0.9975,-3132.96,9300,67100,6.97,자동차부품,KOSPI
003470,34613.0,,,,994.0,,,,1.0,,9210,4780,8.41,증권,KOSPI
195870,6534.0,8822.0,10182.9,11485.3,465.0,1028.0,1480.1,1789.2,1.0,1298.53,9146,53800,11.16,반도체와반도체장비,KOSPI
006120,101640.0,,,,3614.0,,,,0.8943,41141.98,9212,52900,4.19,석유와가스,KOSPI
079160,22754.0,24242.0,25445.75,26283.33,962.0,994.0,1356.5,1540.0,,20116.61,9173,5540,,방송과엔터테인먼트,KOSPI
071055,194661.0,419870.0,417760.0,419820.0,23453.0,40460.0,32844.4,33520.62,0.9978,,8928,152400,5.34,증권,KOSPI
009450,15022.0,16926.0,18994.0,21342.0,1434.0,2679.0,2668.0,3145.0,0.9989,2040.46,9003,61800,8.27,가정용기기와용품,KOSPI
499790,4816.83,6205.2,6818.4,7245.6,780.23,1340.8,1554.8,1728.8,0.6631,6224.65,8983,45300,,"호텔,레스토랑,레저",KOSPI
005300,39711.0,41025.0,42565.75,44115.67,1672.0,2019.0,2277.17,2477.78,0.9458,14544.81,9195,99100,8.89,음료,KOSPI
071320,39982.0,39223.0,39382.33,38811.0,5296.0,5106.0,4246.0,4094.0,0.9941,37397.42,8765,75700,1.42,복합유틸리티,KOSPI
298050,32830.0,35940.0,36532.0,37524.0,1574.0,2370.0,2776.75,2979.5,0.7551,26151.51,7916,176700,39.83,화학,KOSPI
005180,14896.0,15732.0,16307.5,16630.0,884.0,1617.0,1640.0,1450.0,1.0,-1441.02,8481,91500,6.25,식품,KOSPI
003850,10174.0,,,,651.0,,,,1.0,2538.32,7772,9060,20.32,제약,KOSPI
100090,9654.0,6458.0,7437.5,11730.33,595.0,574.0,614.25,1166.33,0.9968,1803.61,7779,12450,19.0,에너지장비및서비스,KOSPI
214320,21460.0,21578.0,22429.63,23487.43,1628.0,1854.0,1963.25,2086.14,0.8744,-5212.93,7612,19030,8.41,광고,KOSPI
036530,22357.0,23240.0,25290.0,27360.0,3007.0,3170.0,3490.0,3850.0,0.5611,-10191.21,7459,45750,3.23,자동차부품,KOSPI
005090,24607.0,25448.0,25938.67,25668.0,958.0,1644.0,1755.67,2469.0,0.8082,17399.96,7493,52000,9.48,에너지장비및서비스,KOSPI
000670,29090.0,,,,-2597.0,,,,,1866.54,7429,40350,,핸드셋,KOSPI
137310,7106.0,,,,-809.0,,,,,-1229.65,7474,6190,,건강관리장비와용품,KOSPI
003160,4323.0,5827.0,7551.0,8111.0,365.0,1055.0,1394.0,1476.0,0.4002,359.69,7542,26650,56.54,반도체와반도체장비,KOSPI
090460,17927.0,18960.0,21547.55,22838.2,540.0,968.0,1311.64,1508.3,0.9058,-30.67,7417,22000,9.0,전자장비와기기,KOSPI
093050,18824.0,,,,1681.0,,,,0.8414,4868.89,6784,23200,4.7,"섬유,의류,신발,호화품",KOSPI
456040,20094.0,21865.0,22045.0,22770.0,4.0,1648.0,1880.67,1966.67,0.9598,5246.13,7225,80700,15.24,화학,KOSPI
064960,10064.0,10337.0,11380.5,12122.57,1026.0,1067.0,1208.63,1387.57,1.0,-3583.6,7060,26600,7.26,자동차부품,KOSPI
017940,103925.0,154098.0,154079.0,150674.0,3241.0,1651.0,4487.0,4531.0,0.882,-6912.07,6723,98000,2.0,가스유틸리티,KOSPI
001060,7753.0,,,,945.0,,,,1.0,-303.34,6753,29000,23.92,제약,KOSPI
069260,11277.0,13140.0,13397.25,13501.0,656.0,879.0,914.5,879.5,1.0,-2409.45,6712,16420,6.52,화학,KOSPI
100840,6061.0,5600.0,6660.0,6890.0,1113.0,1162.0,1490.0,1570.0,1.0,-836.28,6783,32800,7.27,에너지장비및서비스,KOSPI
000400,32207.0,,,,647.0,,,,,,6688,2155,2.6,손해보험,KOSPI
005880,12770.0,12235.0,12124.0,12126.2,2072.0,2513.0,2413.6,2464.6,1.0,10250.27,6649,2060,10.07,해운사,KOSPI
001570,1028.0,,,,-447.0,,,,,3021.11,6333,9900,,화학,KOSPI
317450,2873.0,,,,925.0,,,,1.0,-4466.9,6687,45800,10.26,제약,KOSPI
014820,13729.0,,,,662.0,,,,0.999,2862.38,6653,22950,15.72,포장재,KOSPI
268280,5321.0,,,,655.0,,,,1.0,-248.65,6650,133000,37.33,화학,KOSPI
005690,1141.0,1600.0,2251.0,3420.0,343.0,582.0,884.0,1540.0,,-401.4,6558,10930,101.82,화학,KOSPI
001680,44013.0,44700.0,46512.5,47220.0,1693.0,1830.0,2044.0,2060.0,0.9841,10797.32,6493,18740,11.14,식품,KOSPI
006380,246.0,,,,-211.0,,,,,1268.07,6185,3660,,화학,KOSPI
033240,8489.0,10056.0,10064.0,10680.0,420.0,921.0,923.0,970.0,1.0,821.61,6482,30000,,통신장비,KOSPI
002960,3450.0,,,,528.0,,,,,-301.51,6474,498000,7.86,화학,KOSPI
248070,17002.0,,,,465.0,,,,0.9476,3728.47,6436,13460,11.34,전자장비와기기,KOSPI
000640,14298.0,15763.0,17006.0,18485.67,978.0,1104.0,1192.33,1394.33,0.9859,4729.59,6275,93200,11.06,제약,KOSPI
006650,33478.0,36354.0,37880.75,38007.5,527.0,1739.0,2278.5,2493.25,0.7322,758.41,6409,98600,,화학,KOSPI
383800,1904.0,2490.0,2660.0,2810.0,1334.0,1990.0,2080.0,2180.0,1.0,2009.41,6308,8270,6.95,무역회사와판매업체,KOSPI
002350,31896.0,34737.0,36173.81,37878.93,1703.0,1772.0,2132.25,2400.21,0.997,12956.47,6212,6360,8.15,자동차부품,KOSPI
002990,20185.0,21520.0,23570.0,24780.0,471.0,750.0,1040.0,1300.0,0.9932,14.34,6148,16500,174.44,건설,KOSPI
002840,4411.0,,,,436.0,,,,1.0,-119.71,6210,138000,13.53,화학,KOSPI
108320,16391.0,15473.0,16143.5,17410.0,1089.0,746.0,775.0,925.0,1.0,-4406.46,6205,38150,13.95,디스플레이장비및부품,KOSPI
453340,23296.0,24992.0,26724.0,28165.0,1068.0,1388.0,1498.5,1630.0,0.9948,-1200.06,6137,18900,8.28,식품,KOSPI
114090,4229.0,4662.0,4878.43,5129.83,526.0,680.0,771.57,767.5,0.9985,-3786.15,5944,9610,19.03,"호텔,레스토랑,레저",KOSPI
058650,66111.0,74867.0,78205.0,80300.5,1755.0,3210.0,3962.0,4074.0,0.8423,20358.81,5863,138200,5.27,철강,KOSPI
075580,4027.0,,,,734.0,,,,0.8469,1544.16,5935,10440,15.79,조선,KOSPI
001510,14047.0,,,,78.0,,,,1.0,,5863,2535,119.72,증권,KOSPI
003300,19305.0,,,,1232.0,,,,0.5097,7309.01,5772,18720,3.3,건축자재,KOSPI
178920,2634.0,2924.0,3285.5,3679.0,430.0,682.0,754.0,845.0,,-200.79,5820,19820,,화학,KOSPI
001270,9655.0,,,,568.0,,,,0.9998,,5766,55600,5.06,증권,KOSPI
007700,19338.0,,,,4342.0,,,,,-4751.67,5656,14460,5.0,"섬유,의류,신발,호화품",KOSPI
001530,6014.0,7106.0,7850.0,9156.0,-15.0,121.0,215.0,349.0,1.0,3868.49,5738,27700,240.03,"섬유,의류,신발,호화품",KOSPI
025540,14428.0,15003.0,15888.0,16785.0,1393.0,1102.0,1371.0,1533.0,1.0,-1336.32,5614,55500,10.71,자동차부품,KOSPI
016380,31934.0,34030.0,35459.67,36884.67,1507.0,1353.0,1605.33,1685.67,1.0,2314.2,5520,5520,3.8,철강,KOSPI
079900,1907.0,1922.0,2067.0,2205.0,287.0,289.0,350.0,387.0,1.0,-325.12,5604,38400,17.2,기계,KOSPI
336370,6161.0,5556.0,6899.5,10082.5,-733.0,-754.0,287.5,760.5,0.707,8392.07,5582,7950,6.42,전자장비와기기,KOSPI
003620,43036.0,50812.0,56942.0,59231.0,362.0,361.0,853.0,1079.0,0.9076,7372.5,5403,2670,194.67,자동차,KOSPI
005810,4325.0,5385.0,5370.0,5535.0,668.0,1422.0,1218.0,1260.0,0.9995,526.02,5486,38050,4.47,비철금속,KOSPI
019170,2347.0,,,,143.0,,,,1.0,-190.16,5504,10500,,제약,KOSPI
284740,11213.0,,,,1694.0,,,,0.8898,-655.68,5250,23400,4.3,가정용기기와용품,KOSPI
009410,21745.0,,,,528.0,,,,0.666,9516.19,4973,1671,,건설,KOSPI
161000,14523.0,,,,-102.0,,,,0.4668,5107.06,5303,10900,22.56,화학,KOSPI
039130,5869.0,5970.0,6493.75,6883.75,576.0,508.0,651.25,723.5,0.7864,-1279.94,5143,33200,17.77,"호텔,레스토랑,레저",KOSPI
003545,50639.0,,,,3014.0,6237.0,3816.67,3960.0,1.0,,5023,20600,9.28,증권,KOSPI
460860,32034.0,37752.0,39717.33,41138.33,594.0,1235.0,1485.0,1601.67,,13551.47,5154,10390,2.46,철강,KOSPI
484870,4033.0,4373.0,5348.0,6436.0,561.0,636.0,847.0,1111.0,,-463.96,5053,18400,12.75,우주항공과국방,KOSPI
008060,13850.0,,,,113.0,,,,0.5689,-3721.99,5003,15990,17.54,전자장비와기기,KOSPI
004690,52755.0,54361.0,54856.0,55876.0,1596.0,1835.0,1786.0,1858.0,0.8709,750.99,4878,134500,3.2,가스유틸리티,KOSPI
090435,42528.0,47146.0,51516.78,56003.94,3358.0,4830.0,5574.56,6358.0,0.9569,-8086.94,4809,45550,55.59,화장품,KOSPI
034310,32426.0,,,,1981.0,,,,0.4916,5008.22,4870,13250,128.49,IT서비스,KOSPI
377740,1183.0,,,,167.0,,,,1.0,-3649.99,4891,4800,,건강관리장비와용품,KOSPI
001500,18205.0,,,,723.0,,,,1.0,,5002,8090,6.38,증권,KOSPI
145990,25625.0,,,,1117.0,,,,0.8903,6948.15,4816,46700,4.46,식품,KOSPI
005250,24515.0,,,,362.0,,,,,15833.53,4689,9970,,제약,KOSPI
000070,33483.0,,,,1088.0,,,,0.3159,11119.41,4790,61700,2.37,화학,KOSPI
010780,12344.0,11418.0,14549.0,18876.0,681.0,1641.0,1783.67,3132.0,0.9843,9568.09,4767,15790,5.55,건설,KOSPI
002240,18092.0,,,,407.0,,,,1.0,-278.45,4757,17620,7.1,철강,KOSPI
009900,16192.0,16900.0,17500.0,18340.0,1026.0,1140.0,1380.0,1510.0,1.0,-545.5,4460,8500,6.53,자동차부품,KOSPI
014830,13388.0,16063.0,17101.33,17706.33,879.0,940.0,1124.67,1196.17,1.0,1189.13,4494,66400,28.21,화학,KOSPI
005945,136989.0,360954.0,335076.0,334831.0,14206.0,23399.0,20425.13,20576.54,0.9901,,4454,23600,6.51,증권,KOSPI
249420,5669.0,,,,195.0,,,,1.0,816.88,4588,14500,,제약,KOSPI
005389,1862545.0,1940652.0,2031223.32,2131610.14,114679.0,114811.0,132761.88,142985.57,0.9145,1025242.74,4373,187900,4.67,자동차,KOSPI
002030,18845.0,,,,1110.0,,,,0.6036,4845.88,4416,214500,4.33,건축자재,KOSPI
003000,2007.0,,,,142.0,,,,1.0,-884.29,4322,4380,,제약,KOSPI
072710,8588.0,,,,811.0,,,,1.0,1696.01,4406,95000,4.48,식품,KOSPI
005420,6642.0,,,,-160.0,,,,,3543.74,4371,11380,,화학,KOSPI
092230,11637.0,,,,430.0,,,,0.6795,-6678.85,4309,102000,2.58,화학,KOSPI
004700,979.0,,,,88.0,,,,,-520.6,4289,64500,36.64,"섬유,의류,신발,호화품",KOSPI
029460,7973.0,,,,465.0,,,,0.8698,-2101.88,4315,39150,5.25,반도체와반도체장비,KOSPI
403550,4707.0,5080.0,5373.0,5570.0,232.0,294.0,353.0,405.0,1.0,2788.21,4333,11420,,도로와철도운송,KOSPI
016610,19220.0,,,,1167.0,,,,0.8528,,4253,10020,26.48,증권,KOSPI
001200,16941.0,,,,844.0,,,,1.0,,4306,4445,11.16,증권,KOSPI
317400,13876.0,15520.0,19865.0,22340.0,125.0,560.0,1003.5,1043.0,0.7976,-1450.69,4200,10830,6.11,건설,KOSPI
003030,37596.0,42340.0,48513.0,52210.0,2058.0,1058.0,3088.0,3788.5,1.0,20507.16,4237,102300,3.5,철강,KOSPI
017900,1327.0,,,,12.0,,,,1.0,-913.17,4236,7310,,전자장비와기기,KOSPI
016590,6395.0,,,,222.0,,,,1.0,-1048.58,4251,10550,4.73,포장재,KOSPI
002810,4469.0,,,,128.0,,,,0.9555,-3143.9,4127,22350,4.57,화학,KOSPI
003280,1808.0,,,,113.0,,,,1.0,150.96,4061,1689,17.61,해운사,KOSPI
452260,5752.0,,,,94.0,,,,1.0,5115.03,4100,2115,,백화점과일반상점,KOSPI
008730,4854.0,5376.0,6481.0,,85.0,131.0,454.0,,1.0,2884.98,4042,16300,,포장재,KOSPI
130660,3945.0,,,,66.0,,,,1.0,63.51,3994,12250,15.41,전기유틸리티,KOSPI
183190,10228.0,10715.0,11636.67,12249.33,771.0,746.0,1166.0,1335.33,0.9795,5963.24,3983,11070,4.56,건축자재,KOSPI
344820,19006.0,,,,-752.0,,,,1.0,3428.08,4049,25350,8.02,건축자재,KOSPI
306200,14848.0,18648.0,19611.4,20221.25,496.0,1112.0,1257.8,1478.25,1.0,2511.76,3959,139600,2.07,철강,KOSPI
029530,3173.0,,,,62.0,,,,1.0,-4183.27,3988,41050,5.99,사무용전자제품,KOSPI
950210,143.0,248.31,,,-674.0,-928.23,,,1.0,225.16,3918,6520,32.32,제약,KOSPI
001940,8253.0,9220.0,9350.0,9990.0,-707.0,-170.0,260.0,340.0,1.0,-7896.36,3948,27850,4.23,철강,KOSPI
194370,12882.0,16597.0,18344.0,19658.0,1405.0,1767.0,1886.0,2033.0,1.0,7780.91,3958,13640,2.1,"섬유,의류,신발,호화품",KOSPI
271940,816.0,,,,-112.0,,,,1.0,-2379.76,3929,10820,678.89,자동차부품,KOSPI
192650,12306.0,12324.0,14971.5,16890.5,314.0,401.0,576.0,690.0,0.7244,827.86,3874,5880,57.24,핸드셋,KOSPI
015360,13276.0,,,,1117.0,,,,1.0,2038.45,3883,14250,8.38,가스유틸리티,KOSPI
006220,3659.0,,,,99.0,,,,1.0,,3837,10150,51.08,은행,KOSPI
126560,2645.0,,,,63.0,,,,1.0,-3232.02,3740,3425,,화장품,KOSPI
027410,4695.0,4740.0,4840.0,4940.0,612.0,590.0,650.0,700.0,1.0,-422.26,3762,3930,4.69,화학,KOSPI
031430,11100.0,12771.0,13662.6,14288.5,-115.0,565.0,731.4,809.25,1.0,2720.61,3796,10850,16.66,"섬유,의류,신발,호화품",KOSPI
017810,33802.0,35810.0,37736.25,39914.0,932.0,1135.0,1337.25,1559.5,1.0,10639.49,3778,9910,20.97,식품,KOSPI
006405,132667.0,159516.0,198943.95,247105.11,-17224.0,3517.0,14225.7,24413.44,0.7877,106775.0,3648,225500,16.63,전기제품,KOSPI
007690,13956.0,17852.0,17525.5,17544.5,532.0,895.0,947.5,1049.5,1.0,4401.52,3700,39950,47.94,화학,KOSPI
105630,19418.0,21221.0,22010.86,22628.33,834.0,989.0,1054.43,1180.0,0.9982,5226.53,3640,9100,7.52,"섬유,의류,신발,호화품",KOSPI
060980,13350.0,13630.0,14660.0,15840.0,887.0,1230.0,1380.0,1600.0,0.9918,8148.21,3677,40500,6.78,자동차부품,KOSPI
089590,15799.0,19399.0,19471.33,19810.33,-1117.0,180.0,1103.67,1452.67,0.7998,11477.37,3617,4485,6.75,항공사,KOSPI
170900,8088.0,8771.0,9965.0,11215.0,6.0,369.0,434.0,463.0,1.0,2744.76,3672,37750,54.62,제약,KOSPI
097520,12792.0,,,,520.0,,,,1.0,79.46,3611,20750,19.48,핸드셋,KOSPI
004710,12524.0,,,,204.0,,,,0.2898,2338.93,3527,6640,5.7,전자장비와기기,KOSPI
104700,4866.0,5490.0,5520.0,5900.0,-387.0,-160.0,160.0,210.0,,-3323.8,3594,9860,4.1,철강,KOSPI
005610,33705.0,,,,387.0,,,,1.0,3036.29,3577,41450,10.75,식품,KOSPI
024720,6301.0,,,,477.0,,,,1.0,1364.24,3481,10150,,화장품,KOSPI
011930,5675.0,7600.0,8503.0,9693.0,13.0,195.0,276.0,501.0,0.8537,1935.6,3422,16850,25.88,반도체와반도체장비,KOSPI
002310,8551.0,,,,272.0,,,,1.0,-635.58,3397,8610,4.56,포장재,KOSPI
002020,58861.0,,,,605.0,,,,1.0,23440.16,3401,26350,27.83,복합기업,KOSPI
020000,14918.0,15966.0,16759.5,17601.0,522.0,926.0,1040.0,1158.8,1.0,-387.48,3415,15900,5.62,"섬유,의류,신발,호화품",KOSPI
011760,75543.0,93635.0,91837.5,91171.75,1401.0,1970.0,1910.25,1976.25,1.0,8648.6,3406,25750,2.98,무역회사와판매업체,KOSPI
005950,16595.0,,,,69.0,,,,,2848.65,3316,12610,,화학,KOSPI
092790,5510.0,,,,399.0,,,,1.0,693.01,3323,12780,1.31,철강,KOSPI
009160,11790.0,,,,460.0,,,,0.9209,2911.42,3347,5120,,비철금속,KOSPI
015860,22827.0,,,,1456.0,,,,0.3927,-5626.04,3291,6670,7.02,전기장비,KOSPI
026890,912.0,,,,172.0,,,,1.0,,3288,8480,10.47,창업투자,KOSPI
005720,35865.0,,,,2042.0,,,,0.5127,12586.84,3263,6210,5.72,자동차부품,KOSPI
200880,45052.0,,,,1618.0,,,,0.9819,6745.21,3281,12140,3.29,자동차부품,KOSPI
009290,16595.0,,,,310.0,,,,0.9831,1232.25,3202,6430,10.54,제약,KOSPI
123890,2043.0,2485.0,2450.0,2660.0,342.0,715.0,1015.0,1240.0,1.0,,3225,2635,3.02,부동산,KOSPI
145720,3465.0,3729.0,4271.75,4894.5,641.0,751.0,875.25,1059.5,1.0,2245.04,3221,37350,15.02,건강관리장비와용품,KOSPI
025860,16044.0,,,,431.0,,,,1.0,2097.05,3219,6480,30.72,화학,KOSPI
016800,3582.0,,,,57.0,,,,1.0,-1053.58,3197,27800,5.24,가구,KOSPI
018250,6545.0,,,,211.0,,,,1.0,-1091.17,3185,12060,10.09,화장품,KOSPI
078520,2420.0,2699.0,3237.0,,180.0,364.0,453.0,,1.0,-38.21,3174,12200,28.98,화장품,KOSPI
003350,1846.0,,,,329.0,,,,,-575.54,3159,13940,14.56,화장품,KOSPI
012030,6435.0,,,,416.0,,,,0.9943,3166.59,3160,1571,17.19,IT서비스,KOSPI
001230,19853.0,,,,395.0,,,,0.7758,1121.2,3149,2025,2.27,철강,KOSPI
108670,31787.0,34312.0,34719.33,36103.0,131.0,1398.0,1256.67,1398.0,1.0,4705.06,3134,34950,7.06,건축자재,KOSPI
000157,197841.0,218424.0,252348.5,284230.0,10627.0,18125.0,25064.08,31031.0,0.5085,54570.67,3072,344000,,복합기업,KOSPI
381970,24388.0,,,,760.0,,,,,2172.61,3139,6430,19.87,자동차,KOSPI
126720,3377.0,,,,431.0,,,,1.0,-1802.89,3057,21400,5.54,에너지장비및서비스,KOSPI
096760,9696.0,,,,1679.0,,,,0.5066,2581.64,3109,4205,13.56,제약,KOSPI
002710,6115.0,,,,-109.0,,,,0.9969,2084.53,3033,11570,,철강,KOSPI
244920,6825.0,,,,293.0,,,,0.8964,-978.63,3020,13360,9.61,손해보험,KOSPI
001390,91016.0,,,,3057.0,,,,0.2855,14328.88,2982,4490,4.93,자동차,KOSPI
272450,13811.0,15306.0,15766.0,16222.0,-192.0,-140.0,799.0,1281.0,,266.44,3028,5800,4.59,항공사,KOSPI
084010,12471.0,14150.0,14920.0,15390.0,-29.0,285.0,335.0,370.0,0.8965,-2726.36,2980,8670,4.38,철강,KOSPI
001750,9090.0,,,,753.0,,,,,,2980,19720,3.5,증권,KOSPI
033270,2888.0,3035.0,3203.0,3384.0,496.0,478.0,496.0,508.0,,-1636.96,2889,18160,9.09,제약,KOSPI
034830,1844.0,2274.0,2381.5,2609.0,-209.0,262.0,415.5,436.0,0.9987,,2979,1180,,부동산,KOSPI
058430,11254.0,11640.0,12095.0,12390.0,245.0,275.0,315.0,330.0,0.9877,-576.43,2847,4745,13.71,비철금속,KOSPI
091810,17982.0,21280.0,22095.0,22845.0,-2655.0,-1855.0,245.0,1330.0,0.982,4891.38,2879,2820,6.16,항공사,KOSPI
002900,9294.0,9972.0,,,641.0,833.0,,,1.0,1164.5,2865,6920,4.12,기계,KOSPI
084690,56288.0,,,,1998.0,,,,0.2547,14733.49,2901,8010,23.46,식품,KOSPI
010955,342470.0,421783.0,396548.93,378377.36,2356.0,43722.0,32570.5,27677.86,1.0,75316.31,2811,69900,8.55,석유와가스,KOSPI
017390,18280.0,,,,174.0,,,,0.9984,-6613.98,2831,57200,15.34,가스유틸리티,KOSPI
003960,34998.0,,,,947.0,,,,0.9584,5647.46,2836,30950,3.14,식품,KOSPI
010820,2948.0,,,,107.0,,,,,-963.77,2760,5660,50.0,우주항공과국방,KOSPI
004430,10392.0,,,,218.0,,,,1.0,613.6,2796,11650,11.27,화학,KOSPI
010690,19625.0,21340.0,22010.0,24130.0,1024.0,807.0,960.0,1030.0,0.9734,5823.72,2773,7940,6.18,자동차부품,KOSPI
286940,11698.0,11976.0,12753.33,13580.0,314.0,449.0,559.33,636.67,1.0,-36.38,2799,18500,10.74,IT서비스,KOSPI
037710,1842.0,,,,525.0,,,,,2168.37,2822,37000,4.96,백화점과일반상점,KOSPI
122900,30544.0,39470.0,42650.0,45530.0,203.0,710.0,860.0,970.0,0.8394,515.43,2748,8220,18.98,상업서비스와공급품,KOSPI
000430,15991.0,,,,470.0,,,,0.792,2263.31,2709,4370,11.01,자동차부품,KOSPI
003120,643.0,,,,-62.0,,,,,-2118.44,2740,20600,,제약,KOSPI
020120,2175.0,,,,124.0,,,,1.0,-332.31,2720,7340,,양방향미디어와서비스,KOSPI
004310,1918.0,,,,42.0,,,,,311.95,2653,8290,20.65,제약,KOSPI
217590,3409.0,,,,64.0,,,,1.0,303.51,2648,10990,,조선,KOSPI
008490,7223.0,,,,502.0,,,,0.9225,3749.63,2580,22300,54.26,제약,KOSPI
004360,12418.0,,,,273.0,,,,1.0,-97.25,2605,13630,4.03,항공화물운송과물류,KOSPI
105840,1504.0,,,,142.0,,,,0.788,-57.61,2622,12980,16.19,기계,KOSPI
007160,7062.0,,,,332.0,,,,0.3026,3738.59,2585,51700,10.92,식품,KOSPI
005430,6632.0,7050.0,,,470.0,635.0,,,1.0,-617.87,2546,80400,4.99,운송인프라,KOSPI
003920,9141.0,,,,52.0,,,,1.0,-71.08,2533,44650,,식품,KOSPI
001790,13563.0,,,,566.0,,,,0.9985,893.29,2510,2910,9.39,식품,KOSPI
005500,3091.0,,,,268.0,,,,,1090.07,2507,18820,15.88,제약,KOSPI
298690,8326.0,9910.0,9560.0,9200.0,-45.0,-70.0,560.0,670.0,,7174.91,2484,1525,3.43,항공사,KOSPI
003200,5172.0,,,,124.0,,,,0.9785,-1438.81,2489,10840,26.49,"섬유,의류,신발,호화품",KOSPI
136490,18957.0,,,,1792.0,,,,0.9437,4209.68,2459,10340,11.31,식품,KOSPI
003070,26844.0,29268.0,32974.0,35060.0,37.0,1313.0,1531.0,1770.0,0.9925,7995.13,2484,9770,801.71,건설,KOSPI
044820,6452.0,,,,270.0,,,,1.0,4226.5,2459,25600,11.27,건강관리업체및서비스,KOSPI
226320,1534.0,,,,192.0,,,,0.5129,-3656.63,2456,11200,79.09,화장품,KOSPI
475560,3612.0,,,,-237.0,,,,1.0,-1373.73,2444,16480,12.35,"호텔,레스토랑,레저",KOSPI
025000,8084.0,,,,274.0,,,,0.9807,-1110.31,2413,55100,3.06,화학,KOSPI
000680,26152.0,,,,223.0,,,,1.0,46691.75,2396,3040,31.33,증권,KOSPI
005680,1497.0,,,,92.0,,,,0.994,-3101.26,2442,12210,12.39,전기제품,KOSPI
900140,3930.0,,,,385.0,,,,0.2145,661.56,2379,1231,,자동차,KOSPI
030210,17145.0,,,,337.0,,,,0.9241,,2385,3915,,증권,KOSPI
053690,4488.0,4906.0,5378.5,5200.0,306.0,302.0,425.0,450.0,1.0,425.89,2378,21700,15.81,건설,KOSPI
092200,7573.0,,,,186.0,,,,0.8595,3034.89,2364,6080,5.27,자동차부품,KOSPI
003650,4055.0,,,,346.0,,,,,-3383.87,2371,136300,2.62,화학,KOSPI
000540,35328.0,,,,1875.0,,,,,,2374,3695,0.68,손해보험,KOSPI
000490,14847.0,,,,312.0,,,,1.0,10268.32,2378,8250,24.77,기계,KOSPI
001460,1632.0,,,,266.0,,,,0.9995,-523.46,2364,37850,15.13,"섬유,의류,신발,호화품",KOSPI
002320,30649.0,31975.0,33205.0,34215.0,1122.0,745.0,1225.0,1350.0,0.9549,19780.82,2353,15160,14.22,항공화물운송과물류,KOSPI
051905,63555.0,64646.0,67810.0,70681.23,1707.0,3796.0,4488.21,4941.08,0.9705,-11373.38,2285,109000,44.06,화장품,KOSPI
001340,2721.0,,,,122.0,,,,1.0,3032.2,2337,5190,52.83,화학,KOSPI
000050,4125.0,,,,460.0,,,,1.0,1341.84,2289,8350,,"섬유,의류,신발,호화품",KOSPI
034120,10085.0,9729.0,10394.33,11015.67,182.0,58.0,335.67,418.0,0.988,-317.23,2289,12340,11.54,방송과엔터테인먼트,KOSPI
134380,2845.0,,,,292.0,,,,,-800.92,2267,10310,7.18,화학,KOSPI
000320,12393.0,,,,645.0,,,,0.5537,-1102.96,2285,17190,6.09,건축자재,KOSPI
033920,1438.0,,,,102.0,,,,1.0,852.26,2252,7900,2.33,음료,KOSPI
009680,2797.0,,,,185.0,,,,1.0,-3838.42,2258,10390,9.93,자동차부품,KOSPI
001250,41093.0,,,,523.0,,,,1.0,5293.87,2228,2700,7.58,무역회사와판매업체,KOSPI
044450,5614.0,,,,1103.0,,,,1.0,12107.05,2249,9960,12.53,해운사,KOSPI
011500,2145.0,,,,36.0,,,,,339.39,2211,14140,19.89,화학,KOSPI
003555,72525.0,82836.0,91153.3,98794.5,9122.0,16183.0,19872.2,21776.25,0.8098,-25430.26,2171,72100,10.92,복합기업,KOSPI
000480,8278.0,,,,278.0,,,,0.2,4208.34,2138,4560,587.2,비철금속,KOSPI
298000,23407.0,,,,-1605.0,,,,1.0,14453.99,2165,57100,,화학,KOSPI
035150,5049.0,5371.0,5664.0,5892.0,536.0,649.0,703.0,746.0,1.0,519.38,2165,10950,5.92,"섬유,의류,신발,호화품",KOSPI
000650,456.0,,,,-59.0,,,,,173.73,2144,150000,,도로와철도운송,KOSPI
017860,9549.0,,,,80.0,,,,1.0,5104.66,2131,12000,36.35,화학,KOSPI
003720,1532.0,2084.0,,,149.0,268.0,,,0.8751,562.19,2128,6260,8.25,화학,KOSPI
005010,6125.0,,,,35.0,,,,1.0,748.47,2107,3750,3.88,철강,KOSPI
003520,2543.0,,,,34.0,,,,,736.56,2100,1148,,제약,KOSPI
100250,2798.0,,,,58.0,,,,0.8241,-1354.15,2026,3170,4.97,자동차부품,KOSPI
004980,12163.0,,,,437.0,,,,0.9988,4230.66,2094,8540,3.22,건축자재,KOSPI
037270,2360.0,,,,323.0,,,,0.949,-206.75,2047,3215,12.9,방송과엔터테인먼트,KOSPI
039570,6457.0,,,,106.0,,,,1.0,-734.18,1991,7670,14.69,건설,KOSPI
010580,1503.0,,,,16.0,,,,,-56.85,1998,1796,294.89,자동차부품,KOSPI
053210,9842.0,9974.0,10450.5,11013.5,230.0,358.0,516.0,586.5,0.9778,276.72,1963,4130,,방송과엔터테인먼트,KOSPI
095570,10701.0,12083.0,12862.0,13865.67,715.0,834.0,939.67,1042.0,1.0,10799.48,1989,4395,13.95,도로와철도운송,KOSPI
028100,4677.0,,,,181.0,,,,1.0,-1366.24,1984,17680,17.77,건설,KOSPI
339770,5174.0,5340.0,5493.0,5670.0,350.0,320.0,423.0,440.0,0.9986,378.73,1921,3845,12.95,식품,KOSPI
001130,13752.0,,,,623.0,,,,0.9982,-780.07,1998,11820,2.66,식품,KOSPI
001630,9590.0,,,,583.0,,,,0.7443,4486.33,1976,39450,6.31,제약,KOSPI
102260,12116.0,,,,1120.0,,,,0.4401,778.02,1913,3775,6.69,화학,KOSPI
016580,2552.0,2833.0,3112.0,3404.0,130.0,246.0,289.0,335.0,1.0,-658.49,1914,10290,9.4,제약,KOSPI
003547,50639.0,,,,3014.0,6237.0,3816.67,3960.0,1.0,,1898,19760,9.28,증권,KOSPI
013580,28874.0,,,,1669.0,,,,1.0,7451.91,1902,21300,2.73,건설,KOSPI
000140,24845.0,,,,1833.0,,,,0.4896,13971.48,1901,8190,230.21,음료,KOSPI
033530,18969.0,20161.0,21442.0,22914.0,854.0,1020.0,1147.0,1292.0,0.9853,911.54,1902,7030,41.06,자동차부품,KOSPI
117580,10179.0,,,,303.0,,,,,119.79,1898,6900,14.95,가스유틸리티,KOSPI
128820,15659.0,,,,108.0,,,,0.7677,6261.38,1864,4120,,석유와가스,KOSPI
007860,49161.0,,,,1996.0,,,,0.5958,5708.62,1885,8030,1.8,자동차부품,KOSPI
035510,6872.0,,,,491.0,,,,,-1054.66,1841,13170,6.84,IT서비스,KOSPI
102460,1459.0,,,,-303.0,,,,1.0,2098.16,1849,9950,85.55,제약,KOSPI
241590,15644.0,,,,357.0,,,,0.9636,5319.7,1815,2995,,"섬유,의류,신발,호화품",KOSPI
016450,34098.0,,,,655.0,,,,0.2,13067.42,1814,4535,3.47,"섬유,의류,신발,호화품",KOSPI
213500,22900.0,23754.0,24891.0,26178.0,499.0,1188.0,1227.0,1329.0,1.0,8419.84,1804,7580,143.99,종이와목재,KOSPI
025560,508.0,,,,91.0,,,,1.0,36.81,1806,6500,,반도체와반도체장비,KOSPI
002100,3392.0,,,,287.0,,,,0.9519,1582.59,1804,9240,10.5,화학,KOSPI
000300,402.0,,,,32.0,,,,0.7235,-66.96,1740,4200,,자동차부품,KOSPI
000390,6171.0,,,,95.0,,,,0.9865,828.18,1795,6600,11.18,건축자재,KOSPI
002420,292.0,,,,-6.0,,,,,164.25,1786,5730,,석유와가스,KOSPI
487570,14098.97,,,,464.34,,,,0.9773,1284.73,1794,48150,25.28,복합기업,KOSPI
014710,2380.0,,,,122.0,,,,1.0,1757.0,1799,10450,,식품,KOSPI
003460,360.0,,,,59.0,,,,,,1755,3095,24.01,증권,KOSPI
234080,2578.0,,,,332.0,,,,1.0,233.61,1804,11390,7.24,제약,KOSPI
002150,6985.0,,,,301.0,,,,1.0,1182.77,1774,5260,12.89,건설,KOSPI
003610,1225.0,,,,11.0,,,,1.0,-351.27,1766,5500,,"섬유,의류,신발,호화품",KOSPI
003220,6054.0,6250.0,6507.0,6878.0,35.0,173.0,276.0,292.0,0.9574,1229.66,1787,7970,14.4,제약,KOSPI
004560,7413.0,,,,259.0,,,,1.0,-210.98,1752,11620,,비철금속,KOSPI
002170,1747.0,,,,184.0,,,,1.0,-2391.68,1737,57900,6.73,"섬유,의류,신발,호화품",KOSPI
005960,17586.0,,,,426.0,,,,1.0,4260.97,1721,7500,,건설,KOSPI
004380,2222.0,,,,-355.0,,,,1.0,1370.25,1697,8200,301.86,기계,KOSPI
015230,3463.0,,,,380.0,,,,1.0,-1129.55,1694,6240,5.14,기계,KOSPI
000700,4185.0,,,,212.0,,,,0.2728,-1913.37,1721,6610,14.77,항공화물운송과물류,KOSPI
013890,9132.0,5810.0,6010.0,6330.0,255.0,-670.0,140.0,150.0,1.0,1501.94,1688,7700,63.9,가구,KOSPI
006805,292830.0,583885.0,482449.33,504779.0,19151.0,47798.0,26153.73,27203.73,0.9726,,1682,12500,18.04,증권,KOSPI
077500,7300.0,,,,367.0,,,,1.0,1616.01,1655,7660,8.08,반도체와반도체장비,KOSPI
016880,11507.0,,,,781.0,,,,1.0,6206.54,1674,2095,,출판,KOSPI
097955,273426.0,293036.0,305031.77,316568.8,12336.0,12092.0,13996.15,15484.0,0.7027,115284.69,1638,123400,13.75,식품,KOSPI
271980,5672.0,,,,207.0,,,,0.7307,448.7,1678,11410,50.24,제약,KOSPI
000860,5986.0,,,,83.0,,,,0.7312,131.05,1638,12600,8.17,건축자재,KOSPI
007570,2724.0,,,,50.0,,,,0.968,868.05,1639,8590,,제약,KOSPI
101530,6414.0,,,,423.0,,,,0.9956,2002.02,1631,5600,7.27,식품,KOSPI
090350,7711.0,,,,302.0,,,,1.0,-445.63,1620,8100,6.79,건축자재,KOSPI
001210,443.0,,,,-12.0,,,,,10.05,1618,13070,,디스플레이장비및부품,KOSPI
001780,5757.0,,,,349.0,,,,0.9774,4808.75,1589,1641,15.26,비철금속,KOSPI
460850,27687.0,,,,-388.0,,,,1.0,8229.57,1591,5320,12.31,철강,KOSPI
011785,69151.0,79501.0,77695.58,78041.83,2718.0,5425.0,4421.17,4739.5,0.9999,-853.11,1557,51500,9.57,화학,KOSPI
462520,5320.0,,,,239.0,,,,0.7164,1344.8,1568,13230,5.36,비철금속,KOSPI
003830,1082.0,,,,-73.0,,,,,-583.32,1543,116200,13.46,화학,KOSPI
001045,450188.0,473892.0,492926.11,519177.14,25277.0,25276.0,28480.0,32197.57,0.4723,168752.98,1571,69500,17.28,복합기업,KOSPI
000970,4066.0,,,,133.0,,,,0.9919,-1128.32,1530,6710,9.29,철강,KOSPI
071840,23001.0,22542.0,23245.0,23960.0,96.0,110.0,255.0,310.0,,4655.0,1518,6430,,전문소매,KOSPI
009470,2301.0,,,,120.0,,,,0.8483,-369.8,1521,23000,20.73,전기제품,KOSPI
272550,4202.0,,,,246.0,,,,1.0,1736.45,1486,9860,9.81,포장재,KOSPI
293480,2395.0,,,,258.0,,,,,577.43,1516,8530,11.1,제약,KOSPI
004970,4547.0,,,,-16.0,,,,0.8748,-1741.4,1494,9340,8.09,식품,KOSPI
002210,872.0,,,,-101.0,,,,,11.35,1430,1480,,제약,KOSPI
025820,5078.0,,,,244.0,,,,,1652.86,1475,4410,196.43,비철금속,KOSPI
000020,4964.0,,,,3.0,,,,1.0,911.84,1461,5230,10.45,제약,KOSPI
107590,4927.0,,,,203.0,,,,0.8598,540.54,1482,63900,13.83,화학,KOSPI
094280,5190.0,,,,190.0,,,,1.0,231.97,1403,12140,10.6,상업서비스와공급품,KOSPI
015890,7771.0,,,,554.0,,,,0.4356,983.53,1412,4830,11.78,비철금속,KOSPI
003010,2417.0,,,,176.0,,,,,148.62,1369,10770,9.75,기계,KOSPI
001080,1530.0,,,,-120.0,,,,,136.43,1424,4055,,철강,KOSPI
006060,17810.0,,,,766.0,,,,1.0,6221.21,1397,2525,,"섬유,의류,신발,호화품",KOSPI
004090,6969.0,8184.0,8505.0,9016.0,118.0,273.0,249.0,267.0,0.9677,1318.54,1423,11210,9.65,화학,KOSPI
008350,2589.0,,,,-33.0,,,,1.0,226.09,1353,1048,,비철금속,KOSPI
000520,2103.0,,,,-222.0,,,,1.0,1699.43,1345,6200,60.8,제약,KOSPI
004150,10983.0,,,,226.0,,,,1.0,2176.23,1395,3400,16.23,복합기업,KOSPI
003480,12017.0,,,,733.0,,,,0.9446,3833.86,1414,4790,12.55,가스유틸리티,KOSPI
081000,1624.0,,,,-68.0,,,,1.0,-3431.55,1366,9620,20.79,비철금속,KOSPI
004960,11492.0,,,,645.0,,,,1.0,5385.47,1365,11800,2.62,건설,KOSPI
214420,2203.0,,,,144.0,,,,0.976,461.95,1335,5550,27.48,화장품,KOSPI
013520,16398.0,,,,831.0,,,,0.7565,4030.04,1326,2650,29.3,자동차부품,KOSPI
012610,3797.0,,,,163.0,,,,1.0,1686.08,1340,3220,,화학,KOSPI
214390,2641.0,,,,35.0,,,,,1441.73,1320,5520,49.49,제약,KOSPI
004080,1026.0,,,,71.0,,,,0.9622,157.24,1310,14090,14.76,건강관리장비와용품,KOSPI
002390,5351.0,,,,33.0,,,,,3508.6,1321,9600,,제약,KOSPI
009270,10923.0,,,,188.0,,,,1.0,2829.1,1305,1137,24.69,"섬유,의류,신발,호화품",KOSPI
267290,17595.0,,,,330.0,,,,1.0,-3111.88,1291,21900,3.75,가스유틸리티,KOSPI
001360,461.0,,,,-181.0,,,,,90.42,1282,1362,,제약,KOSPI
024090,2271.0,,,,96.0,,,,,-686.97,1288,11300,,비철금속,KOSPI
210540,3828.0,,,,304.0,,,,1.0,-668.82,1273,11530,4.95,기계,KOSPI
037560,12657.0,13330.0,13900.0,11860.0,187.0,460.0,550.0,970.0,1.0,3971.55,1276,1648,,방송과엔터테인먼트,KOSPI
014280,8022.0,,,,105.0,,,,0.3276,4530.75,1258,4290,4.43,건축제품,KOSPI
089470,9927.0,,,,497.0,,,,1.0,1143.73,1260,3950,6.82,자동차부품,KOSPI
078000,384.0,,,,33.0,,,,1.0,-485.89,1246,13490,18.14,소프트웨어,KOSPI
009070,9867.0,,,,388.0,,,,0.9078,3097.9,1233,4110,4.36,항공화물운송과물류,KOSPI
007540,4090.0,,,,241.0,,,,0.5181,-596.14,1271,44200,23.41,식품,KOSPI
018470,4867.0,,,,138.0,,,,,1565.04,1232,973,,비철금속,KOSPI
002620,6576.0,,,,387.0,,,,0.4224,972.34,1214,7600,,제약,KOSPI
079430,15462.0,,,,157.0,,,,1.0,769.3,1215,6040,,가구,KOSPI
011690,1651.0,,,,-26.0,,,,1.0,330.57,1237,3370,,전자장비와기기,KOSPI
005800,1852.0,,,,13.0,,,,1.0,-849.41,1213,13480,16.96,"섬유,의류,신발,호화품",KOSPI
002780,5764.0,,,,-230.0,,,,,-641.95,1138,782,3.73,건설,KOSPI
227840,2502.0,,,,214.0,,,,1.0,-86.0,1189,13070,3.35,식품과기본식료품소매,KOSPI
083420,3041.0,,,,101.0,,,,,399.16,1178,4910,48.15,화학,KOSPI
034590,9630.0,,,,191.0,,,,,-1728.98,1170,26750,6.38,가스유틸리티,KOSPI
001520,6306.0,,,,-207.0,,,,0.9903,3461.53,1171,1093,13.16,건축자재,KOSPI
078935,251841.0,286613.0,281332.2,283044.0,29361.0,51701.0,36700.0,36994.0,0.8263,61654.03,1153,64800,2.98,석유와가스,KOSPI
011280,7539.0,,,,-50.0,,,,0.491,2747.1,1168,1650,33.84,포장재,KOSPI
017550,2294.0,,,,190.0,,,,1.0,169.87,1146,1836,7.08,기계,KOSPI
013570,12448.0,,,,481.0,,,,0.4683,710.55,1140,4330,8.52,자동차부품,KOSPI
011810,6413.0,,,,-619.0,,,,,2639.98,1095,3530,,무역회사와판매업체,KOSPI
016710,12226.0,,,,281.0,,,,0.7686,-879.48,1133,7040,1.05,가스유틸리티,KOSPI
092220,2296.0,,,,-218.0,,,,,-124.28,1136,2830,,반도체와반도체장비,KOSPI
008970,2348.0,,,,-16.0,,,,,301.84,1119,1078,,철강,KOSPI
014530,10217.0,,,,154.0,,,,0.8717,2540.59,1126,3230,10.25,석유와가스,KOSPI
014580,3859.0,,,,408.0,,,,0.7278,351.0,1076,3900,7.63,비철금속,KOSPI
012320,2762.0,,,,188.0,,,,0.987,-722.97,1130,47800,8.04,비철금속,KOSPI
002460,6595.0,,,,432.0,,,,0.893,706.43,1106,10900,5.23,건설,KOSPI
010100,16993.0,,,,253.0,,,,1.0,960.96,1111,3650,5.98,자동차부품,KOSPI
016740,7961.0,,,,486.0,,,,0.921,-2.59,1062,3705,5.6,자동차부품,KOSPI
004250,4503.0,,,,236.0,,,,1.0,895.37,1113,3030,8.75,포장재,KOSPI
035000,4839.0,,,,275.0,,,,1.0,-489.88,1057,6520,6.37,광고,KOSPI
023450,1943.0,,,,94.0,,,,,213.42,1106,31600,20.14,화학,KOSPI
001290,1817.0,,,,-91.0,,,,1.0,,1094,1010,170.76,증권,KOSPI
248170,4089.0,,,,245.0,,,,1.0,-199.15,1074,23500,12.05,식품,KOSPI
120030,518.0,,,,78.0,,,,,-1312.16,1055,83900,9.52,철강,KOSPI
123690,850.0,,,,5.0,,,,0.9834,-134.63,1051,6540,29.07,화장품,KOSPI
012800,14702.0,,,,515.0,,,,0.6467,4458.77,1085,1190,,비철금속,KOSPI
267850,1941.0,,,,121.0,,,,,-1038.79,1037,9340,19.7,IT서비스,KOSPI
002450,2244.0,,,,23.0,,,,1.0,1515.1,1052,1162,28.84,레저용장비와제품,KOSPI
006660,1177.0,,,,32.0,,,,0.9847,-2120.02,1034,12730,5.12,자동차부품,KOSPI
027970,7537.0,,,,31.0,,,,1.0,1601.4,1042,2740,,종이와목재,KOSPI
119650,1929.0,,,,-89.0,,,,,432.95,1008,918,,상업서비스와공급품,KOSPI
008260,2479.0,,,,301.0,,,,,1891.99,1024,3580,3.42,건축자재,KOSPI
009580,7316.0,,,,-245.0,,,,,8220.83,1023,1641,,종이와목재,KOSPI
264900,4448.0,,,,153.0,,,,,-252.47,1021,8150,4.75,식품,KOSPI
013700,2975.0,,,,238.0,,,,1.0,531.85,1012,1693,28.92,건설,KOSPI
067830,1181.0,,,,46.0,,,,,-1329.55,1003,2445,7.22,백화점과일반상점,KOSPI
070960,2501.0,,,,233.0,,,,1.0,2951.66,1011,2100,14.68,"호텔,레스토랑,레저",KOSPI
014790,17419.0,18270.0,,,798.0,990.0,,,,6464.37,973,2570,3.14,건설,KOSPI
021820,1794.0,,,,170.0,,,,0.953,-2968.31,1010,10100,,자동차부품,KOSPI
004100,6202.0,,,,224.0,,,,1.0,2328.18,954,2600,2087.84,자동차부품,KOSPI
006840,32357.0,,,,-1479.0,,,,0.2641,27371.0,994,7500,6.58,화학,KOSPI
032560,3165.0,,,,180.0,,,,0.8488,-864.96,964,5670,5.04,비철금속,KOSPI
008040,6743.0,,,,425.0,,,,,669.1,923,654,12.55,식품,KOSPI
012200,3898.0,,,,-271.0,,,,,1119.45,985,3620,,자동차부품,KOSPI
014440,1201.0,,,,193.0,,,,1.0,-472.72,940,4700,12.62,화학,KOSPI
007210,6107.0,,,,233.0,,,,0.8334,457.09,947,1449,5.41,건축자재,KOSPI
019180,9891.0,,,,701.0,,,,1.0,66.15,945,5250,2.21,자동차부품,KOSPI
008700,2153.0,,,,48.0,,,,1.0,-313.72,946,1226,23.82,전자제품,KOSPI
036580,15541.0,,,,802.0,,,,0.9792,5564.36,927,2525,,식품,KOSPI
001275,9655.0,,,,568.0,,,,0.9998,,909,30300,5.06,증권,KOSPI
058850,10427.0,,,,298.0,,,,0.9267,-729.03,915,2210,10.49,상업서비스와공급품,KOSPI
025620,73.0,,,,-75.0,,,,1.0,255.53,914,5020,,화장품,KOSPI
002200,2896.0,,,,-66.0,,,,1.0,-584.65,908,2710,6.23,포장재,KOSPI
363280,792.0,,,,-346.0,,,,,1337.39,895,1968,,"호텔,레스토랑,레저",KOSPI
004890,3479.0,,,,-28.0,,,,1.0,-1386.31,892,36800,,철강,KOSPI
139990,10856.0,,,,-256.0,,,,,5728.11,884,2280,,철강,KOSPI
058860,5888.0,,,,247.0,,,,,31.78,898,2580,7.54,상업서비스와공급품,KOSPI
001020,2667.0,,,,-53.0,,,,1.0,1090.62,879,2470,5.19,종이와목재,KOSPI
023000,3593.0,,,,99.0,,,,,-608.36,878,2210,7.38,자동차부품,KOSPI
004770,124.0,,,,22.0,,,,,-572.03,843,2375,21.4,전자장비와기기,KOSPI
006090,4174.0,,,,135.0,,,,,1144.48,873,9260,3.99,식품,KOSPI
005740,10699.0,,,,573.0,,,,0.5442,2039.07,843,5680,4.3,식품,KOSPI
004140,9156.0,,,,320.0,,,,0.9895,3268.65,874,1822,6.67,항공화물운송과물류,KOSPI
023800,7179.0,,,,396.0,,,,0.9069,2732.72,863,5460,9.15,자동차부품,KOSPI
096775,802961.0,1041172.0,953858.83,954075.42,4487.0,87325.0,45473.17,43849.75,0.8956,261185.73,844,67600,53.47,석유와가스,KOSPI
019680,6500.0,,,,-34.0,,,,0.2,1202.38,805,1000,,교육서비스,KOSPI
111380,2441.0,,,,226.0,,,,1.0,848.8,833,13600,5.37,"섬유,의류,신발,호화품",KOSPI
002600,4882.0,,,,186.0,,,,1.0,2099.41,827,137900,291.86,식품,KOSPI
000105,21866.0,23466.0,25638.33,28680.2,1044.0,1300.0,2044.33,3025.67,1.0,-959.87,812,70700,41.11,제약,KOSPI
004840,8027.0,,,,249.0,,,,0.497,1850.59,824,4275,7.58,화학,KOSPI
007980,10290.0,,,,620.0,,,,1.0,3188.61,816,1739,17.65,"섬유,의류,신발,호화품",KOSPI
109070,854.0,,,,32.0,,,,1.0,-119.65,819,1550,,해운사,KOSPI
069730,2266.0,,,,280.0,,,,1.0,75.93,809,5620,4.65,철강,KOSPI
013360,4527.0,,,,104.0,,,,0.9992,1384.7,807,1494,19.09,건설,KOSPI
055490,1411.0,,,,25.0,,,,1.0,113.01,807,16850,16.89,전자장비와기기,KOSPI
003580,1003.0,,,,-99.0,,,,,159.99,799,1577,,판매업체,KOSPI
002220,1964.0,,,,32.0,,,,0.2,757.3,806,3020,86145.26,철강,KOSPI
009180,6746.0,7565.0,8280.0,8830.0,207.0,257.0,280.0,300.0,1.0,149.94,795,2825,3.65,항공화물운송과물류,KOSPI
084680,887.0,,,,-32.0,,,,,1366.15,791,558,,"섬유,의류,신발,호화품",KOSPI
163560,3646.0,,,,186.0,,,,1.0,145.16,794,5710,9.0,화학,KOSPI
005750,3006.0,,,,186.0,,,,0.9904,480.02,788,4750,,건축제품,KOSPI
000850,2218.0,,,,42.0,,,,1.0,-322.18,785,35700,6.59,기계,KOSPI
063160,1601.0,,,,36.0,,,,,1473.5,774,14100,,제약,KOSPI
015590,1334.0,,,,100.0,,,,1.0,-197.97,785,1470,23.73,기계,KOSPI
000590,1349.0,,,,202.0,,,,0.823,-2373.77,769,66600,4.31,철강,KOSPI
011700,527.0,,,,-15.0,,,,1.0,19.52,777,2395,42.35,기계,KOSPI
007590,1790.0,,,,127.0,,,,0.9983,300.9,763,5600,7.14,화학,KOSPI
001260,3574.0,,,,114.0,,,,1.0,23.47,750,7630,12.58,건설,KOSPI
013870,7873.0,,,,242.0,,,,1.0,1941.98,761,3990,7.88,자동차부품,KOSPI
011150,1921.0,,,,-9.0,,,,1.0,411.51,737,2050,23.95,식품,KOSPI
000230,5909.0,,,,149.0,,,,0.5065,1161.08,750,6500,,제약,KOSPI
014160,2837.0,,,,9.0,,,,,352.59,745,687,15.54,포장재,KOSPI
010960,4097.0,,,,145.0,,,,1.0,-833.59,745,3090,5.62,건설,KOSPI
002720,1755.0,,,,62.0,,,,0.9988,156.65,727,3435,,제약,KOSPI
000180,1272.0,,,,-69.0,,,,,315.79,727,5210,,종이와목재,KOSPI
004720,1731.0,,,,60.0,,,,,-193.54,736,3250,16.61,제약,KOSPI
095720,7974.0,,,,-105.0,,,,,2156.75,727,1279,,교육서비스,KOSPI
084670,1252.0,,,,51.0,,,,1.0,708.01,718,24800,,도로와철도운송,KOSPI
007610,382.0,,,,12.0,,,,1.0,76.93,724,4020,,전기장비,KOSPI
058730,2732.0,,,,21.0,,,,0.986,758.83,722,3565,5.81,건축자재,KOSPI
002795,46232.0,,,,3680.0,,,,0.4246,-16403.41,717,11230,23.54,화장품,KOSPI
031820,10952.0,,,,236.0,,,,0.5705,259.39,717,5920,23.39,IT서비스,KOSPI
085310,1301.0,,,,-6.0,,,,1.0,-570.05,702,9460,1.35,조선,KOSPI
120115,48734.0,53155.0,55417.5,57748.5,1089.0,2780.0,2985.83,3361.83,0.951,22920.57,702,25350,31.52,화학,KOSPI
155660,3024.0,,,,193.0,,,,1.0,614.63,710,4435,3.95,비철금속,KOSPI
079980,8895.0,,,,198.0,,,,1.0,3229.71,692,2005,,"섬유,의류,신발,호화품",KOSPI
001560,789.0,,,,42.0,,,,0.9992,-342.61,697,9170,7.97,비철금속,KOSPI
009770,1486.0,,,,-14.0,,,,,-1453.09,694,27750,4.76,가정용품,KOSPI
018500,6262.0,6595.0,,,420.0,350.0,,,1.0,2031.28,681,1457,4.48,자동차부품,KOSPI
002700,1940.0,,,,52.0,,,,,-204.25,686,1001,126.45,가정용기기와용품,KOSPI
004440,2231.0,,,,50.0,,,,,527.25,682,5360,26.94,건축자재,KOSPI
007280,7671.0,,,,117.0,,,,,2136.58,676,2360,3.87,철강,KOSPI
210980,4458.0,,,,378.0,,,,1.0,8675.39,680,3650,3.92,부동산,KOSPI
017370,3886.0,,,,209.0,,,,1.0,898.84,672,3670,21.79,자동차부품,KOSPI
010040,4063.0,,,,28.0,,,,1.0,238.88,656,1598,,비철금속,KOSPI
016090,2405.0,,,,71.0,,,,,-530.45,651,1470,3.82,"섬유,의류,신발,호화품",KOSPI
214330,3854.0,,,,62.0,,,,,-356.4,655,6260,,자동차부품,KOSPI
005870,1372.0,,,,-120.0,,,,,-24.32,643,4555,4.86,우주항공과국방,KOSPI
100220,2688.0,,,,216.0,,,,1.0,725.22,645,4965,,교육서비스,KOSPI
068290,403.0,,,,-8.0,,,,,-160.87,646,6460,22.79,출판,KOSPI
009200,12649.0,,,,60.0,,,,0.8243,11898.49,642,1542,27.44,종이와목재,KOSPI
010660,2145.0,,,,2.0,,,,,-177.07,636,2890,110.85,기계,KOSPI
000220,1409.0,,,,110.0,,,,0.8944,1.91,620,3940,,제약,KOSPI
071090,2566.0,,,,-33.0,,,,1.0,533.61,620,3070,50.75,철강,KOSPI
002760,501.0,,,,22.0,,,,,-64.13,615,1026,91.41,식품,KOSPI
072130,616.0,,,,34.0,,,,0.9993,-86.14,607,4785,33.13,IT서비스,KOSPI
006890,613.0,,,,21.0,,,,1.0,159.27,608,5240,9.2,화학,KOSPI
009190,2235.0,,,,56.0,,,,1.0,115.99,603,1370,,철강,KOSPI
014990,1046.0,,,,12.0,,,,,423.85,602,4010,,"섬유,의류,신발,호화품",KOSPI
001465,1632.0,,,,266.0,,,,0.9995,-523.46,585,27150,15.13,"섬유,의류,신발,호화품",KOSPI
111110,5209.0,,,,250.0,,,,1.0,1981.24,585,6450,4.48,"섬유,의류,신발,호화품",KOSPI
092440,1313.0,1193.0,,,10.0,-37.0,,,1.0,-453.0,584,2000,51.24,기계,KOSPI
378850,7146.0,,,,271.0,,,,1.0,1413.43,577,3040,3.25,자동차부품,KOSPI
000950,408.0,,,,-73.0,,,,1.0,-908.29,575,34250,,"섬유,의류,신발,호화품",KOSPI
129260,7090.0,,,,198.0,,,,0.9374,756.35,573,1927,5.26,해운사,KOSPI
001550,997.0,,,,38.0,,,,,529.92,577,11110,,화학,KOSPI
020760,578.0,,,,-49.0,,,,1.0,141.25,555,902,,디스플레이패널,KOSPI
003925,9141.0,,,,52.0,,,,1.0,-71.08,564,29850,,식품,KOSPI
000725,310629.0,269155.0,285921.37,307392.47,6530.0,8707.0,11267.42,13735.47,0.7654,6231.61,561,53200,7.32,건설,KOSPI
075180,1387.0,,,,-7.0,,,,1.0,-1237.56,567,2955,23.64,자동차부품,KOSPI
101140,63.0,,,,-43.0,,,,,17.1,559,5570,12.95,전자장비와기기,KOSPI
004450,1629.0,,,,68.0,,,,1.0,516.57,576,26750,,포장재,KOSPI
012690,1240.0,,,,3.0,,,,,-148.75,562,1537,10.5,가정용품,KOSPI
007815,15097.0,17789.0,,,538.0,1350.0,,,,1868.81,566,19100,,전자장비와기기,KOSPI
003475,34613.0,,,,994.0,,,,1.0,,556,4340,8.41,증권,KOSPI
024900,17381.0,,,,32.0,,,,1.0,-296.09,558,1714,15.52,자동차부품,KOSPI
002410,718.0,,,,-513.0,,,,,871.4,532,1935,,건설,KOSPI
021050,17136.0,,,,533.0,,,,1.0,5839.26,538,1134,,비철금속,KOSPI
007460,1180.0,,,,-956.0,,,,,1382.82,536,2160,,제약,KOSPI
025530,2058.0,,,,106.0,,,,0.5779,-1334.69,541,3620,5.79,자동차부품,KOSPI
090080,6261.0,,,,133.0,,,,1.0,442.24,540,984,20.06,자동차부품,KOSPI
002140,2973.0,,,,137.0,,,,0.9984,939.25,535,2145,23.13,식품,KOSPI
004830,1465.0,,,,62.0,,,,1.0,87.73,533,3400,23.82,"섬유,의류,신발,호화품",KOSPI
003465,360.0,,,,59.0,,,,,,532,3045,24.01,증권,KOSPI
005305,39711.0,41025.0,42565.75,44115.67,1672.0,2019.0,2277.17,2477.78,0.9458,14544.81,524,67600,8.89,음료,KOSPI
011390,1075.0,,,,-28.0,,,,0.6458,1026.3,535,50700,19.02,건축자재,KOSPI
123700,2014.0,,,,113.0,,,,1.0,-987.22,529,3390,3.22,자동차부품,KOSPI
006880,1878.0,,,,103.0,,,,1.0,1023.0,526,4450,8.17,식품과기본식료품소매,KOSPI
010770,8837.0,,,,349.0,,,,0.769,1264.29,530,3625,5.76,자동차부품,KOSPI
003780,907.0,,,,84.0,,,,1.0,259.79,509,3915,10.53,화학,KOSPI
023810,5864.0,,,,198.0,,,,0.6611,3554.51,515,5150,8.18,자동차부품,KOSPI
372910,921.0,1322.0,1407.0,1454.0,-7.0,54.0,68.0,74.0,0.9771,-398.17,514,1857,152.18,건강관리장비와용품,KOSPI
011000,230.0,,,,-440.0,,,,,343.75,485,2670,,생물공학,KOSPI
006125,101640.0,,,,3614.0,,,,0.8943,41141.98,506,41100,4.19,석유와가스,KOSPI
011230,296.0,,,,-78.0,,,,,326.27,495,2585,,전자장비와기기,KOSPI
027740,3689.0,,,,20.0,,,,,456.98,497,1566,,식품,KOSPI
004410,686.0,,,,-5.0,,,,,208.29,497,1259,,식품,KOSPI
002630,294.0,298.0,,,-31.0,-41.0,,,,-368.88,498,840,5.51,생물공학,KOSPI
006980,6130.0,,,,194.0,,,,1.0,881.9,488,15790,5.54,식품,KOSPI
001620,8080.0,,,,186.0,,,,0.9997,2200.83,481,2160,8.42,자동차부품,KOSPI
041650,5423.0,,,,-14.0,,,,0.9354,1918.08,483,2250,5.57,자동차부품,KOSPI
069460,2156.0,,,,35.0,,,,1.0,431.07,463,2660,21.84,비철금속,KOSPI
004920,414.0,,,,20.0,,,,1.0,96.54,483,925,,컴퓨터와주변기기,KOSPI
009320,1518.0,,,,63.0,,,,1.0,449.14,478,969,282.51,자동차부품,KOSPI
000910,2024.0,,,,55.0,,,,0.9136,1402.65,468,3000,11.82,건축자재,KOSPI
005030,1954.0,,,,6.0,,,,,1111.15,451,486,,자동차부품,KOSPI
074610,295.0,,,,-28.0,,,,1.0,146.57,448,5110,,기계,KOSPI
480370,2910.0,,,,-366.0,,,,1.0,-147.82,466,1435,,기계,KOSPI
007110,545.0,,,,7.0,,,,,50.98,466,602,50.69,건축자재,KOSPI
002920,3046.0,,,,-300.0,,,,0.7096,-1106.75,466,1795,7.63,자동차부품,KOSPI
084870,1824.0,,,,32.0,,,,0.5706,116.44,466,2280,5.49,"섬유,의류,신발,호화품",KOSPI
004910,2027.0,,,,-195.0,,,,1.0,1444.53,462,3610,16.89,건축자재,KOSPI
004060,1323.0,,,,-15.0,,,,1.0,-128.36,454,2245,,"섬유,의류,신발,호화품",KOSPI
014910,537.0,,,,17.0,,,,0.9921,211.19,455,2080,,전기제품,KOSPI
003080,643.0,,,,-81.0,,,,1.0,149.33,447,2235,45.92,화학,KOSPI
009835,133331.0,180821.0,191326.79,200050.79,-3648.0,8192.0,12229.57,14121.36,0.9855,128985.87,448,17600,,에너지장비및서비스,KOSPI
004540,5082.0,,,,-226.0,,,,,3351.1,461,1239,,종이와목재,KOSPI
008420,1379.0,,,,-10.0,,,,,39.76,447,2180,3.45,철강,KOSPI
011330,1062.0,,,,-6.0,,,,,744.0,444,4430,,자동차부품,KOSPI
023350,4129.0,,,,60.0,,,,1.0,-310.47,442,4040,4.77,건설,KOSPI
026940,1799.0,,,,3.0,,,,,-219.32,431,2155,23.45,철강,KOSPI
017180,1952.0,,,,68.0,,,,1.0,628.42,437,1286,,제약,KOSPI
019490,53.0,,,,-60.0,,,,,14.61,413,541,,통신장비,KOSPI
017040,959.0,,,,-100.0,,,,,212.08,404,932,9.8,전기장비,KOSPI
092780,4593.0,,,,167.0,,,,0.9657,1672.87,427,3240,8.38,자동차부품,KOSPI
006370,531.0,,,,-150.0,,,,,2575.17,426,3940,,백화점과일반상점,KOSPI
134790,1957.0,,,,-67.0,,,,1.0,-50.02,407,20350,23.65,가구,KOSPI
446070,1575.0,,,,-92.0,,,,,-636.38,419,3945,87.43,건축자재,KOSPI
011420,403.0,,,,40.0,,,,,-23.19,416,1510,27.15,레저용장비와제품,KOSPI
012280,3514.0,,,,152.0,,,,,737.46,406,4100,6.28,자동차부품,KOSPI
000215,53267.0,55386.0,55391.5,56050.0,2985.0,6496.0,6105.0,6170.0,0.9294,45447.6,397,23550,,화학,KOSPI
047400,1019.0,,,,54.0,,,,1.0,953.01,399,951,,자동차부품,KOSPI
011300,247.0,,,,-23.0,,,,,390.89,403,2335,,"섬유,의류,신발,호화품",KOSPI
012160,4335.0,,,,-132.0,,,,,1174.84,391,2505,,철강,KOSPI
008870,2524.0,,,,34.0,,,,0.5636,908.25,396,39650,,포장재,KOSPI
023960,1723.0,,,,-50.0,,,,1.0,321.06,394,1035,,건설,KOSPI
000760,463.0,,,,-2.0,,,,,-10.62,389,13890,,화학,KOSPI
005820,897.0,,,,44.0,,,,0.7194,-412.05,357,15540,5.83,포장재,KOSPI
000890,899.0,,,,38.0,,,,,177.46,365,1321,,음료,KOSPI
049800,2116.0,,,,29.0,,,,1.0,1248.52,357,1785,10.03,기계,KOSPI
010400,1645.0,,,,50.0,,,,1.0,0.87,354,4645,20.16,건설,KOSPI
009140,361.0,,,,10.0,,,,1.0,-544.71,356,22650,5.78,전자제품,KOSPI
002880,6334.0,,,,302.0,,,,1.0,1078.11,352,753,,자동차부품,KOSPI
133820,1862.0,,,,-17.0,,,,,878.52,355,957,,철강,KOSPI
143210,7848.0,,,,-387.0,,,,,4153.8,336,1199,,자동차부품,KOSPI
013000,327.0,,,,24.0,,,,,-438.69,347,1209,15.15,화학,KOSPI
005320,2315.0,,,,-19.0,,,,,143.41,356,1040,,"섬유,의류,신발,호화품",KOSPI
002870,242.0,,,,-23.0,,,,1.0,-477.88,349,998,,포장재,KOSPI
004365,12418.0,,,,273.0,,,,1.0,-97.25,345,9360,4.03,항공화물운송과물류,KOSPI
008250,2973.0,,,,-38.0,,,,,1201.29,340,3105,,건축자재,KOSPI
010640,466.0,,,,18.0,,,,,491.53,352,2105,17.88,화학,KOSPI
009460,2670.0,,,,-52.0,,,,,1354.52,332,2780,,포장재,KOSPI
090370,813.0,,,,-72.0,,,,,896.89,333,1220,,상업서비스와공급품,KOSPI
003535,30946.0,,,,1477.0,,,,1.0,,330,6870,82.09,증권,KOSPI
007120,141.0,,,,38.0,,,,,-98.97,329,1204,,IT서비스,KOSPI
001070,1583.0,,,,7.0,,,,1.0,270.51,322,6080,,"섬유,의류,신발,호화품",KOSPI
069640,2489.0,,,,-121.0,,,,,1675.14,315,1450,,"섬유,의류,신발,호화품",KOSPI
308170,4615.0,,,,58.0,,,,,1873.26,313,3640,,자동차부품,KOSPI
019175,2347.0,,,,143.0,,,,1.0,-190.16,313,15700,,제약,KOSPI
025750,2798.0,,,,23.0,,,,,701.81,309,1915,,건축자재,KOSPI
036420,10833.0,,,,88.0,,,,,12504.69,308,1597,,방송과엔터테인먼트,KOSPI
003680,3184.0,,,,58.0,,,,,993.82,306,4920,22.35,식품,KOSPI
051630,186.0,,,,-7.0,,,,,-26.96,300,1415,,화학,KOSPI
009810,2509.0,,,,-44.0,,,,,-188.61,304,1929,,판매업체,KOSPI
023150,947.0,,,,95.0,,,,0.8955,525.97,307,4155,10.79,음료,KOSPI
033250,938.0,,,,75.0,,,,1.0,111.65,299,4670,18.81,자동차부품,KOSPI
024070,1033.0,,,,-7.0,,,,1.0,-261.74,301,1966,,화학,KOSPI
118000,328.0,,,,13.0,,,,1.0,628.98,296,1344,,제약,KOSPI
002690,1473.0,,,,-35.0,,,,,-603.2,299,1473,,철강,KOSPI
001380,935.0,,,,50.0,,,,1.0,-15.58,296,1315,3.45,자동차부품,KOSPI
006490,1056.0,,,,41.0,,,,1.0,64.31,266,898,,무선통신서비스,KOSPI
088790,476.0,,,,40.0,,,,,-66.95,292,2345,5.78,"섬유,의류,신발,호화품",KOSPI
005110,80.0,,,,-78.0,,,,0.9805,219.04,265,1254,,부동산,KOSPI
006570,1262.0,,,,-96.0,,,,,812.64,287,1888,,건축제품,KOSPI
014130,6298.0,,,,-36.0,,,,0.9762,2230.68,291,2465,,항공화물운송과물류,KOSPI
025890,399.0,,,,-2.0,,,,,59.3,282,2530,13.76,철강,KOSPI
003060,732.0,,,,-604.0,,,,,1881.39,278,1738,,제약,KOSPI
004870,50.0,,,,-36.0,,,,,89.15,259,1146,10.81,건축자재,KOSPI
000040,138.0,,,,-29.0,,,,,577.08,252,1459,,자동차,KOSPI
071950,622.0,,,,-57.0,,,,,213.32,261,1804,,가구,KOSPI
005360,1310.0,,,,-59.0,,,,,683.29,258,1365,,문구류,KOSPI
006345,6245.0,,,,94.0,,,,0.6795,162.83,257,9790,8.98,전기장비,KOSPI
030720,1726.0,,,,88.0,,,,1.0,390.11,256,5510,,식품,KOSPI
009310,598.0,,,,-75.0,,,,,-1965.41,233,5330,,디스플레이장비및부품,KOSPI
002355,31896.0,34737.0,36173.81,37878.93,1703.0,1772.0,2132.25,2400.21,0.997,12956.47,255,3920,8.15,자동차부품,KOSPI
006740,933.0,,,,-158.0,,,,,1001.39,250,5270,,종이와목재,KOSPI
003495,252255.0,282575.0,280124.27,287559.09,11136.0,11594.0,22211.36,25969.91,1.0,192096.56,242,21800,8.32,항공사,KOSPI
093240,1667.0,1778.04,,,66.0,84.15,,,1.0,526.73,239,390,22.77,"섬유,의류,신발,호화품",KOSPI
002070,2224.0,,,,-50.0,,,,,852.93,231,4815,,"섬유,의류,신발,호화품",KOSPI
008775,40683.0,40123.0,41498.31,43757.33,135.0,1976.0,2457.92,2836.08,1.0,9742.49,220,29200,30.43,백화점과일반상점,KOSPI
004270,775.0,,,,2.0,,,,1.0,685.54,226,4950,,전자장비와기기,KOSPI
015020,164.0,,,,-4.0,,,,,315.28,199,928,,부동산,KOSPI
465770,1914.0,,,,-125.0,,,,1.0,866.05,218,3020,20.56,해운사,KOSPI
012170,59.0,,,,-43.0,,,,,-111.51,222,3045,,방송과엔터테인먼트,KOSPI
002820,2724.0,,,,-179.0,,,,,1460.62,209,1733,,종이와목재,KOSPI
008600,1883.0,,,,-210.0,,,,,1445.61,176,2620,,"섬유,의류,신발,호화품",KOSPI
001685,44013.0,44700.0,46512.5,47220.0,1693.0,1830.0,2044.0,2060.0,0.9841,10797.32,201,14680,11.14,식품,KOSPI
009440,860.0,,,,-16.0,,,,1.0,46.45,176,756,,상업서비스와공급품,KOSPI
108675,31787.0,34312.0,34719.33,36103.0,131.0,1398.0,1256.67,1398.0,1.0,4705.06,196,18940,7.06,건축자재,KOSPI
001420,149.0,,,,-10.0,,,,,-346.27,192,2530,,자동차부품,KOSPI
002360,986.0,,,,-122.0,,,,,20.91,182,1642,,화학,KOSPI
006200,2759.0,,,,-141.0,,,,,-300.65,182,1947,,반도체와반도체장비,KOSPI
011090,2152.0,,,,5.0,,,,0.9903,282.75,178,1500,,가구,KOSPI
001770,1004.0,,,,27.0,,,,,32.25,170,13960,232.95,철강,KOSPI
005725,35865.0,,,,2042.0,,,,0.5127,12586.84,155,4340,5.72,자동차부품,KOSPI
002025,58861.0,,,,605.0,,,,1.0,23440.16,156,13440,27.83,복합기업,KOSPI
001470,1110.0,,,,-266.0,,,,,-517.29,136,347,,건설,KOSPI
005257,24515.0,,,,362.0,,,,,15833.53,148,17530,,제약,KOSPI
000087,24986.0,24573.0,25063.43,25629.17,1723.0,1911.0,2027.0,2160.83,1.0,7752.29,140,12380,44.98,음료,KOSPI
001795,13563.0,,,,566.0,,,,0.9985,893.29,143,2205,9.39,식품,KOSPI
024890,1264.0,,,,9.0,,,,0.996,728.69,144,1741,,"섬유,의류,신발,호화품",KOSPI
015260,1175.0,,,,-73.0,,,,,495.43,145,308,,전자장비와기기,KOSPI
044380,626.0,,,,-17.0,,,,,-102.53,151,1084,,컴퓨터와주변기기,KOSPI
019685,6500.0,,,,-34.0,,,,0.2,1202.38,116,598,,교육서비스,KOSPI
145995,25625.0,,,,1117.0,,,,0.8903,6948.15,122,33000,4.46,식품,KOSPI
145210,802.0,,,,-6.0,,,,,395.49,95,2240,,자동차부품,KOSPI
004105,6202.0,,,,224.0,,,,1.0,2328.18,106,3215,2087.84,자동차부품,KOSPI
001067,7753.0,,,,945.0,,,,1.0,-303.34,102,48800,23.92,제약,KOSPI
084695,56288.0,,,,1998.0,,,,0.2547,14733.49,108,11820,23.46,식품,KOSPI
004255,4503.0,,,,236.0,,,,1.0,895.37,99,1874,8.75,포장재,KOSPI
003075,26844.0,29268.0,32974.0,35060.0,37.0,1313.0,1531.0,1770.0,0.9925,7995.13,95,12840,801.71,건설,KOSPI
001755,9090.0,,,,753.0,,,,,,93,19760,3.5,증권,KOSPI
001515,14047.0,,,,78.0,,,,1.0,,85,4335,119.72,증권,KOSPI
000225,1409.0,,,,110.0,,,,0.8944,1.91,85,3760,,제약,KOSPI
001065,7753.0,,,,945.0,,,,1.0,-303.34,77,22550,23.92,제약,KOSPI
000325,12393.0,,,,645.0,,,,0.5537,-1102.96,68,27800,6.09,건축자재,KOSPI
002995,20185.0,21520.0,23570.0,24780.0,471.0,750.0,1040.0,1300.0,0.9932,14.34,62,21050,174.44,건설,KOSPI
004985,12163.0,,,,437.0,,,,0.9988,4230.66,62,8440,3.22,건축자재,KOSPI
012205,3898.0,,,,-271.0,,,,,1119.45,64,5510,,자동차부품,KOSPI
090355,7711.0,,,,302.0,,,,1.0,-445.63,55,11870,6.79,건축자재,KOSPI
004835,1465.0,,,,62.0,,,,1.0,87.73,59,4225,23.82,"섬유,의류,신발,호화품",KOSPI
002787,5764.0,,,,-230.0,,,,,-641.95,9,2895,3.73,건설,KOSPI
002785,5764.0,,,,-230.0,,,,,-641.95,11,1336,3.73,건설,KOSPI
007575,2724.0,,,,50.0,,,,0.968,868.05,37,8290,,제약,KOSPI
014825,13729.0,,,,662.0,,,,0.999,2862.38,37,13910,15.72,포장재,KOSPI
009415,21745.0,,,,528.0,,,,0.666,9516.19,42,6480,,건설,KOSPI
005965,17586.0,,,,426.0,,,,1.0,4260.97,39,17320,,건설,KOSPI
000145,24845.0,,,,1833.0,,,,0.4896,13971.48,43,9180,230.21,음료,KOSPI
005745,10699.0,,,,573.0,,,,0.5442,2039.07,32,5350,4.3,식품,KOSPI
000545,35328.0,,,,1875.0,,,,,,44,5750,0.68,손해보험,KOSPI
008355,2589.0,,,,-33.0,,,,,226.09,24,7700,,비철금속,KOSPI
004415,686.0,,,,-5.0,,,,,208.29,12,5350,,식품,KOSPI
014915,537.0,,,,17.0,,,,0.9921,211.19,32,5380,,전기제품,KOSPI
000227,1409.0,,,,110.0,,,,0.8944,1.91,25,7620,,제약,KOSPI
014285,8022.0,,,,105.0,,,,0.3276,4530.75,34,5710,4.43,건축제품,KOSPI
001525,6306.0,,,,-207.0,,,,0.9903,3461.53,24,8950,13.16,건축자재,KOSPI
001527,6306.0,,,,-207.0,,,,0.9903,3461.53,13,6490,13.16,건축자재,KOSPI
011155,1921.0,,,,-9.0,,,,1.0,411.51,13,6740,23.95,식품,KOSPI
004545,5082.0,,,,-226.0,,,,,3351.1,17,4545,,종이와목재,KOSPI
058470,3725.0,4600.0,5459.0,6349.0,1770.0,2230.0,2630.33,3057.33,,-4266.01,49919,65500,27.83,반도체와반도체장비,KOSDAQ
277810,341.0,710.0,1590.0,3140.0,-25.0,120.0,670.0,1310.0,1.0,-555.04,87202,449500,,기계,KOSDAQ
240810,9098.0,12471.0,16212.86,19240.71,738.0,1839.0,2755.67,3478.33,1.0,-3952.03,53992,110000,,반도체와반도체장비,KOSDAQ
247540,25316.0,25721.0,36111.86,49413.92,1433.0,812.0,1589.93,2734.0,0.6427,24138.84,113679,116200,,전기제품,KOSDAQ
036930,3107.0,3571.0,5381.0,7559.5,313.0,484.0,1371.5,2472.0,1.0,-786.83,80412,173000,48.53,반도체와반도체장비,KOSDAQ
086520,34130.0,,,,2138.0,,,,0.3772,31616.86,118397,87200,336.78,화학,KOSDAQ
403870,1730.0,2486.0,3583.75,4531.0,899.0,1386.0,2035.75,2644.75,,-2108.04,41973,51000,44.33,반도체와반도체장비,KOSDAQ
039030,3809.0,4913.0,6484.0,7113.5,808.0,1332.0,2143.5,2373.0,0.9954,-3307.95,48539,394000,51.43,반도체와반도체장비,KOSDAQ
196170,2159.0,4360.0,6585.25,8205.75,1069.0,2642.0,4463.0,5872.75,0.9904,-3420.94,209662,301000,,생물공학,KOSDAQ
028300,842.0,,,,-1042.0,,,,,2425.88,45354,34050,,건강관리장비와용품,KOSDAQ
214450,5363.0,6967.0,8496.73,10190.43,2144.0,2712.0,3375.53,4062.43,0.9917,-3746.45,43013,414000,14.64,건강관리장비와용품,KOSDAQ
222800,14106.0,20827.0,25013.25,28930.88,119.0,2538.0,4227.5,5469.5,0.9993,6473.13,47696,125600,,전자장비와기기,KOSDAQ
298380,793.0,392.0,981.0,1177.0,-404.0,-635.0,-87.0,-138.0,,-1116.35,39751,71000,,생물공학,KOSDAQ
087010,56.0,,,,-213.0,,,,,-440.15,38590,165500,,생물공학,KOSDAQ
108490,389.0,634.0,1179.25,2059.86,33.0,-23.0,237.75,510.57,0.9817,-2343.16,37254,254000,,기계,KOSDAQ
000250,2318.0,,,,85.0,,,,0.4374,-505.42,38775,165300,,제약,KOSDAQ
141080,1416.0,1920.0,2522.75,4263.33,-1065.0,-1022.0,-1047.5,1397.67,0.903,-3790.96,35131,94900,,제약,KOSDAQ
319660,4572.0,6807.0,8274.17,9453.6,885.0,1857.0,2321.5,2609.8,1.0,-2703.36,36411,125700,11.61,반도체와반도체장비,KOSDAQ
440110,924.0,3853.0,7711.0,9809.0,-655.0,880.0,2170.0,2874.0,0.9985,-155.41,31620,63100,,반도체와반도체장비,KOSDAQ
257720,11163.0,16109.0,20521.3,24775.11,2054.0,2956.0,3766.7,4587.78,1.0,505.01,34034,51900,12.23,인터넷과카탈로그소매,KOSDAQ
145020,4251.0,5380.0,6578.79,8004.85,2009.0,2192.0,2847.71,3631.77,0.9657,-5775.76,30662,245000,19.88,생물공학,KOSDAQ
095340,2202.0,3126.0,3996.67,4889.4,601.0,1020.0,1403.67,1721.4,0.997,-3589.93,33301,157100,111.45,반도체와반도체장비,KOSDAQ
084370,3503.0,5000.0,6717.0,7240.0,517.0,1023.0,1669.0,1800.0,0.9804,-3301.69,30272,132100,38.26,반도체와반도체장비,KOSDAQ
310210,75.0,,,,-544.0,,,,,-588.45,30749,166000,,제약,KOSDAQ
214370,728.0,,,,204.0,,,,1.0,-355.61,27180,50600,36.99,건강관리업체및서비스,KOSDAQ
064760,3013.0,4082.0,5066.0,6201.17,839.0,1236.0,1677.17,2108.83,,-2920.01,26942,241000,21.22,반도체와반도체장비,KOSDAQ
080220,3022.0,,,,359.0,,,,1.0,-135.3,26659,77400,28.21,반도체와반도체장비,KOSDAQ
095610,3511.0,4743.0,6083.86,7621.0,578.0,1042.0,1409.83,1870.8,1.0,-1629.64,26233,135500,253.73,반도체와반도체장비,KOSDAQ
357780,9234.0,11891.0,14531.86,17422.6,1336.0,2014.0,2725.29,3656.4,0.9586,-2201.36,26447,340000,18.14,반도체와반도체장비,KOSDAQ
319400,3939.0,,,,182.0,,,,1.0,409.52,25449,22850,94.17,기계,KOSDAQ
347850,43.0,,,,-340.0,,,,1.0,-371.64,23744,51800,,생물공학,KOSDAQ
031980,2078.0,2748.0,3725.0,4604.33,734.0,1086.0,1513.33,1910.33,1.0,-2002.49,26565,123200,13.61,반도체와반도체장비,KOSDAQ
178320,10663.0,18407.0,24342.33,28006.0,11.0,635.0,2904.0,3491.5,0.9947,12855.38,23423,36800,,전기장비,KOSDAQ
067310,15344.0,24401.0,27838.67,30083.5,1277.0,3827.0,4226.0,4731.0,0.7969,9297.05,23239,34950,,반도체와반도체장비,KOSDAQ
131290,4289.0,6942.0,8712.75,10575.33,492.0,1876.0,2419.75,3054.0,0.9009,-732.88,24667,223000,4523.94,반도체와반도체장비,KOSDAQ
237690,3317.0,4177.0,5185.77,6217.31,549.0,753.0,1028.46,1336.31,0.9958,-1209.56,21503,103000,65.13,제약,KOSDAQ
226950,147.0,,,,-300.0,,,,,-1933.29,22221,105500,,생명과학도구및서비스,KOSDAQ
010170,1394.0,1998.0,2587.5,2771.0,-214.0,10.0,187.0,222.0,1.0,729.23,20695,13310,,통신장비,KOSDAQ
005290,11941.0,,,,1724.0,,,,1.0,1638.29,21356,41900,15.63,반도체와반도체장비,KOSDAQ
098460,2326.0,3401.0,3956.25,4448.14,173.0,568.0,749.75,904.0,0.9997,-1469.29,19131,28050,51.82,전자장비와기기,KOSDAQ
214150,3368.0,4401.0,5552.44,6767.81,1706.0,1925.0,2548.88,3206.56,1.0,122.67,21430,32850,32.94,건강관리장비와용품,KOSDAQ
058610,3417.0,3597.0,3990.4,4706.5,179.0,212.0,283.2,343.25,0.942,302.52,20026,90300,72.61,전기제품,KOSDAQ
140410,79.0,,,,-168.0,,,,,-229.92,20363,66500,,식품,KOSDAQ
083650,7741.0,11694.0,14322.33,17089.5,755.0,1463.0,1764.0,2224.0,1.0,59.88,18938,61200,30.38,에너지장비및서비스,KOSDAQ
089030,1591.0,3718.0,5597.0,,158.0,985.0,1729.0,,1.0,2756.07,17804,48050,,반도체와반도체장비,KOSDAQ
068760,5364.0,,,,561.0,,,,,363.36,18449,41550,180.37,제약,KOSDAQ
263750,3656.0,7995.0,4644.67,6227.0,-148.0,3930.0,1404.83,2262.8,1.0,-2786.04,19702,31350,163.71,게임엔터테인먼트,KOSDAQ
032820,871.0,,,,-55.0,,,,0.9994,1661.95,18574,10750,38.81,우주항공과국방,KOSDAQ
096530,4742.0,5486.0,6201.5,7082.0,346.0,900.0,1113.5,1308.0,1.0,-4522.55,17235,33000,1787.67,생명과학도구및서비스,KOSDAQ
950160,52.0,60.0,60.0,1010.0,-223.0,-290.0,-450.0,-300.0,,-325.66,15244,17940,,생물공학,KOSDAQ
060370,2442.0,3249.0,4433.5,5281.5,70.0,191.0,534.5,807.0,1.0,-1998.23,16638,31850,24.62,건설,KOSDAQ
183300,6041.0,7100.0,8430.0,9870.0,1110.0,1200.0,1600.0,2000.0,0.6429,5404.46,13123,25550,21.02,반도체와반도체장비,KOSDAQ
131970,3039.0,3382.0,4734.75,5320.75,-9.0,384.0,1036.5,1289.5,,1144.96,15153,78400,20.64,반도체와반도체장비,KOSDAQ
041510,11749.0,12605.0,13713.35,14738.93,1830.0,1887.0,2167.59,2421.2,0.931,-4490.5,16919,73900,25.14,방송과엔터테인먼트,KOSDAQ
241710,6409.0,8430.0,9733.11,11090.5,835.0,1144.0,1366.67,1595.38,0.8604,1419.95,15080,141200,17.37,화장품,KOSDAQ
140860,2056.0,2409.0,2863.13,3329.0,422.0,502.0,666.88,803.0,0.9994,-346.99,17506,250000,49.15,전자장비와기기,KOSDAQ
039200,998.0,750.0,680.0,1210.0,521.0,220.0,130.0,620.0,0.5492,-1928.59,14156,37000,,제약,KOSDAQ
290650,855.0,1640.0,2293.0,2992.5,44.0,377.0,665.67,968.5,0.934,222.33,14483,53700,4.0,건강관리장비와용품,KOSDAQ
007390,207.0,,,,-36.0,,,,1.0,-15.12,16624,25800,,생물공학,KOSDAQ
030530,6230.0,,,,-4.0,,,,0.543,3696.65,13694,17730,,반도체와반도체장비,KOSDAQ
078600,2546.0,4116.0,5463.0,7180.0,207.0,397.0,519.0,660.0,0.9886,2444.42,14338,91300,1924.29,전자장비와기기,KOSDAQ
089970,1444.0,3108.0,4202.0,4814.33,247.0,922.0,1380.0,1638.67,1.0,-1895.97,14243,54100,,반도체와반도체장비,KOSDAQ
323280,379.0,,,,-25.0,,,,1.0,196.6,14658,48000,,전자장비와기기,KOSDAQ
035900,8219.0,8241.0,8846.28,8919.47,1552.0,1529.0,1681.39,1679.33,1.0,-3545.21,14106,39700,34.1,방송과엔터테인먼트,KOSDAQ
420770,524.0,969.0,2044.57,1987.8,121.0,313.0,893.98,846.0,0.9333,-1146.44,13284,104800,26.88,반도체와반도체장비,KOSDAQ
195940,10632.0,10985.0,11700.64,12477.33,1109.0,1304.0,1479.07,1684.33,,3357.6,12338,43550,26.75,제약,KOSDAQ
043260,2316.0,2917.0,4956.33,8302.67,76.0,437.0,1076.67,2273.0,1.0,6168.31,12109,16490,4.22,전기제품,KOSDAQ
475830,0.24,,,,-518.0,,,,1.0,-1557.02,12858,59200,,제약,KOSDAQ
003380,132149.0,147130.0,155530.0,163450.0,8874.0,10240.0,11010.0,11740.0,0.4958,80504.36,11940,10660,23.49,식품,KOSDAQ
082920,2431.0,3101.0,3789.0,4432.0,693.0,917.0,1104.5,1315.5,1.0,-1487.02,12188,27000,9.94,전기제품,KOSDAQ
218410,1858.0,2660.0,3514.33,3806.0,309.0,551.0,797.67,899.5,0.9338,-1392.21,11959,45000,27.69,통신장비,KOSDAQ
204270,1857.0,,,,-780.0,,,,1.0,2295.93,11477,19840,39.18,핸드셋,KOSDAQ
127120,193.0,,,,-125.0,,,,,-86.33,11723,32000,,생명과학도구및서비스,KOSDAQ
347700,956.0,2700.0,4521.5,5780.0,91.0,142.0,572.5,940.0,1.0,2533.02,10362,20100,,우주항공과국방,KOSDAQ
293490,4650.0,3423.0,6317.5,6017.33,-396.0,-877.0,586.25,281.17,1.0,386.6,10546,9880,,게임엔터테인먼트,KOSDAQ
166090,2735.0,3792.0,4616.0,5256.0,501.0,986.0,1282.67,1500.0,0.9998,716.46,9988,50500,29.0,반도체와반도체장비,KOSDAQ
950260,,,,,-331.92,,,,,-120.49,9538,19290,,생물공학,KOSDAQ
086450,9269.0,10501.0,11838.0,13214.0,966.0,1093.0,1273.0,1384.5,0.9598,-512.75,9905,21900,15.49,제약,KOSDAQ
036540,3674.0,5492.0,7619.0,8305.0,-196.0,-17.0,723.33,730.0,0.996,-36.31,9637,5860,,반도체와반도체장비,KOSDAQ
356860,2585.0,3698.0,4699.3,6777.56,260.0,576.0,850.2,1314.78,1.0,817.37,9765,41200,124.09,반도체와반도체장비,KOSDAQ
437730,950.0,,,,8.0,,,,1.0,-167.8,9845,31050,33.56,자동차부품,KOSDAQ
232140,2726.0,3824.0,4612.33,5792.33,170.0,554.0,739.67,1063.33,0.6073,-630.51,9164,11170,30.23,반도체와반도체장비,KOSDAQ
101490,2437.0,,,,504.0,,,,1.0,-419.28,8961,42000,37.58,반도체와반도체장비,KOSDAQ
036830,5566.0,,,,89.0,,,,0.9835,371.67,9022,44000,10.21,전기제품,KOSDAQ
491000,512.0,697.0,1639.0,2708.0,-226.0,-331.0,-65.0,364.0,1.0,-509.08,8423,33350,,건강관리장비와용품,KOSDAQ
445680,52.0,61.0,,,-123.0,-122.0,,,,-99.84,8812,51200,,생명과학도구및서비스,KOSDAQ
476060,534.0,1112.0,1533.0,1973.0,126.0,258.0,483.0,733.0,,-623.45,8169,17990,,제약,KOSDAQ
031330,37566.0,,,,1139.0,,,,1.0,8764.27,8100,8100,8.33,전자장비와기기,KOSDAQ
056190,16310.0,16952.0,19774.33,21506.67,859.0,1285.0,1785.33,2004.67,0.9035,-1321.51,8816,24550,27.31,기계,KOSDAQ
065350,9454.0,,,,277.0,,,,0.8971,3139.82,8328,30300,90.27,가정용기기와용품,KOSDAQ
213420,3443.0,4497.0,5307.75,5898.0,607.0,943.0,1091.0,1274.25,0.9325,-308.98,8418,33900,30.86,디스플레이장비및부품,KOSDAQ
041830,2339.0,2870.0,3403.8,3946.4,368.0,574.0,707.4,855.8,1.0,-1370.02,8237,61100,9.45,건강관리장비와용품,KOSDAQ
038500,6769.0,,,,766.0,,,,1.0,4022.59,8158,7560,9.99,건축자재,KOSDAQ
458870,482.0,1291.0,1712.38,2183.0,163.0,565.0,773.54,1015.4,1.0,-207.13,8053,21000,,건강관리기술,KOSDAQ
100790,2398.0,,,,351.0,,,,1.0,,8080,15210,12.65,창업투자,KOSDAQ
476830,79.0,,,,-146.0,,,,,-342.25,8066,28750,,생물공학,KOSDAQ
083450,3472.0,4415.0,5227.5,5845.0,592.0,764.0,945.5,1080.5,0.9991,-1230.35,7989,43350,7.2,반도체와반도체장비,KOSDAQ
014620,2457.0,2747.0,3386.33,3609.0,420.0,479.0,661.0,733.67,1.0,-1382.0,8100,30500,8.88,기계,KOSDAQ
281740,1412.0,,,,133.0,,,,0.9853,1714.88,7789,11850,47.26,화학,KOSDAQ
115180,70.0,,,,-298.0,,,,,110.43,8014,21350,,제약,KOSDAQ
252990,780.0,1220.0,1596.0,1963.5,147.0,348.0,470.0,599.5,,-186.89,7762,12890,,반도체와반도체장비,KOSDAQ
099320,2069.0,2389.0,3203.0,3598.0,102.0,205.0,426.5,554.0,0.6522,-606.71,7819,71400,6.47,우주항공과국방,KOSDAQ
090710,1683.0,,,,-173.0,,,,,-77.4,7520,6290,,기계,KOSDAQ
032190,180520.0,,,,15999.0,,,,0.2,-451441.38,7737,20200,8.3,증권,KOSDAQ
417200,1536.0,,,,-1.0,,,,0.9968,90.69,7645,11300,207.43,전기제품,KOSDAQ
085660,12683.0,,,,-488.0,,,,,4524.05,7773,8360,,건강관리업체및서비스,KOSDAQ
124500,88708.0,106818.0,,,2799.0,2883.0,,,0.2549,-865.01,7785,33550,234.43,IT서비스,KOSDAQ
035760,51345.0,52436.0,56131.75,57883.13,1329.0,1324.0,2114.58,2544.25,1.0,18985.16,7445,33950,,방송과엔터테인먼트,KOSDAQ
388720,369.0,,,,-126.0,,,,,-93.69,7693,65300,,기계,KOSDAQ
122870,5454.0,6331.0,5657.94,6008.79,713.0,774.0,709.13,831.43,0.8328,-2460.68,7663,41000,15.49,방송과엔터테인먼트,KOSDAQ
225570,1793.0,,,,-602.0,,,,0.9999,-552.43,7574,11500,87.24,게임엔터테인먼트,KOSDAQ
094170,1276.0,1280.0,1401.0,1509.0,24.0,15.0,96.0,111.0,,-571.58,7475,35750,14.8,반도체와반도체장비,KOSDAQ
033100,2240.0,,,,670.0,,,,,-1533.75,7437,46300,5.71,전기장비,KOSDAQ
171090,5158.0,4347.0,5919.33,6984.0,1115.0,940.0,1379.0,1702.67,0.9446,-858.36,7383,72900,,디스플레이장비및부품,KOSDAQ
251970,3720.0,4481.0,5083.65,5662.0,565.0,732.0,868.45,1002.0,0.7961,-1209.86,7217,58200,11.0,포장재,KOSDAQ
090360,757.0,,,,-57.0,,,,1.0,-309.73,7400,75900,418.94,기계,KOSDAQ
006730,2483.0,3069.0,,,703.0,863.0,,,,11387.83,7058,10980,3.51,"호텔,레스토랑,레저",KOSDAQ
119850,2626.0,3057.0,4005.33,5124.0,494.0,425.0,731.0,1066.0,0.9385,-816.73,7196,43750,6.15,전기장비,KOSDAQ
033790,2648.0,,,,88.0,,,,,-681.81,6899,8280,,전기제품,KOSDAQ
388210,1606.0,2054.0,2904.0,3606.33,518.0,675.0,983.5,1291.0,0.9604,-497.42,6932,71800,,반도체와반도체장비,KOSDAQ
041960,525.0,,,,20.0,,,,0.8926,139.81,6879,9310,,제약,KOSDAQ
137400,7449.0,7600.0,9520.0,10770.0,956.0,750.0,1180.0,1400.0,0.9003,2517.07,7107,30000,17.95,전기제품,KOSDAQ
074600,9436.0,10971.0,12512.0,14229.0,596.0,1166.0,1503.67,1701.67,0.9458,7630.57,6769,25750,19.78,반도체와반도체장비,KOSDAQ
328130,831.0,,,,-831.0,,,,,-731.65,6768,9090,,건강관리기술,KOSDAQ
189300,3196.0,4009.0,4817.6,5842.75,120.0,366.0,564.12,907.25,1.0,1416.05,6754,62900,131.8,통신장비,KOSDAQ
253450,5307.0,5849.0,6467.33,6947.33,304.0,476.0,591.5,686.11,1.0,110.4,6673,22200,51.46,방송과엔터테인먼트,KOSDAQ
044490,3497.0,3878.0,4400.0,4900.0,50.0,300.0,441.0,533.0,,457.06,6672,33350,9.95,에너지장비및서비스,KOSDAQ
053800,2677.0,,,,333.0,,,,1.0,-2977.41,6576,59100,19.26,소프트웨어,KOSDAQ
093320,1592.0,,,,239.0,,,,0.8733,98.98,6568,134600,19.71,IT서비스,KOSDAQ
456160,4.0,,,,-122.0,,,,,-1743.1,6419,38600,,제약,KOSDAQ
466100,414.0,,,,-32.0,,,,,-440.62,6454,25350,,기계,KOSDAQ
023160,2970.0,3300.0,4119.67,4319.0,387.0,462.0,790.33,732.0,0.9276,-2775.83,6544,25300,7.09,기계,KOSDAQ
161580,1034.0,,,,-349.0,,,,0.7447,279.09,6306,26900,,전자장비와기기,KOSDAQ
327260,641.0,1011.0,1401.0,1867.75,74.0,185.0,281.25,412.25,0.89,-467.19,6287,34950,,우주항공과국방,KOSDAQ
059090,9770.0,,,,1010.0,,,,0.3936,9044.79,6282,18800,,반도체와반도체장비,KOSDAQ
122640,871.0,1459.0,2416.67,3141.0,38.0,266.0,668.33,987.0,0.9769,430.58,6214,28700,,반도체와반도체장비,KOSDAQ
222080,4072.0,,,,335.0,,,,1.0,-2279.32,6184,7950,25.34,전기제품,KOSDAQ
102710,6709.0,7570.0,8750.0,9785.0,781.0,975.0,1205.0,1467.0,0.9867,998.82,6179,43250,,반도체와반도체장비,KOSDAQ
060250,12349.0,15054.0,16756.6,18286.6,547.0,613.0,714.0,794.6,0.995,-3073.46,6052,15070,11.7,IT서비스,KOSDAQ
048410,35.0,,,,-182.0,,,,,-197.81,6167,6390,,화장품,KOSDAQ
052020,70.0,,,,-235.0,,,,,-490.76,5656,8320,,판매업체,KOSDAQ
121600,1117.0,,,,47.0,,,,1.0,-655.77,6088,49650,88.0,화학,KOSDAQ
032500,975.0,1036.0,2703.0,5522.0,-238.0,-202.0,577.5,1897.0,1.0,156.42,6168,14620,,통신장비,KOSDAQ
052400,3092.0,3568.0,4068.33,4613.67,889.0,1129.0,1310.0,1529.33,1.0,-2478.78,5760,39550,9.2,IT서비스,KOSDAQ
079940,3357.0,,,,405.0,,,,0.5075,858.45,6012,44800,14.13,IT서비스,KOSDAQ
160190,735.0,,,,-89.0,,,,0.9936,-375.23,5640,18260,,기계,KOSDAQ
050890,2948.0,3357.0,3798.0,4436.0,333.0,357.0,454.0,634.0,1.0,57.03,5383,8860,9.08,통신장비,KOSDAQ
009520,3574.0,,,,10.0,,,,,-390.98,5393,12950,251.48,철강,KOSDAQ
046890,10135.0,11334.0,11976.0,12510.0,-315.0,148.0,281.0,360.0,0.7649,796.21,5679,9740,,디스플레이장비및부품,KOSDAQ
211050,10218.0,,,,948.0,,,,1.0,106.39,5572,11310,5.52,손해보험,KOSDAQ
036810,2803.0,,,,-5.0,,,,,2291.71,6084,28100,,반도체와반도체장비,KOSDAQ
425420,1117.0,1579.0,1977.0,,191.0,348.0,475.0,,1.0,-568.41,5519,44700,36.88,반도체와반도체장비,KOSDAQ
086900,2473.0,2696.0,2990.0,3334.5,170.0,267.0,338.0,483.0,1.0,766.53,5328,73000,189.7,생물공학,KOSDAQ
295310,665.0,1058.0,1590.33,2657.0,58.0,175.0,309.33,620.0,,243.68,5559,45200,,비철금속,KOSDAQ
041190,1629.0,,,,1381.0,,,,1.0,,5200,6190,4.43,창업투자,KOSDAQ
053610,2305.0,2798.0,3125.5,3410.5,463.0,751.0,839.5,933.0,1.0,-1301.82,5283,58700,24.36,반도체와반도체장비,KOSDAQ
033500,7422.0,8223.0,8962.0,9606.0,726.0,1134.0,1332.0,1565.0,1.0,-499.7,5323,17750,12.27,화학,KOSDAQ
112040,6140.0,,,,107.0,,,,1.0,-1325.67,5238,15430,,게임엔터테인먼트,KOSDAQ
490470,1210.0,2168.0,3064.0,4348.0,-534.0,-35.0,358.0,690.0,1.0,-924.55,5237,15390,,반도체와반도체장비,KOSDAQ
033640,5214.0,5856.0,7077.0,8040.0,238.0,502.0,934.0,1340.0,0.6984,2104.86,5223,22650,,반도체와반도체장비,KOSDAQ
019210,6394.0,8890.0,,,665.0,1910.0,,,0.9983,6598.94,5103,13720,8.39,기계,KOSDAQ
045100,11182.0,,,,537.0,,,,1.0,-1968.87,5276,30150,3.61,반도체와반도체장비,KOSDAQ
025980,2581.0,,,,83.0,,,,0.4757,5657.45,5196,5340,5.8,"호텔,레스토랑,레저",KOSDAQ
358570,58.0,,,,-407.0,,,,,-373.18,5090,7890,,생물공학,KOSDAQ
399720,685.0,,,,-167.0,,,,1.0,-376.14,5165,43550,103.58,반도체와반도체장비,KOSDAQ
278280,1338.0,2016.0,2600.67,3187.0,37.0,-91.0,208.33,336.33,0.9386,2124.06,5054,41250,,전기제품,KOSDAQ
383310,1411.0,1986.0,2826.5,3519.0,117.0,330.0,549.5,792.0,1.0,-373.1,5044,24050,33.34,상업서비스와공급품,KOSDAQ
037460,42911.0,,,,1624.0,,,,0.6393,8288.76,5026,30800,4.38,통신장비,KOSDAQ
340570,1642.0,1928.0,2233.5,2594.0,464.0,726.0,861.5,1015.0,1.0,-1021.16,4925,30650,11.86,건강관리장비와용품,KOSDAQ
099190,3154.0,3384.0,3831.0,4294.0,79.0,142.0,238.0,325.0,1.0,988.15,4984,17330,212.12,건강관리장비와용품,KOSDAQ
397030,22.0,80.0,310.0,260.0,-73.0,-50.0,170.0,110.0,,-801.97,4966,18020,,제약,KOSDAQ
460930,2482.0,,,,288.0,,,,1.0,-50.57,4879,13740,28.24,조선,KOSDAQ
101160,2918.0,,,,585.0,,,,1.0,-1961.41,4838,29300,7.85,반도체와반도체장비,KOSDAQ
015750,43827.0,,,,2427.0,,,,0.949,12602.2,4840,6050,4.46,자동차부품,KOSDAQ
034950,1098.0,,,,343.0,,,,0.8587,-954.91,4768,105000,17.02,상업서비스와공급품,KOSDAQ
365340,1946.0,3290.0,4191.5,4837.5,-545.0,189.0,270.5,357.0,0.8914,4102.47,4800,37150,52.77,전기제품,KOSDAQ
082270,815.0,,,,38.0,,,,,406.8,4755,10740,,반도체와반도체장비,KOSDAQ
174900,47.0,,,,-176.0,,,,,-289.37,4729,23700,,생물공학,KOSDAQ
253590,639.0,1250.0,1750.0,2300.0,41.0,275.0,405.0,536.0,1.0,-362.79,4716,10750,37.87,반도체와반도체장비,KOSDAQ
035890,11001.0,,,,1444.0,,,,1.0,-4931.72,4692,2260,4.39,건설,KOSDAQ
077360,2364.0,3450.0,4176.33,5025.0,28.0,314.0,495.0,730.0,0.9673,2422.87,4553,10020,57.48,반도체와반도체장비,KOSDAQ
336570,1568.0,1888.0,2182.0,2615.0,517.0,478.0,559.0,675.0,1.0,-858.24,4518,5060,21.17,건강관리장비와용품,KOSDAQ
067160,4666.0,4481.0,4628.0,4930.5,1248.0,931.0,1019.6,1154.75,0.9848,-4802.39,4443,38650,13.19,양방향미디어와서비스,KOSDAQ
376900,262.0,535.0,,,5.0,-74.0,,,0.9984,-133.9,4526,26000,,건강관리장비와용품,KOSDAQ
056080,282.0,,,,-50.0,,,,,-197.8,4477,11710,,기계,KOSDAQ
024850,323.0,,,,-376.0,,,,,-153.62,4385,13810,,반도체와반도체장비,KOSDAQ
348370,3128.0,,,,-784.0,,,,,2385.07,4470,20400,,전기제품,KOSDAQ
376300,838.0,964.0,1011.5,1113.71,314.0,389.0,438.38,514.57,1.0,-1522.22,4427,18650,29.04,양방향미디어와서비스,KOSDAQ
018290,4372.0,5230.0,6100.0,6850.0,829.0,600.0,880.0,1060.0,0.9681,-680.69,4441,12710,21.04,화장품,KOSDAQ
214430,1243.0,1442.0,1989.0,2308.0,165.0,196.0,283.0,369.0,,-514.69,4377,59900,17.96,우주항공과국방,KOSDAQ
064290,898.0,1062.0,1678.5,2145.0,-37.0,65.0,403.0,562.33,0.9675,170.81,4133,31900,,반도체와반도체장비,KOSDAQ
104830,3225.0,3824.0,4561.67,5348.0,565.0,680.0,893.67,1128.0,0.9999,92.96,4110,32600,27.37,화학,KOSDAQ
126340,822.0,1428.0,2224.5,,18.0,62.0,216.0,,0.924,1115.56,4351,60600,142.34,전기장비,KOSDAQ
030520,3267.0,3829.0,4197.0,4473.0,364.0,493.0,596.8,661.2,1.0,-1085.14,4350,17990,23.54,소프트웨어,KOSDAQ
078130,678.0,,,,-5.0,,,,,-167.43,4042,3585,,종이와목재,KOSDAQ
204620,1541.0,1921.0,2094.0,,290.0,350.0,407.0,,0.9786,-1474.55,4119,5860,,기타금융,KOSDAQ
080580,944.0,1477.0,2374.0,3645.0,111.0,300.0,559.0,867.0,0.9938,178.21,4068,19290,155.39,반도체와반도체장비,KOSDAQ
272290,4396.0,4585.0,6222.0,8293.0,819.0,519.0,728.0,1086.0,1.0,1004.0,4237,21250,19.7,디스플레이장비및부품,KOSDAQ
477850,115.0,232.0,434.0,,-80.0,-5.0,128.0,,1.0,-438.61,4261,24000,,소프트웨어,KOSDAQ
078340,6964.0,6966.0,7533.29,7743.17,26.0,335.0,541.29,621.17,1.0,516.61,4172,34500,15.92,게임엔터테인먼트,KOSDAQ
439960,89.0,,,,-82.0,,,,,-162.25,4037,12440,,기계,KOSDAQ
348340,190.0,,,,-149.0,,,,,356.17,4157,17760,,기계,KOSDAQ
042000,3148.0,,,,402.0,,,,1.0,-1719.73,4047,16740,65.33,IT서비스,KOSDAQ
475960,113.0,200.0,346.0,660.0,-56.0,-22.0,18.0,195.0,1.0,-274.52,3969,29450,,생명과학도구및서비스,KOSDAQ
219130,807.0,1305.0,1580.0,,72.0,252.0,340.0,,,-151.58,3965,62800,,반도체와반도체장비,KOSDAQ
013030,2146.0,,,,589.0,,,,0.9905,-2230.76,4001,34000,7.29,기계,KOSDAQ
125490,1559.0,2134.0,2503.5,2652.0,103.0,153.0,215.0,245.5,1.0,797.46,4019,11010,165.42,자동차부품,KOSDAQ
368770,435.0,589.0,,,101.0,159.0,,,0.9864,-49.81,3939,11990,38.54,전자장비와기기,KOSDAQ
241770,946.0,,,,154.0,,,,1.0,-553.22,3939,38650,,반도체와반도체장비,KOSDAQ
486990,131.0,280.0,340.0,370.0,-153.0,-40.0,20.0,60.0,1.0,-102.29,3958,18500,,IT서비스,KOSDAQ
064260,2254.0,,,,23.0,,,,1.0,1643.99,3934,5200,,IT서비스,KOSDAQ
027360,507.0,,,,119.0,,,,1.0,,3949,3260,20.01,창업투자,KOSDAQ
389470,29.0,,,,-284.0,,,,,-954.32,3926,29500,,제약,KOSDAQ
095660,4327.0,4196.0,4745.4,5127.5,600.0,351.0,509.2,612.75,1.0,-2864.96,3908,18060,12.06,게임엔터테인먼트,KOSDAQ
092730,1322.0,1584.0,,,288.0,341.0,,,1.0,-1398.24,3895,24300,9.14,화장품,KOSDAQ
144960,5780.0,7059.0,8068.0,9158.0,287.0,692.0,819.67,921.0,0.8596,1686.62,3871,8860,11.9,반도체와반도체장비,KOSDAQ
236200,1373.0,1549.0,1793.33,2069.0,327.0,368.0,437.33,535.0,1.0,-1306.12,3871,55500,6.53,전자장비와기기,KOSDAQ
092190,7638.0,,,,2.0,,,,0.3929,2229.08,3789,8260,,디스플레이장비및부품,KOSDAQ
468530,30.0,,,,-114.0,,,,,-186.44,3796,34400,4.0,생물공학,KOSDAQ
089010,6375.0,,,,232.0,,,,0.7615,3817.36,3790,22600,,전자장비와기기,KOSDAQ
025900,8296.0,9449.0,10762.0,12040.0,-138.0,-11.0,85.0,380.0,0.963,10010.7,3767,7450,,건축자재,KOSDAQ
078020,22953.0,,,,222.0,,,,1.0,,3734,6730,9.84,증권,KOSDAQ
089890,824.0,1790.0,2500.0,,174.0,390.0,650.0,,1.0,-264.81,3765,22700,25.67,반도체와반도체장비,KOSDAQ
393890,1108.0,,,,-1276.0,,,,1.0,8853.52,3709,10960,27.96,전기제품,KOSDAQ
215200,8849.0,8990.0,9177.0,9369.5,1210.0,1197.0,1230.5,1261.0,0.9548,-15.02,3711,35800,7.58,교육서비스,KOSDAQ
003800,3173.0,,,,541.0,,,,1.0,-1872.33,3660,33000,5.7,가구,KOSDAQ
107640,1753.0,2503.0,3820.0,4631.0,40.0,143.0,287.0,426.0,0.7716,1049.81,3676,40550,,전기장비,KOSDAQ
170920,3104.0,4586.0,6687.5,8598.0,296.0,734.0,1174.0,1545.0,0.489,-460.06,3629,34350,,반도체와반도체장비,KOSDAQ
332570,1255.0,2928.0,3549.0,4170.0,39.0,308.0,404.0,498.0,0.9946,-511.43,3653,7820,5.69,핸드셋,KOSDAQ
025320,2615.0,,,,68.0,,,,1.0,17.75,3688,4000,42.37,핸드셋,KOSDAQ
372320,,,,,-362.9,,,,,-223.46,3647,23950,,생물공학,KOSDAQ
092870,660.0,1321.0,1921.67,2680.0,1.0,190.0,347.67,584.0,1.0,-176.49,3628,27800,39.97,반도체와반도체장비,KOSDAQ
114810,1988.0,2333.0,2786.0,,333.0,427.0,613.0,,0.9727,-39.84,3563,12660,136.31,반도체와반도체장비,KOSDAQ
036800,10947.0,13638.0,16349.0,17846.0,553.0,776.0,993.0,1075.0,0.96,-2043.91,3622,7960,7.12,상업서비스와공급품,KOSDAQ
006910,1475.0,,,,268.0,,,,,-533.29,3508,7140,36.86,전기장비,KOSDAQ
060280,745.0,,,,24.0,,,,1.0,-245.41,3511,8510,,건강관리장비와용품,KOSDAQ
441270,2391.0,5116.0,6266.5,7218.0,19.0,314.0,533.5,560.0,1.0,1569.58,3533,8370,30.18,핸드셋,KOSDAQ
069080,1744.0,1546.0,1726.0,1870.5,297.0,224.0,264.0,263.0,1.0,-614.08,3518,11360,9.94,게임엔터테인먼트,KOSDAQ
101730,1488.0,,,,-487.0,,,,1.0,-732.87,3587,4280,72.75,게임엔터테인먼트,KOSDAQ
900290,9593.0,,,,1373.0,,,,0.7613,5324.61,3507,4200,6.63,화학,KOSDAQ
033160,14038.0,21363.0,31676.0,36760.0,142.0,1118.0,1724.5,2095.0,0.2,11783.65,3464,14100,,반도체와반도체장비,KOSDAQ
290550,4258.0,5283.0,7361.25,,216.0,329.0,570.0,,1.0,167.24,3368,16840,34.0,핸드셋,KOSDAQ
215600,92.0,,,,-256.0,,,,,-659.39,3436,2480,,제약,KOSDAQ
078160,737.0,,,,-680.0,,,,1.0,-333.15,3446,8790,37.98,생물공학,KOSDAQ
206650,1492.0,1350.0,,,607.0,450.0,,,,-627.03,3414,9290,,생물공학,KOSDAQ
234340,1874.0,2223.0,2506.5,2807.5,156.0,260.0,303.5,367.5,1.0,-2716.88,3311,23700,22.37,IT서비스,KOSDAQ
084110,8475.0,,,,906.0,,,,0.3525,1112.43,3317,26200,7.78,제약,KOSDAQ
067630,458.0,,,,-220.0,,,,0.9889,1490.9,3341,2740,,건강관리장비와용품,KOSDAQ
036620,2502.0,2930.0,3446.5,3923.5,446.0,542.0,671.5,796.5,,-119.75,3392,3775,11.81,"섬유,의류,신발,호화품",KOSDAQ
098120,1003.0,,,,177.0,,,,0.9951,-232.19,3387,40750,15.69,반도체와반도체장비,KOSDAQ
417840,483.0,1200.0,1507.28,,46.0,364.0,504.93,,0.9933,138.93,3227,14110,,반도체와반도체장비,KOSDAQ
200710,1645.0,2378.0,3052.0,3492.0,29.0,95.0,307.0,349.0,0.9879,101.24,3318,24650,,반도체와반도체장비,KOSDAQ
121440,3543.0,,,,280.0,,,,0.9982,1637.33,3324,7760,4.33,레저용장비와제품,KOSDAQ
356680,481.0,,,,38.0,,,,,-64.63,3300,11560,567.02,소프트웨어,KOSDAQ
348210,669.0,827.0,1187.0,1503.0,-12.0,67.0,281.33,455.33,0.9898,603.27,3290,31400,22.69,반도체와반도체장비,KOSDAQ
093520,2272.0,2851.0,2851.0,3126.0,291.0,423.0,423.0,471.0,0.9974,-494.09,3166,26600,9.98,반도체와반도체장비,KOSDAQ
018000,403.0,,,,-95.0,,,,,1036.33,3228,1244,,에너지장비및서비스,KOSDAQ
079370,3833.0,,,,-45.0,,,,0.9712,-12.47,3117,10050,48.79,반도체와반도체장비,KOSDAQ
069540,318.0,,,,-165.0,,,,,-57.55,3200,2840,,통신장비,KOSDAQ
187660,93.0,,,,-74.0,,,,,49.44,3154,4930,,제약,KOSDAQ
039440,3281.0,,,,197.0,,,,1.0,-696.61,3098,19980,19.43,반도체와반도체장비,KOSDAQ
455900,46.0,,,,-103.0,,,,,-236.9,3117,20250,,건강관리장비와용품,KOSDAQ
101930,1080.0,,,,155.0,,,,1.0,-962.79,3103,6790,43.53,조선,KOSDAQ
078350,6511.0,,,,239.0,,,,1.0,-191.32,3087,20250,17.15,반도체와반도체장비,KOSDAQ
199800,13.0,,,,-233.0,,,,1.0,-188.9,3100,34450,,생물공학,KOSDAQ
448900,369.0,,,,15.0,,,,1.0,105.08,3031,49900,42.23,자동차부품,KOSDAQ
352480,2885.0,,,,222.0,,,,1.0,-1133.85,3053,22400,19.89,화장품,KOSDAQ
025770,8363.0,,,,452.0,,,,1.0,-1749.25,3014,8050,11.81,IT서비스,KOSDAQ
330860,1141.0,1320.0,1547.0,1695.0,48.0,264.0,441.5,588.5,,301.79,3028,24850,,반도체와반도체장비,KOSDAQ
035810,33889.0,,,,1514.0,,,,0.3865,7073.28,3019,4680,7.81,식품,KOSDAQ
168360,699.0,1019.0,1257.0,1425.0,32.0,203.0,336.0,426.0,1.0,62.46,3014,13460,26.79,전자장비와기기,KOSDAQ
472850,4856.0,5760.0,6664.0,7337.0,574.0,741.0,1014.0,1222.0,0.7803,997.87,2994,5200,6.73,"섬유,의류,신발,호화품",KOSDAQ
117730,438.0,,,,-119.0,,,,,-45.76,3005,13320,,기계,KOSDAQ
092460,1335.0,,,,223.0,,,,1.0,236.14,2999,17530,1.61,조선,KOSDAQ
110990,1079.0,,,,231.0,,,,1.0,-1948.76,2977,15750,26.42,반도체와반도체장비,KOSDAQ
091580,2501.0,3432.0,3980.0,4760.0,87.0,260.0,331.0,440.0,1.0,696.31,2959,22200,8.22,전기제품,KOSDAQ
294570,695.0,715.0,745.0,774.0,189.0,200.0,211.0,221.0,,-1631.35,2987,29600,28.8,IT서비스,KOSDAQ
017890,4239.0,,,,318.0,,,,0.8102,-577.62,2952,14280,24.87,화학,KOSDAQ
200670,1701.0,1949.0,2190.5,2449.0,423.0,449.0,505.0,565.0,,-458.47,2987,26600,14.58,제약,KOSDAQ
377450,616.0,,,,189.0,,,,,-1858.06,2896,16710,6.95,상업서비스와공급품,KOSDAQ
054950,1731.0,1884.0,2057.0,2213.0,333.0,390.0,413.0,453.0,0.9836,-1145.75,2908,24050,12.21,건강관리장비와용품,KOSDAQ
035600,13589.0,14784.0,16009.0,17115.0,986.0,1028.0,1226.5,1342.0,0.867,2750.86,2924,10610,4.32,IT서비스,KOSDAQ
051500,34811.0,37197.0,40295.33,43688.25,1017.0,1020.0,1160.0,1290.5,0.9413,4811.48,2885,24300,5.2,식품과기본식료품소매,KOSDAQ
265520,4601.0,,,,333.0,,,,1.0,-929.12,2894,19230,5.68,디스플레이장비및부품,KOSDAQ
159010,679.0,,,,-70.0,,,,1.0,414.75,2854,21400,38.83,기계,KOSDAQ
481070,600.0,,,,101.0,,,,0.966,-266.65,2859,19950,36.28,"섬유,의류,신발,호화품",KOSDAQ
036890,4638.0,,,,479.0,,,,1.0,-88.33,2851,12940,8.39,기계,KOSDAQ
136480,14400.0,,,,477.0,,,,0.9948,3152.97,2841,2675,35.7,식품,KOSDAQ
043150,4264.0,4553.0,4905.67,5332.33,548.0,615.0,680.33,803.33,1.0,-1091.28,2843,19140,9.55,건강관리장비와용품,KOSDAQ
042520,898.0,1426.0,1883.0,2202.0,-259.0,181.0,312.0,423.5,1.0,225.21,2881,20200,,건강관리장비와용품,KOSDAQ
376270,130.0,456.0,865.9,,-156.0,-18.0,163.7,,1.0,99.47,2848,39450,,건강관리업체및서비스,KOSDAQ
482630,1254.0,1624.0,1986.5,2310.0,176.0,250.0,347.0,426.5,,-93.84,2841,12980,16.65,반도체와반도체장비,KOSDAQ
309710,620.0,,,,-19.0,,,,1.0,638.42,2684,21000,,제약,KOSDAQ
049070,5908.0,6022.0,6631.0,,-113.0,166.0,332.0,,1.0,-2764.2,2824,17940,16.79,핸드셋,KOSDAQ
064550,3301.0,,,,152.0,,,,,202.99,2839,11000,,생물공학,KOSDAQ
138080,574.0,778.0,1195.5,1917.5,-160.0,8.0,168.5,478.0,1.0,99.16,2785,22500,,통신장비,KOSDAQ
287840,23.0,,,,-103.0,,,,,-134.21,2823,18790,,제약,KOSDAQ
484590,1546.0,,,,266.0,,,,,239.31,2761,6700,20.01,우주항공과국방,KOSDAQ
123330,782.0,1662.0,2335.0,,150.0,296.0,490.0,,1.0,19.47,2801,35150,,화장품,KOSDAQ
448280,309.0,509.0,,,10.0,80.0,,,1.0,-2.78,2800,9450,24.44,상업서비스와공급품,KOSDAQ
061970,4798.0,,,,-398.0,,,,,2441.72,2817,4020,,반도체와반도체장비,KOSDAQ
439090,1130.0,,,,105.0,,,,1.0,-986.58,2802,17090,30.04,화장품,KOSDAQ
182400,79.0,,,,-25.0,,,,,28.52,2655,3670,,생명과학도구및서비스,KOSDAQ
228760,38.0,,,,-113.0,,,,,-791.37,2779,11180,,건강관리장비와용품,KOSDAQ
036200,2733.0,3462.0,4030.0,4379.0,109.0,280.0,422.0,502.0,1.0,-541.46,2748,8960,14.16,반도체와반도체장비,KOSDAQ
091700,13495.0,14910.0,15505.0,16320.0,447.0,384.0,447.33,490.0,0.9421,-135.21,2750,5500,16.63,핸드셋,KOSDAQ
488900,368.0,,,,-74.0,,,,,-79.3,2721,9390,,우주항공과국방,KOSDAQ
317330,1121.0,,,,-430.0,,,,,2533.72,2727,13320,,반도체와반도체장비,KOSDAQ
424870,1.0,,,,-280.0,,,,,-931.28,2694,2950,,제약,KOSDAQ
389650,165.0,215.0,311.0,430.5,-7.0,-61.0,-14.0,48.0,,-280.38,2760,33350,106.08,건강관리장비와용품,KOSDAQ
098070,1719.0,1985.0,2340.0,,382.0,385.0,400.0,,1.0,-613.88,2686,24150,10.71,에너지장비및서비스,KOSDAQ
151860,75772.0,,,,1913.0,,,,0.4486,11552.93,2680,5630,6.11,자동차,KOSDAQ
024840,7586.0,,,,243.0,,,,0.4939,1232.2,2667,6160,777.95,전기장비,KOSDAQ
121800,101.0,,,,-72.0,,,,1.0,-589.83,2563,3320,,디스플레이패널,KOSDAQ
060720,4249.0,4117.0,4662.75,5074.33,318.0,277.0,361.0,405.0,1.0,420.75,2631,11110,11.24,핸드셋,KOSDAQ
160980,1644.0,2320.0,2780.0,3150.0,233.0,359.0,457.0,536.0,1.0,-1026.16,2655,24300,14.32,반도체와반도체장비,KOSDAQ
267980,18435.0,18962.0,19676.0,20116.0,600.0,744.0,796.0,829.0,0.9971,-832.68,2671,34850,5.88,식품,KOSDAQ
200470,1110.0,,,,53.0,,,,,864.87,2603,5940,,반도체와반도체장비,KOSDAQ
200130,5749.0,,,,266.0,,,,1.0,286.14,2671,9080,26.89,건강관리업체및서비스,KOSDAQ
099440,1536.0,2179.0,2554.0,2843.0,-168.0,234.0,299.0,328.0,1.0,1565.61,2631,3855,9.88,기계,KOSDAQ
377460,916.0,,,,-19.0,,,,,799.0,2532,4080,,상업서비스와공급품,KOSDAQ
461300,1959.0,,,,618.0,,,,,-1262.84,2596,19470,4.33,교육서비스,KOSDAQ
243070,6208.0,,,,456.0,,,,1.0,1011.81,2582,21550,9.09,제약,KOSDAQ
378340,332.0,,,,-222.0,,,,1.0,156.59,2556,11810,,전기제품,KOSDAQ
011560,7158.0,9801.0,9830.0,9665.0,404.0,559.0,580.0,590.0,1.0,-783.29,2531,25100,2.48,건설,KOSDAQ
389500,72.0,122.0,205.5,306.5,-69.0,-61.0,-27.5,12.0,,50.51,2479,37200,,기계,KOSDAQ
180400,294.0,,,,-243.0,,,,,-352.15,2500,2540,,건강관리업체및서비스,KOSDAQ
045390,1532.0,,,,76.0,,,,1.0,-7.48,2498,3545,22.45,도로와철도운송,KOSDAQ
023410,13327.0,,,,324.0,,,,0.9486,4134.07,2497,3230,4.05,건축자재,KOSDAQ
047920,2056.0,,,,11.0,,,,1.0,8.93,2548,7770,,제약,KOSDAQ
108860,1148.0,,,,15.0,,,,,-934.51,2487,9240,,건강관리장비와용품,KOSDAQ
100120,2393.0,2516.0,2623.5,2721.0,214.0,382.0,425.5,453.5,1.0,109.99,2458,27400,18.35,건강관리장비와용품,KOSDAQ
065680,1864.0,,,,218.0,,,,1.0,-1297.61,2449,26500,26.34,핸드셋,KOSDAQ
068930,2538.0,2811.0,3105.0,3354.0,316.0,446.0,497.5,541.5,0.8597,300.48,2391,8640,13.47,교육서비스,KOSDAQ
452430,173.0,350.0,816.5,2178.0,-46.0,24.0,162.0,469.0,,51.07,2419,29300,,반도체와반도체장비,KOSDAQ
089980,1960.0,2258.0,2859.0,3707.0,67.0,112.0,177.0,246.0,1.0,670.6,2437,15240,29.73,전자장비와기기,KOSDAQ
237880,3289.0,3426.0,3520.0,3620.0,164.0,246.0,250.0,260.0,1.0,-1549.61,2393,13240,20.1,화장품,KOSDAQ
304360,165.0,167.0,169.0,,-83.0,-84.0,-85.0,,,-284.69,2440,19700,,생물공학,KOSDAQ
064820,5798.0,,,,500.0,,,,0.9248,-7235.45,2379,7710,5.46,증권,KOSDAQ
065710,1166.0,,,,253.0,,,,1.0,-615.93,2372,46050,6.32,운송인프라,KOSDAQ
389260,1310.0,1665.0,1843.0,,168.0,339.0,362.0,,1.0,466.29,2361,13180,48.41,에너지장비및서비스,KOSDAQ
094480,1297.0,,,,184.0,,,,1.0,1003.58,2350,5990,,IT서비스,KOSDAQ
394280,161.0,,,,-289.0,,,,,-171.92,2374,9010,,반도체와반도체장비,KOSDAQ
462860,600.0,,,,136.0,,,,1.0,-1704.73,2339,3260,23.95,IT서비스,KOSDAQ
298830,939.0,,,,126.0,,,,0.8911,-184.86,2344,4385,71.07,소프트웨어,KOSDAQ
243840,4082.0,5188.0,6200.5,6873.5,59.0,201.0,323.5,394.0,1.0,3463.3,2352,6100,13.75,전기제품,KOSDAQ
114190,2123.0,,,,-61.0,,,,0.8354,111.52,2354,9010,106.37,전자장비와기기,KOSDAQ
036030,3959.0,,,,442.0,,,,,-1470.36,2304,4700,18.05,인터넷과카탈로그소매,KOSDAQ
071200,1024.0,,,,142.0,,,,0.987,-2124.79,2344,9610,7.78,건강관리기술,KOSDAQ
023760,5384.0,,,,1279.0,,,,1.0,,2241,1420,2.8,기타금융,KOSDAQ
086390,1102.0,1947.0,3569.0,4002.0,-211.0,253.0,652.0,660.0,0.9261,199.93,2342,11080,41.92,반도체와반도체장비,KOSDAQ
053030,1685.0,,,,-45.0,,,,1.0,863.02,2334,7140,60.86,제약,KOSDAQ
365270,0.07,39.0,,,-165.0,-136.0,,,,-117.83,2289,10330,,제약,KOSDAQ
043370,12007.0,12528.0,13138.0,13818.0,484.0,451.0,480.0,570.0,1.0,-1890.94,2342,11150,3.4,자동차부품,KOSDAQ
215000,4833.0,4361.0,4662.0,5074.0,681.0,380.0,518.0,590.0,1.0,-972.27,2272,36200,7.28,"호텔,레스토랑,레저",KOSDAQ
493280,116.0,,,,3.0,,,,,-1227.12,2270,15300,,제약,KOSDAQ
073490,1861.0,2430.0,3224.5,4285.5,-11.0,194.0,391.0,629.5,1.0,-330.02,2270,29850,18.46,통신장비,KOSDAQ
416180,1169.0,,,,23.0,,,,1.0,1016.01,2255,24950,19.83,전기제품,KOSDAQ
094360,285.0,311.0,354.5,362.0,70.0,70.0,93.0,96.0,0.9941,-408.23,2268,10620,,반도체와반도체장비,KOSDAQ
254490,6356.0,,,,191.0,,,,,804.44,2260,15650,66.01,반도체와반도체장비,KOSDAQ
046970,425.0,,,,-7.0,,,,,-72.58,2253,5140,,컴퓨터와주변기기,KOSDAQ
445090,728.0,1819.0,2016.0,3954.0,-276.0,50.0,92.0,207.0,1.0,225.09,2251,20600,134.91,반도체와반도체장비,KOSDAQ
095500,5385.0,,,,209.0,,,,1.0,915.39,2208,7120,,디스플레이장비및부품,KOSDAQ
206640,1621.0,,,,289.0,,,,0.9905,-351.5,2208,10080,18.56,생명과학도구및서비스,KOSDAQ
456010,40.0,128.0,253.0,357.0,-89.0,-20.0,84.0,165.0,1.0,-442.16,2238,15430,,통신장비,KOSDAQ
061090,1793.0,2332.0,2728.0,3797.0,163.0,403.0,544.0,977.0,1.0,-885.35,2206,40350,13.76,통신장비,KOSDAQ
005710,10589.0,,,,708.0,,,,1.0,-4449.34,2194,10950,3.27,자동차부품,KOSDAQ
019010,482.0,,,,150.0,,,,0.9269,-3529.87,2205,4575,7.33,"호텔,레스토랑,레저",KOSDAQ
042370,4323.0,,,,557.0,,,,0.2,-1751.18,2188,8350,,전기제품,KOSDAQ
353810,4769.0,,,,450.0,,,,0.949,1172.06,2187,6610,7.96,식품,KOSDAQ
314930,70.0,,,,7.0,,,,1.0,-147.47,2182,7330,,건강관리장비와용품,KOSDAQ
067390,2544.0,,,,74.0,,,,,1473.67,2177,5170,,우주항공과국방,KOSDAQ
290690,383.0,,,,-67.0,,,,,549.83,2177,4110,,디스플레이장비및부품,KOSDAQ
014940,2073.0,,,,243.0,,,,1.0,-267.53,2162,4745,14.6,조선,KOSDAQ
241520,451.0,,,,223.0,,,,0.9716,,2152,8090,5.98,창업투자,KOSDAQ
144510,1655.0,1722.0,,,-138.0,-129.0,,,,1068.53,2149,13600,,건강관리업체및서비스,KOSDAQ
036710,15281.0,,,,-343.0,,,,,7085.04,2161,4090,,반도체와반도체장비,KOSDAQ
217730,36.0,,,,-177.0,,,,,-182.25,2149,2285,,생물공학,KOSDAQ
307180,1029.0,,,,-85.0,,,,0.4805,721.41,2126,5760,,디스플레이장비및부품,KOSDAQ
950170,3086.0,3017.0,,,476.0,59.0,,,1.0,769.35,2131,4370,11.01,백화점과일반상점,KOSDAQ
125020,2991.0,,,,68.0,,,,,202.62,2116,6040,83.37,전기장비,KOSDAQ
475400,131.0,239.0,399.0,528.0,-184.0,-132.0,-44.0,37.0,1.0,-327.17,2122,17970,,기계,KOSDAQ
194480,2956.0,2556.0,3017.0,3334.5,64.0,-297.0,136.0,211.5,0.9939,-420.23,2127,17480,,게임엔터테인먼트,KOSDAQ
052330,3968.0,,,,378.0,,,,0.9999,-930.53,2119,11930,12.87,디스플레이패널,KOSDAQ
446540,432.0,,,,-42.0,,,,,-242.2,2111,7260,,전자장비와기기,KOSDAQ
380540,215.0,,,,-59.0,,,,,121.17,2067,8450,,통신장비,KOSDAQ
318060,205.0,351.0,484.0,694.0,-111.0,-34.0,70.0,224.0,1.0,101.95,2105,18820,,건강관리장비와용품,KOSDAQ
203650,3189.0,,,,225.0,,,,1.0,3352.24,2105,2070,7.6,상업서비스와공급품,KOSDAQ
099430,909.0,,,,150.0,,,,0.7502,363.08,2114,3430,16.3,건강관리장비와용품,KOSDAQ
036190,4234.0,,,,438.0,,,,1.0,-1369.03,2079,34650,4.12,건설,KOSDAQ
134580,486.0,,,,37.0,,,,,-80.71,2090,4240,,양방향미디어와서비스,KOSDAQ
067080,1431.0,,,,32.0,,,,0.7099,944.03,2096,11260,,제약,KOSDAQ
484810,566.0,,,,-8.0,,,,,-107.58,2075,13430,,기계,KOSDAQ
085910,687.0,960.0,1517.0,,78.0,174.0,311.0,,0.7884,30.53,2055,14900,,자동차부품,KOSDAQ
058970,840.0,,,,9.0,,,,1.0,-238.36,2056,16630,,소프트웨어,KOSDAQ
053300,1385.0,,,,271.0,,,,0.9319,-723.45,2038,5020,23.8,IT서비스,KOSDAQ
194700,4043.0,4816.0,,,430.0,542.0,,,0.9848,-137.65,2050,11230,10.33,건강관리업체및서비스,KOSDAQ
419530,1413.0,1645.0,1788.5,2033.0,226.0,233.0,302.0,375.0,1.0,-279.93,2067,20250,,방송과엔터테인먼트,KOSDAQ
304100,416.0,,,,-80.0,,,,,-327.28,2064,16390,,IT서비스,KOSDAQ
018310,3170.0,,,,64.0,,,,1.0,-239.24,2027,13790,2.06,건축제품,KOSDAQ
484120,1398.0,1731.0,2121.0,,34.0,144.0,279.5,,0.9141,-187.25,2005,18300,529.91,디스플레이장비및부품,KOSDAQ
450950,379.0,476.0,734.0,913.0,104.0,44.0,193.0,268.5,1.0,-155.06,2017,5360,49.44,건강관리장비와용품,KOSDAQ
314130,246.0,,,,-292.0,,,,,-386.68,1993,3810,,제약,KOSDAQ
084850,6031.0,4324.0,5233.0,,-70.0,38.0,262.0,,1.0,2696.24,2014,8880,,전자장비와기기,KOSDAQ
199430,159.0,,,,-75.0,,,,,81.8,2004,17900,,기계,KOSDAQ
112290,831.0,1152.0,1705.0,,-18.0,95.0,214.0,,,549.39,1986,9820,,반도체와반도체장비,KOSDAQ
066620,4389.0,,,,458.0,,,,1.0,-3282.89,1988,26500,3.87,건설,KOSDAQ
082800,593.0,,,,-192.0,,,,,227.68,1992,3280,,제약,KOSDAQ
013120,3873.0,,,,171.0,,,,1.0,1317.35,1989,2190,6.74,건설,KOSDAQ
462350,27.0,,,,-722.0,,,,,-633.93,1985,5860,,우주항공과국방,KOSDAQ
452280,632.0,,,,98.0,,,,,335.94,1981,10290,26.93,기계,KOSDAQ
102940,2090.0,,,,176.0,,,,1.0,1256.38,1985,15160,,제약,KOSDAQ
012210,738.0,817.0,,,58.0,80.0,,,,474.4,1950,8460,38.69,기계,KOSDAQ
042420,4368.0,,,,552.0,,,,0.5479,-3572.69,1979,24300,30.93,게임엔터테인먼트,KOSDAQ
403850,939.0,,,,194.0,,,,1.0,-1696.7,1962,13670,17.43,방송과엔터테인먼트,KOSDAQ
034810,22601.0,,,,418.0,,,,,7041.81,1945,6160,,종이와목재,KOSDAQ
214180,3758.0,4481.0,5180.5,5906.5,502.0,588.0,764.0,900.5,0.815,-3433.95,1939,14920,8.53,IT서비스,KOSDAQ
190510,4599.0,3587.0,4628.0,,282.0,151.0,278.0,,1.0,-1122.24,1954,13870,9.72,핸드셋,KOSDAQ
036560,1105.0,,,,102.0,,,,,-120.03,1934,12280,6.86,기계,KOSDAQ
256840,959.0,,,,16.0,,,,1.0,-675.12,1905,2785,9.78,건강관리장비와용품,KOSDAQ
425040,2797.0,,,,248.0,,,,0.9014,485.91,1894,8640,24.02,반도체와반도체장비,KOSDAQ
272110,844.0,1530.0,,,222.0,320.0,,,1.0,823.8,1906,23750,14.28,반도체와반도체장비,KOSDAQ
216080,769.0,,,,38.0,,,,1.0,961.77,1894,5080,19.87,건강관리장비와용품,KOSDAQ
016790,1130.0,,,,50.0,,,,1.0,-108.07,1873,994,,식품,KOSDAQ
459510,125.0,,,,-82.0,,,,,59.45,1901,14650,,기계,KOSDAQ
126600,3979.0,,,,173.0,,,,1.0,1364.79,1883,3000,,화학,KOSDAQ
049430,723.0,,,,180.0,,,,0.9996,-1237.01,1882,20800,5.39,기계,KOSDAQ
357550,175.0,,,,39.0,,,,1.0,-126.49,1879,34450,88.99,화학,KOSDAQ
039830,3281.0,4097.0,4927.0,5673.0,445.0,634.0,879.0,1050.0,1.0,2976.4,1882,17490,10.89,레저용장비와제품,KOSDAQ
143240,1212.0,,,,168.0,,,,1.0,-1754.22,1871,17430,10.8,상업서비스와공급품,KOSDAQ
064850,354.0,586.0,692.0,780.0,107.0,293.0,364.0,414.0,1.0,-140.68,1840,16130,10.28,IT서비스,KOSDAQ
417030,67.0,,,,-166.0,,,,,-59.41,1860,32200,,우주항공과국방,KOSDAQ
115450,696.0,,,,-35.0,,,,,273.38,1865,2105,,제약,KOSDAQ
119830,485.0,,,,-3.0,,,,1.0,-1426.23,1836,6920,,반도체와반도체장비,KOSDAQ
126730,383.0,,,,11.0,,,,1.0,-242.16,1824,20800,24.55,전기제품,KOSDAQ
204610,695.0,,,,170.0,,,,0.8236,-634.56,1836,3295,14.64,게임엔터테인먼트,KOSDAQ
354320,1878.0,2265.0,2847.0,3356.0,62.0,154.0,307.0,417.0,1.0,938.26,1828,28600,,자동차부품,KOSDAQ
220100,187.0,,,,-78.0,,,,,-163.35,1848,8240,,제약,KOSDAQ
126700,1711.0,2891.0,3802.67,4877.0,-326.0,174.0,386.33,584.0,1.0,-708.12,1853,12400,6.29,핸드셋,KOSDAQ
464080,61.0,,,,-161.0,,,,,83.19,1821,10110,,전자장비와기기,KOSDAQ
052710,2538.0,2618.0,3099.0,,55.0,88.0,311.0,,1.0,1026.78,1817,10700,,핸드셋,KOSDAQ
078150,1603.0,,,,62.0,,,,1.0,-273.49,1805,1902,2.56,디스플레이장비및부품,KOSDAQ
222040,2875.0,3993.0,4953.0,,40.0,370.0,486.5,,1.0,1086.38,1778,8620,,건강관리업체및서비스,KOSDAQ
270660,344.0,,,,-32.0,,,,1.0,-57.68,1801,14190,52.27,가정용기기와용품,KOSDAQ
192440,4637.0,,,,332.0,,,,1.0,-2095.52,1800,28950,4.88,핸드셋,KOSDAQ
388050,774.0,1050.0,,,88.0,133.0,,,1.0,-330.49,1796,9600,221.23,전기장비,KOSDAQ
054210,7532.0,,,,432.0,,,,1.0,2009.3,1775,7020,17.37,핸드셋,KOSDAQ
489460,285.0,381.0,,,42.0,108.0,,,1.0,-150.68,1775,12030,45.22,화장품,KOSDAQ
950140,2168.0,,,,374.0,,,,1.0,-316.98,1756,8840,12.77,화장품,KOSDAQ
092130,500.0,533.0,559.0,584.0,156.0,160.0,169.0,178.0,1.0,-398.75,1746,14500,14.25,상업서비스와공급품,KOSDAQ
293780,37.0,,,,-158.0,,,,,-105.98,1759,6260,,건강관리업체및서비스,KOSDAQ
372170,1002.0,,,,-316.0,,,,1.0,-529.84,1759,22050,36.77,전자장비와기기,KOSDAQ
176750,386.0,,,,74.0,,,,1.0,17.19,1772,6220,36.52,제약,KOSDAQ
402030,340.0,,,,-99.0,,,,,-167.68,1774,14170,,소프트웨어,KOSDAQ
143160,3276.0,,,,212.0,,,,0.7318,-911.64,1746,16290,11.45,전자장비와기기,KOSDAQ
094820,2520.0,,,,241.0,,,,0.9492,287.08,1740,11540,18.23,건설,KOSDAQ
083310,2449.0,,,,-81.0,,,,0.7005,-626.2,1751,9830,6.71,반도체와반도체장비,KOSDAQ
264850,696.0,,,,39.0,,,,1.0,-71.5,1727,5700,24.64,전자장비와기기,KOSDAQ
138610,327.0,,,,50.0,,,,,-123.22,1745,15350,,건강관리장비와용품,KOSDAQ
108380,2301.0,2451.0,2563.0,2656.0,271.0,295.0,320.0,336.0,1.0,-1158.26,1736,18140,13.38,조선,KOSDAQ
080160,2104.0,1912.0,2327.0,2486.0,74.0,51.0,187.0,205.0,0.9968,-799.98,1710,9050,28.02,"호텔,레스토랑,레저",KOSDAQ
245620,79.0,,,,-16.0,,,,1.0,34.89,1671,741,,생명과학도구및서비스,KOSDAQ
038390,3656.0,,,,468.0,,,,1.0,3653.37,1682,10060,8.05,도로와철도운송,KOSDAQ
049630,1645.0,,,,107.0,,,,1.0,246.38,1685,7210,41.99,핸드셋,KOSDAQ
086820,152.0,,,,-43.0,,,,1.0,75.28,1682,6490,,생물공학,KOSDAQ
083930,3929.0,,,,346.0,,,,1.0,-56.51,1710,11650,55.18,전기제품,KOSDAQ
114840,2241.0,2450.0,2640.0,2790.0,271.0,230.0,250.0,290.0,1.0,-305.94,1710,10250,11.28,화장품,KOSDAQ
086670,1470.0,1840.0,,,153.0,200.0,,,1.0,809.49,1681,16940,7.29,기계,KOSDAQ
067290,810.0,,,,75.0,,,,1.0,33.37,1676,2990,,제약,KOSDAQ
122990,3212.0,,,,-363.0,,,,1.0,-327.24,1665,6250,16.58,핸드셋,KOSDAQ
123410,7859.0,,,,454.0,,,,0.9904,347.1,1665,5980,3.3,자동차부품,KOSDAQ
118990,7023.0,,,,418.0,,,,0.5905,2052.83,1659,6760,13.47,자동차부품,KOSDAQ
234690,1647.0,,,,173.0,,,,1.0,857.96,1660,9240,22.4,제약,KOSDAQ
093190,1335.0,,,,159.0,,,,0.9995,-434.4,1660,8630,9.91,컴퓨터와주변기기,KOSDAQ
475040,181.0,,,,-586.0,,,,,-625.4,1655,3075,,소프트웨어,KOSDAQ
199820,1960.0,,,,118.0,,,,0.9887,8.52,1646,7410,13.91,전기장비,KOSDAQ
179290,672.0,,,,207.0,,,,1.0,-589.52,1651,5100,16.99,건강관리장비와용품,KOSDAQ
012860,10441.0,,,,368.0,,,,0.9579,2204.76,1637,2235,16.66,자동차부품,KOSDAQ
230240,1420.0,1193.0,2257.0,2806.0,-16.0,-244.0,225.0,540.0,1.0,430.15,1648,12380,127.22,통신장비,KOSDAQ
042600,1649.0,,,,-26.0,,,,,635.71,1625,13080,,가정용기기와용품,KOSDAQ
072870,1273.0,,,,205.0,,,,0.926,-858.27,1621,13600,5.99,교육서비스,KOSDAQ
032620,1977.0,,,,75.0,,,,0.9777,55.28,1623,3110,,건강관리기술,KOSDAQ
023910,2086.0,2220.0,2325.0,2430.0,312.0,326.0,345.0,364.0,,-1146.97,1629,27150,5.86,제약,KOSDAQ
123860,1082.0,,,,202.0,,,,,-567.66,1618,13350,94.34,디스플레이장비및부품,KOSDAQ
382800,919.0,1446.0,1910.0,,78.0,275.0,354.0,,1.0,-134.45,1620,5090,9.58,반도체와반도체장비,KOSDAQ
126640,3789.0,,,,118.0,,,,,-317.56,1630,4650,6.89,자동차부품,KOSDAQ
066410,173.0,,,,-62.0,,,,,18.04,1596,1153,,IT서비스,KOSDAQ
068790,1555.0,,,,42.0,,,,0.9245,315.45,1618,7170,4.92,디스플레이장비및부품,KOSDAQ
308430,19.0,,,,-82.0,,,,,-373.14,1627,12610,,제약,KOSDAQ
041920,649.0,940.0,1258.0,,60.0,160.0,234.0,,1.0,-859.22,1612,8670,12.95,건강관리장비와용품,KOSDAQ
046070,2710.0,,,,4.0,,,,1.0,1706.44,1592,10280,,자동차부품,KOSDAQ
119610,1184.0,1392.0,1604.2,1877.0,195.0,297.0,378.4,474.5,1.0,285.02,1609,14100,95.57,건강관리장비와용품,KOSDAQ
260970,1509.0,,,,230.0,,,,,-585.31,1614,55800,5.95,식품,KOSDAQ
101970,1009.0,,,,7.0,,,,,-90.54,1602,10830,,에너지장비및서비스,KOSDAQ
394800,117.0,,,,-59.0,,,,,-90.76,1610,5060,,건강관리기술,KOSDAQ
413630,193.0,235.0,251.0,272.0,21.0,40.0,58.0,65.0,1.0,-124.9,1596,4380,,기계,KOSDAQ
263860,484.0,556.0,610.0,679.0,70.0,116.0,131.0,149.0,0.9978,-362.71,1598,17600,19.07,소프트웨어,KOSDAQ
331920,58.0,,,,-33.0,,,,1.0,-219.01,1606,14360,,생물공학,KOSDAQ
024800,670.0,,,,12.0,,,,0.9523,551.77,1585,4500,1.43,도로와철도운송,KOSDAQ
054800,9081.0,,,,897.0,,,,0.501,-1775.26,1584,15310,5.59,컴퓨터와주변기기,KOSDAQ
089600,1179.0,1336.0,1530.0,1740.0,123.0,252.0,295.0,346.0,,-1430.93,1567,13550,15.43,광고,KOSDAQ
051370,4680.0,4553.0,4827.0,4730.0,286.0,172.0,290.5,260.0,1.0,-655.77,1577,6760,9.08,전자장비와기기,KOSDAQ
039860,381.0,,,,11.0,,,,1.0,-470.57,1588,4170,,생명과학도구및서비스,KOSDAQ
104480,3458.0,,,,24.0,,,,,802.66,1587,1746,,화학,KOSDAQ
355150,152.0,230.0,576.5,,2.0,53.0,175.0,,,215.76,1563,20050,,반도체와반도체장비,KOSDAQ
101360,1420.0,,,,-6.0,,,,1.0,2124.25,1579,8880,,화학,KOSDAQ
405100,689.0,850.0,1100.0,,48.0,122.0,215.0,,0.9799,35.24,1552,12630,68.3,반도체와반도체장비,KOSDAQ
011040,1963.0,,,,77.0,,,,1.0,-19.89,1563,5080,,제약,KOSDAQ
032580,536.0,,,,-21.0,,,,,-41.06,1561,4710,50.92,반도체와반도체장비,KOSDAQ
264450,1164.0,1277.0,1452.0,1613.0,231.0,278.0,293.0,350.0,1.0,-698.33,1533,10450,6.43,통신장비,KOSDAQ
046440,2338.0,2359.0,2426.0,2494.0,331.0,352.0,396.0,425.0,1.0,-307.79,1542,4255,4.86,IT서비스,KOSDAQ
024060,1079.0,,,,-10.0,,,,,-17.12,1532,10210,106.27,석유와가스,KOSDAQ
065660,75.0,,,,-24.0,,,,,-426.85,1542,15410,,제약,KOSDAQ
013990,1891.0,,,,140.0,,,,1.0,-213.4,1536,4670,9.63,"섬유,의류,신발,호화품",KOSDAQ
007330,1017.0,,,,169.0,,,,,,1531,10150,8.34,기타금융,KOSDAQ
023600,5399.0,,,,299.0,,,,0.848,-646.76,1514,9460,2.85,포장재,KOSDAQ
389020,106.0,,,,-71.0,,,,,14.38,1529,22150,,통신장비,KOSDAQ
046120,579.0,,,,-140.0,,,,1.0,419.74,1507,4450,,에너지장비및서비스,KOSDAQ
418550,552.0,,,,-42.0,,,,,-34.84,1527,4770,48.64,건설,KOSDAQ
187870,841.0,,,,173.0,,,,1.0,-619.0,1530,11040,14.43,디스플레이장비및부품,KOSDAQ
138360,234.0,,,,6.0,,,,,106.26,1524,1732,,기계,KOSDAQ
049960,531.0,,,,79.0,,,,1.0,-962.25,1502,15980,16.73,생물공학,KOSDAQ
205500,367.0,,,,14.0,,,,,-151.91,1496,1838,4.0,게임엔터테인먼트,KOSDAQ
047770,397.0,,,,24.0,,,,0.9886,-312.35,1495,3950,18.26,"섬유,의류,신발,호화품",KOSDAQ
300080,360.0,,,,62.0,,,,1.0,-183.46,1494,9050,,양방향미디어와서비스,KOSDAQ
054450,1928.0,2465.0,2839.0,3305.0,-62.0,170.0,257.0,325.0,0.9944,1215.68,1487,9820,7.75,반도체와반도체장비,KOSDAQ
039840,1641.0,1905.0,2152.0,2560.0,101.0,233.0,296.0,350.0,1.0,374.67,1485,11070,107.43,건강관리장비와용품,KOSDAQ
308080,0.23,,,,-171.0,,,,,-221.44,1492,7280,,제약,KOSDAQ
041020,3242.0,,,,91.0,,,,0.3606,-1536.6,1486,2990,10.2,자동차부품,KOSDAQ
051160,5871.0,,,,251.0,,,,0.6576,-1519.53,1465,9470,13.97,판매업체,KOSDAQ
445180,1425.0,,,,172.0,,,,,-285.13,1465,8520,13.04,반도체와반도체장비,KOSDAQ
382900,434.0,760.0,1160.0,,9.0,40.0,100.0,,1.0,997.06,1476,16850,,전기제품,KOSDAQ
148150,2779.0,2964.0,3587.0,,18.0,35.0,341.0,,1.0,-396.2,1463,4115,21.79,핸드셋,KOSDAQ
078070,1557.0,,,,306.0,,,,0.6055,-1088.16,1476,8650,17.12,통신장비,KOSDAQ
093640,90.0,,,,-102.0,,,,,-21.88,1414,4305,,반도체와반도체장비,KOSDAQ
048870,1131.0,,,,192.0,,,,0.2692,-607.3,1445,1640,97.97,건강관리장비와용품,KOSDAQ
001540,3069.0,,,,98.0,,,,1.0,131.61,1436,11010,95.13,제약,KOSDAQ
293580,292.0,,,,73.0,,,,1.0,,1410,1485,55.46,창업투자,KOSDAQ
005990,21962.0,,,,640.0,,,,0.4628,-916.14,1436,10800,2.25,식품,KOSDAQ
067280,3308.0,,,,319.0,,,,0.9923,-1475.99,1408,23750,6.41,교육서비스,KOSDAQ
060150,1872.0,,,,182.0,,,,1.0,427.16,1408,3090,200.2,상업서비스와공급품,KOSDAQ
084990,26.0,,,,-99.0,,,,,-533.0,1410,3060,,생물공학,KOSDAQ
469610,757.0,,,,86.0,,,,0.9609,-316.4,1407,15730,22.11,디스플레이장비및부품,KOSDAQ
092070,791.0,,,,-7.0,,,,,-256.2,1404,12130,53.57,반도체와반도체장비,KOSDAQ
147830,379.0,,,,106.0,,,,,-828.47,1406,7030,9.9,전기장비,KOSDAQ
251370,1446.0,,,,129.0,,,,,442.69,1405,7800,,화학,KOSDAQ
036170,317.0,,,,24.0,,,,1.0,-7.71,1396,2275,6.73,디스플레이장비및부품,KOSDAQ
408920,728.0,,,,190.0,,,,1.0,-644.76,1407,3255,19.22,양방향미디어와서비스,KOSDAQ
005160,7278.0,,,,70.0,,,,,2388.03,1394,2570,,철강,KOSDAQ
340450,315.0,383.0,470.0,638.0,12.0,31.0,65.0,138.0,,-382.78,1393,5890,36.97,생명과학도구및서비스,KOSDAQ
079960,5965.0,,,,536.0,,,,1.0,-1734.02,1393,18450,3.48,전기제품,KOSDAQ
153890,222.0,,,,-8.0,,,,1.0,-193.95,1393,11560,,기계,KOSDAQ
003100,1904.0,,,,414.0,,,,1.0,1914.75,1386,21000,3.97,운송인프라,KOSDAQ
032940,1507.0,,,,89.0,,,,0.987,596.35,1383,7600,,화장품,KOSDAQ
474650,131.0,245.0,454.0,727.0,-74.0,-77.0,82.0,249.0,,73.82,1392,24200,,기계,KOSDAQ
417010,403.0,,,,-5.0,,,,1.0,631.09,1384,6860,59.86,전자장비와기기,KOSDAQ
396300,858.0,1291.0,,,-18.0,76.0,,,,486.56,1377,5200,16.99,전자장비와기기,KOSDAQ
038290,1953.0,,,,2.0,,,,,354.7,1377,12700,,생명과학도구및서비스,KOSDAQ
334970,125.0,238.14,,,-337.0,-491.29,,,,844.28,1389,1787,,제약,KOSDAQ
069510,4682.0,,,,458.0,,,,1.0,-1464.61,1372,12580,4.49,전자장비와기기,KOSDAQ
088800,1784.0,,,,-222.0,,,,,621.37,1380,1827,,통신장비,KOSDAQ
086890,567.0,,,,16.0,,,,,-19.21,1370,3360,56.06,제약,KOSDAQ
289080,210.0,214.0,,,-84.0,-27.0,,,1.0,,1362,2265,26.58,창업투자,KOSDAQ
041520,379.0,,,,-9.0,,,,1.0,-876.69,1370,11240,,반도체와반도체장비,KOSDAQ
095700,46.0,,,,-362.0,,,,,890.62,1371,3010,,생물공학,KOSDAQ
035610,1207.0,,,,246.0,,,,0.6045,-2148.7,1362,4980,2.99,건강관리기술,KOSDAQ
274090,764.0,,,,-92.0,,,,,180.77,1360,9870,,우주항공과국방,KOSDAQ
418420,87.0,,,,-58.0,,,,,114.7,1359,4415,,반도체와반도체장비,KOSDAQ
035080,30616.0,,,,-296.0,,,,,1024.67,1359,11890,,인터넷과카탈로그소매,KOSDAQ
226590,965.0,,,,115.0,,,,1.0,53.28,1339,12490,12.86,반도체와반도체장비,KOSDAQ
338840,29.0,,,,-93.0,,,,,-255.41,1339,8690,,생물공학,KOSDAQ
115310,287.0,,,,65.0,,,,1.0,-648.84,1357,9150,9.48,IT서비스,KOSDAQ
489500,202.0,334.0,439.0,516.0,46.0,110.0,158.0,190.0,1.0,-248.17,1320,20650,51.22,반도체와반도체장비,KOSDAQ
136540,986.0,,,,212.0,,,,0.9997,-961.66,1320,10750,7.98,소프트웨어,KOSDAQ
494120,73.0,152.0,,,-75.0,-17.0,,,,-144.65,1334,8740,,생명과학도구및서비스,KOSDAQ
321550,123.0,,,,-161.0,,,,,95.09,1319,4390,,제약,KOSDAQ
049720,1780.0,1840.0,1910.0,,167.0,180.0,180.0,,1.0,58.56,1314,9190,11.57,상업서비스와공급품,KOSDAQ
080420,3581.0,,,,279.0,,,,0.9691,4974.63,1315,1649,,전문소매,KOSDAQ
192410,167.0,,,,-18.0,,,,,-103.69,1307,5190,,통신장비,KOSDAQ
264660,1962.0,,,,247.0,,,,1.0,-453.96,1300,13370,8.74,반도체와반도체장비,KOSDAQ
009780,1977.0,,,,297.0,,,,1.0,214.11,1292,7340,5.02,식품,KOSDAQ
140670,670.0,,,,-36.0,,,,,-161.48,1297,10100,,기계,KOSDAQ
265740,716.0,986.0,1233.0,,125.0,178.0,222.0,,,-29.83,1297,7260,18.0,화장품,KOSDAQ
198440,718.0,,,,74.0,,,,,543.36,1301,2135,,건축자재,KOSDAQ
388790,177.0,,,,6.0,,,,,-49.06,1290,4215,,통신장비,KOSDAQ
036690,851.0,,,,-142.0,,,,,233.68,1257,2885,,통신장비,KOSDAQ
094840,212.0,,,,39.0,,,,1.0,-719.61,1290,13150,1.89,전자장비와기기,KOSDAQ
267320,824.0,,,,-89.0,,,,1.0,100.11,1289,2245,16.13,전기제품,KOSDAQ
950190,1125.0,,,,153.0,,,,1.0,-850.92,1289,9900,6.95,게임엔터테인먼트,KOSDAQ
285490,556.0,,,,67.0,,,,1.0,-1013.87,1266,11970,8.54,핸드셋,KOSDAQ
307750,1310.0,,,,-26.0,,,,1.0,74.82,1285,2380,63.47,제약,KOSDAQ
432720,54.0,,,,-245.0,,,,,-334.01,1261,8890,,반도체와반도체장비,KOSDAQ
102120,2441.0,,,,101.0,,,,1.0,401.33,1262,7100,,반도체와반도체장비,KOSDAQ
142210,7690.0,9459.0,,,323.0,666.0,,,1.0,2692.95,1253,6040,4.17,반도체와반도체장비,KOSDAQ
297890,628.0,,,,44.0,,,,1.0,-272.05,1251,1710,4.72,디스플레이장비및부품,KOSDAQ
220260,568.0,,,,10.0,,,,,-46.94,1260,3930,67.83,화학,KOSDAQ
322510,33.0,,,,-132.0,,,,,-104.3,1250,4860,,건강관리기술,KOSDAQ
457550,448.0,,,,51.0,,,,,-288.53,1244,13350,23.88,에너지장비및서비스,KOSDAQ
086980,627.0,,,,-117.0,,,,1.0,-1287.34,1246,1996,,방송과엔터테인먼트,KOSDAQ
149950,809.0,828.0,1259.0,1873.0,61.0,82.0,224.0,478.0,,-491.16,1238,9060,47.4,디스플레이장비및부품,KOSDAQ
232680,538.0,,,,40.0,,,,1.0,-88.07,1236,9320,51.11,반도체와반도체장비,KOSDAQ
240550,1135.0,1312.0,,,170.0,238.0,,,1.0,66.37,1237,5910,13.65,건강관리장비와용품,KOSDAQ
473980,757.0,,,,123.0,,,,1.0,-54.36,1247,11460,20.17,방송과엔터테인먼트,KOSDAQ
282880,1547.0,2216.0,2646.0,3044.0,-254.0,-5.0,150.0,170.0,1.0,694.96,1228,10500,25.1,기계,KOSDAQ
008830,2209.0,,,,2.0,,,,,1256.91,1237,6450,39.95,기계,KOSDAQ
095190,925.0,,,,-48.0,,,,,424.25,1227,1880,,기계,KOSDAQ
146320,876.0,1142.0,1392.0,1737.0,39.0,93.0,162.0,219.0,1.0,832.62,1226,9580,222.85,반도체와반도체장비,KOSDAQ
452450,651.0,,,,-212.0,,,,1.0,-2.55,1234,3425,,IT서비스,KOSDAQ
163730,916.0,1500.0,2431.0,3325.0,15.0,73.0,159.0,296.0,0.8945,-146.32,1224,10190,26.73,IT서비스,KOSDAQ
458650,856.0,,,,10.0,,,,0.97,-1393.45,1220,8110,12.21,전기제품,KOSDAQ
322310,521.0,636.0,,,-84.0,15.0,,,1.0,408.78,1223,13060,81.09,반도체와반도체장비,KOSDAQ
048550,1005.0,,,,-13.0,,,,,-561.15,1212,1253,,광고,KOSDAQ
037070,1679.0,,,,33.0,,,,,16.91,1216,6080,257.75,가정용기기와용품,KOSDAQ
108230,1710.0,,,,-31.0,,,,1.0,-1745.4,1219,3205,5.09,기계,KOSDAQ
211270,478.0,,,,-43.0,,,,,-696.04,1220,8090,19.51,통신장비,KOSDAQ
052260,1305.0,,,,127.0,,,,1.0,-194.61,1210,4035,18.58,화장품,KOSDAQ
049520,4123.0,,,,264.0,,,,0.9983,-908.09,1217,3945,10.42,핸드셋,KOSDAQ
361390,596.0,,,,-21.0,,,,,-300.53,1209,12420,75.61,우주항공과국방,KOSDAQ
027710,14559.0,,,,350.0,,,,0.9817,3748.51,1208,1084,17.86,식품,KOSDAQ
212560,2321.0,,,,137.0,,,,,-305.58,1208,8960,6.22,자동차부품,KOSDAQ
122450,3461.0,3892.0,4197.0,4450.0,384.0,547.0,598.0,651.0,0.7226,607.26,1206,2690,13.27,복합기업,KOSDAQ
021320,18334.0,,,,883.0,,,,,1805.25,1190,5560,10.38,건설,KOSDAQ
063570,3840.0,4556.0,5037.0,5558.0,307.0,371.0,430.0,480.0,0.9939,2340.34,1192,3490,14.73,상업서비스와공급품,KOSDAQ
290740,2449.0,,,,66.0,,,,1.0,-371.48,1188,11800,14.12,핸드셋,KOSDAQ
228850,1147.0,1408.0,1579.5,1787.0,-40.0,120.0,147.0,176.5,0.9932,-1417.37,1188,7160,7.91,건강관리장비와용품,KOSDAQ
041590,180.0,,,,-20.0,,,,1.0,-245.29,1161,2370,,건설,KOSDAQ
056090,472.0,596.0,735.0,,38.0,29.0,76.0,,1.0,97.59,1187,1150,114.27,건강관리장비와용품,KOSDAQ
299030,938.0,1657.0,2999.0,4284.0,-0.0,65.0,346.0,574.0,1.0,521.77,1190,14880,,전자장비와기기,KOSDAQ
451760,869.0,,,,-162.0,,,,,-814.91,1179,7140,,우주항공과국방,KOSDAQ
478340,132.0,,,,-55.0,,,,,-267.24,1182,10220,,우주항공과국방,KOSDAQ
041440,2896.0,,,,54.0,,,,1.0,736.52,1169,6550,17.8,기계,KOSDAQ
339950,1195.0,,,,191.0,,,,1.0,-208.94,1169,2600,10.75,교육서비스,KOSDAQ
323990,71.0,,,,-155.0,,,,,-178.48,1179,5070,,제약,KOSDAQ
255220,1022.0,,,,8.0,,,,,513.11,1179,1076,,건축자재,KOSDAQ
036630,2842.0,,,,-108.0,,,,1.0,734.93,1166,8330,4.45,다각화된통신서비스,KOSDAQ
166480,202.0,,,,-212.0,,,,,332.14,1163,2200,,생물공학,KOSDAQ
053080,4635.0,,,,-620.0,,,,1.0,1094.59,1165,8960,20.2,기계,KOSDAQ
059120,246.0,,,,10.0,,,,,-176.83,1165,6360,200.72,반도체와반도체장비,KOSDAQ
259630,1842.0,1830.0,,,246.0,252.0,,,1.0,-263.69,1156,9460,7.09,전기제품,KOSDAQ
217270,1225.0,,,,25.0,,,,0.4093,-201.29,1157,2475,,게임엔터테인먼트,KOSDAQ
073010,955.0,,,,115.0,,,,1.0,291.54,1151,2865,8.49,조선,KOSDAQ
158430,676.0,,,,104.0,,,,0.71,74.77,1141,4660,10.15,소프트웨어,KOSDAQ
333430,507.0,,,,109.0,,,,0.5446,-246.78,1141,3715,22.24,조선,KOSDAQ
106190,702.0,,,,129.0,,,,,-29.79,1133,10660,12.28,제약,KOSDAQ
366030,450.0,,,,68.0,,,,1.0,-294.77,1146,5060,13.84,"섬유,의류,신발,호화품",KOSDAQ
417500,536.0,,,,104.0,,,,1.0,238.61,1154,3520,35.48,반도체와반도체장비,KOSDAQ
052860,369.0,,,,40.0,,,,1.0,2.28,1126,6300,,반도체와반도체장비,KOSDAQ
394420,88.0,185.0,281.0,394.0,-106.0,-26.0,52.0,135.0,1.0,-76.96,1144,10400,,건강관리장비와용품,KOSDAQ
017510,323.0,,,,148.0,,,,,-140.83,1125,7380,32.85,전기장비,KOSDAQ
474170,106.0,,,,-6.0,,,,,-305.55,1126,6320,,우주항공과국방,KOSDAQ
047310,6865.0,,,,-64.0,,,,1.0,382.87,1117,3050,14.17,핸드셋,KOSDAQ
090850,1426.0,,,,242.0,,,,1.0,-804.57,1123,4995,,상업서비스와공급품,KOSDAQ
038540,4186.0,,,,-482.0,,,,,-438.02,1115,2015,,기타금융,KOSDAQ
054050,1588.0,,,,136.0,,,,1.0,-104.8,1114,6950,12.97,생물공학,KOSDAQ
051980,198.0,,,,-46.0,,,,,-8.13,1120,1008,,통신장비,KOSDAQ
063170,213.0,,,,-40.0,,,,,803.77,1120,6300,,판매업체,KOSDAQ
256940,1701.0,,,,16.0,,,,0.6904,729.31,1112,5540,30.53,비철금속,KOSDAQ
067900,1170.0,,,,261.0,,,,1.0,339.48,1114,6120,5.49,해운사,KOSDAQ
037350,7434.0,,,,577.0,,,,1.0,-668.6,1110,7300,137.55,건설,KOSDAQ
141000,651.0,716.0,,,92.0,55.0,,,1.0,-784.79,1105,9120,65.75,디스플레이장비및부품,KOSDAQ
387690,146.0,,,,28.0,,,,0.976,92.78,1105,14490,,건강관리장비와용품,KOSDAQ
402490,1022.0,,,,60.0,,,,0.9721,445.94,1109,6550,84.73,반도체와반도체장비,KOSDAQ
311320,546.0,691.0,,,44.0,108.0,,,1.0,-133.74,1100,8720,67.36,반도체와반도체장비,KOSDAQ
105330,811.0,,,,-30.0,,,,1.0,1283.13,1110,6930,56.13,반도체와반도체장비,KOSDAQ
488280,101.0,190.0,,,-56.0,13.0,,,1.0,-119.59,1105,10210,,IT서비스,KOSDAQ
018120,998.0,,,,140.0,,,,0.969,-372.16,1096,16550,17.3,음료,KOSDAQ
475230,595.0,1030.0,,,45.0,130.0,,,0.7541,756.53,1101,10100,,건설,KOSDAQ
310200,1503.0,,,,227.0,,,,0.8595,150.11,1098,2105,16.62,방송과엔터테인먼트,KOSDAQ
330350,1064.0,,,,57.0,,,,,-23.11,1098,8320,16.13,제약,KOSDAQ
021080,706.0,,,,320.0,,,,,,1097,2285,8.57,창업투자,KOSDAQ
123040,17406.0,,,,313.0,,,,0.2442,4116.44,1095,1749,19.71,자동차부품,KOSDAQ
051360,6403.0,,,,572.0,,,,0.9643,549.41,1089,11290,14.37,디스플레이장비및부품,KOSDAQ
067990,25491.0,,,,408.0,,,,1.0,9382.17,1094,3750,13.82,자동차,KOSDAQ
297090,1261.0,1478.0,1503.0,,111.0,137.0,168.0,,1.0,-6.78,1085,3980,,기계,KOSDAQ
246710,270.0,403.0,,,-91.0,-8.0,,,,227.32,1084,2275,,생물공학,KOSDAQ
493330,450.0,730.0,990.0,,68.0,115.0,160.0,,1.0,-311.54,1093,13600,10.76,전자장비와기기,KOSDAQ
189330,103.0,,,,-32.0,,,,,-187.99,1084,11550,,IT서비스,KOSDAQ
120240,1081.0,,,,112.0,,,,,-764.08,1079,15000,9.28,화학,KOSDAQ
101170,571.0,,,,12.0,,,,1.0,-66.86,1077,7980,16.96,기계,KOSDAQ
053700,16846.0,,,,617.0,,,,1.0,3565.92,1075,4025,4.25,자동차부품,KOSDAQ
115500,249.0,,,,21.0,,,,,-54.49,1076,8970,29.99,IT서비스,KOSDAQ
242040,1023.0,,,,23.0,,,,,-94.35,1083,3130,,IT서비스,KOSDAQ
059210,1030.0,1201.0,1478.0,1918.0,214.0,229.0,309.0,407.0,1.0,82.46,1073,3950,10.32,건강관리장비와용품,KOSDAQ
453450,1256.0,,,,8.0,,,,1.0,-202.99,1075,13530,,전기유틸리티,KOSDAQ
039340,759.0,,,,-24.0,,,,1.0,-251.67,1074,4880,12.69,방송과엔터테인먼트,KOSDAQ
100700,637.0,,,,127.0,,,,0.977,-985.14,1064,2430,8.38,건강관리장비와용품,KOSDAQ
054920,7712.0,,,,61.0,,,,0.8369,677.8,1064,3770,104.07,비철금속,KOSDAQ
336680,5501.0,,,,89.0,,,,1.0,1393.57,1057,2700,8.5,자동차부품,KOSDAQ
109740,432.0,,,,-227.0,,,,0.9111,-60.64,1055,4105,42.72,전자장비와기기,KOSDAQ
073560,2871.0,,,,327.0,,,,1.0,842.77,1052,1519,1.0,식품,KOSDAQ
246720,26.0,,,,-26.0,,,,,-87.65,994,6070,,건강관리장비와용품,KOSDAQ
039560,5418.0,,,,385.0,,,,,702.8,1038,2420,,통신장비,KOSDAQ
006620,2427.0,,,,92.0,,,,1.0,722.56,1032,3625,13.64,제약,KOSDAQ
131030,872.0,,,,89.0,,,,,-408.55,1027,5820,7.99,제약,KOSDAQ
474610,382.0,454.0,633.6,,41.0,55.0,96.4,,,-100.79,1023,7100,,우주항공과국방,KOSDAQ
079650,451.0,,,,-33.0,,,,1.0,-524.86,1046,5230,20.57,건축자재,KOSDAQ
053260,1772.0,,,,15.0,,,,1.0,-775.6,1016,5430,21.92,철강,KOSDAQ
074430,220.0,,,,36.0,,,,1.0,-363.95,1013,1149,48.45,제약,KOSDAQ
071280,1249.0,,,,144.0,,,,1.0,-525.09,1023,6690,10.75,반도체와반도체장비,KOSDAQ
396470,152.0,250.0,,,25.0,60.0,,,1.0,-572.58,1016,6300,53.8,반도체와반도체장비,KOSDAQ
475580,630.0,,,,-105.0,,,,1.0,129.12,1011,7420,50.9,교육서비스,KOSDAQ
290720,868.0,,,,-82.0,,,,0.997,309.76,1011,2650,,식품,KOSDAQ
052420,1657.0,,,,301.0,,,,1.0,-1266.36,1002,10290,9.19,디스플레이장비및부품,KOSDAQ
066790,183.0,,,,-50.0,,,,1.0,-131.24,974,2205,43.92,방송과엔터테인먼트,KOSDAQ
298540,4775.0,,,,70.0,,,,1.0,1164.89,1000,6900,5.4,"섬유,의류,신발,호화품",KOSDAQ
042500,1831.0,,,,143.0,,,,1.0,-278.79,993,4455,5.17,IT서비스,KOSDAQ
066590,3686.0,,,,5.0,,,,1.0,850.77,990,2560,9.74,자동차부품,KOSDAQ
352090,697.0,,,,119.0,,,,1.0,-300.89,988,3675,10.47,가정용기기와용품,KOSDAQ
091440,134.0,,,,-246.0,,,,,769.63,987,2850,,통신장비,KOSDAQ
309960,264.0,,,,97.0,,,,1.0,,986,4245,16.41,창업투자,KOSDAQ
357880,156.0,,,,-44.0,,,,,84.59,987,1821,,IT서비스,KOSDAQ
068240,1121.0,,,,-1207.0,,,,0.9473,3527.83,966,2530,125.7,기계,KOSDAQ
042510,638.0,625.0,718.0,814.0,28.0,32.0,68.0,90.0,0.9992,-18.92,983,8850,23.76,소프트웨어,KOSDAQ
362320,2174.0,,,,54.0,,,,0.6083,212.46,992,4795,,인터넷과카탈로그소매,KOSDAQ
088130,5824.0,,,,1132.0,,,,0.5105,-1160.61,979,5600,,디스플레이장비및부품,KOSDAQ
235980,39.0,,,,-140.0,,,,,-340.08,977,2850,,제약,KOSDAQ
083500,737.0,650.0,1155.0,1390.0,104.0,161.0,288.0,370.0,0.859,-123.19,964,11600,54.75,디스플레이장비및부품,KOSDAQ
040350,109.0,,,,-64.0,,,,,315.44,968,4875,,IT서비스,KOSDAQ
036220,1286.0,,,,24.0,,,,1.0,9.5,970,6780,,생명과학도구및서비스,KOSDAQ
002230,972.0,,,,53.0,,,,1.0,-568.42,963,5230,19.7,전기제품,KOSDAQ
005860,4549.0,,,,59.0,,,,1.0,55.91,965,2450,1.5,식품,KOSDAQ
086710,808.0,,,,61.0,,,,0.8147,591.72,963,7890,17.85,화장품,KOSDAQ
250060,51.0,,,,-29.0,,,,,-342.15,962,2990,,소프트웨어,KOSDAQ
217820,3907.0,,,,14.0,,,,1.0,963.55,959,2020,,전기제품,KOSDAQ
255440,348.0,,,,-65.0,,,,,65.47,960,7350,,디스플레이장비및부품,KOSDAQ
452190,242.0,,,,20.0,,,,1.0,-95.15,954,3990,,전기제품,KOSDAQ
049950,409.0,,,,-247.0,,,,1.0,-281.55,950,10770,87.34,디스플레이장비및부품,KOSDAQ
017650,1688.0,,,,53.0,,,,1.0,-694.04,951,10830,3.89,포장재,KOSDAQ
380550,26.0,,,,-165.0,,,,,-383.54,948,7770,,건강관리기술,KOSDAQ
125210,1306.0,,,,94.0,,,,1.0,435.46,949,5750,15.38,화학,KOSDAQ
307930,216.0,,,,98.0,,,,,,955,6120,,창업투자,KOSDAQ
348350,578.0,,,,51.0,,,,1.0,-790.07,941,9630,16.58,반도체와반도체장비,KOSDAQ
307870,146.0,,,,-67.0,,,,,39.5,947,1274,,IT서비스,KOSDAQ
419050,1442.0,,,,54.0,,,,1.0,1489.26,935,1634,32.36,자동차부품,KOSDAQ
432470,412.0,598.0,688.0,770.0,-16.0,65.0,88.0,110.0,1.0,-56.53,941,10730,62.6,전기제품,KOSDAQ
040300,1342.0,,,,-136.0,,,,,-1412.8,947,1986,,방송과엔터테인먼트,KOSDAQ
109610,5016.0,,,,-66.0,,,,0.5433,1499.62,934,1909,,건축자재,KOSDAQ
013310,10089.0,,,,644.0,,,,1.0,8719.94,927,2390,3.16,자동차부품,KOSDAQ
205100,478.0,,,,37.0,,,,0.7605,-728.89,932,1380,14.68,소프트웨어,KOSDAQ
351320,130.0,,,,-95.0,,,,,310.1,927,3120,,디스플레이장비및부품,KOSDAQ
023900,1635.0,,,,168.0,,,,0.7632,-133.27,920,7300,18.23,화학,KOSDAQ
187790,857.0,1092.0,1388.5,1767.0,55.0,74.0,148.5,217.0,1.0,244.5,919,2980,,화학,KOSDAQ
036010,1339.0,1336.0,1469.0,,83.0,83.0,118.0,,1.0,-421.6,919,6910,,전기제품,KOSDAQ
182360,872.0,,,,-73.0,,,,0.9626,-243.25,917,5900,24.07,방송과엔터테인먼트,KOSDAQ
053350,328.0,,,,-24.0,,,,1.0,-1355.99,920,4180,,소프트웨어,KOSDAQ
078140,1021.0,,,,73.0,,,,0.8423,269.19,916,8260,24.28,제약,KOSDAQ
053580,744.0,797.0,908.0,1030.0,135.0,131.0,154.0,176.0,,-228.44,911,7030,16.57,소프트웨어,KOSDAQ
058820,1052.0,,,,-37.0,,,,1.0,509.56,918,620,51.85,제약,KOSDAQ
282720,2648.0,,,,4.0,,,,1.0,28.27,910,7510,7.14,에너지장비및서비스,KOSDAQ
443670,545.0,,,,36.0,,,,1.0,-363.47,917,3820,621.9,IT서비스,KOSDAQ
107600,384.0,,,,-94.0,,,,,170.1,912,16140,,전기제품,KOSDAQ
306620,758.0,,,,16.0,,,,,275.6,906,1890,,반도체와반도체장비,KOSDAQ
950130,313.0,,,,-634.0,,,,,-2481.91,904,2570,,생명과학도구및서비스,KOSDAQ
040420,1031.0,1018.0,1015.0,995.0,98.0,102.0,104.0,105.0,1.0,44.82,914,5830,8.24,교육서비스,KOSDAQ
129920,952.0,,,,-23.0,,,,,703.89,902,5550,,기계,KOSDAQ
093920,1949.0,,,,34.0,,,,1.0,-1293.96,904,4860,7.49,핸드셋,KOSDAQ
047560,1068.0,,,,-190.0,,,,,-349.59,900,7660,,소프트웨어,KOSDAQ
063080,992.0,,,,-68.0,,,,0.294,1549.29,900,13650,,게임엔터테인먼트,KOSDAQ
357230,2582.0,2862.0,3217.0,3686.0,135.0,170.0,264.0,378.0,0.9211,-209.86,900,2180,10.85,건강관리업체및서비스,KOSDAQ
226400,454.0,576.0,726.5,865.0,89.0,118.0,157.0,176.0,1.0,87.07,899,4350,26.09,건강관리장비와용품,KOSDAQ
099750,726.0,789.0,960.0,,22.0,50.0,95.0,,1.0,-37.03,892,6530,99.34,건강관리기술,KOSDAQ
317770,215.0,,,,-14.0,,,,,-106.7,898,2450,,전자장비와기기,KOSDAQ
009300,778.0,,,,110.0,,,,1.0,-908.15,889,13960,4.89,제약,KOSDAQ
263720,855.0,642.0,621.0,705.0,173.0,99.0,89.0,119.0,1.0,-544.88,888,7150,77.1,출판,KOSDAQ
413390,755.0,,,,44.0,,,,1.0,160.59,892,7700,9.78,전기제품,KOSDAQ
096240,2209.0,2260.0,,,22.0,100.0,,,1.0,260.62,890,8690,12.71,교육서비스,KOSDAQ
209640,461.0,,,,-35.0,,,,1.0,244.47,887,3120,368.21,전자장비와기기,KOSDAQ
156100,389.0,,,,7.0,,,,1.0,79.67,887,3970,,건강관리장비와용품,KOSDAQ
950220,1.0,,,,-252.0,,,,,-253.37,886,2590,,제약,KOSDAQ
172670,484.0,636.0,737.0,,-74.0,60.0,143.0,,1.0,802.98,885,9880,36.16,반도체와반도체장비,KOSDAQ
029480,76.0,,,,-42.0,,,,1.0,-1877.83,886,1484,12.56,IT서비스,KOSDAQ
330730,255.0,,,,135.0,,,,,,885,4860,17.96,창업투자,KOSDAQ
048530,57.0,,,,-79.0,,,,,-384.22,880,2850,,생명과학도구및서비스,KOSDAQ
322180,589.0,,,,-43.0,,,,,-383.59,879,4090,,IT서비스,KOSDAQ
004650,1223.0,,,,159.0,,,,1.0,178.14,869,9450,,음료,KOSDAQ
289930,407.0,,,,6.0,,,,,-530.18,877,6670,,우주항공과국방,KOSDAQ
032300,876.0,,,,-9.0,,,,,55.51,871,7990,3079.42,제약,KOSDAQ
025950,334.0,,,,-22.0,,,,,-662.04,872,10380,18.54,건설,KOSDAQ
478560,573.0,,,,93.0,,,,1.0,224.28,867,3355,,"섬유,의류,신발,호화품",KOSDAQ
072020,491.0,510.0,,,65.0,66.0,,,,-207.47,864,9330,18.27,제약,KOSDAQ
149980,321.0,,,,41.0,,,,1.0,-211.39,863,5020,29.71,건강관리장비와용품,KOSDAQ
102370,123.0,,,,-41.0,,,,,676.66,867,3350,,판매업체,KOSDAQ
033290,7932.0,,,,227.0,,,,1.0,3788.33,854,1521,9.86,항공화물운송과물류,KOSDAQ
044990,819.0,,,,97.0,,,,1.0,-356.64,859,11180,4.16,전자장비와기기,KOSDAQ
130580,914.0,963.0,1006.0,1050.0,154.0,168.0,177.0,186.0,1.0,-364.63,864,5610,9.29,상업서비스와공급품,KOSDAQ
079810,740.0,,,,26.0,,,,1.0,-819.2,849,3945,285.18,전기제품,KOSDAQ
045970,3751.0,,,,-22.0,,,,,154.41,846,3215,,핸드셋,KOSDAQ
049180,1402.0,,,,-51.0,,,,,46.83,840,1009,,건설,KOSDAQ
183490,678.0,,,,-143.0,,,,,-814.75,838,990,,제약,KOSDAQ
089230,123.0,,,,-86.0,,,,,130.27,853,2165,,양방향미디어와서비스,KOSDAQ
282620,3466.0,,,,322.0,,,,1.0,587.25,845,14410,,"섬유,의류,신발,호화품",KOSDAQ
054540,1185.0,,,,102.0,,,,0.9826,1328.93,849,6530,9.09,조선,KOSDAQ
066980,1999.0,,,,28.0,,,,0.2,172.95,845,1571,91.71,건설,KOSDAQ
418470,882.0,975.0,1062.0,1179.0,144.0,152.0,172.0,204.0,,-754.08,841,9820,8.38,출판,KOSDAQ
086960,1877.0,,,,58.0,,,,1.0,-374.63,842,1979,98.01,소프트웨어,KOSDAQ
302550,245.0,,,,7.0,,,,0.9717,-10.92,841,2720,125.1,건강관리장비와용품,KOSDAQ
091120,2051.0,,,,-199.0,,,,,926.14,841,4910,,핸드셋,KOSDAQ
223250,666.0,,,,52.0,,,,0.9491,-198.72,839,3410,20.64,제약,KOSDAQ
900300,1833.0,,,,-615.0,,,,,-1868.3,839,4075,,화장품,KOSDAQ
067000,1404.0,,,,57.0,,,,0.711,827.83,835,1195,34.03,게임엔터테인먼트,KOSDAQ
950250,75.81,78.28,,,-71.27,-93.34,,,,-28.65,836,2355,,반도체와반도체장비,KOSDAQ
066430,364.0,,,,2.0,,,,,63.25,834,2130,9.61,화학,KOSDAQ
038110,25620.0,,,,357.0,,,,1.0,8841.09,832,2020,4.09,자동차부품,KOSDAQ
215100,134.0,,,,-20.0,,,,0.9768,-55.17,833,4095,68.84,교육서비스,KOSDAQ
019550,327.0,,,,93.0,,,,,,833,1028,16.72,창업투자,KOSDAQ
104460,3963.0,,,,286.0,,,,1.0,170.8,830,7890,43.13,기계,KOSDAQ
217190,568.0,,,,10.0,,,,0.9873,173.14,830,6310,31.94,반도체와반도체장비,KOSDAQ
037030,4470.0,,,,246.0,,,,0.7121,1332.25,827,3240,,전기제품,KOSDAQ
137950,3675.0,,,,77.0,,,,1.0,2012.72,828,3720,7.8,에너지장비및서비스,KOSDAQ
040910,1970.0,,,,45.0,,,,,76.79,827,4550,,디스플레이장비및부품,KOSDAQ
487400,178.0,,,,-18.0,,,,,-32.27,824,8030,,통신장비,KOSDAQ
412540,1513.0,,,,-72.0,,,,,654.7,811,3935,,전기제품,KOSDAQ
175250,834.0,,,,-120.0,,,,1.0,202.91,815,2170,,화장품,KOSDAQ
131370,488.0,,,,24.0,,,,0.9883,-154.78,825,1549,27.02,소프트웨어,KOSDAQ
185490,36.0,,,,-99.0,,,,,-391.63,823,1904,,생물공학,KOSDAQ
101330,13713.0,,,,418.0,,,,0.5487,1606.69,822,3550,5.13,자동차부품,KOSDAQ
234300,1682.0,,,,90.0,,,,0.9784,64.8,816,3000,6.21,IT서비스,KOSDAQ
054670,2024.0,,,,117.0,,,,,633.33,823,5730,10.36,제약,KOSDAQ
201490,1209.0,,,,126.0,,,,0.2089,-878.71,821,2510,12.3,게임엔터테인먼트,KOSDAQ
105740,1288.0,,,,111.0,,,,1.0,401.08,811,7980,7.52,기계,KOSDAQ
487580,799.0,,,,104.0,,,,1.0,-166.74,815,3235,8.02,가정용기기와용품,KOSDAQ
337930,2741.0,,,,173.0,,,,0.9626,-5.29,809,2725,16.54,"섬유,의류,신발,호화품",KOSDAQ
036640,789.0,,,,134.0,,,,1.0,-191.92,808,4940,7.27,화학,KOSDAQ
037760,1270.0,,,,-11.0,,,,0.7528,680.14,809,2390,17.91,철강,KOSDAQ
040160,1016.0,,,,-61.0,,,,1.0,129.14,808,6700,16.73,IT서비스,KOSDAQ
100130,1197.0,,,,69.0,,,,,-104.95,797,1394,,에너지장비및서비스,KOSDAQ
033560,58.0,,,,6.0,,,,1.0,142.64,797,4660,,부동산,KOSDAQ
451250,680.0,,,,45.0,,,,1.0,-223.4,804,7860,153.68,화장품,KOSDAQ
065450,830.0,,,,44.0,,,,1.0,182.06,807,2735,,우주항공과국방,KOSDAQ
090470,307.0,,,,-237.0,,,,,305.19,806,4610,,전자장비와기기,KOSDAQ
214680,1163.0,,,,-139.0,,,,,541.05,801,960,,건강관리장비와용품,KOSDAQ
246960,220.0,347.0,,,-34.0,0.0,,,,286.78,803,2360,,건강관리업체및서비스,KOSDAQ
299660,88.0,,,,-113.0,,,,,168.64,795,2695,,생물공학,KOSDAQ
058400,685.0,,,,32.0,,,,0.993,-1268.19,791,5970,18.95,방송과엔터테인먼트,KOSDAQ
038680,4574.0,,,,107.0,,,,0.9073,-147.43,796,4000,4.44,IT서비스,KOSDAQ
381620,227.0,,,,-123.0,,,,1.0,-42.2,794,6050,15.45,기계,KOSDAQ
320000,115.0,,,,-50.0,,,,,478.65,795,11500,25.05,전자장비와기기,KOSDAQ
053280,6265.0,,,,29.0,,,,1.0,1704.06,792,3170,,인터넷과카탈로그소매,KOSDAQ
078890,5175.0,,,,125.0,,,,1.0,1593.85,789,4280,,전자제품,KOSDAQ
066700,2716.0,,,,102.0,,,,0.9024,6.93,793,2135,5.54,제약,KOSDAQ
012700,3877.0,,,,109.0,,,,1.0,6052.64,788,3010,18.01,석유와가스,KOSDAQ
382840,1491.0,,,,70.0,,,,1.0,-454.7,788,5160,49.72,전기제품,KOSDAQ
115440,755.0,,,,19.0,,,,1.0,-95.45,788,7300,11.2,통신장비,KOSDAQ
124560,11173.0,,,,22.0,,,,0.9618,1507.04,790,2040,5.52,해운사,KOSDAQ
048910,3428.0,,,,100.0,,,,1.0,287.36,787,6260,24.35,방송과엔터테인먼트,KOSDAQ
251120,192.0,213.0,233.4,,63.0,80.0,102.2,,,-552.51,787,9050,21.98,생물공학,KOSDAQ
371950,324.0,,,,-199.0,,,,,473.14,787,3455,,디스플레이장비및부품,KOSDAQ
463020,188.0,,,,-11.0,,,,,-443.26,786,8750,,IT서비스,KOSDAQ
007820,1491.0,,,,-80.0,,,,1.0,212.48,784,3915,,기계,KOSDAQ
065510,1180.0,,,,56.0,,,,1.0,700.4,781,7180,22.97,건강관리장비와용품,KOSDAQ
302430,386.0,802.0,890.0,,-57.0,28.0,45.0,,1.0,-200.2,786,7990,14.22,전기제품,KOSDAQ
347890,623.0,,,,-58.0,,,,1.0,127.78,781,4590,20.48,전자장비와기기,KOSDAQ
900260,7552.0,,,,112.0,,,,1.0,-1636.36,780,1695,1.83,통신장비,KOSDAQ
088390,591.0,,,,65.0,,,,1.0,36.31,781,8320,,레저용장비와제품,KOSDAQ
073640,141.0,,,,-101.0,,,,,108.38,761,654,,기계,KOSDAQ
058630,917.0,,,,176.0,,,,1.0,-633.77,772,4110,5.54,게임엔터테인먼트,KOSDAQ
011370,6451.0,,,,626.0,,,,1.0,2694.27,774,3835,,건설,KOSDAQ
091590,727.0,,,,38.0,,,,0.9908,-98.76,780,6640,,건설,KOSDAQ
263800,1038.0,,,,12.0,,,,,-71.83,770,4745,51.58,IT서비스,KOSDAQ
338220,348.0,,,,-49.0,,,,,-241.86,778,5560,,건강관리기술,KOSDAQ
205470,301.0,,,,-106.0,,,,,-1564.25,765,3100,,생명과학도구및서비스,KOSDAQ
045660,1602.0,,,,87.0,,,,1.0,165.21,767,9280,22.47,컴퓨터와주변기기,KOSDAQ
475430,693.0,812.0,878.0,959.0,74.0,91.0,102.0,121.0,,-228.69,759,4250,8.88,전기장비,KOSDAQ
228670,1113.0,,,,-98.0,,,,1.0,278.08,762,4875,,건강관리장비와용품,KOSDAQ
094860,310.0,,,,-46.0,,,,,-237.51,765,1440,,게임엔터테인먼트,KOSDAQ
052460,2065.0,3282.0,4876.0,5723.0,80.0,94.0,191.0,236.0,1.0,-28.77,764,5230,12.06,IT서비스,KOSDAQ
290660,161.0,,,,-29.0,,,,,-60.78,759,1771,,건강관리장비와용품,KOSDAQ
039980,436.0,,,,-47.0,,,,,-31.92,758,5270,53.52,IT서비스,KOSDAQ
024880,7439.0,,,,354.0,,,,1.0,2009.51,757,3795,4.96,기계,KOSDAQ
365330,974.0,,,,-27.0,,,,1.0,-331.75,756,1507,9.28,건축자재,KOSDAQ
047820,1722.0,,,,28.0,,,,0.9143,-1324.52,757,3095,,방송과엔터테인먼트,KOSDAQ
067370,137.0,,,,50.0,,,,,254.36,756,6190,30.2,생물공학,KOSDAQ
204840,353.0,,,,3.0,,,,1.0,176.25,744,4800,,제약,KOSDAQ
004590,1416.0,,,,175.0,,,,1.0,-79.79,756,5040,5.43,식품과기본식료품소매,KOSDAQ
225530,385.0,,,,-49.0,,,,1.0,468.88,754,2075,11.82,건축자재,KOSDAQ
041930,4034.0,,,,172.0,,,,1.0,73.36,754,4960,9.1,자동차부품,KOSDAQ
265560,1086.0,,,,180.0,,,,1.0,-162.21,754,7050,18.23,자동차부품,KOSDAQ
208140,1609.0,,,,68.0,,,,1.0,414.57,752,2300,2.8,식품,KOSDAQ
457600,445.0,559.0,721.0,945.0,-34.0,1.0,23.0,43.0,0.9165,132.42,750,5470,,교육서비스,KOSDAQ
277880,2647.0,,,,82.0,,,,1.0,349.16,749,3775,,전자장비와기기,KOSDAQ
140070,2084.0,,,,-117.0,,,,0.9452,1890.04,751,2030,23.29,반도체와반도체장비,KOSDAQ
080010,1038.0,,,,229.0,,,,0.7078,-696.54,747,7600,8.61,다각화된소비자서비스,KOSDAQ
060590,1238.0,,,,62.0,,,,1.0,221.11,752,3110,,제약,KOSDAQ
417790,491.0,,,,133.0,,,,,-720.27,743,7100,10.87,전자장비와기기,KOSDAQ
170030,3679.0,,,,123.0,,,,1.0,-369.24,744,4850,8.33,자동차부품,KOSDAQ
128660,3490.0,,,,122.0,,,,0.9019,707.81,744,3000,6.92,비철금속,KOSDAQ
389030,105.0,,,,-117.0,,,,,-232.02,739,1875,,생물공학,KOSDAQ
212710,322.0,619.0,,,-58.0,90.0,,,1.0,227.47,738,7600,,반도체와반도체장비,KOSDAQ
294630,34.0,,,,-39.0,,,,,8.02,741,2795,,전기장비,KOSDAQ
011320,4302.0,,,,144.0,,,,1.0,420.41,738,3820,15.71,자동차부품,KOSDAQ
173130,2333.0,,,,140.0,,,,1.0,-344.22,741,5680,14.63,IT서비스,KOSDAQ
142280,1084.0,,,,29.0,,,,1.0,149.63,738,3080,56.04,건강관리장비와용품,KOSDAQ
085670,1541.0,1475.0,1855.0,2065.0,92.0,11.0,107.0,163.0,1.0,81.13,737,3010,23.46,전자장비와기기,KOSDAQ
084730,5366.0,,,,159.0,,,,0.575,726.74,738,6640,13.13,전자제품,KOSDAQ
214260,310.0,338.0,,,-30.0,,,,,152.27,736,8250,,화장품,KOSDAQ
076610,1603.0,,,,-67.0,,,,,424.73,737,1244,,핸드셋,KOSDAQ
389140,337.0,,,,-74.0,,,,,-48.81,736,5160,,방송과엔터테인먼트,KOSDAQ
020710,1684.0,,,,151.0,,,,1.0,-245.24,735,3665,10.5,"호텔,레스토랑,레저",KOSDAQ
017480,2180.0,,,,51.0,,,,,-1165.59,732,4740,7.69,철강,KOSDAQ
054040,4178.0,,,,229.0,,,,1.0,565.02,734,4565,3.91,디스플레이장비및부품,KOSDAQ
303810,1303.0,,,,130.0,,,,,294.71,732,2290,13.33,건강관리장비와용품,KOSDAQ
012790,806.0,,,,74.0,,,,,-406.94,729,6080,6.77,제약,KOSDAQ
061250,1008.0,,,,-23.0,,,,,-895.91,733,8710,37.97,제약,KOSDAQ
019540,8551.0,,,,480.0,,,,1.0,1830.49,732,5420,1.0,자동차부품,KOSDAQ
261780,2.0,,,,-143.0,,,,,-94.52,730,2520,,제약,KOSDAQ
067170,8521.0,,,,-23.0,,,,,2289.1,728,2650,,기계,KOSDAQ
253840,94.0,,,,-188.0,,,,,-129.83,728,4350,,건강관리장비와용품,KOSDAQ
360070,231.0,,,,-352.0,,,,,575.91,728,8890,27.44,전자장비와기기,KOSDAQ
041910,555.0,,,,32.0,,,,,-60.1,723,5440,21.47,제약,KOSDAQ
234920,82.0,,,,-37.0,,,,,297.85,718,5310,,건강관리장비와용품,KOSDAQ
000440,496.0,,,,-17.0,,,,,-49.42,728,11690,,석유와가스,KOSDAQ
217330,261.0,,,,-82.0,,,,,-81.28,727,3145,,건강관리업체및서비스,KOSDAQ
052900,1263.0,1515.0,,,54.0,254.0,,,1.0,-163.85,727,948,15.22,반도체와반도체장비,KOSDAQ
064800,449.0,,,,-211.0,,,,1.0,-449.92,726,2840,,전문소매,KOSDAQ
030960,559.0,494.93,,,-61.0,-63.61,,,,-935.0,722,4520,231.07,상업서비스와공급품,KOSDAQ
377480,98.0,,,,-64.0,,,,,83.85,722,10160,,IT서비스,KOSDAQ
033130,399.0,,,,55.0,,,,1.0,-339.81,722,1946,24.22,IT서비스,KOSDAQ
171120,1303.0,,,,114.0,,,,1.0,-393.16,722,2010,17.43,건축자재,KOSDAQ
234030,1546.0,,,,25.0,,,,0.9751,-242.4,718,3040,111.91,반도체와반도체장비,KOSDAQ
332370,491.0,,,,109.0,,,,0.9986,-370.58,717,5400,7.54,컴퓨터와주변기기,KOSDAQ
331380,453.0,,,,-102.0,,,,,0.04,713,1950,16.06,전자장비와기기,KOSDAQ
002800,1138.0,,,,108.0,,,,1.0,370.93,713,4700,20.23,제약,KOSDAQ
067570,16239.0,,,,-219.0,,,,0.5757,7524.84,715,1695,20.49,자동차부품,KOSDAQ
347000,367.0,,,,25.0,,,,1.0,-168.67,712,1883,,전자장비와기기,KOSDAQ
024830,2116.0,,,,31.0,,,,,-1850.76,711,8520,4.26,자동차부품,KOSDAQ
092040,420.0,,,,-171.0,,,,,491.74,714,1011,,생물공학,KOSDAQ
153710,223.0,,,,-24.0,,,,,14.49,711,4845,,제약,KOSDAQ
096350,599.0,,,,-1.0,,,,0.8343,566.88,699,1897,30.56,조선,KOSDAQ
006140,1786.0,,,,110.0,,,,,33.94,700,4710,16.45,건강관리장비와용품,KOSDAQ
054620,849.0,,,,-68.0,,,,0.9106,399.15,701,3810,10.69,반도체와반도체장비,KOSDAQ
457370,339.0,,,,49.0,,,,,-228.5,701,8690,10.51,디스플레이장비및부품,KOSDAQ
010280,5720.0,6363.0,7066.0,7792.0,209.0,354.0,402.0,467.0,0.9813,-18.78,703,5400,10.69,IT서비스,KOSDAQ
196490,333.0,,,,-65.0,,,,,90.05,691,6090,,전기제품,KOSDAQ
388870,,,,,-115.07,,,,,-134.37,699,5400,,생물공학,KOSDAQ
096250,347.0,,,,1.0,,,,1.0,-456.03,698,5910,84.06,소프트웨어,KOSDAQ
451220,329.0,500.0,,,2.0,40.0,,,1.0,5.42,697,8850,,반도체와반도체장비,KOSDAQ
365660,160.0,,,,-7.0,,,,,-188.51,698,5190,,건강관리업체및서비스,KOSDAQ
043610,3029.0,,,,162.0,,,,0.6356,-794.18,693,1193,14.43,방송과엔터테인먼트,KOSDAQ
137080,545.0,,,,-88.0,,,,1.0,-541.84,694,6480,,디스플레이장비및부품,KOSDAQ
225190,214.0,,,,-169.0,,,,1.0,-37.93,691,980,131.63,전자장비와기기,KOSDAQ
036000,103.0,,,,-14.0,,,,,-1728.48,690,2995,4.55,출판,KOSDAQ
331740,255.0,,,,-135.0,,,,,255.98,688,7060,,자동차부품,KOSDAQ
066310,233.0,,,,3.0,,,,1.0,-262.0,690,7440,33.92,반도체와반도체장비,KOSDAQ
950200,592.0,,,,-23.0,,,,,12.42,692,3595,,생명과학도구및서비스,KOSDAQ
179530,129.0,,,,-35.0,,,,,0.02,689,2540,,제약,KOSDAQ
048430,1973.0,,,,18.0,,,,1.0,-702.26,688,5970,5.59,자동차부품,KOSDAQ
221800,256.0,,,,-24.0,,,,,-213.23,691,4235,84.36,건강관리업체및서비스,KOSDAQ
014950,600.0,665.0,751.0,886.0,33.0,33.0,38.0,45.0,1.0,-320.58,688,6830,,제약,KOSDAQ
038460,4828.0,,,,226.0,,,,1.0,527.5,686,2715,3.91,전기장비,KOSDAQ
049550,775.0,,,,8.0,,,,1.0,519.14,683,3485,21.76,컴퓨터와주변기기,KOSDAQ
110790,3119.0,,,,-47.0,,,,1.0,2329.25,685,2925,8.2,"섬유,의류,신발,호화품",KOSDAQ
460940,76.0,90.0,,,10.0,15.0,,,1.0,-267.88,685,5090,26.21,건강관리장비와용품,KOSDAQ
168330,222.0,,,,-33.0,,,,,84.16,683,2150,,화장품,KOSDAQ
104040,285.0,,,,-79.0,,,,1.0,1142.26,682,2545,,자동차부품,KOSDAQ
072950,1209.0,,,,90.0,,,,0.978,-129.5,682,8470,9.08,전자장비와기기,KOSDAQ
041460,367.0,,,,67.0,,,,1.0,-182.42,681,3585,36.74,IT서비스,KOSDAQ
024740,1266.0,,,,35.0,,,,0.7868,103.44,683,2075,9.66,자동차부품,KOSDAQ
303360,151.0,217.0,,,37.0,60.0,,,,-136.61,679,5270,85.77,건강관리장비와용품,KOSDAQ
100030,189.0,,,,23.0,,,,1.0,-1309.1,678,20650,10.31,소프트웨어,KOSDAQ
222110,134.0,,,,15.0,,,,,-120.0,675,4995,,생물공학,KOSDAQ
162300,3522.0,,,,30.0,,,,1.0,687.63,677,1633,19.05,철강,KOSDAQ
417970,765.0,,,,81.0,,,,1.0,-330.48,674,10540,38.9,기계,KOSDAQ
026150,1490.0,,,,-316.0,,,,0.8652,236.44,676,3850,,건설,KOSDAQ
109860,917.0,,,,14.0,,,,0.9994,-91.09,669,7350,270.45,기계,KOSDAQ
270520,169.0,,,,-112.0,,,,,651.88,674,2910,,에너지장비및서비스,KOSDAQ
412350,47.0,,,,-135.0,,,,,51.26,672,4600,,반도체와반도체장비,KOSDAQ
081150,2092.0,,,,52.0,,,,,598.75,666,2745,,비철금속,KOSDAQ
123420,1253.0,,,,107.0,,,,0.8986,-376.39,666,6400,33.01,게임엔터테인먼트,KOSDAQ
396270,397.0,,,,-129.0,,,,,65.96,669,2035,,반도체와반도체장비,KOSDAQ
241690,1072.0,,,,21.0,,,,1.0,537.16,666,2720,11.3,자동차부품,KOSDAQ
049080,403.0,,,,-125.0,,,,,229.93,665,7830,,통신장비,KOSDAQ
483350,307.0,,,,16.0,,,,1.0,-265.96,660,3015,,IT서비스,KOSDAQ
004780,2666.0,,,,103.0,,,,,-409.66,662,4160,4.99,포장재,KOSDAQ
061040,2660.0,,,,-252.0,,,,1.0,-196.17,661,7300,31.07,핸드셋,KOSDAQ
014970,943.0,,,,65.0,,,,1.0,145.84,661,4460,26.57,포장재,KOSDAQ
111710,168.0,,,,41.0,,,,,-461.9,656,3185,7.47,"호텔,레스토랑,레저",KOSDAQ
175140,555.0,,,,-116.0,,,,,-70.62,659,2640,,전자제품,KOSDAQ
208370,308.0,,,,-2.0,,,,1.0,-249.83,658,2555,31.77,건강관리장비와용품,KOSDAQ
032850,360.0,,,,59.0,,,,1.0,-251.41,656,3945,17.62,건강관리기술,KOSDAQ
064240,980.0,,,,-29.0,,,,,-450.34,657,1895,,전문소매,KOSDAQ
411080,116.0,,,,-18.0,,,,,-300.99,655,4290,264.85,소프트웨어,KOSDAQ
039010,1533.0,,,,70.0,,,,1.0,-193.74,655,7590,,통신장비,KOSDAQ
439580,1859.0,,,,-20.0,,,,,295.73,651,1924,,건강관리업체및서비스,KOSDAQ
424960,94.0,,,,-53.0,,,,,-253.11,651,3950,,자동차부품,KOSDAQ
083790,274.0,,,,-238.0,,,,,477.68,653,849,,생명과학도구및서비스,KOSDAQ
065170,65.0,,,,-28.0,,,,,-23.38,648,2320,,건강관리업체및서비스,KOSDAQ
032540,944.0,,,,33.0,,,,0.9995,130.95,650,3110,18.33,전자제품,KOSDAQ
122350,5705.0,,,,83.0,,,,0.7676,4177.29,647,1688,13.17,자동차부품,KOSDAQ
382480,362.0,,,,11.0,,,,1.0,-60.13,647,1645,19.41,전기제품,KOSDAQ
456070,53.0,,,,-179.0,,,,,-182.6,640,5800,,제약,KOSDAQ
136150,296.0,,,,-18.0,,,,,-8.62,639,7630,,에너지장비및서비스,KOSDAQ
001840,1152.0,,,,33.0,,,,,16.75,626,2215,,건설,KOSDAQ
005670,3203.0,,,,184.0,,,,0.8357,690.05,637,6370,7.79,식품,KOSDAQ
216050,505.0,,,,115.0,,,,1.0,-1356.05,642,5260,10.87,광고,KOSDAQ
010240,1370.0,,,,149.0,,,,1.0,-411.34,639,5460,5.54,기계,KOSDAQ
420570,330.0,520.0,,,29.0,90.0,,,1.0,-88.64,635,10860,,화장품,KOSDAQ
039420,476.0,,,,105.0,,,,0.9239,-401.32,640,2790,8.43,IT서비스,KOSDAQ
294090,37.0,,,,-222.0,,,,,192.25,623,1490,,건강관리장비와용품,KOSDAQ
043650,675.0,,,,-8.0,,,,0.999,-504.85,635,3555,16.98,음료,KOSDAQ
448710,681.0,,,,83.0,,,,,223.43,627,11860,9.46,우주항공과국방,KOSDAQ
059270,151.0,,,,-6.0,,,,,-147.21,623,5580,,기계,KOSDAQ
187420,434.0,,,,12.0,,,,0.9866,60.14,625,1915,4.0,생물공학,KOSDAQ
082210,1957.0,2287.0,2630.0,,-31.0,140.0,237.0,,1.0,1191.2,616,1763,38.75,전자장비와기기,KOSDAQ
147760,253.0,,,,-204.0,,,,,22.52,634,3170,,반도체와반도체장비,KOSDAQ
443250,565.0,,,,89.0,,,,0.8294,-464.43,616,5700,41.68,양방향미디어와서비스,KOSDAQ
318160,511.0,,,,93.0,,,,1.0,90.67,619,6630,,화장품,KOSDAQ
203400,9.0,,,,-194.0,,,,,-46.86,609,676,,제약,KOSDAQ
054300,672.0,,,,-28.0,,,,,433.33,615,1063,165.61,해운사,KOSDAQ
155650,1728.0,,,,46.0,,,,1.0,-68.51,613,3230,8.14,디스플레이장비및부품,KOSDAQ
049470,248.0,,,,-45.0,,,,,-102.6,612,2600,,소프트웨어,KOSDAQ
094850,921.0,,,,98.0,,,,,-861.38,611,4365,13.46,"호텔,레스토랑,레저",KOSDAQ
060570,2250.0,,,,6.0,,,,1.0,-501.37,600,4050,,방송과엔터테인먼트,KOSDAQ
039020,4471.0,,,,-12.0,,,,,2070.23,611,2705,,건축자재,KOSDAQ
060310,290.0,284.0,,,-58.0,-51.0,,,1.0,-63.57,609,1147,54.96,기계,KOSDAQ
008370,876.0,,,,66.0,,,,,-428.79,606,5050,7.94,화학,KOSDAQ
291230,272.0,,,,-30.0,,,,,36.41,604,2515,,광고,KOSDAQ
016250,13420.0,,,,528.0,,,,,5639.79,604,12000,,건설,KOSDAQ
323350,269.0,363.0,477.0,587.0,40.0,55.0,78.0,91.0,,-208.57,604,7540,990.32,반도체와반도체장비,KOSDAQ
357580,1221.0,1270.0,1940.0,,53.0,50.0,210.0,,1.0,387.41,602,5110,,핸드셋,KOSDAQ
044340,3695.0,,,,-607.0,,,,1.0,2478.93,608,3400,18.91,가정용기기와용품,KOSDAQ
014470,3195.0,,,,18.0,,,,1.0,-91.03,600,999,,가정용기기와용품,KOSDAQ
066670,1886.0,,,,-18.0,,,,1.0,-1406.03,599,3205,30.25,핸드셋,KOSDAQ
214270,2723.0,,,,305.0,,,,,141.13,602,1330,,양방향미디어와서비스,KOSDAQ
053620,1404.0,,,,24.0,,,,1.0,-889.54,599,6960,8.96,가정용품,KOSDAQ
370090,121.0,,,,-72.0,,,,,-278.02,598,6990,36.21,전자장비와기기,KOSDAQ
228340,559.0,,,,-47.0,,,,,-119.73,598,2990,9.7,건축자재,KOSDAQ
241790,1680.0,,,,90.0,,,,0.9869,79.92,596,5960,9.91,반도체와반도체장비,KOSDAQ
089850,6679.0,,,,215.0,,,,0.5675,1688.68,598,4060,6.51,전자제품,KOSDAQ
033320,3138.0,,,,77.0,,,,0.9385,-283.59,597,3125,,컴퓨터와주변기기,KOSDAQ
067920,1433.0,,,,160.0,,,,1.0,-486.14,596,5420,7.91,IT서비스,KOSDAQ
100590,1239.0,,,,-7.0,,,,1.0,-30.09,594,3465,20.13,통신장비,KOSDAQ
215360,5320.0,,,,187.0,,,,0.9874,757.41,594,6500,7.26,자동차부품,KOSDAQ
191420,59.0,,,,-44.0,,,,1.0,-271.92,598,7380,,생물공학,KOSDAQ
003310,1010.0,,,,106.0,,,,1.0,-156.74,593,1675,5.95,식품,KOSDAQ
419080,54.0,,,,-63.0,,,,,-36.77,591,5440,541.26,디스플레이장비및부품,KOSDAQ
460870,558.0,664.0,761.0,,49.0,63.0,94.0,,,239.33,588,2930,54.22,포장재,KOSDAQ
039610,814.0,,,,-16.0,,,,1.0,208.13,590,5670,7.14,기계,KOSDAQ
053160,231.0,,,,4.0,,,,1.0,-321.57,588,9800,113.63,기계,KOSDAQ
049480,2331.0,,,,79.0,,,,0.9525,-254.76,589,1873,15.93,컴퓨터와주변기기,KOSDAQ
099520,252.0,,,,-33.0,,,,1.0,-23.66,581,1284,,통신장비,KOSDAQ
408470,664.0,,,,82.0,,,,1.0,-362.09,588,5560,28.09,IT서비스,KOSDAQ
352910,335.0,,,,-37.0,,,,1.0,-185.58,588,4650,317.78,소프트웨어,KOSDAQ
263600,1769.0,,,,16.0,,,,1.0,544.79,587,3685,,핸드셋,KOSDAQ
095270,805.0,,,,-16.0,,,,1.0,-92.29,586,4080,114.7,우주항공과국방,KOSDAQ
037440,2319.0,2509.0,2964.0,3140.0,91.0,95.0,133.0,135.0,1.0,60.51,582,4180,17.4,건설,KOSDAQ
045340,275.0,,,,94.0,,,,,-320.65,585,6830,10.01,운송인프라,KOSDAQ
333620,488.0,,,,-61.0,,,,1.0,2.59,582,5290,47.12,전자장비와기기,KOSDAQ
321370,190.0,,,,-116.0,,,,,142.21,586,1134,,통신장비,KOSDAQ
464490,107.0,,,,-64.0,,,,,-92.59,581,5060,,생물공학,KOSDAQ
126880,1473.0,,,,32.0,,,,1.0,-270.22,582,2510,32.81,석유와가스,KOSDAQ
273640,291.0,,,,17.0,,,,,37.85,579,5280,24.75,전기제품,KOSDAQ
348150,693.0,,,,-97.0,,,,,-313.59,579,2980,,건강관리업체및서비스,KOSDAQ
024910,7053.0,,,,73.0,,,,0.8226,2055.72,578,1615,9.4,자동차부품,KOSDAQ
263690,1027.0,,,,90.0,,,,1.0,-62.49,579,5110,12.83,건강관리장비와용품,KOSDAQ
033310,865.0,,,,28.0,,,,1.0,144.82,578,1445,42.93,자동차부품,KOSDAQ
024950,1756.0,,,,124.0,,,,0.5068,-751.38,577,4655,18.17,레저용장비와제품,KOSDAQ
050960,307.0,,,,51.0,,,,,-336.74,575,8510,12.44,소프트웨어,KOSDAQ
179900,200.0,,,,-483.0,,,,,788.1,576,2910,,핸드셋,KOSDAQ
010470,2277.0,,,,89.0,,,,1.0,-860.36,575,4800,12.89,광고,KOSDAQ
033230,3427.0,,,,-43.0,,,,,-65.85,573,1135,,IT서비스,KOSDAQ
065530,755.0,,,,55.0,,,,1.0,295.69,572,1195,42.08,무선통신서비스,KOSDAQ
007370,1207.0,,,,25.0,,,,,687.5,572,4050,6.02,제약,KOSDAQ
062970,36.0,,,,-34.0,,,,,-173.85,571,1999,,통신장비,KOSDAQ
459100,1687.0,2427.0,2830.0,3212.0,26.0,86.0,122.0,195.0,0.8608,729.12,572,4245,66.78,핸드셋,KOSDAQ
251630,490.0,,,,-128.0,,,,,51.33,569,3570,57.62,기계,KOSDAQ
036120,413.0,,,,68.0,,,,1.0,-270.77,571,1624,262.37,상업서비스와공급품,KOSDAQ
294140,75.0,,,,-71.0,,,,,96.71,566,2270,,화학,KOSDAQ
340930,600.0,,,,-27.0,,,,,326.79,555,806,,전자장비와기기,KOSDAQ
070300,185.0,,,,19.0,,,,,11.1,564,1588,,핸드셋,KOSDAQ
027050,737.0,,,,-44.0,,,,1.0,-102.77,563,1408,64.18,화장품,KOSDAQ
036090,4830.0,,,,258.0,,,,0.3249,1444.27,563,1323,,디스플레이장비및부품,KOSDAQ
043710,357.0,,,,-83.0,,,,1.0,1489.03,564,3255,,건강관리업체및서비스,KOSDAQ
053270,4262.0,,,,243.0,,,,1.0,3985.39,563,2055,4.22,자동차부품,KOSDAQ
459550,1129.0,,,,90.0,,,,1.0,-356.25,561,2225,17.59,핸드셋,KOSDAQ
347860,148.0,,,,-102.0,,,,,-118.92,561,1330,,소프트웨어,KOSDAQ
054930,3855.0,,,,92.0,,,,,-253.29,559,18630,4.93,건설,KOSDAQ
217480,301.0,,,,-63.0,,,,,-170.39,548,499,,화장품,KOSDAQ
094940,235.0,,,,-10.0,,,,1.0,-72.04,559,6680,27.78,컴퓨터와주변기기,KOSDAQ
226340,460.0,,,,-83.0,,,,0.272,82.35,560,6680,457.59,화장품,KOSDAQ
053050,1701.0,,,,73.0,,,,,287.08,558,1860,17.87,가스유틸리티,KOSDAQ
262260,1471.0,,,,-58.0,,,,1.0,1211.96,555,3680,16.13,전자장비와기기,KOSDAQ
025550,2194.0,,,,82.0,,,,0.2,1229.53,555,2175,,철강,KOSDAQ
117670,823.0,,,,-20.0,,,,,-239.76,558,8370,,반도체와반도체장비,KOSDAQ
435570,356.0,,,,3.0,,,,1.0,260.41,551,7240,,식품,KOSDAQ
036670,1168.0,,,,109.0,,,,,-431.43,552,5130,7.45,화학,KOSDAQ
347740,228.0,,,,39.0,,,,1.0,-317.91,548,1827,15.34,생명과학도구및서비스,KOSDAQ
452400,1226.0,,,,-10.0,,,,1.0,-244.48,549,6050,81.19,전기제품,KOSDAQ
040610,477.0,,,,37.0,,,,,546.1,546,3205,0.58,자동차부품,KOSDAQ
097800,755.0,,,,-143.0,,,,,495.09,543,1991,,반도체와반도체장비,KOSDAQ
291650,35.0,,,,-78.0,,,,,-58.31,547,1793,,생명과학도구및서비스,KOSDAQ
314140,1362.0,,,,51.0,,,,,-5.2,541,6240,13.75,제약,KOSDAQ
238090,504.0,,,,48.0,,,,0.9977,47.59,543,1782,,핸드셋,KOSDAQ
105760,914.0,,,,34.0,,,,1.0,-175.89,542,5320,10.18,상업서비스와공급품,KOSDAQ
046940,3763.0,,,,672.0,,,,1.0,-204.38,539,2980,1.1,건설,KOSDAQ
288180,539.0,,,,26.0,,,,1.0,141.76,542,7330,,우주항공과국방,KOSDAQ
453860,246.0,,,,-1.0,,,,,295.11,546,8470,22.66,화장품,KOSDAQ
170790,656.0,758.0,824.0,,54.0,115.0,140.0,,1.0,-354.97,537,8400,6.89,통신장비,KOSDAQ
042110,2161.0,,,,63.0,,,,1.0,-687.08,536,1109,17.5,전기제품,KOSDAQ
104620,1197.0,,,,22.0,,,,1.0,39.15,538,3200,17.57,"호텔,레스토랑,레저",KOSDAQ
311690,37.0,,,,-248.0,,,,,-321.75,534,4085,,생명과학도구및서비스,KOSDAQ
088910,3255.0,,,,132.0,,,,1.0,-428.19,535,2080,3.03,식품,KOSDAQ
104540,1004.0,,,,91.0,,,,0.8981,32.79,536,3995,38.67,건강관리장비와용품,KOSDAQ
246690,196.0,,,,90.0,,,,1.0,,527,2215,5.53,창업투자,KOSDAQ
192250,484.0,,,,29.0,,,,1.0,88.49,534,7550,20.03,소프트웨어,KOSDAQ
340810,140.0,,,,-113.0,,,,,29.62,531,3805,,소프트웨어,KOSDAQ
260930,892.0,,,,-57.0,,,,1.0,756.43,526,2720,15.96,화장품,KOSDAQ
092300,2374.0,,,,110.0,,,,1.0,-222.79,526,2610,7.43,전자장비와기기,KOSDAQ
039240,3571.0,,,,60.0,,,,,-134.99,522,1933,9.86,철강,KOSDAQ
299170,517.0,,,,39.0,,,,1.0,46.58,518,1249,23.12,제약,KOSDAQ
393970,845.0,,,,-204.0,,,,1.0,620.77,504,2825,,전기제품,KOSDAQ
015710,958.0,,,,30.0,,,,,-296.22,518,2955,27.19,통신장비,KOSDAQ
056360,626.0,,,,3.0,,,,1.0,-327.57,521,5320,73.35,통신장비,KOSDAQ
046210,150.0,,,,-34.0,,,,,-183.23,514,1130,,생명과학도구및서비스,KOSDAQ
071670,3055.0,,,,6.0,,,,1.0,1049.92,508,5080,67.98,기계,KOSDAQ
256630,360.0,,,,8.0,,,,1.0,-183.29,508,4380,,디스플레이장비및부품,KOSDAQ
315640,75.0,,,,-106.0,,,,,-90.41,505,1721,,IT서비스,KOSDAQ
391710,301.0,,,,-27.0,,,,,-61.54,504,1182,46.06,IT서비스,KOSDAQ
376290,2165.0,,,,54.0,,,,1.0,-638.71,505,2860,67.85,핸드셋,KOSDAQ
089790,384.0,,,,-22.0,,,,1.0,-428.72,502,4870,16.06,반도체와반도체장비,KOSDAQ
317690,37.0,,,,-156.0,,,,,-242.37,502,2495,,생명과학도구및서비스,KOSDAQ
217500,271.0,,,,-52.0,,,,1.0,-141.42,503,1580,37.78,반도체와반도체장비,KOSDAQ
122310,1080.0,,,,-2.0,,,,1.0,164.25,501,3440,8.16,건강관리장비와용품,KOSDAQ
027830,93.0,,,,8.0,,,,,,502,930,41.03,창업투자,KOSDAQ
038010,1336.0,,,,71.0,,,,0.9717,-426.46,498,5530,2.94,조선,KOSDAQ
060560,2988.0,,,,-185.0,,,,0.8196,2049.95,499,1966,7.75,건축자재,KOSDAQ
219550,449.0,,,,-5.0,,,,,98.15,502,1212,,화장품,KOSDAQ
340360,632.0,,,,-19.0,,,,,102.23,495,951,,통신장비,KOSDAQ
463480,674.0,,,,-17.0,,,,1.0,0.02,499,4025,,자동차부품,KOSDAQ
418250,12.0,,,,-43.0,,,,,-8.69,476,6550,,소프트웨어,KOSDAQ
317530,57.0,,,,-36.0,,,,,185.1,499,2855,,양방향미디어와서비스,KOSDAQ
080720,364.0,,,,-172.0,,,,,-318.22,478,2410,,제약,KOSDAQ
019990,235.0,,,,-41.0,,,,1.0,-57.63,492,5040,,기계,KOSDAQ
053980,1364.0,,,,110.0,,,,1.0,-485.48,484,2550,4.41,소프트웨어,KOSDAQ
382150,4.0,,,,-88.0,,,,,-162.29,495,3795,,생명과학도구및서비스,KOSDAQ
317830,616.0,,,,-8.0,,,,,-227.05,495,4595,,기계,KOSDAQ
037950,463.0,,,,22.0,,,,1.0,-88.78,488,2890,47.97,전자장비와기기,KOSDAQ
440290,174.0,,,,73.0,,,,,,481,1750,6.99,창업투자,KOSDAQ
063440,533.0,,,,46.0,,,,1.0,-232.18,481,1062,18.83,방송과엔터테인먼트,KOSDAQ
163280,281.0,,,,31.0,,,,,-43.77,482,3545,48.84,화학,KOSDAQ
068330,145.0,,,,45.0,,,,,-474.24,483,1093,9.56,생명과학도구및서비스,KOSDAQ
059100,346.0,,,,60.0,,,,,-139.48,477,6750,8.0,디스플레이장비및부품,KOSDAQ
023440,411.0,,,,-85.0,,,,,371.31,470,521,,철강,KOSDAQ
199550,257.0,,,,-120.0,,,,1.0,-58.24,480,3235,,건강관리장비와용품,KOSDAQ
109080,257.0,,,,45.0,,,,,-247.81,476,8440,25.75,통신장비,KOSDAQ
198080,2952.0,,,,243.0,,,,1.0,-278.87,473,2195,14.43,핸드셋,KOSDAQ
286750,60.0,,,,-66.0,,,,1.0,3.28,474,2960,,화학,KOSDAQ
094970,2002.0,,,,131.0,,,,0.8969,-662.47,473,2825,3.03,디스플레이장비및부품,KOSDAQ
145170,6022.0,,,,133.0,,,,1.0,2084.18,473,2795,,"섬유,의류,신발,호화품",KOSDAQ
050120,139.0,,,,-128.0,,,,1.0,-24.78,471,3470,,레저용장비와제품,KOSDAQ
317850,407.0,,,,19.0,,,,1.0,66.24,472,5670,,기계,KOSDAQ
189980,994.0,,,,85.0,,,,0.9725,1143.9,470,1171,9.41,음료,KOSDAQ
131400,590.0,,,,-32.0,,,,1.0,-186.04,469,787,126.36,전자장비와기기,KOSDAQ
317870,143.0,,,,-62.0,,,,,238.38,468,5290,,가정용기기와용품,KOSDAQ
053450,4349.0,,,,30.0,,,,0.9599,752.77,467,3155,9.12,전자장비와기기,KOSDAQ
261520,213.0,,,,-68.0,,,,,-78.79,468,4550,,IT서비스,KOSDAQ
321260,315.0,,,,28.0,,,,1.0,-334.21,465,1650,21.83,디스플레이장비및부품,KOSDAQ
065130,7985.0,,,,-352.0,,,,0.5681,256.78,467,2915,7.15,핸드셋,KOSDAQ
143540,805.0,,,,59.0,,,,1.0,-143.18,466,1044,,디스플레이장비및부품,KOSDAQ
361570,465.0,,,,2.0,,,,,279.3,464,1616,,방송과엔터테인먼트,KOSDAQ
033340,726.0,,,,-61.0,,,,1.0,183.29,466,481,62.67,"섬유,의류,신발,호화품",KOSDAQ
099410,419.0,,,,93.0,,,,,-66.63,463,3305,6.51,조선,KOSDAQ
022220,647.0,,,,-108.0,,,,,420.38,463,893,11.19,건축제품,KOSDAQ
129890,834.0,,,,32.0,,,,1.0,266.99,461,1012,23.44,컴퓨터와주변기기,KOSDAQ
384470,43.0,,,,-134.0,,,,,-62.42,464,2585,,건강관리기술,KOSDAQ
290670,261.0,,,,-104.0,,,,,64.57,462,5880,,전자장비와기기,KOSDAQ
072470,7050.0,,,,342.0,,,,0.5794,866.49,461,2440,8.57,자동차부품,KOSDAQ
114450,403.0,,,,2.0,,,,,-141.11,458,2290,,제약,KOSDAQ
136410,603.0,,,,120.0,,,,0.9822,111.85,458,4160,24.03,화학,KOSDAQ
277070,74.0,,,,36.0,,,,1.0,,456,3330,18.08,창업투자,KOSDAQ
471820,222.0,,,,28.0,,,,1.0,-91.18,459,4065,14.99,제약,KOSDAQ
288330,0.09,,,,-152.0,,,,,19.92,441,416,,제약,KOSDAQ
476040,24.0,,,,-162.0,,,,,-175.36,456,6920,,생물공학,KOSDAQ
007680,1121.0,,,,-138.0,,,,1.0,952.67,454,3430,,건설,KOSDAQ
052790,699.0,,,,286.0,,,,1.0,-931.09,456,4170,2.9,게임엔터테인먼트,KOSDAQ
123010,384.0,,,,2.0,,,,,9.12,446,2205,,핸드셋,KOSDAQ
227950,288.0,,,,94.0,,,,1.0,0.92,451,1308,5.94,반도체와반도체장비,KOSDAQ
066130,1769.0,,,,104.0,,,,,-100.69,447,3490,12.13,가정용기기와용품,KOSDAQ
048770,863.0,,,,-23.0,,,,,329.65,451,2875,,기계,KOSDAQ
127710,731.0,,,,55.0,,,,1.0,427.05,447,1014,,출판,KOSDAQ
081180,592.0,,,,-31.0,,,,,117.63,447,5070,,전자장비와기기,KOSDAQ
466410,135.0,,,,47.0,,,,,-346.01,443,8800,11.39,소프트웨어,KOSDAQ
224110,643.0,,,,62.0,,,,,-257.14,450,8860,12.29,컴퓨터와주변기기,KOSDAQ
159580,710.0,,,,25.0,,,,1.0,-48.65,446,2225,132.79,화장품,KOSDAQ
083550,1354.0,,,,-4.0,,,,1.0,112.16,445,3280,,"섬유,의류,신발,호화품",KOSDAQ
229000,75.0,,,,-66.0,,,,,107.69,445,1900,,건강관리장비와용품,KOSDAQ
072990,1075.0,,,,83.0,,,,1.0,575.06,444,3065,8.44,전자장비와기기,KOSDAQ
082850,10440.0,,,,10.0,,,,0.5765,50.77,435,897,10.25,디스플레이장비및부품,KOSDAQ
263020,1426.0,,,,122.0,,,,0.9113,-236.69,439,3175,7.03,"섬유,의류,신발,호화품",KOSDAQ
208860,1137.0,,,,28.0,,,,1.0,6.59,442,1303,,자동차부품,KOSDAQ
051390,165.0,,,,58.0,,,,1.0,-261.55,440,3875,8.12,판매업체,KOSDAQ
307280,352.0,,,,79.0,,,,1.0,-66.02,439,6190,11.32,건강관리장비와용품,KOSDAQ
373200,101.0,,,,-52.0,,,,,232.64,437,1745,,핸드셋,KOSDAQ
190650,2514.0,2619.0,,,102.0,91.0,,,,,438,6850,5.75,증권,KOSDAQ
460470,44.0,,,,-42.0,,,,,-129.14,438,2895,,생명과학도구및서비스,KOSDAQ
014190,2848.0,,,,33.0,,,,1.0,25.68,436,1233,18.58,화학,KOSDAQ
042940,186.0,,,,-68.0,,,,1.0,944.48,434,6350,1.13,건설,KOSDAQ
150900,467.0,,,,25.0,,,,0.9783,-80.56,433,3700,25.17,소프트웨어,KOSDAQ
258610,817.0,,,,-8.0,,,,1.0,39.82,431,1182,,핸드셋,KOSDAQ
479960,312.0,,,,53.0,,,,,-142.52,433,6080,14.87,전기장비,KOSDAQ
178780,339.0,,,,20.0,,,,1.0,-205.65,432,2320,,전문소매,KOSDAQ
218150,676.0,,,,-14.0,,,,1.0,-38.81,433,2120,198.69,식품,KOSDAQ
461030,53.0,,,,-87.0,,,,,-176.46,431,3005,,생명과학도구및서비스,KOSDAQ
073110,696.0,,,,-96.0,,,,,614.94,428,4810,,디스플레이장비및부품,KOSDAQ
065500,1571.0,,,,9.0,,,,1.0,351.52,425,1190,,자동차부품,KOSDAQ
355690,704.0,,,,-65.0,,,,,210.23,427,4460,,전자장비와기기,KOSDAQ
278650,741.0,,,,-86.0,,,,,-39.99,424,2435,,생명과학도구및서비스,KOSDAQ
140520,3986.0,,,,34.0,,,,1.0,605.99,423,2005,22.25,철강,KOSDAQ
273060,455.0,,,,76.0,,,,1.0,327.24,425,864,90.93,광고,KOSDAQ
373160,1239.0,,,,46.0,,,,1.0,-150.09,425,3080,14.76,교육서비스,KOSDAQ
199480,634.0,,,,-44.0,,,,,-125.77,423,4150,,IT서비스,KOSDAQ
900250,699.0,,,,107.0,,,,0.8251,-3311.63,422,1178,19.71,비철금속,KOSDAQ
238120,160.0,,,,24.0,,,,1.0,-4.7,422,2965,17.91,생명과학도구및서비스,KOSDAQ
189690,329.0,355.17,,,44.0,58.13,,,1.0,-303.23,420,1538,16.0,소프트웨어,KOSDAQ
234100,2426.0,,,,34.0,,,,0.2,-1248.21,418,2860,21.9,자동차부품,KOSDAQ
189860,681.0,,,,-88.0,,,,,-1.65,418,4305,,전기장비,KOSDAQ
037230,2241.0,,,,99.0,,,,,662.9,417,1398,14.57,포장재,KOSDAQ
002290,852.0,,,,74.0,,,,,-821.9,416,3355,13.34,건설,KOSDAQ
056700,2291.0,,,,91.0,,,,1.0,274.7,415,1425,,디스플레이장비및부품,KOSDAQ
450330,166.0,,,,9.0,,,,1.0,-77.78,415,5070,27.22,건강관리장비와용품,KOSDAQ
196300,50.0,,,,-73.0,,,,,-69.95,413,4345,,생물공학,KOSDAQ
052220,400.0,,,,-76.0,,,,0.9727,-95.33,414,1799,34.8,방송과엔터테인먼트,KOSDAQ
038060,1755.0,,,,-50.0,,,,1.0,-615.94,408,849,15.53,디스플레이장비및부품,KOSDAQ
222420,356.0,,,,32.0,,,,,308.52,409,844,,화학,KOSDAQ
043910,373.0,,,,-40.0,,,,1.0,198.98,413,3640,19.69,상업서비스와공급품,KOSDAQ
101240,565.0,,,,102.0,,,,,9.23,412,3625,14.7,화학,KOSDAQ
413640,314.0,,,,9.0,,,,1.0,-193.64,407,5650,,IT서비스,KOSDAQ
256150,694.0,,,,28.0,,,,,-129.41,407,4850,11.86,가정용기기와용품,KOSDAQ
424980,222.0,,,,-34.0,,,,,-0.79,415,7010,,반도체와반도체장비,KOSDAQ
038070,771.0,,,,7.0,,,,1.0,-169.32,405,4355,,생물공학,KOSDAQ
086060,908.0,,,,39.0,,,,1.0,-99.88,406,4710,14.49,제약,KOSDAQ
064090,72.0,,,,-61.0,,,,1.0,-220.09,397,798,,판매업체,KOSDAQ
261200,1142.0,,,,-104.0,,,,1.0,1021.6,405,2560,35.75,건강관리장비와용품,KOSDAQ
263810,1291.0,,,,26.0,,,,1.0,87.51,404,2535,29.5,전자장비와기기,KOSDAQ
452200,210.0,,,,-88.0,,,,,-56.2,404,1660,,전기제품,KOSDAQ
072770,896.0,,,,-28.0,,,,,337.54,406,979,,IT서비스,KOSDAQ
104200,449.0,,,,-7.0,,,,,-183.59,400,2700,,방송과엔터테인먼트,KOSDAQ
088280,182.0,,,,-67.0,,,,,4.75,403,2330,,핸드셋,KOSDAQ
086040,470.0,,,,-48.0,,,,,391.04,399,2500,,생명과학도구및서비스,KOSDAQ
025880,1218.0,,,,122.0,,,,0.9776,-39.43,400,2390,6.28,식품,KOSDAQ
250000,1023.0,,,,91.0,,,,1.0,-20.73,398,5900,7.87,식품과기본식료품소매,KOSDAQ
408900,164.0,,,,-21.0,,,,1.0,-218.84,399,1219,61.05,방송과엔터테인먼트,KOSDAQ
043340,579.0,,,,20.0,,,,,349.4,393,827,,기계,KOSDAQ
066900,5432.0,,,,-578.0,,,,,2336.98,398,1749,,전자장비와기기,KOSDAQ
044960,433.0,,,,43.0,,,,,-64.59,394,3115,23.36,제약,KOSDAQ
171010,427.0,,,,-10.0,,,,,491.62,391,2735,,반도체와반도체장비,KOSDAQ
097870,244.0,219.74,,,35.0,24.16,,,0.9717,42.14,392,4615,57.69,화학,KOSDAQ
122690,29419.0,,,,268.0,,,,0.2,10565.01,391,1695,8.45,자동차부품,KOSDAQ
153460,192.0,,,,26.0,,,,,-229.06,389,5950,,소프트웨어,KOSDAQ
049830,1415.0,,,,23.0,,,,,-327.9,387,6310,151.3,포장재,KOSDAQ
100660,465.0,,,,0.0,,,,0.9884,-260.92,388,3080,29.72,기계,KOSDAQ
321820,467.0,,,,-40.0,,,,1.0,-71.71,387,2480,,방송과엔터테인먼트,KOSDAQ
042040,769.0,,,,-172.0,,,,,329.51,388,4475,10.66,화학,KOSDAQ
475460,1356.0,,,,29.0,,,,1.0,105.92,384,6800,27.4,인터넷과카탈로그소매,KOSDAQ
263770,580.0,,,,23.0,,,,,-174.83,387,1631,6.16,철강,KOSDAQ
186230,1057.0,,,,-10.0,,,,1.0,372.73,384,3515,,건축자재,KOSDAQ
014570,625.0,,,,69.0,,,,,-363.15,385,3500,,제약,KOSDAQ
219420,170.0,,,,12.0,,,,0.9873,-318.74,383,3340,59.87,소프트웨어,KOSDAQ
260660,2012.0,,,,10.0,,,,,201.74,383,2500,28.54,제약,KOSDAQ
446840,113.0,252.0,,,-66.0,40.0,,,,12.58,383,3475,,소프트웨어,KOSDAQ
050860,1133.0,,,,40.0,,,,,230.47,382,1698,6.63,기계,KOSDAQ
060850,799.0,,,,42.0,,,,1.0,-21.26,381,4685,19.72,소프트웨어,KOSDAQ
019770,2071.0,,,,119.0,,,,,57.86,380,3265,6.05,자동차부품,KOSDAQ
221840,846.0,,,,46.0,,,,0.8762,426.18,380,2030,,우주항공과국방,KOSDAQ
051490,1846.0,,,,-1.0,,,,1.0,751.96,378,2665,10.22,기계,KOSDAQ
263700,817.0,,,,-29.0,,,,0.9829,-224.68,377,1942,,건강관리업체및서비스,KOSDAQ
352700,672.0,,,,-58.0,,,,1.0,-412.63,375,1429,28.34,"섬유,의류,신발,호화품",KOSDAQ
221980,629.0,,,,70.0,,,,1.0,-207.31,373,9250,9.34,화학,KOSDAQ
046310,1489.0,,,,68.0,,,,0.5983,-168.66,378,2300,3.79,통신장비,KOSDAQ
045060,1601.0,,,,56.0,,,,0.9922,-354.13,371,2190,6.05,화학,KOSDAQ
284620,12.0,,,,-64.0,,,,,-7.42,360,1087,,제약,KOSDAQ
084650,882.0,,,,-535.0,,,,,258.44,371,500,,생명과학도구및서비스,KOSDAQ
123570,323.0,,,,3.0,,,,1.0,-647.39,367,1647,20.22,광고,KOSDAQ
065440,616.0,,,,15.0,,,,1.0,-170.55,371,1361,13.28,IT서비스,KOSDAQ
177900,145.0,301.0,,,-27.0,41.0,,,,90.9,373,3870,6.69,통신장비,KOSDAQ
204020,2017.0,,,,79.0,,,,1.0,179.49,364,1870,7.24,"섬유,의류,신발,호화품",KOSDAQ
026040,722.0,,,,7.0,,,,,-63.41,367,2225,46.66,"섬유,의류,신발,호화품",KOSDAQ
393210,273.0,,,,-24.0,,,,1.0,226.64,370,2370,18.07,IT서비스,KOSDAQ
215380,376.0,,,,-39.0,,,,,197.3,369,2190,,생명과학도구및서비스,KOSDAQ
121890,288.0,,,,11.0,,,,,-46.01,361,2715,9.11,운송인프라,KOSDAQ
006920,812.0,,,,-30.0,,,,0.2832,-71.87,363,3325,5.19,건축자재,KOSDAQ
032960,216.0,,,,-1.0,,,,0.9911,-402.21,361,2050,21.89,전자장비와기기,KOSDAQ
090410,1065.0,,,,-1.0,,,,1.0,495.45,363,3935,3.79,건축자재,KOSDAQ
057540,991.0,,,,10.0,,,,0.9985,-49.65,361,607,70.72,전자장비와기기,KOSDAQ
318410,516.0,,,,62.0,,,,1.0,-294.82,364,6550,8.57,가정용품,KOSDAQ
387570,95.0,,,,-26.0,,,,1.0,-18.45,366,6500,,건강관리장비와용품,KOSDAQ
068940,355.0,,,,-34.0,,,,1.0,28.46,357,778,126.85,상업서비스와공급품,KOSDAQ
270870,1011.0,,,,-23.0,,,,1.0,-358.43,360,4000,14.17,건강관리업체및서비스,KOSDAQ
348080,25.0,,,,-103.0,,,,,-24.42,359,2795,,생물공학,KOSDAQ
397810,306.0,,,,24.0,,,,0.9734,-207.34,360,6980,,광고,KOSDAQ
016600,201.0,,,,38.0,,,,,,360,2575,9.11,창업투자,KOSDAQ
046390,373.0,,,,-15.0,,,,1.0,-112.99,359,2080,,방송과엔터테인먼트,KOSDAQ
290120,3556.0,,,,219.0,,,,1.0,781.75,359,2270,,자동차부품,KOSDAQ
196450,2582.0,3098.0,,,53.0,71.0,,,1.0,196.2,358,790,,핸드셋,KOSDAQ
263050,103.0,,,,-189.0,,,,,143.98,353,959,,생물공학,KOSDAQ
035460,995.0,,,,81.0,,,,0.7303,-93.72,357,2395,11.39,통신장비,KOSDAQ
184230,616.0,,,,148.0,,,,1.0,264.98,357,1891,,소프트웨어,KOSDAQ
081580,1827.0,,,,40.0,,,,1.0,-138.71,357,2305,,핸드셋,KOSDAQ
332290,1042.0,,,,41.0,,,,1.0,242.92,356,897,,화학,KOSDAQ
024120,2150.0,,,,85.0,,,,1.0,1021.63,354,3080,53.02,자동차부품,KOSDAQ
432430,371.0,,,,-87.0,,,,,17.46,354,2145,,출판,KOSDAQ
066360,4054.0,,,,285.0,,,,0.8322,1319.64,352,1470,4.67,식품,KOSDAQ
033540,1739.0,,,,-137.0,,,,1.0,393.04,352,3370,,기계,KOSDAQ
045510,2009.0,,,,19.0,,,,1.0,172.0,351,1115,24.43,IT서비스,KOSDAQ
203450,513.0,,,,10.0,,,,1.0,57.79,354,2515,15.98,전자장비와기기,KOSDAQ
206400,48.0,,,,-54.0,,,,,-104.62,352,938,,건설,KOSDAQ
052600,268.0,,,,44.0,,,,,-265.63,350,3030,23.41,IT서비스,KOSDAQ
057030,518.0,,,,10.0,,,,1.0,-253.73,350,2145,15.52,교육서비스,KOSDAQ
317240,260.0,,,,0.0,,,,,107.48,350,1200,,가정용품,KOSDAQ
465480,200.0,,,,26.0,,,,1.0,-126.57,351,3460,15.01,IT서비스,KOSDAQ
133750,346.0,,,,18.0,,,,,-427.29,350,1494,,교육서비스,KOSDAQ
335810,199.0,,,,-54.0,,,,,42.51,346,1576,,생명과학도구및서비스,KOSDAQ
060540,1597.0,,,,39.0,,,,1.0,190.12,345,1320,43.28,핸드셋,KOSDAQ
208710,1287.0,,,,-0.0,,,,,153.4,345,2620,,핸드셋,KOSDAQ
363250,4.0,,,,-97.0,,,,,-9.32,344,4040,,건강관리장비와용품,KOSDAQ
007530,1771.0,,,,40.0,,,,1.0,521.69,342,1538,55.38,자동차부품,KOSDAQ
464280,276.0,,,,38.0,,,,,-138.67,342,6190,18.53,제약,KOSDAQ
049120,658.0,,,,-41.0,,,,,309.96,342,3225,,디스플레이장비및부품,KOSDAQ
173940,1024.0,,,,-6.0,,,,,-43.86,342,2220,,방송과엔터테인먼트,KOSDAQ
276730,139.0,,,,-49.0,,,,,240.81,336,1423,,음료,KOSDAQ
064520,181.0,,,,-56.0,,,,1.0,-408.07,341,1525,8.9,반도체와반도체장비,KOSDAQ
469750,230.0,,,,-4.0,,,,,-86.11,340,987,,전기제품,KOSDAQ
239890,301.0,332.0,449.0,660.0,22.0,36.0,53.0,100.0,,-146.81,338,3400,40.19,디스플레이장비및부품,KOSDAQ
033170,1030.0,,,,-238.0,,,,,396.98,341,1986,,반도체와반도체장비,KOSDAQ
220180,314.0,,,,-5.0,,,,1.0,-453.86,340,1422,29.71,소프트웨어,KOSDAQ
109820,106.0,,,,-7.0,,,,,-126.53,336,1649,,생물공학,KOSDAQ
419120,200.0,,,,45.0,,,,0.983,-63.5,336,2365,18.95,소프트웨어,KOSDAQ
318020,872.0,,,,30.0,,,,1.0,188.77,334,2715,30.06,전자장비와기기,KOSDAQ
075130,456.0,,,,33.0,,,,1.0,-269.33,336,2085,25.8,소프트웨어,KOSDAQ
127980,818.0,,,,-15.0,,,,0.9709,111.68,334,2820,20.82,전자장비와기기,KOSDAQ
053950,559.0,,,,-17.0,,,,,-6.65,334,1703,,제약,KOSDAQ
097780,2174.0,,,,11.0,,,,1.0,-909.68,333,1643,3.89,자동차부품,KOSDAQ
159910,99.0,,,,-39.0,,,,,25.98,335,3200,,화장품,KOSDAQ
025440,4944.0,,,,-49.0,,,,1.0,1931.76,334,3425,90.72,자동차부품,KOSDAQ
089140,704.0,,,,23.0,,,,1.0,-391.99,333,2175,5.08,기계,KOSDAQ
148930,301.0,,,,-32.0,,,,0.9997,-476.65,331,3255,12.15,전기제품,KOSDAQ
200780,758.0,,,,20.0,,,,0.9108,710.35,332,3110,21.82,제약,KOSDAQ
039290,1351.0,,,,-42.0,,,,1.0,-131.15,333,3835,16.22,IT서비스,KOSDAQ
417860,240.0,,,,3.0,,,,,-102.13,333,7080,,소프트웨어,KOSDAQ
064480,497.0,,,,3.0,,,,,-97.57,333,2785,22.74,IT서비스,KOSDAQ
021650,2272.0,,,,79.0,,,,1.0,19.93,331,2025,5.64,자동차부품,KOSDAQ
376980,382.0,,,,10.0,,,,1.0,-71.53,331,3385,72.7,상업서비스와공급품,KOSDAQ
348030,397.0,,,,-89.0,,,,,-330.79,329,3430,,게임엔터테인먼트,KOSDAQ
434480,192.0,,,,9.0,,,,0.994,-152.18,329,2675,,소프트웨어,KOSDAQ
263920,523.0,,,,25.0,,,,1.0,27.41,329,3355,5.35,포장재,KOSDAQ
065950,2690.0,,,,-111.0,,,,,1600.88,326,1155,,건설,KOSDAQ
452300,75.0,,,,23.0,,,,,,325,2295,,창업투자,KOSDAQ
296640,229.0,,,,9.0,,,,1.0,-80.23,326,6300,1061.6,소프트웨어,KOSDAQ
089150,231.0,,,,40.0,,,,,113.69,325,1896,42.72,컴퓨터와주변기기,KOSDAQ
207760,675.0,,,,-25.0,,,,,-207.61,319,384,,양방향미디어와서비스,KOSDAQ
476080,1324.0,,,,-90.0,,,,0.994,72.98,326,4035,35.3,방송과엔터테인먼트,KOSDAQ
128540,1518.0,,,,-32.0,,,,1.0,-158.18,323,1210,35.95,자동차부품,KOSDAQ
131090,134.0,,,,43.0,,,,,-440.08,323,4220,7.82,소프트웨어,KOSDAQ
099220,875.0,,,,5.0,,,,,495.05,322,511,,에너지장비및서비스,KOSDAQ
254120,279.0,,,,-39.0,,,,1.0,-1.5,324,1053,,전자장비와기기,KOSDAQ
087600,427.0,,,,-56.0,,,,,-40.93,319,3910,,반도체와반도체장비,KOSDAQ
290090,210.0,,,,-41.0,,,,1.0,-249.11,319,4290,32.07,소프트웨어,KOSDAQ
068050,352.0,,,,-35.0,,,,1.0,161.45,321,1160,14.09,방송과엔터테인먼트,KOSDAQ
038950,629.0,,,,-46.0,,,,1.0,-585.56,320,3130,23.88,전자제품,KOSDAQ
037370,628.0,,,,-22.0,,,,,1083.89,319,3700,,비철금속,KOSDAQ
099390,251.0,,,,21.0,,,,1.0,-463.87,321,3915,12.01,소프트웨어,KOSDAQ
258830,185.0,,,,23.0,,,,,179.4,312,412,,건강관리장비와용품,KOSDAQ
071850,1553.0,,,,-63.0,,,,,765.3,317,1307,,자동차부품,KOSDAQ
290560,140.0,,,,36.0,,,,,8.34,317,1418,,소프트웨어,KOSDAQ
050110,4899.0,,,,-113.0,,,,,538.27,316,1083,,핸드셋,KOSDAQ
037330,7218.0,,,,171.0,,,,0.6191,1712.97,316,719,8.33,디스플레이장비및부품,KOSDAQ
033830,427.0,,,,15.0,,,,1.0,-815.34,316,1670,15.82,방송과엔터테인먼트,KOSDAQ
311390,819.0,,,,54.0,,,,0.5765,-281.29,316,2495,,식품,KOSDAQ
105550,364.0,,,,-155.0,,,,1.0,298.38,311,1987,,자동차부품,KOSDAQ
197140,666.0,,,,-25.0,,,,,-142.12,315,2420,,소프트웨어,KOSDAQ
020180,2029.0,2595.0,,,91.0,160.0,,,,246.52,307,4000,6.52,IT서비스,KOSDAQ
407400,864.0,,,,-42.0,,,,,153.44,314,2145,,가정용기기와용품,KOSDAQ
187270,534.0,,,,48.0,,,,1.0,-100.13,312,3075,11.84,핸드셋,KOSDAQ
153490,1212.0,,,,3.0,,,,1.0,-7.8,306,2975,9.93,디스플레이장비및부품,KOSDAQ
078590,644.0,,,,2.0,,,,,-125.05,314,3140,7.95,자동차부품,KOSDAQ
080520,380.0,,,,-23.0,,,,1.0,-452.56,311,2750,18.89,반도체와반도체장비,KOSDAQ
462310,490.0,,,,7.0,,,,0.9848,-20.72,309,3910,,"섬유,의류,신발,호화품",KOSDAQ
012620,3981.0,,,,124.0,,,,1.0,785.49,309,7020,4.83,철강,KOSDAQ
246250,40.0,,,,-41.0,,,,,-3.99,302,1969,25.34,제약,KOSDAQ
452160,149.0,,,,2.0,,,,1.0,219.43,309,3210,,반도체와반도체장비,KOSDAQ
031510,1285.0,,,,41.0,,,,1.0,-242.13,307,1096,5.45,자동차부품,KOSDAQ
093380,903.0,,,,7.0,,,,1.0,-22.35,303,3070,7.17,자동차부품,KOSDAQ
237820,402.0,,,,62.0,,,,1.0,-594.68,305,2375,29.02,광고,KOSDAQ
215090,268.0,,,,13.0,,,,1.0,-171.18,304,1315,,우주항공과국방,KOSDAQ
091970,501.0,,,,-3.0,,,,,124.01,306,4060,,화학,KOSDAQ
066910,970.0,,,,-67.0,,,,1.0,231.18,306,1987,,레저용장비와제품,KOSDAQ
232830,2696.0,,,,-3.0,,,,,382.69,303,1832,,IT서비스,KOSDAQ
032790,286.0,,,,-103.0,,,,1.0,53.74,303,1178,,IT서비스,KOSDAQ
464580,338.0,,,,1.0,,,,,116.43,302,1642,44.06,방송과엔터테인먼트,KOSDAQ
075970,1107.0,,,,34.0,,,,1.0,136.66,302,1641,137.68,비철금속,KOSDAQ
297570,429.0,,,,65.0,,,,1.0,321.77,301,869,10.62,전자제품,KOSDAQ
038620,1126.0,,,,25.0,,,,0.9182,-467.76,300,1980,36.99,운송인프라,KOSDAQ
271830,387.0,,,,-41.0,,,,0.9997,178.65,302,1023,14.58,핸드셋,KOSDAQ
193250,105.0,,,,-72.0,,,,,-71.03,299,2240,,핸드셋,KOSDAQ
310870,1110.0,,,,51.0,,,,1.0,466.42,300,1367,8.05,자동차부품,KOSDAQ
226330,34.0,,,,-108.0,,,,,-56.01,299,1234,,건강관리업체및서비스,KOSDAQ
336060,702.0,,,,20.0,,,,1.0,-201.69,298,3090,10.09,IT서비스,KOSDAQ
106240,429.0,,,,-64.0,,,,,309.11,299,1126,,디스플레이장비및부품,KOSDAQ
088340,438.0,466.0,,,-68.0,-35.0,,,1.0,11.8,299,6840,20.93,소프트웨어,KOSDAQ
079170,986.0,,,,79.0,,,,,-76.46,299,5750,27.63,비철금속,KOSDAQ
458350,352.0,,,,25.0,,,,1.0,-220.04,296,3405,51.31,광고,KOSDAQ
444530,104.0,,,,-27.0,,,,,-67.69,298,4640,,IT서비스,KOSDAQ
351330,790.0,,,,-72.0,,,,,57.85,295,3555,,IT서비스,KOSDAQ
318010,127.0,,,,-7.0,,,,0.9955,-357.57,296,3735,20.72,건강관리업체및서비스,KOSDAQ
363260,444.0,,,,45.0,,,,0.9748,-185.06,295,916,,광고,KOSDAQ
119500,660.0,,,,24.0,,,,,-35.21,293,2475,23.42,기계,KOSDAQ
360350,134.0,,,,-15.0,,,,1.0,10.05,294,5410,43.74,전자장비와기기,KOSDAQ
017000,2113.0,,,,86.0,,,,,192.86,292,2500,5.02,건설,KOSDAQ
262840,436.0,,,,43.0,,,,0.9408,297.55,292,2760,17.27,IT서비스,KOSDAQ
079000,141.0,,,,-43.0,,,,,-499.8,292,4050,13.18,건축제품,KOSDAQ
139670,123.0,,,,9.0,,,,1.0,-310.41,291,2060,25.21,소프트웨어,KOSDAQ
101670,34.0,,,,-151.0,,,,,80.27,290,510,,전기제품,KOSDAQ
328380,637.0,,,,6.0,,,,1.0,-74.18,290,4225,65.73,IT서비스,KOSDAQ
045300,409.0,,,,20.0,,,,0.9968,-39.53,289,2740,,반도체와반도체장비,KOSDAQ
031310,1944.0,,,,34.0,,,,1.0,409.44,289,971,,통신장비,KOSDAQ
195500,1068.0,,,,25.0,,,,,106.53,288,1802,23.49,식품,KOSDAQ
365590,18.0,,,,-117.0,,,,,43.88,288,783,,반도체와반도체장비,KOSDAQ
900310,436.0,,,,2.0,,,,1.0,-1769.15,287,2240,10.84,화장품,KOSDAQ
239610,167.0,,,,-111.0,,,,,-241.58,287,5320,,건강관리업체및서비스,KOSDAQ
096630,2787.0,,,,133.0,,,,1.0,198.87,287,1806,,핸드셋,KOSDAQ
351870,665.0,,,,44.0,,,,0.4764,703.22,287,2570,,광고,KOSDAQ
368970,254.0,,,,-13.0,,,,0.8855,51.14,285,2540,,식품,KOSDAQ
043220,145.0,,,,-59.0,,,,1.0,48.45,282,1710,1729.06,기계,KOSDAQ
008470,1208.0,,,,18.0,,,,1.0,-295.86,286,1701,27.44,기계,KOSDAQ
367000,389.0,,,,-45.0,,,,,-58.58,286,3410,,IT서비스,KOSDAQ
115480,482.0,,,,108.0,,,,1.0,162.02,285,2350,,건강관리장비와용품,KOSDAQ
462980,390.0,,,,33.0,,,,1.0,65.83,285,1563,14.74,IT서비스,KOSDAQ
388610,177.0,,,,4.0,,,,,28.66,285,5350,15.37,생물공학,KOSDAQ
406820,549.0,,,,-32.0,,,,,333.7,285,2015,,화장품,KOSDAQ
021880,251.0,220.0,,,-101.0,-22.0,,,0.9681,,282,1328,15.91,기타금융,KOSDAQ
007770,1244.0,,,,-120.0,,,,1.0,256.31,283,8060,,화학,KOSDAQ
026910,569.0,,,,-43.0,,,,1.0,651.79,284,3580,,철강,KOSDAQ
364950,869.0,1100.0,,,28.0,45.0,,,1.0,14.57,284,3425,,전자장비와기기,KOSDAQ
053290,627.0,,,,11.0,,,,,-386.34,283,1711,77.74,교육서비스,KOSDAQ
069410,668.0,,,,22.0,,,,1.0,-237.43,282,2755,,IT서비스,KOSDAQ
160550,1427.0,,,,27.0,,,,1.0,288.02,283,1013,,방송과엔터테인먼트,KOSDAQ
356890,337.0,,,,4.0,,,,0.7894,-273.71,282,2355,21.8,IT서비스,KOSDAQ
188260,154.0,,,,-44.0,,,,,-100.37,282,2025,,건강관리장비와용품,KOSDAQ
376180,309.0,,,,-7.0,,,,,-56.91,281,1515,22.71,가정용기기와용품,KOSDAQ
013720,249.0,,,,8.0,,,,,-37.95,281,2310,,자동차부품,KOSDAQ
048470,1192.0,,,,-12.0,,,,,-417.18,278,2885,,철강,KOSDAQ
130500,876.0,,,,68.0,,,,0.8337,793.47,279,1921,19.74,자동차부품,KOSDAQ
069140,1176.0,,,,48.0,,,,0.2,411.46,279,1850,,건설,KOSDAQ
109960,98.0,,,,-23.0,,,,1.0,-106.86,280,1853,9.34,제약,KOSDAQ
057680,364.0,,,,3.0,,,,0.9712,-42.47,279,1765,,IT서비스,KOSDAQ
044480,253.0,,,,-8.0,,,,,18.52,273,820,,방송과엔터테인먼트,KOSDAQ
131220,811.0,,,,55.0,,,,0.6865,-28.22,278,3725,12.17,생명과학도구및서비스,KOSDAQ
236810,923.0,,,,-65.0,,,,,-90.88,278,1635,,광고,KOSDAQ
068100,177.0,,,,-17.0,,,,,-57.94,278,2330,,IT서비스,KOSDAQ
430690,263.0,,,,-19.0,,,,1.0,66.61,278,2550,25.65,소프트웨어,KOSDAQ
290270,377.0,,,,48.0,,,,0.9794,-137.38,276,2870,5.53,소프트웨어,KOSDAQ
054780,157.0,,,,-39.0,,,,,-35.05,276,1402,,방송과엔터테인먼트,KOSDAQ
103840,1838.0,,,,47.0,,,,,711.36,276,1689,,식품,KOSDAQ
900070,1293.0,,,,83.0,,,,0.7446,-299.33,275,1025,13.69,자동차부품,KOSDAQ
047080,379.0,,,,3.0,,,,0.9577,-108.15,275,1107,,게임엔터테인먼트,KOSDAQ
054940,1770.0,,,,25.0,,,,0.5462,196.82,275,4150,,반도체와반도체장비,KOSDAQ
091340,3102.0,,,,157.0,,,,,-149.54,273,2335,,전자장비와기기,KOSDAQ
016920,1611.0,,,,20.0,,,,1.0,516.41,272,1058,22.97,전자장비와기기,KOSDAQ
096690,506.0,,,,-109.0,,,,,523.06,272,6760,,컴퓨터와주변기기,KOSDAQ
067010,733.0,912.0,,,-27.0,3.0,,,,-288.53,271,2490,16.8,IT서비스,KOSDAQ
058110,113.0,,,,-28.0,,,,,85.53,272,1692,,건강관리장비와용품,KOSDAQ
450520,390.0,,,,-49.0,,,,1.0,-64.93,271,1845,15.53,소프트웨어,KOSDAQ
475660,221.0,,,,-20.0,,,,,-6.06,270,3410,38.14,디스플레이장비및부품,KOSDAQ
424760,354.0,,,,9.0,,,,,-89.31,270,2690,,IT서비스,KOSDAQ
019570,129.0,,,,33.0,,,,1.0,,270,2830,,창업투자,KOSDAQ
032750,1483.0,,,,58.0,,,,1.0,-476.86,269,2975,434.25,전자제품,KOSDAQ
033050,898.0,,,,41.0,,,,1.0,-39.1,266,836,15.28,가정용품,KOSDAQ
027040,337.0,,,,-16.0,,,,,39.93,269,1935,,전자장비와기기,KOSDAQ
043200,288.0,,,,-27.0,,,,,230.65,263,1260,,에너지장비및서비스,KOSDAQ
001810,2057.0,,,,18.0,,,,0.9919,450.15,266,1200,,종이와목재,KOSDAQ
267790,592.0,,,,66.0,,,,1.0,-105.19,266,3460,10.1,"섬유,의류,신발,호화품",KOSDAQ
215790,437.0,,,,-92.0,,,,,134.94,266,660,,통신장비,KOSDAQ
238490,593.0,,,,-75.0,,,,,120.58,265,2345,14.0,디스플레이장비및부품,KOSDAQ
225220,94.0,,,,-86.0,,,,,-27.59,265,1383,,건강관리장비와용품,KOSDAQ
177830,1325.0,,,,26.0,,,,1.0,539.59,266,2345,338.03,디스플레이장비및부품,KOSDAQ
115530,536.0,,,,4.0,,,,1.0,92.91,265,3090,60.71,에너지장비및서비스,KOSDAQ
080530,765.0,,,,38.0,,,,1.0,-204.28,265,2395,,화장품,KOSDAQ
138070,544.0,,,,-4.0,,,,1.0,43.5,263,1503,12.43,기계,KOSDAQ
007720,1629.0,,,,14.0,,,,,-41.67,261,1297,,판매업체,KOSDAQ
198940,2595.0,,,,13.0,,,,,1029.3,262,1315,,자동차부품,KOSDAQ
060380,1978.0,,,,18.0,,,,0.6963,370.86,260,1318,9.59,철강,KOSDAQ
146060,793.0,,,,51.0,,,,0.8889,438.55,259,1080,,자동차부품,KOSDAQ
038530,873.0,,,,15.0,,,,,-147.53,259,999,,IT서비스,KOSDAQ
038870,172.0,,,,-27.0,,,,1.0,151.1,258,1842,29.99,에너지장비및서비스,KOSDAQ
134060,111.0,,,,9.0,,,,,-117.79,258,5410,18.31,교육서비스,KOSDAQ
070590,648.0,,,,10.0,,,,0.8862,-0.62,261,1880,,IT서비스,KOSDAQ
288620,158.0,,,,-150.0,,,,,-107.76,258,3700,,전기제품,KOSDAQ
373170,256.0,,,,9.0,,,,,-183.37,257,1700,25.21,IT서비스,KOSDAQ
039310,356.0,,,,-10.0,,,,,-308.57,256,1413,3.12,소프트웨어,KOSDAQ
035200,252.0,,,,-4.0,,,,1.0,-144.5,254,2760,25.28,건축제품,KOSDAQ
073540,253.0,,,,9.0,,,,0.9446,-166.39,256,2245,13.51,통신장비,KOSDAQ
090150,1159.0,,,,69.0,,,,0.9643,94.78,256,6120,,자동차부품,KOSDAQ
114630,1018.0,,,,78.0,,,,1.0,-385.07,255,1481,5.51,"섬유,의류,신발,호화품",KOSDAQ
076080,1667.0,,,,-181.0,,,,,181.35,254,1123,,건설,KOSDAQ
258790,257.0,,,,30.0,,,,1.0,173.87,255,5100,,소프트웨어,KOSDAQ
377030,272.0,,,,-109.0,,,,,604.35,257,1796,,IT서비스,KOSDAQ
333050,300.0,,,,20.0,,,,,-170.61,250,5080,29.53,IT서비스,KOSDAQ
123840,482.0,,,,-134.0,,,,,-34.24,253,1625,,건강관리업체및서비스,KOSDAQ
083660,279.0,,,,-56.0,,,,,8.4,247,1740,,화장품,KOSDAQ
462510,72.0,,,,-118.0,,,,,38.12,250,2840,,건강관리장비와용품,KOSDAQ
169330,562.0,588.94,,,-13.0,27.0,,,0.7442,-104.18,249,1362,15.34,IT서비스,KOSDAQ
464500,101.0,,,,-56.0,,,,,6.7,248,1773,,반도체와반도체장비,KOSDAQ
368600,469.0,,,,-145.0,,,,,447.85,248,961,,전자장비와기기,KOSDAQ
039740,1463.0,,,,4.0,,,,1.0,155.05,248,3095,14.67,판매업체,KOSDAQ
054090,1363.0,,,,-20.0,,,,,351.01,250,1000,,전자장비와기기,KOSDAQ
083640,508.0,,,,17.0,,,,,-164.44,250,1087,,전자장비와기기,KOSDAQ
318000,239.0,,,,23.0,,,,1.0,-187.77,247,2825,15.19,화학,KOSDAQ
300120,2238.0,,,,-162.0,,,,,114.7,244,2460,,소프트웨어,KOSDAQ
222980,963.0,,,,-11.0,,,,,115.87,245,2220,,식품,KOSDAQ
044780,542.0,,,,-4.0,,,,1.0,-47.61,246,1331,17.66,기계,KOSDAQ
016670,231.0,,,,41.0,,,,,-568.15,245,2400,,소프트웨어,KOSDAQ
148250,187.0,,,,-34.0,,,,,-63.06,245,1799,,통신장비,KOSDAQ
200350,146.0,,,,-30.0,,,,,-242.14,244,2445,,방송과엔터테인먼트,KOSDAQ
208350,389.0,,,,25.0,,,,1.0,-141.55,245,3020,3.18,소프트웨어,KOSDAQ
131180,323.0,,,,8.0,,,,,-151.92,242,4130,53.24,컴퓨터와주변기기,KOSDAQ
052300,76.0,,,,-25.0,,,,0.4591,-1010.51,243,1497,,건축제품,KOSDAQ
130740,794.0,,,,-33.0,,,,,-319.2,240,2130,,자동차부품,KOSDAQ
298060,238.0,,,,-45.0,,,,1.0,-54.3,242,2515,,생물공학,KOSDAQ
331520,378.0,,,,29.0,,,,1.0,-40.09,242,2465,54.76,게임엔터테인먼트,KOSDAQ
301300,190.0,,,,-38.0,,,,1.0,90.55,242,1838,2.65,소프트웨어,KOSDAQ
290520,319.0,,,,18.0,,,,1.0,-279.41,239,1517,,디스플레이장비및부품,KOSDAQ
188040,709.0,,,,8.0,,,,1.0,-36.16,239,5100,,식품,KOSDAQ
060230,619.0,,,,-82.0,,,,,609.44,238,1218,,전자장비와기기,KOSDAQ
051380,3730.0,,,,43.0,,,,,279.65,240,1562,89.55,컴퓨터와주변기기,KOSDAQ
440320,883.0,,,,-28.0,,,,0.8338,-4.69,237,2375,73.09,디스플레이패널,KOSDAQ
115570,987.0,,,,66.0,,,,1.0,55.83,238,2980,,화학,KOSDAQ
123750,322.0,,,,2.0,,,,1.0,-71.55,237,1715,,레저용장비와제품,KOSDAQ
036480,260.0,,,,7.0,,,,,102.74,236,6220,,제약,KOSDAQ
206560,554.0,,,,-65.0,,,,,221.3,236,930,,방송과엔터테인먼트,KOSDAQ
065150,1109.0,,,,46.0,,,,,23.43,236,1480,,식품,KOSDAQ
241840,118.0,,,,-73.0,,,,1.0,-4.41,236,2475,26.32,방송과엔터테인먼트,KOSDAQ
063760,273.0,,,,23.0,,,,1.0,-172.68,236,2530,57.88,디스플레이장비및부품,KOSDAQ
429270,127.0,180.0,,,-76.0,-70.0,,,,66.21,236,3655,,반도체와반도체장비,KOSDAQ
101680,306.0,,,,-75.0,,,,,66.65,234,2790,,기계,KOSDAQ
033200,315.0,426.0,,,-32.0,-17.0,,,0.8235,-392.7,233,2535,927.48,전자장비와기기,KOSDAQ
378800,2.0,,,,-158.0,,,,,-179.56,232,502,,제약,KOSDAQ
067770,119.0,,,,-2.0,,,,1.0,-352.19,233,2775,,디스플레이장비및부품,KOSDAQ
115160,3942.0,,,,-292.0,,,,,693.37,234,5440,,전자제품,KOSDAQ
237750,276.0,,,,0.0,,,,,330.68,232,3565,10.0,전기장비,KOSDAQ
023770,347.0,,,,-47.0,,,,,-20.62,232,2590,,게임엔터테인먼트,KOSDAQ
415380,959.0,,,,28.0,,,,,-185.27,231,2020,9.82,가구,KOSDAQ
032080,302.0,,,,5.0,,,,,-477.04,231,1073,,"섬유,의류,신발,호화품",KOSDAQ
032800,382.0,,,,-80.0,,,,,-79.75,231,1530,,방송과엔터테인먼트,KOSDAQ
257370,111.0,,,,-21.0,,,,,19.36,231,1846,,전기제품,KOSDAQ
013810,380.0,,,,-5.0,,,,,-118.32,231,1576,,기계,KOSDAQ
085810,532.0,,,,32.0,,,,,27.54,230,1630,,건설,KOSDAQ
095910,1024.0,,,,-187.0,,,,,417.46,230,632,,에너지장비및서비스,KOSDAQ
018700,642.0,,,,-30.0,,,,,-10.44,230,1375,,화장품,KOSDAQ
109670,1697.0,,,,2.0,,,,1.0,-62.76,229,3930,,"섬유,의류,신발,호화품",KOSDAQ
403490,637.0,,,,-9.0,,,,1.0,317.24,229,2490,82.68,식품,KOSDAQ
084440,337.0,,,,14.0,,,,1.0,-4.49,229,1196,,교육서비스,KOSDAQ
038880,412.0,,,,-73.0,,,,,432.04,229,3050,,자동차부품,KOSDAQ
238200,197.0,,,,14.0,,,,1.0,26.08,228,2790,41.53,건강관리업체및서비스,KOSDAQ
154040,314.0,,,,17.0,,,,,179.47,228,1055,1.25,전자제품,KOSDAQ
148780,170.0,,,,-11.0,,,,1.0,-87.54,225,3580,54.84,소프트웨어,KOSDAQ
018680,521.0,,,,-13.0,,,,,-17.66,227,1950,12.7,제약,KOSDAQ
359090,650.0,,,,14.0,,,,1.0,3.19,228,1983,11.68,제약,KOSDAQ
405920,821.0,,,,10.0,,,,1.0,389.1,228,1768,,음료,KOSDAQ
431190,166.0,,,,-35.0,,,,1.0,-98.56,228,3045,,IT서비스,KOSDAQ
065690,535.0,,,,-127.0,,,,1.0,-235.32,226,1881,,컴퓨터와주변기기,KOSDAQ
289220,367.0,,,,-190.0,,,,,-104.84,226,1012,,양방향미디어와서비스,KOSDAQ
227610,424.0,,,,-18.0,,,,,158.56,225,1160,,화장품,KOSDAQ
187220,1258.0,,,,-6.0,,,,1.0,766.01,225,1951,,전자장비와기기,KOSDAQ
101400,344.0,,,,-51.0,,,,1.0,-145.56,223,1900,34.28,반도체와반도체장비,KOSDAQ
032860,509.0,,,,-17.0,,,,,-4.58,224,2770,,판매업체,KOSDAQ
032280,1000.0,,,,21.0,,,,,267.87,221,1362,11.15,항공화물운송과물류,KOSDAQ
900110,705.0,,,,94.0,,,,0.9966,-2865.53,221,1201,16.84,"섬유,의류,신발,호화품",KOSDAQ
053060,1894.0,,,,91.0,,,,1.0,136.28,222,1255,3.37,자동차부품,KOSDAQ
017250,601.0,,,,40.0,,,,1.0,108.12,219,1040,3.83,전자장비와기기,KOSDAQ
016100,683.0,,,,-71.0,,,,1.0,296.08,220,1154,176.0,포장재,KOSDAQ
317120,75.0,,,,-61.0,,,,,147.44,222,1455,,통신장비,KOSDAQ
353590,591.0,,,,8.0,,,,,3.16,219,1698,,자동차부품,KOSDAQ
277410,358.0,,,,23.0,,,,1.0,373.0,221,5760,13.07,식품,KOSDAQ
192390,751.0,,,,-39.0,,,,1.0,484.83,219,1826,6.69,건축자재,KOSDAQ
352940,340.0,,,,9.0,,,,,219.43,217,2000,,화학,KOSDAQ
377330,132.0,,,,-186.0,,,,,97.73,218,2680,,전기제품,KOSDAQ
195990,319.0,,,,-93.0,,,,,74.67,218,1341,,기계,KOSDAQ
432980,208.0,,,,3.0,,,,,-43.62,217,2525,,제약,KOSDAQ
347770,634.0,,,,-61.0,,,,1.0,225.63,215,951,31.49,디스플레이장비및부품,KOSDAQ
303530,707.0,,,,-29.0,,,,1.0,-74.23,216,2950,77.47,IT서비스,KOSDAQ
067730,485.0,,,,29.0,,,,,-119.3,215,2220,67.77,IT서비스,KOSDAQ
219750,320.0,,,,-29.0,,,,,101.81,215,1645,,건강관리장비와용품,KOSDAQ
200230,432.0,,,,7.0,,,,0.9969,265.69,215,2270,5.86,제약,KOSDAQ
098660,715.0,,,,-14.0,,,,1.0,359.5,211,1690,13.67,"섬유,의류,신발,호화품",KOSDAQ
353190,990.0,,,,19.0,,,,1.0,131.64,214,2720,13.42,건강관리업체및서비스,KOSDAQ
340440,480.0,,,,9.0,,,,,-90.83,213,751,14.03,포장재,KOSDAQ
372800,781.0,,,,-54.0,,,,1.0,21.94,211,2995,,IT서비스,KOSDAQ
019660,129.0,,,,-48.0,,,,,68.71,213,1525,,판매업체,KOSDAQ
065370,383.0,,,,8.0,,,,1.0,114.97,211,2860,,소프트웨어,KOSDAQ
398120,246.0,,,,15.0,,,,1.0,36.72,210,1777,,건강관리장비와용품,KOSDAQ
355390,105.0,,,,-134.0,,,,,-34.52,210,1320,,IT서비스,KOSDAQ
438700,31.0,,,,-85.0,,,,,37.36,209,1875,,소프트웨어,KOSDAQ
275630,130.0,,,,3.0,,,,1.0,-180.36,210,4000,17.19,소프트웨어,KOSDAQ
073570,107.0,,,,-45.0,,,,,-104.38,208,1725,,핸드셋,KOSDAQ
051780,567.0,,,,-0.0,,,,,399.8,207,2730,,식품,KOSDAQ
215480,397.0,,,,0.0,,,,0.9798,-77.97,207,1929,15.5,"섬유,의류,신발,호화품",KOSDAQ
362990,200.0,,,,-12.0,,,,1.0,-40.53,207,1232,33.92,광고,KOSDAQ
361670,110.0,,,,-17.0,,,,,-91.42,207,3650,,전자장비와기기,KOSDAQ
080470,2435.0,,,,116.0,,,,0.7724,177.42,205,2815,6.68,자동차부품,KOSDAQ
274400,143.0,,,,-20.0,,,,,129.74,206,2270,,소프트웨어,KOSDAQ
305090,128.0,,,,-92.0,,,,,103.28,206,1097,188.97,건강관리장비와용품,KOSDAQ
191410,448.0,,,,-15.0,,,,1.0,162.42,205,1827,,디스플레이패널,KOSDAQ
142760,112.0,,,,-65.0,,,,0.9919,51.39,204,970,8.64,제약,KOSDAQ
373110,19.0,,,,-109.0,,,,,11.55,204,1178,,생물공학,KOSDAQ
224060,253.0,,,,-8.0,,,,,557.46,203,3940,,전기제품,KOSDAQ
279600,228.0,,,,-22.0,,,,,150.51,201,4300,,IT서비스,KOSDAQ
069330,497.0,,,,13.0,,,,1.0,57.57,203,1199,,디스플레이장비및부품,KOSDAQ
113810,804.0,,,,10.0,,,,0.996,-17.94,200,3060,12.95,자동차부품,KOSDAQ
154030,35.0,,,,-10.0,,,,1.0,105.35,201,1665,,생물공학,KOSDAQ
021040,2774.0,,,,24.0,,,,,739.84,202,930,,철강,KOSDAQ
043360,213.0,,,,-8.0,,,,,-74.78,200,2225,,컴퓨터와주변기기,KOSDAQ
177350,166.0,,,,-26.0,,,,1.0,-33.59,201,2030,,화학,KOSDAQ
419540,171.0,,,,-11.0,,,,,-32.76,199,3345,60.85,건강관리장비와용품,KOSDAQ
065650,762.0,,,,-43.0,,,,,165.33,199,1817,,컴퓨터와주변기기,KOSDAQ
014100,488.0,,,,-11.0,,,,1.0,162.13,199,1685,5.47,화장품,KOSDAQ
043590,214.0,,,,-21.0,,,,1.0,72.84,198,1460,3.85,전기제품,KOSDAQ
083470,184.0,,,,-19.0,,,,1.0,1.57,197,924,,디스플레이장비및부품,KOSDAQ
383930,477.0,,,,-57.0,,,,,404.22,198,1550,,생명과학도구및서비스,KOSDAQ
342870,1033.0,,,,82.0,,,,1.0,398.13,197,3620,,가정용기기와용품,KOSDAQ
032680,548.0,,,,-2.0,,,,,-479.02,199,953,,IT서비스,KOSDAQ
054410,399.0,,,,14.0,,,,,253.23,197,3440,9.28,비철금속,KOSDAQ
344860,82.0,,,,0.0,,,,,-68.5,197,1365,22.96,화장품,KOSDAQ
455180,181.0,,,,-37.0,,,,1.0,478.52,196,1334,,전자장비와기기,KOSDAQ
196700,432.0,,,,56.0,,,,1.0,87.02,196,1367,27.35,화학,KOSDAQ
088290,566.0,,,,16.0,,,,,43.1,195,2450,,자동차부품,KOSDAQ
018620,548.0,,,,3.0,,,,,150.51,197,2840,,제약,KOSDAQ
137940,1201.0,,,,-356.0,,,,,-263.02,195,1988,,화장품,KOSDAQ
252500,376.0,,,,6.0,,,,,-187.19,194,2340,2.75,화장품,KOSDAQ
214610,109.0,,,,-99.0,,,,,0.37,192,2290,4.0,건강관리장비와용품,KOSDAQ
073190,201.0,,,,-30.0,,,,,73.69,194,1622,,가구,KOSDAQ
069920,240.0,,,,-59.0,,,,,127.57,194,1346,,건설,KOSDAQ
024940,560.0,,,,16.0,,,,1.0,-238.65,194,1940,40.94,가정용기기와용품,KOSDAQ
050760,668.0,,,,-48.0,,,,1.0,192.49,192,1178,,화학,KOSDAQ
031860,145.0,,,,-78.0,,,,,50.27,187,6930,,컴퓨터와주변기기,KOSDAQ
027580,501.0,,,,-89.0,,,,1.0,27.91,193,1630,224.46,화학,KOSDAQ
048830,838.0,,,,10.0,,,,1.0,-105.3,191,1022,20.52,화학,KOSDAQ
417180,173.0,,,,8.0,,,,1.0,-219.56,193,4485,25.74,양방향미디어와서비스,KOSDAQ
054220,448.0,,,,1.0,,,,1.0,69.07,192,1528,,IT서비스,KOSDAQ
096870,110.0,,,,3.0,,,,,-115.83,191,2290,,디스플레이장비및부품,KOSDAQ
900340,1922.0,,,,149.0,,,,1.0,-920.06,190,1510,2.4,식품,KOSDAQ
405000,85.0,,,,-76.0,,,,,104.72,189,3520,,건강관리장비와용품,KOSDAQ
140430,279.0,,,,-5.0,,,,,107.59,185,1727,,통신장비,KOSDAQ
065060,1109.0,,,,-4.0,,,,,532.02,189,3155,,"섬유,의류,신발,호화품",KOSDAQ
056730,475.0,,,,-113.0,,,,,-235.85,188,1266,6.87,건설,KOSDAQ
900270,1088.0,,,,-2.0,,,,1.0,-3169.79,179,3500,,레저용장비와제품,KOSDAQ
115610,132.0,,,,-20.0,,,,,-55.32,184,1559,,핸드셋,KOSDAQ
210120,40.0,,,,-15.0,,,,,224.79,177,1824,,방송과엔터테인먼트,KOSDAQ
110020,137.0,,,,-3.0,,,,,-62.84,183,2020,,가정용품,KOSDAQ
034940,593.0,,,,-66.0,,,,,245.85,182,2945,,제약,KOSDAQ
050090,74.0,,,,-36.0,,,,,-70.29,181,771,,광고,KOSDAQ
223310,189.0,,,,-75.0,,,,,325.51,183,3510,,식품과기본식료품소매,KOSDAQ
309930,460.0,,,,-88.0,,,,1.0,104.92,179,930,38.93,가구,KOSDAQ
306040,1634.0,,,,-159.0,,,,1.0,190.69,182,1963,7.05,"섬유,의류,신발,호화품",KOSDAQ
060900,131.0,,,,-93.0,,,,,-17.07,178,3650,,에너지장비및서비스,KOSDAQ
020400,1018.0,,,,1.0,,,,,308.45,177,2920,56.32,자동차부품,KOSDAQ
103230,488.0,,,,9.0,,,,,128.07,178,2470,8.37,조선,KOSDAQ
365900,469.0,,,,-15.0,,,,,258.91,178,2430,,레저용장비와제품,KOSDAQ
023790,240.0,,,,-26.0,,,,,367.69,173,1324,,철강,KOSDAQ
377220,722.0,,,,-186.0,,,,,347.01,170,3000,,건강관리업체및서비스,KOSDAQ
900120,576.0,,,,97.0,,,,1.0,-462.5,173,1040,2.57,제약,KOSDAQ
376930,51.0,,,,-201.0,,,,,-61.6,171,334,,건강관리장비와용품,KOSDAQ
037400,10652.0,,,,11.0,,,,0.2335,86.7,166,632,9.02,디스플레이장비및부품,KOSDAQ
006050,602.0,,,,9.0,,,,,-88.54,170,4880,62.45,건축제품,KOSDAQ
335870,420.0,,,,-28.0,,,,,-37.41,168,5020,8.12,"섬유,의류,신발,호화품",KOSDAQ
322780,329.0,,,,-71.0,,,,1.0,105.81,169,1883,22.26,방송과엔터테인먼트,KOSDAQ
002680,824.0,,,,29.0,,,,1.0,628.55,165,2560,,식품,KOSDAQ
078860,122.0,,,,-80.0,,,,,74.87,166,2685,,방송과엔터테인먼트,KOSDAQ
225590,1063.0,,,,84.0,,,,1.0,-95.1,167,3255,5.22,"섬유,의류,신발,호화품",KOSDAQ
009730,920.0,,,,-139.0,,,,,394.56,159,1993,889.86,비철금속,KOSDAQ
131760,463.0,,,,-29.0,,,,1.0,272.31,159,1835,,디스플레이장비및부품,KOSDAQ
303030,364.0,,,,-86.0,,,,,-18.96,165,1801,,반도체와반도체장비,KOSDAQ
045520,861.0,,,,-10.0,,,,1.0,282.53,155,2385,57.1,화학,KOSDAQ
354200,212.0,,,,-83.0,,,,,308.95,158,1768,,생명과학도구및서비스,KOSDAQ
247660,53.0,,,,-20.0,,,,,-64.57,164,3765,,화학,KOSDAQ
131100,1183.0,,,,34.0,,,,,-75.13,150,2320,,방송과엔터테인먼트,KOSDAQ
060480,363.0,,,,-2.0,,,,,-20.83,152,1374,,비철금속,KOSDAQ
389680,32.0,,,,-36.0,,,,,-69.04,154,1850,,IT서비스,KOSDAQ
030350,159.0,,,,-19.0,,,,,4.44,152,973,,게임엔터테인먼트,KOSDAQ
304840,29.0,,,,-84.0,,,,,101.19,136,561,,건강관리장비와용품,KOSDAQ
008290,169.0,,,,-72.0,,,,,-7.76,154,758,,"섬유,의류,신발,호화품",KOSDAQ
352770,20.0,,,,-78.0,,,,,34.91,136,5250,,생물공학,KOSDAQ
244460,8.0,,,,-74.0,,,,,93.91,134,1651,,제약,KOSDAQ
240600,287.0,,,,-78.0,,,,,51.38,147,1773,,전기제품,KOSDAQ
009620,2857.0,,,,79.0,,,,,2101.66,152,870,,비철금속,KOSDAQ
291810,58.0,,,,-32.0,,,,,-61.8,149,1307,,소프트웨어,KOSDAQ
060260,435.0,,,,13.0,,,,,53.64,145,1090,,건축제품,KOSDAQ
054180,282.0,,,,-57.0,,,,,71.15,127,2295,,조선,KOSDAQ
079950,184.0,,,,-86.0,,,,,148.16,144,1040,,디스플레이장비및부품,KOSDAQ
239340,156.0,,,,-56.0,,,,,-238.85,136,504,,증권,KOSDAQ
065570,333.0,,,,-2.0,,,,,86.22,123,764,,조선,KOSDAQ
289010,916.0,,,,14.0,,,,,-99.18,133,957,,교육서비스,KOSDAQ
285800,324.0,,,,-27.0,,,,,221.81,132,733,,화학,KOSDAQ
065770,236.0,,,,-12.0,,,,1.0,-76.72,131,1247,,통신장비,KOSDAQ
035620,116.0,,,,-23.0,,,,,310.3,132,707,,방송과엔터테인먼트,KOSDAQ
035290,90.0,,,,-19.0,,,,,10.39,129,2705,,교육서비스,KOSDAQ
250930,379.0,,,,-8.0,,,,,281.02,123,1869,,디스플레이장비및부품,KOSDAQ
012340,828.0,,,,-72.0,,,,,210.78,127,578,,전기제품,KOSDAQ
028080,4007.0,,,,-287.0,,,,,692.04,129,5080,,전자제품,KOSDAQ
043100,168.0,,,,-57.0,,,,,322.07,105,520,,건강관리장비와용품,KOSDAQ
106080,76.0,,,,-92.0,,,,,180.74,95,1650,,핸드셋,KOSDAQ
288980,232.0,,,,-59.0,,,,,489.22,121,332,327.72,소프트웨어,KOSDAQ
079190,441.0,,,,-27.0,,,,1.0,-30.44,106,1107,11.88,핸드셋,KOSDAQ
087260,349.0,,,,-9.0,,,,1.0,-115.97,80,247,44.27,자동차부품,KOSDAQ
001000,36.0,,,,5.0,,,,,140.73,112,462,,부동산,KOSDAQ
084180,928.0,,,,52.0,,,,,452.57,111,616,,출판,KOSDAQ
900100,63.0,,,,-84.0,,,,,28.68,124,2350,,"섬유,의류,신발,호화품",KOSDAQ
092600,1026.0,,,,-175.0,,,,1.0,95.87,107,2140,,전자제품,KOSDAQ
276040,68.0,,,,-122.0,,,,,-70.0,71,327,,소프트웨어,KOSDAQ
079970,268.0,,,,7.0,,,,1.0,4.49,76,596,,소프트웨어,KOSDAQ
065420,209.0,,,,-29.0,,,,,46.02,73,940,,석유와가스,KOSDAQ
418620,17.0,,,,-112.0,,,,,28.81,102,514,,소프트웨어,KOSDAQ
308100,377.0,,,,-81.0,,,,,272.29,100,386,,"섬유,의류,신발,호화품",KOSDAQ
044180,278.0,,,,-43.0,,,,1.0,757.3,55,205,,건설,KOSDAQ
208640,60.0,,,,-79.0,,,,,-6.55,93,668,,게임엔터테인먼트,KOSDAQ
313760,75.0,,,,-49.0,,,,,190.83,52,468,,전기제품,KOSDAQ
025870,700.0,,,,-16.0,,,,1.0,181.96,80,1993,103.52,식품,KOSDAQ
058450,63.0,,,,-60.0,,,,,82.85,93,1724,,방송과엔터테인먼트,KOSDAQ
052770,57.0,,,,-49.0,,,,,10.48,45,312,,게임엔터테인먼트,KOSDAQ
225430,160.0,,,,-29.0,,,,,185.32,86,1330,,가정용품,KOSDAQ
199730,231.0,,,,-63.0,,,,,69.11,79,1620,28.43,생명과학도구및서비스,KOSDAQ
096610,245.0,,,,18.0,,,,1.0,-52.7,19,111,,반도체와반도체장비,KOSDAQ
101000,394.0,,,,-46.0,,,,1.0,192.84,78,783,7.37,조선,KOSDAQ
312610,137.0,,,,-95.0,,,,,114.77,66,324,,자동차부품,KOSDAQ
011080,508.0,,,,-70.0,,,,,69.05,63,885,14.01,"섬유,의류,신발,호화품",KOSDAQ
021045,2774.0,,,,24.0,,,,,739.84,22,2580,,철강,KOSDAQ
032685,548.0,,,,-2.0,,,,,-479.02,6,8700,,IT서비스,KOSDAQ
121850,127.0,,,,-81.0,,,,,173.06,25,504,,디스플레이장비및부품,KOSDAQ
