종목코드,매출액_2025,매출액_2026,매출액_2027,매출액_2028,영업이익_2025,영업이익_2026,영업이익_2027,영업이익_2028,지배비율,순차입금,시가총액,현재가,PER,업종,시장
005930,3336059.38,7374296.57,9658613.24,10656697.0,436010.51,3876100.29,5583495.9,5899044.06,0.9881,-1675903.07,15784952,270000,35.66,반도체와반도체장비,KOSPI
000660,971466.75,3440304.82,5116339.68,5669603.94,472063.19,2651279.64,4020407.32,4202122.22,0.9992,-668447.84,12863971,1761000,29.97,반도체와반도체장비,KOSPI
005935,3336059.38,7374296.57,9658613.24,10656697.0,436010.51,3876100.29,5583495.9,5899044.06,0.9881,-1675903.07,1648873,205500,3.73,반도체와반도체장비,KOSPI
402340,104555.53,130986.0,152484.0,151568.0,87974.21,496238.4,603879.0,607606.0,1.0,-13112.77,1440610,1092000,16.33,반도체와반도체장비,KOSPI
012450,267029.01,324104.0,346517.32,371269.32,30893.2,46453.95,57056.37,63529.53,0.6487,67515.16,533166,1034000,37.95,우주항공과국방,KOSPI
105560,812307.08,,,,85177.11,94585.4,96164.27,98597.07,0.9913,,616447,173800,10.57,은행,KOSPI
032830,371383.1,,,,25804.69,34544.25,69533.25,45800.38,1.0,,586000,293000,25.45,생명보험,KOSPI
028260,407422.41,455818.5,492927.86,515526.92,32927.47,37961.14,44118.21,47921.23,0.7051,-38038.9,560289,345500,22.97,복합기업,KOSPI
068270,41624.95,55396.11,64267.33,71626.18,11684.71,18569.94,22905.72,25840.59,0.9945,26085.71,413826,177900,40.19,제약,KOSPI
034730,1227033.38,1479547.09,1458091.09,1516321.22,18184.76,119051.0,114221.55,131827.22,0.4048,496014.83,417616,576000,26.14,석유와가스,KOSPI
086790,689436.35,,,,53508.98,59870.47,62471.88,65090.5,0.9849,,364184,134400,9.1,은행,KOSPI
006400,132667.31,159069.74,195995.0,240827.65,-17223.61,4047.58,14513.68,25000.53,0.8593,106775.0,425492,528000,,전기제품,KOSPI
316140,415483.95,,,,36748.08,43792.63,47979.69,50413.67,0.971,,266717,36200,8.54,은행,KOSPI
096770,802960.54,1047559.31,959189.08,947053.77,4486.84,92984.23,47575.54,43017.92,0.881,261185.73,268625,158900,,석유와가스,KOSPI
298040,59685.12,72079.0,85849.67,100625.86,7469.68,11297.47,15690.27,20451.07,0.9846,5156.8,259595,2784000,49.93,전기장비,KOSPI
035420,120350.07,137960.57,157617.96,183470.1,22081.38,21960.13,25760.52,30497.0,0.9976,-37918.97,298561,196300,15.29,양방향미디어와서비스,KOSPI
042700,5766.85,8196.0,11239.0,13148.0,2513.9,3822.0,5617.0,6843.0,1.0,-862.95,222077,233000,103.77,반도체와반도체장비,KOSPI
010130,165878.51,239348.29,238733.43,247067.33,12319.27,22605.0,19968.86,21588.83,0.9981,60740.67,228350,1094000,29.46,비철금속,KOSPI
000150,197841.38,218329.15,251510.92,287199.6,10627.15,17845.23,24746.17,31875.1,0.531,54570.67,229143,1415000,302.36,복합기업,KOSPI
009540,299332.15,348635.82,380053.73,409596.27,39044.9,61927.36,73808.18,84712.82,0.8002,-110945.45,235321,332500,10.85,조선,KOSPI
051910,459321.67,562155.33,642942.08,714571.33,11809.0,13878.58,39751.33,55531.08,0.83,307180.26,184952,262000,,화학,KOSPI
003550,72525.47,82600.1,90786.2,98624.44,9121.74,15604.7,19226.0,21850.11,0.8142,-25430.26,171149,113200,23.21,복합기업,KOSPI
010950,342469.57,423290.36,400661.43,380808.86,2356.31,44401.14,33113.43,28485.57,1.0,75316.31,184636,164000,104.34,석유와가스,KOSPI
010140,106500.11,127704.74,146628.63,159967.56,8622.11,13637.84,19633.89,23460.28,1.0,-1987.7,177320,20150,32.5,조선,KOSPI
278470,15273.45,30828.9,42561.9,52809.95,3655.21,7667.33,10789.24,13548.55,0.9987,-1952.48,137398,367000,47.44,화장품,KOSPI
272210,36641.51,45524.67,51728.67,58919.93,1198.99,2501.67,4527.8,5763.87,1.0,17248.57,137155,72600,56.62,우주항공과국방,KOSPI
047810,36963.79,53662.44,67322.56,75686.13,2691.9,3447.06,5815.19,7331.0,0.9899,27887.67,125353,128600,67.43,우주항공과국방,KOSPI
009150,113144.59,143418.65,183510.0,235106.11,9133.31,19607.25,37661.65,59601.0,0.9623,-2270.93,1113683,1491000,157.72,전자장비와기기,KOSPI
207940,45569.72,54951.31,64069.0,68466.8,20692.21,24162.15,28197.58,30980.9,0.9985,-9473.01,643444,1390000,36.06,제약,KOSPI
005380,1862544.72,1935858.8,2020377.68,2122667.9,114678.51,113600.16,130366.48,140689.38,0.9124,1025242.74,720271,354000,7.63,자동차,KOSPI
180640,2983.62,,,,-75.24,,,,0.9738,823.32,93667,140300,60.43,항공사,KOSPI
066570,892008.82,966484.59,1010770.71,1052523.07,24783.92,46394.53,49360.82,60193.13,0.8057,41258.6,349388,214500,36.37,전자제품,KOSPI
003490,252255.42,284596.64,281315.36,288936.55,11135.89,9909.09,22587.18,26015.55,1.0,192096.56,115805,31450,14.85,항공사,KOSPI
010120,49657.99,65415.13,80098.75,94441.47,4264.07,7199.81,10368.5,13510.6,1.0,8044.96,304500,203000,106.24,전기장비,KOSPI
267260,40794.98,46914.13,55469.0,64687.29,9953.13,12327.13,15511.4,18902.79,1.0,-8268.76,249807,693000,34.1,전기장비,KOSPI
005490,690948.86,736454.05,761427.89,787309.78,18270.63,30929.47,38389.58,44428.17,0.9054,179179.05,248422,313500,37.77,철강,KOSPI
161390,212022.99,225571.76,237660.47,247939.8,18410.76,21857.41,24492.24,26218.6,0.9549,35329.27,73458,59300,6.74,자동차부품,KOSPI
009830,133330.55,183054.58,196539.75,204337.42,-3647.59,8898.0,12985.25,14592.83,0.9841,128985.87,77026,34250,,에너지장비및서비스,KOSPI
028050,90287.69,107231.5,129034.95,141341.5,7920.79,9821.64,11913.23,13226.55,0.9725,-36619.52,97804,49900,15.84,건설,KOSPI
079550,43069.36,51200.47,60827.0,71211.07,3194.42,4489.87,6256.47,8348.67,1.0,16723.11,151800,690000,59.92,우주항공과국방,KOSPI
018260,139298.68,144025.87,151503.67,159438.86,9571.03,8237.2,10685.67,11870.57,0.982,-57031.26,168684,218000,22.21,IT서비스,KOSPI
017670,170992.13,176606.11,180161.58,184151.32,10732.15,19643.63,20920.68,22192.74,1.0,82031.19,188371,87700,46.12,무선통신서비스,KOSPI
011200,108914.43,128262.08,118185.15,115644.92,14612.02,16185.69,10474.85,8921.92,1.0,-65426.06,201381,21350,10.72,해운사,KOSPI
006260,318700.31,415638.56,443960.89,470585.25,10525.54,20508.78,23029.78,26635.75,0.6211,104616.6,97344,312000,35.94,전기장비,KOSPI
024110,292172.06,,,,36555.89,37151.23,40117.54,42377.25,0.9937,,165865,20800,6.12,은행,KOSPI
005940,136989.24,338079.33,290477.33,297504.0,14205.8,23130.94,20109.13,20493.21,0.9664,,95809,25950,9.29,증권,KOSPI
064350,58390.32,68395.0,77290.82,88512.19,10056.41,10808.24,13191.12,16463.56,0.997,-24542.29,126823,116200,16.47,우주항공과국방,KOSPI
259960,33265.54,48470.22,51875.67,55595.13,10543.81,14507.67,15637.94,16774.93,0.9919,-21242.54,92062,200500,12.53,게임엔터테인먼트,KOSPI
000270,1141409.19,1255485.24,1307687.84,1362258.91,90781.48,101666.04,111115.0,120413.32,0.9995,-211997.07,457174,117100,6.05,자동차,KOSPI
000500,25456.98,32528.5,38910.0,45020.0,791.92,1381.5,2870.0,4140.0,1.0,4290.98,88886,298500,172.94,전기장비,KOSPI
090430,42528.2,47258.21,51770.16,56190.56,3358.27,4871.16,5671.95,6445.78,0.9562,-8086.94,83001,141900,35.22,화장품,KOSPI
373220,236717.59,322905.17,416241.61,494950.88,13461.2,8494.33,39952.06,61044.76,0.7573,250840.51,843570,360500,,전기제품,KOSPI
055550,646819.6,,,,70233.57,80829.75,84632.75,87826.2,0.993,,520151,110800,10.46,은행,KOSPI
012330,611181.27,649025.64,692314.2,729111.55,33574.56,37771.04,42303.84,45891.59,0.9802,-89091.2,333683,371500,9.13,자동차부품,KOSPI
000810,247785.2,,,,26591.43,32316.92,38353.46,37044.0,1.0,,293780,658000,14.56,손해보험,KOSPI
241560,87918.88,94797.0,99540.33,102948.33,6861.32,8558.33,9375.33,10349.83,1.0,-3060.2,55884,58300,13.89,기계,KOSPI
307950,42520.67,48375.0,54865.2,64010.08,2553.02,2830.4,3545.53,4543.08,0.9756,-4619.81,102703,374500,56.28,IT서비스,KOSPI
000880,747854.4,910137.75,948191.5,1001308.25,41468.83,62727.5,71257.0,77944.75,0.2961,46978.59,70127,131500,18.83,복합기업,KOSPI
042660,127835.12,158326.57,153100.76,164580.45,11675.9,22538.52,24962.29,28431.9,0.9999,47157.9,246663,80500,19.8,조선,KOSPI
015760,974293.46,976053.36,989070.07,1006913.46,134905.57,77650.79,111501.07,133061.23,0.9581,1306591.75,196441,30600,2.3,전기유틸리티,KOSPI
352820,26498.7,48864.0,42745.43,46739.79,493.18,2841.71,4824.48,5419.53,0.9688,-7203.21,69790,161900,,방송과엔터테인먼트,KOSPI
064400,61295.43,65697.5,71548.25,77959.27,5518.28,5820.75,6680.42,7375.27,0.9971,-10425.1,67530,69700,15.42,IT서비스,KOSPI
035720,80991.48,83389.35,89665.1,97276.59,7320.37,10362.75,11826.7,13513.29,0.8917,-90183.57,150398,33950,30.6,양방향미디어와서비스,KOSPI
128940,15475.31,17596.72,17945.44,19011.12,2577.99,3664.94,3151.89,3115.76,0.9156,90.87,64439,503000,38.01,제약,KOSPI
138930,101525.1,,,,9026.81,10035.14,11143.71,11736.92,0.9741,,50537,16470,6.2,은행,KOSPI
086280,295664.09,331591.41,345729.82,359207.5,20730.08,21591.94,23576.06,24881.25,0.9987,-5446.09,148575,198100,8.57,항공화물운송과물류,KOSPI
062040,5019.46,6851.7,8807.3,11180.22,1786.34,2554.2,3384.4,4380.78,1.0,-2155.58,61255,199900,41.13,전기장비,KOSPI
011070,218966.03,254494.79,268324.68,282713.56,6650.07,12656.89,14594.11,17346.31,1.0,9425.44,135849,574000,39.81,전자장비와기기,KOSPI
353200,10652.95,16028.62,19967.69,23334.69,490.61,2762.62,4079.46,5059.77,0.9995,-2162.12,60140,121700,126.33,전자장비와기기,KOSPI
003230,23517.85,31414.07,37694.36,42824.4,5241.88,7337.86,8947.86,10510.2,0.9998,424.07,91752,1218000,23.56,식품,KOSPI
007660,10880.25,16210.44,22680.44,26871.78,2047.25,3485.89,5293.0,6478.22,1.0,408.18,82218,112000,51.23,반도체와반도체장비,KOSPI
003670,29386.98,32561.63,42524.75,54967.88,328.27,980.19,1812.38,2824.88,0.8978,35152.63,162416,182600,503.43,화학,KOSPI
267250,712594.38,846178.0,896322.8,959406.0,60996.36,132852.6,122660.6,132859.2,0.3858,7714.96,165885,210000,17.23,조선,KOSPI
443060,19827.01,23717.0,26284.67,30085.56,3501.41,4141.89,5245.0,6557.67,1.0,-5145.06,108721,242500,40.33,조선,KOSPI
001440,36360.18,43980.0,46800.29,52789.57,1286.13,2290.14,2566.14,3257.14,0.9707,5639.37,58504,29850,69.46,전기장비,KOSPI
010060,33800.6,41113.0,45935.43,50756.29,-576.27,3467.86,5565.43,6588.86,0.8039,9586.85,43315,232000,,화학,KOSPI
377300,9583.71,12931.5,15015.17,17974.17,503.67,1700.5,2023.67,2468.67,0.8745,-44393.61,55338,40900,122.32,IT서비스,KOSPI
000100,21866.38,23471.94,25614.69,28602.69,1043.74,1289.25,2028.44,3026.56,1.0,-959.87,54770,74400,28.22,제약,KOSPI
004020,227332.37,240146.84,249687.95,255234.56,2192.35,3595.21,6713.63,7760.17,0.8926,81868.27,41368,31000,,철강,KOSPI
071050,194661.43,419870.0,417760.0,419820.0,23453.29,39668.06,31824.94,32975.2,0.9934,,101254,181700,5.01,증권,KOSPI
088350,274363.51,,,,11472.5,17329.5,17680.0,18712.0,0.7668,,50548,5820,7.88,생명보험,KOSPI
047050,323736.04,352886.6,361452.67,371351.87,11653.16,14749.13,15595.87,16432.33,0.9596,67614.96,100100,56900,16.3,무역회사와판매업체,KOSPI
029780,43828.54,47140.0,47733.33,49516.67,8536.95,7986.67,8145.0,8540.0,1.0,,49993,43150,7.74,카드,KOSPI
323410,30862.91,,,,6493.71,7389.83,8803.58,9725.45,,,97333,20400,,은행,KOSPI
066970,21549.39,35560.0,43704.29,52711.57,-1568.5,2055.86,2370.86,3217.57,1.0,14382.17,46586,114500,,전기제품,KOSPI
005387,1862544.72,1935858.8,2020377.68,2122667.9,114678.51,113600.16,130366.48,140689.38,0.9124,1025242.74,61697,180100,0.65,자동차,KOSPI
036570,15069.25,27964.39,32013.33,33636.64,160.78,5227.89,5901.28,6046.36,0.971,-14930.01,45996,213500,13.27,게임엔터테인먼트,KOSPI
030200,282441.61,273840.06,280104.39,286069.06,24691.33,21203.89,22642.44,23659.22,0.9332,95653.68,133067,52800,7.69,다각화된통신서비스,KOSPI
0126Z0,2516.9,18577.33,20855.0,22952.67,-636.41,2468.0,3099.67,2558.33,1.0,2467.96,82612,332000,96.83,제약,KOSPI
008930,13569.58,14791.0,,,1387.27,1783.0,,,1.0,856.68,35564,52000,30.04,제약,KOSPI
329180,175806.33,247518.33,266501.44,285912.71,20375.1,40537.22,47419.0,55084.0,1.0,-49151.16,460780,439000,32.55,조선,KOSPI
326030,7067.41,9783.44,11815.75,13789.27,2039.38,3506.63,4671.69,6034.07,1.0,-3330.46,59518,76000,22.3,제약,KOSPI
051900,63554.9,64565.67,67520.2,70248.21,1706.89,3741.0,4445.87,4861.5,0.9692,-11373.38,43654,291500,,화장품,KOSPI
271560,33324.43,37739.64,40229.14,42254.5,5582.58,6397.07,6990.86,7436.8,0.9837,-12166.55,44114,111600,11.53,식품,KOSPI
034220,258100.82,250480.86,255001.29,263030.0,5169.77,8299.43,12937.0,15783.43,0.9456,119989.1,42200,8440,18.65,디스플레이패널,KOSPI
021240,49635.66,56966.5,64071.25,71289.5,8786.52,10133.0,11836.0,12775.5,1.0,25247.31,71263,100700,11.54,가정용기기와용품,KOSPI
035250,14767.27,14664.5,14795.38,16027.86,2353.11,2130.0,2075.75,2706.29,1.0,-29273.88,30872,14430,9.7,"호텔,레스토랑,레저",KOSPI
192820,23987.58,29703.0,34636.26,39260.17,1957.92,2570.0,3157.95,3707.33,0.9578,7500.21,30587,269500,24.85,화장품,KOSPI
052690,5187.68,5747.6,7434.89,9212.67,354.53,634.9,952.78,1507.44,0.9889,-830.03,47775,125000,55.96,전기유틸리티,KOSPI
039490,171217.04,369379.0,300835.67,307065.67,14882.4,22712.39,18680.94,19535.53,1.0,,67276,256500,6.04,증권,KOSPI
001040,450188.29,472587.27,489991.5,513100.0,25277.38,24665.18,27651.0,30875.38,0.469,168752.98,38893,133300,27.14,복합기업,KOSPI
336260,4547.95,5009.67,8336.17,9972.4,-1056.73,-743.0,443.33,751.2,0.9963,5482.62,30291,46250,,에너지장비및서비스,KOSPI
032640,154517.45,153950.5,158116.56,161366.44,8921.31,11498.44,12363.72,13190.67,1.0,45084.03,62730,14780,11.97,무선통신서비스,KOSPI
267270,37765.24,95282.0,105208.57,113469.14,1708.83,7862.43,9423.43,11463.43,1.0,9841.04,60987,128400,61.37,기계,KOSPI
005830,230479.16,,,,23839.5,,,,0.7872,,124647,190300,6.97,손해보험,KOSPI
006800,292830.28,582144.67,493576.0,520335.67,19151.04,47480.07,25821.27,27573.73,0.9672,,171866,31650,10.95,증권,KOSPI
454910,329.78,,,,-594.72,,,,,-1686.94,45180,69700,,기계,KOSPI
161890,27224.19,31931.6,36000.26,39686.21,2395.95,3458.23,4116.97,4677.11,0.7825,10641.17,34936,148000,27.93,화장품,KOSPI
175330,46305.45,,,,9523.14,10267.54,10949.46,11569.0,0.977,,58102,31150,8.18,은행,KOSPI
018880,108837.28,113387.2,117890.45,123224.72,2703.72,4269.5,4976.7,5558.33,0.9894,28264.69,33661,3280,,자동차부품,KOSPI
302440,6513.68,6932.5,7617.5,8263.0,-1235.02,-1054.0,-400.5,-240.0,1.0,-2892.36,28323,36100,,제약,KOSPI
036460,357273.36,371722.9,387206.1,379038.67,21011.51,25379.5,24033.5,24626.0,0.9964,330240.39,32725,35450,24.6,가스유틸리티,KOSPI
004170,69294.99,73049.33,76082.67,79406.76,4799.62,7906.0,8700.22,9348.65,0.8328,39443.1,32397,343000,232.45,백화점과일반상점,KOSPI
111770,40635.84,45223.86,47373.86,50145.17,5144.39,6424.57,7164.71,7986.83,1.0,-7396.17,31505,71100,6.4,"섬유,의류,신발,호화품",KOSPI
012750,28894.12,29506.25,31310.75,32895.0,2345.66,2060.75,2536.75,2694.0,0.9999,-1579.0,31501,82900,17.64,상업서비스와공급품,KOSPI
022100,10751.75,9993.0,11930.0,14487.0,603.89,404.0,735.0,1161.0,0.9898,-2469.25,30635,20150,58.82,IT서비스,KOSPI
005385,1862544.72,1935858.8,2020377.68,2122667.9,114678.51,113600.16,130366.48,140689.38,0.9124,1025242.74,40882,179000,0.43,자동차,KOSPI
103590,20445.52,23474.75,25219.25,26765.0,1512.27,2524.75,2765.25,3117.5,1.0,-439.49,39197,82200,37.73,전기장비,KOSPI
026960,5328.79,,,,453.37,,,,0.9892,-7694.47,25523,25600,17.62,식품,KOSPI
004990,155396.27,158221.5,163395.0,169960.0,2394.39,3503.0,4694.0,5355.0,0.5568,76316.01,24567,24650,,복합기업,KOSPI
004370,35143.16,37574.86,39609.79,40938.8,1839.33,2323.31,2489.92,2643.1,0.9963,-10975.06,23996,394500,14.1,식품,KOSPI
005440,80916.05,84555.6,88027.0,91899.2,2740.74,3435.4,3791.2,4139.2,0.7569,-3765.19,23457,12790,5.69,복합기업,KOSPI
251270,28350.74,29187.22,29716.44,30934.0,3524.78,3276.78,3715.11,3982.8,0.9757,1205.57,29355,35300,13.04,게임엔터테인먼트,KOSPI
005850,52399.39,55945.0,60303.5,63598.29,4070.99,4492.5,4934.38,5619.29,0.9728,-7022.77,23364,50300,7.52,자동차부품,KOSPI
097950,273425.89,293045.46,305012.31,317588.67,12336.05,12077.85,13978.54,15265.11,0.7562,115284.69,26917,178800,,식품,KOSPI
282330,90612.16,95129.8,99187.6,103054.08,2539.47,3076.6,3410.6,3677.46,0.999,-4201.09,23074,133500,11.82,백화점과일반상점,KOSPI
375500,74024.25,70609.15,71549.05,76943.17,3869.53,5759.75,5759.6,6468.61,0.997,-10892.93,31458,81300,8.5,건설,KOSPI
279570,13348.3,,,,1170.85,1164.0,1986.0,2838.0,,,22273,5490,,은행,KOSPI
112610,29316.49,28480.0,32400.0,33191.63,3203.23,3043.4,3380.8,2642.75,0.9778,7948.04,22267,52800,64.17,에너지장비및서비스,KOSPI
003690,67044.02,,,,4709.39,,,,1.0,,26208,14830,8.14,손해보험,KOSPI
082740,13710.57,15585.57,21559.14,24853.86,1300.66,2258.57,3761.14,4734.71,1.0,-1676.54,39679,47550,22.84,조선,KOSPI
204320,94548.13,98344.83,104224.17,109676.05,3571.21,4115.96,4713.17,5334.95,0.8881,13563.97,21718,46250,21.71,자동차부품,KOSPI
088980,,,,,,3460.0,3570.0,3700.0,,,47126,9840,,운송인프라,KOSPI
006360,124503.47,109554.95,118609.09,127561.89,4378.09,4127.86,5924.95,6966.89,0.8691,40469.93,30253,35350,32.35,건설,KOSPI
000720,310629.12,269351.95,285527.55,306832.89,6530.06,8658.0,11338.9,13770.17,0.7661,6231.61,137190,123200,36.77,건설,KOSPI
031210,27587.2,,,,3757.02,,,,0.9999,,30128,43150,11.23,손해보험,KOSPI
011780,69151.45,79847.92,78156.42,77693.5,2718.29,5466.83,4436.17,4720.33,0.9999,-853.11,29560,117500,10.16,화학,KOSPI
002790,46231.75,,,,3680.0,,,,0.4246,-16403.41,20300,26550,16.37,화장품,KOSPI
016360,148739.02,277355.0,236345.0,243245.0,13756.73,23000.41,20881.94,21372.06,0.9995,,79298,88800,7.87,증권,KOSPI
023530,137383.55,143041.0,147266.92,151021.58,5470.37,7959.38,8662.38,9380.08,0.9284,119784.62,28911,102200,56.08,백화점과일반상점,KOSPI
017800,24673.78,26300.0,29100.0,31900.0,2092.22,2140.0,2190.0,2300.0,1.0,3217.22,28811,73700,10.99,기계,KOSPI
001450,181103.79,,,,12609.94,,,,0.9812,,41431,48600,4.06,손해보험,KOSPI
011170,184830.05,208711.82,192122.91,195097.27,-9431.16,-589.55,503.91,3593.91,0.7997,77206.58,26692,62400,,화학,KOSPI
483650,5197.35,7556.89,9851.26,12087.61,1014.69,1645.74,2217.89,2783.94,0.9995,-1973.9,22937,183100,29.01,화장품,KOSPI
462870,2945.46,2149.0,2171.0,3763.8,1814.18,1080.3,1037.8,2317.5,1.0,-5410.08,18533,31550,9.68,게임엔터테인먼트,KOSPI
439260,12281.28,13276.5,13713.17,14941.5,2941.03,3646.83,3749.17,4301.83,1.0,-6298.42,17349,45550,6.97,조선,KOSPI
023590,174950.04,,,,15592.84,,,,0.437,-482973.99,16969,39200,3.36,증권,KOSPI
030000,45468.95,45120.1,47560.9,49538.78,3368.9,3211.5,3460.2,3624.11,0.9937,-5074.79,20489,17810,9.87,광고,KOSPI
120110,48733.99,53155.33,55417.5,57748.5,1088.96,2780.5,2985.83,3361.83,0.951,22920.57,16680,55700,43.57,화학,KOSPI
071970,4023.96,6063.8,7656.6,8911.0,759.12,1550.0,2117.0,2604.0,1.0,-4232.94,16605,48950,10.06,조선,KOSPI
281820,3828.57,6528.0,8724.0,9260.0,599.66,1462.0,2011.0,2170.0,0.9982,-2632.16,16453,83100,30.82,반도체와반도체장비,KOSPI
489790,17909.22,20334.0,23415.0,25948.67,1622.67,2034.0,2967.33,3731.0,1.0,1530.85,23275,46100,51.05,통신장비,KOSPI
073240,47012.82,51016.0,53579.7,56200.25,5758.59,6244.9,6612.5,7463.75,0.9331,12484.08,19562,6810,5.63,자동차부품,KOSPI
457190,4114.7,4273.0,4380.0,4818.0,16.15,267.0,312.0,525.0,1.0,1556.56,19461,64400,2527.4,화학,KOSPI
000155,197841.38,218329.15,251510.92,287199.6,10627.15,17845.23,24746.17,31875.1,0.531,54570.67,19103,478000,25.21,복합기업,KOSPI
000120,122846.52,132513.55,137548.64,143196.27,5080.81,4698.18,5340.18,5899.18,0.9451,38229.46,16060,70400,6.63,항공화물운송과물류,KOSPI
047040,80546.27,80801.3,90203.3,102077.17,-8154.31,8288.4,8123.3,9084.17,0.9879,31023.76,76511,18620,,건설,KOSPI
229640,9600.56,12500.22,13738.67,15196.67,667.78,846.44,949.0,1125.56,0.8836,967.59,19079,62300,45.36,전기장비,KOSPI
085620,51884.29,,,,1945.12,2065.0,2393.0,2472.0,1.0,,26293,19450,20.11,생명보험,KOSPI
002380,64838.19,68851.33,71830.0,74338.5,4276.15,4585.0,5192.17,5566.0,1.0,42230.96,41031,477500,2.67,건축자재,KOSPI
089860,29187.52,30496.6,32314.5,34097.4,3125.03,3505.9,3833.0,4151.2,1.0,44991.09,17991,49550,14.1,도로와철도운송,KOSPI
181710,25162.34,29815.45,33224.55,37991.22,1324.34,1992.27,2526.0,3315.78,0.7846,-4584.32,17975,55600,56.01,IT서비스,KOSPI
028670,54328.88,69046.93,69931.5,71714.64,4919.48,6772.07,6826.57,6990.07,1.0,41405.81,30417,5690,10.09,해운사,KOSPI
020560,72668.5,,,,-3451.9,,,,0.631,60195.1,17221,8360,,항공사,KOSPI
051600,15765.17,16293.8,17041.3,17679.1,1401.02,1746.4,1959.6,2090.2,1.0,-2782.69,20700,46000,16.66,전기유틸리티,KOSPI
005070,4562.96,5792.0,8926.0,13130.0,23.78,212.0,608.0,1110.0,,888.66,14631,44050,,화학,KOSPI
007810,15097.25,17103.5,19450.5,20506.0,538.16,970.5,1594.0,1876.5,0.8916,1868.81,16692,69600,35.33,전자장비와기기,KOSPI
001800,33931.26,39428.0,40128.0,42150.0,4877.29,6071.0,6291.0,6750.0,0.36,-12314.71,14438,24000,11.93,식품,KOSPI
007340,36757.04,45957.0,48911.0,52148.5,5279.08,6949.5,7449.0,8137.0,0.8907,15626.15,29489,50400,10.47,자동차부품,KOSPI
001720,24663.81,31713.66,,,1361.46,1958.39,,,0.9554,,23049,140200,21.22,증권,KOSPI
007070,119574.22,125066.6,129164.87,133330.93,2921.2,3619.93,3908.4,4117.36,1.0,19593.92,19272,23050,44.37,백화점과일반상점,KOSPI
322000,4926.6,6959.0,8534.0,,412.23,1432.33,1665.0,,1.0,-1668.73,14090,125800,33.81,에너지장비및서비스,KOSPI
004800,24317.09,26120.0,26903.33,29156.67,3930.21,5440.0,5300.0,5786.67,0.8386,13984.24,26483,158200,8.03,복합기업,KOSPI
009420,1551.85,1699.2,1925.0,2070.4,-9.16,56.8,120.8,79.0,0.7007,147.99,22516,43100,,제약,KOSPI
298020,76948.44,87847.0,90427.17,95531.33,2515.03,5427.33,6025.0,6457.33,0.7788,22664.76,13459,311000,124.45,무역회사와판매업체,KOSPI
012630,65847.98,65503.5,72451.0,78230.0,6488.68,9498.5,11268.0,12280.0,0.653,23786.06,15593,26100,5.18,건설,KOSPI
475150,3856.41,5591.2,1595.2,1658.0,529.98,654.8,841.4,832.5,1.0,3383.52,17647,51800,57.44,에너지장비및서비스,KOSPI
009155,113144.59,143418.65,183510.0,235106.11,9133.31,19607.25,37661.65,59601.0,0.9623,-2270.93,15029,517000,2.13,전자장비와기기,KOSPI
450080,3925.06,,,,-653.69,,,,,6767.06,25139,35500,,전기제품,KOSPI
003540,50638.9,,,,3014.02,5836.67,3716.67,3853.33,1.0,,12369,25950,6.63,증권,KOSPI
415640,,,,,,560.0,620.0,660.0,,,12328,10060,,운송인프라,KOSPI
011210,84815.61,90561.5,95812.75,100987.36,2044.13,2191.0,2665.38,2983.36,0.95,-2845.84,14549,53500,14.69,자동차부품,KOSPI
011790,18400.36,24877.0,29587.5,34605.0,-3050.25,-688.0,762.5,2495.0,0.8883,22288.37,44738,90200,,화학,KOSPI
081660,44686.46,47469.5,48445.17,49578.0,4747.81,6213.0,6225.33,6392.0,0.6591,13756.9,20281,38200,9.04,"섬유,의류,신발,호화품",KOSPI
006280,19912.79,19881.08,21101.0,22768.77,691.5,725.62,980.77,1277.46,0.884,8941.9,14363,122900,,제약,KOSPI
069960,42303.21,43090.35,46467.71,48644.38,3779.48,4147.76,5057.41,5504.19,0.988,13062.4,19667,91200,9.47,백화점과일반상점,KOSPI
034020,170578.76,183496.38,205211.2,229828.2,7627.12,11307.5,16256.4,20657.27,0.6463,45793.89,519495,81100,612.89,기계,KOSPI
000990,13972.33,16400.0,18585.0,20130.0,2772.95,4165.0,5525.0,7010.0,0.9967,-9156.2,54642,125600,21.34,반도체와반도체장비,KOSPI
006120,101640.14,,,,3613.54,,,,0.8943,41141.98,11162,64100,8.63,석유와가스,KOSPI
103140,50485.8,61791.0,65129.93,67916.0,2974.27,4340.0,3969.36,4238.46,1.0,10110.41,21831,77900,14.83,비철금속,KOSPI
069620,15708.91,16656.56,17606.56,19233.0,1967.82,2311.0,2420.33,2825.78,1.0,7665.99,12502,107900,6.38,제약,KOSPI
003160,4322.94,5897.6,7189.0,8223.67,365.08,1157.0,1427.0,1660.33,0.5562,359.69,10146,35850,199.1,반도체와반도체장비,KOSPI
195870,6533.97,8824.0,10253.91,11639.64,464.91,1026.82,1491.91,1809.55,1.0,1298.53,10132,59600,42.53,반도체와반도체장비,KOSPI
003530,30945.78,,,,1477.01,,,,1.0,,9837,4585,9.64,증권,KOSPI
003240,18274.4,,,,-360.15,,,,0.9721,-13030.56,10065,904000,12.45,화학,KOSPI
004000,17526.83,21190.86,20897.71,21641.57,743.61,1631.29,1657.86,1807.71,1.0,-4418.46,11352,44000,10.7,화학,KOSPI
192400,9209.29,9950.0,10660.0,11230.0,1140.09,1140.0,1230.0,1290.0,1.0,-3466.13,9762,27450,6.7,가정용기기와용품,KOSPI
020150,6775.31,9066.57,13238.43,17299.67,-1452.26,-529.57,309.43,1176.67,0.8299,-375.89,22098,42200,,전자장비와기기,KOSPI
009240,17445.38,16699.0,17334.0,17897.33,184.91,386.29,425.86,536.83,0.9996,1895.95,9508,40400,20.54,가구,KOSPI
000080,24985.67,24531.4,25040.8,25280.67,1723.39,1933.2,2027.8,2081.67,1.0,7752.29,10597,15110,25.54,음료,KOSPI
192080,7198.97,8390.38,8811.23,9240.2,2321.34,2832.92,3078.69,3251.8,0.8233,-10011.68,12408,58600,9.45,게임엔터테인먼트,KOSPI
003090,20683.7,,,,2617.94,,,,0.7681,7061.41,9239,15890,5.28,제약,KOSPI
139130,80409.68,,,,5832.41,6314.46,6889.31,7286.08,0.9753,,29614,18700,6.67,은행,KOSPI
071320,39981.87,39223.0,39382.33,38811.0,5296.24,5105.67,4246.0,4094.0,0.9941,37397.42,9124,78800,2.69,복합유틸리티,KOSPI
185750,16924.04,17939.0,18836.0,19778.0,805.68,718.0,1319.0,1384.0,0.9951,1081.44,8999,65200,11.61,제약,KOSPI
078930,251841.27,286612.8,281332.2,283044.0,29360.61,51915.0,36700.0,36994.0,0.8262,61654.03,106180,114300,13.29,석유와가스,KOSPI
051915,459321.67,562155.33,642942.08,714571.33,11809.0,13878.58,39751.33,55531.08,0.83,307180.26,8911,115900,,화학,KOSPI
280360,42159.53,44753.5,46718.71,48409.36,1095.19,2149.71,2412.86,2662.55,1.0,11547.69,11589,125900,16.03,식품,KOSPI
030610,45067.95,,,,1904.43,,,,1.0,,11385,9990,7.97,증권,KOSPI
003570,7120.22,8077.0,9147.0,10260.0,854.57,1121.0,1357.0,1544.0,1.0,-3243.33,9810,29500,15.93,자동차부품,KOSPI
018670,76763.19,100881.25,94949.25,97460.25,4428.31,4569.5,5129.75,5222.75,0.8347,26026.17,22385,241500,9.52,가스유틸리티,KOSPI
000210,53267.21,55385.5,55391.5,56050.0,2985.46,6496.0,6105.0,6170.0,0.9294,45447.6,10876,51900,,화학,KOSPI
007310,36745.45,,,,1772.51,,,,0.9595,2748.22,12785,319000,18.47,식품,KOSPI
003470,34612.73,,,,993.79,,,,1.0,,8478,4400,8.87,증권,KOSPI
004490,21420.68,23967.0,29980.0,,1537.64,1732.0,2060.0,,1.0,-3132.96,8219,59300,5.83,자동차부품,KOSPI
499790,4816.83,6211.2,6789.2,7205.6,780.23,1369.8,1586.2,1767.8,0.6626,6224.65,7863,39650,40.59,"호텔,레스토랑,레저",KOSPI
000815,247785.2,,,,26591.43,32316.92,38353.46,37044.0,1.0,,12254,407500,0.61,손해보험,KOSPI
034230,11498.67,12656.3,13763.9,14684.88,1558.16,1683.1,2061.3,2401.63,0.7652,6206.98,8957,9670,9.49,"호텔,레스토랑,레저",KOSPI
036530,22356.94,,,,3006.56,,,,0.5914,-10191.21,7826,48000,6.02,자동차부품,KOSPI
001430,36515.85,41193.83,44576.42,46597.45,984.12,1677.83,2298.33,2683.91,0.9923,12059.87,16048,44750,28.56,철강,KOSPI
005300,39711.44,41022.75,42535.25,43991.78,1671.6,2000.58,2249.83,2422.56,0.9565,14544.81,8908,96000,18.86,음료,KOSPI
100840,6061.2,4789.0,,,1113.14,1013.0,,,1.0,-836.28,7580,36650,8.98,에너지장비및서비스,KOSPI
001120,167063.1,188230.33,186534.17,189212.0,2921.93,4657.0,4625.67,4741.67,0.878,18965.43,15872,40950,11.19,무역회사와판매업체,KOSPI
008770,40683.06,40074.58,41401.5,43690.7,135.13,1977.75,2394.42,2727.2,0.9993,9742.49,15817,40300,,백화점과일반상점,KOSPI
097230,19997.05,26710.0,29510.0,,670.74,2180.0,3250.0,,1.0,2710.99,13454,14900,26.16,건설,KOSPI
298050,32830.45,35828.0,36612.0,37609.0,1574.33,2324.5,2749.25,2952.0,0.7612,26151.51,7432,165900,,화학,KOSPI
294870,41470.07,38528.24,47746.29,48083.87,2486.14,5224.88,7049.12,6539.6,1.0,12767.84,15455,23450,9.77,건설,KOSPI
032350,6534.48,7770.45,8563.55,9522.44,1433.28,1936.55,2268.73,2668.78,1.0,11891.68,9416,11810,33.91,"호텔,레스토랑,레저",KOSPI
009970,48950.1,,,,7354.75,,,,0.6063,-15021.19,21633,167000,5.88,"섬유,의류,신발,호화품",KOSPI
064960,10063.74,10338.89,11394.67,12151.0,1025.53,1062.78,1197.0,1366.0,1.0,-3583.6,7232,27250,10.39,자동차부품,KOSPI
017960,9088.1,9571.25,10051.25,10803.0,1309.51,1832.25,1988.5,2195.0,1.0,-1635.39,10568,20450,10.39,조선,KOSPI
361610,2618.74,1634.25,2494.5,3977.75,-2463.64,-2308.5,-1015.75,-130.5,1.0,14498.73,14951,18280,,전기제품,KOSPI
001820,2944.92,3276.5,3984.5,4220.0,128.66,298.5,580.5,620.0,1.0,-881.47,14813,142500,118.19,전기제품,KOSPI
000370,74497.36,,,,4295.93,,,,1.0,,9211,7890,3.08,손해보험,KOSPI
285130,23651.64,29278.5,31620.0,33405.0,-2.07,587.0,1592.0,2230.0,1.0,4854.61,8943,51700,20.03,화학,KOSPI
005180,14895.87,15731.75,16392.5,16720.0,883.57,1634.25,1705.0,1630.0,1.0,-1441.02,7754,87700,13.95,식품,KOSPI
069260,11276.91,13155.5,14230.0,15730.0,656.15,890.0,960.0,1060.0,1.0,-2409.45,6688,16360,11.16,화학,KOSPI
268280,5321.23,,,,654.82,,,,1.0,-248.65,6570,131400,10.72,화학,KOSPI
071055,194661.43,419870.0,417760.0,419820.0,23453.29,39668.06,31824.94,32975.2,0.9934,,8395,143300,0.42,증권,KOSPI
000400,32206.71,,,,647.36,,,,,,6424,2070,,손해보험,KOSPI
017940,103925.23,154098.0,154079.0,150674.0,3240.63,1651.0,4487.0,4531.0,0.882,-6912.07,6359,92700,6.07,가스유틸리티,KOSPI
001680,44013.05,44434.0,45805.0,,1692.82,1919.0,2028.0,,0.9844,10797.32,6337,18290,,식품,KOSPI
139480,289703.88,291004.42,302814.92,308541.7,3225.41,4147.0,5634.58,6040.5,0.8255,114500.08,19869,72000,14.59,백화점과일반상점,KOSPI
005090,24606.88,25448.33,25938.67,25668.0,958.2,1644.0,1755.67,2469.0,0.8082,17399.96,6844,47500,,에너지장비및서비스,KOSPI
001570,1027.81,,,,-446.61,,,,,3021.11,6333,9900,,화학,KOSPI
090460,17926.6,18847.6,21344.0,22567.89,539.78,925.1,1267.7,1461.56,0.8977,-30.67,6793,20150,21.89,전자장비와기기,KOSPI
00680K,292830.28,582144.67,493576.0,520335.67,19151.04,47480.07,25821.27,27573.73,0.9672,,13529,10630,0.86,증권,KOSPI
077970,7893.42,9044.0,9892.0,13208.5,695.93,1003.5,1190.0,1826.0,1.0,2185.47,8873,22100,12.87,조선,KOSPI
006110,2714.59,3936.2,4782.4,,-176.47,44.0,316.5,,1.0,2331.11,8832,58400,,비철금속,KOSPI
137310,7105.81,,,,-809.45,,,,,-1229.65,7390,6120,,건강관리장비와용품,KOSPI
248070,17002.46,19450.0,20200.0,21250.0,465.0,750.0,990.0,900.0,1.0,3728.47,6197,12960,46.1,전자장비와기기,KOSPI
014680,8839.69,9864.83,11340.17,13477.8,1562.33,1805.17,2276.33,2956.0,0.9689,948.65,25852,239500,17.55,화학,KOSPI
006650,33478.22,35542.6,37765.2,37734.0,526.69,1533.0,2101.4,2380.2,0.7454,758.41,5967,91800,18.82,화학,KOSPI
066575,892008.82,966484.59,1010770.71,1052523.07,24783.92,46394.53,49360.82,60193.13,0.8057,41258.6,12474,72600,1.3,전자제품,KOSPI
456040,20094.29,21864.67,22045.0,22770.0,4.4,1648.0,1880.67,1966.67,0.9598,5246.13,7126,79600,,화학,KOSPI
108320,16390.71,16356.0,16587.0,17090.0,1088.56,781.0,770.0,950.0,1.0,-4406.46,5896,36250,7.14,디스플레이장비및부품,KOSPI
075580,4026.86,4151.0,4651.0,5051.0,733.89,827.0,940.0,1059.0,0.8085,1544.16,5679,9990,11.21,조선,KOSPI
004710,12524.25,,,,204.16,,,,0.2898,2338.93,5617,10590,,전자장비와기기,KOSPI
016380,31934.44,34029.67,35459.67,36884.67,1507.47,1353.33,1605.33,1685.67,1.0,2314.2,5600,5600,4.14,철강,KOSPI
002350,31896.1,34770.87,36194.73,37908.85,1702.97,1757.67,2107.07,2357.92,0.9968,12956.47,5596,5730,3.71,자동차부품,KOSPI
079160,22753.69,24988.0,26474.0,28083.33,962.17,1060.4,1281.6,1410.0,1.0,20116.61,8643,5220,,방송과엔터테인먼트,KOSPI
002840,4411.38,,,,436.08,,,,1.0,-119.71,6237,138600,14.33,화학,KOSPI
00104K,450188.29,472587.27,489991.5,513100.0,25277.38,24665.18,27651.0,30875.38,0.469,168752.98,5524,130700,3.85,복합기업,KOSPI
178920,2634.21,2924.0,3285.5,3679.0,430.39,682.5,754.0,845.0,,-200.79,5509,18760,,화학,KOSPI
317450,2872.54,,,,924.98,,,,1.0,-4466.9,6190,42400,7.6,제약,KOSPI
014820,13728.74,,,,661.56,,,,0.999,2862.38,6146,21200,11.45,포장재,KOSPI
093370,4715.64,6908.0,7659.0,8951.0,253.5,765.0,1057.0,1230.0,0.8701,2632.79,14994,13980,282.27,화학,KOSPI
00088K,747854.4,910137.75,948191.5,1001308.25,41468.83,62727.5,71257.0,77944.75,0.2961,46978.59,5959,40600,1.6,복합기업,KOSPI
006340,6245.42,,,,93.51,,,,0.6795,162.83,10288,13120,117.23,전기장비,KOSPI
079900,1906.61,1941.0,2146.67,2340.33,287.19,276.0,340.33,394.33,1.0,-325.12,5903,40450,18.72,기계,KOSPI
005810,4325.3,5635.0,5670.0,5815.0,668.01,1387.5,1183.0,1220.0,0.9995,526.02,5342,37050,7.18,비철금속,KOSPI
001510,14046.72,,,,77.86,,,,1.0,,5308,2295,18.42,증권,KOSPI
000240,14575.52,14411.0,15601.0,16860.0,4116.26,4211.0,4716.0,5340.0,1.0,-351.78,23876,25150,6.88,자동차부품,KOSPI
006040,95836.74,101784.0,105709.67,110070.0,5161.34,5748.67,6005.33,6220.0,0.9461,21050.03,15891,36000,4.33,식품,KOSPI
033240,8489.2,10056.0,10064.0,10680.0,419.97,921.0,923.0,970.0,1.0,821.61,5661,26200,12.01,통신장비,KOSPI
453340,23296.23,25087.5,26724.0,28165.0,1067.95,1372.5,1498.5,1630.0,0.9947,-1200.06,6257,19270,7.18,식품,KOSPI
005880,12769.68,12235.2,12124.0,12126.2,2071.64,2513.0,2413.6,2464.6,1.0,10250.27,6665,2065,3.7,해운사,KOSPI
003620,43036.37,50812.0,56942.0,59231.0,361.56,361.0,853.0,1079.0,0.9076,7372.5,5120,2530,10.99,자동차,KOSPI
058650,66110.86,74867.0,78205.0,80300.5,1754.67,3210.0,3962.0,4074.0,0.8423,20358.81,5110,126000,7.91,철강,KOSPI
003300,19304.89,,,,1232.24,,,,0.5097,7309.01,5436,17630,17.22,건축자재,KOSPI
284740,11213.43,,,,1693.63,,,,0.8898,-655.68,5430,24200,4.54,가정용기기와용품,KOSPI
484870,4033.49,4126.0,5013.0,5969.0,560.65,571.0,733.0,948.0,,-463.96,4976,18120,,우주항공과국방,KOSPI
025540,14428.5,15003.0,15888.0,16785.0,1392.53,1102.0,1371.0,1533.0,1.0,-1336.32,5755,56900,5.43,자동차부품,KOSPI
001500,18204.93,,,,722.52,,,,1.0,,4854,7850,8.41,증권,KOSPI
002960,3449.59,,,,527.81,,,,,-301.51,6773,521000,,화학,KOSPI
002990,20184.88,20763.0,23502.0,26418.0,470.84,709.0,1068.0,1246.0,1.0,14.34,4825,12950,7.55,건설,KOSPI
029460,7973.44,9368.0,10687.0,11756.0,464.63,756.0,973.0,1176.0,0.8698,-2101.88,4777,43350,10.89,반도체와반도체장비,KOSPI
004690,52754.61,54361.0,54856.0,55876.0,1596.31,1835.0,1786.0,1858.0,0.8709,750.99,4766,131400,4.27,가스유틸리티,KOSPI
017900,1326.85,,,,12.05,,,,1.0,-913.17,5563,9600,130.68,전자장비와기기,KOSPI
100090,9653.88,6457.63,7437.5,11730.33,595.09,573.88,614.25,1166.33,0.9968,1803.61,7322,11720,19.37,에너지장비및서비스,KOSPI
214320,21460.41,21578.5,22429.63,23487.43,1628.0,1854.0,1963.25,2086.14,0.8744,-5212.93,7300,18250,7.96,광고,KOSPI
460860,32034.31,37751.67,39717.33,41138.33,593.8,1234.67,1485.0,1601.67,,13551.47,4663,9400,,철강,KOSPI
003850,10174.27,,,,650.67,,,,1.0,2538.32,7052,8220,10.97,제약,KOSPI
003545,50638.9,,,,3014.02,5836.67,3716.67,3853.33,1.0,,4950,20300,2.65,증권,KOSPI
002240,18091.83,,,,407.23,,,,1.0,-278.45,4523,16750,47.06,철강,KOSPI
161000,14523.35,,,,-101.93,,,,0.4668,5107.06,4933,10140,,화학,KOSPI
090435,42528.2,47258.21,51770.16,56190.56,3358.27,4871.16,5671.95,6445.78,0.9562,-8086.94,4461,42250,1.89,화장품,KOSPI
001270,9654.64,,,,567.77,,,,0.9998,,5268,50800,11.54,증권,KOSPI
192650,12306.21,,,,313.73,,,,0.2,827.86,5251,7970,5707.61,핸드셋,KOSPI
003280,1808.13,,,,112.76,,,,1.0,150.96,4441,1847,14.52,해운사,KOSPI
009410,21744.84,,,,527.89,,,,0.666,9516.19,5207,1630,8.16,건설,KOSPI
016610,19219.88,,,,1166.98,,,,0.8528,,4368,10290,5.37,증권,KOSPI
001060,7752.98,,,,944.61,,,,1.0,-303.34,6241,26800,10.15,제약,KOSPI
030190,6021.47,6610.0,7243.0,7863.0,1043.89,1190.5,1306.5,1428.0,1.0,-1481.99,9416,16160,12.2,상업서비스와공급품,KOSPI
008060,13849.9,,,,113.13,,,,0.5689,-3721.99,4709,15050,132.95,전자장비와기기,KOSPI
004700,978.8,,,,87.9,,,,,-520.6,4349,65400,,"섬유,의류,신발,호화품",KOSPI
145990,25625.0,,,,1117.25,,,,0.8903,6948.15,4687,45450,,식품,KOSPI
093050,18824.3,,,,1681.11,,,,0.8414,4868.89,6447,22050,6.52,"섬유,의류,신발,호화품",KOSPI
072710,8588.16,,,,811.17,,,,1.0,1696.01,4160,89700,3.63,식품,KOSPI
306200,14847.97,18667.5,19906.33,20521.0,496.01,1136.67,1326.33,1480.4,1.0,2511.76,4147,146200,13.82,철강,KOSPI
003030,37595.75,44341.0,49231.5,53827.5,2058.26,823.0,3034.0,3620.0,0.9453,20507.16,4465,107800,7.06,철강,KOSPI
092230,11637.26,,,,429.64,,,,0.6795,-6678.85,4094,96900,5.16,화학,KOSPI
300720,14238.6,13854.5,14815.5,15530.0,1327.39,1343.0,1517.0,1723.5,1.0,4969.89,11973,16280,16.14,건축자재,KOSPI
403550,4707.03,5080.0,5373.0,5570.0,232.49,294.0,353.0,405.0,1.0,2788.21,4090,10780,,도로와철도운송,KOSPI
019170,2346.81,,,,142.55,,,,1.0,-190.16,4843,9240,54.88,제약,KOSPI
034310,32425.6,,,,1980.97,,,,0.4916,5008.22,4444,12090,11.8,IT서비스,KOSPI
009450,15022.4,16926.0,18994.0,21342.0,1433.77,2679.0,2668.0,3145.0,0.9989,2040.46,8799,60400,9.81,가정용기기와용품,KOSPI
020000,14917.64,16038.5,16881.83,17692.5,521.79,918.67,1054.5,1170.67,1.0,-387.48,4349,20250,9.4,"섬유,의류,신발,호화품",KOSPI
005420,6641.55,,,,-159.86,,,,,3543.74,3991,10390,,화학,KOSPI
005690,1140.62,1605.0,2219.0,,343.04,572.0,817.0,,,-401.4,7290,12150,,화학,KOSPI
003000,2007.14,,,,141.64,,,,1.0,-884.29,3966,4020,31.58,제약,KOSPI
001530,6013.52,7106.0,7850.0,9156.0,-15.45,121.0,215.0,349.0,1.0,3868.49,5396,26050,,"섬유,의류,신발,호화품",KOSPI
014830,13387.58,16063.17,17101.33,17706.33,879.09,940.5,1124.67,1196.17,1.0,1189.13,4162,61500,6.38,화학,KOSPI
029530,3173.28,,,,62.48,,,,1.0,-4183.27,3843,39550,19.15,사무용전자제품,KOSPI
344820,19006.06,19835.0,20731.0,21878.0,-752.07,4.0,510.0,732.0,1.0,3428.08,3841,24050,,건축자재,KOSPI
001940,8252.61,9220.0,9350.0,9990.0,-707.47,-170.0,260.0,340.0,1.0,-7896.36,3792,26750,,철강,KOSPI
000670,29089.74,,,,-2596.89,,,,,1866.54,7788,42300,,핸드셋,KOSPI
010780,12343.56,10917.5,14041.75,19599.25,681.23,1560.5,1701.0,3059.25,0.9452,9568.09,4450,14970,,건설,KOSPI
249420,5669.34,,,,194.77,,,,1.0,816.88,4410,13940,15.94,제약,KOSPI
383800,1903.59,1580.0,1685.0,1775.0,1333.98,1840.0,1935.0,2075.0,1.0,2009.41,6247,8190,4.61,무역회사와판매업체,KOSPI
271940,815.86,,,,-112.04,,,,1.0,-2379.76,3998,11010,,자동차부품,KOSPI
006220,3658.75,,,,99.34,,,,1.0,,3678,9730,26.4,은행,KOSPI
031430,11099.69,12818.6,13662.6,14288.5,-114.97,565.0,731.4,809.25,1.0,2720.61,3677,10510,86.01,"섬유,의류,신발,호화품",KOSPI
005945,136989.24,338079.33,290477.33,297504.0,14205.8,23130.94,20109.13,20493.21,0.9664,,4321,22900,0.42,증권,KOSPI
008730,4853.83,,,,85.14,,,,1.0,2884.98,3641,14680,87.42,포장재,KOSPI
027410,4694.68,4740.0,4840.0,4940.0,611.74,590.0,650.0,700.0,1.0,-422.26,3570,3730,6.04,화학,KOSPI
010955,342469.57,423290.36,400661.43,380808.86,2356.31,44401.14,33113.43,28485.57,1.0,75316.31,3551,88300,2.01,석유와가스,KOSPI
092790,5509.92,,,,399.42,,,,1.0,693.01,3536,13600,9.81,철강,KOSPI
452260,5751.66,,,,94.14,,,,1.0,5115.03,5273,2720,159.16,백화점과일반상점,KOSPI
000640,14297.67,15779.0,17024.33,18512.33,977.73,1104.33,1193.0,1396.0,0.9871,4729.59,6308,93700,6.94,제약,KOSPI
007690,13955.56,19038.0,18911.0,19023.0,531.7,1133.0,1185.0,1350.0,0.9956,4401.52,3524,38050,16.17,화학,KOSPI
183190,10227.9,10701.33,11606.67,12226.0,771.34,739.0,1162.67,1425.33,0.9817,5963.24,3778,10500,22.36,건축자재,KOSPI
377740,1183.24,,,,167.06,,,,1.0,-3649.99,4753,4665,,건강관리장비와용품,KOSPI
009900,16191.55,,,,1025.92,,,,1.0,-545.5,4360,8310,6.38,자동차부품,KOSPI
130660,3945.48,,,,65.75,,,,1.0,63.51,4010,12300,98.77,전기유틸리티,KOSPI
114090,4229.47,4690.71,4936.0,5139.0,526.44,689.29,781.86,864.4,0.9978,-3786.15,5505,8900,11.69,"호텔,레스토랑,레저",KOSPI
039130,5869.03,5912.5,6445.75,6834.75,576.27,500.25,640.5,712.25,0.7754,-1279.94,4701,30350,14.74,"호텔,레스토랑,레저",KOSPI
336370,6160.83,5556.0,6899.5,10082.5,-733.36,-753.5,287.5,760.5,0.707,8392.07,5448,7760,,전자장비와기기,KOSPI
015860,22827.24,,,,1455.91,,,,0.3927,-5626.04,3484,7060,9.9,전기장비,KOSPI
002030,18844.65,,,,1110.3,,,,0.6036,4845.88,4221,205000,13.64,건축자재,KOSPI
005250,24514.76,,,,362.27,,,,,15833.53,4524,9620,,제약,KOSPI
000157,197841.38,218329.15,251510.92,287199.6,10627.15,17845.23,24746.17,31875.1,0.531,54570.67,3420,383000,4.51,복합기업,KOSPI
016590,6395.29,,,,222.41,,,,1.0,-1048.58,3861,9580,16.94,포장재,KOSPI
005610,33704.81,,,,387.39,,,,1.0,3036.29,3391,39300,24.16,식품,KOSPI
017810,33801.89,35677.0,37527.0,,931.73,1081.0,1216.0,,0.8843,10639.49,3339,8760,18.45,식품,KOSPI
001230,19852.65,,,,394.57,,,,0.7758,1121.2,3281,2110,20.41,철강,KOSPI
097520,12792.37,,,,520.15,,,,1.0,79.46,3254,18700,6.31,핸드셋,KOSPI
003350,1846.28,,,,328.84,,,,,-575.54,3481,15360,,화장품,KOSPI
009290,16595.12,,,,310.46,,,,0.9831,1232.25,3237,6500,15.44,제약,KOSPI
104700,4866.05,5490.0,5520.0,5900.0,-386.99,-160.0,160.0,210.0,,-3323.8,3455,9480,,철강,KOSPI
024720,6301.12,,,,477.43,,,,1.0,1364.24,3207,9350,13.68,화장품,KOSPI
001740,67451.27,68913.5,70640.75,72342.5,862.93,1077.75,1333.5,1466.25,0.9808,14693.46,12316,6140,24.72,복합기업,KOSPI
02826K,407422.41,455818.5,492927.86,515526.92,32927.47,37961.14,44118.21,47921.23,0.7051,-38038.9,3397,231500,0.14,복합기업,KOSPI
002020,58861.33,,,,605.01,,,,1.0,23440.16,3117,24150,,복합기업,KOSPI
126720,3376.55,,,,430.79,,,,1.0,-1802.89,3086,21600,6.31,에너지장비및서비스,KOSPI
012030,6434.64,,,,415.99,,,,0.9943,3166.59,3519,1749,7.16,IT서비스,KOSPI
0120G0,285.94,,,,26.91,,,,,-194.85,3510,47200,,건강관리장비와용품,KOSPI
950210,143.26,260.72,,,-673.51,-936.12,,,1.0,428.86,3678,6120,16.5,제약,KOSPI
026890,912.18,,,,171.84,,,,1.0,,3078,7940,20.46,창업투자,KOSPI
025860,16044.21,,,,431.29,,,,1.0,2097.05,3050,6140,10.46,화학,KOSPI
126560,2645.15,,,,63.09,,,,1.0,-3232.02,3675,3365,48.8,화장품,KOSPI
200880,45052.5,,,,1618.0,,,,0.9819,6745.21,2962,10960,4.94,자동차부품,KOSPI
010580,1502.71,,,,15.74,,,,,-56.85,2954,2655,,자동차부품,KOSPI
015360,13275.99,,,,1117.15,,,,1.0,2038.45,3854,14680,4.44,가스유틸리티,KOSPI
018250,6545.28,,,,211.46,,,,1.0,-1091.17,2953,11180,19.42,화장품,KOSPI
170900,8087.8,8771.0,9965.0,11215.0,6.23,369.0,434.0,463.0,1.0,2744.76,3380,34750,,제약,KOSPI
000430,15990.72,,,,470.07,,,,0.792,2263.31,2945,4750,8.09,자동차부품,KOSPI
005389,1862544.72,1935858.8,2020377.68,2122667.9,114678.51,113600.16,130366.48,140689.38,0.9124,1025242.74,4068,175200,0.04,자동차,KOSPI
272450,13810.81,15677.0,16058.67,16439.67,-191.58,-308.33,961.33,1364.33,,266.44,3111,5960,,항공사,KOSPI
020120,2174.75,,,,123.83,,,,1.0,-332.31,3110,8390,46.91,양방향미디어와서비스,KOSPI
001200,16940.75,,,,844.41,,,,1.0,,4010,4140,6.21,증권,KOSPI
194370,12882.33,16597.0,18344.0,19658.0,1405.12,1767.0,1886.0,2033.0,1.0,7780.91,3711,12790,4.85,"섬유,의류,신발,호화품",KOSPI
089590,15799.41,19793.67,19708.33,20197.0,-1116.6,200.33,1237.33,1563.0,0.999,11477.37,3693,4580,,항공사,KOSPI
002810,4468.68,,,,127.62,,,,0.9555,-3143.9,3980,21550,6.79,화학,KOSPI
005950,16594.77,,,,68.84,,,,,2848.65,2858,10870,,화학,KOSPI
084690,56287.99,,,,1998.28,,,,0.2547,14733.49,2843,7850,,식품,KOSPI
108670,31786.89,34169.25,34629.5,35979.75,130.6,1385.75,1240.0,1393.5,1.0,4705.06,2973,33150,,건축자재,KOSPI
004310,1917.9,,,,41.61,,,,,311.95,2794,8730,,제약,KOSPI
011930,5674.54,7600.0,8503.0,9693.0,12.81,195.0,276.0,501.0,0.8537,1935.6,3594,17700,,반도체와반도체장비,KOSPI
122900,30544.23,39470.0,42650.0,45530.0,203.2,710.0,860.0,970.0,0.8394,515.43,2785,8330,13.3,상업서비스와공급품,KOSPI
044450,5613.95,,,,1103.33,,,,1.0,12107.05,2777,12300,7.6,해운사,KOSPI
000070,33482.87,,,,1087.66,,,,0.3159,11119.41,4518,58200,,화학,KOSPI
011760,75542.86,96652.5,94450.0,93896.75,1401.31,2058.0,1965.25,2013.75,0.9992,8648.6,3347,25300,3.86,무역회사와판매업체,KOSPI
244920,6824.67,,,,293.14,,,,0.8964,-978.63,2941,13010,13.29,손해보험,KOSPI
105840,1503.79,,,,141.78,,,,0.788,-57.61,2739,13560,31.46,기계,KOSPI
003120,642.92,,,,-61.61,,,,,-2118.44,2893,21750,,제약,KOSPI
017390,18279.97,,,,174.06,,,,0.9984,-6613.98,2698,54500,8.72,가스유틸리티,KOSPI
034830,1843.6,2254.25,2409.0,2815.0,-208.8,249.8,422.5,505.0,0.9993,,2873,1138,13.7,부동산,KOSPI
078520,2420.02,2699.0,3237.0,,179.53,364.0,453.0,,1.0,-38.21,2681,10740,18.98,화장품,KOSPI
096760,9695.65,,,,1678.99,,,,0.5066,2581.64,3223,4360,5.51,제약,KOSPI
105630,19417.77,21196.29,22085.14,22816.67,834.16,1010.57,1055.86,1193.33,0.9982,5226.53,3432,8580,5.99,"섬유,의류,신발,호화품",KOSPI
033270,2887.65,3035.0,3203.0,3384.0,495.85,478.0,496.0,508.0,,-1636.96,2799,17590,,제약,KOSPI
037710,1842.11,,,,524.72,,,,,2168.37,2650,34750,,백화점과일반상점,KOSPI
286940,11698.25,11918.2,12674.6,13515.0,313.93,450.4,552.4,645.0,1.0,-36.38,2620,17320,26.36,IT서비스,KOSPI
002900,9293.61,9972.0,,,640.82,833.0,,,1.0,1164.5,2774,6700,6.91,기계,KOSPI
004430,10391.62,,,,218.45,,,,1.0,613.6,2758,11490,118.01,화학,KOSPI
005680,1497.29,1516.0,1600.0,1674.0,92.4,73.0,79.0,85.0,1.0,-3101.26,2520,12600,49.21,전기제품,KOSPI
005500,3091.34,,,,267.84,,,,,1090.07,2479,18610,,제약,KOSPI
003960,34998.13,,,,946.83,,,,0.9584,5647.46,2470,26950,,식품,KOSPI
123890,2042.88,2485.0,2450.0,2660.0,342.27,715.0,1015.0,1240.0,1.0,,3017,2465,6.11,부동산,KOSPI
016800,3582.0,,,,57.37,,,,1.0,-1053.58,2823,24550,7.93,가구,KOSPI
007160,7062.1,,,,331.52,,,,0.3026,3738.59,2438,48750,,식품,KOSPI
030210,17144.51,,,,337.23,,,,0.9241,,2412,3960,5.95,증권,KOSPI
025000,8083.51,,,,273.96,,,,0.9807,-1110.31,2376,57300,4.69,화학,KOSPI
008490,7223.09,,,,502.06,,,,0.9225,3749.63,2343,20250,5.39,제약,KOSPI
003070,26844.31,29268.0,32974.0,35060.0,36.51,1313.0,1531.0,1770.0,0.9925,7995.13,2339,9200,,건설,KOSPI
000680,26152.45,,,,222.87,,,,1.0,46691.75,2313,2935,,증권,KOSPI
226320,1533.87,,,,192.15,,,,0.5129,-3656.63,2303,10500,13.77,화장품,KOSPI
002320,30649.25,31975.0,33205.0,34215.0,1121.96,745.0,1225.0,1350.0,0.971,19780.82,2289,14750,,항공화물운송과물류,KOSPI
001340,2721.37,,,,121.51,,,,1.0,3032.2,2287,5080,22.64,화학,KOSPI
017860,9548.74,,,,79.82,,,,1.0,5104.66,2277,12900,,화학,KOSPI
001460,1631.67,,,,265.74,,,,0.9995,-523.46,2214,35450,11.31,"섬유,의류,신발,호화품",KOSPI
000490,14847.22,,,,312.25,,,,1.0,10268.32,2214,7680,,기계,KOSPI
005010,6124.9,,,,34.9,,,,1.0,748.47,2214,3940,,철강,KOSPI
060980,13350.36,13630.0,14660.0,15840.0,886.9,1230.0,1380.0,1600.0,0.9918,8148.21,3497,39050,16.78,자동차부품,KOSPI
028100,4677.26,,,,180.69,,,,1.0,-1366.24,2194,19550,11.72,건설,KOSPI
001250,41092.65,,,,523.0,,,,1.0,5293.87,2187,2650,10.99,무역회사와판매업체,KOSPI
002710,6115.14,,,,-109.09,,,,0.9969,2084.53,3020,11520,,철강,KOSPI
000050,4124.76,,,,459.93,,,,1.0,1341.84,2185,7970,4.61,"섬유,의류,신발,호화품",KOSPI
001390,91016.47,,,,3056.79,,,,0.2855,14328.88,2852,4295,4.09,자동차,KOSPI
001470,1109.93,,,,-266.1,,,,,-517.29,2278,5820,,건설,KOSPI
003650,4054.87,,,,345.52,,,,,-3383.87,2178,125200,,화학,KOSPI
000540,35328.42,,,,1875.04,,,,,,2261,3520,,손해보험,KOSPI
000320,12392.68,,,,645.08,,,,0.5537,-1102.96,2107,15850,6.5,건축자재,KOSPI
03473K,1227033.38,1479547.09,1458091.09,1516321.22,18184.76,119051.0,114221.55,131827.22,0.4048,496014.83,2095,370000,0.13,석유와가스,KOSPI
134380,2845.12,,,,291.54,,,,,-800.92,2208,10040,,화학,KOSPI
077500,7300.43,,,,366.87,,,,1.0,1616.01,2084,9650,10.11,반도체와반도체장비,KOSPI
002310,8551.26,,,,272.16,,,,1.0,-635.58,3270,8290,11.04,포장재,KOSPI
051905,63554.9,64565.67,67520.2,70248.21,1706.89,3741.0,4445.87,4861.5,0.9692,-11373.38,2054,98000,,화장품,KOSPI
006405,132667.31,159069.74,195995.0,240827.65,-17223.61,4047.58,14513.68,25000.53,0.8593,106775.0,3478,215000,,전기제품,KOSPI
003555,72525.47,82600.1,90786.2,98624.44,9121.74,15604.7,19226.0,21850.11,0.8142,-25430.26,2042,67800,0.28,복합기업,KOSPI
001790,13562.76,,,,565.56,,,,0.9985,893.29,2441,2830,,식품,KOSPI
013580,28874.41,,,,1668.7,,,,1.0,7451.91,2009,22500,2.01,건설,KOSPI
025560,507.78,,,,91.43,,,,1.0,36.81,1989,7160,19.67,반도체와반도체장비,KOSPI
117580,10179.39,,,,303.49,,,,,119.79,1986,7220,,가스유틸리티,KOSPI
004360,12417.87,,,,273.01,,,,1.0,-97.25,2560,13390,3.9,항공화물운송과물류,KOSPI
100250,2798.16,,,,57.84,,,,0.8241,-1354.15,1975,3090,10.86,자동차부품,KOSPI
095570,10701.14,12083.0,12862.0,13865.67,715.48,834.0,939.67,1042.0,1.0,10799.48,1957,4325,6.89,도로와철도운송,KOSPI
058430,11254.4,11780.0,12255.0,12545.0,244.59,285.0,320.0,335.0,0.9803,-576.43,2748,4580,16.12,비철금속,KOSPI
005720,35865.18,,,,2042.1,,,,0.5127,12586.84,2879,5480,3.16,자동차부품,KOSPI
005960,17586.26,21183.0,21321.0,23902.0,426.28,807.5,836.0,1021.0,0.9794,4260.97,1937,8440,3.71,건설,KOSPI
298690,8325.85,9910.0,9560.0,9200.0,-45.21,-70.0,560.0,670.0,,7174.91,2468,1515,,항공사,KOSPI
035150,5049.22,5371.0,5664.0,5892.0,536.01,649.0,703.0,746.0,1.0,519.38,2038,10310,6.08,"섬유,의류,신발,호화품",KOSPI
002420,292.45,,,,-5.7,,,,,164.25,1917,6150,,석유와가스,KOSPI
044820,6452.06,,,,269.84,,,,1.0,4226.5,2439,25400,8.35,건강관리업체및서비스,KOSPI
004980,12162.66,,,,436.56,,,,0.9988,4230.66,2027,8270,7.8,건축자재,KOSPI
298000,23407.18,,,,-1605.0,,,,1.0,14453.99,2017,53200,0.51,화학,KOSPI
381970,24388.39,,,,759.74,,,,,2172.61,3183,6520,,자동차,KOSPI
003547,50638.9,,,,3014.02,5836.67,3716.67,3853.33,1.0,,1896,19740,1.02,증권,KOSPI
003920,9141.49,,,,51.74,,,,1.0,-71.08,2389,42100,33.61,식품,KOSPI
009160,11790.41,,,,459.56,,,,0.9209,2911.42,3138,4800,15.24,비철금속,KOSPI
217590,3408.85,,,,64.29,,,,1.0,303.51,3332,13830,,조선,KOSPI
317400,13875.96,15188.4,20344.5,25507.33,125.06,550.0,1011.25,1403.0,0.7643,-1450.69,3754,9680,10.53,건설,KOSPI
016580,2552.14,2833.0,3112.0,3404.0,130.19,246.0,289.0,335.0,1.0,-658.49,1879,10100,13.82,제약,KOSPI
102460,1459.29,,,,-302.69,,,,1.0,2098.16,1857,9990,,제약,KOSPI
009680,2796.97,,,,185.35,,,,1.0,-3838.42,2204,10140,8.16,자동차부품,KOSPI
091810,17981.81,21655.0,22065.0,23035.0,-2654.68,-2390.0,265.0,1355.0,1.0,4891.38,2711,2655,,항공사,KOSPI
000390,6170.68,,,,95.49,,,,0.9865,828.18,1942,7140,25.3,건축자재,KOSPI
034120,10084.58,9729.0,10394.33,11015.67,181.51,63.0,335.67,418.0,0.988,-317.23,2180,11750,27.15,방송과엔터테인먼트,KOSPI
092200,7573.1,,,,185.5,,,,0.8595,3034.89,2166,5570,,자동차부품,KOSPI
213500,22900.4,23754.5,24891.0,26178.0,499.32,1188.0,1227.0,1329.0,1.0,8419.84,1811,7610,46.59,종이와목재,KOSPI
003720,1532.08,2084.0,,,149.21,268.0,,,0.8751,562.19,2159,6350,16.39,화학,KOSPI
000520,2102.53,,,,-222.12,,,,1.0,1699.43,1774,8180,,제약,KOSPI
002100,3392.37,,,,286.98,,,,0.9519,1582.59,1765,9040,9.46,화학,KOSPI
015230,3462.67,,,,380.34,,,,1.0,-1129.55,1764,6500,6.13,기계,KOSPI
039570,6457.28,,,,106.37,,,,1.0,-734.18,1955,7530,15.94,건설,KOSPI
001130,13752.0,,,,622.57,,,,0.9982,-780.07,1854,10970,,식품,KOSPI
010820,2948.42,,,,106.63,,,,,-963.77,3029,6210,,우주항공과국방,KOSPI
128820,15659.23,,,,108.33,,,,0.7677,6261.38,1852,4095,,석유와가스,KOSPI
000700,4184.74,,,,212.2,,,,0.2728,-1913.37,1750,6720,38.29,항공화물운송과물류,KOSPI
136490,18957.42,,,,1791.91,,,,0.9437,4209.68,2442,10270,2.05,식품,KOSPI
000140,24845.04,,,,1832.53,,,,0.4896,13971.48,1843,7940,,음료,KOSPI
475560,3612.39,,,,-236.79,,,,1.0,-1373.73,2165,14600,,"호텔,레스토랑,레저",KOSPI
145720,3464.52,3729.0,4271.75,4894.5,641.11,750.75,875.25,1059.5,1.0,2245.04,3199,37100,19.49,건강관리장비와용품,KOSPI
053210,9842.16,9962.5,10456.0,10753.5,229.8,345.5,500.5,566.5,0.977,276.72,1901,4000,27.4,방송과엔터테인먼트,KOSPI
010690,19624.84,20255.0,21879.0,23515.0,1024.48,560.5,851.5,961.0,1.0,5823.72,2598,7440,3.89,자동차부품,KOSPI
003520,2542.56,,,,34.16,,,,,736.56,1893,1035,,제약,KOSPI
005430,6631.93,7050.0,,,470.15,635.0,,,1.0,-617.87,2764,87300,6.82,운송인프라,KOSPI
004560,7412.5,,,,258.93,,,,1.0,-210.98,1879,12460,12.68,비철금속,KOSPI
007860,49160.73,,,,1995.9,,,,0.5958,5708.62,1759,7490,3.15,자동차부품,KOSPI
002170,1746.85,,,,184.42,,,,1.0,-2391.68,1593,53100,6.65,"섬유,의류,신발,호화품",KOSPI
090350,7710.52,,,,301.81,,,,1.0,-445.63,1580,7900,9.6,건축자재,KOSPI
460850,27687.03,,,,-388.28,,,,1.0,8229.57,1576,5270,,철강,KOSPI
339770,5173.53,5340.0,5493.0,5670.0,350.38,320.0,423.0,440.0,0.9986,378.73,1914,3830,10.9,식품,KOSPI
006805,292830.28,582144.67,493576.0,520335.67,19151.04,47480.07,25821.27,27573.73,0.9672,,1545,11480,0.1,증권,KOSPI
013890,9131.8,5810.0,6010.0,6330.0,254.79,-670.0,140.0,150.0,1.0,1501.94,1544,7040,,가구,KOSPI
00279K,46231.75,,,,3680.0,,,,0.4246,-16403.41,1543,21750,1.24,화장품,KOSPI
003220,6054.35,6305.0,6584.0,6960.0,34.83,107.0,186.0,299.0,0.9781,1229.66,1774,7910,,제약,KOSPI
241590,15643.79,,,,356.92,,,,0.9636,5319.7,1681,2775,,"섬유,의류,신발,호화품",KOSPI
007570,2724.22,,,,49.63,,,,0.968,868.05,1536,8050,22.24,제약,KOSPI
053690,4488.34,4918.5,5353.0,5140.0,306.14,289.0,416.0,430.0,0.9474,425.89,2356,21500,12.71,건설,KOSPI
003200,5171.78,,,,124.07,,,,0.9785,-1438.81,2539,11060,7.65,"섬유,의류,신발,호화품",KOSPI
900140,3929.99,4858.0,5737.0,7033.0,385.49,481.0,581.0,726.0,0.8356,608.14,2330,1206,74.13,자동차,KOSPI
102260,12116.0,,,,1120.43,,,,0.4401,778.02,1855,3660,5.58,화학,KOSPI
234080,2578.29,,,,332.44,,,,1.0,233.61,1754,11080,6.13,제약,KOSPI
004380,2221.75,,,,-354.6,,,,1.0,1370.25,1579,7630,,기계,KOSPI
271980,5672.44,,,,206.95,,,,0.7307,448.7,1487,10110,6.36,제약,KOSPI
272550,4202.18,,,,246.47,,,,1.0,1736.45,1477,9800,8.36,포장재,KOSPI
016450,34098.3,,,,654.67,,,,0.2,13067.42,1712,4280,,"섬유,의류,신발,호화품",KOSPI
004970,4547.41,,,,-15.66,,,,0.8748,-1741.4,1442,9010,31.07,식품,KOSPI
016880,11506.91,,,,781.14,,,,1.0,6206.54,1439,1800,1.19,출판,KOSPI
014710,2380.2,,,,121.75,,,,1.0,1757.0,1612,9360,,식품,KOSPI
025820,5077.84,,,,244.07,,,,,1652.86,1436,4295,,비철금속,KOSPI
000020,4963.94,,,,2.57,,,,1.0,911.84,1425,5100,16.41,제약,KOSPI
101530,6413.87,,,,423.28,,,,0.9956,2002.02,1610,5530,6.91,식품,KOSPI
001750,9090.22,,,,753.11,,,,,,2916,19300,,증권,KOSPI
011500,2144.93,,,,35.77,,,,,339.39,2081,13310,,화학,KOSPI
000860,5985.53,,,,82.95,,,,0.7312,131.05,1585,12190,,건축자재,KOSPI
003480,12017.3,,,,732.54,,,,0.9446,3833.86,1409,4770,2.38,가스유틸리티,KOSPI
000300,401.71,,,,32.28,,,,0.7235,-66.96,1740,4200,41.79,자동차부품,KOSPI
004080,1026.07,,,,70.91,,,,0.9622,157.24,1359,14610,48.16,건강관리장비와용품,KOSPI
001080,1529.53,1495.52,,,-119.77,2.27,,,1.0,181.1,1347,3835,,철강,KOSPI
001045,450188.29,472587.27,489991.5,513100.0,25277.38,24665.18,27651.0,30875.38,0.469,168752.98,1519,67200,1.06,복합기업,KOSPI
012610,3797.02,,,,162.66,,,,1.0,1686.08,1334,3205,23.65,화학,KOSPI
018470,4866.79,,,,137.95,,,,,1565.04,1330,5250,,비철금속,KOSPI
071840,23000.96,22542.5,23245.0,23960.0,96.39,109.5,255.0,310.0,,4655.0,1419,6010,,전문소매,KOSPI
024090,2270.53,,,,95.61,,,,,-686.97,1300,11400,,비철금속,KOSPI
267290,17594.65,,,,330.46,,,,1.0,-3111.88,1265,21450,3.85,가스유틸리티,KOSPI
000480,8277.52,,,,278.24,,,,0.2,4208.34,2016,4300,,비철금속,KOSPI
009270,10922.54,,,,187.79,,,,1.0,2829.1,1261,1099,,"섬유,의류,신발,호화품",KOSPI
033920,1438.3,,,,102.35,,,,1.0,852.26,2149,7540,4.27,음료,KOSPI
013520,16397.77,,,,830.64,,,,0.7565,4030.04,1254,2505,1.61,자동차부품,KOSPI
001210,443.38,,,,-11.84,,,,,10.05,1253,9920,,디스플레이장비및부품,KOSPI
037270,2360.47,,,,323.35,,,,0.949,-206.75,1980,3110,8.83,방송과엔터테인먼트,KOSPI
487570,14098.97,,,,464.34,,,,0.9773,1284.73,1874,50300,9.56,복합기업,KOSPI
001780,5756.58,,,,349.0,,,,0.9774,4808.75,1522,1572,9.81,비철금속,KOSPI
081000,1624.0,,,,-67.85,,,,1.0,-3431.55,1335,9400,19.46,비철금속,KOSPI
078000,383.51,,,,32.86,,,,1.0,-485.89,1238,13400,20.07,소프트웨어,KOSPI
014280,8021.56,,,,104.97,,,,0.3276,4530.75,1421,4845,,건축제품,KOSPI
214390,2641.04,,,,35.19,,,,,1441.73,1320,5520,,제약,KOSPI
011690,1650.65,,,,-25.66,,,,1.0,330.57,1222,3330,,전자장비와기기,KOSPI
003610,1225.27,,,,11.21,,,,1.0,-351.27,1830,5700,27.22,"섬유,의류,신발,호화품",KOSPI
009070,9867.05,,,,388.18,,,,0.9078,3097.9,1209,4030,5.71,항공화물운송과물류,KOSPI
002620,6576.14,,,,386.86,,,,0.4224,972.34,1208,7560,8.25,제약,KOSPI
015890,7770.96,,,,554.32,,,,0.4356,983.53,1384,4735,8.25,비철금속,KOSPI
214420,2202.74,,,,143.65,,,,0.976,461.95,1205,5010,10.83,화장품,KOSPI
003460,359.84,,,,59.17,,,,,,1701,3000,,증권,KOSPI
001630,9590.12,,,,582.81,,,,0.7443,4486.33,1884,37600,4.66,제약,KOSPI
003010,2417.13,,,,175.52,,,,,148.62,1189,9350,,기계,KOSPI
006060,17810.41,,,,765.8,,,,1.0,6221.21,1242,2245,6.42,"섬유,의류,신발,호화품",KOSPI
014530,10217.28,,,,154.47,,,,0.8717,2540.59,1179,3380,103.88,석유와가스,KOSPI
001520,6306.28,,,,-207.44,,,,0.9903,3461.53,1233,1151,6.14,건축자재,KOSPI
107590,4927.18,,,,203.46,,,,0.8598,540.54,1415,61000,5.41,화학,KOSPI
097955,273425.89,293045.46,305012.31,317588.67,12336.05,12077.85,13978.54,15265.11,0.7562,115284.69,1480,111500,,식품,KOSPI
227840,2502.26,,,,213.7,,,,1.0,-86.0,1170,12860,3.19,식품과기본식료품소매,KOSPI
034590,9629.94,,,,191.49,,,,,-1728.98,1151,26300,,가스유틸리티,KOSPI
008350,2589.22,,,,-32.66,,,,1.0,226.09,1393,1079,38.32,비철금속,KOSPI
017550,2293.88,,,,189.64,,,,1.0,169.87,1142,1830,7.21,기계,KOSPI
004960,11491.91,,,,645.21,,,,1.0,5385.47,1258,10870,2.1,건설,KOSPI
293480,2395.04,,,,258.16,,,,,577.43,1457,8200,,제약,KOSPI
002460,6594.79,,,,432.45,,,,0.893,706.43,1127,11100,4.08,건설,KOSPI
083420,3040.57,,,,101.49,,,,,399.16,1126,4690,,화학,KOSPI
004090,6969.26,8184.0,8505.0,9016.0,118.44,273.0,249.0,267.0,0.9677,1318.54,1527,12030,29.29,화학,KOSPI
084010,12470.59,14273.33,15110.0,15643.33,-28.73,276.67,286.67,330.0,0.8717,-2726.36,2746,7990,18.68,철강,KOSPI
011785,69151.45,79847.92,78156.42,77693.5,2718.29,5466.83,4436.17,4720.33,0.9999,-853.11,1506,49800,0.52,화학,KOSPI
013570,12448.37,,,,480.56,,,,0.4683,710.55,1092,4150,7.77,자동차부품,KOSPI
016740,7961.39,,,,485.95,,,,0.921,-2.59,1163,4055,4.03,자동차부품,KOSPI
004150,10983.07,19750.0,26210.0,27230.0,226.09,560.0,780.0,860.0,0.8645,2176.23,1473,3590,,복합기업,KOSPI
012800,14702.37,19561.0,,,515.28,823.0,,,0.6467,4458.77,1070,1174,50.31,비철금속,KOSPI
001360,460.74,,,,-180.68,,,,,90.42,1257,1335,,제약,KOSPI
016710,12226.34,,,,280.63,,,,0.7686,-879.48,1126,7000,6.56,가스유틸리티,KOSPI
008040,6742.64,,,,424.69,,,,,669.1,1054,7470,,식품,KOSPI
014580,3859.43,,,,407.83,,,,0.7278,351.0,1051,3810,4.4,비철금속,KOSPI
462520,5320.33,,,,238.6,,,,0.7164,1344.8,1515,12780,68.15,비철금속,KOSPI
012320,2761.63,,,,188.21,,,,0.987,-722.97,1044,44150,5.65,비철금속,KOSPI
089470,9926.62,,,,496.89,,,,1.0,1143.73,1230,3855,3.71,자동차부품,KOSPI
002210,871.69,,,,-101.18,,,,,11.35,1224,1267,,제약,KOSPI
010100,16993.16,,,,253.17,,,,1.0,960.96,1038,3410,4.98,자동차부품,KOSPI
000650,455.5,,,,-59.41,,,,,173.73,2038,142600,,도로와철도운송,KOSPI
079430,15462.06,,,,157.17,,,,1.0,769.3,1147,5700,15.49,가구,KOSPI
123690,850.32,,,,5.28,,,,0.9834,-134.63,1017,6330,90.24,화장품,KOSPI
119650,1928.73,,,,-88.65,,,,,432.95,1008,918,,상업서비스와공급품,KOSPI
002150,6984.75,,,,301.17,,,,1.0,1182.77,1703,5050,23.24,건설,KOSPI
015590,1334.12,,,,100.26,,,,1.0,-197.97,1127,2110,,기계,KOSPI
070960,2501.5,,,,232.8,,,,1.0,2951.66,984,2045,,"호텔,레스토랑,레저",KOSPI
011280,7538.96,,,,-49.82,,,,0.491,2747.1,978,1381,,포장재,KOSPI
002780,5763.82,,,,-230.04,,,,,-641.95,975,6700,,건설,KOSPI
264900,4448.38,,,,152.65,,,,,-252.47,972,7760,,식품,KOSPI
013700,2974.53,,,,238.47,,,,1.0,531.85,950,1590,4.73,건설,KOSPI
032560,3165.29,,,,179.89,,,,0.8488,-864.96,947,5570,5.26,비철금속,KOSPI
094280,5190.14,,,,189.59,,,,1.0,231.97,1396,12080,9.03,상업서비스와공급품,KOSPI
008970,2347.84,,,,-16.22,,,,,301.84,1217,1173,,철강,KOSPI
021820,1793.54,1780.05,,,170.28,236.22,,,0.8959,-3264.54,1070,10700,2.3,자동차부품,KOSPI
004100,6201.69,,,,224.19,,,,1.0,2328.18,1145,3120,32.83,자동차부품,KOSPI
248170,4089.27,,,,244.76,,,,1.0,-199.15,1016,22250,5.09,식품,KOSPI
004250,4503.2,,,,235.74,,,,1.0,895.37,1061,2890,8.2,포장재,KOSPI
035000,4838.51,,,,274.95,,,,1.0,-489.88,997,6150,5.74,광고,KOSPI
092220,2296.17,,,,-217.62,,,,,-124.28,1255,3125,,반도체와반도체장비,KOSPI
014440,1201.11,,,,192.89,,,,1.0,-472.72,938,4690,5.57,화학,KOSPI
002390,5351.38,,,,32.91,,,,,3508.6,1197,8700,,제약,KOSPI
023450,1942.65,,,,93.65,,,,,213.42,1124,32100,,화학,KOSPI
096775,802960.54,1047559.31,959189.08,947053.77,4486.84,92984.23,47575.54,43017.92,0.881,261185.73,919,73600,,석유와가스,KOSPI
001290,1817.34,,,,-90.89,,,,1.0,,917,4230,,증권,KOSPI
058860,5887.6,,,,247.4,,,,,31.78,903,2595,,상업서비스와공급품,KOSPI
001275,9654.64,,,,567.77,,,,0.9998,,903,30100,1.98,증권,KOSPI
003830,1082.26,,,,-72.55,,,,,-583.32,1461,110000,,화학,KOSPI
023000,3592.87,,,,98.79,,,,,-608.36,872,2195,,자동차부품,KOSPI
33626K,4547.95,5009.67,8336.17,9972.4,-1056.73,-743.0,443.33,751.2,0.9963,5482.62,870,6510,,에너지장비및서비스,KOSPI
003580,1002.86,,,,-98.83,,,,,159.99,1041,2055,,판매업체,KOSPI
001260,3574.46,,,,114.4,,,,1.0,23.47,867,8820,16.38,건설,KOSPI
000970,4066.2,,,,132.96,,,,0.9919,-1128.32,1493,6550,8.8,철강,KOSPI
012200,3897.99,,,,-271.0,,,,,1119.45,866,3180,,자동차부품,KOSPI
007540,4089.64,,,,241.43,,,,0.5181,-596.14,948,47050,9.73,식품,KOSPI
363280,792.27,,,,-345.64,,,,,1337.39,907,1994,,"호텔,레스토랑,레저",KOSPI
033530,18968.83,20161.0,21442.0,22914.0,853.95,1020.0,1147.0,1292.0,0.9853,911.54,1837,6790,2.67,자동차부품,KOSPI
009470,2300.68,,,,120.37,,,,0.8483,-369.8,1706,25800,18.08,전기제품,KOSPI
006090,4173.64,,,,135.17,,,,,1144.48,844,8960,,식품,KOSPI
008260,2479.43,,,,301.15,,,,,1891.99,944,3300,,건축자재,KOSPI
006840,32357.21,,,,-1478.54,,,,0.2641,27371.0,900,6790,,화학,KOSPI
019180,9891.34,,,,700.6,,,,1.0,66.15,899,4995,1.31,자동차부품,KOSPI
007210,6106.88,,,,232.73,,,,0.8334,457.09,934,1429,4.1,건축자재,KOSPI
000590,1348.71,,,,202.15,,,,0.823,-2373.77,805,69700,4.66,철강,KOSPI
011700,527.19,,,,-14.78,,,,1.0,19.52,801,2470,,기계,KOSPI
069730,2265.5,,,,280.35,,,,1.0,75.93,799,5550,3.24,철강,KOSPI
267850,1940.59,,,,121.28,,,,,-1038.79,1028,9260,,IT서비스,KOSPI
111380,2441.45,,,,225.91,,,,1.0,848.8,792,12930,6.87,"섬유,의류,신발,호화품",KOSPI
139990,10856.03,,,,-255.66,,,,,5728.11,856,2210,,철강,KOSPI
007610,381.71,,,,12.49,,,,1.0,76.93,789,4385,14.91,전기장비,KOSPI
005740,10698.82,,,,572.51,,,,0.5442,2039.07,775,5220,4.23,식품,KOSPI
109070,854.03,,,,31.66,,,,1.0,-119.65,766,7250,37.55,해운사,KOSPI
002600,4882.46,,,,186.3,,,,1.0,2099.41,820,136700,10.15,식품,KOSPI
163560,3646.03,,,,185.65,,,,1.0,145.16,762,5480,7.15,화학,KOSPI
007590,1789.97,,,,126.52,,,,0.9983,300.9,758,5570,7.77,화학,KOSPI
002220,1964.04,,,,31.79,,,,0.2,757.3,754,2825,,철강,KOSPI
027970,7536.79,,,,31.23,,,,1.0,1601.4,1044,2745,,종이와목재,KOSPI
058850,10427.17,,,,298.06,,,,0.9267,-729.03,905,2185,3.87,상업서비스와공급품,KOSPI
013360,4526.73,,,,103.76,,,,0.9992,1384.7,748,1385,19.97,건설,KOSPI
004140,9155.53,,,,319.57,,,,0.9895,3268.65,854,1780,4.96,항공화물운송과물류,KOSPI
023800,7179.02,,,,396.36,,,,0.9069,2732.72,789,4990,4.91,자동차부품,KOSPI
001020,2666.69,,,,-52.79,,,,1.0,1090.62,742,2085,,종이와목재,KOSPI
004890,3479.22,,,,-27.5,,,,1.0,-1386.31,838,34550,,철강,KOSPI
009180,6745.62,7565.0,8280.0,8830.0,206.93,257.0,280.0,300.0,1.0,149.94,784,2785,4.95,항공화물운송과물류,KOSPI
002795,46231.75,,,,3680.0,,,,0.4246,-16403.41,727,11390,0.59,화장품,KOSPI
013870,7872.72,,,,242.2,,,,1.0,1941.98,727,3810,5.0,자동차부품,KOSPI
078935,251841.27,286612.8,281332.2,283044.0,29360.61,51915.0,36700.0,36994.0,0.8262,61654.03,1050,59000,0.13,석유와가스,KOSPI
036580,15541.35,,,,802.07,,,,0.9792,5564.36,927,2525,2.26,식품,KOSPI
37550L,74024.25,70609.15,71549.05,76943.17,3869.53,5759.75,5759.6,6468.61,0.997,-10892.93,1096,51900,0.3,건설,KOSPI
014160,2837.02,,,,8.82,,,,,352.59,710,655,,포장재,KOSPI
024900,17380.72,,,,32.04,,,,1.0,-296.09,708,2175,56.96,자동차부품,KOSPI
055490,1411.39,,,,25.08,,,,1.0,113.01,708,14790,35.1,전자장비와기기,KOSPI
005800,1851.55,,,,12.89,,,,1.0,-849.41,1215,13500,19.37,"섬유,의류,신발,호화품",KOSPI
095720,7973.57,,,,-104.56,,,,,2156.75,700,1232,,교육서비스,KOSPI
000180,1272.18,,,,-69.28,,,,,315.79,695,4985,,종이와목재,KOSPI
155660,3023.9,,,,192.92,,,,1.0,614.63,690,4315,4.61,비철금속,KOSPI
011150,1921.18,,,,-9.1,,,,1.0,411.51,689,1918,24.37,식품,KOSPI
001560,788.99,,,,42.42,,,,0.9992,-342.61,686,9030,5.03,비철금속,KOSPI
063160,1600.71,,,,36.05,,,,,1473.5,719,13110,,제약,KOSPI
005750,3005.68,,,,186.17,,,,0.9904,480.02,713,4300,5.33,건축제품,KOSPI
000230,5908.9,,,,149.25,,,,0.5065,1161.08,685,5940,6.27,제약,KOSPI
011810,6413.12,,,,-619.45,,,,,2639.98,1095,3530,,무역회사와판매업체,KOSPI
010040,4063.41,,,,27.76,,,,1.0,238.88,674,1641,,비철금속,KOSPI
004720,1730.73,,,,59.87,,,,,-193.54,672,2965,,제약,KOSPI
010960,4097.27,,,,144.86,,,,1.0,-833.59,742,3075,3.96,건설,KOSPI
079980,8895.28,,,,197.62,,,,1.0,3229.71,663,1923,28.49,"섬유,의류,신발,호화품",KOSPI
058730,2731.93,,,,20.7,,,,0.986,758.83,662,3270,,건축자재,KOSPI
210980,4458.24,,,,377.95,,,,1.0,8675.39,654,3515,9.22,부동산,KOSPI
009770,1485.66,,,,-14.4,,,,,-1453.09,692,27700,,가정용품,KOSPI
002200,2896.0,,,,-65.57,,,,1.0,-584.65,933,2785,,포장재,KOSPI
017370,3886.13,,,,208.58,,,,1.0,898.84,646,3525,4.3,자동차부품,KOSPI
007280,7671.41,,,,117.4,,,,,2136.58,645,2250,,철강,KOSPI
210540,3827.51,,,,304.29,,,,1.0,-668.82,1238,11210,4.92,기계,KOSPI
002700,1939.9,,,,52.37,,,,,-204.25,641,935,,가정용기기와용품,KOSPI
004840,8027.46,,,,248.94,,,,0.497,1850.59,751,3895,16.81,화학,KOSPI
071090,2566.23,,,,-33.25,,,,1.0,533.61,682,3380,,철강,KOSPI
120115,48733.99,53155.33,55417.5,57748.5,1088.96,2780.5,2985.83,3361.83,0.951,22920.57,707,25550,1.85,화학,KOSPI
006660,1177.36,,,,32.45,,,,0.9847,-2120.02,1025,12610,14.38,자동차부품,KOSPI
009200,12649.12,,,,59.51,,,,0.8243,11898.49,630,1515,,종이와목재,KOSPI
214330,3854.04,,,,62.47,,,,,-356.4,702,6710,,자동차부품,KOSPI
010660,2145.14,,,,2.28,,,,,-177.07,669,3040,,기계,KOSPI
068290,402.91,,,,-7.95,,,,,-160.87,617,6170,,출판,KOSPI
120030,517.62,,,,77.86,,,,,-1312.16,1060,84300,,철강,KOSPI
004440,2231.29,,,,49.96,,,,,527.25,691,5430,,건축자재,KOSPI
002760,501.16,,,,22.3,,,,,-64.13,600,1002,,식품,KOSPI
025620,73.05,,,,-74.56,,,,1.0,255.53,930,5110,68.03,화장품,KOSPI
000220,1408.85,,,,110.19,,,,0.8944,1.91,587,3730,7.2,제약,KOSPI
003925,9141.49,,,,51.74,,,,1.0,-71.08,583,30850,8.2,식품,KOSPI
480370,2910.1,,,,-366.05,,,,1.0,-147.82,578,1781,,기계,KOSPI
006890,613.48,,,,20.63,,,,1.0,159.27,578,4980,6.61,화학,KOSPI
005870,1371.86,,,,-120.33,,,,,-24.32,622,4405,,우주항공과국방,KOSPI
084670,1251.83,,,,50.98,,,,1.0,708.01,695,24000,23.44,도로와철도운송,KOSPI
003780,906.55,,,,84.44,,,,1.0,259.79,571,4390,8.22,화학,KOSPI
019680,6500.05,,,,-34.0,,,,0.2,1202.38,657,1634,,교육서비스,KOSPI
075180,1386.95,,,,-7.39,,,,1.0,-1237.56,565,2945,,자동차부품,KOSPI
004770,123.61,,,,22.01,,,,,-572.03,724,2040,,전자장비와기기,KOSPI
000105,21866.38,23471.94,25614.69,28602.69,1043.74,1289.25,2028.44,3026.56,1.0,-959.87,758,66000,0.39,제약,KOSPI
020760,578.47,,,,-48.8,,,,1.0,141.25,555,902,,디스플레이패널,KOSPI
003475,34612.73,,,,993.79,,,,1.0,,543,4240,0.57,증권,KOSPI
006980,6130.24,,,,193.73,,,,1.0,881.9,543,17560,4.2,식품,KOSPI
031820,10952.14,,,,235.5,,,,0.5705,259.39,698,5770,1.32,IT서비스,KOSPI
018500,6262.36,6595.38,,,419.86,350.08,,,1.0,2031.28,621,1328,2.93,자동차부품,KOSPI
092440,1313.16,1192.66,,,10.18,-37.06,,,1.0,-453.0,541,1853,17.38,기계,KOSPI
000850,2217.56,,,,42.17,,,,1.0,-322.18,827,37600,7.27,기계,KOSPI
000725,310629.12,269351.95,285527.55,306832.89,6530.06,8658.0,11338.9,13770.17,0.7661,6231.61,567,53800,0.15,건설,KOSPI
100220,2687.76,,,,216.18,,,,1.0,725.22,650,5000,3.05,교육서비스,KOSPI
002630,293.98,297.54,,,-30.76,-41.32,,,,-368.88,531,1790,,생물공학,KOSPI
084680,887.27,,,,-31.77,,,,,1366.15,754,532,,"섬유,의류,신발,호화품",KOSPI
008700,2152.55,,,,47.93,,,,1.0,-313.72,973,1262,16.52,전자제품,KOSPI
010770,8836.77,,,,348.82,,,,0.769,1264.29,519,3550,1.49,자동차부품,KOSPI
025530,2057.99,,,,105.51,,,,0.5779,-1334.69,546,3655,6.48,자동차부품,KOSPI
003465,359.84,,,,59.17,,,,,,514,2940,,증권,KOSPI
101140,62.97,,,,-43.33,,,,,17.1,513,5110,,전자장비와기기,KOSPI
014990,1045.91,,,,11.91,,,,,423.85,571,3800,,"섬유,의류,신발,호화품",KOSPI
021050,17136.11,,,,533.23,,,,1.0,5839.26,511,1076,,비철금속,KOSPI
37550K,74024.25,70609.15,71549.05,76943.17,3869.53,5759.75,5759.6,6468.61,0.997,-10892.93,569,26900,0.15,건설,KOSPI
005305,39711.44,41022.75,42535.25,43991.78,1671.6,2000.58,2249.83,2422.56,0.9565,14544.81,509,65600,1.08,음료,KOSPI
090080,6260.62,,,,133.43,,,,1.0,442.24,562,1024,3.58,자동차부품,KOSPI
129260,7089.79,,,,197.61,,,,0.9374,756.35,559,1880,5.69,해운사,KOSPI
011390,1075.31,,,,-27.71,,,,0.6458,1026.3,503,47650,,건축자재,KOSPI
35320K,10652.95,16028.62,19967.69,23334.69,490.61,2762.62,4079.46,5059.77,0.9995,-2162.12,524,25000,1.1,전자장비와기기,KOSPI
111110,5208.78,,,,250.22,,,,1.0,1981.24,584,6440,4.68,"섬유,의류,신발,호화품",KOSPI
002140,2973.22,,,,137.48,,,,0.9984,939.25,495,1985,5.13,식품,KOSPI
007980,10289.89,,,,620.06,,,,1.0,3188.61,848,1808,2.22,"섬유,의류,신발,호화품",KOSPI
004830,1464.76,,,,62.36,,,,1.0,87.73,513,3270,9.34,"섬유,의류,신발,호화품",KOSPI
009320,1518.32,,,,62.98,,,,1.0,449.14,486,986,11.17,자동차부품,KOSPI
011000,230.45,,,,-440.36,,,,,343.75,485,2670,,생물공학,KOSPI
072130,615.67,,,,34.2,,,,0.9993,-86.14,603,4750,13.82,IT서비스,KOSPI
007460,1179.74,,,,-955.71,,,,,1382.82,509,2050,,제약,KOSPI
372910,920.88,1322.0,1407.0,1454.0,-7.27,54.0,68.0,74.0,0.9771,-398.17,598,2160,,건강관리장비와용품,KOSPI
006125,101640.14,,,,3613.54,,,,0.8943,41141.98,529,42950,0.41,석유와가스,KOSPI
004410,686.03,,,,-4.6,,,,,208.29,481,1220,,식품,KOSPI
002720,1754.96,,,,61.85,,,,0.9988,156.65,686,3240,12.04,제약,KOSPI
001550,997.37,,,,38.2,,,,,529.92,553,10650,,화학,KOSPI
007110,545.03,,,,6.81,,,,,50.98,467,603,,건축자재,KOSPI
069460,2156.42,,,,34.72,,,,1.0,431.07,463,2660,,비철금속,KOSPI
041650,5422.61,,,,-13.58,,,,0.9354,1918.08,463,2155,,자동차부품,KOSPI
000910,2024.01,,,,54.99,,,,0.9136,1402.65,459,2940,1.97,건축자재,KOSPI
001465,1631.67,,,,265.74,,,,0.9995,-523.46,572,26550,2.92,"섬유,의류,신발,호화품",KOSPI
004450,1628.98,,,,67.57,,,,1.0,516.57,615,28550,14.34,포장재,KOSPI
28513K,23651.64,29278.5,31620.0,33405.0,-2.07,587.0,1592.0,2230.0,1.0,4854.61,533,25200,1.19,화학,KOSPI
002410,718.43,,,,-513.09,,,,,871.4,532,1935,,건설,KOSPI
011300,246.93,,,,-23.35,,,,,390.89,504,2925,,"섬유,의류,신발,호화품",KOSPI
004910,2026.68,,,,-194.98,,,,1.0,1444.53,440,3435,,건축자재,KOSPI
084870,1824.19,,,,31.5,,,,0.5706,116.44,437,2135,49.38,"섬유,의류,신발,호화품",KOSPI
002920,3045.75,,,,-300.23,,,,0.7096,-1106.75,471,1814,,자동차부품,KOSPI
004060,1323.48,,,,-15.16,,,,1.0,-128.36,434,2145,49.1,"섬유,의류,신발,호화품",KOSPI
006880,1877.59,,,,103.11,,,,1.0,1023.0,497,4205,13.66,식품과기본식료품소매,KOSPI
009835,133330.55,183054.58,196539.75,204337.42,-3647.59,8898.0,12985.25,14592.83,0.9841,128985.87,465,18270,,에너지장비및서비스,KOSPI
016090,2405.44,,,,70.78,,,,,-530.45,624,1410,,"섬유,의류,신발,호화품",KOSPI
008420,1378.75,,,,-9.59,,,,,39.76,425,2075,,철강,KOSPI
023350,4129.09,,,,60.4,,,,1.0,-310.47,423,3860,4.95,건설,KOSPI
019490,53.0,,,,-59.71,,,,,14.61,413,541,,통신장비,KOSPI
123700,2014.15,,,,113.15,,,,1.0,-987.22,527,3380,4.35,자동차부품,KOSPI
446070,1575.31,,,,-91.52,,,,,-636.38,411,3875,,건축자재,KOSPI
011330,1062.43,,,,-5.73,,,,,744.0,408,4070,,자동차부품,KOSPI
017040,958.69,,,,-99.68,,,,,212.08,404,932,,전기장비,KOSPI
011420,403.44,,,,39.88,,,,,-23.19,403,1463,,레저용장비와제품,KOSPI
001620,8080.08,,,,185.58,,,,0.9997,2200.83,486,2185,1.54,자동차부품,KOSPI
047400,1019.37,,,,54.3,,,,1.0,953.01,403,959,16.38,자동차부품,KOSPI
008870,2524.04,,,,33.69,,,,0.5636,908.25,399,39900,18.49,포장재,KOSPI
002450,2244.39,,,,22.82,,,,1.0,1515.1,988,1091,5.61,레저용장비와제품,KOSPI
005320,2314.94,,,,-18.56,,,,,143.41,454,1329,,"섬유,의류,신발,호화품",KOSPI
017180,1952.47,,,,68.35,,,,1.0,628.42,422,1242,22.27,제약,KOSPI
049800,2116.23,,,,29.3,,,,1.0,1248.52,379,1897,16.56,기계,KOSPI
133820,1861.71,,,,-16.71,,,,,878.52,377,1017,,철강,KOSPI
051630,185.64,,,,-7.43,,,,,-26.96,375,1769,,화학,KOSPI
134790,1957.2,,,,-66.83,,,,1.0,-50.02,372,18610,,가구,KOSPI
004920,414.5,,,,20.02,,,,1.0,96.54,473,907,3.24,컴퓨터와주변기기,KOSPI
009810,2509.22,,,,-43.97,,,,,-188.61,407,2000,,판매업체,KOSPI
000890,898.79,,,,38.12,,,,,177.46,360,1304,,음료,KOSPI
085310,1301.02,,,,-6.48,,,,1.0,-570.05,654,8820,,조선,KOSPI
012280,3514.24,,,,152.26,,,,,737.46,354,3570,,자동차부품,KOSPI
004540,5082.01,,,,-226.38,,,,,3351.1,450,1208,,종이와목재,KOSPI
002870,242.28,,,,-22.93,,,,1.0,-477.88,380,1087,18.99,포장재,KOSPI
009140,360.74,,,,10.24,,,,1.0,-544.71,342,21750,8.93,전자제품,KOSPI
009460,2669.52,,,,-51.93,,,,,1354.52,339,2750,,포장재,KOSPI
000215,53267.21,55385.5,55391.5,56050.0,2985.46,6496.0,6105.0,6170.0,0.9294,45447.6,427,25300,,화학,KOSPI
005820,896.82,,,,44.26,,,,0.7194,-412.05,338,14710,9.07,포장재,KOSPI
143210,7847.51,,,,-387.37,,,,,4153.8,336,1199,,자동차부품,KOSPI
000950,407.76,,,,-73.15,,,,1.0,-908.29,482,28700,1.62,"섬유,의류,신발,호화품",KOSPI
008250,2973.1,,,,-38.29,,,,,1201.29,334,3050,,건축자재,KOSPI
012160,4334.85,,,,-131.69,,,,,1174.84,328,2100,,철강,KOSPI
023810,5864.44,,,,197.84,,,,0.6611,3554.51,501,5010,4.19,자동차부품,KOSPI
002360,986.27,,,,-122.5,,,,,20.91,326,2935,,화학,KOSPI
027740,3688.91,,,,20.11,,,,,456.98,366,1153,,식품,KOSPI
090370,813.23,,,,-72.43,,,,,896.89,320,1171,,상업서비스와공급품,KOSPI
088790,476.08,,,,39.83,,,,,-66.95,313,2515,,"섬유,의류,신발,호화품",KOSPI
000760,462.55,,,,-1.64,,,,,-10.62,335,11980,,화학,KOSPI
024070,1032.76,,,,-6.98,,,,1.0,-261.74,310,2025,23.1,화학,KOSPI
069640,2488.89,,,,-121.39,,,,,1675.14,309,1420,,"섬유,의류,신발,호화품",KOSPI
092780,4593.33,,,,166.59,,,,0.9657,1672.87,466,3540,5.98,자동차부품,KOSPI
014130,6298.22,,,,-36.2,,,,0.9762,2230.68,307,2600,,항공화물운송과물류,KOSPI
025750,2798.17,,,,23.33,,,,,701.81,306,1900,,건축자재,KOSPI
006370,530.87,,,,-149.73,,,,,2575.17,322,2975,,백화점과일반상점,KOSPI
011230,296.32,,,,-77.76,,,,,326.27,515,2685,,전자장비와기기,KOSPI
010400,1644.58,,,,49.78,,,,1.0,0.87,320,4200,4.21,건설,KOSPI
001070,1582.86,,,,6.97,,,,1.0,270.51,316,5970,,"섬유,의류,신발,호화품",KOSPI
005030,1954.06,,,,5.78,,,,,1111.15,451,486,,자동차부품,KOSPI
036420,10832.88,,,,88.45,,,,,12504.69,301,1562,,방송과엔터테인먼트,KOSPI
002690,1473.46,,,,-35.11,,,,,-603.2,296,1459,,철강,KOSPI
006570,1261.71,,,,-95.66,,,,,812.64,296,1944,,건축제품,KOSPI
006740,932.52,,,,-158.06,,,,,1001.39,290,4875,,종이와목재,KOSPI
003680,3184.45,,,,58.31,,,,,993.82,289,4660,,식품,KOSPI
118000,328.22,,,,13.25,,,,1.0,628.98,278,1260,55.82,제약,KOSPI
019175,2346.81,,,,142.55,,,,1.0,-190.16,277,13910,3.14,제약,KOSPI
071950,622.29,,,,-56.8,,,,,213.32,275,1904,,가구,KOSPI
025890,398.72,,,,-1.77,,,,,59.3,295,2645,,철강,KOSPI
005110,80.45,,,,-77.76,,,,0.9805,219.04,265,1254,0.43,부동산,KOSPI
002355,31896.1,34770.87,36194.73,37908.85,1702.97,1757.67,2107.07,2357.92,0.9968,12956.47,256,3940,0.17,자동차부품,KOSPI
003060,732.26,,,,-603.55,,,,,1881.39,255,1571,,제약,KOSPI
004270,775.41,,,,1.88,,,,1.0,685.54,255,5600,,전자장비와기기,KOSPI
308170,4614.59,,,,58.14,,,,,1873.26,300,3480,,자동차부품,KOSPI
33637K,6160.83,5556.0,6899.5,10082.5,-733.36,-753.5,287.5,760.5,0.707,8392.07,255,1509,,전자장비와기기,KOSPI
001380,934.81,,,,49.64,,,,1.0,-15.58,249,1109,8.87,자동차부품,KOSPI
014910,536.75,,,,16.73,,,,0.9921,211.19,429,1964,21.42,전기제품,KOSPI
003495,252255.42,284596.64,281315.36,288936.55,11135.89,9909.09,22587.18,26015.55,1.0,192096.56,247,22200,0.03,항공사,KOSPI
33626L,4547.95,5009.67,8336.17,9972.4,-1056.73,-743.0,443.33,751.2,0.9963,5482.62,230,7710,,에너지장비및서비스,KOSPI
009310,598.44,,,,-75.31,,,,,-1965.41,233,5330,,디스플레이장비및부품,KOSPI
002880,6333.98,,,,302.06,,,,1.0,1078.11,324,3460,,자동차부품,KOSPI
009190,2234.85,,,,56.21,,,,1.0,115.99,404,899,4.3,철강,KOSPI
001420,148.65,,,,-9.78,,,,,-346.27,228,3005,,자동차부품,KOSPI
010640,466.28,,,,18.26,,,,,491.53,362,2170,,화학,KOSPI
023150,947.19,,,,94.86,,,,0.8955,525.97,246,3960,,음료,KOSPI
004870,50.35,,,,-36.06,,,,,89.15,218,962,,건축자재,KOSPI
012170,59.22,,,,-43.25,,,,,-111.51,215,2945,,방송과엔터테인먼트,KOSPI
008775,40683.06,40074.58,41401.5,43690.7,135.13,1977.75,2394.42,2727.2,0.9993,9742.49,211,28100,,백화점과일반상점,KOSPI
00499K,155396.27,158221.5,163395.0,169960.0,2394.39,3503.0,4694.0,5355.0,0.5568,76316.01,202,25100,,복합기업,KOSPI
000040,138.21,,,,-28.92,,,,,577.08,202,1028,,자동차,KOSPI
001685,44013.05,44434.0,45805.0,,1692.82,1919.0,2028.0,,0.9844,10797.32,200,14620,,식품,KOSPI
015020,164.28,,,,-4.07,,,,,315.28,199,928,,부동산,KOSPI
037560,12656.52,13330.0,13900.0,11860.0,187.3,460.0,550.0,970.0,1.0,3971.55,1203,1553,67.55,방송과엔터테인먼트,KOSPI
011090,2152.43,,,,5.45,,,,0.9903,282.75,190,1601,,가구,KOSPI
093240,1666.5,1778.04,,,66.41,84.15,,,1.0,373.11,182,296,,"섬유,의류,신발,호화품",KOSPI
465770,1913.84,,,,-124.73,,,,1.0,866.05,180,2490,,해운사,KOSPI
008600,1883.23,,,,-210.04,,,,,1445.61,176,2620,,"섬유,의류,신발,호화품",KOSPI
002070,2224.45,,,,-50.04,,,,,852.93,174,3620,,"섬유,의류,신발,호화품",KOSPI
18064K,2983.62,,,,-75.24,,,,0.9738,823.32,160,30100,0.1,항공사,KOSPI
005257,24514.76,,,,362.27,,,,,15833.53,156,18410,,제약,KOSPI
002025,58861.33,,,,605.01,,,,1.0,23440.16,154,13250,,복합기업,KOSPI
005725,35865.18,,,,2042.1,,,,0.5127,12586.84,153,4260,0.17,자동차부품,KOSPI
012690,1240.21,,,,3.17,,,,,-148.75,518,1416,,가정용품,KOSPI
030720,1725.92,,,,88.26,,,,1.0,390.11,227,4880,2.93,식품,KOSPI
024890,1264.24,,,,8.71,,,,0.996,728.69,143,1728,4.08,"섬유,의류,신발,호화품",KOSPI
001795,13562.76,,,,565.56,,,,0.9985,893.29,138,2135,,식품,KOSPI
033250,938.39,,,,75.28,,,,1.0,111.65,267,4170,4.24,자동차부품,KOSPI
000087,24985.67,24531.4,25040.8,25280.67,1723.39,1933.2,2027.8,2081.67,1.0,7752.29,137,12140,0.33,음료,KOSPI
378850,7145.6,,,,270.82,,,,1.0,1413.43,538,2830,2.95,자동차부품,KOSPI
45226K,5751.66,,,,94.14,,,,1.0,5115.03,131,4500,3.95,백화점과일반상점,KOSPI
084695,56287.99,,,,1998.28,,,,0.2547,14733.49,129,14070,,식품,KOSPI
00806K,13849.9,,,,113.13,,,,0.5689,-3721.99,129,10600,3.64,전자장비와기기,KOSPI
108675,31786.89,34169.25,34629.5,35979.75,130.6,1385.75,1240.0,1393.5,1.0,4705.06,188,18220,,건축자재,KOSPI
145995,25625.0,,,,1117.25,,,,0.8903,6948.15,123,33200,,식품,KOSPI
015260,1174.9,,,,-72.91,,,,,495.43,123,260,,전자장비와기기,KOSPI
00781K,15097.25,17103.5,19450.5,20506.0,538.16,970.5,1594.0,1876.5,0.8916,1868.81,114,14490,0.24,전자장비와기기,KOSPI
006490,1055.58,,,,40.79,,,,1.0,64.31,253,1426,,무선통신서비스,KOSPI
003535,30945.78,,,,1477.01,,,,1.0,,308,6410,0.3,증권,KOSPI
38380K,1903.59,1580.0,1685.0,1775.0,1333.98,1840.0,1935.0,2075.0,1.0,2009.41,109,7460,0.08,무역회사와판매업체,KOSPI
001067,7752.98,,,,944.61,,,,1.0,-303.34,105,50000,0.17,제약,KOSPI
004255,4503.2,,,,235.74,,,,1.0,895.37,100,1895,0.77,포장재,KOSPI
003075,26844.31,29268.0,32974.0,35060.0,36.51,1313.0,1531.0,1770.0,0.9925,7995.13,99,13420,,건설,KOSPI
005360,1310.24,,,,-58.54,,,,,683.29,221,1172,,문구류,KOSPI
026940,1799.11,,,,2.62,,,,,-219.32,420,2100,,철강,KOSPI
145210,801.9,,,,-5.7,,,,,395.49,95,2240,,자동차부품,KOSPI
019685,6500.05,,,,-34.0,,,,0.2,1202.38,94,966,,교육서비스,KOSPI
001755,9090.22,,,,753.11,,,,,,92,19480,,증권,KOSPI
33637L,6160.83,5556.0,6899.5,10082.5,-733.36,-753.5,287.5,760.5,0.707,8392.07,86,2265,,전자장비와기기,KOSPI
004365,12417.87,,,,273.01,,,,1.0,-97.25,339,9200,0.52,항공화물운송과물류,KOSPI
000225,1408.85,,,,110.19,,,,0.8944,1.91,83,3645,1.02,제약,KOSPI
001515,14046.72,,,,77.86,,,,1.0,,78,3995,0.27,증권,KOSPI
001065,7752.98,,,,944.61,,,,1.0,-303.34,76,22250,0.12,제약,KOSPI
000325,12392.68,,,,645.08,,,,0.5537,-1102.96,69,28400,0.21,건축자재,KOSPI
004985,12162.66,,,,436.56,,,,0.9988,4230.66,66,9000,0.25,건축자재,KOSPI
004835,1464.76,,,,62.36,,,,1.0,87.73,61,4410,1.11,"섬유,의류,신발,호화품",KOSPI
044380,626.29,,,,-16.77,,,,,-102.53,61,436,,컴퓨터와주변기기,KOSPI
012205,3897.99,,,,-271.0,,,,,1119.45,58,4990,,자동차부품,KOSPI
007120,141.29,,,,37.99,,,,,-98.97,279,1020,,IT서비스,KOSPI
090355,7710.52,,,,301.81,,,,1.0,-445.63,55,11790,0.33,건축자재,KOSPI
001770,1003.98,,,,27.38,,,,,32.25,52,4275,,철강,KOSPI
002995,20184.88,20763.0,23502.0,26418.0,470.84,709.0,1068.0,1246.0,1.0,14.34,48,16550,0.08,건설,KOSPI
074610,295.04,,,,-28.26,,,,1.0,146.57,448,5110,55.24,기계,KOSPI
000545,35328.42,,,,1875.04,,,,,,44,5700,,손해보험,KOSPI
000145,24845.04,,,,1832.53,,,,0.4896,13971.48,43,9110,,음료,KOSPI
005965,17586.26,21183.0,21321.0,23902.0,426.28,807.5,836.0,1021.0,0.9794,4260.97,39,17210,0.07,건설,KOSPI
023960,1723.18,,,,-49.59,,,,1.0,321.06,391,1028,,건설,KOSPI
014285,8021.56,,,,104.97,,,,0.3276,4530.75,33,5620,,건축제품,KOSPI
007575,2724.22,,,,49.63,,,,0.968,868.05,35,7900,0.51,제약,KOSPI
000227,1408.85,,,,110.19,,,,0.8944,1.91,25,7750,0.31,제약,KOSPI
001525,6306.28,,,,-207.44,,,,0.9903,3461.53,22,8500,0.11,건축자재,KOSPI
003080,643.34,,,,-81.43,,,,1.0,149.33,444,2220,1.29,화학,KOSPI
004415,686.03,,,,-4.6,,,,,208.29,10,4315,,식품,KOSPI
002787,5763.82,,,,-230.04,,,,,-641.95,4,12510,,건설,KOSPI
196170,2158.59,4924.4,6635.2,8465.8,1069.0,3126.8,4225.6,5785.0,0.9743,-3420.94,174834,251000,123.41,생물공학,KOSDAQ
26490K,4448.38,,,,152.65,,,,,-252.47,60,7770,,식품,KOSPI
086520,34130.22,,,,2137.64,,,,0.3772,36725.13,110386,81300,,화학,KOSDAQ
009440,859.6,,,,-15.74,,,,1.0,46.45,176,756,,상업서비스와공급품,KOSPI
240810,9097.96,12439.71,16171.57,19240.71,738.14,1794.29,2739.67,3478.33,1.0,-3952.03,60717,123700,72.26,반도체와반도체장비,KOSDAQ
039030,3808.91,4913.0,6484.0,7113.5,807.53,1332.0,2143.5,2373.0,0.9954,-3307.95,57594,467500,100.67,반도체와반도체장비,KOSDAQ
014915,536.75,,,,16.73,,,,0.9921,211.19,30,5050,1.5,전기제품,KOSPI
028300,841.73,,,,-1042.17,,,,,2425.88,52880,39700,,건강관리장비와용품,KOSDAQ
108490,389.43,633.88,1179.63,2059.57,33.46,-22.88,237.88,510.14,0.9687,-2343.16,41581,283500,819.49,기계,KOSDAQ
440110,924.19,3923.5,7396.0,9689.5,-654.7,928.5,2266.0,3103.0,0.9986,-155.41,40089,80000,,반도체와반도체장비,KOSDAQ
000250,2318.05,,,,84.67,,,,0.4374,-505.42,38071,162300,723.51,제약,KOSDAQ
011155,1921.18,,,,-9.1,,,,1.0,411.51,12,5860,0.42,식품,KOSPI
214450,5362.89,6997.13,8538.53,10218.14,2143.96,2726.87,3411.0,4102.93,0.993,-3746.45,33143,319000,20.07,건강관리장비와용품,KOSDAQ
002785,5763.82,,,,-230.04,,,,,-641.95,9,10110,,건설,KOSPI
095610,3511.16,4824.14,6142.86,7846.0,578.38,1037.57,1409.83,1950.2,1.0,-1629.64,31344,161900,55.07,반도체와반도체장비,KOSDAQ
013000,326.8,,,,24.33,,,,,-438.69,336,1169,,화학,KOSPI
141080,1415.53,1893.5,2357.0,3702.0,-1064.86,-1214.0,-771.5,522.5,1.0,-3790.96,29393,79400,,제약,KOSDAQ
010170,1394.47,2035.25,2591.75,3307.0,-214.11,58.0,170.0,227.33,1.0,729.23,26837,17260,,통신장비,KOSDAQ
080220,3022.31,,,,358.74,,,,1.0,-135.3,25522,74100,64.6,반도체와반도체장비,KOSDAQ
005745,10698.82,,,,572.51,,,,0.5442,2039.07,32,5310,0.17,식품,KOSPI
403870,1729.65,2497.33,3731.83,4442.8,899.02,1387.67,2113.67,2553.8,,-2108.04,45594,55400,,반도체와반도체장비,KOSDAQ
226950,146.67,,,,-299.72,,,,,-1933.29,23547,103500,,생명과학도구및서비스,KOSDAQ
005290,11941.45,,,,1724.49,,,,1.0,1638.29,22809,44750,23.02,반도체와반도체장비,KOSDAQ
214370,728.08,,,,204.0,,,,1.0,-355.61,21862,40700,108.77,건강관리업체및서비스,KOSDAQ
031980,2077.64,2791.4,3883.6,4677.67,734.01,1088.6,1566.6,1930.33,1.0,-2002.49,35988,166900,39.25,반도체와반도체장비,KOSDAQ
058610,3416.7,3596.8,3990.4,4706.5,179.39,212.2,283.2,343.25,0.942,302.52,21468,96800,235.06,전기제품,KOSDAQ
263750,3655.65,7994.83,4644.67,6227.0,-148.08,3930.33,1404.83,2262.8,1.0,-6477.65,20801,33100,,게임엔터테인먼트,KOSDAQ
087010,56.35,,,,-212.57,,,,,-440.15,31898,136800,,생물공학,KOSDAQ
006345,6245.42,,,,93.51,,,,0.6795,162.83,258,9840,2.94,전기장비,KOSPI
067310,15344.19,24942.5,28336.0,31188.5,1276.89,4167.5,4331.5,4756.0,0.8227,9297.05,29921,45000,78.51,반도체와반도체장비,KOSDAQ
098460,2326.47,3467.54,4031.05,4452.0,173.42,579.66,735.99,871.5,0.9997,-1345.74,19677,28850,133.35,전자장비와기기,KOSDAQ
247540,25315.76,25302.69,35374.38,47655.83,1433.1,804.31,1540.85,2668.25,0.6212,24138.84,108103,110500,274.58,전기제품,KOSDAQ
277810,341.23,710.0,1590.0,3140.0,-24.8,120.0,670.0,1310.0,1.0,-555.04,81964,422500,5763.99,기계,KOSDAQ
089030,1591.28,,,,158.38,,,,1.0,2756.07,18064,48750,192.13,반도체와반도체장비,KOSDAQ
222800,14105.6,20883.78,25166.33,28997.13,118.69,2560.11,4290.11,5480.75,0.9995,6473.13,55841,145100,,전자장비와기기,KOSDAQ
060370,2442.05,3131.67,4406.33,5169.67,70.09,166.67,483.0,718.67,1.0,-1998.23,17187,32900,205.68,건설,KOSDAQ
007390,207.35,,,,-36.46,,,,1.0,-15.12,16367,25400,,생물공학,KOSDAQ
004105,6201.69,,,,224.19,,,,1.0,2328.18,137,4145,3.93,자동차부품,KOSPI
089970,1444.12,3178.5,4274.0,5003.5,246.73,951.5,1407.0,1717.0,1.0,-1895.97,15743,59800,60.24,반도체와반도체장비,KOSDAQ
183300,6041.1,7160.0,8510.0,10050.0,1109.92,1200.0,1630.0,2030.0,0.6403,5404.46,15486,30150,31.06,반도체와반도체장비,KOSDAQ
084370,3503.24,5000.0,6717.0,7240.0,516.72,1023.0,1669.0,1800.0,0.9804,-3301.69,35314,154100,83.17,반도체와반도체장비,KOSDAQ
009415,21744.84,,,,527.89,,,,0.666,9516.19,40,6220,0.06,건설,KOSPI
131290,4289.01,6941.75,8712.75,10575.33,491.72,1876.25,2419.75,3054.0,0.9009,-732.88,32410,293000,84.78,반도체와반도체장비,KOSDAQ
0009K0,472.78,,,,207.69,,,,1.0,-910.94,14461,22250,287.9,생물공학,KOSDAQ
214150,3368.2,4379.53,5492.47,6716.4,1706.01,1912.4,2516.67,3169.4,1.0,122.67,20125,30850,15.25,건강관리장비와용품,KOSDAQ
014825,13728.74,,,,661.56,,,,0.999,2862.38,35,13140,0.07,포장재,KOSPI
237690,3316.81,4176.69,5185.77,6217.31,549.33,752.92,1028.46,1336.31,0.9958,-901.33,19374,92800,35.23,제약,KOSDAQ
36328K,792.27,,,,-345.64,,,,,1337.39,34,2930,,"호텔,레스토랑,레저",KOSPI
041510,11749.35,12584.5,13669.44,14662.44,1830.34,1878.22,2160.67,2410.63,0.9348,-4490.5,18842,82300,5.43,방송과엔터테인먼트,KOSDAQ
083650,7741.17,11733.5,14322.33,17089.5,754.97,1443.5,1764.0,2224.0,1.0,59.88,18598,60100,28.52,에너지장비및서비스,KOSDAQ
140860,2056.13,2433.14,2922.86,3450.43,421.91,506.86,684.57,842.57,0.9994,-346.99,18452,263500,53.52,전자장비와기기,KOSDAQ
310210,75.12,55.0,130.0,250.0,-543.85,-875.0,-595.0,-530.0,,-588.45,25413,137100,,제약,KOSDAQ
058470,3725.34,4608.0,5490.0,6394.0,1769.97,2250.5,2676.25,3109.5,,-4266.01,54110,71000,,반도체와반도체장비,KOSDAQ
257720,11162.87,16113.58,20504.17,24918.6,2053.62,2961.42,3772.0,4611.6,1.0,505.01,25378,38700,15.05,인터넷과카탈로그소매,KOSDAQ
036540,3673.89,5587.8,8085.0,8705.0,-196.27,-55.6,795.2,780.0,0.996,-36.31,17268,10500,,반도체와반도체장비,KOSDAQ
140410,79.1,,,,-167.69,,,,,-229.92,24130,78800,,식품,KOSDAQ
095340,2201.95,3143.5,4036.86,4951.67,600.54,1033.5,1430.14,1766.5,0.9969,-3589.93,43136,203500,76.85,반도체와반도체장비,KOSDAQ
145020,4251.1,5252.13,6569.47,8066.36,2008.51,2047.4,2724.87,3523.86,0.9661,-5775.76,23241,185700,16.5,생물공학,KOSDAQ
319400,3939.41,,,,182.13,,,,1.0,409.52,23111,20750,204.63,기계,KOSDAQ
096530,4742.32,5486.0,6201.5,7082.0,345.5,900.0,1113.5,1308.0,1.0,-4522.55,15936,34100,33.01,생명과학도구및서비스,KOSDAQ
030530,6229.92,,,,-4.18,,,,0.543,3696.65,21047,27250,76.86,반도체와반도체장비,KOSDAQ
100790,2398.48,,,,351.16,,,,1.0,,9121,17170,29.49,창업투자,KOSDAQ
006200,2758.87,,,,-140.51,,,,,-300.65,179,1910,,반도체와반도체장비,KOSPI
083450,3471.59,4399.5,5227.5,5845.0,591.72,759.0,945.5,1080.5,0.9988,-1230.35,9031,49000,19.95,반도체와반도체장비,KOSDAQ
119850,2626.34,2953.8,3918.2,4932.0,493.72,440.2,718.8,1022.75,0.9849,-816.73,8948,54400,22.4,전기장비,KOSDAQ
357780,9233.82,12087.75,14768.5,17366.29,1336.42,2030.5,2748.88,3590.57,0.9612,-2201.36,28353,364500,35.86,반도체와반도체장비,KOSDAQ
204270,1856.53,2000.0,5149.0,6055.0,-779.96,-432.0,1080.0,1404.0,1.0,2295.93,13450,23250,,핸드셋,KOSDAQ
036930,3106.93,3571.0,5381.0,7559.5,312.58,483.5,1371.5,2472.0,1.0,-786.83,96681,208000,270.87,반도체와반도체장비,KOSDAQ
241710,6409.29,8472.5,9792.6,11151.33,835.37,1151.4,1377.3,1606.11,0.8715,1419.95,13350,125000,29.38,화장품,KOSDAQ
082920,2430.83,3073.0,3618.0,4129.0,692.68,896.0,1048.33,1216.0,1.0,-1487.02,12842,28450,22.56,전기제품,KOSDAQ
068760,5364.0,6110.0,7030.0,8010.0,560.92,700.0,860.0,1000.0,,363.36,17406,39200,,제약,KOSDAQ
290650,854.76,1667.5,2473.0,3202.0,44.16,372.75,664.0,911.0,1.0,222.33,12258,45450,,건강관리장비와용품,KOSDAQ
347700,956.39,2944.0,4520.0,5782.0,90.52,143.5,533.0,908.0,1.0,2533.02,11496,22300,6762.35,우주항공과국방,KOSDAQ
178320,10663.31,18406.67,24342.33,28006.0,11.46,634.67,2904.0,3491.5,0.9947,12855.38,23132,36300,,전기장비,KOSDAQ
014620,2456.7,2810.0,3594.5,4377.0,419.56,488.0,701.5,831.0,1.0,-1382.0,8273,31150,24.03,기계,KOSDAQ
032820,871.35,,,,-54.87,,,,0.9994,1661.95,21857,12650,2759.72,우주항공과국방,KOSDAQ
252990,779.85,1240.0,1578.33,1909.0,146.66,348.67,468.67,584.0,,-186.89,11056,18360,,반도체와반도체장비,KOSDAQ
356860,2584.98,3720.27,4708.55,6486.89,259.63,577.27,838.18,1218.89,1.0,817.37,10298,43450,54.06,반도체와반도체장비,KOSDAQ
388720,369.18,,,,-126.2,,,,,-93.69,7988,67800,,기계,KOSDAQ
293490,4650.19,3426.89,6353.33,6127.71,-395.91,-876.11,579.89,288.14,1.0,386.6,10130,9490,,게임엔터테인먼트,KOSDAQ
001527,6306.28,,,,-207.44,,,,0.9903,3461.53,11,5390,0.05,건축자재,KOSPI
101490,2437.33,,,,503.9,,,,1.0,-419.28,9142,42850,15.69,반도체와반도체장비,KOSDAQ
086450,9268.84,10501.33,11838.0,13214.0,965.54,1093.0,1273.0,1384.5,0.9598,-512.75,9453,20900,14.32,제약,KOSDAQ
160190,735.44,,,,-89.09,,,,0.9936,-375.23,9081,29400,,기계,KOSDAQ
064760,3013.34,4099.83,5036.17,6111.17,838.87,1241.67,1668.5,2073.83,,-2920.01,31023,277500,,반도체와반도체장비,KOSDAQ
035900,8218.55,8220.63,8823.0,8951.38,1552.46,1518.32,1675.84,1685.5,1.0,-3545.21,13502,38000,8.41,방송과엔터테인먼트,KOSDAQ
298380,793.5,,,,-403.9,,,,,-1116.35,27854,49750,,생물공학,KOSDAQ
043260,2315.77,2884.0,4981.33,8302.67,75.51,427.67,1084.67,2273.0,0.9424,6168.31,18637,24700,20.49,전기제품,KOSDAQ
003380,132148.84,147130.0,155530.0,163450.0,8874.27,10240.0,11010.0,11740.0,0.4958,80504.36,12466,11130,5.43,식품,KOSDAQ
131970,3038.74,3381.75,4734.75,5320.75,-9.41,384.25,1036.5,1289.5,,1144.96,17317,89600,,반도체와반도체장비,KOSDAQ
445680,51.52,,,,-123.14,,,,,-99.84,8681,50400,,생명과학도구및서비스,KOSDAQ
127120,193.16,,,,-124.87,,,,,-86.33,11957,32150,,생명과학도구및서비스,KOSDAQ
950260,,154.0,,1595.0,-331.92,-136.0,-291.0,1293.0,1.0,-120.49,11842,23950,,생물공학,KOSDAQ
328130,831.29,,,,-831.04,,,,,-731.65,8362,11230,,건강관리기술,KOSDAQ
031330,37565.94,,,,1139.01,,,,1.0,8764.27,8420,8420,11.1,전자장비와기기,KOSDAQ
319660,4572.13,6845.6,8418.8,9453.6,884.94,1861.4,2337.8,2609.8,1.0,-2703.36,40843,141000,52.0,반도체와반도체장비,KOSDAQ
166090,2734.82,3776.0,4574.0,5344.0,500.81,990.6,1298.4,1640.0,1.0,716.46,11135,56300,29.02,반도체와반도체장비,KOSDAQ
195940,10631.51,10981.07,11711.27,12496.77,1108.77,1307.2,1480.47,1688.62,,3357.6,11091,39150,,제약,KOSDAQ
327260,640.84,1011.4,1499.6,1954.0,73.7,181.0,305.0,428.8,0.8314,-467.19,8185,45500,115.9,우주항공과국방,KOSDAQ
458870,481.71,1290.77,1724.15,2150.5,163.27,563.53,781.28,1000.83,1.0,-207.13,10583,27600,65.78,건강관리기술,KOSDAQ
056190,16309.5,16854.5,19691.0,21560.0,858.61,1172.0,1757.5,1990.0,0.9316,-1321.51,10019,27900,18.18,기계,KOSDAQ
161580,1034.41,,,,-348.92,,,,0.7447,279.09,7959,33950,,전자장비와기기,KOSDAQ
122870,5454.04,6354.72,5645.33,6062.93,713.42,781.56,708.56,833.13,0.8288,-2460.68,7981,42700,21.63,방송과엔터테인먼트,KOSDAQ
347850,42.98,,,,-339.93,,,,1.0,-371.64,19732,42900,,생물공학,KOSDAQ
425420,1117.42,1733.5,2189.0,2650.0,190.56,360.0,535.5,674.0,1.0,-568.41,7766,62900,42.89,반도체와반도체장비,KOSDAQ
251970,3719.61,4483.96,5104.11,5688.33,565.15,732.16,869.21,1005.33,0.7972,-1209.86,7700,62100,22.36,포장재,KOSDAQ
039200,998.39,750.0,680.0,1210.0,520.81,220.0,130.0,620.0,0.5492,-1928.59,13448,35150,25.69,제약,KOSDAQ
032190,180519.61,,,,15998.81,,,,0.2,-483882.0,7576,19780,3.46,증권,KOSDAQ
064290,897.65,1061.0,1788.4,2203.75,-37.35,75.0,477.4,646.75,0.9976,170.81,6906,53300,,반도체와반도체장비,KOSDAQ
090360,757.35,,,,-56.61,,,,1.0,-309.73,7449,76400,,기계,KOSDAQ
437730,950.42,,,,8.05,,,,1.0,-167.8,15981,50400,153.55,자동차부품,KOSDAQ
115180,69.83,,,,-297.64,,,,,110.43,8464,22550,,제약,KOSDAQ
053800,2676.57,,,,332.77,,,,1.0,-2977.41,8289,74500,15.27,소프트웨어,KOSDAQ
048410,35.17,,,,-181.61,,,,,-197.81,6572,6810,,화장품,KOSDAQ
232140,2726.3,3797.0,4655.6,5772.5,169.9,550.4,722.4,1025.25,0.61,-630.51,11248,13710,58.32,반도체와반도체장비,KOSDAQ
281740,1412.34,,,,132.71,,,,0.9853,1714.88,7250,11030,94.3,화학,KOSDAQ
388210,1605.56,2045.0,2831.2,3464.75,517.82,666.0,946.8,1208.25,0.9431,-378.41,8177,84700,,반도체와반도체장비,KOSDAQ
059090,9770.37,,,,1010.04,,,,0.3936,9044.79,7218,21600,24.47,반도체와반도체장비,KOSDAQ
004545,5082.01,,,,-226.38,,,,,3351.1,13,3480,,종이와목재,KOSPI
189300,3196.28,4018.5,4850.23,5842.75,119.54,367.63,567.1,907.25,1.0,1416.05,7216,67200,96.68,통신장비,KOSDAQ
225570,1793.17,,,,-602.4,,,,0.9999,-552.43,7192,10920,,게임엔터테인먼트,KOSDAQ
032500,975.19,1036.5,2703.0,5522.0,-237.66,-202.5,577.5,1897.0,1.0,156.42,7894,18710,,통신장비,KOSDAQ
078600,2546.13,4116.0,5463.0,7180.0,206.86,397.0,519.0,660.0,0.9886,2444.42,14385,91600,69.62,전자장비와기기,KOSDAQ
033790,2647.61,,,,88.47,,,,,-681.81,7074,8490,,전기제품,KOSDAQ
099320,2069.17,2449.33,3155.33,3624.0,101.8,183.33,354.33,407.0,0.729,-606.71,8794,80300,57.51,우주항공과국방,KOSDAQ
085660,12682.54,,,,-487.75,,,,,4524.05,7661,8240,,건강관리업체및서비스,KOSDAQ
456160,4.23,,,,-122.02,,,,,-1743.1,5679,34150,,제약,KOSDAQ
417200,1535.82,,,,-1.42,,,,0.9968,90.69,8768,12960,2015.63,전기제품,KOSDAQ
065350,9453.64,,,,276.9,,,,0.8971,3139.82,8534,31050,39.3,가정용기기와용품,KOSDAQ
491000,511.92,697.0,1639.0,2708.0,-226.42,-331.0,-65.0,364.0,1.0,-509.08,7501,29700,,건강관리장비와용품,KOSDAQ
121600,1117.45,1483.0,2219.0,3612.0,46.81,183.0,302.0,550.0,1.0,-655.77,6756,55100,413.21,화학,KOSDAQ
124500,88708.45,103309.0,104090.0,108560.0,2799.26,2926.5,3240.0,3400.0,0.2387,-865.01,6753,29100,14.48,IT서비스,KOSDAQ
093320,1592.44,,,,238.83,,,,0.8733,98.98,6671,136700,39.01,IT서비스,KOSDAQ
041960,524.65,,,,19.6,,,,0.8926,139.81,7350,9850,,제약,KOSDAQ
420770,524.35,1019.08,2118.48,1987.8,121.01,346.5,931.98,846.0,0.9995,-1146.44,15959,125900,103.28,반도체와반도체장비,KOSDAQ
036830,5566.47,,,,88.6,,,,0.9835,2251.22,8253,40250,1.69,전기제품,KOSDAQ
102710,6708.96,7460.0,8647.0,9739.0,780.77,969.67,1222.67,1477.0,0.9896,998.82,6494,45450,12.5,반도체와반도체장비,KOSDAQ
295310,665.32,1102.5,1655.0,2283.5,58.37,166.25,301.5,480.0,,-134.68,7220,58100,,비철금속,KOSDAQ
253450,5306.85,5848.75,6467.33,6947.33,303.59,474.25,589.75,686.11,1.0,110.4,6207,20650,60.15,방송과엔터테인먼트,KOSDAQ
323280,378.59,,,,-25.06,,,,1.0,196.6,14628,47900,,전자장비와기기,KOSDAQ
033640,5214.39,6132.0,7077.0,8040.0,237.61,586.0,934.0,1340.0,0.6984,2104.86,6157,26700,37.13,반도체와반도체장비,KOSDAQ
092870,660.27,1335.67,1982.0,2782.5,0.8,212.67,383.0,673.5,0.9999,-176.49,6016,46100,67.11,반도체와반도체장비,KOSDAQ
038500,6769.27,,,,765.83,,,,1.0,4112.72,7176,6650,17.58,건축자재,KOSDAQ
468530,29.51,,,,-113.68,,,,,-186.44,5897,53100,,생물공학,KOSDAQ
950160,51.59,60.0,60.0,1010.0,-223.23,-290.0,-450.0,-300.0,,-325.66,13884,16340,,생물공학,KOSDAQ
046890,10135.24,11334.0,11976.0,12510.0,-315.16,148.0,281.0,360.0,0.7649,796.21,5848,10030,,디스플레이장비및부품,KOSDAQ
033100,2240.17,,,,670.27,,,,,-1533.75,7589,47250,,전기장비,KOSDAQ
253590,639.37,1257.95,1678.85,2300.0,40.55,279.4,389.4,536.0,1.0,-362.79,5764,13140,107.9,반도체와반도체장비,KOSDAQ
466100,414.06,,,,-31.81,,,,,-372.16,6996,22600,,기계,KOSDAQ
122640,870.56,1435.0,2431.0,3222.0,37.93,254.0,656.0,1004.0,0.9913,430.58,6777,31300,,반도체와반도체장비,KOSDAQ
074600,9436.41,10971.0,12512.0,14229.0,596.1,1166.33,1503.67,1701.67,0.9458,7630.57,7440,28300,33.07,반도체와반도체장비,KOSDAQ
358570,58.38,,,,-406.55,,,,,-373.18,5574,8640,,생물공학,KOSDAQ
044490,3496.54,3900.67,4424.5,4966.5,50.22,272.0,399.0,494.5,,457.06,7373,36850,,에너지장비및서비스,KOSDAQ
045100,11181.81,,,,537.11,,,,1.0,-1968.87,5495,31400,13.16,반도체와반도체장비,KOSDAQ
053610,2305.43,2798.5,3125.5,3410.5,463.07,751.0,839.5,933.0,1.0,-1301.82,6570,73000,13.79,반도체와반도체장비,KOSDAQ
036810,2802.63,3363.0,3915.0,4307.0,-5.47,277.0,427.0,586.0,0.971,2291.71,6527,30150,,반도체와반도체장비,KOSDAQ
144960,5779.9,7059.33,8068.0,9158.0,286.69,691.67,819.67,921.0,0.8596,1686.62,5405,12370,63.42,반도체와반도체장비,KOSDAQ
079940,3356.81,,,,404.86,,,,0.5075,858.45,5388,40150,34.11,IT서비스,KOSDAQ
399720,685.1,,,,-167.21,,,,1.0,-376.14,5342,45050,,반도체와반도체장비,KOSDAQ
213420,3443.1,4497.0,5307.75,5898.0,607.42,943.25,1091.0,1274.25,0.9325,-308.98,7213,29050,13.56,디스플레이장비및부품,KOSDAQ
080580,943.74,1477.0,2374.0,3645.0,110.86,300.0,559.0,867.0,0.9938,178.21,5283,25050,68.22,반도체와반도체장비,KOSDAQ
475830,0.24,,,,-517.59,,,,1.0,-1557.02,5275,24250,,제약,KOSDAQ
222080,4071.81,,,,335.1,,,,1.0,-2279.32,5919,7610,20.6,전기제품,KOSDAQ
476060,533.92,1112.0,1533.0,1973.0,126.19,258.0,483.0,733.0,,-623.45,7174,15800,,제약,KOSDAQ
219130,806.79,1337.0,1790.0,2535.0,72.19,287.0,466.0,704.0,,-151.58,5235,82900,,반도체와반도체장비,KOSDAQ
009520,3574.32,,,,10.34,,,,,-390.98,5176,12430,,철강,KOSDAQ
037460,42910.97,,,,1624.48,,,,0.6393,8288.76,5091,31200,6.73,통신장비,KOSDAQ
476830,79.2,,,,-145.97,,,,,-342.25,7042,25100,,생물공학,KOSDAQ
137400,7448.89,7600.0,9520.0,10770.0,956.48,750.0,1180.0,1400.0,0.9003,2517.07,6930,29250,9.32,전기제품,KOSDAQ
089890,823.79,1790.0,2500.0,,173.92,390.0,650.0,,1.0,-264.81,5009,30200,37.94,반도체와반도체장비,KOSDAQ
052400,3091.64,3478.75,4068.33,4613.67,888.99,1098.0,1310.0,1529.33,1.0,-2478.78,5578,38300,7.48,IT서비스,KOSDAQ
035760,51345.11,52435.5,56131.75,57883.13,1328.88,1324.42,2114.58,2544.25,1.0,18985.16,8487,38700,28.77,방송과엔터테인먼트,KOSDAQ
211050,10217.69,,,,948.44,,,,1.0,106.39,4921,9990,6.81,손해보험,KOSDAQ
090710,1683.05,,,,-173.22,,,,,-77.4,7365,6160,,기계,KOSDAQ
041830,2339.48,2871.67,3396.83,3946.4,367.53,576.17,710.67,855.8,1.0,-1370.02,7253,53800,23.68,건강관리장비와용품,KOSDAQ
060250,12348.83,15164.25,17078.75,18808.75,546.88,604.0,720.25,809.0,0.9954,-3073.46,5430,13520,11.98,IT서비스,KOSDAQ
033500,7421.86,8223.0,8962.0,9606.0,725.59,1133.5,1332.0,1565.0,1.0,-499.7,4798,16000,8.59,화학,KOSDAQ
099190,3154.45,3384.0,3831.0,4294.0,78.87,142.5,238.0,325.0,1.0,988.15,4717,15950,,건강관리장비와용품,KOSDAQ
356680,481.36,,,,37.53,,,,,-64.63,5318,18630,,소프트웨어,KOSDAQ
034950,1097.81,,,,343.4,,,,0.8587,-954.91,4699,103500,18.63,상업서비스와공급품,KOSDAQ
125490,1558.82,2045.0,2505.0,2650.0,102.93,142.67,215.0,245.0,0.9981,797.46,4256,11660,116.35,자동차부품,KOSDAQ
112040,6140.4,,,,106.78,,,,1.0,-1325.67,5235,15420,,게임엔터테인먼트,KOSDAQ
052020,69.84,,,,-234.73,,,,,-490.76,5235,7700,,판매업체,KOSDAQ
023160,2969.66,3285.0,4299.5,4477.0,387.35,452.5,890.5,766.0,0.9927,-2775.83,7152,27650,11.2,기계,KOSDAQ
460930,2482.04,,,,287.64,,,,1.0,-50.57,4627,13030,21.62,조선,KOSDAQ
077360,2364.05,3528.2,4369.8,5118.33,28.13,337.2,569.6,775.67,0.9835,2422.87,5770,12700,,반도체와반도체장비,KOSDAQ
050890,2948.3,3352.0,3798.0,4436.0,332.83,361.0,454.0,634.0,1.0,57.03,5766,9490,15.83,통신장비,KOSDAQ
365340,1946.29,3290.0,4191.5,4837.5,-545.34,189.0,270.5,357.0,0.8914,4102.47,4555,35250,,전기제품,KOSDAQ
056080,281.89,,,,-50.33,,,,,-197.8,4546,11890,,기계,KOSDAQ
042000,3147.64,,,,402.27,,,,1.0,-1719.73,4509,18650,11.54,IT서비스,KOSDAQ
348370,3127.94,,,,-783.87,,,,,2450.6,4503,20550,,전기제품,KOSDAQ
086900,2472.9,2717.0,3006.67,3323.0,170.04,294.0,386.33,522.0,1.0,766.53,4956,67900,29.87,생물공학,KOSDAQ
340570,1641.58,1921.67,2239.0,2594.0,463.51,719.33,837.0,1015.0,0.9838,-1021.16,4500,28000,11.82,건강관리장비와용품,KOSDAQ
013030,2145.66,,,,589.11,,,,0.9905,-2230.76,4472,38000,8.89,기계,KOSDAQ
490470,1209.52,2168.0,3064.0,4348.0,-533.94,-35.0,358.0,690.0,1.0,-924.55,5478,16100,,반도체와반도체장비,KOSDAQ
104830,3224.67,3841.67,4647.0,5590.0,564.98,679.0,931.0,1269.5,1.0,92.96,4425,35100,9.09,화학,KOSDAQ
187660,92.73,,,,-73.76,,,,,49.44,4375,6840,,제약,KOSDAQ
278280,1338.5,2016.33,2600.67,3187.0,37.11,-90.67,208.33,336.33,0.9386,2124.06,4374,35700,,전기제품,KOSDAQ
024850,322.64,390.0,440.0,530.0,-375.51,-370.0,-330.0,-320.0,,-153.62,6249,19680,,반도체와반도체장비,KOSDAQ
336570,1568.38,1888.5,2182.0,2615.0,516.85,477.5,559.0,675.0,1.0,-858.24,4366,4890,12.4,건강관리장비와용품,KOSDAQ
171090,5157.61,4188.0,6168.0,6759.5,1115.26,951.5,1484.5,1676.0,1.0,-858.36,7211,71200,7.47,디스플레이장비및부품,KOSDAQ
067160,4665.7,4468.25,4582.5,4907.33,1248.4,908.25,964.5,1093.0,0.9795,-4802.39,4253,37000,4.18,양방향미디어와서비스,KOSDAQ
368770,434.72,589.0,,,101.17,159.0,,,0.9864,-49.81,4251,12940,45.67,전자장비와기기,KOSDAQ
126340,822.29,1388.5,2309.5,,17.74,47.0,286.0,,1.0,1115.56,5967,83100,,전기장비,KOSDAQ
027360,507.49,,,,118.86,,,,1.0,,4640,3830,55.78,창업투자,KOSDAQ
030520,3267.45,3855.0,4171.6,4409.4,363.97,492.8,580.6,631.6,1.0,-1085.14,4207,17400,12.24,소프트웨어,KOSDAQ
397030,21.72,80.0,310.0,260.0,-72.64,-50.0,170.0,110.0,,-801.97,5134,18630,,제약,KOSDAQ
272290,4396.34,4585.0,6222.0,8293.0,819.21,519.0,728.0,1086.0,1.0,1004.0,4197,21050,7.23,디스플레이장비및부품,KOSDAQ
078340,6964.24,7303.67,7938.56,8314.0,26.34,500.78,771.33,876.5,1.0,516.61,4510,37300,12.36,게임엔터테인먼트,KOSDAQ
170920,3103.85,4585.5,6687.5,8598.0,296.29,733.5,1174.0,1545.0,0.489,-460.06,4152,39300,86.25,반도체와반도체장비,KOSDAQ
101160,2917.65,,,,585.44,,,,1.0,-1961.41,4970,30100,12.13,반도체와반도체장비,KOSDAQ
067630,457.52,,,,-220.27,,,,0.9889,1490.9,4151,3405,,건강관리장비와용품,KOSDAQ
025980,2580.71,,,,83.16,,,,0.4757,5657.45,4865,5000,,"호텔,레스토랑,레저",KOSDAQ
018290,4371.84,5230.0,6100.0,6850.0,828.69,600.0,880.0,1060.0,0.9681,-680.69,4067,11640,6.67,화장품,KOSDAQ
214430,1242.76,1426.5,1745.0,1974.0,164.58,195.5,250.0,309.5,,-514.69,4823,66000,,우주항공과국방,KOSDAQ
376300,838.35,958.0,1036.73,1100.0,313.92,384.82,439.27,492.56,1.0,-1522.22,4050,17060,21.74,양방향미디어와서비스,KOSDAQ
383310,1410.57,2057.0,3060.0,3519.0,117.1,336.0,627.0,792.0,1.0,-373.1,4740,22600,35.85,상업서비스와공급품,KOSDAQ
348340,189.54,,,,-148.57,,,,,356.17,4729,20200,,기계,KOSDAQ
332570,1254.77,3178.0,4484.0,5593.0,39.09,308.0,473.0,631.0,0.9952,-511.43,3955,8610,22.95,핸드셋,KOSDAQ
033160,14038.23,20114.0,29352.5,36760.0,141.86,1152.5,1839.0,2095.0,0.2,11783.65,3938,16030,296.09,반도체와반도체장비,KOSDAQ
236200,1373.02,1577.0,1779.0,2069.0,327.45,395.0,452.0,535.0,1.0,-1306.12,3885,55700,12.0,전자장비와기기,KOSDAQ
174900,47.14,,,,-176.36,,,,,-289.37,3873,19410,,생물공학,KOSDAQ
015750,43826.7,,,,2426.83,,,,0.949,12602.2,4672,5840,2.77,자동차부품,KOSDAQ
095660,4327.26,4171.17,4726.67,5249.0,599.8,337.83,483.17,629.2,1.0,-2864.96,3860,17840,7.72,게임엔터테인먼트,KOSDAQ
089010,6374.86,7820.0,8610.0,9320.0,232.01,440.0,590.0,840.0,0.9886,3817.36,4209,25100,41.05,전자장비와기기,KOSDAQ
082270,815.31,,,,37.93,,,,,406.8,4639,10200,,반도체와반도체장비,KOSDAQ
041190,1628.67,,,,1380.76,,,,1.0,,4620,5790,4.18,창업투자,KOSDAQ
215200,8849.45,8989.5,9177.0,9369.5,1210.2,1197.0,1230.5,1261.0,0.9548,-15.02,3825,36900,4.49,교육서비스,KOSDAQ
114810,1988.3,2333.0,2786.0,,333.17,427.0,613.0,,0.9727,-39.84,4165,14800,14.65,반도체와반도체장비,KOSDAQ
078020,22953.4,,,,222.21,,,,1.0,,3706,6680,16.15,증권,KOSDAQ
439960,88.63,,,,-81.51,,,,,-162.25,3696,11390,,기계,KOSDAQ
094170,1276.31,1280.0,1401.0,1509.0,24.19,15.0,96.0,111.0,,-571.58,5646,27000,,반도체와반도체장비,KOSDAQ
441270,2391.21,4318.43,6391.67,7863.5,19.35,297.0,553.33,697.0,0.9668,1569.58,3667,8670,,핸드셋,KOSDAQ
078350,6510.51,,,,238.71,,,,1.0,-191.32,4116,27000,27.48,반도체와반도체장비,KOSDAQ
092730,1321.84,,,,287.75,,,,1.0,-1398.24,3646,22750,13.1,화장품,KOSDAQ
018000,402.68,,,,-95.33,,,,,1036.33,3599,1233,,에너지장비및서비스,KOSDAQ
290550,4257.76,5347.0,7352.0,,215.74,339.0,578.4,,1.0,167.24,4420,22100,19.07,핸드셋,KOSDAQ
386380,79.36,,,,-147.25,,,,,-74.39,4006,21350,,건강관리기술,KOSDAQ
069080,1744.37,1566.67,1727.33,1857.0,297.28,225.33,256.0,258.67,1.0,-614.08,3592,11600,14.95,게임엔터테인먼트,KOSDAQ
006910,1474.86,,,,268.06,,,,,-533.29,3562,7250,,전기장비,KOSDAQ
052710,2537.65,2705.5,3345.0,4450.0,55.05,92.5,313.5,520.0,1.0,1026.78,3549,19000,44.81,핸드셋,KOSDAQ
019210,6393.83,8890.0,,,665.28,1910.0,,,0.9983,6598.94,4709,12660,18.62,기계,KOSDAQ
348210,669.14,826.67,1187.0,1503.0,-11.61,66.67,281.33,455.33,0.9898,603.27,3510,33500,,반도체와반도체장비,KOSDAQ
025320,2615.38,,,,67.59,,,,1.0,17.75,3486,3780,47.27,핸드셋,KOSDAQ
036800,10946.84,13796.0,16634.0,18254.67,552.93,758.67,968.67,1076.67,0.9629,-2043.91,3485,7660,8.13,상업서비스와공급품,KOSDAQ
159010,679.24,,,,-70.15,,,,1.0,414.75,3834,28750,,기계,KOSDAQ
025900,8295.62,9449.0,10762.0,12040.0,-137.95,-11.0,85.0,380.0,0.963,10010.7,3468,6860,,건축자재,KOSDAQ
393890,1108.13,,,,-1276.43,,,,1.0,8853.52,3415,10090,,전기제품,KOSDAQ
376900,262.47,535.0,,,4.53,-74.0,,,0.9984,-133.9,5050,28950,,건강관리장비와용품,KOSDAQ
079370,3833.08,,,,-44.65,,,,0.9712,-12.47,3818,12310,,반도체와반도체장비,KOSDAQ
200470,1109.99,,,,52.67,,,,,864.87,3374,7700,,반도체와반도체장비,KOSDAQ
138080,573.77,791.67,1150.33,1731.67,-159.99,8.67,159.0,408.67,1.0,99.16,3373,27250,,통신장비,KOSDAQ
241770,946.14,,,,153.6,,,,1.0,-553.22,4118,40400,32.65,반도체와반도체장비,KOSDAQ
046970,424.75,,,,-6.77,,,,,-72.58,3331,7600,,컴퓨터와주변기기,KOSDAQ
069540,317.7,,,,-165.31,,,,,-57.55,4502,3995,,통신장비,KOSDAQ
424870,1.11,,,,-280.05,,,,,-931.28,3313,3625,,제약,KOSDAQ
477850,114.59,232.0,434.0,,-80.41,-5.0,128.0,,1.0,-438.61,4021,22650,,소프트웨어,KOSDAQ
372320,,,,,-362.9,,,,,-223.46,3266,21450,,생물공학,KOSDAQ
078160,736.57,,,,-679.84,,,,1.0,-333.15,3599,9180,,생물공학,KOSDAQ
0010S0,648.48,,,,63.37,,,,1.0,-351.37,3251,32450,34.64,가정용품,KOSDAQ
078130,677.85,,,,-4.95,,,,,-178.57,3901,3460,,종이와목재,KOSDAQ
017890,4238.83,,,,318.17,,,,0.8102,-577.62,3233,15640,10.55,화학,KOSDAQ
035890,11001.3,9170.0,11230.0,12690.0,1443.89,990.0,1450.0,1690.0,1.0,-4931.72,4650,2240,3.82,건설,KOSDAQ
039440,3280.59,,,,197.19,,,,1.0,-696.61,3218,20750,20.87,반도체와반도체장비,KOSDAQ
101730,1488.4,,,,-487.45,,,,1.0,-732.87,3834,4575,,게임엔터테인먼트,KOSDAQ
117730,438.13,,,,-119.08,,,,,-45.76,3205,14210,,기계,KOSDAQ
448900,369.31,,,,14.56,,,,1.0,105.08,3183,52400,,자동차부품,KOSDAQ
417840,482.89,1193.3,1555.14,,46.35,355.61,516.47,,1.0,138.93,3825,16670,110.23,반도체와반도체장비,KOSDAQ
456010,40.2,65.0,169.0,213.0,-88.64,-73.0,2.0,26.0,1.0,-442.16,3821,26350,,통신장비,KOSDAQ
047920,2055.82,,,,10.64,,,,1.0,8.93,3155,9620,69.01,제약,KOSDAQ
330860,1140.9,1333.33,1547.0,1695.0,47.56,267.33,441.5,588.5,,301.79,3375,27700,,반도체와반도체장비,KOSDAQ
488900,367.91,,,,-73.64,,,,,-79.3,3121,10770,,우주항공과국방,KOSDAQ
107640,1752.65,2293.0,3820.0,5000.0,40.26,-24.0,191.0,450.0,0.5584,1049.81,3685,40650,90.43,전기장비,KOSDAQ
061970,4797.82,,,,-398.0,,,,,2441.72,3087,4405,,반도체와반도체장비,KOSDAQ
003800,3172.67,,,,540.91,,,,1.0,-1872.33,3610,32550,6.45,가구,KOSDAQ
234340,1874.36,2222.67,2506.5,2807.5,155.78,260.0,303.5,367.5,1.0,-2716.88,3081,22050,33.23,IT서비스,KOSDAQ
121440,3543.19,,,,280.26,,,,0.9982,1637.33,3286,7670,13.68,레저용장비와제품,KOSDAQ
036620,2501.95,2930.5,3446.5,3923.5,446.31,542.0,671.5,796.5,,-119.75,3284,3655,,"섬유,의류,신발,호화품",KOSDAQ
218410,1858.04,2624.25,3514.33,3806.0,308.89,550.5,797.67,899.5,0.9056,-1392.21,14989,56400,52.3,통신장비,KOSDAQ
071200,1023.92,,,,142.17,,,,0.987,-2124.79,2962,12140,11.22,건강관리기술,KOSDAQ
199800,13.06,,,,-232.94,,,,1.0,-188.9,3244,36050,,생물공학,KOSDAQ
486990,131.01,,,,-152.79,,,,,-102.29,4353,20350,,IT서비스,KOSDAQ
389470,29.39,,,,-283.81,,,,,-809.46,3234,24300,,제약,KOSDAQ
042370,4322.87,,,,557.21,,,,0.2,-1751.18,2908,11100,43.95,전기제품,KOSDAQ
203650,3188.51,,,,224.85,,,,1.0,3352.24,2904,2855,35.07,상업서비스와공급품,KOSDAQ
204620,1540.57,1921.0,2094.0,,289.85,350.0,407.0,,0.9786,-1474.55,4224,6010,12.17,기타금융,KOSDAQ
425040,2797.08,,,,248.38,,,,0.9014,485.91,2883,13150,18.07,반도체와반도체장비,KOSDAQ
452430,173.12,317.33,727.67,2178.0,-45.65,12.33,133.67,459.0,,51.07,3207,38850,,반도체와반도체장비,KOSDAQ
265520,4601.45,,,,333.28,,,,1.0,-929.12,2872,19080,12.07,디스플레이장비및부품,KOSDAQ
049070,5907.82,,,,-113.04,,,,1.0,-2764.2,2851,18110,17.59,핸드셋,KOSDAQ
475960,113.07,200.0,346.0,660.0,-55.69,-22.0,18.0,195.0,1.0,-274.52,4164,30900,,생명과학도구및서비스,KOSDAQ
092460,1334.77,,,,222.72,,,,1.0,236.14,2847,16640,11.17,조선,KOSDAQ
472850,4855.69,5870.0,6664.0,7337.0,573.77,780.5,1014.0,1222.0,0.7573,997.87,2844,4940,8.24,"섬유,의류,신발,호화품",KOSDAQ
091580,2500.84,3432.0,3980.0,4760.0,86.55,260.0,331.0,440.0,1.0,696.31,2839,21300,141.1,전기제품,KOSDAQ
093520,2272.42,2851.0,2851.0,3126.0,290.95,423.0,423.0,471.0,0.9974,-494.09,3356,28200,14.56,반도체와반도체장비,KOSDAQ
160980,1644.05,2320.0,2780.0,3150.0,233.46,359.0,457.0,536.0,1.0,-1026.16,2824,25850,18.9,반도체와반도체장비,KOSDAQ
228760,37.6,,,,-112.98,,,,,-791.37,2814,11320,,건강관리장비와용품,KOSDAQ
012210,737.97,817.0,,,58.12,80.0,,,,474.4,2803,12160,,기계,KOSDAQ
352480,2884.78,,,,221.71,,,,1.0,-1133.85,2978,21850,20.84,화장품,KOSDAQ
099440,1535.9,2179.0,2554.0,2843.0,-168.1,234.0,299.0,328.0,1.0,1565.61,2795,4095,,기계,KOSDAQ
484590,1546.07,1583.0,1764.0,1880.0,266.31,288.0,331.0,360.0,,239.31,2955,7170,,우주항공과국방,KOSDAQ
035810,33889.04,,,,1513.5,,,,0.3865,7901.78,2935,4550,10.97,식품,KOSDAQ
084110,8474.53,,,,905.52,,,,0.3525,1112.43,2766,21850,9.59,제약,KOSDAQ
200670,1700.53,1960.0,2203.0,2523.0,423.29,454.5,503.0,566.0,,-458.47,2763,24600,,제약,KOSDAQ
455900,46.41,,,,-102.76,,,,,-236.9,3209,20850,,건강관리장비와용품,KOSDAQ
317330,1120.79,,,,-430.26,,,,,2533.72,2684,13110,,반도체와반도체장비,KOSDAQ
025770,8363.3,,,,452.28,,,,1.0,-1749.25,2887,7710,7.89,IT서비스,KOSDAQ
309710,619.67,,,,-18.51,,,,1.0,685.73,2684,21000,,제약,KOSDAQ
182400,78.63,,,,-25.32,,,,,28.52,2655,3670,,생명과학도구및서비스,KOSDAQ
060280,745.32,807.0,,,23.62,31.0,,,1.0,-245.41,3412,8270,123.13,건강관리장비와용품,KOSDAQ
110990,1079.1,,,,230.62,,,,1.0,-1948.76,3170,16770,10.44,반도체와반도체장비,KOSDAQ
493280,116.19,,,,2.98,,,,,-1227.12,2644,17810,,제약,KOSDAQ
094360,284.67,311.0,354.5,362.0,69.64,70.0,93.0,96.0,0.9941,-408.23,2633,12330,44.45,반도체와반도체장비,KOSDAQ
098070,1719.03,1985.0,2340.0,,381.82,385.0,400.0,,1.0,-613.88,2630,23650,8.55,에너지장비및서비스,KOSDAQ
206650,1491.95,,,,606.63,,,,,-627.03,3106,8450,,생물공학,KOSDAQ
036890,4638.2,5645.5,5880.0,6145.0,479.43,474.5,525.0,590.0,1.0,-88.33,2628,11930,8.05,기계,KOSDAQ
054950,1731.29,1883.67,2057.0,2213.0,332.76,390.0,413.0,453.0,0.9836,-1145.75,2817,23300,9.94,건강관리장비와용품,KOSDAQ
151860,75771.97,,,,1912.56,,,,0.4486,11552.93,2609,5480,3.17,자동차,KOSDAQ
482630,1253.86,1616.33,1944.0,2195.67,176.32,248.33,337.33,401.33,,-93.84,2986,13640,,반도체와반도체장비,KOSDAQ
216080,769.03,861.0,,,38.19,76.0,,,1.0,961.77,2606,6990,,건강관리장비와용품,KOSDAQ
378340,331.94,,,,-221.74,,,,1.0,156.59,2602,12020,,전기제품,KOSDAQ
200710,1645.12,2378.0,3052.0,3492.0,28.53,95.0,307.0,349.0,0.9879,101.24,3561,26450,98.72,반도체와반도체장비,KOSDAQ
446540,432.4,,,,-41.75,,,,,-242.2,2922,10050,,전자장비와기기,KOSDAQ
287840,22.99,,,,-103.0,,,,,-134.21,2593,17260,,제약,KOSDAQ
060720,4249.04,3810.0,4284.0,4857.5,317.52,231.0,309.5,370.5,0.9975,420.75,2588,10930,12.69,핸드셋,KOSDAQ
024840,7585.67,,,,243.45,,,,0.4939,1232.2,2582,5940,,전기장비,KOSDAQ
101930,1079.58,,,,155.34,,,,1.0,-962.79,2888,6320,11.3,조선,KOSDAQ
267980,18435.39,,,,600.29,,,,0.9978,-832.68,2567,33500,4.57,식품,KOSDAQ
068930,2538.22,2811.0,3105.0,3354.0,315.59,445.67,497.5,541.5,0.8597,300.48,2671,9650,12.77,교육서비스,KOSDAQ
0011T0,1017.39,1220.0,,,-296.34,-175.0,,,,-168.04,2559,5450,,전기제품,KOSDAQ
294570,694.6,715.0,745.0,774.0,188.6,200.0,211.0,221.0,,-1631.35,2649,26250,,IT서비스,KOSDAQ
042520,897.8,1399.0,1731.0,1961.0,-258.91,155.0,274.0,349.0,1.0,225.21,2558,17940,,건강관리장비와용품,KOSDAQ
091700,13495.28,15058.5,15585.0,16320.0,447.48,395.5,441.0,490.0,0.9539,-135.21,2640,5280,7.83,핸드셋,KOSDAQ
377460,916.49,,,,-19.14,,,,,799.0,2532,4080,,상업서비스와공급품,KOSDAQ
064260,2253.77,,,,23.12,,,,1.0,1643.99,3362,4445,,IT서비스,KOSDAQ
461300,1959.11,,,,617.63,,,,,-1262.84,2520,18900,,교육서비스,KOSDAQ
043150,4264.16,4553.0,4905.67,5332.33,547.79,615.33,680.33,803.33,1.0,-1091.28,2619,17630,6.53,건강관리장비와용품,KOSDAQ
354320,1878.25,,,,62.21,,,,,938.26,2505,39200,,자동차부품,KOSDAQ
098120,1003.14,,,,177.45,,,,0.9951,-232.19,4805,57800,28.46,반도체와반도체장비,KOSDAQ
023410,13326.88,,,,323.74,,,,0.9486,4134.07,2497,3230,,건축자재,KOSDAQ
389650,164.77,209.0,307.5,430.5,-7.2,-76.5,-24.0,48.0,,-280.38,2603,31450,,건강관리장비와용품,KOSDAQ
115450,695.61,,,,-35.34,,,,,273.38,2443,2580,,제약,KOSDAQ
051500,34810.82,37149.43,40074.57,43109.75,1016.53,1006.14,1145.71,1244.25,1.0,4811.48,2594,21850,5.18,식품과기본식료품소매,KOSDAQ
073490,1861.01,2354.33,3037.33,4285.5,-11.2,190.67,367.33,629.5,1.0,-330.02,2422,31850,,통신장비,KOSDAQ
035600,13588.85,14805.0,16009.0,17115.0,985.58,1028.5,1226.5,1342.0,0.8673,2750.86,2733,9920,5.71,IT서비스,KOSDAQ
065680,1864.2,,,,218.1,,,,1.0,-1297.61,2421,26200,11.22,핸드셋,KOSDAQ
092190,7638.09,,,,2.26,,,,0.3929,2229.08,3486,7600,,디스플레이장비및부품,KOSDAQ
108860,1147.81,,,,14.82,,,,,-934.51,2398,8910,,건강관리장비와용품,KOSDAQ
121800,101.5,,,,-72.17,,,,1.0,-589.83,2563,3320,29.25,디스플레이패널,KOSDAQ
376270,129.79,456.3,865.9,,-155.83,-17.7,163.7,,1.0,99.47,2390,33100,,건강관리업체및서비스,KOSDAQ
215600,92.25,,,,-255.88,,,,,-659.39,3180,2295,,제약,KOSDAQ
254490,6355.82,,,,190.76,,,,,804.44,2384,16510,,반도체와반도체장비,KOSDAQ
089980,1959.88,2258.0,2859.0,3707.0,67.12,112.0,177.0,246.0,1.0,670.6,2539,15880,37.59,전자장비와기기,KOSDAQ
011560,7157.93,9801.0,9830.0,9665.0,403.68,559.0,580.0,590.0,1.0,-783.29,2350,23300,6.61,건설,KOSDAQ
900290,9592.56,,,,1373.16,,,,0.7613,5324.61,3116,3360,4.25,화학,KOSDAQ
0161M0,106.49,,,,-26.76,,,,,-101.42,2516,20600,,소프트웨어,KOSDAQ
100120,2393.35,2515.5,2623.5,2721.0,214.2,382.5,425.5,453.5,1.0,109.99,2346,26150,10.68,건강관리장비와용품,KOSDAQ
065710,1166.26,,,,253.26,,,,1.0,-615.93,2325,45150,11.21,운송인프라,KOSDAQ
168360,698.62,1019.0,1257.0,1425.0,31.84,203.0,336.0,426.0,1.0,62.46,3045,13600,,전자장비와기기,KOSDAQ
032580,536.16,,,,-20.66,,,,,-41.06,2323,7010,,반도체와반도체장비,KOSDAQ
439090,1130.16,,,,104.55,,,,1.0,-986.58,2477,15110,27.14,화장품,KOSDAQ
064850,354.02,586.0,692.0,780.0,106.63,293.0,364.0,414.0,1.0,-140.68,2299,20150,23.26,IT서비스,KOSDAQ
389500,71.99,121.5,205.5,306.5,-68.63,-61.0,-27.5,12.0,,50.51,2789,41850,,기계,KOSDAQ
462350,27.46,,,,-722.46,,,,,-633.93,2297,6780,,우주항공과국방,KOSDAQ
377450,615.72,,,,189.41,,,,,-1910.99,2593,14960,,상업서비스와공급품,KOSDAQ
243070,6207.68,,,,456.0,,,,1.0,1011.81,2288,19100,5.36,제약,KOSDAQ
036030,3958.86,,,,441.62,,,,,-1470.36,2414,4925,,인터넷과카탈로그소매,KOSDAQ
394800,117.09,,,,-58.89,,,,,-90.76,2288,7190,,건강관리기술,KOSDAQ
036200,2733.3,3462.0,4030.0,4379.0,109.02,280.0,422.0,502.0,1.0,-541.46,2852,9300,31.76,반도체와반도체장비,KOSDAQ
023760,5384.09,,,,1279.22,,,,1.0,,2269,1438,2.26,기타금융,KOSDAQ
394280,160.59,,,,-289.07,,,,,-171.92,2561,9720,,반도체와반도체장비,KOSDAQ
200130,5748.85,,,,266.46,,,,1.0,217.31,2259,7850,,건강관리업체및서비스,KOSDAQ
304360,165.48,,,,-83.44,,,,,-284.69,2534,20300,,생물공학,KOSDAQ
064550,3301.11,,,,152.25,,,,,202.99,2227,8630,,생물공학,KOSDAQ
136480,14399.95,,,,476.81,,,,0.9948,3152.97,2841,2675,7.37,식품,KOSDAQ
481070,600.09,,,,100.81,,,,0.966,-266.65,2207,15400,26.08,"섬유,의류,신발,호화품",KOSDAQ
256840,958.99,,,,16.3,,,,1.0,-675.12,2343,3425,82.59,건강관리장비와용품,KOSDAQ
237880,3289.03,3440.0,3580.0,3690.0,164.36,279.0,350.0,360.0,0.9997,-1549.61,2194,12140,16.18,화장품,KOSDAQ
067390,2543.86,,,,73.59,,,,,1473.67,2611,6200,,우주항공과국방,KOSDAQ
298830,939.38,,,,126.0,,,,0.8911,-184.86,2189,4095,25.5,소프트웨어,KOSDAQ
272110,844.45,1530.0,,,222.43,320.0,,,1.0,823.8,2311,28800,9.04,반도체와반도체장비,KOSDAQ
0001A0,1431.95,,,,66.8,,,,1.0,27.52,2165,8500,47.94,석유와가스,KOSDAQ
448280,309.16,509.0,,,9.53,80.0,,,1.0,-2.78,2773,9360,155.35,상업서비스와공급품,KOSDAQ
005710,10589.26,,,,707.54,,,,1.0,-4449.34,2160,10780,2.81,자동차부품,KOSDAQ
180400,293.57,,,,-243.17,,,,,-352.15,2293,2330,,건강관리업체및서비스,KOSDAQ
045390,1531.89,,,,75.59,,,,1.0,-7.48,2156,3060,10.54,도로와철도운송,KOSDAQ
086390,1101.95,1922.3,3090.55,4002.0,-210.89,218.7,459.8,660.0,0.8805,199.93,2728,12910,,반도체와반도체장비,KOSDAQ
067080,1430.6,,,,31.62,,,,0.7099,944.03,2148,11540,129.87,제약,KOSDAQ
416180,1169.13,3000.0,,,22.71,120.0,,,1.0,1016.01,2287,25300,412.82,전기제품,KOSDAQ
307180,1028.64,,,,-85.02,,,,0.4805,721.41,2130,5770,,디스플레이장비및부품,KOSDAQ
389260,1309.71,1665.0,1843.0,,167.99,339.0,362.0,,1.0,466.29,2392,13350,16.91,에너지장비및서비스,KOSDAQ
243840,4082.34,5188.0,6200.5,6873.5,59.27,201.0,323.5,394.0,1.0,3439.15,2125,5510,,전기제품,KOSDAQ
085910,686.77,974.9,1568.5,2330.0,77.8,180.73,330.5,540.0,0.8018,30.53,2250,16310,52.99,자동차부품,KOSDAQ
462860,599.71,,,,136.28,,,,1.0,-1704.73,2110,2940,19.15,IT서비스,KOSDAQ
064820,5797.74,,,,499.64,,,,0.9248,-7235.45,2361,7650,3.97,증권,KOSDAQ
125020,2991.19,4799.0,6328.0,,67.99,213.0,367.0,,,202.62,2102,6000,,전기장비,KOSDAQ
241520,451.38,,,,223.39,,,,0.9716,,2202,8280,12.75,창업투자,KOSDAQ
380540,215.12,,,,-59.27,,,,,163.48,2067,8450,,통신장비,KOSDAQ
445090,728.5,1819.0,2016.0,3954.0,-275.78,50.0,92.0,207.0,1.0,225.09,2327,21300,,반도체와반도체장비,KOSDAQ
099430,908.96,,,,150.05,,,,0.7502,363.08,2065,3350,13.77,건강관리장비와용품,KOSDAQ
0008Z0,1444.25,1610.0,1900.0,2090.0,177.39,220.0,280.0,310.0,1.0,-711.01,2185,23150,12.11,조선,KOSDAQ
053030,1684.75,1705.0,2144.0,2584.0,-45.35,-71.0,131.0,249.0,0.9787,863.02,2049,6270,,제약,KOSDAQ
019010,482.43,,,,150.45,,,,0.9269,-3529.87,2302,4775,2.46,"호텔,레스토랑,레저",KOSDAQ
950170,3086.21,3017.33,,,475.52,59.16,,,1.0,769.35,2048,4200,2.65,백화점과일반상점,KOSDAQ
450950,379.44,476.0,734.0,913.0,103.92,44.5,193.0,268.5,1.0,-155.06,2160,5740,23.45,건강관리장비와용품,KOSDAQ
053300,1384.66,,,,270.61,,,,0.9319,-723.45,2042,5160,7.8,IT서비스,KOSDAQ
215000,4832.61,4361.0,4662.0,5074.0,680.71,380.0,518.0,590.0,1.0,-972.27,2291,36500,8.94,"호텔,레스토랑,레저",KOSDAQ
353810,4769.39,,,,449.9,,,,0.949,1283.84,2041,6170,7.35,식품,KOSDAQ
365270,0.07,39.0,,,-165.03,-136.0,,,,-117.83,2149,9700,,제약,KOSDAQ
459510,125.26,,,,-82.06,,,,,173.71,2005,15450,,기계,KOSDAQ
144510,1655.23,,,,-137.94,,,,,1068.53,2274,14390,,건강관리업체및서비스,KOSDAQ
199430,159.13,,,,-75.38,,,,,81.8,1998,17840,,기계,KOSDAQ
112290,830.89,1152.0,1705.0,,-17.66,95.0,214.0,,,549.39,2123,10500,,반도체와반도체장비,KOSDAQ
043370,12006.73,12528.0,13138.0,13818.0,484.39,451.0,480.0,570.0,1.0,-1890.94,2375,11310,5.13,자동차부품,KOSDAQ
094480,1297.0,,,,183.94,,,,1.0,945.32,2236,5700,26.94,IT서비스,KOSDAQ
314930,70.28,,,,6.52,,,,1.0,-147.47,1964,6600,230.52,건강관리장비와용품,KOSDAQ
206640,1620.93,,,,289.4,,,,0.9905,-351.5,2086,9520,8.82,생명과학도구및서비스,KOSDAQ
484120,1397.91,1731.0,2121.0,,33.85,143.5,279.5,,0.9141,-187.25,2531,23100,516.53,디스플레이장비및부품,KOSDAQ
190510,4598.8,,,,281.85,,,,1.0,-1122.24,2197,15600,8.75,핸드셋,KOSDAQ
014940,2072.56,,,,242.78,,,,1.0,-267.53,2058,4515,10.75,조선,KOSDAQ
042420,4368.01,,,,552.44,,,,0.5479,-3572.69,1913,23500,5.65,게임엔터테인먼트,KOSDAQ
049430,722.74,,,,179.87,,,,0.9996,-1237.01,2054,22700,9.11,기계,KOSDAQ
114190,2122.52,,,,-60.96,,,,0.8354,111.52,2179,8340,,전자장비와기기,KOSDAQ
058970,839.8,,,,9.1,,,,1.0,-238.36,2044,16530,69.78,소프트웨어,KOSDAQ
036560,1105.13,,,,101.8,,,,,-120.03,1903,12080,,기계,KOSDAQ
013120,3873.45,,,,170.96,,,,1.0,1317.35,1902,2095,7.27,건설,KOSDAQ
036710,15280.84,,,,-342.64,,,,,7611.28,2427,4595,,반도체와반도체장비,KOSDAQ
036190,4234.34,,,,438.01,,,,1.0,-1369.03,2034,33900,6.65,건설,KOSDAQ
314130,245.87,,,,-292.34,,,,,-386.68,2406,4600,,제약,KOSDAQ
192440,4636.98,,,,332.13,,,,1.0,-2095.52,1890,30400,6.51,핸드셋,KOSDAQ
095500,5385.33,,,,209.29,,,,1.0,915.39,2013,6490,14.57,디스플레이장비및부품,KOSDAQ
217730,35.72,,,,-176.68,,,,,-182.25,2003,2130,,생물공학,KOSDAQ
024060,1078.52,,,,-9.95,,,,,-17.12,1997,13310,,석유와가스,KOSDAQ
102940,2089.82,,,,175.72,,,,1.0,1256.38,1873,14310,7.5,제약,KOSDAQ
290690,382.68,,,,-67.17,,,,,549.83,2115,3985,,디스플레이장비및부품,KOSDAQ
143240,1212.36,,,,167.75,,,,1.0,-1754.22,1870,17420,2.03,상업서비스와공급품,KOSDAQ
078150,1603.11,,,,62.41,,,,1.0,-273.49,1970,2075,6.94,디스플레이장비및부품,KOSDAQ
126730,382.85,,,,11.39,,,,1.0,-242.16,1934,22050,67.88,전기제품,KOSDAQ
382900,433.61,,,,8.58,,,,1.0,992.05,2085,23800,131.13,전기제품,KOSDAQ
452450,650.88,,,,-212.17,,,,1.0,-2.55,1859,5160,,IT서비스,KOSDAQ
080720,363.78,,,,-172.32,,,,,-318.22,1924,2410,,제약,KOSDAQ
452280,632.16,920.0,,,97.5,220.0,,,,335.94,2485,12910,,기계,KOSDAQ
484810,566.33,,,,-7.72,,,,,-107.58,1843,11930,,기계,KOSDAQ
340450,315.34,382.67,470.0,638.0,12.36,31.33,65.0,138.0,,-382.78,2048,8660,,생명과학도구및서비스,KOSDAQ
084850,6031.11,,,,-69.97,,,,1.0,2696.24,1828,8060,,전자장비와기기,KOSDAQ
163730,916.07,1423.5,2189.5,3325.0,14.68,75.5,168.0,296.0,0.8945,-396.96,1819,14250,614.53,IT서비스,KOSDAQ
005160,7277.64,,,,70.25,,,,,2327.58,1896,3495,,철강,KOSDAQ
083930,3928.96,,,,346.18,,,,1.0,-56.51,1813,12350,6.33,전기제품,KOSDAQ
304100,416.36,,,,-80.42,,,,,-327.28,1894,15040,,IT서비스,KOSDAQ
041920,649.45,940.0,1258.0,,59.5,160.0,234.0,,1.0,-859.22,1791,9630,33.96,건강관리장비와용품,KOSDAQ
123330,781.98,1711.0,2335.0,,149.74,319.0,490.0,,1.0,19.47,1893,23750,10.02,화장품,KOSDAQ
194700,4042.6,,,,430.5,,,,0.9848,-137.65,1880,10300,5.31,건강관리업체및서비스,KOSDAQ
066620,4388.87,,,,457.62,,,,1.0,-3282.89,1879,25050,4.73,건설,KOSDAQ
051160,5871.3,,,,251.29,,,,0.6576,-1519.53,1776,13170,14.06,판매업체,KOSDAQ
318060,205.33,351.0,484.0,694.0,-110.54,-34.0,70.0,224.0,1.0,101.95,1775,15870,,건강관리장비와용품,KOSDAQ
034810,22600.79,,,,418.41,,,,,7041.81,1866,5910,,종이와목재,KOSDAQ
086670,1469.91,1840.0,,,153.14,200.0,,,1.0,809.49,1941,19550,10.21,기계,KOSDAQ
387690,146.28,,,,27.5,,,,0.976,92.78,1769,23200,35.63,건강관리장비와용품,KOSDAQ
194480,2955.78,2556.0,3017.0,3334.5,63.5,-297.0,136.0,211.5,0.9939,-420.23,1765,14500,16.82,게임엔터테인먼트,KOSDAQ
388050,773.78,1050.0,,,88.07,133.0,,,1.0,-330.49,1847,9870,33.26,전기장비,KOSDAQ
293780,36.98,,,,-158.43,,,,,-105.98,1910,6800,,건강관리업체및서비스,KOSDAQ
405100,688.61,850.0,1100.0,,47.83,122.0,215.0,,0.9799,35.24,1755,14280,60.64,반도체와반도체장비,KOSDAQ
403850,938.62,,,,193.62,,,,1.0,-1696.7,1762,12280,9.7,방송과엔터테인먼트,KOSDAQ
176750,385.72,,,,74.43,,,,1.0,17.19,1826,6410,28.18,제약,KOSDAQ
083310,2448.93,,,,-80.54,,,,0.7005,-626.2,1909,10720,,반도체와반도체장비,KOSDAQ
263860,483.81,566.5,610.0,679.0,70.07,115.0,131.0,149.0,1.0,-362.71,1737,19130,23.17,소프트웨어,KOSDAQ
138610,327.19,,,,50.26,,,,,-123.22,1739,15300,,건강관리장비와용품,KOSDAQ
214180,3758.23,4481.0,5180.5,5906.5,501.81,588.0,764.0,900.5,0.815,-3433.95,1819,14000,5.96,IT서비스,KOSDAQ
126600,3978.86,,,,173.46,,,,1.0,1364.79,1896,3020,13.56,화학,KOSDAQ
012860,10440.89,,,,367.89,,,,0.9579,2204.76,1717,2345,8.62,자동차부품,KOSDAQ
082800,593.43,,,,-191.66,,,,,227.68,1712,2820,,제약,KOSDAQ
230240,1419.83,1193.0,2257.0,2806.0,-15.82,-244.0,225.0,540.0,1.0,430.15,1783,13400,,통신장비,KOSDAQ
419530,1412.52,1645.0,1788.5,2033.0,226.33,233.0,302.0,375.0,1.0,-205.8,1777,17410,5.9,방송과엔터테인먼트,KOSDAQ
054210,7531.6,,,,431.66,,,,1.0,2009.3,1702,6730,6.39,핸드셋,KOSDAQ
122990,3212.39,,,,-362.79,,,,1.0,-327.24,1700,6630,,핸드셋,KOSDAQ
0015G0,417.52,,,,22.02,,,,1.0,82.19,1774,15160,86.62,우주항공과국방,KOSDAQ
068790,1554.71,,,,42.36,,,,0.9245,315.45,1770,7980,1.35,디스플레이장비및부품,KOSDAQ
475040,181.09,,,,-585.95,,,,,-625.4,1693,3145,,소프트웨어,KOSDAQ
264850,695.75,,,,38.86,,,,1.0,-71.5,1693,5590,39.92,전자장비와기기,KOSDAQ
108380,2300.95,2451.0,2563.0,2656.0,270.6,295.0,320.0,336.0,1.0,-1083.48,1764,18440,7.12,조선,KOSDAQ
067290,810.44,,,,74.55,,,,1.0,33.37,1762,3145,11.25,제약,KOSDAQ
039860,381.3,,,,11.02,,,,1.0,-470.57,1686,4425,106.71,생명과학도구및서비스,KOSDAQ
092130,500.19,533.0,559.0,584.0,155.81,160.0,169.0,178.0,1.0,-398.75,1687,14010,13.1,상업서비스와공급품,KOSDAQ
489460,284.91,380.0,,,42.27,100.0,,,1.0,-150.68,1748,11850,42.1,화장품,KOSDAQ
274090,763.94,,,,-92.31,,,,,180.77,1745,12670,,우주항공과국방,KOSDAQ
038390,3655.53,,,,467.75,,,,1.0,3653.37,1675,10020,7.07,도로와철도운송,KOSDAQ
032620,1976.96,,,,75.22,,,,0.9777,55.28,1673,3205,4.52,건강관리기술,KOSDAQ
086820,152.0,,,,-43.41,,,,1.0,75.28,1732,6680,634.43,생물공학,KOSDAQ
143160,3275.96,,,,212.42,,,,0.7318,-911.64,1722,16070,10.1,전자장비와기기,KOSDAQ
049630,1645.46,,,,107.43,,,,1.0,246.38,1668,7140,19.73,핸드셋,KOSDAQ
382800,919.19,1446.5,1910.0,,77.56,275.0,354.0,,1.0,-134.45,1668,5240,26.41,반도체와반도체장비,KOSDAQ
270660,343.57,,,,-31.97,,,,1.0,-57.68,1707,13450,,가정용기기와용품,KOSDAQ
039830,3280.8,,,,444.8,,,,1.0,2976.4,1705,15840,7.83,레저용장비와제품,KOSDAQ
357550,175.47,,,,38.98,,,,1.0,-126.49,1661,30450,43.73,화학,KOSDAQ
289080,209.89,214.31,,,-83.63,-27.17,,,1.0,,1657,2755,,창업투자,KOSDAQ
234690,1646.8,,,,172.94,,,,1.0,857.96,1696,9440,16.94,제약,KOSDAQ
051370,4679.64,4395.0,4519.0,4730.0,286.46,70.0,222.0,260.0,1.0,-655.77,1694,7260,5.15,전자장비와기기,KOSDAQ
950140,2167.9,,,,373.68,,,,1.0,-316.98,1639,8250,6.6,화장품,KOSDAQ
118990,7022.74,,,,417.89,,,,0.5905,2052.83,1644,6700,22.21,자동차부품,KOSDAQ
123410,7858.69,,,,454.14,,,,0.9904,347.1,1693,6080,3.86,자동차부품,KOSDAQ
199820,1960.35,,,,117.62,,,,0.9887,-53.56,1689,7600,25.51,전기장비,KOSDAQ
046120,579.09,,,,-140.12,,,,1.0,419.74,1845,5450,230.62,에너지장비및서비스,KOSDAQ
126700,1710.97,2789.0,4022.0,4877.0,-325.54,163.0,440.0,584.0,1.0,-708.12,1633,10930,,핸드셋,KOSDAQ
119610,1184.4,1383.4,1580.0,1823.25,194.83,290.0,349.6,425.25,0.9938,285.02,1684,14750,13.02,건강관리장비와용품,KOSDAQ
0039P0,502.34,706.0,1013.0,,85.45,125.0,221.0,0.0,0.9909,-206.8,1681,8940,21.54,광고,KOSDAQ
488280,100.89,,,,-56.4,,,,,-119.59,1629,15050,,IT서비스,KOSDAQ
478340,132.37,,,,-54.61,,,,,-267.24,1629,14030,,우주항공과국방,KOSDAQ
104480,3457.56,,,,24.03,,,,,802.66,1672,1840,,화학,KOSDAQ
245620,78.86,,,,-15.97,,,,1.0,34.89,1671,741,5.92,생명과학도구및서비스,KOSDAQ
372170,1001.75,,,,-316.42,,,,1.0,-529.84,1604,20100,,전자장비와기기,KOSDAQ
094820,2519.85,,,,241.21,,,,0.9492,287.08,1785,11840,9.62,건설,KOSDAQ
264450,1164.38,1277.0,1452.0,1613.0,231.04,278.0,293.0,350.0,1.0,-698.33,1666,11360,6.93,통신장비,KOSDAQ
036170,317.07,,,,23.67,,,,1.0,-7.71,1666,2715,15.27,디스플레이장비및부품,KOSDAQ
066410,172.73,,,,-61.83,,,,,18.04,1596,1153,,IT서비스,KOSDAQ
355150,152.2,229.5,576.5,,1.84,53.0,175.0,,,215.76,1595,20450,,반도체와반도체장비,KOSDAQ
061090,1792.88,2332.0,2728.0,3797.0,162.9,403.0,544.0,977.0,1.0,-885.35,1982,36250,11.86,통신장비,KOSDAQ
119830,485.18,,,,-2.57,,,,1.0,-1426.23,1645,6200,,반도체와반도체장비,KOSDAQ
072870,1272.85,,,,205.43,,,,0.926,-858.27,1580,13250,5.79,교육서비스,KOSDAQ
023910,2086.14,2220.0,2325.0,2430.0,311.86,326.0,345.0,364.0,,-1146.97,1569,26150,,제약,KOSDAQ
402030,339.8,,,,-98.65,,,,,-167.68,1636,13070,,소프트웨어,KOSDAQ
204610,695.12,,,,170.14,,,,0.8236,-634.56,1636,2935,9.66,게임엔터테인먼트,KOSDAQ
041020,3242.17,,,,91.19,,,,0.3606,-1536.6,1565,3150,32.2,자동차부품,KOSDAQ
388790,176.88,,,,5.82,,,,,-49.06,1558,5090,,통신장비,KOSDAQ
417030,66.58,,,,-166.08,,,,,-6.35,1909,33050,,우주항공과국방,KOSDAQ
0082N0,55.61,,,,-42.73,,,,,-449.95,1629,12250,,제약,KOSDAQ
445180,1425.47,,,,172.18,,,,,-285.13,1550,9020,,반도체와반도체장비,KOSDAQ
464080,60.86,,,,-161.31,,,,,83.19,1819,10100,,전자장비와기기,KOSDAQ
032940,1507.35,,,,89.23,,,,0.987,596.35,1612,8860,14.01,화장품,KOSDAQ
088800,1784.26,,,,-221.53,,,,,621.37,1605,2125,,통신장비,KOSDAQ
054450,1928.02,2479.0,2718.5,3040.5,-61.89,171.5,223.5,268.5,0.9946,1215.68,1537,10150,,반도체와반도체장비,KOSDAQ
013990,1890.78,,,,139.87,,,,1.0,-213.4,1603,4875,13.88,"섬유,의류,신발,호화품",KOSDAQ
080160,2104.07,1912.0,2327.0,2486.0,74.38,51.0,187.0,205.0,0.9968,-799.98,1601,8470,11.04,"호텔,레스토랑,레저",KOSDAQ
123860,1081.65,,,,201.52,,,,,-567.66,1600,13200,,디스플레이장비및부품,KOSDAQ
054800,9080.94,,,,897.37,,,,0.501,-1775.26,1530,14790,3.92,컴퓨터와주변기기,KOSDAQ
016790,1130.27,,,,49.91,,,,1.0,-108.07,1873,994,42.72,식품,KOSDAQ
149950,809.44,828.0,1259.0,1873.0,61.48,82.0,224.0,478.0,,-491.16,1587,11610,,디스플레이장비및부품,KOSDAQ
418550,551.74,,,,-42.32,,,,,-34.84,1583,4945,,건설,KOSDAQ
007330,1017.2,,,,169.48,,,,,,1513,10030,,기타금융,KOSDAQ
308430,19.45,,,,-82.45,,,,,-373.14,1860,14410,,제약,KOSDAQ
0007C0,133.12,,,,-22.54,,,,,-285.62,1565,19490,,IT서비스,KOSDAQ
024800,670.43,,,,12.25,,,,0.9523,439.78,1568,4450,2.86,도로와철도운송,KOSDAQ
432720,53.5,,,,-244.72,,,,,-334.01,1490,10500,,반도체와반도체장비,KOSDAQ
134580,486.05,,,,36.7,,,,,-80.71,1632,3310,,양방향미디어와서비스,KOSDAQ
093190,1334.68,,,,159.13,,,,0.9995,-434.4,1630,8470,8.9,컴퓨터와주변기기,KOSDAQ
187870,840.83,,,,173.34,,,,1.0,-619.0,1557,11230,9.2,디스플레이장비및부품,KOSDAQ
148150,2779.17,,,,17.63,,,,1.0,-396.2,1484,4175,3.04,핸드셋,KOSDAQ
011040,1962.73,,,,76.66,,,,1.0,-19.89,1545,5020,18.11,제약,KOSDAQ
065660,75.36,,,,-24.33,,,,,-426.85,1461,14600,,제약,KOSDAQ
220100,186.71,,,,-77.53,,,,,-163.35,1539,6860,,제약,KOSDAQ
023600,5398.65,,,,299.09,,,,0.848,-646.76,1458,9110,5.41,포장재,KOSDAQ
093640,90.34,,,,-102.13,,,,,-21.88,1537,4680,,반도체와반도체장비,KOSDAQ
0015N0,511.87,,,,51.4,,,,,-182.55,1445,11490,,화장품,KOSDAQ
086890,566.72,,,,16.34,,,,,-19.21,1533,3760,,제약,KOSDAQ
220260,568.1,,,,10.48,,,,,-46.94,1438,4485,,화학,KOSDAQ
260970,1509.37,,,,230.06,,,,,-585.31,1652,57100,,식품,KOSDAQ
205500,367.22,,,,13.93,,,,,-151.91,1436,1719,,게임엔터테인먼트,KOSDAQ
222040,2874.79,4005.33,4953.0,,40.03,370.33,486.5,,1.0,1086.38,1526,7400,,건강관리업체및서비스,KOSDAQ
212560,2321.16,,,,136.66,,,,,-305.58,1421,10540,,자동차부품,KOSDAQ
052330,3968.4,,,,377.86,,,,0.9999,-930.53,1865,10500,6.58,디스플레이패널,KOSDAQ
147830,379.24,,,,105.73,,,,,-828.47,1414,7070,,전기장비,KOSDAQ
078070,1556.62,,,,306.05,,,,0.6055,-1088.16,1496,8770,7.34,통신장비,KOSDAQ
101970,1008.55,,,,7.06,,,,,-90.54,1411,9540,,에너지장비및서비스,KOSDAQ
396300,858.27,,,,-18.5,,,,,486.56,1560,5890,,전자장비와기기,KOSDAQ
049960,531.26,,,,79.14,,,,1.0,-962.25,1400,14890,13.83,생물공학,KOSDAQ
489500,201.8,,,,45.7,,,,1.0,-248.17,1486,23250,34.14,반도체와반도체장비,KOSDAQ
0088M0,73.78,211.0,441.0,,-28.32,45.0,176.0,,,-331.18,1396,14130,,건강관리장비와용품,KOSDAQ
084990,25.98,,,,-98.98,,,,,-533.0,1480,3210,,생물공학,KOSDAQ
158430,676.03,,,,103.58,,,,0.71,74.77,1386,5660,89.42,소프트웨어,KOSDAQ
067280,3308.27,,,,318.92,,,,0.9923,-1475.99,1541,26000,5.89,교육서비스,KOSDAQ
211270,478.12,,,,-43.01,,,,,-696.04,1385,9180,,통신장비,KOSDAQ
069510,4681.92,,,,458.16,,,,1.0,-1464.61,1449,13280,3.48,전자장비와기기,KOSDAQ
059120,246.18,,,,9.63,,,,,-176.83,1368,7470,,반도체와반도체장비,KOSDAQ
474650,131.25,245.0,454.0,727.0,-73.78,-77.0,82.0,249.0,,73.82,1533,26650,,기계,KOSDAQ
052260,1305.05,,,,127.17,,,,1.0,-194.61,1361,4535,537.94,화장품,KOSDAQ
300080,359.8,,,,61.54,,,,1.0,-183.46,1442,8720,22.36,양방향미디어와서비스,KOSDAQ
321550,122.89,,,,-161.39,,,,,95.09,1358,4520,,제약,KOSDAQ
041520,378.88,,,,-9.01,,,,1.0,-876.69,1524,12500,18.45,반도체와반도체장비,KOSDAQ
003100,1904.22,,,,413.9,,,,1.0,1914.75,1356,20550,3.43,운송인프라,KOSDAQ
005990,21962.11,,,,639.73,,,,0.4628,-916.14,1434,10780,4.41,식품,KOSDAQ
156100,389.2,,,,7.15,,,,1.0,79.67,1346,6020,,건강관리장비와용품,KOSDAQ
179290,671.52,,,,206.74,,,,1.0,-589.52,1494,4615,7.35,건강관리장비와용품,KOSDAQ
136540,985.98,,,,211.59,,,,0.9997,-961.66,1342,10930,7.29,소프트웨어,KOSDAQ
451760,868.98,,,,-161.7,,,,,-814.91,1402,8490,,우주항공과국방,KOSDAQ
054920,7712.17,,,,60.87,,,,0.8369,677.8,1339,4745,17.07,비철금속,KOSDAQ
226590,964.91,,,,115.42,,,,1.0,53.28,1487,13880,13.86,반도체와반도체장비,KOSDAQ
146320,875.84,1142.0,1392.0,1737.0,39.27,93.0,162.0,219.0,1.0,832.62,1331,10400,115.84,반도체와반도체장비,KOSDAQ
114840,2240.96,2450.0,2640.0,2790.0,271.28,230.0,250.0,290.0,1.0,-305.94,1396,8370,6.39,화장품,KOSDAQ
115500,248.63,,,,20.63,,,,,-54.49,1326,11050,,IT서비스,KOSDAQ
046440,2337.71,2359.0,2426.0,2494.0,331.25,352.0,396.0,425.0,1.0,-307.79,1474,4065,6.34,IT서비스,KOSDAQ
047770,397.23,,,,24.17,,,,0.9886,-312.35,1324,3500,30.02,"섬유,의류,신발,호화품",KOSDAQ
101360,1419.58,,,,-6.1,,,,1.0,2124.25,1384,7780,,화학,KOSDAQ
240550,1135.37,1332.0,1476.0,1622.0,170.05,238.0,277.0,322.0,1.0,66.37,1323,6320,11.3,건강관리장비와용품,KOSDAQ
138360,233.71,,,,5.81,,,,,106.26,1446,1644,,기계,KOSDAQ
469610,756.99,,,,86.38,,,,0.9609,-316.4,1360,15210,16.61,디스플레이장비및부품,KOSDAQ
037070,1679.1,,,,33.01,,,,,16.91,1316,6580,,가정용기기와용품,KOSDAQ
418420,87.46,,,,-58.1,,,,,114.7,1316,4275,,반도체와반도체장비,KOSDAQ
251370,1446.04,,,,129.25,,,,,442.69,1436,7970,,화학,KOSDAQ
080420,3580.77,,,,278.68,,,,0.9691,4974.63,1308,1641,,전문소매,KOSDAQ
102120,2441.24,,,,101.48,,,,1.0,401.33,1355,7620,13.4,반도체와반도체장비,KOSDAQ
001540,3068.74,,,,98.23,,,,1.0,131.61,1308,10030,17.48,제약,KOSDAQ
089600,1178.93,1326.33,1492.67,1667.67,123.18,249.33,290.0,338.67,,-1241.98,1414,12400,,광고,KOSDAQ
042510,637.51,625.0,718.0,814.0,27.82,32.0,68.0,90.0,0.9992,-18.92,1305,11750,38.59,소프트웨어,KOSDAQ
038290,1952.68,2083.0,2450.0,2829.0,1.81,84.0,188.0,274.0,1.0,354.7,1341,12370,66.06,생명과학도구및서비스,KOSDAQ
042600,1649.48,,,,-26.33,,,,,635.71,1490,11990,,가정용기기와용품,KOSDAQ
048870,1130.5,,,,191.64,,,,0.2692,-607.3,1401,1590,46.53,건강관리장비와용품,KOSDAQ
452190,242.46,,,,19.62,,,,1.0,-95.15,1299,5430,53.33,전기제품,KOSDAQ
052860,368.79,,,,40.5,,,,1.0,2.28,1338,7490,29.3,반도체와반도체장비,KOSDAQ
285490,555.9,,,,67.0,,,,1.0,-1013.87,1299,12280,7.33,핸드셋,KOSDAQ
115310,287.17,,,,64.57,,,,1.0,-648.84,1391,9380,19.76,IT서비스,KOSDAQ
228850,1147.23,1407.5,1579.5,1787.0,-39.5,120.0,147.0,176.5,0.9932,-1417.37,1297,7820,,건강관리장비와용품,KOSDAQ
140670,670.38,,,,-35.61,,,,,-161.48,1325,10320,,기계,KOSDAQ
053260,1772.24,,,,15.03,,,,1.0,-775.6,1297,6930,,철강,KOSDAQ
035610,1206.51,,,,246.21,,,,0.6045,-2148.7,1384,5060,6.63,건강관리기술,KOSDAQ
115440,755.05,811.0,1353.0,1457.0,19.49,31.0,187.0,264.0,1.0,-95.45,1292,11970,35.2,통신장비,KOSDAQ
035080,30615.93,,,,-295.81,,,,,1024.67,1317,11790,,인터넷과카탈로그소매,KOSDAQ
457550,448.07,,,,50.58,,,,,-288.53,1288,13820,,에너지장비및서비스,KOSDAQ
232680,538.42,,,,39.5,,,,1.0,-88.07,1360,10260,36.85,반도체와반도체장비,KOSDAQ
321370,190.16,,,,-115.58,,,,,142.21,1285,1820,,통신장비,KOSDAQ
079650,451.03,,,,-33.31,,,,1.0,-524.86,1310,6550,,건축자재,KOSDAQ
079960,5964.75,,,,536.18,,,,1.0,-1734.02,1275,16890,2.58,전기제품,KOSDAQ
073010,955.33,,,,115.4,,,,1.0,291.54,1352,3365,20.61,조선,KOSDAQ
094840,212.23,,,,38.59,,,,1.0,-719.61,1273,12980,9.51,전자장비와기기,KOSDAQ
267320,823.69,,,,-89.24,,,,1.0,100.11,1269,2210,,전기제품,KOSDAQ
307750,1310.39,,,,-25.76,,,,1.0,74.82,1261,2335,,제약,KOSDAQ
322310,521.37,636.0,,,-83.71,15.0,,,1.0,408.78,1301,13890,,반도체와반도체장비,KOSDAQ
039840,1640.78,1814.67,2158.5,2565.0,101.05,211.0,264.0,320.0,1.0,374.67,1265,9430,,건강관리장비와용품,KOSDAQ
265740,716.22,997.5,1335.0,,125.18,180.5,244.0,,,-29.83,1340,7500,,화장품,KOSDAQ
060150,1871.55,,,,182.29,,,,1.0,427.16,1299,2850,,상업서비스와공급품,KOSDAQ
264660,1961.94,,,,247.42,,,,1.0,-453.96,1327,13650,6.79,반도체와반도체장비,KOSDAQ
417500,535.51,,,,103.97,,,,1.0,238.61,1298,3960,19.26,반도체와반도체장비,KOSDAQ
036690,851.26,,,,-141.75,,,,,233.68,1257,2885,,통신장비,KOSDAQ
417010,403.24,,,,-5.01,,,,1.0,631.09,1297,6430,129.96,전자장비와기기,KOSDAQ
322510,33.39,,,,-132.02,,,,,-104.3,1320,5130,,건강관리기술,KOSDAQ
153890,221.56,,,,-8.36,,,,1.0,-193.95,1293,10730,,기계,KOSDAQ
408920,728.22,,,,189.97,,,,1.0,-644.76,1241,2870,8.0,양방향미디어와서비스,KOSDAQ
105330,810.59,,,,-29.56,,,,1.0,1283.13,1286,8030,,반도체와반도체장비,KOSDAQ
494120,73.03,,,,-75.26,,,,,-144.65,1315,8620,,생명과학도구및서비스,KOSDAQ
308080,0.23,,,,-171.08,,,,,-221.44,1209,5900,,제약,KOSDAQ
297090,1261.48,1478.0,1503.0,,110.86,137.0,168.0,,1.0,-6.78,1286,4715,11.45,기계,KOSDAQ
361390,596.31,,,,-20.86,,,,,-300.53,1283,13180,,우주항공과국방,KOSDAQ
126640,3789.37,,,,117.82,,,,,-317.56,1308,3730,,자동차부품,KOSDAQ
009780,1976.63,,,,296.54,,,,1.0,214.11,1204,6840,5.23,식품,KOSDAQ
049720,1780.3,,,,167.41,,,,1.0,58.56,1307,9140,9.86,상업서비스와공급품,KOSDAQ
021320,18334.03,,,,883.37,,,,,1805.25,1301,6080,,건설,KOSDAQ
338840,29.13,,,,-92.69,,,,,-220.2,1268,8230,,생물공학,KOSDAQ
008830,2209.39,,,,1.62,,,,,1256.91,1195,6230,,기계,KOSDAQ
172670,483.58,636.0,737.0,,-73.95,60.0,143.0,,1.0,802.98,1192,13300,,반도체와반도체장비,KOSDAQ
095700,45.74,,,,-361.72,,,,,890.62,1259,2765,,생물공학,KOSDAQ
027710,14558.51,,,,349.69,,,,0.9817,3748.51,1259,1130,4.18,식품,KOSDAQ
017510,323.33,,,,148.16,,,,,-140.83,1188,7790,,전기장비,KOSDAQ
041440,2895.87,,,,54.07,,,,1.0,736.52,1188,6660,25.59,기계,KOSDAQ
255220,1022.46,,,,7.52,,,,,513.11,1244,1135,,건축자재,KOSDAQ
018310,3169.86,,,,64.45,,,,1.0,-239.24,2133,14510,20.85,건축제품,KOSDAQ
041590,180.05,,,,-19.62,,,,1.0,-245.29,1161,2370,387.0,건설,KOSDAQ
256940,1701.47,,,,15.75,,,,0.6904,729.31,1239,6170,,비철금속,KOSDAQ
293580,291.56,,,,73.01,,,,1.0,,1223,1288,21.15,창업투자,KOSDAQ
091440,134.35,,,,-245.99,,,,,769.63,1157,3130,,통신장비,KOSDAQ
166480,201.59,,,,-212.23,,,,,332.14,1153,2180,,생물공학,KOSDAQ
402490,1021.55,,,,60.33,,,,0.9721,445.94,1207,7130,11.78,반도체와반도체장비,KOSDAQ
413630,192.76,,,,21.39,,,,1.0,-124.9,1519,4170,75.87,기계,KOSDAQ
201490,1209.24,1104.0,,,126.12,160.0,,,0.2063,-878.71,1204,3680,155.96,게임엔터테인먼트,KOSDAQ
053080,4635.37,,,,-620.12,,,,1.0,1094.59,1149,8840,,기계,KOSDAQ
242040,1022.73,,,,22.51,,,,,-94.35,1147,3315,,IT서비스,KOSDAQ
071280,1248.7,1958.0,,,144.23,233.0,,,1.0,-525.09,1202,7860,9.81,반도체와반도체장비,KOSDAQ
142210,7689.74,9459.0,,,322.69,666.0,,,1.0,2692.95,1303,6280,10.25,반도체와반도체장비,KOSDAQ
290720,868.06,,,,-81.53,,,,0.997,309.76,1144,3000,56.49,식품,KOSDAQ
443670,544.83,,,,36.17,,,,1.0,-363.47,1190,4955,31.2,IT서비스,KOSDAQ
474610,381.74,453.5,633.6,,40.56,54.7,96.4,,,-100.79,1143,7930,,우주항공과국방,KOSDAQ
475400,130.56,,,,-184.11,,,,,-327.17,2159,18290,,기계,KOSDAQ
950190,1125.24,,,,153.29,,,,1.0,-850.92,1255,9640,14.74,게임엔터테인먼트,KOSDAQ
037350,7434.06,,,,576.98,,,,1.0,-668.6,1136,7470,4.03,건설,KOSDAQ
0007J0,,,,,-86.04,,,,,-11.12,1131,14380,,제약,KOSDAQ
282880,1547.01,2429.0,2646.0,3044.0,-254.47,-57.5,150.0,170.0,0.6743,694.96,1255,10730,73.78,기계,KOSDAQ
067990,25490.97,,,,407.86,,,,1.0,9382.17,1129,3870,33.06,자동차,KOSDAQ
336680,5501.11,,,,89.01,,,,1.0,1393.57,1159,2960,17.5,자동차부품,KOSDAQ
217820,3906.91,,,,13.98,,,,1.0,963.55,1127,2375,116.91,전기제품,KOSDAQ
092070,791.33,,,,-6.74,,,,,-256.2,1530,13220,,반도체와반도체장비,KOSDAQ
049520,4122.64,,,,263.54,,,,0.9983,-908.09,1152,3735,5.13,핸드셋,KOSDAQ
473980,757.26,941.0,1158.0,1430.0,123.4,193.0,245.0,313.0,1.0,-54.36,1113,10230,7.5,방송과엔터테인먼트,KOSDAQ
018120,997.84,,,,140.14,,,,0.969,-372.16,1112,16800,9.16,음료,KOSDAQ
351320,130.13,,,,-94.64,,,,,310.1,1205,3885,,디스플레이장비및부품,KOSDAQ
389020,106.44,,,,-70.65,,,,,-175.46,1108,16050,,통신장비,KOSDAQ
297890,628.49,,,,43.96,,,,1.0,-272.05,1148,1570,4.33,디스플레이장비및부품,KOSDAQ
396470,152.21,,,,24.83,,,,1.0,-572.58,1104,6850,30.93,반도체와반도체장비,KOSDAQ
095190,925.06,,,,-47.77,,,,,424.25,1201,1840,,기계,KOSDAQ
083500,736.58,650.0,1155.0,1390.0,103.5,161.0,288.0,370.0,0.859,-123.19,1099,13230,12.64,디스플레이장비및부품,KOSDAQ
290740,2449.39,,,,65.79,,,,1.0,-371.48,1191,11830,16.15,핸드셋,KOSDAQ
036630,2841.95,,,,-107.53,,,,1.0,688.82,1096,7830,13.54,다각화된통신서비스,KOSDAQ
122450,3461.22,3892.0,4197.0,4450.0,383.92,547.0,598.0,651.0,0.7226,577.8,1143,2550,5.74,복합기업,KOSDAQ
331920,57.68,,,,-33.24,,,,1.0,-219.01,1187,10620,,생물공학,KOSDAQ
063570,3839.54,4556.0,5037.0,5558.0,307.14,371.0,430.0,480.0,0.9939,2340.34,1089,3190,15.35,상업서비스와공급품,KOSDAQ
039560,5417.78,,,,384.79,,,,,702.8,1081,2520,,통신장비,KOSDAQ
950250,75.81,78.28,,,-71.27,-93.34,,,,-322.52,1187,3325,,반도체와반도체장비,KOSDAQ
109740,431.79,,,,-227.22,,,,0.9111,-60.64,1079,4195,,전자장비와기기,KOSDAQ
259630,1842.11,,,,245.65,,,,1.0,-263.69,1129,9240,5.47,전기제품,KOSDAQ
039340,759.1,,,,-23.75,,,,1.0,-251.67,1076,4890,38.55,방송과엔터테인먼트,KOSDAQ
056090,472.35,,,,38.14,,,,1.0,97.59,1229,1190,18.88,건강관리장비와용품,KOSDAQ
067900,1169.96,,,,260.73,,,,1.0,339.48,1072,5890,3.52,해운사,KOSDAQ
090850,1426.49,,,,241.97,,,,1.0,-804.57,1123,4995,4.68,상업서비스와공급품,KOSDAQ
051360,6403.29,,,,571.91,,,,0.9643,549.41,1112,11880,2.58,디스플레이장비및부품,KOSDAQ
051980,198.09,,,,-45.63,,,,,-8.13,1150,1035,,통신장비,KOSDAQ
0011A0,565.73,,,,43.07,,,,1.0,98.63,1111,11900,22.17,전자장비와기기,KOSDAQ
261780,1.59,,,,-142.71,,,,,-94.52,1068,3690,,제약,KOSDAQ
047310,6865.35,,,,-63.67,,,,1.0,382.87,1146,3130,,핸드셋,KOSDAQ
217270,1225.31,,,,24.92,,,,0.4093,-201.29,1103,2415,,게임엔터테인먼트,KOSDAQ
053350,328.06,,,,-23.93,,,,1.0,-1355.99,1064,4830,37.57,소프트웨어,KOSDAQ
106190,701.83,,,,128.56,,,,,-29.79,1067,10030,,제약,KOSDAQ
474170,105.69,,,,-5.94,,,,,-305.55,1260,7070,,우주항공과국방,KOSDAQ
299030,938.33,1657.0,2999.0,4284.0,-0.4,65.0,346.0,574.0,1.0,521.77,1095,13700,,전자장비와기기,KOSDAQ
303810,1303.44,,,,130.45,,,,,294.71,1059,3310,,건강관리장비와용품,KOSDAQ
366030,450.44,,,,68.05,,,,1.0,-294.77,1056,4660,14.17,"섬유,의류,신발,호화품",KOSDAQ
054050,1587.89,,,,136.41,,,,1.0,-104.8,1132,7060,9.21,생물공학,KOSDAQ
475230,594.82,1187.5,,,44.99,138.0,,,1.0,756.53,1081,9920,,건설,KOSDAQ
014950,600.2,,,,32.73,,,,1.0,-320.58,1045,10380,,제약,KOSDAQ
053700,16845.82,,,,617.3,,,,1.0,3565.92,1045,3910,5.16,자동차부품,KOSDAQ
040300,1341.93,,,,-136.02,,,,,-1412.8,1077,2260,,방송과엔터테인먼트,KOSDAQ
086980,627.48,,,,-116.51,,,,1.0,-1287.34,1124,1800,,방송과엔터테인먼트,KOSDAQ
123040,17405.52,,,,312.83,,,,0.2442,4116.44,1039,1659,,자동차부품,KOSDAQ
246710,269.67,403.0,,,-90.51,-11.0,,,,244.01,1072,2250,,생물공학,KOSDAQ
131030,871.61,,,,88.75,,,,,-408.55,1029,5830,,제약,KOSDAQ
120240,1080.81,,,,111.82,,,,,-764.08,1070,14880,,화학,KOSDAQ
394420,88.29,185.0,281.0,394.0,-106.4,-26.0,52.0,135.0,1.0,-76.96,1069,9720,,건강관리장비와용품,KOSDAQ
289930,407.06,,,,6.27,,,,,-530.18,1068,8120,,우주항공과국방,KOSDAQ
419050,1442.29,,,,54.33,,,,1.0,1489.26,1067,1866,,자동차부품,KOSDAQ
066790,182.71,,,,-50.2,,,,1.0,-131.24,974,2205,,방송과엔터테인먼트,KOSDAQ
072950,1208.59,,,,89.9,,,,0.978,-129.5,1102,13680,14.58,전자장비와기기,KOSDAQ
182360,872.28,,,,-72.62,,,,0.9626,-243.25,1062,6830,,방송과엔터테인먼트,KOSDAQ
130580,913.63,963.0,1006.0,1050.0,154.32,168.0,177.0,186.0,1.0,-364.63,1061,6890,8.21,상업서비스와공급품,KOSDAQ
453450,1256.09,,,,8.16,,,,1.0,-202.99,1006,12670,46.99,전기유틸리티,KOSDAQ
310200,1503.0,,,,226.84,,,,0.8595,150.11,1006,1929,8.33,방송과엔터테인먼트,KOSDAQ
073560,2870.5,,,,326.91,,,,1.0,842.77,1055,1524,4.42,식품,KOSDAQ
038540,4185.61,,,,-482.13,,,,,-438.02,1055,1907,,기타금융,KOSDAQ
307930,216.02,,,,97.7,,,,,,1004,6430,,창업투자,KOSDAQ
255440,347.64,,,,-64.65,,,,,65.47,1002,7670,,디스플레이장비및부품,KOSDAQ
198440,718.43,,,,74.02,,,,,543.36,1044,1714,,건축자재,KOSDAQ
311320,546.24,697.0,,,44.29,116.0,,,1.0,-133.74,1043,8270,19.11,반도체와반도체장비,KOSDAQ
021080,705.62,,,,319.78,,,,,,998,2080,,창업투자,KOSDAQ
235980,38.98,,,,-140.19,,,,,-340.08,996,2905,,제약,KOSDAQ
129920,952.16,,,,-22.95,,,,,703.89,1030,6340,,기계,KOSDAQ
334970,125.33,266.65,,,-336.82,-493.02,,,,943.64,1071,1377,,제약,KOSDAQ
411080,116.12,,,,-17.7,,,,,-300.99,992,6500,,소프트웨어,KOSDAQ
099750,726.41,788.94,960.0,,22.11,50.19,95.0,,1.0,-37.03,990,7250,43.17,건강관리기술,KOSDAQ
125210,1306.01,,,,93.83,,,,1.0,435.46,1021,6190,17.32,화학,KOSDAQ
357880,156.42,,,,-43.91,,,,,84.59,1026,1892,,IT서비스,KOSDAQ
309960,264.15,,,,96.65,,,,1.0,,984,4240,7.91,창업투자,KOSDAQ
063170,213.34,,,,-39.53,,,,,803.77,1020,5740,,판매업체,KOSDAQ
036010,1338.53,,,,83.14,,,,1.0,-421.6,972,7310,10.21,전기제품,KOSDAQ
338220,348.48,,,,-49.33,,,,,-241.86,1014,7240,,건강관리기술,KOSDAQ
323990,70.56,,,,-154.98,,,,,-132.86,1009,4340,,제약,KOSDAQ
209640,460.73,,,,-34.73,,,,1.0,244.47,1089,3830,,전자장비와기기,KOSDAQ
068240,1120.89,,,,-1206.78,,,,0.9473,3527.83,966,2530,,기계,KOSDAQ
006620,2426.88,,,,92.48,,,,1.0,722.56,1005,3530,2.0,제약,KOSDAQ
088130,5824.37,,,,1132.31,,,,0.5105,-1160.61,965,5520,1.96,디스플레이장비및부품,KOSDAQ
458650,855.5,,,,10.41,,,,0.97,-1393.45,1159,7700,24.35,전기제품,KOSDAQ
173130,2332.94,,,,140.45,,,,1.0,-344.22,999,7660,7.89,IT서비스,KOSDAQ
475580,630.16,,,,-104.74,,,,1.0,129.12,1001,7350,,교육서비스,KOSDAQ
493330,449.56,,,,67.55,,,,1.0,-311.54,958,11910,,전자장비와기기,KOSDAQ
333430,506.74,,,,108.63,,,,0.5446,-246.78,1151,3745,15.44,조선,KOSDAQ
439580,1859.05,,,,-19.71,,,,,295.73,949,2805,,건강관리업체및서비스,KOSDAQ
246720,25.95,,,,-25.9,,,,,-87.65,994,6070,,건강관리장비와용품,KOSDAQ
017650,1688.37,,,,52.81,,,,1.0,-694.04,949,10800,14.83,포장재,KOSDAQ
052420,1657.07,,,,301.23,,,,1.0,-1266.36,944,9690,2.9,디스플레이장비및부품,KOSDAQ
037030,4470.37,,,,246.08,,,,0.7121,1343.76,940,3685,6.19,전기제품,KOSDAQ
189330,102.72,,,,-32.25,,,,,-187.99,1024,10910,,IT서비스,KOSDAQ
005860,4548.52,,,,58.61,,,,1.0,55.91,940,2385,14.74,식품,KOSDAQ
100700,636.57,,,,127.01,,,,0.977,-985.14,1016,2320,8.53,건강관리장비와용품,KOSDAQ
042500,1830.74,,,,143.13,,,,1.0,-278.79,936,4200,8.59,IT서비스,KOSDAQ
101170,571.13,,,,11.89,,,,1.0,-66.86,1145,8480,47.83,기계,KOSDAQ
091120,2050.9,,,,-199.06,,,,,926.14,930,5430,,핸드셋,KOSDAQ
389030,104.83,,,,-116.71,,,,,-232.02,924,2345,,생물공학,KOSDAQ
059210,1029.51,,,,214.28,,,,1.0,82.46,1005,3700,9.15,건강관리장비와용품,KOSDAQ
141000,651.19,716.3,,,91.8,55.4,,,1.0,-784.79,1140,9410,10.6,디스플레이장비및부품,KOSDAQ
187790,856.76,1092.5,1388.5,1767.0,55.26,73.5,148.5,217.0,1.0,244.5,921,2985,13.1,화학,KOSDAQ
040420,1030.51,1018.0,1015.0,995.0,97.66,102.0,104.0,105.0,1.0,44.82,917,5850,13.81,교육서비스,KOSDAQ
317770,214.87,,,,-14.07,,,,,-106.7,958,2590,,전자장비와기기,KOSDAQ
045970,3751.29,,,,-22.38,,,,,154.41,916,3480,,핸드셋,KOSDAQ
307870,146.25,,,,-67.46,,,,,39.5,915,1231,,IT서비스,KOSDAQ
348350,578.07,,,,51.29,,,,1.0,-790.07,912,9330,14.15,반도체와반도체장비,KOSDAQ
246960,220.11,347.0,,,-33.98,0.0,,,,286.78,995,2925,,건강관리업체및서비스,KOSDAQ
205100,477.63,,,,36.52,,,,0.7605,-728.89,953,1411,14.43,소프트웨어,KOSDAQ
093920,1949.04,,,,34.33,,,,1.0,-1293.96,910,4895,13.81,핸드셋,KOSDAQ
086960,1877.06,,,,58.13,,,,1.0,-374.63,910,2140,11.06,소프트웨어,KOSDAQ
250060,50.98,,,,-29.35,,,,,-342.15,991,3080,,소프트웨어,KOSDAQ
108230,1710.02,,,,-31.45,,,,1.0,-1745.4,1203,3165,,기계,KOSDAQ
162300,3521.72,,,,30.47,,,,1.0,687.63,900,2170,67.37,철강,KOSDAQ
013310,10088.68,,,,643.58,,,,1.0,8719.94,896,2310,3.86,자동차부품,KOSDAQ
049950,408.98,,,,-246.96,,,,1.0,-281.55,936,10620,,디스플레이장비및부품,KOSDAQ
352090,696.79,,,,119.39,,,,1.0,-300.89,969,3605,9.49,가정용기기와용품,KOSDAQ
432470,412.3,598.0,688.0,770.0,-15.64,65.0,88.0,110.0,1.0,-56.53,894,10190,,전기제품,KOSDAQ
109610,5015.53,,,,-66.27,,,,0.5433,1499.62,929,1899,,건축자재,KOSDAQ
053580,743.62,797.0,908.0,1030.0,134.74,131.0,154.0,176.0,,-228.44,924,7130,,소프트웨어,KOSDAQ
306620,758.11,,,,16.32,,,,,275.6,966,2015,,반도체와반도체장비,KOSDAQ
362320,2173.85,,,,53.69,,,,0.6083,488.43,888,4290,47.46,인터넷과카탈로그소매,KOSDAQ
023900,1635.2,,,,167.54,,,,0.7632,-133.27,917,7280,8.96,화학,KOSDAQ
357230,2581.89,2862.0,3217.0,3686.0,135.46,170.0,264.0,378.0,0.9211,-209.86,882,2135,10.47,건강관리업체및서비스,KOSDAQ
074430,220.2,,,,35.94,,,,1.0,-363.95,962,1077,27.31,제약,KOSDAQ
412350,46.84,,,,-135.47,,,,,51.26,878,6010,,반도체와반도체장비,KOSDAQ
175250,833.85,,,,-119.57,,,,1.0,202.91,1037,1680,,화장품,KOSDAQ
052460,2065.0,3282.0,4876.0,5723.0,80.15,94.0,191.0,236.0,1.0,-28.77,868,5940,8.55,IT서비스,KOSDAQ
192410,166.94,,,,-18.48,,,,,-134.29,912,3620,,통신장비,KOSDAQ
100590,1238.66,,,,-7.34,,,,1.0,18.37,836,4875,,통신장비,KOSDAQ
062970,35.81,,,,-34.15,,,,,-173.85,901,2990,,통신장비,KOSDAQ
009300,777.99,,,,109.79,,,,1.0,-908.15,910,14280,7.03,제약,KOSDAQ
223250,666.31,,,,52.38,,,,0.9491,-198.72,861,3500,12.08,제약,KOSDAQ
047560,1067.93,,,,-189.54,,,,,-349.59,897,7630,,소프트웨어,KOSDAQ
004650,1223.44,,,,158.93,,,,1.0,180.06,856,9310,6.45,음료,KOSDAQ
380550,26.15,,,,-165.49,,,,,-383.54,978,8020,,건강관리기술,KOSDAQ
072020,490.69,510.0,,,64.79,66.0,,,,-207.47,854,9230,,제약,KOSDAQ
298540,4775.22,,,,69.68,,,,1.0,1164.89,966,6670,14.17,"섬유,의류,신발,호화품",KOSDAQ
048910,3428.5,4579.0,4926.0,5077.0,99.5,202.0,239.0,258.0,0.8323,287.36,891,7080,16.23,방송과엔터테인먼트,KOSDAQ
234300,1682.39,,,,89.57,,,,0.9784,64.8,846,3110,17.48,IT서비스,KOSDAQ
029480,75.72,,,,-42.28,,,,1.0,-1877.83,845,1415,,IT서비스,KOSDAQ
330350,1064.44,,,,56.63,,,,,-23.11,962,7290,,제약,KOSDAQ
048530,57.4,,,,-79.04,,,,,-384.22,884,2860,,생명과학도구및서비스,KOSDAQ
085670,1541.36,1475.0,1855.0,2065.0,92.33,11.0,107.0,163.0,1.0,81.13,843,3440,9.58,전자장비와기기,KOSDAQ
086710,807.66,,,,60.6,,,,0.8147,591.72,842,6900,14.13,화장품,KOSDAQ
054540,1184.62,,,,102.19,,,,0.9826,1328.93,871,6700,6.75,조선,KOSDAQ
457370,338.96,,,,48.52,,,,,-208.74,869,10770,,디스플레이장비및부품,KOSDAQ
094860,310.47,,,,-46.15,,,,,-237.51,839,1579,,게임엔터테인먼트,KOSDAQ
137950,3675.42,,,,77.18,,,,1.0,2012.72,838,3765,,에너지장비및서비스,KOSDAQ
096240,2209.17,2260.0,,,22.44,100.0,,,1.0,260.62,867,8470,13.12,교육서비스,KOSDAQ
002230,971.6,,,,52.81,,,,1.0,-568.42,949,5150,10.39,전기제품,KOSDAQ
052900,1262.76,1604.0,,,53.57,301.0,,,1.0,-163.85,865,1128,18.98,반도체와반도체장비,KOSDAQ
226400,453.93,575.5,726.5,865.0,88.64,118.0,157.0,176.0,1.0,87.07,832,4025,11.09,건강관리장비와용품,KOSDAQ
037760,1269.88,,,,-10.83,,,,0.7528,680.14,829,2450,,철강,KOSDAQ
036220,1286.29,,,,24.26,,,,1.0,9.5,937,6550,30.14,생명과학도구및서비스,KOSDAQ
033560,58.07,,,,6.48,,,,1.0,142.64,827,4835,5.05,부동산,KOSDAQ
066590,3686.09,,,,4.51,,,,1.0,850.77,895,2315,,자동차부품,KOSDAQ
063080,992.12,885.0,,,-68.24,-51.0,,,0.294,1549.29,824,12500,7.52,게임엔터테인먼트,KOSDAQ
251120,191.79,209.45,240.7,297.0,62.53,75.9,99.6,124.0,,-552.51,824,9480,,생물공학,KOSDAQ
036640,789.1,,,,134.18,,,,1.0,-191.92,823,5030,6.08,화학,KOSDAQ
322180,589.41,,,,-42.93,,,,,-383.59,889,4135,,IT서비스,KOSDAQ
418470,881.9,975.0,1062.0,1179.0,143.71,152.0,172.0,204.0,,-754.08,822,9600,,출판,KOSDAQ
049080,403.31,,,,-124.76,,,,,229.93,821,9670,,통신장비,KOSDAQ
339950,1194.88,,,,190.67,,,,1.0,-208.94,1079,2400,5.21,교육서비스,KOSDAQ
066430,364.26,,,,1.7,,,,,63.25,818,2090,,화학,KOSDAQ
294630,33.86,,,,-38.58,,,,,8.02,816,3080,,전기장비,KOSDAQ
105740,1287.51,,,,110.7,,,,1.0,401.08,954,9380,14.13,기계,KOSDAQ
234030,1545.64,,,,25.12,,,,0.9751,-330.72,785,3325,45.48,반도체와반도체장비,KOSDAQ
140070,2084.11,,,,-116.96,,,,0.9452,1890.04,812,2195,,반도체와반도체장비,KOSDAQ
217190,567.57,,,,10.29,,,,0.9873,173.14,992,7540,106.1,반도체와반도체장비,KOSDAQ
058820,1052.29,,,,-36.92,,,,1.0,509.56,810,547,,제약,KOSDAQ
066980,1998.51,,,,28.4,,,,0.2,172.95,810,1506,764.15,건설,KOSDAQ
066700,2715.9,,,,102.13,,,,0.9024,6.93,830,2235,7.83,제약,KOSDAQ
044990,818.87,,,,96.64,,,,1.0,-356.64,860,11190,9.67,전자장비와기기,KOSDAQ
302550,245.05,,,,7.26,,,,0.9717,-10.92,804,2655,152.85,건강관리장비와용품,KOSDAQ
033290,7931.68,,,,226.68,,,,1.0,3807.99,859,1529,4.09,항공화물운송과물류,KOSDAQ
330730,255.49,,,,134.61,,,,,,848,4655,,창업투자,KOSDAQ
357580,1221.4,1240.0,1940.0,,53.22,30.0,210.0,,1.0,387.41,848,7190,170.62,핸드셋,KOSDAQ
900260,7551.7,,,,111.62,,,,1.0,-418.55,893,1940,4.54,통신장비,KOSDAQ
032540,944.35,,,,32.88,,,,0.9995,130.95,793,3795,19.9,전자제품,KOSDAQ
101330,13713.27,,,,417.98,,,,0.5487,1606.69,822,3550,7.05,자동차부품,KOSDAQ
365330,973.67,,,,-26.75,,,,1.0,122.7,792,1578,,건축자재,KOSDAQ
185490,35.67,,,,-98.51,,,,,-358.3,843,1950,,생물공학,KOSDAQ
388870,,,,,-115.07,,,,,-134.37,790,6100,,생물공학,KOSDAQ
025950,333.82,,,,-22.06,,,,,-662.04,840,10000,,건설,KOSDAQ
0015S0,166.28,434.5,588.0,778.0,8.79,65.0,107.0,204.0,0.9731,-278.87,786,7970,30.67,자동차부품,KOSDAQ
282720,2647.79,,,,4.27,,,,1.0,28.27,913,7530,5072.22,에너지장비및서비스,KOSDAQ
389140,337.1,,,,-73.96,,,,,-48.81,815,5710,,방송과엔터테인먼트,KOSDAQ
412540,1512.65,,,,-72.42,,,,,654.7,811,3935,,전기제품,KOSDAQ
183490,677.51,,,,-143.37,,,,,-814.75,838,990,,제약,KOSDAQ
478560,572.58,,,,92.8,,,,1.0,204.63,838,3245,,"섬유,의류,신발,호화품",KOSDAQ
065450,829.57,,,,43.74,,,,1.0,182.06,867,2940,19.7,우주항공과국방,KOSDAQ
078890,5175.5,,,,125.26,,,,1.0,1593.85,810,4395,12.17,전자제품,KOSDAQ
007820,1490.94,,,,-79.51,,,,1.0,212.48,805,3450,,기계,KOSDAQ
038110,25620.26,,,,357.45,,,,1.0,8841.09,828,2010,41.59,자동차부품,KOSDAQ
058400,685.07,,,,31.94,,,,0.993,-1268.19,773,5840,6.89,방송과엔터테인먼트,KOSDAQ
004590,1416.17,,,,175.35,,,,1.0,-79.79,800,5330,5.6,식품과기본식료품소매,KOSDAQ
215100,133.62,,,,-19.59,,,,0.9768,-55.17,826,4060,,교육서비스,KOSDAQ
225530,384.93,,,,-48.72,,,,1.0,468.88,770,2120,,건축자재,KOSDAQ
149980,320.86,,,,41.02,,,,1.0,-211.39,798,4640,25.25,건강관리장비와용품,KOSDAQ
381620,226.65,,,,-123.13,,,,1.0,-42.2,792,6040,,기계,KOSDAQ
263720,854.72,642.0,621.0,705.0,173.36,99.0,89.0,119.0,1.0,-544.88,845,6900,10.6,출판,KOSDAQ
079810,739.85,,,,25.5,,,,1.0,-819.2,765,3555,850.0,전기제품,KOSDAQ
066310,232.83,,,,2.94,,,,1.0,-262.0,765,8250,30.41,반도체와반도체장비,KOSDAQ
047820,1721.97,,,,28.33,,,,0.9143,-1326.11,787,3220,27.93,방송과엔터테인먼트,KOSDAQ
049180,1401.94,,,,-51.29,,,,,46.83,840,1009,,건설,KOSDAQ
147760,252.88,625.0,885.0,,-203.96,22.0,78.0,,,22.52,818,4090,,반도체와반도체장비,KOSDAQ
0017J0,229.65,316.0,487.0,,63.93,98.0,141.0,,1.0,-566.12,764,2535,11.13,반도체와반도체장비,KOSDAQ
475430,693.16,,,,73.95,,,,,-228.69,784,4395,,전기장비,KOSDAQ
323350,269.37,,,,40.3,,,,,-208.57,784,9790,,반도체와반도체장비,KOSDAQ
040160,1015.71,,,,-60.87,,,,1.0,129.14,763,6420,,IT서비스,KOSDAQ
088390,591.13,,,,65.28,,,,1.0,36.31,762,8120,3.29,레저용장비와제품,KOSDAQ
054670,2024.01,,,,117.25,,,,,633.33,782,5450,,제약,KOSDAQ
0117P0,1178.8,,,,167.26,,,,1.0,-680.07,805,5680,7.06,"섬유,의류,신발,호화품",KOSDAQ
012700,3877.1,,,,109.46,,,,1.0,6882.79,759,2920,5.69,석유와가스,KOSDAQ
019550,327.08,,,,93.23,,,,,,758,941,,창업투자,KOSDAQ
102370,122.87,,,,-40.65,,,,,676.66,773,2985,,판매업체,KOSDAQ
000440,495.92,,,,-17.44,,,,,-49.42,800,12850,,석유와가스,KOSDAQ
487580,799.33,,,,104.25,,,,1.0,-166.74,755,3000,9.03,가정용기기와용품,KOSDAQ
011370,6451.14,,,,625.54,,,,1.0,2694.27,753,3730,2.6,건설,KOSDAQ
124560,11172.81,,,,22.5,,,,0.9618,1507.04,767,1980,,해운사,KOSDAQ
131370,488.45,,,,23.93,,,,0.9883,-154.78,793,1488,44.58,소프트웨어,KOSDAQ
041910,555.43,,,,31.89,,,,,-60.1,747,5620,,제약,KOSDAQ
107600,383.91,,,,-94.19,,,,,170.1,746,13210,,전기제품,KOSDAQ
041930,4034.1,,,,171.85,,,,1.0,73.36,765,5030,2.78,자동차부품,KOSDAQ
032300,876.01,,,,-8.87,,,,,55.51,790,7240,,제약,KOSDAQ
282620,3465.51,,,,321.9,,,,1.0,914.75,744,12700,2.1,"섬유,의류,신발,호화품",KOSDAQ
253840,94.17,,,,-188.2,,,,,-129.83,764,4565,,건강관리장비와용품,KOSDAQ
331380,453.08,,,,-102.03,,,,,0.04,763,2065,,전자장비와기기,KOSDAQ
299660,88.42,,,,-113.43,,,,,168.64,785,2660,,생물공학,KOSDAQ
451250,679.72,,,,44.69,,,,1.0,-223.4,740,7240,15.56,화장품,KOSDAQ
030960,558.64,494.93,,,-60.8,-64.1,,,,-905.64,783,4900,,상업서비스와공급품,KOSDAQ
073640,141.34,,,,-101.4,,,,,108.38,761,654,,기계,KOSDAQ
950130,312.55,,,,-633.56,,,,,-2481.91,783,2225,,생명과학도구및서비스,KOSDAQ
017480,2179.62,,,,50.99,,,,,-1165.59,738,4780,,철강,KOSDAQ
067000,1403.6,,,,56.65,,,,0.711,827.83,779,1114,,게임엔터테인먼트,KOSDAQ
228340,559.26,,,,-47.48,,,,,-119.73,756,3780,,건축자재,KOSDAQ
142280,1084.13,,,,28.87,,,,1.0,149.63,773,3225,21.09,건강관리장비와용품,KOSDAQ
040910,1970.41,,,,44.52,,,,,76.79,736,4050,,디스플레이장비및부품,KOSDAQ
360070,231.31,,,,-352.03,,,,,575.91,772,9420,,전자장비와기기,KOSDAQ
060570,2249.97,,,,5.93,,,,1.0,-501.37,748,5050,28.76,방송과엔터테인먼트,KOSDAQ
396270,396.54,,,,-129.36,,,,,65.96,770,2340,,반도체와반도체장비,KOSDAQ
078140,1020.64,,,,73.32,,,,0.8423,269.19,885,7980,8.8,제약,KOSDAQ
347890,622.55,,,,-58.26,,,,1.0,127.78,730,4290,42.87,전자장비와기기,KOSDAQ
020710,1683.94,,,,150.8,,,,1.0,-245.24,746,3720,2.45,"호텔,레스토랑,레저",KOSDAQ
024880,7439.14,,,,353.96,,,,1.0,2009.51,765,3835,3.95,기계,KOSDAQ
058630,917.4,,,,175.55,,,,1.0,-633.77,743,3960,4.64,게임엔터테인먼트,KOSDAQ
084730,5365.86,,,,158.92,,,,0.575,726.74,728,6550,,전자제품,KOSDAQ
263800,1038.16,,,,12.17,,,,,-71.83,742,4575,,IT서비스,KOSDAQ
083790,273.91,,,,-237.57,,,,,477.68,764,993,,생명과학도구및서비스,KOSDAQ
208140,1608.76,,,,67.52,,,,1.0,414.57,740,2265,12.18,식품,KOSDAQ
302430,385.68,,,,-57.03,,,,1.0,-200.2,724,7390,,전기제품,KOSDAQ
038680,4574.07,,,,106.6,,,,0.9073,-147.43,740,3715,16.22,IT서비스,KOSDAQ
382840,1491.0,,,,69.78,,,,1.0,-454.7,761,4985,,전기제품,KOSDAQ
053280,6264.7,,,,29.36,,,,1.0,1704.06,720,2880,,인터넷과카탈로그소매,KOSDAQ
080010,1037.83,,,,229.17,,,,0.7078,-696.54,738,7500,5.05,다각화된소비자서비스,KOSDAQ
011320,4301.83,,,,144.24,,,,1.0,420.41,736,3810,6.82,자동차부품,KOSDAQ
187420,433.7,,,,12.06,,,,0.9866,60.14,757,2320,3.35,생물공학,KOSDAQ
110790,3119.45,,,,-47.27,,,,1.0,2329.25,716,3055,5.58,"섬유,의류,신발,호화품",KOSDAQ
090470,306.61,,,,-236.66,,,,,305.19,734,4200,,전자장비와기기,KOSDAQ
065510,1180.43,,,,55.53,,,,1.0,700.4,731,6720,,건강관리장비와용품,KOSDAQ
109670,1697.22,,,,1.51,,,,1.0,-62.76,751,12870,,"섬유,의류,신발,호화품",KOSDAQ
024740,1265.95,,,,35.2,,,,0.7868,103.44,730,2220,49.69,자동차부품,KOSDAQ
117670,822.8,,,,-20.44,,,,,-239.76,713,10700,,반도체와반도체장비,KOSDAQ
168330,222.27,,,,-32.95,,,,,84.16,746,2350,,화장품,KOSDAQ
377480,97.86,,,,-63.76,,,,,83.85,729,10250,,IT서비스,KOSDAQ
048430,1972.54,,,,18.14,,,,1.0,-702.26,708,6150,6.42,자동차부품,KOSDAQ
104040,284.78,,,,-79.25,,,,1.0,1142.26,707,2635,35.07,자동차부품,KOSDAQ
262260,1470.8,,,,-58.35,,,,1.0,1211.96,726,4815,,전자장비와기기,KOSDAQ
371950,323.63,,,,-199.34,,,,,473.14,742,3150,,디스플레이장비및부품,KOSDAQ
045660,1602.13,,,,86.99,,,,1.0,223.83,705,8530,150.64,컴퓨터와주변기기,KOSDAQ
039010,1533.33,,,,70.15,,,,1.0,-193.74,725,8410,6.82,통신장비,KOSDAQ
171120,1302.72,,,,113.72,,,,1.0,-393.16,722,2010,8.5,건축자재,KOSDAQ
0155E0,140.79,,,,-23.95,,,,,-16.17,699,12740,,반도체와반도체장비,KOSDAQ
012790,805.64,,,,73.86,,,,,-406.94,740,6170,,제약,KOSDAQ
039980,436.36,,,,-46.9,,,,,-31.92,720,5010,,IT서비스,KOSDAQ
234920,82.3,,,,-36.56,,,,,297.85,718,5310,,건강관리장비와용품,KOSDAQ
136150,296.17,,,,-17.5,,,,,-8.62,697,8320,,에너지장비및서비스,KOSDAQ
060590,1237.69,,,,62.5,,,,1.0,221.11,736,3045,22.71,제약,KOSDAQ
337930,2740.97,,,,173.49,,,,0.9626,-5.29,697,2400,5.92,"섬유,의류,신발,호화품",KOSDAQ
347000,367.25,,,,25.05,,,,1.0,-168.67,713,1887,14.34,전자장비와기기,KOSDAQ
170030,3679.11,3697.0,3882.0,,123.12,164.0,182.0,,1.0,-369.24,732,4770,6.18,자동차부품,KOSDAQ
067170,8521.39,,,,-22.63,,,,,2289.1,692,2520,,기계,KOSDAQ
128660,3489.57,,,,122.27,,,,0.9019,707.81,712,2870,9.34,비철금속,KOSDAQ
217330,260.55,,,,-81.63,,,,,-81.28,710,3070,,건강관리업체및서비스,KOSDAQ
320000,114.63,,,,-50.48,,,,,478.65,729,10550,,전자장비와기기,KOSDAQ
026150,1490.21,,,,-316.45,,,,0.8652,236.44,690,3930,,건설,KOSDAQ
460940,76.39,,,,10.02,,,,1.0,-267.88,689,5120,25.05,건강관리장비와용품,KOSDAQ
096350,598.77,,,,-1.44,,,,0.8343,566.88,705,1912,,조선,KOSDAQ
487400,177.81,,,,-17.59,,,,,-32.27,726,7080,,통신장비,KOSDAQ
214260,309.88,338.0,,,-30.34,,,,,152.27,685,7680,,화장품,KOSDAQ
212710,322.21,619.0,,,-58.41,90.0,,,1.0,227.47,684,7040,,반도체와반도체장비,KOSDAQ
061040,2660.08,,,,-251.88,,,,1.0,-196.17,701,7750,,핸드셋,KOSDAQ
413390,754.54,,,,44.09,,,,1.0,160.59,722,6400,20.79,전기제품,KOSDAQ
123420,1252.65,,,,107.44,,,,0.8986,-376.39,681,6550,3.61,게임엔터테인먼트,KOSDAQ
228670,1113.23,,,,-97.88,,,,1.0,278.08,681,4355,21.7,건강관리장비와용품,KOSDAQ
076610,1603.35,,,,-67.37,,,,,424.73,697,1145,,핸드셋,KOSDAQ
104460,3962.56,,,,285.69,,,,1.0,170.8,719,6840,2.83,기계,KOSDAQ
040350,108.61,,,,-64.09,,,,,315.44,678,3415,,IT서비스,KOSDAQ
456070,52.59,,,,-179.03,,,,,-182.6,675,6120,,제약,KOSDAQ
054620,848.67,,,,-68.49,,,,0.9106,399.15,693,3765,,반도체와반도체장비,KOSDAQ
303360,151.2,,,,37.21,,,,,-136.61,672,5220,,건강관리장비와용품,KOSDAQ
054040,4177.73,,,,228.61,,,,1.0,565.02,714,4440,3.47,디스플레이장비및부품,KOSDAQ
004780,2665.62,,,,103.02,,,,,-409.66,672,4225,,포장재,KOSDAQ
153710,223.45,,,,-24.14,,,,,14.49,690,4705,,제약,KOSDAQ
332370,490.83,,,,108.76,,,,0.9986,-370.58,711,5360,6.9,컴퓨터와주변기기,KOSDAQ
950220,0.95,,,,-252.2,,,,,-253.37,669,1955,,제약,KOSDAQ
0156T0,288.77,,,,93.28,,,,,-374.98,668,8580,,제약,KOSDAQ
123010,383.76,,,,2.08,,,,,9.12,686,3395,,핸드셋,KOSDAQ
032850,359.83,,,,58.61,,,,1.0,-251.41,706,4250,9.58,건강관리기술,KOSDAQ
0004V0,630.94,,,,-39.28,,,,,236.9,665,6040,,기계,KOSDAQ
451220,329.44,500.0,,,1.59,40.0,,,1.0,5.42,665,8440,68.35,반도체와반도체장비,KOSDAQ
019540,8550.63,,,,480.24,,,,1.0,1830.49,682,5050,1.49,자동차부품,KOSDAQ
092040,419.81,,,,-171.39,,,,,491.74,702,993,,생물공학,KOSDAQ
100030,189.22,,,,23.4,,,,1.0,-1309.1,660,20100,3.09,소프트웨어,KOSDAQ
265560,1086.14,,,,180.42,,,,1.0,-162.21,679,6350,3.56,자동차부품,KOSDAQ
208370,308.25,,,,-1.62,,,,1.0,-249.83,698,2710,17.95,건강관리장비와용품,KOSDAQ
041460,367.46,,,,67.27,,,,1.0,-182.42,630,3315,13.5,IT서비스,KOSDAQ
067370,136.73,,,,50.36,,,,,254.36,657,5380,,생물공학,KOSDAQ
204840,352.68,,,,2.68,,,,1.0,176.25,673,4340,5608.33,제약,KOSDAQ
049550,775.34,,,,8.02,,,,1.0,519.14,694,3540,27.68,컴퓨터와주변기기,KOSDAQ
046210,150.5,,,,-34.4,,,,,-183.23,652,1432,,생명과학도구및서비스,KOSDAQ
222110,134.17,,,,15.06,,,,,-120.0,648,4795,,생물공학,KOSDAQ
010280,5720.27,6363.0,7066.0,7792.0,208.71,354.0,402.0,467.0,0.9813,-18.78,669,5140,2.91,IT서비스,KOSDAQ
483350,306.67,,,,16.13,,,,1.0,-265.96,691,3120,19.03,IT서비스,KOSDAQ
065170,65.06,,,,-28.25,,,,,-23.38,642,2300,,건강관리업체및서비스,KOSDAQ
205470,301.13,,,,-105.53,,,,,-1564.25,642,2600,,생명과학도구및서비스,KOSDAQ
049470,248.41,,,,-45.2,,,,,-102.6,665,2825,,소프트웨어,KOSDAQ
417790,491.14,,,,132.55,,,,,-720.27,687,6560,,전자장비와기기,KOSDAQ
097800,755.48,,,,-142.89,,,,,495.09,637,2335,,반도체와반도체장비,KOSDAQ
036000,102.58,,,,-14.2,,,,,-1728.48,636,2760,,출판,KOSDAQ
096250,347.3,,,,1.14,,,,1.0,-456.03,662,5600,37.76,소프트웨어,KOSDAQ
294140,74.57,,,,-71.45,,,,,96.71,683,2740,,화학,KOSDAQ
067920,1432.57,,,,160.09,,,,1.0,-486.14,633,5760,,IT서비스,KOSDAQ
043650,674.99,,,,-8.32,,,,0.999,-504.85,632,3540,10.12,음료,KOSDAQ
008370,876.35,,,,65.96,,,,,-428.79,658,5480,,화학,KOSDAQ
002800,1137.78,,,,107.9,,,,1.0,370.93,680,4480,7.32,제약,KOSDAQ
347860,147.96,,,,-102.49,,,,,-118.46,631,1497,,소프트웨어,KOSDAQ
081150,2092.35,,,,52.37,,,,,598.75,631,2600,,비철금속,KOSDAQ
038460,4827.76,,,,225.69,,,,1.0,527.5,715,2830,7.94,전기장비,KOSDAQ
014970,942.56,,,,65.17,,,,1.0,145.84,654,4410,10.8,포장재,KOSDAQ
109860,917.07,,,,14.32,,,,0.9994,-91.09,674,7410,13.36,기계,KOSDAQ
001840,1151.91,,,,32.9,,,,,16.75,626,2215,,건설,KOSDAQ
214680,1163.04,,,,-138.94,,,,,541.05,644,3860,,건강관리장비와용품,KOSDAQ
067570,16238.9,,,,-218.7,,,,0.5757,7524.84,692,1641,,자동차부품,KOSDAQ
221800,255.93,,,,-23.58,,,,,-78.12,624,3825,,건강관리업체및서비스,KOSDAQ
064240,979.96,,,,-28.76,,,,,-417.74,624,1799,2713.04,전문소매,KOSDAQ
137080,544.97,,,,-88.38,,,,1.0,-541.84,667,6230,1.67,디스플레이장비및부품,KOSDAQ
091590,726.92,,,,37.5,,,,0.9908,-98.76,728,6200,6.66,건설,KOSDAQ
089790,383.79,,,,-21.97,,,,1.0,-428.72,622,6030,,반도체와반도체장비,KOSDAQ
294090,36.7,,,,-222.38,,,,,192.25,623,1490,,건강관리장비와용품,KOSDAQ
024830,2116.16,,,,30.57,,,,,-1850.76,703,8420,,자동차부품,KOSDAQ
111710,167.71,,,,40.94,,,,,-461.9,663,3220,,"호텔,레스토랑,레저",KOSDAQ
122350,5705.39,,,,82.77,,,,0.7676,4177.29,621,1620,,자동차부품,KOSDAQ
039420,475.75,,,,104.83,,,,0.9239,-401.32,618,2695,6.65,IT서비스,KOSDAQ
424960,93.97,,,,-52.7,,,,,-253.11,631,3830,,자동차부품,KOSDAQ
277880,2646.53,,,,82.45,,,,1.0,349.16,698,3520,18.05,전자장비와기기,KOSDAQ
214270,2722.9,,,,305.18,,,,,141.13,616,1362,,양방향미디어와서비스,KOSDAQ
014470,3194.84,,,,17.53,,,,1.0,-91.03,613,1074,26.33,가정용기기와용품,KOSDAQ
006140,1785.52,,,,109.6,,,,,33.94,654,4400,,건강관리장비와용품,KOSDAQ
241690,1071.6,,,,20.55,,,,1.0,537.16,626,2560,,자동차부품,KOSDAQ
082210,1957.37,2287.0,2630.0,,-31.1,140.0,237.0,,1.0,1191.2,611,1747,,전자장비와기기,KOSDAQ
010240,1370.24,,,,148.98,,,,1.0,-411.34,611,5220,5.01,기계,KOSDAQ
048770,863.28,,,,-23.0,,,,,329.65,648,4125,,기계,KOSDAQ
095270,805.33,,,,-16.42,,,,1.0,-92.29,624,4345,42.28,우주항공과국방,KOSDAQ
352910,335.35,,,,-37.24,,,,1.0,-185.58,607,4805,,소프트웨어,KOSDAQ
094850,921.25,,,,97.82,,,,,-861.38,609,4350,,"호텔,레스토랑,레저",KOSDAQ
393210,272.64,,,,-23.73,,,,1.0,226.64,624,3995,,IT서비스,KOSDAQ
299170,517.06,,,,39.16,,,,1.0,46.58,623,1502,,제약,KOSDAQ
010470,2277.08,,,,89.2,,,,1.0,-860.36,604,5040,7.78,광고,KOSDAQ
900300,1832.91,,,,-614.77,,,,,-2029.82,603,2930,,화장품,KOSDAQ
155650,1727.77,,,,45.74,,,,1.0,-68.51,634,3340,47.96,디스플레이장비및부품,KOSDAQ
066670,1886.19,,,,-17.65,,,,1.0,-1406.03,622,3325,16.49,핸드셋,KOSDAQ
216050,504.9,,,,115.12,,,,1.0,-1356.05,600,4920,5.01,광고,KOSDAQ
950200,591.92,,,,-22.55,,,,,13.49,599,3115,,생명과학도구및서비스,KOSDAQ
318160,510.66,,,,93.17,,,,1.0,90.67,659,7060,7.56,화장품,KOSDAQ
089850,6678.87,,,,214.57,,,,0.5675,1688.68,616,4185,,전자제품,KOSDAQ
033310,865.5,,,,27.68,,,,1.0,144.82,594,1487,,자동차부품,KOSDAQ
050960,307.12,,,,50.97,,,,,-336.74,593,8790,,소프트웨어,KOSDAQ
056360,626.0,,,,3.06,,,,1.0,-327.57,611,6240,17.61,통신장비,KOSDAQ
039610,814.49,,,,-16.48,,,,1.0,208.13,628,6030,,기계,KOSDAQ
036090,4830.26,,,,258.4,,,,0.3249,1444.27,591,1389,7.59,디스플레이장비및부품,KOSDAQ
053620,1403.52,,,,23.93,,,,1.0,-889.54,592,6880,4.99,가정용품,KOSDAQ
417970,765.02,,,,80.72,,,,1.0,-330.48,670,10480,9.81,기계,KOSDAQ
203400,8.8,,,,-193.72,,,,,-46.86,609,676,,제약,KOSDAQ
225190,214.06,,,,-168.51,,,,1.0,-37.93,588,4175,,전자장비와기기,KOSDAQ
039020,4471.15,,,,-12.43,,,,,2070.23,588,2605,,건축자재,KOSDAQ
290660,160.53,,,,-29.02,,,,,-60.78,604,1409,,건강관리장비와용품,KOSDAQ
033130,399.02,,,,55.09,,,,1.0,-339.81,638,1720,11.71,IT서비스,KOSDAQ
003310,1009.83,,,,106.35,,,,1.0,-156.74,585,1654,8.66,식품,KOSDAQ
099520,251.73,,,,-33.0,,,,1.0,-23.66,581,1284,,통신장비,KOSDAQ
049480,2331.27,,,,79.21,,,,0.9525,-254.76,602,1917,8.3,컴퓨터와주변기기,KOSDAQ
382480,362.2,,,,11.24,,,,1.0,-60.13,634,1612,60.55,전기제품,KOSDAQ
045340,274.95,,,,93.58,,,,,-320.65,580,6780,,운송인프라,KOSDAQ
448710,681.14,,,,83.15,,,,,223.43,579,10950,,우주항공과국방,KOSDAQ
365660,159.54,,,,-6.63,,,,,-188.51,595,4425,,건강관리업체및서비스,KOSDAQ
127710,731.45,,,,54.79,,,,1.0,427.05,596,1354,19.17,출판,KOSDAQ
238090,504.14,,,,48.14,,,,0.9977,47.59,577,1894,11.02,핸드셋,KOSDAQ
053050,1700.81,,,,73.43,,,,,287.08,577,1923,,가스유틸리티,KOSDAQ
054300,671.61,,,,-27.92,,,,,433.33,593,1019,,해운사,KOSDAQ
126880,1472.93,,,,31.54,,,,1.0,-270.22,592,2555,20.27,석유와가스,KOSDAQ
263690,1027.46,,,,90.25,,,,1.0,-62.49,572,5050,8.44,건강관리장비와용품,KOSDAQ
457600,445.44,,,,-34.29,,,,0.8701,132.42,571,4165,,교육서비스,KOSDAQ
460870,557.88,,,,49.43,,,,,239.33,610,3040,,포장재,KOSDAQ
191420,59.41,,,,-44.24,,,,1.0,-271.92,590,7270,,생물공학,KOSDAQ
278650,740.5,,,,-86.17,,,,,-39.99,567,3250,,생명과학도구및서비스,KOSDAQ
251630,490.02,,,,-128.29,,,,,51.33,568,3565,,기계,KOSDAQ
331740,254.79,,,,-135.2,,,,,255.98,606,6210,,자동차부품,KOSDAQ
060310,290.22,283.87,,,-58.31,-51.07,,,1.0,-63.57,587,1106,,기계,KOSDAQ
033230,3427.38,,,,-42.77,,,,,-56.64,562,1112,,IT서비스,KOSDAQ
215360,5320.38,,,,186.74,,,,0.9874,757.41,561,6140,4.0,자동차부품,KOSDAQ
291230,272.31,,,,-30.48,,,,,36.41,622,2590,,광고,KOSDAQ
065530,755.39,,,,54.76,,,,1.0,295.69,603,1260,13.26,무선통신서비스,KOSDAQ
081180,592.06,,,,-30.64,,,,,117.63,556,6300,,전자장비와기기,KOSDAQ
340930,600.15,,,,-27.13,,,,,326.79,555,806,,전자장비와기기,KOSDAQ
273640,291.09,,,,17.43,,,,,63.82,578,5270,,전기제품,KOSDAQ
463020,188.19,,,,-11.1,,,,,-443.26,618,6880,,IT서비스,KOSDAQ
333620,488.36,,,,-61.07,,,,1.0,2.59,551,5010,,전자장비와기기,KOSDAQ
420570,329.66,520.0,,,29.2,90.0,,,1.0,-88.64,550,9400,20.58,화장품,KOSDAQ
291650,35.05,,,,-78.01,,,,,-58.31,575,1884,,생명과학도구및서비스,KOSDAQ
054930,3855.02,,,,92.44,,,,,-253.29,545,18150,,건설,KOSDAQ
419080,54.15,,,,-62.8,,,,,-44.45,544,5000,,디스플레이장비및부품,KOSDAQ
314140,1362.19,,,,50.87,,,,,-5.2,520,6000,,제약,KOSDAQ
170790,656.35,,,,54.03,,,,1.0,-354.97,541,8450,7.19,통신장비,KOSDAQ
317530,56.83,,,,-35.56,,,,,185.1,569,3250,,양방향미디어와서비스,KOSDAQ
024950,1755.6,,,,124.25,,,,0.5068,-751.38,539,4350,9.19,레저용장비와제품,KOSDAQ
315640,74.72,,,,-105.57,,,,,-90.41,639,2175,,IT서비스,KOSDAQ
007370,1206.86,,,,25.26,,,,,687.5,565,4000,,제약,KOSDAQ
391710,301.0,,,,-27.42,,,,,-61.54,538,1263,,IT서비스,KOSDAQ
053160,231.36,,,,3.88,,,,1.0,-321.57,558,9300,62.07,기계,KOSDAQ
059270,150.78,,,,-6.21,,,,,-147.21,581,5200,,기계,KOSDAQ
246690,196.18,,,,90.23,,,,1.0,,512,2155,7.29,창업투자,KOSDAQ
459100,1687.22,,,,25.91,,,,0.6786,729.12,534,3965,27.61,핸드셋,KOSDAQ
061250,1008.17,,,,-22.8,,,,,-895.91,551,6550,,제약,KOSDAQ
037440,2318.73,2509.0,2964.0,3140.0,91.41,95.0,133.0,135.0,1.0,60.51,578,4155,7.4,건설,KOSDAQ
261520,212.5,,,,-67.99,,,,,-78.79,531,5170,,IT서비스,KOSDAQ
196300,49.62,,,,-73.2,,,,,-69.95,531,5590,,생물공학,KOSDAQ
175140,554.91,,,,-116.29,,,,,-91.0,576,2310,,전자제품,KOSDAQ
348150,692.92,,,,-96.51,,,,,-313.59,529,2725,,건강관리업체및서비스,KOSDAQ
043610,3028.54,,,,161.69,,,,0.6356,-794.18,656,1129,,방송과엔터테인먼트,KOSDAQ
109080,257.27,,,,45.14,,,,,-247.81,526,9330,,통신장비,KOSDAQ
192250,483.94,,,,28.95,,,,1.0,88.49,569,8050,23.73,소프트웨어,KOSDAQ
241790,1680.41,,,,89.98,,,,0.9869,79.92,625,6250,14.86,반도체와반도체장비,KOSDAQ
443250,564.58,,,,88.79,,,,0.8294,-464.43,543,5020,10.21,양방향미디어와서비스,KOSDAQ
348080,24.57,,,,-103.35,,,,,-24.42,519,4045,,생물공학,KOSDAQ
270520,168.95,,,,-111.57,,,,,651.88,566,1415,,에너지장비및서비스,KOSDAQ
025550,2194.0,,,,81.75,,,,0.2,1328.96,588,2305,179.82,철강,KOSDAQ
179530,128.97,,,,-35.01,,,,,0.02,515,1749,,제약,KOSDAQ
053270,4261.81,,,,243.11,,,,1.0,3985.39,539,1965,2.39,자동차부품,KOSDAQ
435570,356.28,,,,2.7,,,,1.0,260.41,536,7040,,식품,KOSDAQ
036120,412.58,,,,67.58,,,,1.0,-270.77,581,1654,8.38,상업서비스와공급품,KOSDAQ
347740,227.83,,,,39.4,,,,1.0,-317.91,512,1707,10.93,생명과학도구및서비스,KOSDAQ
024910,7053.4,,,,73.44,,,,0.8226,2055.72,534,1492,,자동차부품,KOSDAQ
459550,1129.48,,,,89.67,,,,1.0,-356.25,532,2110,10.48,핸드셋,KOSDAQ
015710,957.71,,,,29.99,,,,,-290.71,511,2915,,통신장비,KOSDAQ
408470,664.48,,,,82.29,,,,1.0,-362.09,511,4830,7.74,IT서비스,KOSDAQ
005670,3203.28,,,,183.53,,,,0.8357,690.05,632,6320,6.31,식품,KOSDAQ
464490,106.98,,,,-63.84,,,,,-92.59,529,4600,,생물공학,KOSDAQ
092300,2373.55,,,,110.39,,,,1.0,-222.79,505,2505,6.68,전자장비와기기,KOSDAQ
217480,300.69,,,,-63.25,,,,,-170.39,548,499,,화장품,KOSDAQ
094940,234.76,,,,-10.13,,,,1.0,-72.04,508,6070,,컴퓨터와주변기기,KOSDAQ
104620,1197.04,,,,22.39,,,,1.0,39.15,521,3100,,"호텔,레스토랑,레저",KOSDAQ
052790,699.28,,,,285.87,,,,1.0,-931.09,543,4970,1.71,게임엔터테인먼트,KOSDAQ
019990,235.32,,,,-41.05,,,,1.0,-57.63,503,5160,,기계,KOSDAQ
179900,199.72,,,,-483.11,,,,,788.1,504,2335,,핸드셋,KOSDAQ
027050,736.77,,,,-43.94,,,,1.0,-102.77,515,1288,,화장품,KOSDAQ
263600,1769.47,,,,15.78,,,,1.0,544.79,539,3385,7.8,핸드셋,KOSDAQ
071670,3054.9,,,,6.11,,,,1.0,1049.92,502,5020,108.89,기계,KOSDAQ
046940,3763.49,,,,671.89,,,,1.0,-204.38,500,2765,1.04,건설,KOSDAQ
288180,539.08,,,,26.39,,,,1.0,141.76,560,7570,36.01,우주항공과국방,KOSDAQ
321820,466.5,,,,-39.59,,,,1.0,-71.71,497,3190,38.29,방송과엔터테인먼트,KOSDAQ
104540,1004.29,,,,91.16,,,,0.8981,32.79,537,4005,8.58,건강관리장비와용품,KOSDAQ
122310,1080.42,,,,-2.43,,,,1.0,164.25,498,3420,65.7,건강관리장비와용품,KOSDAQ
088280,182.06,,,,-66.61,,,,,4.75,552,3190,,핸드셋,KOSDAQ
453860,245.6,,,,-1.1,,,,,295.11,496,7690,,화장품,KOSDAQ
340810,139.7,,,,-112.71,,,,,29.62,534,3825,,소프트웨어,KOSDAQ
0013V0,1094.98,,,,59.56,,,,1.0,84.04,495,4990,9.52,식품,KOSDAQ
043710,356.68,,,,-83.32,,,,1.0,1489.03,531,3065,,건강관리업체및서비스,KOSDAQ
340360,632.02,,,,-19.01,,,,,102.23,490,924,,통신장비,KOSDAQ
036670,1168.4,,,,108.94,,,,,-431.43,549,5100,,화학,KOSDAQ
059100,346.49,,,,60.4,,,,,-139.48,491,6940,,디스플레이장비및부품,KOSDAQ
064800,448.91,,,,-211.21,,,,1.0,-449.92,525,2055,3.31,전문소매,KOSDAQ
033170,1030.47,,,,-238.32,,,,,396.98,486,2835,,반도체와반도체장비,KOSDAQ
033320,3138.39,,,,77.0,,,,0.9385,-283.59,590,3085,6.76,컴퓨터와주변기기,KOSDAQ
042110,2161.37,,,,63.06,,,,1.0,-687.08,488,1009,7.63,전기제품,KOSDAQ
317850,407.31,,,,19.1,,,,1.0,66.24,517,6210,27.3,기계,KOSDAQ
370090,121.44,,,,-71.63,,,,,-278.02,516,6030,,전자장비와기기,KOSDAQ
232830,2695.51,,,,-3.03,,,,,382.69,481,2910,,IT서비스,KOSDAQ
217500,270.7,,,,-51.73,,,,1.0,-141.42,480,1509,,반도체와반도체장비,KOSDAQ
039240,3571.39,,,,59.58,,,,,-134.99,515,1907,,철강,KOSDAQ
440290,174.01,,,,72.58,,,,,,476,1731,,창업투자,KOSDAQ
376290,2165.13,,,,54.2,,,,1.0,-638.71,514,2910,37.68,핸드셋,KOSDAQ
189860,681.07,,,,-88.0,,,,,-1.65,476,4905,,전기장비,KOSDAQ
105760,914.26,,,,33.84,,,,1.0,-175.89,512,5020,13.55,상업서비스와공급품,KOSDAQ
321260,315.34,,,,27.72,,,,1.0,-334.21,470,1667,12.0,디스플레이장비및부품,KOSDAQ
023440,410.58,,,,-84.78,,,,,378.16,470,521,,철강,KOSDAQ
088910,3254.58,,,,131.51,,,,1.0,-428.19,511,1987,1.81,식품,KOSDAQ
382150,3.7,,,,-88.28,,,,,-162.29,509,3905,,생명과학도구및서비스,KOSDAQ
360350,133.9,,,,-15.29,,,,1.0,10.05,467,8590,,전자장비와기기,KOSDAQ
452400,1225.88,,,,-10.01,,,,1.0,-244.48,508,5600,205.67,전기제품,KOSDAQ
178780,339.06,,,,20.37,,,,1.0,-205.65,466,2500,8.82,전문소매,KOSDAQ
393970,845.13,,,,-203.62,,,,1.0,620.77,504,2825,,전기제품,KOSDAQ
163280,280.76,,,,30.89,,,,,-43.77,504,3705,,화학,KOSDAQ
199550,256.95,,,,-120.45,,,,1.0,-58.24,463,3120,,건강관리장비와용품,KOSDAQ
053450,4348.69,,,,30.06,,,,0.9599,752.77,463,3130,9.68,전자장비와기기,KOSDAQ
256630,359.65,,,,8.32,,,,1.0,-183.29,503,4340,,디스플레이장비및부품,KOSDAQ
424980,222.28,,,,-34.09,,,,,-0.79,503,8500,,반도체와반도체장비,KOSDAQ
037950,462.91,,,,22.17,,,,1.0,-88.78,458,2710,18.51,전자장비와기기,KOSDAQ
131400,589.57,,,,-31.76,,,,1.0,-186.04,456,766,,전자장비와기기,KOSDAQ
044340,3695.36,,,,-606.72,,,,1.0,2478.93,498,2785,,가정용기기와용품,KOSDAQ
060560,2988.24,,,,-185.14,,,,0.8196,2049.95,499,1967,,건축자재,KOSDAQ
317870,142.79,,,,-62.22,,,,,238.38,454,5140,,가정용기기와용품,KOSDAQ
072470,7050.03,,,,342.4,,,,0.5794,866.49,454,2405,4.13,자동차부품,KOSDAQ
317830,616.13,,,,-7.64,,,,,-227.05,497,4610,,기계,KOSDAQ
219550,449.03,,,,-4.9,,,,,98.15,497,1200,,화장품,KOSDAQ
051390,165.38,,,,57.77,,,,1.0,-261.55,452,3980,8.9,판매업체,KOSDAQ
198080,2952.01,,,,242.73,,,,1.0,-278.87,451,2095,2.32,핸드셋,KOSDAQ
355690,704.26,,,,-65.41,,,,,210.23,495,5170,,전자장비와기기,KOSDAQ
063440,533.25,,,,45.76,,,,1.0,-232.18,495,1092,9.0,방송과엔터테인먼트,KOSDAQ
114450,403.4,,,,2.04,,,,,-141.11,449,2245,,제약,KOSDAQ
094970,2002.25,,,,131.41,,,,0.8969,-662.47,449,2680,3.15,디스플레이장비및부품,KOSDAQ
311690,36.93,,,,-247.86,,,,,-321.75,489,3745,,생명과학도구및서비스,KOSDAQ
463480,674.11,,,,-17.23,,,,1.0,0.02,489,3945,,자동차부품,KOSDAQ
083550,1354.14,,,,-3.93,,,,1.0,112.16,446,3290,10.63,"섬유,의류,신발,호화품",KOSDAQ
033340,725.99,,,,-60.84,,,,1.0,183.29,446,460,,"섬유,의류,신발,호화품",KOSDAQ
145170,6021.68,,,,133.4,,,,1.0,2084.18,482,2850,9.48,"섬유,의류,신발,호화품",KOSDAQ
384470,42.84,,,,-134.45,,,,,-62.42,485,2705,,건강관리기술,KOSDAQ
263700,816.94,,,,-28.77,,,,0.9829,-224.68,445,2290,2.32,건강관리업체및서비스,KOSDAQ
222420,356.38,,,,31.7,,,,,308.52,444,918,,화학,KOSDAQ
014190,2847.61,,,,33.09,,,,1.0,25.68,479,1354,17.08,화학,KOSDAQ
418250,11.69,,,,-42.87,,,,,-8.69,476,6550,,소프트웨어,KOSDAQ
900250,698.62,,,,107.16,,,,0.8251,-3330.26,443,1238,,비철금속,KOSDAQ
288330,0.09,,,,-151.54,,,,,19.92,441,416,,제약,KOSDAQ
361570,464.77,,,,1.69,,,,,279.3,476,1655,,방송과엔터테인먼트,KOSDAQ
038010,1335.79,,,,71.42,,,,0.9717,-426.46,474,5270,4.77,조선,KOSDAQ
066130,1769.39,,,,103.54,,,,,-100.69,440,3435,,가정용기기와용품,KOSDAQ
286750,59.77,,,,-65.81,,,,1.0,3.28,440,2745,,화학,KOSDAQ
189980,993.78,,,,85.32,,,,0.9725,1143.9,469,1168,6.04,음료,KOSDAQ
150900,466.76,,,,25.36,,,,0.9783,-80.56,468,4000,17.58,소프트웨어,KOSDAQ
224110,642.77,,,,61.71,,,,,-257.14,435,8570,,컴퓨터와주변기기,KOSDAQ
479960,312.47,,,,52.71,,,,,-142.52,434,6090,,전기장비,KOSDAQ
373160,1238.6,,,,45.72,,,,1.0,-150.09,465,3420,9.81,교육서비스,KOSDAQ
413640,314.48,,,,8.66,,,,1.0,-193.64,432,6000,18.05,IT서비스,KOSDAQ
073110,695.74,,,,-96.21,,,,,614.94,463,5210,,디스플레이장비및부품,KOSDAQ
099410,418.79,,,,92.89,,,,,-66.63,432,3085,,조선,KOSDAQ
476040,24.07,,,,-162.0,,,,,-175.36,458,6960,,생물공학,KOSDAQ
229000,75.48,,,,-65.68,,,,,107.69,458,1957,,건강관리장비와용품,KOSDAQ
307280,352.44,,,,79.26,,,,1.0,-66.02,427,6020,6.46,건강관리장비와용품,KOSDAQ
140520,3985.74,,,,33.55,,,,1.0,605.99,424,2010,14.85,철강,KOSDAQ
471820,221.84,,,,28.35,,,,1.0,-91.18,456,4030,15.37,제약,KOSDAQ
129890,834.28,,,,31.77,,,,1.0,266.99,421,925,6.57,컴퓨터와주변기기,KOSDAQ
053980,1363.52,,,,110.01,,,,1.0,-485.48,455,2395,4.39,소프트웨어,KOSDAQ
032960,215.51,,,,-0.62,,,,0.9911,-402.21,420,2390,6.48,전자장비와기기,KOSDAQ
068330,145.3,,,,45.46,,,,,-474.24,453,1024,,생명과학도구및서비스,KOSDAQ
065130,7984.98,,,,-352.19,,,,0.5681,256.78,441,2755,,핸드셋,KOSDAQ
159580,709.55,,,,25.16,,,,1.0,-48.65,420,2095,12.17,화장품,KOSDAQ
290670,261.47,,,,-104.43,,,,,64.57,420,5340,,전자장비와기기,KOSDAQ
072990,1075.27,,,,82.73,,,,1.0,575.06,451,3110,7.17,전자장비와기기,KOSDAQ
461030,53.29,,,,-86.64,,,,,-176.46,416,2900,,생명과학도구및서비스,KOSDAQ
317690,36.88,,,,-155.56,,,,,-242.37,449,2230,,생명과학도구및서비스,KOSDAQ
027830,92.52,,,,7.97,,,,,,415,769,,창업투자,KOSDAQ
466410,134.72,,,,46.74,,,,,-346.01,448,8900,,소프트웨어,KOSDAQ
007530,1771.46,,,,39.86,,,,1.0,521.69,412,1850,16.47,자동차부품,KOSDAQ
260930,892.3,,,,-56.66,,,,1.0,756.43,447,2310,,화장품,KOSDAQ
002290,851.77,,,,73.94,,,,,-821.9,411,3315,,건설,KOSDAQ
070300,185.37,,,,19.02,,,,,11.1,445,1252,190.99,핸드셋,KOSDAQ
042040,769.24,,,,-171.54,,,,,329.51,446,5140,,화학,KOSDAQ
189690,328.89,355.17,,,43.99,57.75,,,1.0,-291.11,409,1498,8.99,소프트웨어,KOSDAQ
452200,210.16,,,,-88.0,,,,,-56.2,409,1681,,전기제품,KOSDAQ
258610,816.98,,,,-8.13,,,,1.0,39.82,444,1218,,핸드셋,KOSDAQ
143540,805.04,,,,59.07,,,,1.0,-143.18,444,995,7.99,디스플레이장비및부품,KOSDAQ
465480,200.22,,,,25.5,,,,1.0,-126.57,403,3975,15.06,IT서비스,KOSDAQ
086060,907.89,,,,39.22,,,,1.0,-99.88,405,4700,10.69,제약,KOSDAQ
0010V0,484.67,,,,48.59,,,,1.0,-216.58,441,8640,8.39,건강관리장비와용품,KOSDAQ
084650,881.61,,,,-535.17,,,,,258.44,400,2695,,생명과학도구및서비스,KOSDAQ
277070,74.32,,,,36.03,,,,1.0,,453,3310,15.16,창업투자,KOSDAQ
184230,616.36,,,,148.24,,,,1.0,264.98,399,2120,2.28,소프트웨어,KOSDAQ
082850,10439.62,,,,9.52,,,,0.5765,50.77,440,4535,,디스플레이장비및부품,KOSDAQ
900340,1921.83,,,,149.3,,,,1.0,-1092.8,439,1235,3.96,식품,KOSDAQ
064090,72.12,,,,-60.79,,,,1.0,-220.09,397,798,,판매업체,KOSDAQ
049830,1415.48,,,,22.76,,,,,-327.9,396,6460,,포장재,KOSDAQ
056700,2291.36,,,,90.96,,,,1.0,274.7,413,1418,12.29,디스플레이장비및부품,KOSDAQ
022220,647.31,,,,-108.35,,,,,420.38,432,835,,건축제품,KOSDAQ
044960,433.23,,,,42.6,,,,,-64.59,393,3105,,제약,KOSDAQ
100660,465.01,,,,0.44,,,,0.9884,-283.87,392,3115,32.91,기계,KOSDAQ
460470,43.76,,,,-41.53,,,,,-129.14,432,2855,,생명과학도구및서비스,KOSDAQ
263020,1425.87,,,,122.27,,,,0.9113,-236.69,431,3115,5.47,"섬유,의류,신발,호화품",KOSDAQ
263770,579.67,,,,23.32,,,,,-174.83,391,1650,,철강,KOSDAQ
037230,2240.79,,,,99.45,,,,,662.9,389,1307,,포장재,KOSDAQ
007680,1121.22,,,,-137.54,,,,1.0,981.51,422,3195,,건설,KOSDAQ
238120,160.16,,,,24.43,,,,1.0,-4.7,422,2970,14.5,생명과학도구및서비스,KOSDAQ
101240,565.19,,,,101.72,,,,,9.23,386,3400,,화학,KOSDAQ
052220,400.46,,,,-76.32,,,,0.9727,-95.33,384,1669,,방송과엔터테인먼트,KOSDAQ
226340,460.13,,,,-83.3,,,,0.272,82.35,420,5010,,화장품,KOSDAQ
256150,694.44,,,,28.17,,,,,-129.41,420,5000,,가정용기기와용품,KOSDAQ
273060,455.21,,,,75.75,,,,1.0,327.24,383,3900,20.36,광고,KOSDAQ
352700,671.77,,,,-57.51,,,,1.0,-412.63,383,1456,,"섬유,의류,신발,호화품",KOSDAQ
190650,2514.14,2618.87,,,102.5,91.45,,,,,419,6560,,증권,KOSDAQ
199480,634.48,,,,-43.81,,,,,-125.77,419,4105,,IT서비스,KOSDAQ
122690,29418.52,,,,268.09,,,,0.2,10565.01,379,1641,,자동차부품,KOSDAQ
097870,243.87,219.74,,,34.69,24.16,,,0.9872,5.78,378,4450,13.44,화학,KOSDAQ
227950,287.64,,,,94.39,,,,1.0,0.92,415,1203,2.19,반도체와반도체장비,KOSDAQ
050120,139.32,,,,-128.34,,,,1.0,-24.78,433,3195,,레저용장비와제품,KOSDAQ
153460,191.89,,,,26.12,,,,,-229.06,375,5750,,소프트웨어,KOSDAQ
019770,2070.62,,,,119.12,,,,,57.86,375,3220,,자동차부품,KOSDAQ
261200,1142.45,,,,-104.14,,,,1.0,1021.6,411,2600,,건강관리장비와용품,KOSDAQ
208710,1287.35,,,,-0.46,,,,,153.4,368,2790,,핸드셋,KOSDAQ
066900,5431.96,,,,-578.19,,,,,2336.98,409,1800,,전자장비와기기,KOSDAQ
123570,322.6,,,,2.74,,,,1.0,-647.39,370,1660,18.87,광고,KOSDAQ
136410,602.73,,,,120.01,,,,0.9822,111.85,408,3705,4.62,화학,KOSDAQ
053950,559.44,,,,-17.32,,,,,-6.65,408,2080,,제약,KOSDAQ
081580,1827.39,,,,39.83,,,,1.0,-138.71,366,2360,2.96,핸드셋,KOSDAQ
250000,1022.96,,,,91.47,,,,1.0,-20.73,365,5410,158.7,식품과기본식료품소매,KOSDAQ
263810,1291.4,,,,25.63,,,,1.0,87.51,403,2530,23.24,전자장비와기기,KOSDAQ
373200,100.77,,,,-51.56,,,,,232.64,401,1600,,핸드셋,KOSDAQ
043910,373.09,,,,-39.76,,,,1.0,198.98,363,3200,,상업서비스와공급품,KOSDAQ
035460,994.73,,,,80.78,,,,0.7303,-93.72,363,2430,8.58,통신장비,KOSDAQ
450330,165.91,,,,9.03,,,,1.0,-77.78,399,4870,25.78,건강관리장비와용품,KOSDAQ
234100,2426.35,,,,33.5,,,,0.2,-1248.21,397,2720,94.52,자동차부품,KOSDAQ
051490,1846.33,,,,-0.8,,,,1.0,751.96,360,2535,6.84,기계,KOSDAQ
060540,1597.33,,,,39.11,,,,1.0,190.12,360,1377,45.74,핸드셋,KOSDAQ
218150,675.55,,,,-14.43,,,,1.0,-38.81,395,1933,,식품,KOSDAQ
065440,615.61,,,,15.35,,,,1.0,-170.55,393,1440,24.41,IT서비스,KOSDAQ
045060,1600.72,,,,56.22,,,,0.9922,-354.13,358,2115,6.42,화학,KOSDAQ
060850,798.83,,,,42.19,,,,1.0,-21.26,358,4405,5.58,소프트웨어,KOSDAQ
203450,513.24,,,,10.21,,,,1.0,57.79,392,2785,19.49,전자장비와기기,KOSDAQ
221840,846.21,,,,46.01,,,,0.8762,426.18,392,2095,18.97,우주항공과국방,KOSDAQ
057540,990.68,,,,10.17,,,,0.9985,-49.65,358,602,,전자장비와기기,KOSDAQ
068940,355.06,,,,-34.28,,,,1.0,28.46,357,778,,상업서비스와공급품,KOSDAQ
215380,375.87,,,,-39.04,,,,,197.3,389,2310,,생명과학도구및서비스,KOSDAQ
397810,305.99,,,,24.21,,,,0.9734,-207.34,354,6850,,광고,KOSDAQ
221980,628.97,,,,69.68,,,,1.0,-231.2,386,9570,11.01,화학,KOSDAQ
196450,2581.97,3098.0,,,52.72,71.0,,,1.0,196.2,353,3900,10.92,핸드셋,KOSDAQ
258790,257.22,,,,29.82,,,,1.0,173.87,353,7060,9.34,소프트웨어,KOSDAQ
025880,1217.71,,,,121.82,,,,0.9776,-39.43,384,2295,3.72,식품,KOSDAQ
177900,144.95,,,,-26.86,,,,,90.9,351,3650,,통신장비,KOSDAQ
039290,1350.96,,,,-42.05,,,,1.0,-131.15,353,4055,,IT서비스,KOSDAQ
046310,1489.22,,,,67.9,,,,0.5983,-168.66,382,2325,9.03,통신장비,KOSDAQ
186230,1057.15,,,,-9.52,,,,1.0,372.73,349,3200,,건축자재,KOSDAQ
050860,1132.96,1211.05,,,39.88,65.24,,,,106.22,380,1687,,기계,KOSDAQ
332290,1041.83,,,,41.18,,,,1.0,242.92,349,4400,34.02,화학,KOSDAQ
042940,186.12,,,,-68.46,,,,1.0,944.48,378,5530,,건설,KOSDAQ
026040,722.43,,,,7.06,,,,,-63.41,348,2110,,"섬유,의류,신발,호화품",KOSDAQ
121890,287.94,,,,11.01,,,,,-46.01,377,2835,,운송인프라,KOSDAQ
075130,456.13,,,,32.61,,,,1.0,-269.33,347,2155,15.35,소프트웨어,KOSDAQ
065500,1571.36,,,,9.12,,,,1.0,351.52,372,1042,20.7,자동차부품,KOSDAQ
363250,3.81,,,,-96.9,,,,,-9.32,371,4365,,건강관리장비와용품,KOSDAQ
204020,2017.18,,,,78.53,,,,1.0,179.49,346,1778,7.37,"섬유,의류,신발,호화품",KOSDAQ
220180,314.44,,,,-4.81,,,,1.0,-453.86,344,1439,42.11,소프트웨어,KOSDAQ
038070,770.91,,,,6.92,,,,1.0,-169.32,366,3940,50.0,생물공학,KOSDAQ
900270,1088.09,,,,-2.13,,,,1.0,-3268.02,343,2750,,레저용장비와제품,KOSDAQ
239890,301.19,302.0,380.0,490.0,21.94,23.0,43.0,70.0,,-146.81,354,3560,,디스플레이장비및부품,KOSDAQ
106240,428.76,,,,-64.13,,,,,309.11,343,1289,,디스플레이장비및부품,KOSDAQ
171010,426.82,,,,-9.54,,,,,491.62,365,2550,,반도체와반도체장비,KOSDAQ
208860,1137.34,,,,27.63,,,,1.0,6.59,384,11300,,자동차부품,KOSDAQ
045510,2009.03,,,,19.41,,,,1.0,172.0,338,1074,30.04,IT서비스,KOSDAQ
406820,549.22,,,,-31.59,,,,,333.7,338,2390,,화장품,KOSDAQ
014570,625.09,,,,69.13,,,,,-363.15,362,3290,,제약,KOSDAQ
049120,657.94,,,,-40.82,,,,,309.96,334,3155,,디스플레이장비및부품,KOSDAQ
207760,674.63,,,,-24.57,,,,,-207.61,335,2015,,양방향미디어와서비스,KOSDAQ
086040,470.17,,,,-48.1,,,,,391.04,361,2260,31.04,생명과학도구및서비스,KOSDAQ
284620,11.72,,,,-64.39,,,,,-7.42,360,1087,,제약,KOSDAQ
066360,4054.36,,,,284.82,,,,0.8322,1389.73,360,1500,1.51,식품,KOSDAQ
335810,199.26,,,,-53.81,,,,,42.51,333,1519,,생명과학도구및서비스,KOSDAQ
032790,285.91,,,,-102.74,,,,1.0,53.74,333,1296,,IT서비스,KOSDAQ
260660,2012.04,,,,9.89,,,,,201.74,358,2335,,제약,KOSDAQ
065950,2689.6,,,,-111.18,,,,,1600.88,332,1175,,건설,KOSDAQ
318410,516.48,,,,61.93,,,,1.0,-294.82,358,6440,6.5,가정용품,KOSDAQ
131090,134.38,,,,43.14,,,,,-440.08,332,4330,,소프트웨어,KOSDAQ
046390,372.66,,,,-15.48,,,,1.0,-112.99,356,2060,,방송과엔터테인먼트,KOSDAQ
037370,627.51,,,,-21.66,,,,,1083.89,367,4250,,비철금속,KOSDAQ
153490,1212.11,,,,2.87,,,,1.0,-7.8,331,3210,,디스플레이장비및부품,KOSDAQ
099220,874.54,,,,4.64,,,,,495.05,330,5250,,에너지장비및서비스,KOSDAQ
263050,102.95,,,,-189.19,,,,,143.98,353,959,,생물공학,KOSDAQ
219420,169.75,,,,12.19,,,,0.9873,-318.74,365,3180,13.03,소프트웨어,KOSDAQ
408900,163.91,,,,-21.46,,,,1.0,-218.84,328,1001,,방송과엔터테인먼트,KOSDAQ
006920,811.61,,,,-29.59,,,,0.2832,-71.87,328,3000,,건축자재,KOSDAQ
024120,2149.96,,,,85.31,,,,1.0,1071.73,351,3050,9.0,자동차부품,KOSDAQ
290120,3555.9,,,,219.21,,,,1.0,781.75,351,2215,2.52,자동차부품,KOSDAQ
087600,427.08,,,,-56.3,,,,,-40.93,325,3975,,반도체와반도체장비,KOSDAQ
099390,250.86,,,,21.1,,,,1.0,-463.87,324,3950,6.37,소프트웨어,KOSDAQ
057030,518.34,,,,9.5,,,,1.0,-253.73,334,2045,20.85,교육서비스,KOSDAQ
387570,95.23,,,,-25.8,,,,1.0,-18.45,349,6200,,건강관리장비와용품,KOSDAQ
089140,704.41,,,,22.82,,,,1.0,-391.99,323,2110,,기계,KOSDAQ
021650,2272.26,,,,79.33,,,,1.0,19.93,323,1977,6.99,자동차부품,KOSDAQ
452300,74.73,,,,23.39,,,,,,347,2450,,창업투자,KOSDAQ
446840,112.96,,,,-66.44,,,,,12.58,346,3140,,소프트웨어,KOSDAQ
0010F0,521.94,,,,51.19,,,,,307.5,322,2890,,화학,KOSDAQ
226330,34.29,,,,-107.65,,,,,-10.79,322,1326,,건강관리업체및서비스,KOSDAQ
434480,191.69,,,,9.43,,,,0.994,-152.18,344,2795,51.73,소프트웨어,KOSDAQ
064520,181.5,,,,-56.04,,,,1.0,-408.07,344,1537,,반도체와반도체장비,KOSDAQ
025440,4943.66,,,,-49.16,,,,1.0,1931.76,321,3290,,자동차부품,KOSDAQ
148930,300.85,,,,-31.68,,,,0.9997,-476.65,321,3150,9.32,전기제품,KOSDAQ
469750,230.01,,,,-3.91,,,,,-86.11,341,991,,전기제품,KOSDAQ
271830,387.42,,,,-41.27,,,,0.9997,178.65,319,1083,,핸드셋,KOSDAQ
104200,448.99,,,,-7.35,,,,,-183.59,320,2155,,방송과엔터테인먼트,KOSDAQ
290090,210.4,,,,-40.83,,,,1.0,-249.11,338,4545,,소프트웨어,KOSDAQ
432430,370.69,,,,-87.38,,,,,17.46,338,2045,,출판,KOSDAQ
310870,1110.39,,,,51.23,,,,1.0,466.42,337,1535,9.17,자동차부품,KOSDAQ
090410,1064.59,,,,-1.04,,,,1.0,495.45,316,3430,20.43,건축자재,KOSDAQ
133750,345.91,,,,18.14,,,,,-427.29,316,1350,,교육서비스,KOSDAQ
215090,267.61,,,,13.24,,,,1.0,-171.18,334,1443,10.76,우주항공과국방,KOSDAQ
054780,157.02,,,,-39.4,,,,,-35.05,349,1777,,방송과엔터테인먼트,KOSDAQ
431190,166.4,,,,-35.06,,,,1.0,-98.56,314,4200,,IT서비스,KOSDAQ
159910,99.25,,,,-39.38,,,,,-36.32,314,3000,,화장품,KOSDAQ
052600,268.26,,,,43.73,,,,,-265.63,332,2870,,IT서비스,KOSDAQ
080520,379.6,,,,-22.77,,,,1.0,-452.56,332,2930,37.26,반도체와반도체장비,KOSDAQ
258830,185.35,,,,22.65,,,,,179.4,312,412,,건강관리장비와용품,KOSDAQ
356890,337.26,,,,4.14,,,,0.7894,-273.71,310,2595,,IT서비스,KOSDAQ
270870,1010.88,,,,-22.68,,,,1.0,-358.43,331,3685,,건강관리업체및서비스,KOSDAQ
038060,1755.38,,,,-50.26,,,,1.0,-615.94,331,689,,디스플레이장비및부품,KOSDAQ
419120,199.68,,,,44.55,,,,0.983,-63.5,309,2175,8.63,소프트웨어,KOSDAQ
037330,7218.14,,,,171.03,,,,0.6191,1712.97,309,705,5.12,디스플레이장비및부품,KOSDAQ
476080,1323.96,,,,-89.67,,,,0.994,72.98,330,4085,,방송과엔터테인먼트,KOSDAQ
318020,872.04,,,,30.07,,,,1.0,188.77,329,2675,11.53,전자장비와기기,KOSDAQ
169330,561.61,588.94,,,-12.58,27.0,,,1.0,-98.72,308,1680,,IT서비스,KOSDAQ
075970,1107.35,,,,33.78,,,,1.0,136.66,308,1672,53.01,비철금속,KOSDAQ
068050,351.78,,,,-34.72,,,,1.0,161.45,326,1178,,방송과엔터테인먼트,KOSDAQ
417860,240.17,,,,2.68,,,,,-102.13,326,6930,,소프트웨어,KOSDAQ
376980,381.74,,,,10.2,,,,1.0,-71.53,306,3135,23.87,상업서비스와공급품,KOSDAQ
043340,579.09,,,,19.7,,,,,349.4,305,643,,기계,KOSDAQ
072770,896.29,,,,-28.07,,,,,337.54,324,781,,IT서비스,KOSDAQ
109820,106.43,,,,-6.79,,,,,-126.53,324,1589,,생물공학,KOSDAQ
462310,490.35,,,,7.24,,,,0.9848,-20.72,305,3860,,"섬유,의류,신발,호화품",KOSDAQ
263920,523.07,,,,24.83,,,,1.0,27.41,304,3100,19.35,포장재,KOSDAQ
296640,229.33,,,,9.22,,,,1.0,-80.23,323,6240,12.5,소프트웨어,KOSDAQ
200780,758.0,,,,19.97,,,,0.9108,710.35,322,3020,,제약,KOSDAQ
368970,253.87,,,,-12.76,,,,0.8855,51.14,303,2695,,식품,KOSDAQ
246250,39.84,,,,-41.05,,,,,-3.99,302,1969,,제약,KOSDAQ
071850,1553.25,,,,-62.74,,,,,765.3,301,1242,,자동차부품,KOSDAQ
033830,426.91,,,,14.85,,,,1.0,-815.34,321,1699,8.45,방송과엔터테인먼트,KOSDAQ
033540,1739.3,,,,-137.42,,,,1.0,393.04,301,2880,,기계,KOSDAQ
079170,985.63,,,,78.85,,,,,-76.46,301,5780,,비철금속,KOSDAQ
016600,200.98,,,,37.87,,,,,,320,2295,,창업투자,KOSDAQ
206400,47.75,,,,-53.61,,,,,-104.62,320,854,,건설,KOSDAQ
073540,252.64,,,,9.2,,,,0.9446,-166.39,298,2615,14.31,통신장비,KOSDAQ
237820,402.27,,,,62.25,,,,1.0,-594.68,297,2315,5.06,광고,KOSDAQ
031510,1285.49,,,,41.48,,,,1.0,-242.13,319,1138,34.38,자동차부품,KOSDAQ
038950,628.5,,,,-45.83,,,,1.0,-585.56,317,3100,,전자제품,KOSDAQ
452160,149.02,,,,1.75,,,,1.0,219.43,292,3040,,반도체와반도체장비,KOSDAQ
070590,648.18,,,,10.47,,,,0.8862,-0.62,292,2105,36.78,IT서비스,KOSDAQ
050110,4899.37,,,,-112.69,,,,,538.27,315,1079,,핸드셋,KOSDAQ
012620,3981.16,,,,123.65,,,,1.0,785.49,316,7180,3.85,철강,KOSDAQ
045300,409.17,,,,19.52,,,,0.9968,-39.53,291,2760,6.14,반도체와반도체장비,KOSDAQ
236810,923.1,,,,-65.01,,,,,-90.88,291,1712,,광고,KOSDAQ
197140,666.32,,,,-25.3,,,,,-142.12,312,2400,,소프트웨어,KOSDAQ
020180,2028.61,2595.49,,,90.99,159.8,,,,246.52,303,3945,,IT서비스,KOSDAQ
007770,1244.1,,,,-119.95,,,,1.0,256.31,289,8220,,화학,KOSDAQ
031310,1943.76,,,,33.78,,,,1.0,405.21,288,969,2.99,통신장비,KOSDAQ
064480,496.77,,,,3.1,,,,,-97.57,310,2590,,IT서비스,KOSDAQ
430690,262.58,,,,-19.48,,,,1.0,66.61,321,2950,,소프트웨어,KOSDAQ
297570,429.13,,,,65.39,,,,1.0,321.77,287,4150,5.78,전자제품,KOSDAQ
262840,435.64,,,,42.75,,,,0.9408,297.55,287,2715,5.12,IT서비스,KOSDAQ
127980,817.9,,,,-14.85,,,,0.9709,111.68,309,2610,,전자장비와기기,KOSDAQ
444530,104.04,,,,-26.65,,,,,-67.69,308,4785,,IT서비스,KOSDAQ
288620,157.86,,,,-150.13,,,,,-107.76,285,4085,,전기제품,KOSDAQ
073570,106.54,,,,-44.82,,,,,-107.38,285,2370,,핸드셋,KOSDAQ
173940,1023.69,,,,-6.14,,,,,-43.86,307,1992,,방송과엔터테인먼트,KOSDAQ
300120,2238.08,,,,-161.92,,,,,114.7,307,3100,,소프트웨어,KOSDAQ
089150,230.9,,,,40.35,,,,,113.69,284,1655,,컴퓨터와주변기기,KOSDAQ
078590,643.75,,,,2.48,,,,,-125.05,285,2850,,자동차부품,KOSDAQ
311390,819.44,,,,54.09,,,,0.5765,-281.29,305,2410,10.23,식품,KOSDAQ
038620,1126.36,,,,24.9,,,,0.9182,-467.76,305,2015,7.11,운송인프라,KOSDAQ
043220,145.38,,,,-58.72,,,,1.0,48.45,282,1710,,기계,KOSDAQ
333050,299.54,,,,19.69,,,,,-170.61,283,5750,,IT서비스,KOSDAQ
093380,902.73,,,,7.28,,,,1.0,-22.35,313,3170,39.03,자동차부품,KOSDAQ
109960,98.07,,,,-22.86,,,,1.0,-106.86,281,1856,,제약,KOSDAQ
114630,1018.26,,,,77.91,,,,1.0,-385.07,281,1629,11.68,"섬유,의류,신발,호화품",KOSDAQ
097780,2174.27,,,,10.8,,,,1.0,-909.68,310,1526,,자동차부품,KOSDAQ
254120,278.95,,,,-39.2,,,,1.0,-1.5,280,910,,전자장비와기기,KOSDAQ
069920,240.04,,,,-59.09,,,,,127.57,273,1205,,건설,KOSDAQ
373170,256.2,,,,8.86,,,,,-183.37,279,1849,,IT서비스,KOSDAQ
462980,390.19,,,,33.3,,,,1.0,66.72,300,1645,11.73,IT서비스,KOSDAQ
388610,177.15,,,,3.86,,,,,28.66,298,5600,,생물공학,KOSDAQ
101670,33.69,,,,-150.62,,,,,80.27,278,489,,전기제품,KOSDAQ
080530,765.31,,,,37.54,,,,1.0,-204.28,277,2505,5.28,화장품,KOSDAQ
038870,172.4,,,,-26.61,,,,1.0,151.1,294,2100,,에너지장비및서비스,KOSDAQ
088340,437.54,,,,-67.75,,,,1.0,11.8,294,6730,,소프트웨어,KOSDAQ
191410,448.35,,,,-15.07,,,,1.0,162.42,277,1784,15.76,디스플레이패널,KOSDAQ
464580,338.41,,,,1.23,,,,,116.43,277,1503,,방송과엔터테인먼트,KOSDAQ
188260,153.54,,,,-43.74,,,,,-100.37,292,2100,,건강관리장비와용품,KOSDAQ
336060,702.03,,,,19.92,,,,1.0,-201.69,292,3030,10.64,IT서비스,KOSDAQ
048470,1191.64,,,,-11.66,,,,,-417.18,275,2850,,철강,KOSDAQ
067010,733.47,912.1,,,-26.92,2.99,,,,-288.53,274,2520,,IT서비스,KOSDAQ
317240,260.34,,,,0.26,,,,,107.48,289,991,,가정용품,KOSDAQ
160550,1426.53,,,,26.54,,,,1.0,288.02,290,1040,36.94,방송과엔터테인먼트,KOSDAQ
057680,363.66,,,,2.64,,,,0.9712,-42.47,274,1736,,IT서비스,KOSDAQ
215790,436.87,,,,-91.89,,,,,134.94,274,680,,통신장비,KOSDAQ
187270,534.33,,,,48.0,,,,1.0,-100.13,288,2840,9.3,핸드셋,KOSDAQ
128540,1518.46,,,,-31.58,,,,1.0,-158.18,288,1079,,자동차부품,KOSDAQ
464280,276.21,,,,37.65,,,,,-138.67,302,5460,,제약,KOSDAQ
195500,1067.58,,,,24.86,,,,,106.53,273,1711,,식품,KOSDAQ
224060,252.66,,,,-8.31,,,,,557.46,278,5390,1.14,전기제품,KOSDAQ
200350,146.18,,,,-30.07,,,,,-242.14,287,2870,,방송과엔터테인먼트,KOSDAQ
377030,272.15,,,,-108.59,,,,,604.35,286,2000,,IT서비스,KOSDAQ
115480,482.23,,,,108.13,,,,1.0,162.02,271,2235,33.09,건강관리장비와용품,KOSDAQ
290560,139.97,,,,36.31,,,,,8.34,285,1274,,소프트웨어,KOSDAQ
239610,167.06,,,,-110.52,,,,,-241.58,285,5280,,건강관리업체및서비스,KOSDAQ
322780,329.0,,,,-70.94,,,,1.0,105.81,270,1799,,방송과엔터테인먼트,KOSDAQ
290270,377.3,,,,48.02,,,,0.9794,-137.38,269,2805,4.76,소프트웨어,KOSDAQ
148250,186.52,,,,-34.34,,,,,-63.06,284,2085,,통신장비,KOSDAQ
008470,1207.61,,,,18.13,,,,1.0,-295.86,284,1688,18.21,기계,KOSDAQ
096690,506.04,,,,-109.3,,,,,523.06,269,6690,,컴퓨터와주변기기,KOSDAQ
016920,1610.74,,,,20.15,,,,1.0,516.41,269,1046,,전자장비와기기,KOSDAQ
119500,660.35,,,,23.65,,,,,-35.21,281,2375,,기계,KOSDAQ
068100,176.92,,,,-17.32,,,,,-57.94,281,2355,,IT서비스,KOSDAQ
053290,627.02,,,,10.69,,,,,-386.34,267,1618,,교육서비스,KOSDAQ
140430,279.01,,,,-5.37,,,,,107.59,267,2500,,통신장비,KOSDAQ
450520,389.58,,,,-48.55,,,,1.0,-64.93,281,1908,,소프트웨어,KOSDAQ
351330,789.86,,,,-71.82,,,,,57.85,280,3380,,IT서비스,KOSDAQ
032750,1483.23,,,,58.23,,,,1.0,-476.86,266,2940,6.84,전자제품,KOSDAQ
131220,811.18,,,,55.31,,,,0.6865,-28.22,265,3555,8.08,생명과학도구및서비스,KOSDAQ
225220,94.04,,,,-86.42,,,,,-27.59,279,1454,,건강관리장비와용품,KOSDAQ
066910,970.0,,,,-66.83,,,,1.0,231.18,272,1767,32.93,레저용장비와제품,KOSDAQ
016670,230.62,,,,40.55,,,,,-568.15,265,2595,,소프트웨어,KOSDAQ
019570,128.91,,,,33.13,,,,1.0,,264,2770,9.25,창업투자,KOSDAQ
367000,388.55,,,,-44.72,,,,,-58.58,277,3305,,IT서비스,KOSDAQ
096630,2786.88,,,,132.74,,,,1.0,198.87,277,1744,0.77,핸드셋,KOSDAQ
363260,443.59,,,,45.07,,,,0.9748,-185.06,262,4080,8.68,광고,KOSDAQ
043200,287.85,,,,-27.34,,,,,230.65,262,1254,,에너지장비및서비스,KOSDAQ
364950,869.5,1100.0,,,28.19,45.0,,,1.0,14.57,276,3330,,전자장비와기기,KOSDAQ
318010,127.28,,,,-6.73,,,,0.9955,-357.57,276,3480,9.55,건강관리업체및서비스,KOSDAQ
238490,592.59,,,,-75.31,,,,,120.58,260,2295,,디스플레이장비및부품,KOSDAQ
103840,1837.76,,,,46.66,,,,,711.36,261,1596,,식품,KOSDAQ
462510,71.87,,,,-118.44,,,,,38.12,274,3115,,건강관리장비와용품,KOSDAQ
407400,863.94,,,,-42.48,,,,,142.22,274,1874,,가정용기기와용품,KOSDAQ
069140,1176.35,,,,48.21,,,,0.2,411.46,259,1714,122.75,건설,KOSDAQ
138070,544.36,,,,-3.83,,,,1.0,43.5,258,1472,,기계,KOSDAQ
139670,122.59,,,,9.25,,,,1.0,-310.41,274,1940,8.02,소프트웨어,KOSDAQ
091970,501.11,,,,-2.62,,,,,124.01,274,3630,,화학,KOSDAQ
398120,246.01,,,,14.67,,,,1.0,25.93,257,2170,27.46,건강관리장비와용품,KOSDAQ
123840,481.64,,,,-133.78,,,,,-34.24,257,1652,,건강관리업체및서비스,KOSDAQ
900310,436.33,,,,2.32,,,,1.0,-1908.93,272,2125,,화장품,KOSDAQ
193250,104.55,,,,-72.1,,,,,-71.03,272,2035,,핸드셋,KOSDAQ
083660,279.3,,,,-56.34,,,,,8.4,257,1473,,화장품,KOSDAQ
351870,664.75,,,,44.35,,,,0.4764,703.22,256,2295,21.32,광고,KOSDAQ
017000,2113.11,,,,86.0,,,,,192.86,271,2320,,건설,KOSDAQ
348030,396.85,,,,-89.23,,,,,-330.79,270,2815,,게임엔터테인먼트,KOSDAQ
060380,1978.2,,,,18.13,,,,0.6963,370.86,255,1292,18.7,철강,KOSDAQ
044780,541.9,,,,-3.87,,,,1.0,-47.61,254,1375,5.56,기계,KOSDAQ
130500,876.24,,,,68.44,,,,0.8337,793.47,269,1851,,자동차부품,KOSDAQ
054090,1363.43,,,,-19.74,,,,,351.01,252,1010,,전자장비와기기,KOSDAQ
198940,2594.65,,,,13.34,,,,,1029.3,269,1352,,자동차부품,KOSDAQ
123750,321.59,,,,2.27,,,,1.0,-71.55,251,1813,118.4,레저용장비와제품,KOSDAQ
359090,649.82,,,,13.85,,,,1.0,3.19,268,2330,10.36,제약,KOSDAQ
013720,249.08,,,,7.62,,,,,-37.95,268,2200,,자동차부품,KOSDAQ
090150,1159.1,,,,68.75,,,,0.9643,94.78,248,5930,2.87,자동차부품,KOSDAQ
021880,250.91,220.27,,,-100.98,-22.18,,,0.9681,,248,1170,,기타금융,KOSDAQ
079000,141.26,,,,-43.16,,,,,-499.8,267,3710,,건축제품,KOSDAQ
389680,32.13,,,,-36.47,,,,,-69.04,267,3210,,IT서비스,KOSDAQ
368600,468.52,,,,-144.92,,,,,447.85,247,956,,전자장비와기기,KOSDAQ
415380,959.31,,,,28.29,,,,,-185.27,247,2155,,가구,KOSDAQ
134060,111.42,,,,8.83,,,,,-117.79,265,5550,,교육서비스,KOSDAQ
900070,1293.47,,,,83.04,,,,0.7446,-360.6,265,986,4.29,자동차부품,KOSDAQ
383930,477.47,,,,-57.42,,,,,404.22,244,1909,,생명과학도구및서비스,KOSDAQ
131180,323.06,,,,8.03,,,,,-158.51,245,4170,,컴퓨터와주변기기,KOSDAQ
047080,378.86,,,,2.84,,,,0.9577,-108.15,263,1059,5.05,게임엔터테인먼트,KOSDAQ
069410,667.61,,,,21.62,,,,1.0,-237.43,263,2565,8.32,IT서비스,KOSDAQ
115530,536.17,,,,3.68,,,,1.0,92.91,243,2835,,에너지장비및서비스,KOSDAQ
177830,1325.4,,,,25.69,,,,1.0,539.59,243,2145,,디스플레이장비및부품,KOSDAQ
458350,351.52,,,,24.62,,,,1.0,-220.04,262,3015,12.6,광고,KOSDAQ
027040,337.29,,,,-16.09,,,,,39.93,262,1883,,전자장비와기기,KOSDAQ
148780,170.15,,,,-10.68,,,,1.0,-87.54,242,3840,,소프트웨어,KOSDAQ
058110,112.88,,,,-27.87,,,,,85.53,241,1500,,건강관리장비와용품,KOSDAQ
328380,636.74,,,,5.66,,,,1.0,-74.18,259,3785,30.54,IT서비스,KOSDAQ
001810,2056.71,,,,17.78,,,,0.9919,450.15,259,1169,,종이와목재,KOSDAQ
060230,619.25,,,,-82.5,,,,,609.44,240,1229,,전자장비와기기,KOSDAQ
039740,1462.86,,,,4.2,,,,1.0,155.05,240,2990,11.16,판매업체,KOSDAQ
146060,792.51,,,,50.8,,,,0.8889,438.55,257,1072,7.87,자동차부품,KOSDAQ
376180,308.73,,,,-7.04,,,,,-56.91,257,1385,,가정용기기와용품,KOSDAQ
054940,1770.03,,,,25.05,,,,0.5462,196.82,238,3590,37.66,반도체와반도체장비,KOSDAQ
187220,1258.34,,,,-5.97,,,,1.0,766.01,238,2065,11.3,전자장비와기기,KOSDAQ
115160,3941.66,,,,-292.17,,,,,693.37,245,5690,,전자제품,KOSDAQ
052300,75.7,,,,-24.52,,,,0.4591,-1010.51,257,1581,,건축제품,KOSDAQ
023770,346.58,,,,-46.82,,,,,-20.62,237,2645,,게임엔터테인먼트,KOSDAQ
016100,683.14,,,,-70.9,,,,1.0,296.08,236,1238,,포장재,KOSDAQ
105550,363.91,,,,-155.4,,,,1.0,298.38,255,1629,1.62,자동차부품,KOSDAQ
035200,252.31,,,,-4.44,,,,1.0,-144.5,243,2640,23.78,건축제품,KOSDAQ
222980,963.1,,,,-11.05,,,,,115.87,236,2135,,식품,KOSDAQ
188040,708.8,,,,8.3,,,,1.0,-36.16,235,5030,,식품,KOSDAQ
101680,305.72,,,,-75.27,,,,,66.65,253,3005,,기계,KOSDAQ
038880,411.83,,,,-73.19,,,,,432.04,242,3220,,자동차부품,KOSDAQ
219750,320.31,,,,-28.52,,,,,101.81,234,1790,,건강관리장비와용품,KOSDAQ
365590,17.67,,,,-117.34,,,,,43.88,232,1263,,반도체와반도체장비,KOSDAQ
101400,343.68,,,,-50.55,,,,1.0,-145.56,249,1644,,반도체와반도체장비,KOSDAQ
076080,1666.93,,,,-181.3,,,,,181.35,249,1100,,건설,KOSDAQ
033200,315.01,426.44,,,-31.58,-16.91,,,0.8235,-392.7,230,2500,,전자장비와기기,KOSDAQ
039310,356.28,,,,-10.32,,,,,-308.57,230,1269,,소프트웨어,KOSDAQ
475660,220.99,,,,-20.3,,,,,-6.06,238,3005,,디스플레이장비및부품,KOSDAQ
208350,389.28,,,,24.83,,,,1.0,-91.82,247,3045,13.45,소프트웨어,KOSDAQ
298060,238.39,,,,-45.29,,,,1.0,-54.3,229,2375,112.81,생물공학,KOSDAQ
018680,521.49,,,,-12.79,,,,,-17.66,228,1959,,제약,KOSDAQ
355390,104.84,,,,-133.66,,,,,-34.52,257,1618,,IT서비스,KOSDAQ
290520,319.23,,,,18.08,,,,1.0,-279.41,245,1558,13.54,디스플레이장비및부품,KOSDAQ
352940,339.53,,,,9.17,,,,,219.43,228,2095,,화학,KOSDAQ
044480,253.1,,,,-8.34,,,,,18.52,227,3420,,방송과엔터테인먼트,KOSDAQ
223310,188.96,,,,-74.77,,,,,171.57,243,2995,,식품과기본식료품소매,KOSDAQ
065690,535.0,,,,-127.35,,,,1.0,-235.32,225,1870,3.36,컴퓨터와주변기기,KOSDAQ
033050,898.03,,,,40.69,,,,1.0,-39.1,256,804,7.46,가정용품,KOSDAQ
013810,379.65,,,,-4.61,,,,,-118.32,225,1533,,기계,KOSDAQ
318000,239.21,,,,23.26,,,,1.0,-187.77,242,2770,9.34,화학,KOSDAQ
206560,554.17,,,,-65.06,,,,,221.3,254,1001,,방송과엔터테인먼트,KOSDAQ
303530,707.44,,,,-28.97,,,,1.0,-74.23,223,3035,,IT서비스,KOSDAQ
432980,208.0,,,,2.97,,,,,-43.62,222,2585,,제약,KOSDAQ
007720,1628.71,,,,13.97,,,,,-41.67,232,1149,,판매업체,KOSDAQ
417180,173.0,,,,8.47,,,,1.0,-219.56,240,4205,6.83,양방향미디어와서비스,KOSDAQ
027580,501.05,,,,-89.08,,,,1.0,27.91,221,1865,,화학,KOSDAQ
317120,74.68,,,,-60.52,,,,,147.44,219,1437,,통신장비,KOSDAQ
043590,213.53,,,,-21.01,,,,1.0,72.84,239,1760,,전기제품,KOSDAQ
083640,508.21,,,,16.95,,,,,-164.44,248,5400,,전자장비와기기,KOSDAQ
063760,273.13,,,,23.03,,,,1.0,-172.68,217,2330,8.35,디스플레이장비및부품,KOSDAQ
032080,302.29,,,,4.59,,,,,-477.04,217,1010,,"섬유,의류,신발,호화품",KOSDAQ
267790,591.93,,,,66.45,,,,1.0,-105.19,237,3085,5.5,"섬유,의류,신발,호화품",KOSDAQ
241840,117.9,,,,-72.78,,,,1.0,-4.41,217,2270,,방송과엔터테인먼트,KOSDAQ
464500,101.27,,,,-55.74,,,,,6.7,237,1692,,반도체와반도체장비,KOSDAQ
032280,999.9,,,,21.29,,,,,267.87,216,1332,,항공화물운송과물류,KOSDAQ
020400,1018.17,,,,1.0,,,,,308.45,236,2600,,자동차부품,KOSDAQ
900110,705.4,,,,94.22,,,,0.9966,-3037.78,215,5840,2.03,"섬유,의류,신발,호화품",KOSDAQ
378800,2.28,,,,-158.39,,,,,-179.56,236,510,,제약,KOSDAQ
331520,378.34,,,,28.78,,,,1.0,-40.09,215,2195,11.88,게임엔터테인먼트,KOSDAQ
257370,110.82,,,,-21.25,,,,,19.36,235,1880,,전기제품,KOSDAQ
032800,381.92,372.28,,,-80.32,-75.22,,,,-82.81,234,1551,,방송과엔터테인먼트,KOSDAQ
247660,52.89,,,,-19.93,,,,,-64.57,214,4095,,화학,KOSDAQ
067730,485.41,,,,28.84,,,,,-119.3,213,2205,,IT서비스,KOSDAQ
036480,259.89,,,,7.14,,,,,102.74,232,6100,,제약,KOSDAQ
405920,821.09,,,,9.84,,,,1.0,389.1,241,1868,283.53,음료,KOSDAQ
276730,138.93,,,,-49.01,,,,,240.81,212,897,,음료,KOSDAQ
043360,213.06,,,,-7.67,,,,,-74.78,212,2350,,컴퓨터와주변기기,KOSDAQ
238200,196.79,,,,14.03,,,,1.0,26.08,230,2810,,건강관리업체및서비스,KOSDAQ
002680,824.0,,,,29.24,,,,1.0,628.55,229,2955,10.97,식품,KOSDAQ
154040,313.99,,,,17.12,,,,,179.47,209,9690,,전자제품,KOSDAQ
215480,397.0,,,,0.04,,,,0.9798,-77.97,209,1942,,"섬유,의류,신발,호화품",KOSDAQ
032680,548.15,,,,-2.44,,,,,-479.02,228,990,,IT서비스,KOSDAQ
051380,3730.08,,,,42.51,,,,,279.65,228,1487,,컴퓨터와주변기기,KOSDAQ
069330,496.91,,,,13.02,,,,1.0,57.57,208,1225,15.25,디스플레이장비및부품,KOSDAQ
424760,353.82,,,,8.77,,,,,-89.31,208,2055,,IT서비스,KOSDAQ
045520,860.98,,,,-9.65,,,,1.0,282.53,227,3485,,화학,KOSDAQ
192390,751.48,,,,-39.35,,,,1.0,484.83,225,1880,,건축자재,KOSDAQ
362990,200.18,,,,-11.61,,,,1.0,-40.53,206,1229,,광고,KOSDAQ
438700,30.97,,,,-84.91,,,,,37.36,206,1849,,소프트웨어,KOSDAQ
017250,600.54,,,,39.88,,,,1.0,108.12,223,1060,10.88,전자장비와기기,KOSDAQ
021040,2774.25,,,,23.71,,,,,739.84,205,943,,철강,KOSDAQ
361670,109.76,,,,-16.98,,,,,-91.42,205,3610,,전자장비와기기,KOSDAQ
065370,382.58,,,,7.86,,,,1.0,114.97,221,2995,15.19,소프트웨어,KOSDAQ
289220,367.26,,,,-189.97,,,,,-104.84,200,896,,양방향미디어와서비스,KOSDAQ
227610,423.85,,,,-18.11,,,,,158.56,199,1029,,화장품,KOSDAQ
353590,591.12,,,,7.52,,,,,3.16,190,1475,,자동차부품,KOSDAQ
372800,780.54,,,,-53.95,,,,1.0,52.75,218,3100,,IT서비스,KOSDAQ
048830,838.22,,,,10.13,,,,1.0,-105.3,198,1055,17.51,화학,KOSDAQ
098660,714.91,,,,-14.06,,,,1.0,359.5,196,1570,,"섬유,의류,신발,호화품",KOSDAQ
301300,190.09,,,,-37.55,,,,1.0,90.55,208,1580,,소프트웨어,KOSDAQ
277410,358.04,,,,23.06,,,,1.0,373.0,217,5640,33.28,식품,KOSDAQ
347770,633.83,,,,-61.14,,,,1.0,225.63,195,862,,디스플레이장비및부품,KOSDAQ
050760,667.55,,,,-48.13,,,,1.0,192.49,194,1190,,화학,KOSDAQ
115570,986.55,,,,65.67,,,,1.0,55.83,216,2700,6.23,화학,KOSDAQ
018700,642.23,,,,-29.97,,,,,-10.44,215,1288,,화장품,KOSDAQ
065060,1108.67,,,,-4.09,,,,,532.02,193,3230,,"섬유,의류,신발,호화품",KOSDAQ
073190,200.95,,,,-30.2,,,,,73.69,194,1622,,가구,KOSDAQ
019660,129.48,,,,-48.3,,,,,68.71,206,1474,,판매업체,KOSDAQ
342870,1032.61,,,,81.7,,,,1.0,398.13,193,3535,,가정용기기와용품,KOSDAQ
196700,431.75,,,,55.5,,,,1.0,87.02,192,1338,4.68,화학,KOSDAQ
377330,132.44,,,,-186.3,,,,,97.73,224,2750,,전기제품,KOSDAQ
054220,448.11,,,,0.58,,,,1.0,69.07,213,1690,14.0,IT서비스,KOSDAQ
032860,509.2,,,,-17.2,,,,,-4.58,221,2740,,판매업체,KOSDAQ
038530,873.12,,,,15.22,,,,,-147.53,213,4105,,IT서비스,KOSDAQ
403490,636.77,,,,-8.84,,,,1.0,420.75,191,2080,,식품,KOSDAQ
344860,82.13,,,,0.04,,,,,-68.5,210,1399,,화장품,KOSDAQ
026910,568.88,,,,-42.52,,,,1.0,651.79,198,2500,,철강,KOSDAQ
237750,276.09,,,,0.2,,,,,330.68,218,3360,,전기장비,KOSDAQ
200230,431.62,,,,7.19,,,,0.9969,265.69,210,2215,,제약,KOSDAQ
429270,127.49,180.0,,,-75.86,-70.0,,,,66.21,208,3225,,반도체와반도체장비,KOSDAQ
085810,531.66,,,,31.81,,,,,27.54,196,1384,,건설,KOSDAQ
053060,1894.4,,,,91.03,,,,1.0,136.28,217,1229,3.69,자동차부품,KOSDAQ
084440,336.84,,,,14.1,,,,1.0,-4.49,188,4925,14.03,교육서비스,KOSDAQ
154030,278.06,,,,9.24,,,,1.0,105.35,194,1610,10.18,생물공학,KOSDAQ
095910,1024.4,,,,-186.68,,,,,417.46,207,568,,에너지장비및서비스,KOSDAQ
031860,145.12,,,,-78.33,,,,,50.27,187,6930,,컴퓨터와주변기기,KOSDAQ
034940,593.11,,,,-65.98,,,,,245.85,164,2645,,제약,KOSDAQ
279600,227.81,,,,-22.32,,,,,150.51,193,4125,,IT서비스,KOSDAQ
130740,794.04,,,,-32.61,,,,,-319.2,215,1904,,자동차부품,KOSDAQ
455180,181.23,,,,-36.88,,,,1.0,478.52,186,1267,,전자장비와기기,KOSDAQ
056730,475.01,,,,-112.69,,,,,-261.2,186,1253,,건설,KOSDAQ
214610,108.85,,,,-99.35,,,,,0.37,192,2290,,건강관리장비와용품,KOSDAQ
275630,130.49,,,,3.21,,,,1.0,-180.36,202,3850,,소프트웨어,KOSDAQ
023790,240.45,,,,-26.08,,,,,367.69,184,1411,,철강,KOSDAQ
137940,1200.63,,,,-355.81,,,,,-263.02,180,1839,,화장품,KOSDAQ
252500,376.45,,,,6.27,,,,,-189.36,190,2290,,화장품,KOSDAQ
353190,990.11,,,,18.75,,,,1.0,131.64,198,2520,17.05,건강관리업체및서비스,KOSDAQ
051780,566.51,,,,-0.09,,,,,399.8,177,2335,,식품,KOSDAQ
210120,39.99,,,,-14.77,,,,,224.79,177,1825,,방송과엔터테인먼트,KOSDAQ
054410,399.29,,,,13.88,,,,,253.23,196,3420,,비철금속,KOSDAQ
009620,2856.56,,,,78.88,,,,,2101.66,189,5400,,비철금속,KOSDAQ
900120,576.36,,,,97.36,,,,1.0,-462.5,173,1040,1.36,제약,KOSDAQ
092600,1025.59,,,,-174.87,,,,1.0,95.87,173,3440,1.39,전자제품,KOSDAQ
083470,183.8,,,,-19.27,,,,1.0,-6.71,194,910,,디스플레이장비및부품,KOSDAQ
024940,560.4,,,,15.67,,,,1.0,-238.65,207,2070,7.2,가정용기기와용품,KOSDAQ
131100,1182.99,,,,33.51,,,,,-75.13,187,2900,,방송과엔터테인먼트,KOSDAQ
285800,324.23,,,,-26.56,,,,,221.81,163,4525,,화학,KOSDAQ
018620,547.64,,,,3.19,,,,,150.51,193,2790,,제약,KOSDAQ
440320,882.69,,,,-27.64,,,,0.8338,-4.69,206,2060,,디스플레이패널,KOSDAQ
376930,51.22,,,,-200.79,,,,,-61.6,160,1562,,건강관리장비와용품,KOSDAQ
065650,761.87,,,,-42.81,,,,,141.24,160,1459,,컴퓨터와주변기기,KOSDAQ
101000,394.47,,,,-46.21,,,,1.0,192.84,154,1550,,조선,KOSDAQ
113810,803.57,,,,9.63,,,,0.996,-17.94,192,2945,25.88,자동차부품,KOSDAQ
080470,2435.22,,,,116.08,,,,0.7724,177.42,203,2780,2.39,자동차부품,KOSDAQ
030350,158.79,,,,-19.45,,,,,4.44,152,973,,게임엔터테인먼트,KOSDAQ
115610,132.22,,,,-19.87,,,,,-55.32,191,1616,,핸드셋,KOSDAQ
274400,142.52,,,,-19.89,,,,,129.74,190,2095,,소프트웨어,KOSDAQ
103230,488.04,,,,9.01,,,,,128.07,149,2065,,조선,KOSDAQ
475460,1355.94,,,,29.06,,,,1.0,105.92,147,2610,8.45,인터넷과카탈로그소매,KOSDAQ
079950,184.13,,,,-86.07,,,,,148.16,190,1374,,디스플레이장비및부품,KOSDAQ
014100,487.69,,,,-11.04,,,,1.0,162.13,189,1600,,화장품,KOSDAQ
306040,1634.14,,,,-158.63,,,,1.0,190.69,140,1507,,"섬유,의류,신발,호화품",KOSDAQ
239340,155.84,,,,-55.78,,,,,-238.85,142,2640,,증권,KOSDAQ
110020,136.94,,,,-3.43,,,,,-62.84,188,2075,,가정용품,KOSDAQ
096870,110.46,,,,3.06,,,,,-115.83,188,2250,,디스플레이장비및부품,KOSDAQ
352770,20.08,,,,-77.6,,,,,36.57,136,5250,,생물공학,KOSDAQ
244460,8.16,,,,-73.9,,,,,93.91,134,1651,,제약,KOSDAQ
405000,84.83,,,,-76.01,,,,,104.72,187,3480,,건강관리장비와용품,KOSDAQ
195990,319.23,,,,-92.82,,,,,74.67,186,1145,,기계,KOSDAQ
418620,16.55,,,,-112.46,,,,,28.81,128,643,,소프트웨어,KOSDAQ
054180,281.61,,,,-57.47,,,,,71.15,127,2295,,조선,KOSDAQ
419540,171.0,,,,-10.96,,,,,-41.02,185,3105,,건강관리장비와용품,KOSDAQ
365900,468.99,,,,-14.83,,,,,258.91,185,2530,,레저용장비와제품,KOSDAQ
065570,332.61,,,,-1.95,,,,,86.22,123,764,,조선,KOSDAQ
208640,60.19,,,,-78.76,,,,,-6.55,122,878,,게임엔터테인먼트,KOSDAQ
088290,565.77,,,,15.75,,,,,5.41,180,2260,,자동차부품,KOSDAQ
078860,122.28,,,,-80.23,,,,,74.87,178,2885,,방송과엔터테인먼트,KOSDAQ
291810,57.72,,,,-32.33,,,,,-61.8,117,833,,소프트웨어,KOSDAQ
354200,212.4,,,,-82.76,,,,,308.95,115,1287,,생명과학도구및서비스,KOSDAQ
037400,10652.17,,,,11.41,,,,0.2335,86.7,177,3370,,디스플레이장비및부품,KOSDAQ
373110,19.49,,,,-108.52,,,,,11.55,175,1011,,생물공학,KOSDAQ
043100,168.34,,,,-57.25,,,,,322.07,105,520,,건강관리장비와용품,KOSDAQ
305090,128.43,,,,-91.71,,,,,165.95,102,538,,건강관리장비와용품,KOSDAQ
225590,1063.01,,,,83.63,,,,1.0,-95.1,164,3210,5.99,"섬유,의류,신발,호화품",KOSDAQ
012340,827.99,,,,-72.28,,,,,210.78,95,429,,전기제품,KOSDAQ
065770,236.4,,,,-11.83,,,,1.0,-76.72,89,849,,통신장비,KOSDAQ
050090,74.47,,,,-35.74,,,,,-70.29,162,688,,광고,KOSDAQ
03481K,22600.79,,,,418.41,,,,,7041.81,81,5880,,종이와목재,KOSDAQ
309930,459.81,,,,-87.69,,,,1.0,104.92,162,839,,가구,KOSDAQ
087260,349.43,,,,-8.96,,,,1.0,-80.17,80,247,,자동차부품,KOSDAQ
009730,919.95,,,,-138.9,,,,,394.56,159,1999,,비철금속,KOSDAQ
060480,362.86,,,,-2.1,,,,,-20.83,159,1430,,비철금속,KOSDAQ
065420,208.52,,,,-28.95,,,,,46.02,73,940,,석유와가스,KOSDAQ
276040,67.59,,,,-122.33,,,,,20.81,71,327,,소프트웨어,KOSDAQ
060900,131.2,,,,-93.2,,,,,-17.07,151,2305,,에너지장비및서비스,KOSDAQ
177350,165.71,,,,-26.13,,,,1.0,-33.59,150,1508,0.85,화학,KOSDAQ
044180,277.87,,,,-42.67,,,,1.0,798.78,55,205,,건설,KOSDAQ
313760,74.81,,,,-48.72,,,,,224.59,52,468,,전기제품,KOSDAQ
335870,419.56,,,,-27.96,,,,,-37.41,145,4325,,"섬유,의류,신발,호화품",KOSDAQ
225430,159.9,,,,-29.23,,,,,185.32,45,698,,가정용품,KOSDAQ
025870,700.37,,,,-15.55,,,,1.0,181.96,42,1059,,식품,KOSDAQ
289010,915.87,,,,14.02,,,,,-99.18,144,1034,,교육서비스,KOSDAQ
035620,116.04,,,,-22.76,,,,,310.3,138,743,,방송과엔터테인먼트,KOSDAQ
304840,28.51,,,,-83.77,,,,,761.89,136,561,,건강관리장비와용품,KOSDAQ
199730,231.48,,,,-62.77,,,,,69.11,33,686,,생명과학도구및서비스,KOSDAQ
067770,118.97,,,,-2.07,,,,1.0,-352.19,132,1570,18.49,디스플레이장비및부품,KOSDAQ
303030,363.8,,,,-85.53,,,,,-18.96,130,1424,,반도체와반도체장비,KOSDAQ
196490,333.22,,,,-64.61,,,,,90.05,16,140,,전기제품,KOSDAQ
312610,137.08,,,,-95.21,,,,,114.77,15,76,,자동차부품,KOSDAQ
377220,721.62,,,,-186.03,,,,,347.01,124,2190,,건강관리업체및서비스,KOSDAQ
308100,376.83,,,,-80.85,,,,,272.29,68,264,,"섬유,의류,신발,호화품",KOSDAQ
079190,441.5,,,,-27.38,,,,1.0,-30.44,122,1274,,핸드셋,KOSDAQ
900100,63.41,,,,-83.57,,,,,32.52,58,1096,,"섬유,의류,신발,호화품",KOSDAQ
060260,434.8,,,,12.99,,,,,53.64,111,829,,건축제품,KOSDAQ
084180,927.74,,,,52.13,,,,,452.57,38,208,,출판,KOSDAQ
142760,112.16,,,,-65.31,,,,0.9919,51.39,99,471,,제약,KOSDAQ
058450,62.86,,,,-59.92,,,,,82.85,34,638,,방송과엔터테인먼트,KOSDAQ
001000,35.91,,,,4.88,,,,,140.73,85,1741,,부동산,KOSDAQ
032685,548.15,,,,-2.44,,,,,-479.02,4,5810,,IT서비스,KOSDAQ
288980,231.7,,,,-59.33,,,,,489.22,79,218,,소프트웨어,KOSDAQ
079970,267.61,,,,7.43,,,,1.0,4.49,76,596,7.68,소프트웨어,KOSDAQ
131760,463.45,,,,-29.31,,,,1.0,272.31,114,1312,,디스플레이장비및부품,KOSDAQ
106080,75.74,,,,-92.25,,,,,180.74,95,1650,,핸드셋,KOSDAQ
021045,2774.25,,,,23.71,,,,,739.84,18,2095,,철강,KOSDAQ
035290,90.2,,,,-18.78,,,,,10.39,18,384,,교육서비스,KOSDAQ
052770,57.04,,,,-49.26,,,,,10.48,45,312,,게임엔터테인먼트,KOSDAQ
240600,286.8,,,,-77.84,,,,,51.38,85,1021,,전기제품,KOSDAQ
028080,4007.28,,,,-286.59,,,,,692.04,125,5170,,전자제품,KOSDAQ
006050,601.99,,,,9.29,,,,,-88.54,119,3405,,건축제품,KOSDAQ
250930,378.76,,,,-8.13,,,,,281.02,49,748,,디스플레이장비및부품,KOSDAQ
