종목코드,매출액_2025,매출액_2026,매출액_2027,매출액_2028,영업이익_2025,영업이익_2026,영업이익_2027,영업이익_2028,지배비율,순차입금,시가총액,현재가,PER,업종,시장
005935,3336059.38,7293483.15,9492231.3,10594724.38,436010.51,3812250.1,5467664.25,5868337.44,0.988,-1675903.07,1616778,201500,3.65,반도체와반도체장비,KOSPI
005930,3336059.38,7293483.15,9492231.3,10594724.38,436010.51,3812250.1,5467664.25,5868337.44,0.988,-1675903.07,16135729,276000,36.46,반도체와반도체장비,KOSPI
000660,971466.75,3424627.27,5092017.55,5669107.5,472063.19,2638857.41,4001405.14,4203835.17,0.9992,-668447.84,13455669,1842000,31.35,반도체와반도체장비,KOSPI
402340,104555.53,202230.0,238751.67,245186.67,87974.21,503588.67,611064.17,621200.0,1.0,-13112.77,1525041,1156000,17.28,반도체와반도체장비,KOSPI
032830,371383.1,,,,25804.69,35887.11,73052.89,51979.22,1.0,,576000,288000,25.01,생명보험,KOSPI
012450,267029.01,323795.48,346070.38,371408.67,30893.2,46483.14,57108.33,63686.71,0.6462,67515.16,551213,1069000,39.23,우주항공과국방,KOSPI
028260,407422.41,456276.6,493140.0,514956.29,32927.47,37903.8,43993.4,47724.79,0.7095,-38038.9,562722,347000,23.07,복합기업,KOSPI
105560,812307.08,,,,85177.11,94216.31,96055.88,99323.93,0.9908,,597294,168400,10.24,은행,KOSPI
034730,1227033.38,1487322.8,1461948.2,1524518.88,18184.76,123271.1,114727.7,130941.88,0.4123,496014.83,419066,578000,26.23,석유와가스,KOSPI
086790,689436.35,,,,53508.98,59536.94,61927.18,64861.13,0.9854,,351177,129600,8.77,은행,KOSPI
068270,41624.95,55396.11,64267.33,71626.18,11684.71,18569.94,22905.72,25840.59,0.9945,26085.71,424759,182600,41.25,제약,KOSPI
006400,132667.31,158959.84,196319.63,241917.82,-17223.61,4149.11,14720.84,25562.06,0.8555,106775.0,426297,529000,,전기제품,KOSPI
000810,247785.2,,,,26591.43,32565.38,39419.62,38107.08,0.9944,,280833,629000,13.91,손해보험,KOSPI
042700,5766.85,8196.0,11239.0,13148.0,2513.9,3822.0,5617.0,6843.0,1.0,-862.95,259249,272000,121.14,반도체와반도체장비,KOSPI
298040,59685.12,71904.69,86159.06,101958.8,7469.68,11218.88,15746.5,20667.67,0.9858,5156.8,260155,2790000,50.04,전기장비,KOSPI
000720,310629.12,269387.45,285620.55,306922.89,6530.06,8648.0,11408.4,13807.94,0.7659,6231.61,127725,114700,34.23,건설,KOSPI
267260,40794.98,46917.63,55409.06,64329.47,9953.13,12322.94,15501.31,18825.27,1.0,-8268.76,244400,678000,33.36,전기장비,KOSPI
010130,165878.51,238909.71,237444.86,245517.33,12319.27,22306.43,19680.29,21270.5,0.9992,60740.67,226054,1083000,29.17,비철금속,KOSPI
011200,108914.43,130114.38,120151.31,116702.62,14612.02,17719.54,11795.62,9489.62,1.0,-65426.06,201853,21400,10.75,해운사,KOSPI
042660,127835.12,158658.55,152596.64,163523.76,11675.9,22551.32,24841.73,28243.24,0.9999,47157.9,241147,78700,19.36,조선,KOSPI
006800,292830.28,612958.0,555412.67,581729.0,19151.04,47083.19,25932.44,27851.63,0.9691,,171595,31600,10.93,증권,KOSPI
018260,139298.68,144028.13,151395.38,159111.53,9571.03,8226.38,10653.44,11777.47,0.9827,-57031.26,169457,219000,22.31,IT서비스,KOSPI
010140,106500.11,127691.5,146848.2,159954.53,8622.11,13645.95,19642.2,23478.16,1.0,-1987.7,175296,19920,32.13,조선,KOSPI
278470,15273.45,30860.68,42474.64,52567.57,3655.21,7668.91,10748.41,13466.62,0.9987,-1952.48,137398,367000,47.44,화장품,KOSPI
011070,218966.03,252705.58,265964.21,279890.56,6650.07,12120.26,14432.68,17205.38,1.0,9425.44,135849,574000,39.81,전자장비와기기,KOSPI
207940,45569.72,55141.64,64277.0,68346.44,20692.21,24090.09,28062.9,30916.56,1.0,-9473.01,632334,1366000,35.44,제약,KOSPI
373220,236717.59,322470.83,414460.89,492971.47,13461.2,8549.67,39480.11,60157.82,0.7677,250840.51,863460,369000,,전기제품,KOSPI
005380,1862544.72,1935858.8,2020377.68,2122667.9,114678.51,113600.16,130366.48,140689.38,0.9124,1025242.74,706029,347000,7.47,자동차,KOSPI
078930,251841.27,286612.8,281332.2,283044.0,29360.61,51915.0,36700.0,36994.0,0.8262,61654.03,97633,105100,12.22,석유와가스,KOSPI
064350,58390.32,68178.12,77411.76,88862.81,10056.41,10542.59,12908.53,15909.44,0.9963,-24542.29,126387,115800,16.42,우주항공과국방,KOSPI
003490,252255.42,286678.4,284832.7,290848.9,11135.89,8421.9,21914.2,24935.9,1.0,192096.56,113596,30850,14.57,항공사,KOSPI
009830,133330.55,183131.25,196616.42,204317.42,-3647.59,8904.67,12961.08,14545.33,0.9842,128985.87,81186,36100,,에너지장비및서비스,KOSPI
010120,49657.99,65383.06,80014.71,94700.13,4264.07,7181.59,10335.65,13581.81,1.0,8044.96,313500,209000,109.38,전기장비,KOSPI
012330,611181.27,648810.16,692369.36,729467.45,33574.56,37675.76,42224.0,45827.05,0.9802,-89091.2,346258,385500,9.47,자동차부품,KOSPI
000270,1141409.19,1254300.92,1303783.44,1358610.59,90781.48,101289.08,109948.88,119405.82,0.9995,-211997.07,441948,113200,5.85,자동차,KOSPI
035420,120350.07,137848.0,158154.39,185985.35,22081.38,21637.83,25680.96,31140.7,0.9989,-37918.97,292325,192200,14.97,양방향미디어와서비스,KOSPI
307950,42520.67,48403.19,54943.06,64173.71,2553.02,2836.63,3534.25,4510.86,0.9756,-4619.81,105171,383500,57.63,IT서비스,KOSPI
000150,197841.38,218239.46,251563.17,287199.6,10627.15,18001.08,24985.92,31875.1,0.5338,54570.67,216674,1338000,285.91,복합기업,KOSPI
267250,712594.38,850121.67,897564.0,956006.67,60996.36,132498.83,125525.5,135032.67,0.3631,7714.96,158381,200500,16.45,조선,KOSPI
086280,295664.09,332480.78,347785.94,361874.71,20730.08,21632.39,23912.39,25154.71,0.9988,-5446.09,150750,201000,8.7,항공화물운송과물류,KOSPI
272210,36641.51,45378.0,50775.24,57807.94,1198.99,2541.88,4536.0,5741.94,1.0,17248.57,154914,82000,63.95,우주항공과국방,KOSPI
030200,282441.61,273810.61,280173.28,286366.28,24691.33,21200.56,22636.33,23675.89,0.9332,95653.68,131051,52000,7.57,다각화된통신서비스,KOSPI
000500,25456.98,33482.33,41635.0,48735.0,791.92,1434.33,2755.0,3880.0,1.0,4290.98,97522,327500,189.74,전기장비,KOSPI
323410,30862.91,,,,6493.71,7389.83,8803.58,9725.45,,,94136,19730,,은행,KOSPI
028050,90287.69,106871.95,128900.73,140926.35,7920.79,9796.45,11892.23,13174.0,0.9729,-36619.52,93786,47850,15.19,건설,KOSPI
003670,29386.98,32226.94,42263.13,54686.81,328.27,969.19,1803.25,2811.94,0.8973,35152.63,166152,186800,515.01,화학,KOSPI
051910,459321.67,562155.33,642942.08,714571.33,11809.0,13878.58,39751.33,55531.08,0.83,307180.26,184952,262000,,화학,KOSPI
079550,43069.36,51292.82,60901.53,71420.12,3194.42,4492.76,6244.88,8367.88,1.0,16723.11,166980,759000,65.91,우주항공과국방,KOSPI
003230,23517.85,31388.14,37915.79,43264.5,5241.88,7316.43,8955.07,10577.1,0.9998,424.07,91526,1215000,23.5,식품,KOSPI
007660,10880.25,16210.44,22680.44,26871.78,2047.25,3485.89,5293.0,6478.22,1.0,408.18,89559,122000,55.81,반도체와반도체장비,KOSPI
0126Z0,2516.9,18577.33,20855.0,22952.67,-636.41,2468.0,3099.67,2558.33,1.0,2467.96,91445,367500,107.19,제약,KOSPI
062040,5019.46,6851.7,8807.3,11180.22,1786.34,2554.2,3384.4,4380.78,1.0,-2155.58,69559,227000,46.71,전기장비,KOSPI
180640,2983.62,,,,-75.24,,,,0.9738,823.32,88660,132800,57.2,항공사,KOSPI
005830,230479.16,,,,23839.5,,,,0.7872,,119538,182500,6.69,손해보험,KOSPI
016360,148739.02,299385.0,281290.0,288540.0,13756.73,22869.82,21087.24,21884.56,1.0,,80638,90300,8.01,증권,KOSPI
011790,18400.36,24877.0,29587.5,34605.0,-3050.25,-688.0,762.5,2495.0,0.8883,22288.37,52971,106800,,화학,KOSPI
047040,80546.27,80752.3,90294.3,102194.39,-8154.31,8280.9,8146.3,9113.61,0.9879,31023.76,72690,17690,,건설,KOSPI
021240,49635.66,56966.5,64071.25,71289.5,8786.52,10133.0,11836.0,12775.5,1.0,25247.31,72466,102400,11.73,가정용기기와용품,KOSPI
036570,15069.25,28044.61,32057.56,33832.36,160.78,5291.83,5979.83,6114.21,0.9694,-14930.01,52675,244500,15.19,게임엔터테인먼트,KOSPI
047050,323736.04,353172.73,362214.6,373128.67,11653.16,14846.0,15715.93,16591.27,0.9629,67614.96,99572,56600,16.21,무역회사와판매업체,KOSPI
035720,80991.48,83389.35,89665.1,97276.59,7320.37,10362.75,11826.7,13513.29,0.8917,-90183.57,147962,33400,30.1,양방향미디어와서비스,KOSPI
005940,136989.24,362679.33,339830.67,347040.67,14205.8,23056.76,20113.29,20595.67,0.9685,,99132,26850,9.61,증권,KOSPI
015760,974293.46,976053.36,989070.07,1006913.46,134905.57,77650.79,111501.07,133061.23,0.9581,1306591.75,193231,30100,2.26,전기유틸리티,KOSPI
096770,802960.54,1047559.31,959189.08,947053.77,4486.84,92984.23,47575.54,43017.92,0.881,261185.73,255777,151300,,석유와가스,KOSPI
047810,36963.79,53486.06,67246.72,75649.89,2691.9,3428.61,5771.61,7368.06,0.9894,27887.67,129934,133300,69.9,우주항공과국방,KOSPI
006260,318700.31,415638.56,443960.89,470585.25,10525.54,20508.78,23029.78,26635.75,0.6211,104616.6,93288,299000,34.45,전기장비,KOSPI
039490,171217.04,416349.0,395025.67,401472.33,14882.4,22692.39,18836.5,19903.76,1.0,,67931,259000,6.1,증권,KOSPI
352820,26498.7,48576.19,42539.48,45523.95,493.18,2812.48,4833.24,5359.37,0.9686,-7203.21,66988,155400,,방송과엔터테인먼트,KOSPI
000990,13972.33,16400.0,18585.0,20130.0,2772.95,4165.0,5525.0,7010.0,0.9967,-9156.2,61472,141300,24.01,반도체와반도체장비,KOSPI
005387,1862544.72,1935858.8,2020377.68,2122667.9,114678.51,113600.16,130366.48,140689.38,0.9124,1025242.74,60224,175800,0.64,자동차,KOSPI
000100,21866.38,23471.94,25614.69,28602.69,1043.74,1289.25,2028.44,3026.56,1.0,-959.87,54623,74200,28.14,제약,KOSPI
377300,9583.71,12931.5,15015.17,17974.17,503.67,1700.5,2023.67,2468.67,0.8745,-44393.61,54323,40150,120.08,IT서비스,KOSPI
271560,33324.43,37678.14,40180.64,42183.5,5582.58,6386.29,6984.79,7427.0,0.9838,-12166.55,41782,105700,10.92,식품,KOSPI
103590,20445.52,23474.75,25219.25,26765.0,1512.27,2524.75,2765.25,3117.5,1.0,-439.49,41009,86000,39.47,전기장비,KOSPI
090430,42528.2,47261.85,51796.5,56231.05,3358.27,4861.9,5648.55,6418.47,0.9559,-8086.94,77503,132500,32.88,화장품,KOSPI
066570,892008.82,968060.82,1012691.82,1055564.73,24783.92,46586.24,49797.29,61119.73,0.8055,41258.6,351016,215500,36.54,전자제품,KOSPI
034020,170578.76,183938.88,205839.2,230433.53,7627.12,11291.25,16367.73,20768.6,0.6722,45793.89,521417,81400,615.15,기계,KOSPI
009540,299332.15,348147.83,379485.92,408247.42,39044.9,61939.25,73845.83,84805.92,0.7985,-110945.45,231074,326500,10.66,조선,KOSPI
161390,212022.99,225571.76,237660.47,247939.8,18410.76,21857.41,24492.24,26218.6,0.9549,35329.27,74325,60000,6.82,자동차부품,KOSPI
071050,194661.43,461800.0,466500.0,468930.0,23453.29,39419.31,31638.06,32889.2,0.9935,,100530,180400,4.98,증권,KOSPI
000880,747854.4,910137.75,948191.5,1001308.25,41468.83,62727.5,71257.0,77944.75,0.2961,46978.59,68048,127600,18.27,복합기업,KOSPI
259960,33265.54,48591.19,51787.5,55267.64,10543.81,14492.56,15475.88,16596.71,0.9928,-21242.54,91603,199500,12.47,게임엔터테인먼트,KOSPI
029780,43828.54,47140.0,47733.33,49516.67,8536.95,7986.67,8145.0,8540.0,1.0,,48892,42200,7.57,카드,KOSPI
128940,15475.31,17596.72,17945.44,19011.12,2577.99,3664.94,3151.89,3115.76,0.9156,90.87,64567,504000,38.08,제약,KOSPI
001040,450188.29,473012.0,490691.67,513980.0,25277.38,24559.7,27443.33,30620.43,0.4674,168752.98,38222,131000,26.67,복합기업,KOSPI
010060,33800.6,40987.29,45476.86,50174.86,-576.27,3453.57,5525.43,6516.0,0.8007,9586.85,44062,236000,,화학,KOSPI
055550,646819.6,,,,70233.57,80578.5,84715.88,88838.2,0.9928,,497148,105900,10.0,은행,KOSPI
001440,36360.18,43980.0,46800.29,52789.57,1286.13,2290.14,2566.14,3257.14,0.9707,5639.37,61738,31500,73.3,전기장비,KOSPI
443060,19827.01,23702.09,26403.82,30222.73,3501.41,4143.36,5256.82,6573.55,1.0,-5145.06,105134,234500,39.0,조선,KOSPI
012750,28894.12,29506.25,31310.75,32895.0,2345.66,2060.75,2536.75,2694.0,0.9999,-1579.0,31957,84100,17.9,상업서비스와공급품,KOSPI
175330,46305.45,,,,9523.14,10328.91,11019.36,11613.8,0.9792,,54091,29000,7.61,은행,KOSPI
004170,69294.99,73043.35,76146.35,79594.69,4799.62,7914.76,8729.65,9401.69,0.8301,39443.1,31358,332000,225.0,백화점과일반상점,KOSPI
353200,10652.95,16028.62,19967.69,23334.69,490.61,2762.62,4079.46,5059.77,0.9995,-2162.12,73730,149200,154.88,전자장비와기기,KOSPI
064400,61295.43,65701.69,71543.69,77913.17,5518.28,5829.77,6677.08,7368.17,0.9971,-10425.1,69758,72000,15.93,IT서비스,KOSPI
138930,101525.1,,,,9026.81,10045.86,11202.29,11826.92,0.9742,,49156,16020,6.03,은행,KOSPI
005490,690948.86,736615.11,761953.11,786782.22,18270.63,30599.58,37714.37,43620.61,0.9021,179179.05,246837,311500,37.53,철강,KOSPI
018880,108837.28,113370.2,118010.95,123250.83,2703.72,4270.0,4978.2,5562.78,0.9893,28264.69,39408,3840,,자동차부품,KOSPI
011780,69151.45,79847.92,78156.42,77693.5,2718.29,5466.83,4436.17,4720.33,0.9999,-853.11,29560,117500,10.16,화학,KOSPI
024110,292172.06,,,,36555.89,37309.69,40066.77,42082.25,0.9939,,161877,20300,5.97,은행,KOSPI
088980,,,,,,3460.0,3570.0,3700.0,,,47030,9820,,운송인프라,KOSPI
031210,27587.2,,,,3757.02,,,,0.9999,,29500,42250,10.99,손해보험,KOSPI
034220,258100.82,250480.86,255001.29,263030.0,5169.77,8299.43,12937.0,15783.43,0.9456,119989.1,42850,8570,18.93,디스플레이패널,KOSPI
032640,154517.45,153950.5,158116.56,161366.44,8921.31,11498.44,12363.72,13190.67,1.0,45084.03,61839,14570,11.8,무선통신서비스,KOSPI
028670,54328.88,70021.36,71122.0,72729.71,4919.48,6871.86,6992.29,7123.36,1.0,41405.81,33411,6250,11.09,해운사,KOSPI
326030,7067.41,9783.44,11815.75,13789.27,2039.38,3506.63,4671.69,6034.07,1.0,-3330.46,59831,76400,22.41,제약,KOSPI
161890,27224.19,31977.52,36080.49,39739.8,2395.95,3457.93,4120.06,4686.25,0.7841,10641.17,32363,137100,25.87,화장품,KOSPI
006360,124503.47,109526.5,118766.82,127610.32,4378.09,4116.0,5933.14,6964.79,0.8674,40469.93,28370,33150,30.34,건설,KOSPI
329180,175806.33,247513.68,266305.58,285539.78,20375.1,40549.47,47486.95,55308.78,1.0,-49151.16,447135,426000,31.59,조선,KOSPI
316140,415483.95,,,,36748.08,43712.63,47772.81,50517.0,0.969,,248665,33750,7.96,은행,KOSPI
022100,10751.75,9993.0,11930.0,14487.0,603.89,404.0,735.0,1161.0,0.9898,-2469.25,31851,20950,61.16,IT서비스,KOSPI
241560,87918.88,94508.67,98813.67,102095.0,6861.32,8526.67,8900.33,9921.5,1.0,-3060.2,53200,55500,13.22,기계,KOSPI
192820,23987.58,29707.1,34617.05,39191.79,1957.92,2569.85,3158.3,3704.42,0.9587,7500.21,30757,271000,24.99,화장품,KOSPI
002380,64838.19,68851.33,71830.0,74338.5,4276.15,4585.0,5192.17,5566.0,1.0,42230.96,40558,472000,2.64,건축자재,KOSPI
035250,14767.27,14664.5,14795.38,16027.86,2353.11,2130.0,2075.75,2706.29,1.0,-29273.88,30658,14330,9.64,"호텔,레스토랑,레저",KOSPI
005385,1862544.72,1935858.8,2020377.68,2122667.9,114678.51,113600.16,130366.48,140689.38,0.9124,1025242.74,40060,175400,0.42,자동차,KOSPI
014680,8839.69,9864.83,11340.17,13477.8,1562.33,1805.17,2276.33,2956.0,0.9689,948.65,29953,277500,20.34,화학,KOSPI
111770,40635.84,45150.14,47138.14,49886.83,5144.39,6391.86,7113.43,7936.83,1.0,-7396.17,29822,67300,6.06,"섬유,의류,신발,호화품",KOSPI
007340,36757.04,45957.0,48911.0,52148.5,5279.08,6949.5,7449.0,8137.0,0.8907,15626.15,29548,50500,10.49,자동차부품,KOSPI
017670,170992.13,176576.11,180299.47,186108.16,10732.15,19652.58,20835.95,22293.79,1.0,82031.19,190304,88600,46.6,무선통신서비스,KOSPI
454910,329.78,,,,-594.72,,,,,-1686.94,47383,73100,,기계,KOSPI
066970,21549.39,35514.5,43748.43,52664.5,-1568.5,2010.93,2354.29,3221.79,1.0,14382.17,46423,114100,,전기제품,KOSPI
003550,72525.47,82600.1,90786.2,98624.44,9121.74,15604.7,19226.0,21850.11,0.8142,-25430.26,168428,111400,22.85,복합기업,KOSPI
302440,6513.68,6932.5,7617.5,8263.0,-1235.02,-1054.0,-400.5,-240.0,1.0,-2892.36,28637,36500,,제약,KOSPI
005850,52399.39,55945.0,60303.5,63598.29,4070.99,4492.5,4934.38,5619.29,0.9728,-7022.77,24385,52500,7.85,자동차부품,KOSPI
004990,155396.27,158221.5,163400.0,169965.0,2394.39,3218.0,4064.0,4920.0,0.5465,76316.01,23820,23900,,복합기업,KOSPI
112610,29316.49,28367.64,32404.55,33191.63,3203.23,3035.36,3365.27,2642.75,0.9777,7948.04,23321,55300,67.21,에너지장비및서비스,KOSPI
051900,63554.9,64421.19,66986.69,69605.4,1706.89,3723.19,4409.44,4820.73,0.9675,-11373.38,40659,271500,,화장품,KOSPI
001720,24663.81,31713.66,,,1361.46,1958.39,,,0.9554,,22917,139400,21.1,증권,KOSPI
097950,273425.89,293314.75,305576.08,317588.67,12336.05,11990.42,13997.83,15265.11,0.7606,115284.69,27037,179600,,식품,KOSPI
204320,94548.13,98345.5,104192.41,109562.89,3571.21,4123.41,4715.77,5353.44,0.8877,13563.97,22211,47300,22.2,자동차부품,KOSPI
004020,227332.37,240146.84,249687.95,255234.56,2192.35,3595.21,6713.63,7760.17,0.8926,81868.27,40167,30100,,철강,KOSPI
004800,24317.09,26120.0,26903.33,29156.67,3930.21,5440.0,5300.0,5786.67,0.8386,13984.24,26450,158000,8.02,복합기업,KOSPI
375500,74024.25,70586.65,71643.55,77039.83,3869.53,5756.25,5775.1,6482.5,0.997,-10892.93,29291,75700,7.91,건설,KOSPI
081660,44686.46,47469.5,48445.17,49578.0,4747.81,6213.0,6225.33,6392.0,0.6591,13756.9,20732,39050,9.24,"섬유,의류,신발,호화품",KOSPI
229640,9600.56,12500.22,13738.67,15196.67,667.78,846.44,949.0,1125.56,0.8836,967.59,20488,66900,48.71,전기장비,KOSPI
457190,4114.7,4273.0,4380.0,4818.0,16.15,267.0,312.0,525.0,1.0,1556.56,24749,81900,3214.16,화학,KOSPI
004370,35143.16,37575.0,39609.71,40938.7,1839.33,2323.38,2490.0,2643.1,0.9963,-10975.06,24452,402000,14.37,식품,KOSPI
009150,113144.59,143402.8,183804.25,236891.83,9133.31,19899.15,38639.2,61437.06,0.9607,-2270.93,1177920,1577000,166.82,전자장비와기기,KOSPI
017800,24673.78,26300.0,29100.0,31900.0,2092.22,2140.0,2190.0,2300.0,1.0,3217.22,28577,73100,10.91,기계,KOSPI
002790,46231.75,,,,3680.0,,,,0.4246,-16403.41,19344,25300,15.6,화장품,KOSPI
026960,5328.79,,,,453.37,,,,0.9892,-7694.47,27467,27550,18.96,식품,KOSPI
181710,25162.34,29820.73,33257.45,38176.78,1324.34,1991.36,2543.36,3333.33,0.7846,-4584.32,18524,57300,57.72,IT서비스,KOSPI
462870,2945.46,2142.0,2113.67,3289.67,1814.18,1065.11,1001.0,2005.33,1.0,-5410.08,18210,31000,9.51,게임엔터테인먼트,KOSPI
439260,12281.28,13363.8,13931.8,15325.8,2941.03,3642.2,3819.0,4340.2,1.0,-6298.42,17540,46050,7.05,조선,KOSPI
001120,167063.1,188351.33,187280.33,190011.33,2921.93,4711.67,4816.83,4841.5,0.8776,18965.43,16996,43850,11.99,무역회사와판매업체,KOSPI
475150,3856.41,5591.2,1595.2,1658.0,529.98,654.8,841.4,832.5,1.0,3383.52,16965,49800,55.22,에너지장비및서비스,KOSPI
009970,48950.1,,,,7354.75,,,,0.6063,-15021.19,21322,164600,5.8,"섬유,의류,신발,호화품",KOSPI
011170,184830.05,208145.45,190391.09,193295.45,-9431.16,-791.36,643.0,3616.64,0.7973,77206.58,26050,60900,,화학,KOSPI
088350,274363.51,,,,11472.5,17329.5,17680.0,18712.0,0.7668,,46206,5320,7.2,생명보험,KOSPI
023530,137383.55,143117.15,147345.38,151106.58,5470.37,7950.92,8653.15,9370.08,0.9285,119784.62,28798,101800,55.86,백화점과일반상점,KOSPI
051600,15765.17,16294.36,17040.27,17658.27,1401.02,1728.55,1948.73,2074.73,1.0,-2782.69,20273,45050,16.32,전기유틸리티,KOSPI
009420,1551.85,1699.2,1925.0,2070.4,-9.16,56.8,120.8,79.0,0.7007,147.99,24240,46400,,제약,KOSPI
000240,14575.52,14411.0,15601.0,16860.0,4116.26,4211.0,4716.0,5340.0,1.0,-351.78,24161,25450,6.96,자동차부품,KOSPI
139480,289703.88,291361.92,303356.58,309373.7,3225.41,4142.0,5688.75,6108.5,0.8254,114500.08,19869,72000,14.59,백화점과일반상점,KOSPI
267270,37765.24,95467.33,105690.0,114089.0,1708.83,7932.83,9500.67,11644.0,1.0,9841.04,56047,118000,56.4,기계,KOSPI
005440,80916.05,84555.6,88027.0,91899.2,2740.74,3435.4,3791.2,4139.2,0.7569,-3765.19,23273,12690,5.65,복합기업,KOSPI
007070,119574.22,125059.93,129157.53,133322.36,2921.2,3617.93,3907.07,4115.21,1.0,19593.92,18561,22200,42.73,백화점과일반상점,KOSPI
005070,4562.96,5792.0,8926.0,13130.0,23.78,212.0,608.0,1110.0,,888.66,15644,47100,,화학,KOSPI
020150,6775.31,9066.57,13238.43,17299.67,-1452.26,-529.57,309.43,1176.67,0.8299,-375.89,26759,51100,,전자장비와기기,KOSPI
322000,4926.6,6959.0,8534.0,,412.23,1432.33,1665.0,,1.0,-1668.73,15590,139200,37.41,에너지장비및서비스,KOSPI
281820,3828.57,,,,599.66,,,,1.0,-2632.16,18235,92100,34.15,반도체와반도체장비,KOSPI
010950,342469.57,426895.36,409055.71,386937.43,2356.31,44933.29,34039.86,29139.86,1.0,75316.31,185649,164900,104.91,석유와가스,KOSPI
282330,90612.16,95128.47,99178.27,103043.31,2539.47,3076.93,3410.6,3677.46,0.999,-4201.09,22123,128000,11.33,백화점과일반상점,KOSPI
000155,197841.38,218239.46,251563.17,287199.6,10627.15,18001.08,24985.92,31875.1,0.5338,54570.67,18024,451000,23.78,복합기업,KOSPI
093370,4715.64,6908.0,7659.0,8951.0,253.5,765.0,1057.0,1230.0,0.8701,2632.79,17590,16400,331.14,화학,KOSPI
052690,5187.68,5770.4,7483.78,9257.56,354.53,628.7,959.56,1514.89,0.9851,-830.03,48425,126700,56.73,전기유틸리티,KOSPI
030000,45468.95,44762.64,47022.91,49198.78,3368.9,3108.45,3375.91,3561.11,0.9941,-5074.79,21593,18770,10.4,광고,KOSPI
008930,13569.58,14791.0,,,1387.27,1783.0,,,1.0,856.68,37615,55000,31.78,제약,KOSPI
003690,67044.02,,,,4709.39,,,,1.0,,25448,14400,7.9,손해보험,KOSPI
020560,72668.5,,,,-3451.9,,,,0.631,60195.1,16932,8220,,항공사,KOSPI
120110,48733.99,53155.33,55417.5,57748.5,1088.96,2780.5,2985.83,3361.83,0.951,22920.57,16890,56400,44.12,화학,KOSPI
071970,4023.96,6049.86,7683.29,8787.86,759.12,1535.71,2110.71,2562.86,1.0,-4232.94,16638,49050,10.08,조선,KOSPI
097230,19997.05,26710.0,29510.0,,670.74,2180.0,3250.0,,1.0,2710.99,13842,15330,26.91,건설,KOSPI
001450,181103.79,,,,12609.94,,,,0.9812,,40621,47650,3.98,손해보험,KOSPI
082740,13710.57,15676.56,22241.56,25323.0,1300.66,2258.89,3845.33,4780.33,1.0,-1676.54,40555,48600,23.34,조선,KOSPI
00680K,292830.28,612958.0,555412.67,581729.0,19151.04,47083.19,25932.44,27851.63,0.9691,,12969,10190,0.83,증권,KOSPI
066575,892008.82,968060.82,1012691.82,1055564.73,24783.92,46586.24,49797.29,61119.73,0.8055,41258.6,12886,75000,1.34,전자제품,KOSPI
085620,51884.29,,,,1945.12,2065.0,2393.0,2472.0,1.0,,26333,19480,20.14,생명보험,KOSPI
069620,15708.91,16656.56,17606.56,19233.0,1967.82,2311.0,2420.33,2825.78,1.0,7665.99,12664,109300,6.47,제약,KOSPI
192080,7198.97,8379.92,8797.38,9240.2,2321.34,2826.15,3065.62,3251.8,0.8231,-10011.68,12238,57800,9.32,게임엔터테인먼트,KOSPI
294870,41470.07,38551.18,47778.06,48180.53,2486.14,5228.41,7052.65,6549.6,1.0,12767.84,14730,22350,9.31,건설,KOSPI
003540,50638.9,,,,3014.02,5836.67,3716.67,3853.33,1.0,,12131,25450,6.5,증권,KOSPI
073240,47012.82,51016.0,53579.7,56200.25,5758.59,6244.9,6612.5,7463.75,0.9331,12484.08,19792,6890,5.7,자동차부품,KOSPI
300720,14238.6,13854.5,14815.5,15530.0,1327.39,1343.0,1517.0,1723.5,1.0,4969.89,11841,16100,15.96,건축자재,KOSPI
000815,247785.2,,,,26591.43,32565.38,39419.62,38107.08,0.9944,,11788,392000,0.58,손해보험,KOSPI
012630,65847.98,65503.5,72451.0,78230.0,6488.68,9498.5,11268.0,12280.0,0.653,23786.06,14039,23500,4.66,건설,KOSPI
089860,29187.52,30496.6,32314.5,34097.4,3125.03,3505.9,3833.0,4151.2,1.0,44991.09,18663,51400,14.63,도로와철도운송,KOSPI
483650,5197.35,7563.3,9843.6,12063.47,1014.69,1652.8,2218.5,2780.58,0.9996,-1973.9,22975,183400,29.06,화장품,KOSPI
280360,42159.53,44753.5,46718.71,48409.36,1095.19,2149.71,2412.86,2662.55,1.0,11547.69,11055,120100,15.29,식품,KOSPI
336260,4547.95,5009.67,8336.17,9972.4,-1056.73,-743.0,443.33,751.2,0.9963,5482.62,30094,45950,,에너지장비및서비스,KOSPI
017960,9088.1,9571.25,10051.25,10803.0,1309.51,1832.25,1988.5,2195.0,1.0,-1635.39,10671,20650,10.49,조선,KOSPI
000080,24985.67,24551.17,24952.33,25185.5,1723.39,1939.33,2023.17,2083.75,1.0,7752.29,10387,14810,25.03,음료,KOSPI
036460,357273.36,371722.9,387206.1,379038.67,21011.51,25379.5,24033.5,24626.0,0.9964,330240.39,33094,35850,24.88,가스유틸리티,KOSPI
361610,2618.74,1634.25,2494.5,3977.75,-2463.64,-2308.5,-1015.75,-130.5,1.0,14498.73,14525,17760,,전기제품,KOSPI
011210,84815.61,90561.5,95812.75,100987.36,2044.13,2191.0,2665.38,2983.36,0.95,-2845.84,14495,53300,14.64,자동차부품,KOSPI
000210,53267.21,55385.5,55391.5,56050.0,2985.46,6496.0,6105.0,6170.0,0.9294,45447.6,10206,48700,,화학,KOSPI
023590,174950.04,,,,15592.84,,,,0.437,-482973.99,16428,37950,3.25,증권,KOSPI
069960,42303.21,43187.81,46559.44,48787.33,3779.48,4121.63,5048.5,5497.8,0.9848,13062.4,19150,88800,9.22,백화점과일반상점,KOSPI
003240,18274.4,,,,-360.15,,,,0.9721,-13030.56,9932,892000,12.29,화학,KOSPI
195870,6533.97,8824.0,10253.91,11639.64,464.91,1026.82,1491.91,1809.55,1.0,1298.53,11135,65500,46.74,반도체와반도체장비,KOSPI
103140,50485.8,61791.0,65129.93,67916.0,2974.27,4340.0,3969.36,4238.46,1.0,10110.41,22167,79100,15.06,비철금속,KOSPI
006110,2714.59,3936.2,4782.4,,-176.47,44.0,316.5,,1.0,2331.11,9513,62900,,비철금속,KOSPI
009240,17445.38,16711.63,17289.75,17810.57,184.91,384.25,425.13,523.0,0.9996,1895.95,9308,39550,20.11,가구,KOSPI
077970,7893.42,9044.0,9892.0,13208.5,695.93,1003.5,1190.0,1826.0,1.0,2185.47,9134,22750,13.25,조선,KOSPI
185750,16924.04,17939.0,18836.0,19778.0,805.68,718.0,1319.0,1384.0,0.9951,1081.44,9013,65300,11.63,제약,KOSPI
001430,36515.85,41193.83,44576.42,46597.45,984.12,1677.83,2298.33,2683.91,0.9923,12059.87,16819,46900,29.93,철강,KOSPI
051915,459321.67,562155.33,642942.08,714571.33,11809.0,13878.58,39751.33,55531.08,0.83,307180.26,8942,116300,,화학,KOSPI
298020,76948.44,87847.0,90427.17,95531.33,2515.03,5427.33,6025.0,6457.33,0.7788,22664.76,11879,274500,109.84,무역회사와판매업체,KOSPI
009450,15022.4,16926.0,18994.0,21342.0,1433.77,2679.0,2668.0,3145.0,0.9989,2040.46,8931,61300,9.96,가정용기기와용품,KOSPI
001800,33931.26,39428.0,40128.0,42150.0,4877.29,6071.0,6291.0,6750.0,0.36,-12314.71,13896,23100,11.49,식품,KOSPI
006120,101640.14,,,,3613.54,,,,0.8943,41141.98,11772,67600,9.1,석유와가스,KOSPI
000120,122846.52,132513.55,137548.64,143196.27,5080.81,4698.18,5340.18,5899.18,0.9451,38229.46,16128,70700,6.66,항공화물운송과물류,KOSPI
006040,95836.74,101784.0,105709.67,110070.0,5161.34,5748.67,6005.33,6220.0,0.9461,21050.03,15648,35450,4.26,식품,KOSPI
030610,45067.95,,,,1904.43,,,,1.0,,11362,9970,7.95,증권,KOSPI
004000,17526.83,21190.86,20897.71,21641.57,743.61,1631.29,1657.86,1807.71,1.0,-4418.46,11055,42850,10.42,화학,KOSPI
001740,67451.27,68913.5,70640.75,72342.5,862.93,1077.75,1333.5,1466.25,0.9808,14693.46,13079,6520,26.25,복합기업,KOSPI
192400,9209.29,,,,1140.09,,,,1.0,-3466.13,9584,26950,6.58,가정용기기와용품,KOSPI
139130,80409.68,,,,5832.41,6290.62,6876.23,7280.25,0.9753,,29582,18680,6.66,은행,KOSPI
279570,13348.3,,,,1170.85,1164.0,1986.0,2838.0,,,21867,5390,,은행,KOSPI
251270,28350.74,29177.67,29809.83,30928.53,3524.78,3243.78,3738.17,3980.47,0.9742,1205.57,29313,35250,13.03,게임엔터테인먼트,KOSPI
489790,17909.22,20334.0,23415.0,25948.67,1622.67,2034.0,2967.33,3731.0,1.0,1530.85,25951,51400,56.92,통신장비,KOSPI
071320,39981.87,39223.0,39382.33,38811.0,5296.24,5105.67,4246.0,4094.0,0.9941,37397.42,9205,79500,2.72,복합유틸리티,KOSPI
137310,7105.81,,,,-809.45,,,,,-1229.65,7655,6340,,건강관리장비와용품,KOSPI
100090,9653.88,6457.63,7437.5,11730.33,595.09,573.88,614.25,1166.33,0.9968,1803.61,7516,12030,19.89,에너지장비및서비스,KOSPI
000670,29089.74,,,,-2596.89,,,,,1866.54,7475,40600,,핸드셋,KOSPI
005690,1140.62,1605.0,2219.0,,343.04,572.0,817.0,,,-401.4,7440,12400,,화학,KOSPI
450080,3925.06,,,,-653.69,,,,,6767.06,27051,38200,,전기제품,KOSPI
030190,6021.47,6610.0,7243.0,7863.0,1043.89,1190.5,1306.5,1428.0,1.0,-1481.99,9591,16460,12.43,상업서비스와공급품,KOSPI
008770,40683.06,40084.58,41376.5,43676.7,135.13,1972.75,2371.92,2699.2,1.0,9742.49,15464,39400,,백화점과일반상점,KOSPI
000370,74497.36,,,,4295.93,,,,1.0,,8615,7380,2.88,손해보험,KOSPI
003850,10174.27,,,,650.67,,,,1.0,2538.32,7292,8500,11.34,제약,KOSPI
214320,21460.41,21597.0,22472.0,23487.43,1628.0,1845.11,1950.89,2086.14,0.8727,-5212.93,7276,18190,7.93,광고,KOSPI
071055,194661.43,461800.0,466500.0,468930.0,23453.29,39419.31,31638.06,32889.2,0.9935,,8371,142900,0.41,증권,KOSPI
006340,6245.42,,,,93.51,,,,0.6795,162.83,10531,13430,120.0,전기장비,KOSPI
007810,15097.25,17103.5,19450.5,20506.0,538.16,970.5,1594.0,1876.5,0.8916,1868.81,19882,82900,42.08,전자장비와기기,KOSPI
090460,17926.6,18847.6,21344.0,22567.89,539.78,925.1,1267.7,1461.56,0.8977,-30.67,7029,20850,22.65,전자장비와기기,KOSPI
285130,23651.64,29278.5,31620.0,33405.0,-2.07,587.0,1592.0,2230.0,1.0,4854.61,8978,51900,20.11,화학,KOSPI
005880,12769.68,12430.4,12370.4,12258.2,2071.64,2559.0,2477.0,2474.6,1.0,10250.27,6955,2155,3.86,해운사,KOSPI
499790,4816.83,6214.2,6797.2,7225.8,780.23,1383.0,1601.8,1783.4,0.6627,6224.65,7565,38150,39.05,"호텔,레스토랑,레저",KOSPI
001820,2944.92,3276.5,3984.5,4220.0,128.66,298.5,580.5,620.0,1.0,-881.47,16403,157800,130.88,전기제품,KOSPI
002960,3449.59,,,,527.81,,,,,-301.51,6721,517000,,화학,KOSPI
456040,20094.29,21592.67,21135.67,21676.67,4.4,1579.67,1798.0,1836.67,0.9577,5246.13,6634,74100,,화학,KOSPI
069260,11276.91,13155.5,14230.0,15730.0,656.15,890.0,960.0,1060.0,1.0,-2409.45,6536,15990,10.91,화학,KOSPI
004710,12524.25,,,,204.16,,,,0.2898,2338.93,6402,12070,,전자장비와기기,KOSPI
001570,1027.81,,,,-446.61,,,,,3021.11,6333,9900,,화학,KOSPI
000400,32206.71,,,,647.36,,,,,,6920,2230,,손해보험,KOSPI
001060,7752.98,,,,944.61,,,,1.0,-303.34,6241,26800,10.15,제약,KOSPI
036530,22356.94,,,,3006.56,,,,0.5914,-10191.21,7418,45500,5.71,자동차부품,KOSPI
192650,12306.21,,,,313.73,,,,0.2,827.86,6193,9400,6731.52,핸드셋,KOSPI
034230,11498.67,12686.22,13816.89,14744.0,1558.16,1661.11,2049.78,2410.57,0.7497,6206.98,8698,9390,9.22,"호텔,레스토랑,레저",KOSPI
005180,14895.87,15731.75,16392.5,16720.0,883.57,1634.25,1705.0,1630.0,1.0,-1441.02,7401,83700,13.32,식품,KOSPI
014820,13728.74,,,,661.56,,,,0.999,2862.38,6190,21350,11.53,포장재,KOSPI
004490,21420.68,23967.0,29980.0,,1537.64,1732.0,2060.0,,1.0,-3132.96,8621,62200,6.11,자동차부품,KOSPI
298050,32830.45,35828.0,36612.0,37609.0,1574.33,2324.5,2749.25,2952.0,0.7612,26151.51,7311,163200,,화학,KOSPI
007310,36745.45,,,,1772.51,,,,0.9595,2748.22,12745,318000,18.41,식품,KOSPI
009155,113144.59,143402.8,183804.25,236891.83,9133.31,19899.15,38639.2,61437.06,0.9607,-2270.93,15262,525000,2.16,전자장비와기기,KOSPI
017940,103925.23,154098.0,154079.0,150674.0,3240.63,1651.0,4487.0,4531.0,0.882,-6912.07,6085,88700,5.81,가스유틸리티,KOSPI
064960,10063.74,10338.89,11394.67,12151.0,1025.53,1062.78,1197.0,1366.0,1.0,-3583.6,7153,26950,10.27,자동차부품,KOSPI
006280,19912.79,19881.08,21101.0,22768.77,691.5,725.62,980.77,1277.46,0.884,8941.9,14795,126600,,제약,KOSPI
248070,17002.46,19450.0,20200.0,21250.0,465.0,750.0,990.0,900.0,1.0,3728.47,7990,16710,59.44,전자장비와기기,KOSPI
000640,14297.67,15779.0,17024.33,18512.33,977.73,1104.33,1193.0,1396.0,0.9871,4729.59,6362,94500,7.0,제약,KOSPI
178920,2634.21,2924.0,3285.5,3679.0,430.39,682.5,754.0,845.0,,-200.79,5917,20150,,화학,KOSPI
005300,39711.44,41022.75,42535.25,43991.78,1671.6,2000.58,2249.83,2422.56,0.9565,14544.81,8861,95500,18.76,음료,KOSPI
016380,31934.44,34029.67,35459.67,36884.67,1507.47,1353.33,1605.33,1685.67,1.0,2314.2,5721,5720,4.23,철강,KOSPI
017900,1326.85,,,,12.05,,,,1.0,-913.17,5690,9820,133.66,전자장비와기기,KOSPI
001680,44013.05,44434.0,45805.0,,1692.82,1919.0,2028.0,,0.9844,10797.32,6171,17810,,식품,KOSPI
002350,31896.1,34770.87,36194.73,37908.85,1702.97,1757.67,2107.07,2357.92,0.9968,12956.47,5665,5800,3.76,자동차부품,KOSPI
383800,1903.59,1580.0,1685.0,1775.0,1333.98,1840.0,1935.0,2075.0,1.0,2009.41,6133,8040,4.52,무역회사와판매업체,KOSPI
284740,11213.43,,,,1693.63,,,,0.8898,-655.68,5564,24800,4.66,가정용기기와용품,KOSPI
108320,16390.71,16356.0,16587.0,17090.0,1088.56,781.0,770.0,950.0,1.0,-4406.46,6115,37600,7.4,디스플레이장비및부품,KOSPI
033240,8489.2,10056.0,10064.0,10680.0,419.97,921.0,923.0,970.0,1.0,821.61,6114,28300,12.97,통신장비,KOSPI
003300,19304.89,,,,1232.24,,,,0.5097,7309.01,5494,17820,17.4,건축자재,KOSPI
415640,,,,,,560.0,620.0,660.0,,,12304,10040,,운송인프라,KOSPI
317450,2872.54,,,,924.98,,,,1.0,-4466.9,6373,43650,7.83,제약,KOSPI
009410,21744.84,,,,527.89,,,,0.666,9516.19,5223,1635,8.18,건설,KOSPI
058650,66110.86,74867.0,78205.0,80300.5,1754.67,3210.0,3962.0,4074.0,0.8423,20358.81,5183,127800,8.02,철강,KOSPI
001530,6013.52,7106.0,7850.0,9156.0,-15.45,121.0,215.0,349.0,1.0,3868.49,5169,24950,,"섬유,의류,신발,호화품",KOSPI
025540,14428.5,15003.0,15888.0,16785.0,1392.53,1102.0,1371.0,1533.0,1.0,-1336.32,5685,56200,5.36,자동차부품,KOSPI
003620,43036.37,50812.0,56942.0,59231.0,361.56,361.0,853.0,1079.0,0.9076,7372.5,5150,2545,11.06,자동차,KOSPI
336370,6160.83,5556.0,6899.5,10082.5,-733.36,-753.5,287.5,760.5,0.707,8392.07,6130,8730,,전자장비와기기,KOSPI
008060,13849.9,,,,113.13,,,,0.5689,-3721.99,5034,16090,142.12,전자장비와기기,KOSPI
100840,6061.2,4654.5,4450.0,5100.0,1113.14,936.5,760.0,990.0,1.0,-836.28,7242,36650,8.58,에너지장비및서비스,KOSPI
268280,5321.23,,,,654.82,,,,1.0,-248.65,6455,129100,10.53,화학,KOSPI
093050,18824.3,,,,1681.11,,,,0.8414,4868.89,7076,24200,7.16,"섬유,의류,신발,호화품",KOSPI
006650,33478.22,34288.6,36427.2,36916.0,526.69,1199.0,1995.4,2342.2,0.6913,758.41,5954,91600,18.78,화학,KOSPI
003160,4322.94,5897.6,7189.0,8223.67,365.08,1157.0,1427.0,1660.33,0.5562,359.69,12028,42500,236.03,반도체와반도체장비,KOSPI
029460,7973.44,9368.0,10687.0,11756.0,464.63,756.0,973.0,1176.0,0.8698,-2101.88,4860,44100,11.08,반도체와반도체장비,KOSPI
001500,18204.93,,,,722.52,,,,1.0,,4817,7790,8.34,증권,KOSPI
00088K,747854.4,910137.75,948191.5,1001308.25,41468.83,62727.5,71257.0,77944.75,0.2961,46978.59,5783,39400,1.55,복합기업,KOSPI
005090,24606.88,25466.33,25966.0,25668.0,958.2,1645.33,1747.0,2469.0,0.8039,17399.96,6844,47500,,에너지장비및서비스,KOSPI
032350,6534.48,7770.45,8563.55,9522.44,1433.28,1936.55,2268.73,2668.78,1.0,11891.68,8698,10910,31.33,"호텔,레스토랑,레저",KOSPI
003030,37595.75,44341.0,49231.5,53827.5,2058.26,823.0,3034.0,3620.0,0.9453,20507.16,4779,115400,7.55,철강,KOSPI
145990,25625.0,,,,1117.25,,,,0.8903,6948.15,4770,46250,,식품,KOSPI
453340,23296.23,25087.5,26724.0,28165.0,1067.95,1372.5,1498.5,1630.0,0.9947,-1200.06,6137,18900,7.04,식품,KOSPI
484870,4033.49,4126.0,5013.0,5969.0,560.65,571.0,733.0,948.0,,-463.96,5086,18520,,우주항공과국방,KOSPI
249420,5669.34,,,,194.77,,,,1.0,816.88,4597,14530,16.62,제약,KOSPI
002240,18091.83,,,,407.23,,,,1.0,-278.45,4582,16970,47.67,철강,KOSPI
002990,20184.88,20763.0,23502.0,26418.0,470.84,709.0,1068.0,1246.0,1.0,14.34,4564,12250,7.14,건설,KOSPI
460860,32034.31,37751.67,39717.33,41138.33,593.8,1234.67,1485.0,1601.67,,13551.47,4916,9910,,철강,KOSPI
019170,2346.81,,,,142.55,,,,1.0,-190.16,4880,9310,55.3,제약,KOSPI
003280,1808.13,,,,112.76,,,,1.0,150.96,4467,1858,14.6,해운사,KOSPI
016610,19219.88,,,,1166.98,,,,0.8528,,4457,10500,5.47,증권,KOSPI
000070,33482.87,,,,1087.66,,,,0.3159,11119.41,4448,57300,,화학,KOSPI
075580,4026.86,4151.0,4651.0,5051.0,733.89,827.0,940.0,1059.0,0.8085,1544.16,5691,10010,11.23,조선,KOSPI
034310,32425.6,,,,1980.97,,,,0.4916,5008.22,4367,11880,11.6,IT서비스,KOSPI
005420,6641.55,,,,-159.86,,,,,3543.74,4313,11230,,화학,KOSPI
003470,34612.73,,,,993.79,,,,1.0,,8372,4345,8.75,증권,KOSPI
403550,4707.03,5080.0,5373.0,5570.0,232.49,294.0,353.0,405.0,1.0,2788.21,4280,11280,,도로와철도운송,KOSPI
001510,14046.72,,,,77.86,,,,1.0,,5459,2360,18.94,증권,KOSPI
090435,42528.2,47261.85,51796.5,56231.05,3358.27,4861.9,5648.55,6418.47,0.9559,-8086.94,4239,40150,1.8,화장품,KOSPI
001270,9654.64,,,,567.77,,,,0.9998,,5330,51400,11.68,증권,KOSPI
005810,4325.3,5635.0,5670.0,5815.0,668.01,1387.5,1183.0,1220.0,0.9995,526.02,5327,36950,7.16,비철금속,KOSPI
012030,6434.64,,,,415.99,,,,0.9943,3166.59,4064,2020,8.27,IT서비스,KOSPI
011930,5674.54,7600.0,8503.0,9693.0,12.81,195.0,276.0,501.0,0.8537,1935.6,4049,19940,,반도체와반도체장비,KOSPI
130660,3945.48,,,,65.75,,,,1.0,63.51,4046,12410,99.66,전기유틸리티,KOSPI
018670,76763.19,100881.25,94949.25,97460.25,4428.31,4569.5,5129.75,5222.75,0.8347,26026.17,22200,239500,9.44,가스유틸리티,KOSPI
003570,7120.22,8077.0,9147.0,10260.0,854.57,1121.0,1357.0,1544.0,1.0,-3243.33,10924,32850,17.74,자동차부품,KOSPI
020000,14917.64,16035.86,16950.43,17835.0,521.79,919.86,1089.29,1247.71,1.0,-387.48,4736,22050,10.24,"섬유,의류,신발,호화품",KOSPI
002840,4411.38,,,,436.08,,,,1.0,-119.71,6107,135700,14.03,화학,KOSPI
004690,52754.61,54361.0,54856.0,55876.0,1596.31,1835.0,1786.0,1858.0,0.8709,750.99,4617,127300,4.14,가스유틸리티,KOSPI
002810,4468.68,,,,127.62,,,,0.9555,-3143.9,3897,21100,6.65,화학,KOSPI
005945,136989.24,362679.33,339830.67,347040.67,14205.8,23056.76,20113.29,20595.67,0.9685,,4246,22500,0.41,증권,KOSPI
114090,4229.47,4671.75,4923.25,5084.17,526.44,678.0,767.0,858.67,0.9983,-3786.15,5295,8560,11.25,"호텔,레스토랑,레저",KOSPI
003545,50638.9,,,,3014.02,5836.67,3716.67,3853.33,1.0,,4901,20100,2.63,증권,KOSPI
015360,13275.99,,,,1117.15,,,,1.0,2038.45,3859,14700,4.45,가스유틸리티,KOSPI
072710,8588.16,,,,811.17,,,,1.0,1696.01,4137,89200,3.61,식품,KOSPI
003090,20683.7,,,,2617.94,,,,0.7681,7061.41,8902,15310,5.09,제약,KOSPI
014830,13387.58,16063.17,17101.33,17706.33,879.09,940.5,1124.67,1196.17,1.0,1189.13,4135,61100,6.34,화학,KOSPI
003530,30945.78,,,,1477.01,,,,1.0,,10030,4675,9.83,증권,KOSPI
217590,3408.85,,,,64.29,,,,1.0,303.51,4443,18440,,조선,KOSPI
029530,3173.28,,,,62.48,,,,1.0,-4183.27,3760,38700,18.74,사무용전자제품,KOSPI
306200,14847.97,18667.5,19906.33,20521.0,496.01,1136.67,1326.33,1480.4,1.0,2511.76,4359,153700,14.53,철강,KOSPI
010780,12343.56,10917.5,14041.75,19599.25,681.23,1560.5,1701.0,3059.25,0.9452,9568.09,4358,14660,,건설,KOSPI
183190,10227.9,10701.33,11606.67,12226.0,771.34,739.0,1162.67,1425.33,0.9817,5963.24,3663,10180,21.68,건축자재,KOSPI
079160,22753.69,24988.0,26474.0,28083.33,962.17,1060.4,1281.6,1410.0,1.0,20116.61,8296,5010,,방송과엔터테인먼트,KOSPI
089590,15799.41,19793.67,19708.33,20197.0,-1116.6,200.33,1237.33,1563.0,0.999,11477.37,3645,4520,,항공사,KOSPI
092790,5509.92,,,,399.42,,,,1.0,693.01,3645,14020,10.11,철강,KOSPI
001940,8252.61,9220.0,9350.0,9990.0,-707.47,-170.0,260.0,340.0,1.0,-7896.36,3636,25650,,철강,KOSPI
317400,13875.96,15188.4,20344.5,25507.33,125.06,550.0,1011.25,1403.0,0.7643,-1450.69,3874,9990,10.87,건설,KOSPI
079900,1906.61,1941.0,2146.67,2340.33,287.19,276.0,340.33,394.33,1.0,-325.12,5917,40550,18.76,기계,KOSPI
002710,6115.14,,,,-109.09,,,,0.9969,2084.53,3562,13590,,철강,KOSPI
007690,13955.56,19038.0,18911.0,19023.0,531.7,1133.0,1185.0,1350.0,0.9956,4401.52,3561,38450,16.34,화학,KOSPI
003000,2007.14,,,,141.64,,,,1.0,-884.29,4065,4120,32.37,제약,KOSPI
004700,978.8,,,,87.9,,,,,-520.6,4428,66600,,"섬유,의류,신발,호화품",KOSPI
126560,2645.15,,,,63.09,,,,1.0,-3232.02,3724,3410,49.46,화장품,KOSPI
005389,1862544.72,1935858.8,2020377.68,2122667.9,114678.51,113600.16,130366.48,140689.38,0.9124,1025242.74,4017,173000,0.04,자동차,KOSPI
003350,1846.28,2583.0,2967.0,,328.84,491.0,593.0,,,-575.54,3506,15470,,화장품,KOSPI
015860,22827.24,,,,1455.91,,,,0.3927,-5626.04,3652,7400,10.38,전기장비,KOSPI
060980,13350.36,13630.0,14660.0,15840.0,886.9,1230.0,1380.0,1600.0,0.9918,8148.21,3435,38350,16.48,자동차부품,KOSPI
00104K,450188.29,473012.0,490691.67,513980.0,25277.38,24559.7,27443.33,30620.43,0.4674,168752.98,5444,128800,3.8,복합기업,KOSPI
006405,132667.31,158959.84,196319.63,241917.82,-17223.61,4149.11,14720.84,25562.06,0.8555,106775.0,3422,211500,,전기제품,KOSPI
005610,33704.81,34341.0,35868.0,38254.5,387.39,120.5,570.0,938.0,1.0,3036.29,3620,41950,25.79,식품,KOSPI
005720,35865.18,,,,2042.1,,,,0.5127,12586.84,3410,6490,3.74,자동차부품,KOSPI
344820,19006.06,19835.0,20731.0,21878.0,-752.07,4.0,510.0,732.0,1.0,3428.08,3849,24100,,건축자재,KOSPI
027410,4694.68,4740.0,4840.0,4940.0,611.74,590.0,650.0,700.0,1.0,-422.26,3565,3725,6.03,화학,KOSPI
194370,12882.33,16597.0,18344.0,,1405.12,1767.0,1886.0,,0.8927,7780.91,3729,12850,4.87,"섬유,의류,신발,호화품",KOSPI
145720,3464.52,3734.0,4275.0,4902.67,641.11,713.0,821.33,1019.33,1.0,2245.04,3333,38650,20.31,건강관리장비와용품,KOSPI
009290,16595.12,,,,310.46,,,,0.9831,1232.25,3277,6580,15.63,제약,KOSPI
02826K,407422.41,456276.6,493140.0,514956.29,32927.47,37903.8,43993.4,47724.79,0.7095,-38038.9,3265,222500,0.13,복합기업,KOSPI
096760,9695.65,,,,1678.99,,,,0.5066,2581.64,3249,4395,5.55,제약,KOSPI
010820,2948.42,,,,106.63,,,,,-963.77,3190,6540,,우주항공과국방,KOSPI
024720,6301.12,,,,477.43,,,,1.0,1364.24,3186,9290,13.6,화장품,KOSPI
001230,19852.65,,,,394.57,,,,0.7758,1121.2,3157,2030,19.64,철강,KOSPI
002030,18844.65,,,,1110.3,,,,0.6036,4845.88,4179,203000,13.5,건축자재,KOSPI
002310,8551.26,,,,272.16,,,,1.0,-635.58,3117,7900,10.53,포장재,KOSPI
092230,11637.26,,,,429.64,,,,0.6795,-6678.85,3826,96900,4.82,화학,KOSPI
272450,13810.81,15677.0,16058.67,16439.67,-191.58,-308.33,961.33,1364.33,,266.44,3085,5910,,항공사,KOSPI
010955,342469.57,426895.36,409055.71,386937.43,2356.31,44933.29,34039.86,29139.86,1.0,75316.31,3527,87700,1.99,석유와가스,KOSPI
126720,3376.55,,,,430.79,,,,1.0,-1802.89,3064,21450,6.27,에너지장비및서비스,KOSPI
002020,58861.33,,,,605.01,,,,1.0,23440.16,3053,23650,,복합기업,KOSPI
105630,19417.77,21196.29,22085.14,22816.67,834.16,1010.57,1055.86,1193.33,0.9982,5226.53,3512,8780,6.13,"섬유,의류,신발,호화품",KOSPI
031430,11099.69,12780.33,13680.33,14378.8,-114.97,551.5,748.0,841.4,1.0,2720.61,3670,10490,85.85,"섬유,의류,신발,호화품",KOSPI
001200,16940.75,,,,844.41,,,,1.0,,3967,4095,6.15,증권,KOSPI
200880,45052.5,,,,1618.0,,,,0.9819,6745.21,3049,11280,5.08,자동차부품,KOSPI
452260,5751.66,,,,94.14,,,,1.0,5115.03,5021,2590,151.55,백화점과일반상점,KOSPI
005950,16594.77,,,,68.84,,,,,2848.65,3040,11560,,화학,KOSPI
161000,14523.35,,,,-101.93,,,,0.4668,5107.06,5371,11040,,화학,KOSPI
097520,12792.37,11865.0,13451.0,14377.0,520.15,250.0,386.0,424.0,1.0,79.46,3399,19530,6.59,핸드셋,KOSPI
123890,2042.88,2485.0,2450.0,2660.0,342.27,715.0,1015.0,1240.0,1.0,,2949,2410,5.97,부동산,KOSPI
005430,6631.93,7050.0,,,470.15,635.0,,,1.0,-617.87,3094,97700,7.63,운송인프라,KOSPI
001750,9090.22,,,,753.11,,,,,,2900,19190,,증권,KOSPI
084690,56287.99,,,,1998.28,,,,0.2547,14733.49,2843,7850,,식품,KOSPI
034830,1843.6,2254.25,2409.0,2815.0,-208.8,249.8,422.5,505.0,0.9993,,2838,1124,13.53,부동산,KOSPI
011760,75542.86,96652.5,94450.0,93896.75,1401.31,2058.0,1965.25,2013.75,0.9992,8648.6,3307,25000,3.81,무역회사와판매업체,KOSPI
001390,91016.47,,,,3056.79,,,,0.2855,14328.88,2812,4235,4.04,자동차,KOSPI
000157,197841.38,218239.46,251563.17,287199.6,10627.15,18001.08,24985.92,31875.1,0.5338,54570.67,3251,364000,4.29,복합기업,KOSPI
039130,5869.03,5802.25,6378.25,6763.0,576.27,467.5,627.5,698.25,0.7736,-1279.94,4662,30100,14.62,"호텔,레스토랑,레저",KOSPI
058430,11254.4,11780.0,12255.0,12545.0,244.59,285.0,320.0,335.0,0.9803,-576.43,2760,4600,16.19,비철금속,KOSPI
244920,6824.67,,,,293.14,,,,0.8964,-978.63,2758,12200,12.47,손해보험,KOSPI
009900,16191.55,,,,1025.92,,,,1.0,-545.5,4486,8550,6.56,자동차부품,KOSPI
0120G0,285.94,,,,26.91,,,,,-194.85,3603,48450,,건강관리장비와용품,KOSPI
122900,30544.23,39470.0,42650.0,45530.0,203.2,710.0,860.0,970.0,0.8394,515.43,2741,8200,13.09,상업서비스와공급품,KOSPI
044450,5613.95,,,,1103.33,,,,1.0,12107.05,2698,11950,7.38,해운사,KOSPI
377740,1183.24,,,,167.06,,,,1.0,-3649.99,4784,4695,,건강관리장비와용품,KOSPI
004310,1917.9,,,,41.61,,,,,311.95,2688,8400,,제약,KOSPI
008730,4853.83,,,,85.14,,,,1.0,2884.98,3683,14850,88.43,포장재,KOSPI
000430,15990.72,,,,470.07,,,,0.792,2263.31,2812,4535,7.72,자동차부품,KOSPI
084010,12470.59,14273.33,15110.0,15643.33,-28.73,276.67,286.67,330.0,0.8717,-2726.36,3045,8860,20.72,철강,KOSPI
033270,2887.65,3035.0,3203.0,3384.0,495.85,478.0,496.0,508.0,,-1636.96,2807,17640,,제약,KOSPI
025860,16044.21,,,,431.29,,,,1.0,2097.05,2996,6030,10.28,화학,KOSPI
002900,9293.61,9972.0,,,640.82,833.0,,,1.0,1164.5,2666,6440,6.65,기계,KOSPI
108670,31786.89,34039.4,34659.8,35893.6,130.6,1381.2,1235.4,1391.6,1.0,4705.06,2995,33400,,건축자재,KOSPI
104700,4866.05,5490.0,5520.0,5900.0,-386.99,-160.0,160.0,210.0,,-3323.8,3423,9390,,철강,KOSPI
003120,642.92,,,,-61.61,,,,,-2118.44,2946,22150,,제약,KOSPI
005680,1497.29,1516.0,1600.0,1674.0,92.4,73.0,79.0,85.0,1.0,-3101.26,2514,12570,49.09,전기제품,KOSPI
003960,34998.13,,,,946.83,,,,0.9584,5647.46,2484,27100,,식품,KOSPI
003200,5171.78,,,,124.07,,,,0.9785,-1438.81,2480,10800,7.47,"섬유,의류,신발,호화품",KOSPI
009160,11790.41,,,,459.56,,,,0.9209,2911.42,3223,4930,15.66,비철금속,KOSPI
091810,17981.81,21655.0,22065.0,23035.0,-2654.68,-2390.0,265.0,1355.0,1.0,4891.38,2670,2615,,항공사,KOSPI
001790,13562.76,,,,565.56,,,,0.9985,893.29,2428,2815,,식품,KOSPI
002320,30649.25,31975.0,33205.0,34215.0,1121.96,745.0,1225.0,1350.0,0.971,19780.82,2415,15560,,항공화물운송과물류,KOSPI
004430,10391.62,,,,218.45,,,,1.0,613.6,2772,11550,118.61,화학,KOSPI
016800,3582.0,,,,57.37,,,,1.0,-1053.58,2760,24000,7.76,가구,KOSPI
044820,6452.06,,,,269.84,,,,1.0,4226.5,2401,25000,8.22,건강관리업체및서비스,KOSPI
018250,6545.28,7374.0,7817.0,,211.46,74.0,214.0,,1.0,-1091.17,2963,11220,19.49,화장품,KOSPI
037710,1842.11,,,,524.72,,,,,2168.37,2589,33950,,백화점과일반상점,KOSPI
078520,2420.02,2545.0,2900.0,,179.53,344.0,406.0,,1.0,-38.21,2743,10990,19.42,화장품,KOSPI
226320,1533.87,,,,192.15,,,,0.5129,-3656.63,2349,10710,14.05,화장품,KOSPI
008490,7223.09,,,,502.06,,,,0.9225,3749.63,2349,20300,5.4,제약,KOSPI
026890,912.18,,,,171.84,,,,1.0,,3071,7920,20.41,창업투자,KOSPI
010580,1502.71,,,,15.74,,,,,-56.85,2492,2240,,자동차부품,KOSPI
381970,24388.39,,,,759.74,,,,,2172.61,3061,6270,,자동차,KOSPI
003070,26844.31,29268.0,32974.0,35060.0,36.51,1313.0,1531.0,1770.0,0.9925,7995.13,2324,9140,,건설,KOSPI
020120,2174.75,,,,123.83,,,,1.0,-332.31,3050,8230,46.0,양방향미디어와서비스,KOSPI
006220,3658.75,,,,99.34,,,,1.0,,3655,9670,26.24,은행,KOSPI
298690,8325.85,9910.0,9560.0,9200.0,-45.21,-70.0,560.0,670.0,,7174.91,2450,1504,,항공사,KOSPI
271940,815.86,,,,-112.04,,,,1.0,-2379.76,4267,11750,,자동차부품,KOSPI
053690,4488.34,4918.5,5353.0,5140.0,306.14,289.0,416.0,430.0,0.9474,425.89,2279,20800,12.29,건설,KOSPI
003920,9141.49,,,,51.74,,,,1.0,-71.08,2397,42250,33.72,식품,KOSPI
005010,6124.9,,,,34.9,,,,1.0,748.47,2253,4010,,철강,KOSPI
004360,12417.87,,,,273.01,,,,1.0,-97.25,2571,13450,3.92,항공화물운송과물류,KOSPI
092200,7573.1,,,,185.5,,,,0.8595,3034.89,2244,5770,,자동차부품,KOSPI
005500,3091.34,,,,267.84,,,,,1090.07,2543,19090,,제약,KOSPI
134380,2845.12,,,,291.54,,,,,-800.92,2228,10130,,화학,KOSPI
017810,33801.89,35677.0,37527.0,,931.73,1081.0,1216.0,,0.8843,10639.49,3336,8750,18.44,식품,KOSPI
950210,143.26,260.72,,,-673.51,-936.12,,,1.0,428.86,3708,6170,16.63,제약,KOSPI
010690,19624.84,20255.0,21879.0,23515.0,1024.48,560.5,851.5,961.0,1.0,5823.72,2678,7670,4.01,자동차부품,KOSPI
003720,1532.08,2084.0,,,149.21,268.0,,,0.8751,562.19,2200,6470,16.71,화학,KOSPI
034120,10084.58,9738.0,10336.5,10833.5,181.51,58.5,315.5,422.0,0.9902,-317.23,2154,11610,26.82,방송과엔터테인먼트,KOSPI
003650,4054.87,,,,345.52,,,,,-3383.87,2140,123000,,화학,KOSPI
005250,24514.76,,,,362.27,,,,,15833.53,4562,9700,,제약,KOSPI
000680,26152.45,,,,222.87,,,,1.0,46691.75,2360,2995,,증권,KOSPI
475560,3612.39,,,,-236.79,,,,1.0,-1373.73,2134,14390,,"호텔,레스토랑,레저",KOSPI
033920,1438.3,,,,102.35,,,,1.0,852.26,2115,7420,4.2,음료,KOSPI
035150,5049.22,5371.0,5664.0,5892.0,536.01,649.0,703.0,746.0,1.0,519.38,2072,10480,6.19,"섬유,의류,신발,호화품",KOSPI
000320,12392.68,,,,645.08,,,,0.5537,-1102.96,2061,15510,6.36,건축자재,KOSPI
298000,23407.18,,,,-1605.0,,,,1.0,14453.99,2044,53900,0.52,화학,KOSPI
000480,8277.52,,,,278.24,,,,0.2,4208.34,2026,4320,,비철금속,KOSPI
077500,7300.43,,,,366.87,,,,1.0,1616.01,2257,10450,10.95,반도체와반도체장비,KOSPI
004980,12162.66,,,,436.56,,,,0.9988,4230.66,2001,8160,7.7,건축자재,KOSPI
001460,1631.67,,,,265.74,,,,0.9995,-523.46,2242,35900,11.45,"섬유,의류,신발,호화품",KOSPI
051905,63554.9,64421.19,66986.69,69605.4,1706.89,3723.19,4409.44,4820.73,0.9675,-11373.38,1960,93500,,화장품,KOSPI
100250,2798.16,,,,57.84,,,,0.8241,-1354.15,1946,3045,10.71,자동차부품,KOSPI
039570,6457.28,,,,106.37,,,,1.0,-734.18,1944,7490,15.85,건설,KOSPI
000490,14847.22,,,,312.25,,,,1.0,10268.32,2205,7650,,기계,KOSPI
339770,5173.53,5340.0,5493.0,5670.0,350.38,320.0,423.0,440.0,0.9986,378.73,1936,3875,11.03,식품,KOSPI
017390,18279.97,,,,174.06,,,,0.9984,-6613.98,2673,54000,8.64,가스유틸리티,KOSPI
013580,28874.41,,,,1668.7,,,,1.0,7451.91,1925,21550,1.93,건설,KOSPI
017860,9548.74,,,,79.82,,,,1.0,5104.66,2302,13040,,화학,KOSPI
136490,18957.42,,,,1791.91,,,,0.9437,4209.68,2409,10130,2.03,식품,KOSPI
000650,455.5,,,,-59.41,,,,,173.73,2011,140700,,도로와철도운송,KOSPI
053210,9842.16,9962.5,10456.0,10753.5,229.8,345.5,500.5,566.5,0.977,276.72,1903,4005,27.43,방송과엔터테인먼트,KOSPI
102260,12116.0,,,,1120.43,,,,0.4401,778.02,1900,3750,5.71,화학,KOSPI
016580,2552.14,2833.0,3112.0,3404.0,130.19,246.0,289.0,335.0,1.0,-658.49,1893,10180,13.92,제약,KOSPI
028100,4677.26,,,,180.69,,,,1.0,-1366.24,2229,19860,11.91,건설,KOSPI
117580,10179.39,,,,303.49,,,,,119.79,1953,7100,,가스유틸리티,KOSPI
102460,1459.29,,,,-302.69,,,,1.0,2098.16,1883,10130,,제약,KOSPI
001130,13752.0,,,,622.57,,,,0.9982,-780.07,1874,11090,,식품,KOSPI
025560,507.78,,,,91.43,,,,1.0,36.81,2320,8350,22.94,반도체와반도체장비,KOSPI
005960,17586.26,21183.0,21321.0,23902.0,426.28,807.5,836.0,1021.0,0.9794,4260.97,1934,8430,3.7,건설,KOSPI
000050,4124.76,,,,459.93,,,,1.0,1341.84,2182,7960,4.61,"섬유,의류,신발,호화품",KOSPI
004560,7412.5,,,,258.93,,,,1.0,-210.98,1864,12360,12.57,비철금속,KOSPI
286940,11698.25,11885.25,12648.25,13516.67,313.93,458.0,555.5,660.0,1.0,-36.38,2623,17340,26.39,IT서비스,KOSPI
033530,18968.83,20161.0,21442.0,22914.0,853.95,1020.0,1147.0,1292.0,0.9853,911.54,1842,6810,2.68,자동차부품,KOSPI
105840,1503.79,,,,141.78,,,,0.788,-57.61,2765,13690,31.76,기계,KOSPI
000140,24845.04,,,,1832.53,,,,0.4896,13971.48,1810,7800,,음료,KOSPI
170900,8087.8,8771.0,9965.0,11215.0,6.23,369.0,434.0,463.0,1.0,2744.76,3395,34900,,제약,KOSPI
030210,17144.51,,,,337.23,,,,0.9241,,2348,3855,5.79,증권,KOSPI
015230,3462.67,,,,380.34,,,,1.0,-1129.55,1775,6540,6.17,기계,KOSPI
016590,6395.29,,,,222.41,,,,1.0,-1048.58,3699,9180,16.23,포장재,KOSPI
003220,6054.35,6305.0,6584.0,6960.0,34.83,107.0,186.0,299.0,0.9781,1229.66,1770,7890,,제약,KOSPI
003610,1225.27,,,,11.21,,,,1.0,-351.27,1766,5500,26.27,"섬유,의류,신발,호화품",KOSPI
000540,35328.42,,,,1875.04,,,,,,2207,3435,,손해보험,KOSPI
487570,14098.97,,,,464.34,,,,0.9773,1284.73,1861,49950,9.49,복합기업,KOSPI
000300,401.71,,,,32.28,,,,0.7235,-66.96,1740,4200,41.79,자동차부품,KOSPI
003520,2542.56,,,,34.16,,,,,736.56,1924,1052,,제약,KOSPI
003460,359.84,,,,59.17,,,,,,1695,2990,,증권,KOSPI
002150,6984.75,,,,301.17,,,,1.0,1182.77,1684,4995,22.98,건설,KOSPI
002420,292.45,,,,-5.7,,,,,164.25,1898,6090,,석유와가스,KOSPI
241590,15643.79,,,,356.92,,,,0.9636,5319.7,1666,2750,,"섬유,의류,신발,호화품",KOSPI
001340,2721.37,,,,121.51,,,,1.0,3032.2,2377,5280,23.53,화학,KOSPI
03473K,1227033.38,1487322.8,1461948.2,1524518.88,18184.76,123271.1,114727.7,130941.88,0.4123,496014.83,2117,374000,0.13,석유와가스,KOSPI
002100,3392.37,,,,286.98,,,,0.9519,1582.59,1775,9090,9.52,화학,KOSPI
095570,10701.14,12083.0,12862.0,13865.67,715.48,834.0,939.67,1042.0,1.0,10799.48,1937,4280,6.82,도로와철도운송,KOSPI
001250,41092.65,,,,523.0,,,,1.0,5293.87,2455,2975,12.33,무역회사와판매업체,KOSPI
101530,6413.87,,,,423.28,,,,0.9956,2002.02,1610,5530,6.91,식품,KOSPI
900140,3929.99,4858.0,5737.0,7033.0,385.49,481.0,581.0,726.0,0.8356,608.14,2294,1187,72.99,자동차,KOSPI
213500,22900.4,23754.5,24891.0,26178.0,499.32,1188.0,1227.0,1329.0,1.0,8419.84,1721,7230,44.28,종이와목재,KOSPI
000700,4184.74,,,,212.2,,,,0.2728,-1913.37,1719,6600,37.61,항공화물운송과물류,KOSPI
007860,49160.73,,,,1995.9,,,,0.5958,5708.62,1820,7750,3.26,자동차부품,KOSPI
007570,2724.22,,,,49.63,,,,0.968,868.05,1557,8160,22.55,제약,KOSPI
002170,1746.85,,,,184.42,,,,1.0,-2391.68,1554,51800,6.49,"섬유,의류,신발,호화품",KOSPI
462520,5320.33,,,,238.6,,,,0.7164,1344.8,1529,12900,68.78,비철금속,KOSPI
004090,6969.26,8184.0,8505.0,9016.0,118.44,273.0,249.0,267.0,0.9677,1318.54,1521,11980,29.18,화학,KOSPI
006805,292830.28,612958.0,555412.67,581729.0,19151.04,47083.19,25932.44,27851.63,0.9691,,1510,11220,0.1,증권,KOSPI
000520,2102.53,,,,-222.12,,,,1.0,1699.43,1874,8640,,제약,KOSPI
011785,69151.45,79847.92,78156.42,77693.5,2718.29,5466.83,4436.17,4720.33,0.9999,-853.11,1504,49750,0.52,화학,KOSPI
001045,450188.29,473012.0,490691.67,513980.0,25277.38,24559.7,27443.33,30620.43,0.4674,168752.98,1501,66400,1.05,복합기업,KOSPI
004150,10983.07,19750.0,26210.0,27230.0,226.09,560.0,780.0,860.0,0.8645,2176.23,1491,3635,,복합기업,KOSPI
016450,34098.3,,,,654.67,,,,0.2,13067.42,1732,4330,,"섬유,의류,신발,호화품",KOSPI
001780,5756.58,,,,349.0,,,,0.9774,4808.75,1575,1627,10.15,비철금속,KOSPI
00279K,46231.75,,,,3680.0,,,,0.4246,-16403.41,1479,20850,1.19,화장품,KOSPI
271980,5672.44,,,,206.95,,,,0.7307,448.7,1465,9960,6.26,제약,KOSPI
097955,273425.89,293314.75,305576.08,317588.67,12336.05,11990.42,13997.83,15265.11,0.7606,115284.69,1454,109500,,식품,KOSPI
004970,4547.41,,,,-15.66,,,,0.8748,-1741.4,1450,9060,31.24,식품,KOSPI
025000,8083.51,,,,273.96,,,,0.9807,-1110.31,2326,56100,4.59,화학,KOSPI
025820,5077.84,,,,244.07,,,,,1652.86,1436,4295,,비철금속,KOSPI
011500,2144.93,,,,35.77,,,,,339.39,2325,14870,,화학,KOSPI
004380,2221.75,,,,-354.6,,,,1.0,1370.25,1623,7840,,기계,KOSPI
000970,4066.2,,,,132.96,,,,0.9919,-1128.32,1505,6600,8.87,철강,KOSPI
460850,27687.03,,,,-388.28,,,,1.0,8229.57,1612,5390,,철강,KOSPI
003480,12017.3,,,,732.54,,,,0.9446,3833.86,1394,4720,2.36,가스유틸리티,KOSPI
008350,2589.22,,,,-32.66,,,,1.0,226.09,1386,1074,38.13,비철금속,KOSPI
107590,4927.18,,,,203.46,,,,0.8598,540.54,1385,59700,5.29,화학,KOSPI
016880,11506.91,,,,781.14,,,,1.0,6206.54,1469,1838,1.22,출판,KOSPI
007160,7062.1,,,,331.52,,,,0.3026,3738.59,2390,47800,,식품,KOSPI
094280,5190.14,,,,189.59,,,,1.0,231.97,1380,11940,8.93,상업서비스와공급품,KOSPI
011690,1650.65,,,,-25.66,,,,1.0,330.57,1363,3715,,전자장비와기기,KOSPI
014280,8021.56,,,,104.97,,,,0.3276,4530.75,1337,4560,,건축제품,KOSPI
090350,7710.52,,,,301.81,,,,1.0,-445.63,1620,8100,9.84,건축자재,KOSPI
012610,3797.02,,,,162.66,,,,1.0,1686.08,1423,3420,25.23,화학,KOSPI
092220,2296.17,,,,-217.62,,,,,-124.28,1295,3225,,반도체와반도체장비,KOSPI
013520,16397.77,,,,830.64,,,,0.7565,4030.04,1271,2540,1.63,자동차부품,KOSPI
015590,1334.12,,,,100.26,,,,1.0,-197.97,1271,2380,,기계,KOSPI
014710,2380.2,,,,121.75,,,,1.0,1757.0,1655,9610,,식품,KOSPI
009270,10922.54,,,,187.79,,,,1.0,2829.1,1261,1099,,"섬유,의류,신발,호화품",KOSPI
078000,383.51,,,,32.86,,,,1.0,-485.89,1260,13640,20.42,소프트웨어,KOSPI
234080,2578.29,,,,332.44,,,,1.0,233.61,1753,11070,6.13,제약,KOSPI
267290,17594.65,,,,330.46,,,,1.0,-3111.88,1253,21250,3.81,가스유틸리티,KOSPI
009680,2796.97,,,,185.35,,,,1.0,-3838.42,2184,10050,8.09,자동차부품,KOSPI
018470,4866.79,,,,137.95,,,,,1565.04,1327,5240,,비철금속,KOSPI
003547,50638.9,,,,3014.02,5836.67,3716.67,3853.33,1.0,,1854,19300,0.99,증권,KOSPI
024090,2270.53,,,,95.61,,,,,-686.97,1312,11510,,비철금속,KOSPI
214390,2641.04,,,,35.19,,,,,1441.73,1305,5460,,제약,KOSPI
000860,5985.53,,,,82.95,,,,0.7312,131.05,1565,12040,,건축자재,KOSPI
089470,9926.62,,,,496.89,,,,1.0,1143.73,1209,3790,3.65,자동차부품,KOSPI
003830,1082.26,,,,-72.55,,,,,-583.32,1453,109400,,화학,KOSPI
001360,460.74,,,,-180.68,,,,,90.42,1364,1449,,제약,KOSPI
002620,6576.14,,,,386.86,,,,0.4224,972.34,1195,7480,8.17,제약,KOSPI
004100,6201.69,,,,224.19,,,,1.0,2328.18,1195,3255,34.26,자동차부품,KOSPI
001630,9590.12,,,,582.81,,,,0.7443,4486.33,1874,37400,4.64,제약,KOSPI
002210,871.69,,,,-101.18,,,,,11.35,1256,1300,,제약,KOSPI
014530,10217.28,,,,154.47,,,,0.8717,2540.59,1184,3395,104.32,석유와가스,KOSPI
009070,9867.05,,,,388.18,,,,0.9078,3097.9,1242,4140,5.87,항공화물운송과물류,KOSPI
008970,2347.84,,,,-16.22,,,,,301.84,1412,1361,,철강,KOSPI
017550,2293.88,,,,189.64,,,,1.0,169.87,1167,1870,7.37,기계,KOSPI
006060,17810.41,,,,765.8,,,,1.0,6221.21,1231,2225,6.36,"섬유,의류,신발,호화품",KOSPI
293480,2395.04,,,,258.16,,,,,577.43,1488,8370,,제약,KOSPI
015890,7770.96,,,,554.32,,,,0.4356,983.53,1394,4770,8.31,비철금속,KOSPI
001520,6306.28,,,,-207.44,,,,0.9903,3461.53,1218,1137,6.07,건축자재,KOSPI
272550,4202.18,,,,246.47,,,,1.0,1736.45,1477,9800,8.36,포장재,KOSPI
003555,72525.47,82600.1,90786.2,98624.44,9121.74,15604.7,19226.0,21850.11,0.8142,-25430.26,2018,67000,0.27,복합기업,KOSPI
016740,7961.39,,,,485.95,,,,0.921,-2.59,1138,3970,3.95,자동차부품,KOSPI
128820,15659.23,,,,108.33,,,,0.7677,6261.38,1893,4185,,석유와가스,KOSPI
083420,3040.57,,,,101.49,,,,,399.16,1138,4740,,화학,KOSPI
013890,9131.8,5810.0,6010.0,6330.0,254.79,-670.0,140.0,150.0,1.0,1501.94,1511,6890,,가구,KOSPI
023450,1942.65,,,,93.65,,,,,213.42,1120,32000,,화학,KOSPI
004080,1026.07,,,,70.91,,,,0.9622,157.24,1345,14460,47.66,건강관리장비와용품,KOSPI
071840,23000.96,22542.5,23245.0,23960.0,96.39,109.5,255.0,310.0,,4655.0,1424,6030,,전문소매,KOSPI
000390,6170.68,,,,95.49,,,,0.9865,828.18,1931,7100,25.16,건축자재,KOSPI
016710,12226.34,,,,280.63,,,,0.7686,-879.48,1107,6880,6.45,가스유틸리티,KOSPI
012800,14702.37,19561.0,,,515.28,823.0,,,0.6467,4458.77,1106,1213,52.0,비철금속,KOSPI
011810,6413.12,,,,-619.45,,,,,2639.98,1095,3530,,무역회사와판매업체,KOSPI
006660,1177.36,,,,32.45,,,,0.9847,-2120.02,1071,13180,15.02,자동차부품,KOSPI
008040,6742.64,,,,424.69,,,,,669.1,1064,7540,,식품,KOSPI
010100,16993.16,,,,253.17,,,,1.0,960.96,1061,3485,5.09,자동차부품,KOSPI
078935,251841.27,286612.8,281332.2,283044.0,29360.61,51915.0,36700.0,36994.0,0.8262,61654.03,1061,59600,0.13,석유와가스,KOSPI
037270,2360.47,,,,323.35,,,,0.949,-206.75,1974,3100,8.81,방송과엔터테인먼트,KOSPI
002460,6594.79,,,,432.45,,,,0.893,706.43,1124,11070,4.07,건설,KOSPI
001210,443.38,,,,-11.84,,,,,10.05,1198,9490,,디스플레이장비및부품,KOSPI
037560,12656.52,13330.0,13900.0,11860.0,187.3,460.0,550.0,970.0,1.0,3971.55,1186,1532,66.59,방송과엔터테인먼트,KOSPI
120030,517.62,,,,77.86,,,,,-1312.16,1044,83000,,철강,KOSPI
000020,4963.94,,,,2.57,,,,1.0,911.84,1425,5100,16.41,제약,KOSPI
119650,1928.73,,,,-88.65,,,,,432.95,1008,918,,상업서비스와공급품,KOSPI
37550L,74024.25,70586.65,71643.55,77039.83,3869.53,5756.25,5775.1,6482.5,0.997,-10892.93,1003,47500,0.27,건설,KOSPI
014580,3859.43,,,,407.83,,,,0.7278,351.0,1070,3880,4.48,비철금속,KOSPI
248170,4089.27,,,,244.76,,,,1.0,-199.15,1000,21900,5.01,식품,KOSPI
003010,2417.13,,,,175.52,,,,,148.62,1208,9500,,기계,KOSPI
002450,2244.39,,,,22.82,,,,1.0,1515.1,992,1096,5.63,레저용장비와제품,KOSPI
004960,11491.91,,,,645.21,,,,1.0,5385.47,1268,10960,2.12,건설,KOSPI
011280,7538.96,,,,-49.82,,,,0.491,2747.1,1049,1482,,포장재,KOSPI
008700,2152.55,,,,47.93,,,,1.0,-313.72,958,1242,16.26,전자제품,KOSPI
008260,2479.43,,,,301.15,,,,,1891.99,951,3325,,건축자재,KOSPI
013700,2974.53,,,,238.47,,,,1.0,531.85,950,1590,4.73,건설,KOSPI
014440,1201.11,,,,192.89,,,,1.0,-472.72,947,4735,5.63,화학,KOSPI
007540,4089.64,,,,241.43,,,,0.5181,-596.14,938,46550,9.63,식품,KOSPI
006840,32357.21,,,,-1478.54,,,,0.2641,27371.0,938,7080,,화학,KOSPI
002200,2896.0,,,,-65.57,,,,1.0,-584.65,936,2795,,포장재,KOSPI
019180,9891.34,,,,700.6,,,,1.0,66.15,918,5100,1.34,자동차부품,KOSPI
058850,10427.17,,,,298.06,,,,0.9267,-729.03,915,2210,3.91,상업서비스와공급품,KOSPI
001275,9654.64,,,,567.77,,,,0.9998,,909,30300,1.99,증권,KOSPI
003580,1002.86,,,,-98.83,,,,,159.99,907,1791,,판매업체,KOSPI
139990,10856.03,,,,-255.66,,,,,5728.11,887,2290,,철강,KOSPI
023000,3592.87,,,,98.79,,,,,-608.36,880,2215,,자동차부품,KOSPI
004140,9155.53,,,,319.57,,,,0.9895,3268.65,872,1818,5.06,항공화물운송과물류,KOSPI
123690,850.32,,,,5.28,,,,0.9834,-134.63,1041,6480,92.37,화장품,KOSPI
036580,15541.35,,,,802.07,,,,0.9792,5564.36,915,2490,2.24,식품,KOSPI
33626K,4547.95,5009.67,8336.17,9972.4,-1056.73,-743.0,443.33,751.2,0.9963,5482.62,842,6300,,에너지장비및서비스,KOSPI
004890,3479.22,,,,-27.5,,,,1.0,-1386.31,840,34650,,철강,KOSPI
096775,802960.54,1047559.31,959189.08,947053.77,4486.84,92984.23,47575.54,43017.92,0.881,261185.73,900,72100,,석유와가스,KOSPI
011700,527.19,,,,-14.78,,,,1.0,19.52,832,2565,,기계,KOSPI
001470,1109.93,,,,-266.1,,,,,-517.29,2278,5820,,건설,KOSPI
000850,2217.56,,,,42.17,,,,1.0,-322.18,821,37300,7.21,기계,KOSPI
021820,1793.54,1780.05,,,170.28,236.22,,,0.8959,-3264.54,1060,10600,2.28,자동차부품,KOSPI
004250,4503.2,,,,235.74,,,,1.0,895.37,1058,2880,8.18,포장재,KOSPI
055490,1411.39,,,,25.08,,,,1.0,113.01,807,16850,40.01,전자장비와기기,KOSPI
070960,2501.5,,,,232.8,,,,1.0,2951.66,972,2020,,"호텔,레스토랑,레저",KOSPI
012200,3897.99,,,,-271.0,,,,,1119.45,1107,3125,,자동차부품,KOSPI
005800,1851.55,,,,12.89,,,,1.0,-849.41,1235,13720,19.68,"섬유,의류,신발,호화품",KOSPI
210540,3827.51,,,,304.29,,,,1.0,-668.82,1234,11180,4.91,기계,KOSPI
009180,6745.62,7565.0,8280.0,8830.0,206.93,257.0,280.0,300.0,1.0,149.94,791,2810,4.99,항공화물운송과물류,KOSPI
214420,2202.74,2146.0,2397.0,,143.65,107.0,144.0,,0.976,461.95,1222,5080,10.98,화장품,KOSPI
058860,5887.6,,,,247.4,,,,,31.78,900,2585,,상업서비스와공급품,KOSPI
163560,3646.03,,,,185.65,,,,1.0,145.16,776,5580,7.28,화학,KOSPI
007610,381.71,,,,12.49,,,,1.0,76.93,775,4305,14.65,전기장비,KOSPI
007210,6106.88,,,,232.73,,,,0.8334,457.09,941,1439,4.13,건축자재,KOSPI
002390,5351.38,,,,32.91,,,,,3508.6,1203,8740,,제약,KOSPI
000590,1348.71,,,,202.15,,,,0.823,-2373.77,812,70300,4.7,철강,KOSPI
004840,8027.46,,,,248.94,,,,0.497,1850.59,773,4010,17.3,화학,KOSPI
001260,3574.46,,,,114.4,,,,1.0,23.47,803,8170,15.17,건설,KOSPI
023800,7179.02,,,,396.36,,,,0.9069,2732.72,798,5050,4.96,자동차부품,KOSPI
007590,1789.97,,,,126.52,,,,0.9983,300.9,760,5580,7.79,화학,KOSPI
010960,4097.27,,,,144.86,,,,1.0,-833.59,747,3095,3.99,건설,KOSPI
006090,4173.64,,,,135.17,,,,,1144.48,851,9030,,식품,KOSPI
111380,2441.45,,,,225.91,,,,1.0,848.8,792,12920,6.87,"섬유,의류,신발,호화품",KOSPI
013360,4526.73,,,,103.76,,,,0.9992,1384.7,746,1380,19.92,건설,KOSPI
007980,10289.89,,,,620.06,,,,1.0,3188.61,841,1794,2.2,"섬유,의류,신발,호화품",KOSPI
025620,73.05,,,,-74.56,,,,1.0,255.53,947,5200,69.28,화장품,KOSPI
227840,2502.26,,,,213.7,,,,1.0,-86.0,1158,12720,3.16,식품과기본식료품소매,KOSPI
035000,4838.51,,,,274.95,,,,1.0,-489.88,997,6150,5.74,광고,KOSPI
109070,854.03,,,,31.66,,,,1.0,-119.65,777,7360,38.09,해운사,KOSPI
024900,17380.72,,,,32.04,,,,1.0,-296.09,736,2260,59.21,자동차부품,KOSPI
013870,7872.72,,,,242.2,,,,1.0,1941.98,729,3820,5.02,자동차부품,KOSPI
081000,1624.0,,,,-67.85,,,,1.0,-3431.55,1344,9460,19.59,비철금속,KOSPI
014160,2837.02,,,,8.82,,,,,352.59,710,655,,포장재,KOSPI
001080,1529.53,1495.52,,,-119.77,2.27,,,1.0,181.1,1405,4000,,철강,KOSPI
002795,46231.75,,,,3680.0,,,,0.4246,-16403.41,703,11020,0.57,화장품,KOSPI
012320,2761.63,,,,188.21,,,,0.987,-722.97,1028,43450,5.56,비철금속,KOSPI
267850,1940.59,,,,121.28,,,,,-1038.79,1026,9240,,IT서비스,KOSPI
009470,2300.68,,,,120.37,,,,0.8483,-369.8,1825,27600,19.34,전기제품,KOSPI
001560,788.99,,,,42.42,,,,0.9992,-342.61,698,9190,5.12,비철금속,KOSPI
031820,10952.14,,,,235.5,,,,0.5705,259.39,697,5760,1.32,IT서비스,KOSPI
032560,3165.29,,,,179.89,,,,0.8488,-864.96,944,5550,5.24,비철금속,KOSPI
002700,1939.9,,,,52.37,,,,,-204.25,694,1012,,가정용기기와용품,KOSPI
155660,3023.9,,,,192.92,,,,1.0,614.63,694,4335,4.64,비철금속,KOSPI
480370,2910.1,,,,-366.05,,,,1.0,-147.82,731,2250,,기계,KOSPI
013570,12448.37,,,,480.56,,,,0.4683,710.55,1116,4240,7.94,자동차부품,KOSPI
002780,5763.82,,,,-230.04,,,,,-641.95,964,6630,,건설,KOSPI
011150,1921.18,,,,-9.1,,,,1.0,411.51,681,1895,24.09,식품,KOSPI
010040,4063.41,,,,27.76,,,,1.0,238.88,677,1648,,비철금속,KOSPI
027970,7536.79,,,,31.23,,,,1.0,1601.4,1025,2695,,종이와목재,KOSPI
001020,2666.69,,,,-52.79,,,,1.0,1090.62,701,1968,,종이와목재,KOSPI
079980,8895.28,,,,197.62,,,,1.0,3229.71,673,1952,28.92,"섬유,의류,신발,호화품",KOSPI
007280,7671.41,,,,117.4,,,,,2136.58,673,2350,,철강,KOSPI
002720,1754.96,,,,61.85,,,,0.9988,156.65,699,3305,12.27,제약,KOSPI
034590,9629.94,,,,191.49,,,,,-1728.98,1151,26300,,가스유틸리티,KOSPI
005740,10698.82,,,,572.51,,,,0.5442,2039.07,779,5250,4.26,식품,KOSPI
000105,21866.38,23471.94,25614.69,28602.69,1043.74,1289.25,2028.44,3026.56,1.0,-959.87,741,64500,0.38,제약,KOSPI
079430,15462.06,15041.0,15509.0,16231.0,157.17,129.0,232.0,369.0,1.0,769.3,1138,5660,15.36,가구,KOSPI
100220,2687.76,,,,216.18,,,,1.0,725.22,650,5000,3.05,교육서비스,KOSPI
005870,1371.86,,,,-120.33,,,,,-24.32,645,4570,,우주항공과국방,KOSPI
264900,4448.38,,,,152.65,,,,,-252.47,958,7650,,식품,KOSPI
058730,2731.93,,,,20.7,,,,0.986,758.83,643,3175,,건축자재,KOSPI
018500,6262.36,6595.38,,,419.86,350.08,,,1.0,2031.28,638,1365,3.01,자동차부품,KOSPI
002220,1964.04,,,,31.79,,,,0.2,757.3,752,2815,,철강,KOSPI
363280,792.27,,,,-345.64,,,,,1337.39,949,2085,,"호텔,레스토랑,레저",KOSPI
120115,48733.99,53155.33,55417.5,57748.5,1088.96,2780.5,2985.83,3361.83,0.951,22920.57,700,25300,1.83,화학,KOSPI
002600,4882.46,,,,186.3,,,,1.0,2099.41,834,139000,10.32,식품,KOSPI
016090,2405.44,,,,70.78,,,,,-530.45,624,1410,,"섬유,의류,신발,호화품",KOSPI
068290,402.91,,,,-7.95,,,,,-160.87,612,6120,,출판,KOSPI
014990,1045.91,,,,11.91,,,,,423.85,610,4060,,"섬유,의류,신발,호화품",KOSPI
004440,2231.29,,,,49.96,,,,,527.25,693,5440,,건축자재,KOSPI
004450,1628.98,,,,67.57,,,,1.0,516.57,606,28150,14.13,포장재,KOSPI
004720,1730.73,,,,59.87,,,,,-193.54,658,2905,,제약,KOSPI
003925,9141.49,,,,51.74,,,,1.0,-71.08,599,31700,8.43,식품,KOSPI
000230,5908.9,,,,149.25,,,,0.5065,1161.08,721,6250,6.6,제약,KOSPI
019680,6500.05,,,,-34.0,,,,0.2,1202.38,653,1623,,교육서비스,KOSPI
063160,1600.71,,,,36.05,,,,,1473.5,709,12930,,제약,KOSPI
010660,2145.14,,,,2.28,,,,,-177.07,689,3130,,기계,KOSPI
084670,1251.83,,,,50.98,,,,1.0,708.01,679,23450,22.9,도로와철도운송,KOSPI
001290,1817.34,,,,-90.89,,,,1.0,,917,4230,,증권,KOSPI
35320K,10652.95,16028.62,19967.69,23334.69,490.61,2762.62,4079.46,5059.77,0.9995,-2162.12,580,27700,1.22,전자장비와기기,KOSPI
111110,5208.78,,,,250.22,,,,1.0,1981.24,580,6400,4.65,"섬유,의류,신발,호화품",KOSPI
37550K,74024.25,70586.65,71643.55,77039.83,3869.53,5756.25,5775.1,6482.5,0.997,-10892.93,567,26800,0.15,건설,KOSPI
006890,613.48,,,,20.63,,,,1.0,159.27,563,4855,6.44,화학,KOSPI
075180,1386.95,,,,-7.39,,,,1.0,-1237.56,563,2930,,자동차부품,KOSPI
004770,123.61,,,,22.01,,,,,-572.03,658,1854,,전자장비와기기,KOSPI
020760,578.47,,,,-48.8,,,,1.0,141.25,555,902,,디스플레이패널,KOSPI
025530,2057.99,,,,105.51,,,,0.5779,-1334.69,550,3680,6.53,자동차부품,KOSPI
005750,3005.68,,,,186.17,,,,0.9904,480.02,702,4230,5.25,건축제품,KOSPI
007460,1179.74,,,,-955.71,,,,,1382.82,548,2135,,제약,KOSPI
214330,3854.04,,,,62.47,,,,,-356.4,745,7120,,자동차부품,KOSPI
000725,310629.12,269387.45,285620.55,306922.89,6530.06,8648.0,11408.4,13807.94,0.7659,6231.61,544,51600,0.15,건설,KOSPI
006125,101640.14,,,,3613.54,,,,0.8943,41141.98,535,43400,0.41,석유와가스,KOSPI
021050,17136.11,,,,533.23,,,,1.0,5839.26,534,1125,,비철금속,KOSPI
003475,34612.73,,,,993.79,,,,1.0,,533,4160,0.56,증권,KOSPI
090080,6260.62,,,,133.43,,,,1.0,442.24,561,1022,3.57,자동차부품,KOSPI
002410,718.43,,,,-513.09,,,,,871.4,532,1935,,건설,KOSPI
023810,5864.44,,,,197.84,,,,0.6611,3554.51,530,5300,4.43,자동차부품,KOSPI
101140,62.97,,,,-43.33,,,,,17.1,525,5230,,전자장비와기기,KOSPI
004830,1464.76,,,,62.36,,,,1.0,87.73,524,3345,9.54,"섬유,의류,신발,호화품",KOSPI
010770,8836.77,,,,348.82,,,,0.769,1264.29,518,3540,1.49,자동차부품,KOSPI
011230,296.32,,,,-77.76,,,,,326.27,513,2675,,전자장비와기기,KOSPI
123700,2014.15,,,,113.15,,,,1.0,-987.22,512,3280,4.22,자동차부품,KOSPI
005305,39711.44,41022.75,42535.25,43991.78,1671.6,2000.58,2249.83,2422.56,0.9565,14544.81,512,66000,1.08,음료,KOSPI
085310,1301.02,,,,-6.48,,,,1.0,-570.05,663,8940,,조선,KOSPI
017370,3886.13,,,,208.58,,,,1.0,898.84,657,3585,4.38,자동차부품,KOSPI
001550,997.37,,,,38.2,,,,,529.92,530,10210,,화학,KOSPI
006880,1877.59,,,,103.11,,,,1.0,1023.0,503,4255,13.82,식품과기본식료품소매,KOSPI
011300,246.93,,,,-23.35,,,,,390.89,497,2885,,"섬유,의류,신발,호화품",KOSPI
092440,1313.16,1192.66,,,10.18,-37.06,,,1.0,-453.0,544,1862,17.48,기계,KOSPI
001620,8080.08,,,,185.58,,,,0.9997,2200.83,489,2195,1.55,자동차부품,KOSPI
011000,230.45,,,,-440.36,,,,,343.75,485,2670,,생물공학,KOSPI
002140,2973.22,,,,137.48,,,,0.9984,939.25,484,1940,5.01,식품,KOSPI
004410,686.03,,,,-4.6,,,,,208.29,483,1225,,식품,KOSPI
009770,1485.66,,,,-14.4,,,,,-1453.09,687,27500,,가정용품,KOSPI
003465,359.84,,,,59.17,,,,,,553,3165,,증권,KOSPI
041650,5422.61,,,,-13.58,,,,0.9354,1918.08,469,2185,,자동차부품,KOSPI
004540,5082.01,,,,-226.38,,,,,3351.1,463,1244,,종이와목재,KOSPI
000910,2024.01,,,,54.99,,,,0.9136,1402.65,463,2965,1.98,건축자재,KOSPI
069460,2156.42,,,,34.72,,,,1.0,431.07,463,2660,,비철금속,KOSPI
210980,4458.24,,,,377.95,,,,1.0,8675.39,631,3390,8.89,부동산,KOSPI
003780,906.55,,,,84.44,,,,1.0,259.79,543,4175,7.82,화학,KOSPI
28513K,23651.64,29278.5,31620.0,33405.0,-2.07,587.0,1592.0,2230.0,1.0,4854.61,543,25650,1.22,화학,KOSPI
074610,295.04,,,,-28.26,,,,1.0,146.57,448,5110,55.24,기계,KOSPI
014910,536.75,,,,16.73,,,,0.9921,211.19,438,2005,21.87,전기제품,KOSPI
017180,1952.47,,,,68.35,,,,1.0,628.42,434,1277,22.9,제약,KOSPI
002870,242.28,,,,-22.93,,,,1.0,-477.88,432,1235,21.59,포장재,KOSPI
446070,1575.31,,,,-91.52,,,,,-636.38,429,4045,,건축자재,KOSPI
069730,2265.5,,,,280.35,,,,1.0,75.93,792,5500,3.21,철강,KOSPI
071090,2566.23,,,,-33.25,,,,1.0,533.61,699,3460,,철강,KOSPI
012690,1240.21,,,,3.17,,,,,-148.75,520,1423,,가정용품,KOSPI
011330,1062.43,,,,-5.73,,,,,744.0,417,4165,,자동차부품,KOSPI
019490,53.0,,,,-59.71,,,,,14.61,413,541,,통신장비,KOSPI
092780,4593.33,,,,166.59,,,,0.9657,1672.87,448,3405,5.75,자동차부품,KOSPI
002760,501.16,,,,22.3,,,,,-64.13,598,999,,식품,KOSPI
023350,4129.09,,,,60.4,,,,1.0,-310.47,411,3750,4.81,건설,KOSPI
009835,133330.55,183131.25,196616.42,204317.42,-3647.59,8904.67,12961.08,14545.33,0.9842,128985.87,476,18710,,에너지장비및서비스,KOSPI
004910,2026.68,,,,-194.98,,,,1.0,1444.53,441,3445,,건축자재,KOSPI
009200,12649.12,,,,59.51,,,,0.8243,11898.49,637,1532,,종이와목재,KOSPI
002630,293.98,297.54,,,-30.76,-41.32,,,,-368.88,494,1668,,생물공학,KOSPI
023960,1723.18,,,,-49.59,,,,1.0,321.06,398,1046,,건설,KOSPI
009810,2509.22,,,,-43.97,,,,,-188.61,397,1950,,판매업체,KOSPI
129260,7089.79,,,,197.61,,,,0.9374,756.35,577,1939,5.87,해운사,KOSPI
002920,3045.75,,,,-300.23,,,,0.7096,-1106.75,463,1783,,자동차부품,KOSPI
007110,545.03,,,,6.81,,,,,50.98,393,2540,,건축자재,KOSPI
378850,7145.6,,,,270.82,,,,1.0,1413.43,539,2840,2.96,자동차부품,KOSPI
084870,1824.19,,,,31.5,,,,0.5706,116.44,457,2235,51.64,"섬유,의류,신발,호화품",KOSPI
001465,1631.67,,,,265.74,,,,0.9995,-523.46,564,26200,2.88,"섬유,의류,신발,호화품",KOSPI
072130,615.67,,,,34.2,,,,0.9993,-86.14,607,4780,13.92,IT서비스,KOSPI
095720,7973.57,,,,-104.56,,,,,2156.75,685,1205,,교육서비스,KOSPI
027740,3688.91,,,,20.11,,,,,456.98,371,1168,,식품,KOSPI
002360,986.27,,,,-122.5,,,,,20.91,370,3325,,화학,KOSPI
049800,2116.23,,,,29.3,,,,1.0,1248.52,401,2005,17.52,기계,KOSPI
000180,1272.18,,,,-69.28,,,,,315.79,673,4825,,종이와목재,KOSPI
000890,898.79,,,,38.12,,,,,177.46,365,1322,,음료,KOSPI
026940,1799.11,,,,2.62,,,,,-219.32,422,2110,,철강,KOSPI
012280,3514.24,,,,152.26,,,,,737.46,356,3595,,자동차부품,KOSPI
003080,643.34,,,,-81.43,,,,1.0,149.33,449,2245,1.3,화학,KOSPI
012160,4334.85,,,,-131.69,,,,,1174.84,349,2235,,철강,KOSPI
011390,1075.31,,,,-27.71,,,,0.6458,1026.3,511,48400,,건축자재,KOSPI
013000,326.8,,,,24.33,,,,,-438.69,345,1203,,화학,KOSPI
000220,1408.85,,,,110.19,,,,0.8944,1.91,596,3785,7.31,제약,KOSPI
009460,2669.52,,,,-51.93,,,,,1354.52,342,2770,,포장재,KOSPI
000760,462.55,,,,-1.64,,,,,-10.62,341,12190,,화학,KOSPI
011420,403.44,,,,39.88,,,,,-23.19,398,1444,,레저용장비와제품,KOSPI
008870,2524.04,,,,33.69,,,,0.5636,908.25,394,39400,18.26,포장재,KOSPI
006370,530.87,,,,-149.73,,,,,2575.17,327,3020,,백화점과일반상점,KOSPI
051630,185.64,,,,-7.43,,,,,-26.96,326,1540,,화학,KOSPI
133820,1861.71,,,,-16.71,,,,,878.52,373,1006,,철강,KOSPI
010640,466.28,,,,18.26,,,,,491.53,348,2085,,화학,KOSPI
090370,813.23,,,,-72.43,,,,,896.89,324,1188,,상업서비스와공급품,KOSPI
372910,920.88,1322.0,1407.0,1454.0,-7.27,54.0,68.0,74.0,0.9771,-398.17,592,2140,,건강관리장비와용품,KOSPI
010400,1644.58,,,,49.78,,,,1.0,0.87,319,4185,4.2,건설,KOSPI
088790,476.08,,,,39.83,,,,,-66.95,316,2540,,"섬유,의류,신발,호화품",KOSPI
005820,896.82,,,,44.26,,,,0.7194,-412.05,333,14500,8.93,포장재,KOSPI
009140,360.74,,,,10.24,,,,1.0,-544.71,313,19900,8.18,전자제품,KOSPI
069640,2488.89,,,,-121.39,,,,,1675.14,311,1429,,"섬유,의류,신발,호화품",KOSPI
017040,958.69,,,,-99.68,,,,,212.08,404,932,,전기장비,KOSPI
001070,1582.86,,,,6.97,,,,1.0,270.51,307,5790,,"섬유,의류,신발,호화품",KOSPI
024070,1032.76,,,,-6.98,,,,1.0,-261.74,306,1999,22.8,화학,KOSPI
008420,1378.75,,,,-9.59,,,,,39.76,427,2085,,철강,KOSPI
025750,2798.17,,,,23.33,,,,,701.81,306,1899,,건축자재,KOSPI
006980,6130.24,,,,193.73,,,,1.0,881.9,519,16800,4.01,식품,KOSPI
004365,12417.87,,,,273.01,,,,1.0,-97.25,338,9170,0.51,항공화물운송과물류,KOSPI
006570,1261.71,,,,-95.66,,,,,812.64,303,1987,,건축제품,KOSPI
308170,4614.59,,,,58.14,,,,,1873.26,292,3390,,자동차부품,KOSPI
006740,932.52,,,,-158.06,,,,,1001.39,291,4885,,종이와목재,KOSPI
008250,2973.1,,,,-38.29,,,,,1201.29,342,3120,,건축자재,KOSPI
036420,10832.88,,,,88.45,,,,,12504.69,305,1584,,방송과엔터테인먼트,KOSPI
009190,2234.85,,,,56.21,,,,1.0,115.99,282,627,3.0,철강,KOSPI
025890,398.72,,,,-1.77,,,,,59.3,304,2730,,철강,KOSPI
019175,2346.81,,,,142.55,,,,1.0,-190.16,280,14080,3.17,제약,KOSPI
003680,3184.45,,,,58.31,,,,,993.82,278,4470,,식품,KOSPI
118000,328.22,,,,13.25,,,,1.0,628.98,272,1233,54.62,제약,KOSPI
033250,938.39,,,,75.28,,,,1.0,111.65,271,4240,4.3,자동차부품,KOSPI
000215,53267.21,55385.5,55391.5,56050.0,2985.46,6496.0,6105.0,6170.0,0.9294,45447.6,410,24300,,화학,KOSPI
002690,1473.46,,,,-35.11,,,,,-603.2,269,1327,,철강,KOSPI
004920,414.5,,,,20.02,,,,1.0,96.54,400,7670,2.74,컴퓨터와주변기기,KOSPI
001380,934.81,,,,49.64,,,,1.0,-15.58,268,1190,9.55,자동차부품,KOSPI
006490,1055.58,,,,40.79,,,,1.0,64.31,260,1466,,무선통신서비스,KOSPI
33637K,6160.83,5556.0,6899.5,10082.5,-733.36,-753.5,287.5,760.5,0.707,8392.07,259,1534,,전자장비와기기,KOSPI
002355,31896.1,34770.87,36194.73,37908.85,1702.97,1757.67,2107.07,2357.92,0.9968,12956.47,256,3940,0.17,자동차부품,KOSPI
004270,775.41,,,,1.88,,,,1.0,685.54,254,5560,,전자장비와기기,KOSPI
003495,252255.42,286678.4,284832.7,290848.9,11135.89,8421.9,21914.2,24935.9,1.0,192096.56,243,21850,0.03,항공사,KOSPI
002880,6333.98,,,,302.06,,,,1.0,1078.11,355,3800,,자동차부품,KOSPI
003535,30945.78,,,,1477.01,,,,1.0,,314,6540,0.31,증권,KOSPI
071950,622.29,,,,-56.8,,,,,213.32,235,1628,,가구,KOSPI
009310,598.44,,,,-75.31,,,,,-1965.41,233,5330,,디스플레이장비및부품,KOSPI
33626L,4547.95,5009.67,8336.17,9972.4,-1056.73,-743.0,443.33,751.2,0.9963,5482.62,226,7560,,에너지장비및서비스,KOSPI
001420,148.65,,,,-9.78,,,,,-346.27,220,2900,,자동차부품,KOSPI
012170,59.22,,,,-43.25,,,,,-111.51,218,2990,,방송과엔터테인먼트,KOSPI
030720,1725.92,,,,88.26,,,,1.0,390.11,217,4665,2.8,식품,KOSPI
008775,40683.06,40084.58,41376.5,43676.7,135.13,1972.75,2371.92,2699.2,1.0,9742.49,211,28050,,백화점과일반상점,KOSPI
001685,44013.05,44434.0,45805.0,,1692.82,1919.0,2028.0,,0.9844,10797.32,203,14800,,식품,KOSPI
00499K,155396.27,158221.5,163400.0,169965.0,2394.39,3218.0,4064.0,4920.0,0.5465,76316.01,201,24900,,복합기업,KOSPI
015020,164.28,,,,-4.07,,,,,315.28,199,928,,부동산,KOSPI
000040,138.21,,,,-28.92,,,,,577.08,199,1009,,자동차,KOSPI
014130,6298.22,,,,-36.2,,,,0.9762,2230.68,321,2715,,항공화물운송과물류,KOSPI
108675,31786.89,34039.4,34659.8,35893.6,130.6,1381.2,1235.4,1391.6,1.0,4705.06,191,18500,,건축자재,KOSPI
002070,2224.45,,,,-50.04,,,,,852.93,182,3785,,"섬유,의류,신발,호화품",KOSPI
093240,1666.5,1778.04,,,66.41,84.15,,,1.0,373.11,182,296,,"섬유,의류,신발,호화품",KOSPI
006345,6245.42,,,,93.51,,,,0.6795,162.83,262,9990,2.99,전기장비,KOSPI
023150,947.19,,,,94.86,,,,0.8955,525.97,281,4535,,음료,KOSPI
009440,859.6,,,,-15.74,,,,1.0,46.45,176,756,,상업서비스와공급품,KOSPI
084680,887.27,,,,-31.77,,,,,1366.15,664,2340,,"섬유,의류,신발,호화품",KOSPI
465770,1913.84,,,,-124.73,,,,1.0,866.05,162,2240,,해운사,KOSPI
18064K,2983.62,,,,-75.24,,,,0.9738,823.32,161,30300,0.1,항공사,KOSPI
011090,2152.43,,,,5.45,,,,0.9903,282.75,159,1338,,가구,KOSPI
005320,2314.94,,,,-18.56,,,,,143.41,484,1417,,"섬유,의류,신발,호화품",KOSPI
005257,24514.76,,,,362.27,,,,,15833.53,155,18350,,제약,KOSPI
009320,1518.32,,,,62.98,,,,1.0,449.14,479,972,11.01,자동차부품,KOSPI
006200,2758.87,,,,-140.51,,,,,-300.65,152,1620,,반도체와반도체장비,KOSPI
002025,58861.33,,,,605.01,,,,1.0,23440.16,151,13020,,복합기업,KOSPI
000950,407.76,,,,-73.15,,,,1.0,-908.29,489,29100,1.64,"섬유,의류,신발,호화품",KOSPI
001795,13562.76,,,,565.56,,,,0.9985,893.29,139,2140,,식품,KOSPI
000087,24985.67,24551.17,24952.33,25185.5,1723.39,1939.33,2023.17,2083.75,1.0,7752.29,138,12180,0.33,음료,KOSPI
00806K,13849.9,,,,113.13,,,,0.5689,-3721.99,132,10920,3.73,전자장비와기기,KOSPI
004870,50.35,,,,-36.06,,,,,89.15,223,985,,건축자재,KOSPI
45226K,5751.66,,,,94.14,,,,1.0,5115.03,129,4425,3.89,백화점과일반상점,KOSPI
008600,1883.23,,,,-210.04,,,,,1445.61,176,2620,,"섬유,의류,신발,호화품",KOSPI
00781K,15097.25,17103.5,19450.5,20506.0,538.16,970.5,1594.0,1876.5,0.8916,1868.81,121,15390,0.26,전자장비와기기,KOSPI
003060,732.26,,,,-603.55,,,,,1881.39,257,1582,,제약,KOSPI
024890,1264.24,,,,8.71,,,,0.996,728.69,118,1428,3.37,"섬유,의류,신발,호화품",KOSPI
001067,7752.98,,,,944.61,,,,1.0,-303.34,107,51000,0.17,제약,KOSPI
004060,1323.48,,,,-15.16,,,,1.0,-128.36,424,2095,47.96,"섬유,의류,신발,호화품",KOSPI
38380K,1903.59,1580.0,1685.0,1775.0,1333.98,1840.0,1935.0,2075.0,1.0,2009.41,109,7410,0.08,무역회사와판매업체,KOSPI
004255,4503.2,,,,235.74,,,,1.0,895.37,101,1910,0.78,포장재,KOSPI
015260,1174.9,,,,-72.91,,,,,495.43,95,202,,전자장비와기기,KOSPI
003075,26844.31,29268.0,32974.0,35060.0,36.51,1313.0,1531.0,1770.0,0.9925,7995.13,93,12490,,건설,KOSPI
145210,801.9,,,,-5.7,,,,,395.49,95,2240,,자동차부품,KOSPI
001755,9090.22,,,,753.11,,,,,,91,19290,,증권,KOSPI
33637L,6160.83,5556.0,6899.5,10082.5,-733.36,-753.5,287.5,760.5,0.707,8392.07,87,2300,,전자장비와기기,KOSPI
000225,1408.85,,,,110.19,,,,0.8944,1.91,82,3625,1.01,제약,KOSPI
084695,56287.99,,,,1998.28,,,,0.2547,14733.49,128,14050,,식품,KOSPI
001515,14046.72,,,,77.86,,,,1.0,,78,4010,0.27,증권,KOSPI
001065,7752.98,,,,944.61,,,,1.0,-303.34,77,22600,0.13,제약,KOSPI
000325,12392.68,,,,645.08,,,,0.5537,-1102.96,70,28800,0.22,건축자재,KOSPI
134790,1957.2,,,,-66.83,,,,1.0,-50.02,372,18600,,가구,KOSPI
004985,12162.66,,,,436.56,,,,0.9988,4230.66,66,9020,0.25,건축자재,KOSPI
044380,626.29,,,,-16.77,,,,,-102.53,61,436,,컴퓨터와주변기기,KOSPI
012205,3897.99,,,,-271.0,,,,,1119.45,58,4980,,자동차부품,KOSPI
26490K,4448.38,,,,152.65,,,,,-252.47,57,7400,,식품,KOSPI
090355,7710.52,,,,301.81,,,,1.0,-445.63,57,12290,0.35,건축자재,KOSPI
047400,1019.37,,,,54.3,,,,1.0,953.01,382,910,15.53,자동차부품,KOSPI
001770,1003.98,,,,27.38,,,,,32.25,48,3925,,철강,KOSPI
000545,35328.42,,,,1875.04,,,,,,43,5600,,손해보험,KOSPI
002995,20184.88,20763.0,23502.0,26418.0,470.84,709.0,1068.0,1246.0,1.0,14.34,43,14580,0.07,건설,KOSPI
000145,24845.04,,,,1832.53,,,,0.4896,13971.48,43,9160,,음료,KOSPI
005965,17586.26,21183.0,21321.0,23902.0,426.28,807.5,836.0,1021.0,0.9794,4260.97,39,17190,0.07,건설,KOSPI
014825,13728.74,,,,661.56,,,,0.999,2862.38,36,13690,0.07,포장재,KOSPI
009415,21744.84,,,,527.89,,,,0.666,9516.19,40,6170,0.06,건설,KOSPI
014285,8021.56,,,,104.97,,,,0.3276,4530.75,33,5600,,건축제품,KOSPI
005745,10698.82,,,,572.51,,,,0.5442,2039.07,31,5090,0.17,식품,KOSPI
36328K,792.27,,,,-345.64,,,,,1337.39,35,2970,,"호텔,레스토랑,레저",KOSPI
005030,1954.06,,,,5.78,,,,,1111.15,25,27,,자동차부품,KOSPI
000227,1408.85,,,,110.19,,,,0.8944,1.91,25,7630,0.31,제약,KOSPI
014915,536.75,,,,16.73,,,,0.9921,211.19,31,5170,1.55,전기제품,KOSPI
001525,6306.28,,,,-207.44,,,,0.9903,3461.53,23,8920,0.11,건축자재,KOSPI
004105,6201.69,,,,224.19,,,,1.0,2328.18,150,4535,4.3,자동차부품,KOSPI
004415,686.03,,,,-4.6,,,,,208.29,8,3800,,식품,KOSPI
002787,5763.82,,,,-230.04,,,,,-641.95,3,9820,,건설,KOSPI
145995,25625.0,,,,1117.25,,,,0.8903,6948.15,118,32000,,식품,KOSPI
007575,2724.22,,,,49.63,,,,0.968,868.05,36,8010,0.52,제약,KOSPI
086520,34130.22,,,,2137.64,,,,0.3772,36725.13,120977,89100,,화학,KOSDAQ
036930,3106.93,3644.0,4970.0,7889.0,312.58,408.0,1401.0,3164.0,1.0,-786.83,111322,239500,311.89,반도체와반도체장비,KOSDAQ
028300,841.73,,,,-1042.17,,,,,2425.88,54145,40650,,건강관리장비와용품,KOSDAQ
000250,2318.05,,,,84.67,,,,0.4374,-505.42,49261,210000,936.16,제약,KOSDAQ
108490,389.43,633.88,1179.63,2059.57,33.46,-22.88,237.88,510.14,0.9687,-2343.16,45761,312000,901.87,기계,KOSDAQ
005110,80.45,,,,-77.76,,,,0.9805,219.04,24,112,0.04,부동산,KOSPI
058470,3725.34,4596.75,5465.75,6352.5,1769.97,2254.0,2673.0,3099.25,,-4266.01,64856,85100,,반도체와반도체장비,KOSDAQ
004545,5082.01,,,,-226.38,,,,,3351.1,13,3630,,종이와목재,KOSPI
440110,924.19,3923.5,7396.0,9689.5,-654.7,928.5,2266.0,3103.0,0.9986,-155.41,43546,86900,,반도체와반도체장비,KOSDAQ
084370,3503.24,5000.0,6717.0,7240.0,516.72,1023.0,1669.0,1800.0,0.9804,-3301.69,41111,179400,96.82,반도체와반도체장비,KOSDAQ
001527,6306.28,,,,-207.44,,,,0.9903,3461.53,10,5100,0.05,건축자재,KOSPI
064760,3013.34,4114.83,5076.17,6182.83,838.87,1243.33,1676.83,2082.17,,-2920.01,33315,298000,,반도체와반도체장비,KOSDAQ
141080,1415.53,1893.5,2357.0,3702.0,-1064.86,-1214.0,-771.5,522.5,1.0,-3790.96,30726,83000,,제약,KOSDAQ
087010,56.35,,,,-212.57,,,,,-440.15,30452,130600,,생물공학,KOSDAQ
010170,1394.47,2035.25,2591.75,3307.0,-214.11,58.0,170.0,227.33,1.0,729.23,27770,17860,,통신장비,KOSDAQ
240810,9097.96,12432.57,16195.43,19267.14,738.14,1793.86,2744.67,3484.17,1.0,-3952.03,68423,139400,81.43,반도체와반도체장비,KOSDAQ
310210,75.12,55.0,130.0,250.0,-543.85,-875.0,-595.0,-530.0,,-588.45,26975,144900,,제약,KOSDAQ
039030,3808.91,4913.0,6484.0,7113.5,807.53,1332.0,2143.5,2373.0,0.9954,-3307.95,66156,537000,115.63,반도체와반도체장비,KOSDAQ
319400,3939.41,,,,182.13,,,,1.0,409.52,23278,20900,206.11,기계,KOSDAQ
007120,141.29,,,,37.99,,,,,-98.97,269,984,,IT서비스,KOSPI
005360,1310.24,,,,-58.54,,,,,683.29,213,1129,,문구류,KOSPI
067310,15344.19,24942.5,28336.0,31188.5,1276.89,4167.5,4331.5,4756.0,0.8227,9297.05,34708,52200,91.07,반도체와반도체장비,KOSDAQ
030530,6229.92,,,,-4.18,,,,0.543,3696.65,22669,29350,82.78,반도체와반도체장비,KOSDAQ
095610,3511.16,4824.14,6142.86,7846.0,578.38,1037.57,1409.83,1950.2,1.0,-1629.64,34538,178400,60.68,반도체와반도체장비,KOSDAQ
357780,9233.82,12087.75,14768.5,17366.29,1336.42,2030.5,2748.88,3590.57,0.9612,-2201.36,33176,426500,41.96,반도체와반도체장비,KOSDAQ
131290,4289.01,7099.0,8857.0,10575.33,491.72,1918.33,2469.67,3054.0,0.9034,-732.88,32355,292500,84.63,반도체와반도체장비,KOSDAQ
080220,3022.31,,,,358.74,,,,1.0,-135.3,31963,92800,80.9,반도체와반도체장비,KOSDAQ
214370,728.08,,,,204.0,,,,1.0,-355.61,22829,42500,113.58,건강관리업체및서비스,KOSDAQ
058610,3416.7,3596.8,3990.4,4706.5,179.39,212.2,283.2,343.25,0.942,302.52,22931,103400,251.08,전기제품,KOSDAQ
298380,793.5,,,,-403.9,,,,,-1116.35,29002,51800,,생물공학,KOSDAQ
143210,7847.51,,,,-387.37,,,,,4153.8,336,1199,,자동차부품,KOSPI
222800,14105.6,20883.78,25166.33,28997.13,118.69,2560.11,4290.11,5480.75,0.9995,6473.13,65501,170200,,전자장비와기기,KOSDAQ
323280,378.59,,,,-25.06,,,,1.0,196.6,18445,60400,,전자장비와기기,KOSDAQ
178320,10663.31,18406.67,24342.33,28006.0,11.46,634.67,2904.0,3491.5,0.9947,12855.38,26668,41850,,전기장비,KOSDAQ
043260,2315.77,2674.0,5014.0,8955.5,75.51,410.0,1081.0,2372.0,0.9237,6168.31,23692,31400,26.05,전기제품,KOSDAQ
096530,4742.32,5486.0,6201.5,7082.0,345.5,900.0,1113.5,1308.0,1.0,-4522.55,17175,36750,35.58,생명과학도구및서비스,KOSDAQ
078600,2546.13,,,,206.86,,,,0.9886,2444.42,17070,108700,82.62,전자장비와기기,KOSDAQ
036540,3673.89,5587.8,8085.0,8705.0,-196.27,-55.6,795.2,780.0,0.996,-36.31,18847,11460,,반도체와반도체장비,KOSDAQ
214150,3368.2,4379.53,5492.47,6716.4,1706.01,1912.4,2516.67,3169.4,1.0,122.67,20125,30850,15.25,건강관리장비와용품,KOSDAQ
002785,5763.82,,,,-230.04,,,,,-641.95,6,7180,,건설,KOSPI
437730,950.42,,,,8.05,,,,1.0,-167.8,16520,52100,158.72,자동차부품,KOSDAQ
145020,4251.1,5227.0,6570.53,8110.64,2008.51,2022.8,2705.07,3534.57,0.966,-5775.76,22577,180400,16.03,생물공학,KOSDAQ
214450,5362.89,6997.13,8538.53,10218.14,2143.96,2726.87,3411.0,4102.93,0.993,-3746.45,31896,307000,19.32,건강관리장비와용품,KOSDAQ
032820,871.35,,,,-54.87,,,,0.9994,1661.95,22116,12800,2792.42,우주항공과국방,KOSDAQ
263750,3655.65,7788.2,4527.8,6093.75,-148.08,3776.0,1309.2,2226.0,1.0,-6477.65,21021,33450,,게임엔터테인먼트,KOSDAQ
089030,1591.28,,,,158.38,,,,1.0,2756.07,20639,55700,219.52,반도체와반도체장비,KOSDAQ
204270,1856.53,2000.0,5149.0,6055.0,-779.96,-432.0,1080.0,1404.0,1.0,2295.93,12611,21800,,핸드셋,KOSDAQ
166090,2734.82,3776.0,4574.0,5344.0,500.81,990.6,1298.4,1640.0,1.0,716.46,12519,63300,32.62,반도체와반도체장비,KOSDAQ
007390,207.35,,,,-36.46,,,,1.0,-15.12,16077,24950,,생물공학,KOSDAQ
060370,2442.05,3131.67,4406.33,5169.67,70.09,166.67,483.0,718.67,1.0,-1998.23,17709,33900,211.93,건설,KOSDAQ
356860,2584.98,3720.27,4708.55,6486.89,259.63,577.27,838.18,1218.89,1.0,817.37,11543,48700,60.6,반도체와반도체장비,KOSDAQ
095340,2201.95,3143.5,4036.86,4951.67,600.54,1033.5,1430.14,1766.5,0.9969,-3589.93,44514,210000,79.31,반도체와반도체장비,KOSDAQ
319660,4572.13,6906.2,8500.2,9305.6,884.94,1887.0,2368.0,2567.8,1.0,-2703.36,44029,152000,56.06,반도체와반도체장비,KOSDAQ
068760,5364.0,6110.0,7030.0,8010.0,560.92,700.0,860.0,1000.0,,363.36,17095,38500,,제약,KOSDAQ
005725,35865.18,,,,2042.1,,,,0.5127,12586.84,161,4460,0.18,자동차부품,KOSPI
218410,1858.04,2624.25,3514.33,3806.0,308.89,550.5,797.67,899.5,0.9056,-1392.21,16530,62200,57.68,통신장비,KOSDAQ
420770,524.35,1016.28,2158.68,1981.2,121.01,344.3,955.18,839.8,0.9995,-1146.44,16390,129300,106.07,반도체와반도체장비,KOSDAQ
247540,25315.76,24742.08,34179.75,46524.55,1433.1,803.0,1553.42,2669.91,0.6389,24138.84,113092,115600,287.25,전기제품,KOSDAQ
241710,6409.29,8478.0,9849.09,11220.1,835.37,1144.55,1383.09,1613.7,0.8748,1419.95,11823,110700,26.02,화장품,KOSDAQ
140860,2056.13,2453.14,2958.57,3494.71,421.91,501.14,696.0,858.29,0.9994,-346.99,20937,299000,60.73,전자장비와기기,KOSDAQ
950260,,154.0,,1595.0,-331.92,-136.0,-291.0,1293.0,1.0,-120.49,14141,28600,,생물공학,KOSDAQ
083450,3471.59,4399.5,5227.5,5845.0,591.72,759.0,945.5,1080.5,0.9988,-1230.35,9934,53900,21.94,반도체와반도체장비,KOSDAQ
950160,51.59,60.0,60.0,1010.0,-223.23,-290.0,-450.0,-300.0,,-325.66,13791,16230,,생물공학,KOSDAQ
161580,1034.41,,,,-348.92,,,,0.7447,279.09,9623,41050,,전자장비와기기,KOSDAQ
347850,42.98,,,,-339.93,,,,1.0,-371.64,20054,43600,,생물공학,KOSDAQ
237690,3316.81,4176.69,5185.77,6217.31,549.33,752.92,1028.46,1336.31,0.9958,-901.33,19478,93300,35.42,제약,KOSDAQ
003380,132148.84,,,,8874.27,,,,0.4472,80504.36,12668,11310,5.51,식품,KOSDAQ
005290,11941.45,,,,1724.49,,,,1.0,1638.29,26759,52500,27.01,반도체와반도체장비,KOSDAQ
226950,146.67,,,,-299.72,,,,,-1933.29,26573,116800,,생명과학도구및서비스,KOSDAQ
083650,7741.17,11733.5,14322.33,17089.5,754.97,1443.5,1764.0,2224.0,1.0,59.88,18412,59500,28.24,에너지장비및서비스,KOSDAQ
257720,11162.87,16101.31,20516.0,24901.91,2053.62,2959.92,3781.85,4627.0,1.0,505.01,24394,37200,14.47,인터넷과카탈로그소매,KOSDAQ
098460,2326.47,3467.54,4031.05,4452.0,173.42,579.66,735.99,871.5,0.9997,-1345.74,23496,34450,159.23,전자장비와기기,KOSDAQ
183300,6041.1,7160.0,8510.0,10050.0,1109.92,1200.0,1630.0,2030.0,0.6403,5404.46,17695,34450,35.49,반도체와반도체장비,KOSDAQ
004835,1464.76,,,,62.36,,,,1.0,87.73,63,4525,1.15,"섬유,의류,신발,호화품",KOSPI
101490,2437.33,,,,503.9,,,,1.0,-419.28,11414,53500,19.59,반도체와반도체장비,KOSDAQ
019685,6500.05,,,,-34.0,,,,0.2,1202.38,95,982,,교육서비스,KOSPI
196170,2158.59,4924.4,6635.2,8465.8,1069.0,3126.8,4225.6,5785.0,0.9743,-3420.94,180755,259500,127.59,생물공학,KOSDAQ
127120,193.16,,,,-124.87,,,,,-86.33,11076,29700,,생명과학도구및서비스,KOSDAQ
086450,9268.84,10480.5,11796.5,13112.33,965.54,1100.5,1275.25,1398.33,0.9548,-512.75,10358,22900,15.69,제약,KOSDAQ
458870,481.71,1290.77,1724.15,2150.5,163.27,563.53,781.28,1000.83,1.0,-207.13,10353,27000,64.35,건강관리기술,KOSDAQ
277810,341.23,710.0,1590.0,3140.0,-24.8,120.0,670.0,1310.0,1.0,-555.04,87008,448500,6118.71,기계,KOSDAQ
290650,854.76,1667.5,2473.0,3202.0,44.16,372.75,664.0,911.0,1.0,222.33,14564,54000,,건강관리장비와용품,KOSDAQ
445680,51.52,,,,-123.14,,,,,-99.84,9732,56500,,생명과학도구및서비스,KOSDAQ
232140,2726.3,3800.83,4655.33,5772.5,169.9,551.33,730.0,1025.25,0.6484,-630.51,13890,16930,72.01,반도체와반도체장비,KOSDAQ
100790,2398.48,,,,351.16,,,,1.0,,9588,18050,31.0,창업투자,KOSDAQ
327260,640.84,1011.4,1499.6,1954.0,73.7,181.0,305.0,428.8,0.8314,-467.19,9569,53200,135.5,우주항공과국방,KOSDAQ
347700,956.39,2944.0,4520.0,5782.0,90.52,143.5,533.0,908.0,1.0,2533.02,12733,24700,7490.0,우주항공과국방,KOSDAQ
491000,511.92,697.0,1639.0,2708.0,-226.42,-331.0,-65.0,364.0,1.0,-509.08,9142,36200,,건강관리장비와용품,KOSDAQ
388210,1605.56,2045.0,2831.2,3464.75,517.82,666.0,946.8,1208.25,0.9431,-378.41,9104,94300,,반도체와반도체장비,KOSDAQ
171090,5157.61,4205.0,6342.0,6990.0,1115.26,961.0,1489.0,1740.0,1.0,-858.36,7748,76500,8.03,디스플레이장비및부품,KOSDAQ
089970,1444.12,3178.5,4274.0,5003.5,246.73,951.5,1407.0,1717.0,1.0,-1895.97,17744,67400,67.9,반도체와반도체장비,KOSDAQ
065350,9453.64,,,,276.9,,,,0.8971,3139.82,9015,32800,41.51,가정용기기와용품,KOSDAQ
425420,1117.42,1733.5,2189.0,2650.0,190.56,360.0,535.5,674.0,1.0,-568.41,8964,72600,49.51,반도체와반도체장비,KOSDAQ
031980,2077.64,2810.67,4042.17,4677.67,734.01,1094.33,1637.83,1930.33,1.0,-2002.49,41745,193600,45.53,반도체와반도체장비,KOSDAQ
195940,10631.51,10981.07,11711.27,12496.77,1108.77,1307.2,1480.47,1688.62,,3357.6,11417,40300,,제약,KOSDAQ
053610,2305.43,2798.5,3125.5,3410.5,463.07,751.0,839.5,933.0,1.0,-1301.82,7686,85400,16.13,반도체와반도체장비,KOSDAQ
053800,2676.57,,,,332.77,,,,1.0,-2977.41,8723,78400,16.07,소프트웨어,KOSDAQ
293490,4650.19,3426.89,6353.33,6127.71,-395.91,-876.11,579.89,288.14,1.0,386.6,10867,10180,,게임엔터테인먼트,KOSDAQ
0009K0,472.78,,,,207.69,,,,1.0,-910.94,16317,25050,324.85,생물공학,KOSDAQ
295310,665.32,1102.5,1655.0,2283.5,58.37,166.25,301.5,480.0,,-134.68,8662,69700,,비철금속,KOSDAQ
388720,369.18,,,,-126.2,,,,,-93.69,8329,70700,,기계,KOSDAQ
281740,1412.34,,,,132.71,,,,0.9853,1714.88,8302,12630,107.99,화학,KOSDAQ
039200,998.39,750.0,680.0,1210.0,520.81,220.0,130.0,620.0,0.5492,-1928.59,14022,36650,26.79,제약,KOSDAQ
014620,2456.7,2810.0,3594.5,4377.0,419.56,488.0,701.5,831.0,1.0,-1382.0,8140,30650,23.64,기계,KOSDAQ
082920,2430.83,3073.0,3618.0,4129.0,692.68,896.0,1048.33,1216.0,1.0,-1487.02,13406,29700,23.55,전기제품,KOSDAQ
035900,8218.55,8225.63,8830.05,8960.13,1552.46,1509.79,1676.11,1685.25,1.0,-3545.21,13325,37500,8.3,방송과엔터테인먼트,KOSDAQ
115180,69.83,,,,-297.64,,,,,110.43,9271,24700,,제약,KOSDAQ
403870,1729.65,2497.33,3731.83,4442.8,899.02,1387.67,2113.67,2553.8,,-2108.04,54483,66200,,반도체와반도체장비,KOSDAQ
328130,831.29,,,,-831.04,,,,,-731.65,7870,10570,,건강관리기술,KOSDAQ
252990,779.85,1240.0,1578.33,1909.0,146.66,348.67,468.67,584.0,,-186.89,11995,19920,,반도체와반도체장비,KOSDAQ
099320,2069.17,2449.33,3155.33,3624.0,101.8,183.33,354.33,407.0,0.729,-606.71,9035,82500,59.09,우주항공과국방,KOSDAQ
041510,11749.35,12555.17,13651.33,14640.69,1830.34,1877.44,2159.33,2408.56,0.9348,-4490.5,18041,78800,5.2,방송과엔터테인먼트,KOSDAQ
160190,735.44,,,,-89.09,,,,0.9936,-375.23,8988,29100,,기계,KOSDAQ
011155,1921.18,,,,-9.1,,,,1.0,411.51,11,5580,0.39,식품,KOSPI
032500,975.19,1036.5,2703.0,5522.0,-237.66,-202.5,577.5,1897.0,1.0,156.42,8860,21000,,통신장비,KOSDAQ
064290,897.65,1058.6,1909.8,2343.5,-37.35,72.8,542.6,732.75,0.9962,170.81,7658,59100,,반도체와반도체장비,KOSDAQ
056190,16309.5,16906.33,19794.0,21640.0,858.61,1184.67,1795.0,2100.0,0.8997,-1321.51,11168,31100,20.27,기계,KOSDAQ
033790,2647.61,,,,88.47,,,,,-681.81,8679,10090,,전기제품,KOSDAQ
074600,9436.41,10971.0,12512.0,14229.0,596.1,1166.33,1503.67,1701.67,0.9458,7630.57,8583,32650,38.15,반도체와반도체장비,KOSDAQ
213420,3443.1,4497.0,5307.75,5898.0,607.42,943.25,1091.0,1274.25,0.9325,-308.98,7487,30150,14.08,디스플레이장비및부품,KOSDAQ
417200,1535.82,,,,-1.42,,,,0.9968,90.69,10351,15300,2379.54,전기제품,KOSDAQ
077360,2364.05,3528.2,4369.8,5118.33,28.13,337.2,569.6,775.67,0.9835,2422.87,6411,14110,,반도체와반도체장비,KOSDAQ
466100,414.06,,,,-31.81,,,,,-372.16,7367,23800,,기계,KOSDAQ
059090,9770.37,,,,1010.04,,,,0.3936,9044.79,8003,23950,27.13,반도체와반도체장비,KOSDAQ
033100,2240.17,,,,670.27,,,,,-1533.75,7983,49700,,전기장비,KOSDAQ
122640,870.56,1435.0,2431.0,3222.0,37.93,254.0,656.0,1004.0,0.9913,430.58,7329,33850,,반도체와반도체장비,KOSDAQ
456160,4.23,,,,-122.02,,,,,-1743.1,7292,43850,,제약,KOSDAQ
189300,3196.28,4018.5,4850.23,5842.75,119.54,367.63,567.1,907.25,1.0,1416.05,7903,73600,105.88,통신장비,KOSDAQ
090710,1683.05,,,,-173.22,,,,,-77.4,7759,6490,,기계,KOSDAQ
476060,533.92,1112.0,1533.0,1973.0,126.19,258.0,483.0,733.0,,-623.45,7129,15700,,제약,KOSDAQ
225570,1793.17,,,,-602.4,,,,0.9999,-552.43,7106,10790,,게임엔터테인먼트,KOSDAQ
137400,7448.89,7600.0,9520.0,10770.0,956.48,750.0,1180.0,1400.0,0.9003,2517.07,7735,32650,10.4,전기제품,KOSDAQ
035760,51345.11,52435.5,56131.75,57883.13,1328.88,1324.42,2114.58,2544.25,1.0,18985.16,7697,35100,26.09,방송과엔터테인먼트,KOSDAQ
102710,6708.96,7460.0,8647.0,9739.0,780.77,969.67,1222.67,1477.0,0.9896,998.82,6944,48600,13.37,반도체와반도체장비,KOSDAQ
468530,29.51,,,,-113.68,,,,,-186.44,5630,50700,,생물공학,KOSDAQ
031330,37565.94,,,,1139.01,,,,1.0,8764.27,8830,8830,11.64,전자장비와기기,KOSDAQ
122870,5454.04,6261.89,5724.89,6123.53,713.42,761.0,724.94,819.33,0.8249,-2460.68,7607,40700,20.62,방송과엔터테인먼트,KOSDAQ
048410,35.17,,,,-181.61,,,,,-197.81,6833,7080,,화장품,KOSDAQ
126340,822.29,1388.5,2310.0,3700.0,17.74,38.0,285.0,640.0,1.0,1115.56,6814,94900,,전기장비,KOSDAQ
131970,3038.74,3390.67,4929.0,5521.0,-9.41,380.0,1120.33,1359.33,,1144.96,21067,109000,,반도체와반도체장비,KOSDAQ
038500,6769.27,,,,765.83,,,,1.0,4112.72,7392,6850,18.11,건축자재,KOSDAQ
046890,10135.24,11334.0,11976.0,12510.0,-315.16,148.0,281.0,360.0,0.7649,796.21,6379,10940,,디스플레이장비및부품,KOSDAQ
041960,524.65,,,,19.6,,,,0.8926,139.81,7380,9890,,제약,KOSDAQ
140410,79.1,,,,-167.69,,,,,-229.92,20823,68000,,식품,KOSDAQ
080580,943.74,1461.0,2411.0,3735.0,110.86,296.5,558.5,872.0,0.9976,178.21,6148,29150,79.39,반도체와반도체장비,KOSDAQ
476830,79.2,,,,-145.97,,,,,-342.25,7926,28250,,생물공학,KOSDAQ
121600,1117.45,1483.0,2219.0,3612.0,46.81,183.0,302.0,550.0,1.0,-655.77,7284,59400,445.5,화학,KOSDAQ
358570,58.38,,,,-406.55,,,,,-373.18,5787,8970,,생물공학,KOSDAQ
041190,1628.67,,,,1380.76,,,,1.0,,5115,6410,4.63,창업투자,KOSDAQ
090360,757.35,,,,-56.61,,,,1.0,-309.73,7751,79500,,기계,KOSDAQ
144960,5779.9,7059.33,8068.0,9158.0,286.69,691.67,819.67,921.0,0.8596,1686.62,5781,13230,67.83,반도체와반도체장비,KOSDAQ
024850,322.64,390.0,440.0,530.0,-375.51,-370.0,-330.0,-320.0,,-153.62,5682,16450,,반도체와반도체장비,KOSDAQ
490470,1209.52,2168.0,3064.0,4348.0,-533.94,-35.0,358.0,690.0,1.0,-924.55,7060,20750,,반도체와반도체장비,KOSDAQ
174900,47.14,,,,-176.36,,,,,-289.37,5636,28250,,생물공학,KOSDAQ
041830,2339.48,2871.67,3396.83,3946.4,367.53,576.17,710.67,855.8,1.0,-1370.02,7024,52100,22.93,건강관리장비와용품,KOSDAQ
124500,88708.45,103309.0,104090.0,108560.0,2799.26,2926.5,3240.0,3400.0,0.2387,-865.01,6857,29550,14.7,IT서비스,KOSDAQ
253590,639.37,1257.95,1678.85,2300.0,40.55,279.4,389.4,536.0,1.0,-362.79,6835,15580,127.95,반도체와반도체장비,KOSDAQ
044490,3496.54,3900.67,4424.5,4966.5,50.22,272.0,399.0,494.5,,457.06,7613,38050,,에너지장비및서비스,KOSDAQ
009520,3574.32,,,,10.34,,,,,-390.98,5530,13280,,철강,KOSDAQ
050890,2948.3,3352.0,3798.0,4436.0,332.83,361.0,454.0,634.0,1.0,57.03,6495,10690,17.83,통신장비,KOSDAQ
036830,5566.47,,,,88.6,,,,0.9835,2251.22,10037,48950,2.06,전기제품,KOSDAQ
078350,6510.51,,,,238.71,,,,1.0,-191.32,5488,36000,36.65,반도체와반도체장비,KOSDAQ
101160,2917.65,,,,585.44,,,,1.0,-1961.41,5465,33100,13.34,반도체와반도체장비,KOSDAQ
093320,1592.44,1762.0,1914.0,2039.0,238.83,360.0,392.0,426.0,0.9056,98.98,6149,126000,35.96,IT서비스,KOSDAQ
085660,12682.54,,,,-487.75,,,,,4524.05,7931,8530,,건강관리업체및서비스,KOSDAQ
348340,189.54,,,,-148.57,,,,,356.17,5290,22600,,기계,KOSDAQ
112040,6140.4,,,,106.78,,,,1.0,-1325.67,5316,15660,,게임엔터테인먼트,KOSDAQ
023160,2969.66,3285.0,4299.5,4477.0,387.35,452.5,890.5,766.0,0.9927,-2775.83,7269,28100,11.38,기계,KOSDAQ
219130,806.79,1337.0,1790.0,2535.0,72.19,287.0,466.0,704.0,,-151.58,5828,92300,,반도체와반도체장비,KOSDAQ
383310,1410.57,2057.0,3060.0,3519.0,117.1,336.0,627.0,792.0,1.0,-373.1,5212,24850,39.42,상업서비스와공급품,KOSDAQ
032190,180519.61,,,,15998.81,,,,0.2,-483882.0,7243,18910,3.31,증권,KOSDAQ
399720,685.1,,,,-167.21,,,,1.0,-376.14,5752,48500,,반도체와반도체장비,KOSDAQ
036810,2802.63,3363.0,3915.0,4307.0,-5.47,277.0,427.0,586.0,0.971,2291.71,7729,35700,,반도체와반도체장비,KOSDAQ
214430,1242.76,1461.0,1770.0,1974.0,164.58,203.67,263.33,309.5,,-514.69,5692,77900,,우주항공과국방,KOSDAQ
099190,3154.45,3384.0,3831.0,4294.0,78.87,142.5,238.0,325.0,1.0,988.15,4998,16900,,건강관리장비와용품,KOSDAQ
119850,2626.34,2953.8,3920.0,5033.2,493.72,453.0,719.2,1021.8,0.997,-816.73,8784,53400,21.99,전기장비,KOSDAQ
060250,12348.83,15164.25,17078.75,18808.75,546.88,604.0,720.25,809.0,0.9954,-3073.46,5566,13860,12.28,IT서비스,KOSDAQ
042000,3147.64,,,,402.27,,,,1.0,-1719.73,4957,20500,12.69,IT서비스,KOSDAQ
365340,1946.29,3290.0,4191.5,4837.5,-545.34,189.0,270.5,357.0,0.8914,4102.47,4916,38050,,전기제품,KOSDAQ
356680,481.36,,,,37.53,,,,,-64.63,5497,19260,,소프트웨어,KOSDAQ
222080,4071.81,,,,335.1,,,,1.0,-2279.32,6502,8360,22.63,전기제품,KOSDAQ
086900,2472.9,2717.0,3006.67,3323.0,170.04,294.0,386.33,522.0,1.0,766.53,4883,66900,29.43,생물공학,KOSDAQ
376900,262.47,,,,4.53,,,,0.9984,-133.9,4859,27850,,건강관리장비와용품,KOSDAQ
052020,69.84,,,,-234.73,,,,,-490.76,5330,7840,,판매업체,KOSDAQ
253450,5306.85,5860.17,6459.5,6944.0,303.59,474.83,589.42,686.11,1.0,110.4,6192,20600,60.0,방송과엔터테인먼트,KOSDAQ
211050,10217.69,,,,948.44,,,,1.0,106.39,4818,9780,6.66,손해보험,KOSDAQ
125490,1558.82,2045.0,2505.0,2600.0,102.93,142.67,215.0,230.0,0.9961,797.46,4815,13190,131.63,자동차부품,KOSDAQ
104830,3224.67,3841.67,4647.0,5590.0,564.98,679.0,931.0,1269.5,1.0,92.96,5251,41650,10.78,화학,KOSDAQ
089890,823.79,1790.0,2500.0,,173.92,390.0,650.0,,1.0,-264.81,6045,36450,45.78,반도체와반도체장비,KOSDAQ
290550,4257.76,5366.0,7344.0,,215.74,344.5,575.25,,1.0,167.24,4780,23900,20.63,핸드셋,KOSDAQ
089010,6374.86,7820.0,8610.0,9320.0,232.01,440.0,590.0,840.0,0.9886,3817.36,4746,28300,46.28,전자장비와기기,KOSDAQ
098120,1003.14,,,,177.45,,,,0.9951,-232.19,5038,60600,29.84,반도체와반도체장비,KOSDAQ
348370,3127.94,,,,-783.87,,,,,2450.6,5018,22900,,전기제품,KOSDAQ
278280,1338.5,2042.5,2600.5,3251.0,37.11,-102.0,223.5,372.5,0.9299,2124.06,4675,38150,,전기제품,KOSDAQ
475960,113.07,200.0,346.0,660.0,-55.69,-22.0,18.0,195.0,1.0,-274.52,4663,34600,,생명과학도구및서비스,KOSDAQ
069540,317.7,,,,-165.31,,,,,-57.55,4958,4400,,통신장비,KOSDAQ
094170,1276.31,,,,24.19,,,,,-571.58,5593,26750,,반도체와반도체장비,KOSDAQ
170920,3103.85,4585.5,6687.5,8598.0,296.29,733.5,1174.0,1545.0,0.489,-460.06,4611,43650,95.78,반도체와반도체장비,KOSDAQ
035890,11001.3,9170.0,11230.0,12690.0,1443.89,990.0,1450.0,1690.0,1.0,-4931.72,4629,2230,3.8,건설,KOSDAQ
033500,7421.86,8223.0,8962.0,9606.0,725.59,1133.5,1332.0,1565.0,1.0,-499.7,4912,16380,8.79,화학,KOSDAQ
251970,3719.61,4476.86,5096.99,5675.0,565.15,734.26,870.08,1002.14,0.8037,-1209.86,7552,60900,21.93,포장재,KOSDAQ
272290,4396.34,4585.0,6222.0,8293.0,819.21,519.0,728.0,1086.0,1.0,1004.0,4536,22750,7.82,디스플레이장비및부품,KOSDAQ
336570,1568.38,1888.5,2182.0,2615.0,516.85,477.5,559.0,675.0,1.0,-858.24,4527,5070,12.85,건강관리장비와용품,KOSDAQ
368770,434.72,589.0,,,101.17,159.0,,,0.9864,-49.81,4836,14720,51.95,전자장비와기기,KOSDAQ
037460,42910.97,,,,1624.48,,,,0.6393,8288.76,5426,33250,7.17,통신장비,KOSDAQ
376300,838.35,958.0,1036.73,1100.0,313.92,384.82,439.27,492.56,1.0,-1522.22,4460,18790,23.94,양방향미디어와서비스,KOSDAQ
079370,3833.08,,,,-44.65,,,,0.9712,-12.47,4454,14360,,반도체와반도체장비,KOSDAQ
027360,507.49,,,,118.86,,,,1.0,,4785,3950,57.53,창업투자,KOSDAQ
079940,3356.81,,,,404.86,,,,0.5075,858.45,5254,39150,33.27,IT서비스,KOSDAQ
486990,131.01,,,,-152.79,,,,,-102.29,4385,20500,,IT서비스,KOSDAQ
067630,457.52,,,,-220.27,,,,0.9889,1490.9,4359,3575,,건강관리장비와용품,KOSDAQ
034950,1097.81,,,,343.4,,,,0.8587,-954.91,4677,103000,18.54,상업서비스와공급품,KOSDAQ
417840,482.89,1193.3,1555.14,,46.35,355.61,516.47,,1.0,138.93,4280,18650,123.34,반도체와반도체장비,KOSDAQ
013030,2145.66,,,,589.11,,,,0.9905,-2230.76,4278,36350,8.51,기계,KOSDAQ
397030,21.72,80.0,310.0,260.0,-72.64,-50.0,170.0,110.0,,-801.97,4652,16880,,제약,KOSDAQ
025980,2580.71,,,,83.16,,,,0.4757,5657.45,4982,5120,,"호텔,레스토랑,레저",KOSDAQ
030520,3267.45,3855.0,4171.6,4409.4,363.97,492.8,580.6,631.6,1.0,-1085.14,4159,17200,12.1,소프트웨어,KOSDAQ
348210,669.14,826.67,1187.0,1503.0,-11.61,66.67,281.33,455.33,0.9898,603.27,4107,39200,,반도체와반도체장비,KOSDAQ
033160,14038.23,20114.0,29352.5,36760.0,141.86,1152.5,1839.0,2095.0,0.2,11783.65,4913,20000,369.4,반도체와반도체장비,KOSDAQ
078340,6964.24,7303.67,7938.56,8314.0,26.34,500.78,771.33,876.5,1.0,516.61,4546,37600,12.46,게임엔터테인먼트,KOSDAQ
039440,3280.59,,,,197.19,,,,1.0,-696.61,4024,25950,26.1,반도체와반도체장비,KOSDAQ
200470,1109.99,,,,52.67,,,,,864.87,4523,10320,,반도체와반도체장비,KOSDAQ
187660,92.73,,,,-73.76,,,,,49.44,4503,7040,,제약,KOSDAQ
056080,281.89,,,,-50.33,,,,,-197.8,4848,12680,,기계,KOSDAQ
441270,2391.21,4318.43,6391.67,7863.5,19.35,297.0,553.33,697.0,0.9668,1569.58,3975,9400,,핸드셋,KOSDAQ
340570,1641.58,1921.67,2239.0,2594.0,463.51,719.33,837.0,1015.0,0.9838,-1021.16,4435,27600,11.65,건강관리장비와용품,KOSDAQ
018290,4371.84,5220.67,6088.0,6870.0,828.69,602.67,817.0,1030.0,0.9565,-680.69,4403,12600,7.23,화장품,KOSDAQ
019210,6393.83,8890.0,,,665.28,1910.0,,,0.9983,6598.94,4791,12880,18.95,기계,KOSDAQ
025320,2615.38,,,,67.59,,,,1.0,17.75,3684,3995,49.95,핸드셋,KOSDAQ
101730,1488.4,,,,-487.45,,,,1.0,-732.87,3888,4640,,게임엔터테인먼트,KOSDAQ
114810,1988.3,2333.0,2786.0,,333.17,427.0,613.0,,0.9727,-39.84,4357,15480,15.32,반도체와반도체장비,KOSDAQ
159010,679.24,,,,-70.15,,,,1.0,414.75,4280,32100,,기계,KOSDAQ
015750,43826.7,,,,2426.83,,,,0.949,12602.2,4744,5930,2.81,자동차부품,KOSDAQ
107640,1752.65,2276.5,3755.0,4645.0,40.26,-22.0,185.5,415.0,0.7127,1049.81,3834,42300,94.09,전기장비,KOSDAQ
332570,1254.77,3178.0,4484.0,5593.0,39.09,308.0,473.0,631.0,0.9952,-511.43,4263,9280,24.74,핸드셋,KOSDAQ
078130,677.85,,,,-4.95,,,,,-178.57,4171,3700,,종이와목재,KOSDAQ
078160,736.57,,,,-679.84,,,,1.0,-333.15,3799,9690,,생물공학,KOSDAQ
092730,1321.84,,,,287.75,,,,1.0,-1398.24,3743,23350,13.45,화장품,KOSDAQ
052400,3091.64,3478.75,4068.33,4613.67,888.99,1098.0,1310.0,1529.33,1.0,-2478.78,5505,37800,7.38,IT서비스,KOSDAQ
092190,7638.09,,,,2.26,,,,0.3929,2229.08,4142,9030,,디스플레이장비및부품,KOSDAQ
456010,40.2,135.0,449.0,493.0,-88.64,-70.0,12.0,36.0,1.0,-442.16,3698,25500,,통신장비,KOSDAQ
033640,5214.39,6132.0,7077.0,8040.0,237.61,586.0,934.0,1340.0,0.6984,2104.86,7333,31800,44.22,반도체와반도체장비,KOSDAQ
477850,114.59,232.0,434.0,,-80.41,-5.0,128.0,,1.0,-438.61,4057,22850,,소프트웨어,KOSDAQ
138080,573.77,791.67,1150.33,1731.67,-159.99,8.67,159.0,408.67,1.0,99.16,4041,32650,,통신장비,KOSDAQ
046970,424.75,,,,-6.77,,,,,-72.58,3655,8340,,컴퓨터와주변기기,KOSDAQ
330860,1140.9,1333.33,1547.0,1695.0,47.56,267.33,441.5,588.5,,301.79,3990,32750,,반도체와반도체장비,KOSDAQ
204620,1540.57,1921.0,2094.0,,289.85,350.0,407.0,,0.9786,-1474.55,3978,5660,11.46,기타금융,KOSDAQ
060280,745.32,807.0,,,23.62,31.0,,,1.0,-245.41,3623,8780,130.75,건강관리장비와용품,KOSDAQ
052710,2537.65,2790.0,3630.0,4450.0,55.05,90.0,350.0,520.0,1.0,1026.78,3923,21000,49.53,핸드셋,KOSDAQ
095660,4327.26,4164.8,4787.2,5303.75,599.8,332.6,482.0,639.0,1.0,-2864.96,3914,18090,7.83,게임엔터테인먼트,KOSDAQ
468670,237.59,,,,24.3,,,,,77.95,3881,34150,,기계,KOSDAQ
003800,3172.67,,,,540.91,,,,1.0,-1872.33,3571,32200,6.38,가구,KOSDAQ
093520,2272.42,2851.0,2851.0,3126.0,290.95,423.0,423.0,471.0,0.9974,-494.09,3541,29750,15.36,반도체와반도체장비,KOSDAQ
036800,10946.84,13796.0,16634.0,18254.67,552.93,758.67,968.67,1076.67,0.9629,-2043.91,3858,8480,9.0,상업서비스와공급품,KOSDAQ
460930,2482.04,,,,287.64,,,,1.0,-50.57,4648,13090,21.72,조선,KOSDAQ
064260,2253.77,,,,23.12,,,,1.0,1643.99,3453,4565,,IT서비스,KOSDAQ
482630,1253.86,1599.5,1896.0,2088.5,176.32,242.5,326.0,382.0,,-93.84,3432,15680,,반도체와반도체장비,KOSDAQ
025900,8295.62,,,,-137.95,,,,,10010.7,3767,7450,,건축자재,KOSDAQ
386380,79.36,,,,-147.25,,,,,-74.39,3394,18090,,건강관리기술,KOSDAQ
455900,46.41,,,,-102.76,,,,,-236.9,3363,21850,,건강관리장비와용품,KOSDAQ
475830,0.24,,,,-517.59,,,,1.0,-1557.02,4579,21050,,제약,KOSDAQ
393890,1108.13,,,,-1276.43,,,,1.0,8853.52,3669,10840,,전기제품,KOSDAQ
006910,1474.86,,,,268.06,,,,,-533.29,3660,7450,,전기장비,KOSDAQ
018000,402.68,,,,-95.33,,,,,1036.33,3334,1142,,에너지장비및서비스,KOSDAQ
200710,1645.12,2378.0,3052.0,3492.0,28.53,95.0,307.0,349.0,0.9879,101.24,3998,29700,110.84,반도체와반도체장비,KOSDAQ
069080,1744.37,1566.67,1727.33,1857.0,297.28,225.33,256.0,258.67,1.0,-614.08,3623,11700,15.08,게임엔터테인먼트,KOSDAQ
045100,11181.81,,,,537.11,,,,1.0,-1968.87,6099,34850,14.61,반도체와반도체장비,KOSDAQ
215600,92.25,,,,-255.88,,,,,-659.39,3270,2360,,제약,KOSDAQ
017890,4238.83,,,,318.17,,,,0.8102,-577.62,3264,15790,10.65,화학,KOSDAQ
168360,698.62,1019.0,1257.0,1425.0,31.84,203.0,336.0,426.0,1.0,62.46,3592,16040,,전자장비와기기,KOSDAQ
215200,8849.45,8989.5,9177.0,9369.5,1210.2,1197.0,1230.5,1261.0,0.9548,-15.02,3918,37800,4.59,교육서비스,KOSDAQ
900290,9592.56,12011.22,,,1373.16,1840.52,,,0.7613,5324.61,3228,3480,4.41,화학,KOSDAQ
372320,,,,,-362.9,,,,,-223.46,3525,23150,,생물공학,KOSDAQ
092870,660.27,1335.67,1982.0,2782.5,0.8,212.67,383.0,673.5,0.9999,-176.49,6917,53000,77.16,반도체와반도체장비,KOSDAQ
236200,1373.02,1577.0,1779.0,2069.0,327.45,395.0,452.0,535.0,1.0,-1306.12,3878,55600,11.98,전자장비와기기,KOSDAQ
206650,1491.95,,,,606.63,,,,,-627.03,3135,8530,,생물공학,KOSDAQ
117730,438.13,,,,-119.08,,,,,-45.76,3404,15090,,기계,KOSDAQ
241770,946.14,,,,153.6,,,,1.0,-553.22,4143,40650,32.84,반도체와반도체장비,KOSDAQ
484590,1546.07,1583.0,1764.0,1880.0,266.31,288.0,331.0,360.0,,239.31,3107,7540,,우주항공과국방,KOSDAQ
389470,29.39,,,,-283.81,,,,,-809.46,3786,28450,,제약,KOSDAQ
160980,1644.05,2320.0,2780.0,3150.0,233.46,359.0,457.0,536.0,1.0,-1026.16,3102,28400,20.76,반도체와반도체장비,KOSDAQ
036200,2733.3,3462.0,4030.0,4379.0,109.02,280.0,422.0,502.0,1.0,-541.46,3342,10900,37.22,반도체와반도체장비,KOSDAQ
067160,4665.7,4468.25,4582.5,4907.33,1248.4,908.25,964.5,1093.0,0.9795,-4802.39,4061,36300,3.99,양방향미디어와서비스,KOSDAQ
228760,37.6,,,,-112.98,,,,,-791.37,3028,12180,,건강관리장비와용품,KOSDAQ
488900,367.91,,,,-73.64,,,,,-79.3,3329,11490,,우주항공과국방,KOSDAQ
121440,3543.19,,,,280.26,,,,0.9982,1637.33,3286,7670,13.68,레저용장비와제품,KOSDAQ
110990,1079.1,,,,230.62,,,,1.0,-1948.76,3631,19210,11.95,반도체와반도체장비,KOSDAQ
078020,22953.4,,,,222.21,,,,1.0,,3617,6520,15.76,증권,KOSDAQ
049070,5907.82,,,,-113.04,,,,1.0,-2764.2,2960,18800,18.26,핸드셋,KOSDAQ
425040,2797.08,,,,248.38,,,,0.9014,485.91,3238,14770,20.3,반도체와반도체장비,KOSDAQ
082270,815.31,,,,37.93,,,,,406.8,5112,11240,,반도체와반도체장비,KOSDAQ
101930,1079.58,1187.0,1304.0,,155.34,202.0,231.0,,1.0,-962.79,2929,6410,11.46,조선,KOSDAQ
086390,1101.95,1922.3,3090.55,4002.0,-210.89,218.7,459.8,660.0,0.8805,199.93,3215,15210,,반도체와반도체장비,KOSDAQ
424870,1.11,,,,-280.05,,,,,-931.28,3140,3435,,제약,KOSDAQ
448900,369.31,,,,14.56,,,,1.0,105.08,3487,57400,,자동차부품,KOSDAQ
314130,245.87,285.0,322.0,,-292.34,-302.0,-290.0,,,-386.68,2903,5550,,제약,KOSDAQ
452430,173.12,317.33,727.67,2178.0,-45.65,12.33,133.67,459.0,,51.07,3125,37850,,반도체와반도체장비,KOSDAQ
265520,4601.45,,,,333.28,,,,1.0,-929.12,3108,20650,13.07,디스플레이장비및부품,KOSDAQ
061970,4797.82,,,,-398.0,,,,,2441.72,3396,4845,,반도체와반도체장비,KOSDAQ
136480,14399.95,,,,476.81,,,,0.9948,3152.97,2825,2660,7.33,식품,KOSDAQ
352480,2884.78,2982.0,3211.0,,221.71,125.0,142.0,,1.0,-1133.85,2821,20700,19.75,화장품,KOSDAQ
042520,897.8,1399.0,1731.0,1961.0,-258.91,155.0,274.0,349.0,1.0,225.21,3095,21700,,건강관리장비와용품,KOSDAQ
036620,2501.95,2913.5,3446.5,3923.5,446.31,537.0,671.5,796.5,,-119.75,3343,3720,,"섬유,의류,신발,호화품",KOSDAQ
394280,160.59,,,,-289.07,,,,,-171.92,2790,10590,,반도체와반도체장비,KOSDAQ
378340,331.94,,,,-221.74,,,,1.0,156.59,2786,12870,,전기제품,KOSDAQ
042370,4322.87,,,,557.21,,,,0.2,-1751.18,2976,11360,44.98,전기제품,KOSDAQ
047920,2055.82,,,,10.64,,,,1.0,8.93,3293,10040,72.03,제약,KOSDAQ
452280,632.16,920.0,,,97.5,220.0,,,,335.94,2764,14360,,기계,KOSDAQ
012210,737.97,817.0,,,58.12,80.0,,,,474.4,2759,11970,,기계,KOSDAQ
035810,33889.04,,,,1513.5,,,,0.3865,7901.78,2939,4555,10.98,식품,KOSDAQ
0035S0,207.43,,,,6.73,,,,,-23.64,3261,31750,,IT서비스,KOSDAQ
254490,6355.82,,,,190.76,,,,,804.44,2726,18880,,반도체와반도체장비,KOSDAQ
025770,8363.3,,,,452.28,,,,1.0,-1749.25,2928,7820,8.0,IT서비스,KOSDAQ
200670,1700.53,2015.0,,,423.29,463.0,,,,-458.47,2903,25850,,제약,KOSDAQ
446540,432.4,,,,-41.75,,,,,-242.2,3167,10890,,전자장비와기기,KOSDAQ
084110,8474.53,,,,905.52,,,,0.3525,1112.43,2899,22900,10.05,제약,KOSDAQ
099440,1535.9,2179.0,2554.0,2843.0,-168.1,234.0,299.0,328.0,1.0,1565.61,2692,3945,,기계,KOSDAQ
092460,1334.77,,,,222.72,,,,1.0,236.14,2880,16830,11.3,조선,KOSDAQ
199800,13.06,,,,-232.94,,,,1.0,-188.9,3113,34600,,생물공학,KOSDAQ
304360,165.48,,,,-83.44,,,,,-284.69,2658,21300,,생물공학,KOSDAQ
234340,1874.36,2222.67,2506.5,2807.5,155.78,260.0,303.5,367.5,1.0,-2716.88,3346,23950,36.08,IT서비스,KOSDAQ
354320,1878.25,,,,62.21,,,,,938.26,2799,43800,,자동차부품,KOSDAQ
266690,485.04,,,,40.8,,,,,-39.77,3082,16310,,우주항공과국방,KOSDAQ
389650,164.77,209.0,307.5,430.5,-7.2,-76.5,-24.0,48.0,,-280.38,2640,31900,,건강관리장비와용품,KOSDAQ
091580,2500.84,3432.0,3980.0,4760.0,86.55,260.0,331.0,440.0,1.0,696.31,2992,22450,148.71,전기제품,KOSDAQ
294570,694.6,715.0,745.0,774.0,188.6,200.0,211.0,221.0,,-1631.35,2765,27400,,IT서비스,KOSDAQ
267980,18435.39,,,,600.29,,,,0.9978,-832.68,2598,33900,4.63,식품,KOSDAQ
389500,71.99,118.0,205.0,290.0,-68.63,-71.0,-17.0,19.0,,50.51,2975,44650,,기계,KOSDAQ
203650,3188.51,,,,224.85,,,,1.0,3352.24,2955,2905,35.68,상업서비스와공급품,KOSDAQ
060720,4249.04,3782.0,4274.67,4777.0,317.52,224.0,309.0,359.33,0.9983,420.75,2742,11580,13.45,핸드셋,KOSDAQ
054950,1731.29,1883.67,2057.0,2213.0,332.76,390.0,413.0,453.0,0.9836,-1145.75,2944,24350,10.38,건강관리장비와용품,KOSDAQ
493280,116.19,,,,2.98,,,,,-1227.12,2579,17370,,제약,KOSDAQ
051500,34810.82,37149.43,40074.57,43109.75,1016.53,1006.14,1145.71,1244.25,1.0,4811.48,2576,21700,5.14,식품과기본식료품소매,KOSDAQ
472850,4855.69,5787.33,6487.5,7337.0,573.77,758.33,917.0,1222.0,0.7709,997.87,2703,4695,7.83,"섬유,의류,신발,호화품",KOSDAQ
035600,13588.85,14805.0,16009.0,17115.0,985.58,1028.5,1226.5,1342.0,0.8673,2750.86,2698,9790,5.64,IT서비스,KOSDAQ
439960,88.63,,,,-81.51,,,,,-162.25,2564,7900,,기계,KOSDAQ
121800,101.5,,,,-72.17,,,,1.0,-589.83,2563,3320,29.25,디스플레이패널,KOSDAQ
073490,1861.01,2354.33,3037.33,4285.5,-11.2,190.67,367.33,629.5,1.0,-330.02,2677,35200,,통신장비,KOSDAQ
071200,1023.92,,,,142.17,,,,0.987,-2124.79,2859,11720,10.83,건강관리기술,KOSDAQ
023410,13326.88,,,,323.74,,,,0.9486,4134.07,2536,3280,,건축자재,KOSDAQ
182400,78.63,,,,-25.32,,,,,28.52,2655,3670,,생명과학도구및서비스,KOSDAQ
112290,830.89,1152.0,1705.0,,-17.66,95.0,214.0,,,549.39,2524,12480,,반도체와반도체장비,KOSDAQ
377450,615.72,,,,189.41,,,,,-1910.99,2508,14470,,상업서비스와공급품,KOSDAQ
024840,7585.67,,,,243.45,,,,0.4939,1232.2,2804,6450,,전기장비,KOSDAQ
089980,1959.88,2258.0,2859.0,3707.0,67.12,112.0,177.0,246.0,1.0,670.6,2638,16500,39.05,전자장비와기기,KOSDAQ
011560,7157.93,9801.0,9830.0,9665.0,403.68,559.0,580.0,590.0,1.0,-783.29,2486,24650,6.99,건설,KOSDAQ
272110,844.45,1520.0,1804.0,2161.0,222.43,312.0,444.0,553.0,1.0,823.8,2596,32350,10.16,반도체와반도체장비,KOSDAQ
448280,309.16,509.0,,,9.53,80.0,,,1.0,-2.78,2776,9370,155.52,상업서비스와공급품,KOSDAQ
461300,1959.11,,,,617.63,,,,,-1262.84,2461,18460,,교육서비스,KOSDAQ
036030,3958.86,,,,441.62,,,,,-1470.36,2451,5000,,인터넷과카탈로그소매,KOSDAQ
094360,284.67,311.0,354.5,362.0,69.64,70.0,93.0,96.0,0.9941,-408.23,2751,12880,46.45,반도체와반도체장비,KOSDAQ
064850,354.02,586.0,692.0,780.0,106.63,293.0,364.0,414.0,1.0,-140.68,2413,21150,24.41,IT서비스,KOSDAQ
287840,22.99,,,,-103.0,,,,,-134.21,2719,18100,,제약,KOSDAQ
416180,1169.13,2725.0,3810.0,,22.71,90.0,200.0,,0.2353,1016.01,2396,26500,432.49,전기제품,KOSDAQ
486510,296.89,,,,-59.56,,,,,-215.93,2919,14860,,반도체와반도체장비,KOSDAQ
389260,1309.71,1665.0,1843.0,,167.99,339.0,362.0,,1.0,466.29,2392,13350,16.91,에너지장비및서비스,KOSDAQ
450950,379.44,476.0,734.0,913.0,103.92,44.5,193.0,268.5,1.0,-155.06,2389,6350,25.94,건강관리장비와용품,KOSDAQ
0011T0,1017.39,,,,-296.34,,,,,-168.04,2545,5420,,전기제품,KOSDAQ
317330,1120.79,,,,-430.26,,,,,2533.72,2676,13070,,반도체와반도체장비,KOSDAQ
298830,939.38,,,,126.0,,,,0.8911,-184.86,2363,4420,27.53,소프트웨어,KOSDAQ
115450,695.61,,,,-35.34,,,,,273.38,2362,2495,,제약,KOSDAQ
377460,916.49,,,,-19.14,,,,,799.0,2532,4080,,상업서비스와공급품,KOSDAQ
036710,15280.84,,,,-342.64,,,,,7611.28,2647,5010,,반도체와반도체장비,KOSDAQ
180400,293.57,,,,-243.17,,,,,-352.15,2328,2365,,건강관리업체및서비스,KOSDAQ
094480,1297.0,,,,183.94,,,,1.0,945.32,2342,5970,28.22,IT서비스,KOSDAQ
032580,536.16,,,,-20.66,,,,,-41.06,2501,7550,,반도체와반도체장비,KOSDAQ
098070,1719.03,1985.0,2340.0,,381.82,385.0,400.0,,1.0,-613.88,2602,23400,8.46,에너지장비및서비스,KOSDAQ
445090,728.5,1819.0,2016.0,3954.0,-275.78,50.0,92.0,207.0,1.0,225.09,2480,22700,,반도체와반도체장비,KOSDAQ
083310,2448.93,,,,-80.54,,,,0.7005,-626.2,2290,12860,,반도체와반도체장비,KOSDAQ
065680,1864.2,,,,218.1,,,,1.0,-1297.61,2278,25200,10.56,핸드셋,KOSDAQ
108860,1147.81,,,,14.82,,,,,-934.51,2420,8990,,건강관리장비와용품,KOSDAQ
475400,130.56,,,,-184.11,,,,,-327.17,2265,19180,,기계,KOSDAQ
365270,0.07,,,,-165.03,,,,,-117.83,2273,10260,,제약,KOSDAQ
061090,1792.88,2332.0,2728.0,3797.0,162.9,403.0,544.0,977.0,1.0,-885.35,2264,41400,13.55,통신장비,KOSDAQ
309710,619.67,,,,-18.51,,,,1.0,685.73,2684,21000,,제약,KOSDAQ
216080,769.03,861.0,,,38.19,76.0,,,1.0,961.77,2248,6030,,건강관리장비와용품,KOSDAQ
243840,4082.34,5188.0,6200.5,6873.5,59.27,201.0,323.5,394.0,1.0,3439.15,2248,5830,,전기제품,KOSDAQ
0008Z0,1444.25,1610.0,1900.0,2090.0,177.39,220.0,280.0,310.0,1.0,-711.01,2246,23800,12.45,조선,KOSDAQ
065710,1166.26,,,,253.26,,,,1.0,-615.93,2233,43350,10.77,운송인프라,KOSDAQ
376270,129.79,456.3,865.9,,-155.83,-17.7,163.7,,1.0,99.47,2534,35100,,건강관리업체및서비스,KOSDAQ
023760,5384.09,,,,1279.22,,,,1.0,,2227,1411,2.22,기타금융,KOSDAQ
293780,36.98,,,,-158.43,,,,,-105.98,2219,7900,,건강관리업체및서비스,KOSDAQ
018310,3169.86,,,,64.45,,,,1.0,-239.24,2205,15000,21.55,건축제품,KOSDAQ
036890,4638.2,5645.5,5880.0,6145.0,479.43,474.5,525.0,590.0,1.0,-88.33,2523,11450,7.73,기계,KOSDAQ
095500,5385.33,,,,209.29,,,,1.0,915.39,2205,7110,15.96,디스플레이장비및부품,KOSDAQ
382900,433.61,,,,8.58,,,,1.0,992.05,2195,25050,138.05,전기제품,KOSDAQ
144510,1655.23,,,,-137.94,,,,,1068.53,2297,14540,,건강관리업체및서비스,KOSDAQ
125020,2991.19,4799.0,6328.0,,67.99,213.0,367.0,,,202.62,2190,6250,,전기장비,KOSDAQ
462350,27.46,,,,-722.46,,,,,-633.93,2185,6450,,우주항공과국방,KOSDAQ
045390,1531.89,,,,75.59,,,,1.0,-7.48,2185,3100,10.68,도로와철도운송,KOSDAQ
0001A0,1431.95,,,,66.8,,,,1.0,27.52,2173,8530,48.12,석유와가스,KOSDAQ
439090,1130.16,1085.0,1408.0,,104.55,131.0,169.0,,1.0,-986.58,2582,15750,28.29,화장품,KOSDAQ
217730,35.72,,,,-176.68,,,,,-182.25,2168,2305,,생물공학,KOSDAQ
067080,1430.6,,,,31.62,,,,0.7099,944.03,2163,11620,130.77,제약,KOSDAQ
005160,7277.64,,,,70.25,,,,,2327.58,2151,3965,,철강,KOSDAQ
151860,75771.97,,,,1912.56,,,,0.4486,11552.93,2571,5400,3.12,자동차,KOSDAQ
019010,482.43,,,,150.45,,,,0.9269,-3529.87,2147,4455,2.29,"호텔,레스토랑,레저",KOSDAQ
206640,1620.93,,,,289.4,,,,0.9905,-351.5,2134,9740,9.02,생명과학도구및서비스,KOSDAQ
462860,599.71,,,,136.28,,,,1.0,-1704.73,2124,2960,19.28,IT서비스,KOSDAQ
484120,1397.91,1731.0,2121.0,,33.85,143.5,279.5,,0.9141,-187.25,2537,23150,517.76,디스플레이장비및부품,KOSDAQ
053030,1684.75,1705.0,2144.0,2584.0,-45.35,-71.0,131.0,249.0,0.9787,863.02,2121,6490,,제약,KOSDAQ
340450,315.34,382.0,470.0,638.0,12.36,33.0,65.0,138.0,,-382.78,2114,8940,,생명과학도구및서비스,KOSDAQ
005710,10589.26,,,,707.54,,,,1.0,-4449.34,2098,10470,2.73,자동차부품,KOSDAQ
043150,4264.16,4553.0,4905.67,5332.33,547.79,615.33,680.33,803.33,1.0,-1091.28,2654,17870,6.61,건강관리장비와용품,KOSDAQ
036190,4234.34,,,,438.01,,,,1.0,-1369.03,2094,34900,6.84,건설,KOSDAQ
014940,2072.56,,,,242.78,,,,1.0,-267.53,2092,4590,10.93,조선,KOSDAQ
053300,1384.66,,,,270.61,,,,0.9319,-723.45,2085,5270,7.96,IT서비스,KOSDAQ
091700,13495.28,15340.0,15940.0,16750.0,447.48,333.0,392.0,470.0,0.9609,-135.21,2635,5270,7.82,핸드셋,KOSDAQ
176750,385.72,,,,74.43,,,,1.0,17.19,2071,7270,31.96,제약,KOSDAQ
380540,215.12,,,,-59.27,,,,,163.48,2067,8450,,통신장비,KOSDAQ
382800,919.19,1431.0,1902.0,2160.0,77.56,265.0,321.5,360.0,1.0,-134.45,2063,6480,32.66,반도체와반도체장비,KOSDAQ
064820,5797.74,,,,499.64,,,,0.9248,-7235.45,2453,7950,4.13,증권,KOSDAQ
459510,125.26,,,,-82.06,,,,,173.71,2060,15870,,기계,KOSDAQ
256840,958.99,,,,16.3,,,,1.0,-675.12,2161,3160,76.17,건강관리장비와용품,KOSDAQ
067390,2543.86,,,,73.59,,,,,1473.67,2405,5710,,우주항공과국방,KOSDAQ
405100,688.61,850.0,1100.0,,47.83,122.0,215.0,,0.9799,35.24,2033,16540,70.25,반도체와반도체장비,KOSDAQ
049430,722.74,,,,179.87,,,,0.9996,-1237.01,2018,22300,8.95,기계,KOSDAQ
307180,1028.64,,,,-85.02,,,,0.4805,721.41,2130,5770,,디스플레이장비및부품,KOSDAQ
0161M0,106.49,,,,-26.76,,,,,-101.42,2003,16400,,소프트웨어,KOSDAQ
353810,4769.39,,,,449.9,,,,0.949,1283.84,2005,6060,7.22,식품,KOSDAQ
043370,12006.73,12528.0,13138.0,13818.0,484.39,451.0,480.0,570.0,1.0,-1890.94,2381,11340,5.15,자동차부품,KOSDAQ
126730,382.85,709.0,,,11.39,127.0,,,1.0,-242.16,2105,24000,73.89,전기제품,KOSDAQ
119610,1184.4,1379.0,1578.83,1826.2,194.83,287.83,350.33,431.0,0.9935,285.02,1948,17070,15.06,건강관리장비와용품,KOSDAQ
304100,416.36,,,,-80.42,,,,,-327.28,1944,15440,,IT서비스,KOSDAQ
099430,908.96,,,,150.05,,,,0.7502,363.08,2345,3805,15.63,건강관리장비와용품,KOSDAQ
058970,839.8,,,,9.1,,,,1.0,-238.36,2088,16890,71.29,소프트웨어,KOSDAQ
230240,1419.83,1193.0,2257.0,2806.0,-15.82,-244.0,225.0,540.0,1.0,430.15,1932,14520,,통신장비,KOSDAQ
243070,6207.68,,,,456.0,,,,1.0,1011.81,2323,19390,5.45,제약,KOSDAQ
013120,3873.45,,,,170.96,,,,1.0,1317.35,1930,2125,7.38,건설,KOSDAQ
950170,3086.21,3017.33,,,475.52,59.16,,,1.0,769.35,2066,4235,2.68,백화점과일반상점,KOSDAQ
080720,363.78,,,,-172.32,,,,,-318.22,1924,2410,,제약,KOSDAQ
241520,451.38,,,,223.39,,,,0.9716,,2274,8550,13.17,창업투자,KOSDAQ
068930,2538.22,2811.0,3105.0,3354.0,315.59,445.67,497.5,541.5,0.8597,300.48,2585,9340,12.36,교육서비스,KOSDAQ
481070,600.09,,,,100.81,,,,0.966,-266.65,2051,14280,24.23,"섬유,의류,신발,호화품",KOSDAQ
190510,4598.8,,,,281.85,,,,1.0,-1122.24,2252,15990,8.97,핸드셋,KOSDAQ
464080,60.86,,,,-161.31,,,,,83.19,1904,10570,,전자장비와기기,KOSDAQ
194700,4042.6,,,,430.5,,,,0.9848,-137.65,1904,10430,5.38,건강관리업체및서비스,KOSDAQ
199430,159.13,,,,-75.38,,,,,81.8,2010,17950,,기계,KOSDAQ
215000,4832.61,4361.0,4662.0,5074.0,680.71,380.0,518.0,590.0,1.0,-972.27,2247,35800,8.76,"호텔,레스토랑,레저",KOSDAQ
041920,649.45,940.0,1258.0,,59.5,160.0,234.0,,1.0,-859.22,1886,10140,35.76,건강관리장비와용품,KOSDAQ
478340,132.37,,,,-54.61,,,,,-267.24,1984,17090,,우주항공과국방,KOSDAQ
308430,19.45,,,,-82.45,,,,,-373.14,1884,14600,,제약,KOSDAQ
234690,1646.8,1997.5,2494.0,2923.0,172.94,200.5,353.5,497.5,0.8435,857.96,1965,10940,19.63,제약,KOSDAQ
064550,3301.11,,,,152.25,,,,,202.99,2215,8580,,생물공학,KOSDAQ
052330,3968.4,,,,377.86,,,,0.9999,-930.53,1863,10490,6.58,디스플레이패널,KOSDAQ
452450,650.88,,,,-212.17,,,,1.0,-2.55,1942,5390,,IT서비스,KOSDAQ
0015G0,417.52,,,,22.02,,,,1.0,82.19,1938,16560,94.63,우주항공과국방,KOSDAQ
078150,1603.11,,,,62.41,,,,1.0,-273.49,2197,2315,7.74,디스플레이장비및부품,KOSDAQ
066620,4388.87,,,,457.62,,,,1.0,-3282.89,1845,24600,4.65,건설,KOSDAQ
263860,483.81,566.5,610.0,679.0,70.07,115.0,131.0,149.0,1.0,-362.71,1929,21250,25.73,소프트웨어,KOSDAQ
237880,3289.03,3422.75,3634.5,3690.0,164.36,293.5,368.0,360.0,1.0,-1549.61,2179,12060,16.07,화장품,KOSDAQ
394800,117.09,,,,-58.89,,,,,-90.76,1925,6050,,건강관리기술,KOSDAQ
419530,1412.52,1645.0,1788.5,2033.0,226.33,233.0,302.0,375.0,1.0,-205.8,1835,17980,6.1,방송과엔터테인먼트,KOSDAQ
388050,773.78,1050.0,,,88.07,133.0,,,1.0,-330.49,1912,10220,34.43,전기장비,KOSDAQ
484810,566.33,,,,-7.72,,,,,-107.58,1905,12330,,기계,KOSDAQ
314930,70.28,,,,6.52,,,,1.0,-147.47,2036,6840,238.97,건강관리장비와용품,KOSDAQ
012860,10440.89,,,,367.89,,,,0.9579,2204.76,1824,2490,9.16,자동차부품,KOSDAQ
163730,916.07,1347.0,1948.0,,14.68,78.0,177.0,,0.8889,-396.96,1902,14900,642.57,IT서비스,KOSDAQ
036560,1105.13,,,,101.8,,,,,-120.03,1898,12050,,기계,KOSDAQ
126600,3978.86,,,,173.46,,,,1.0,1364.79,2009,3200,14.37,화학,KOSDAQ
042420,4368.01,,,,552.44,,,,0.5479,-3572.69,1808,22200,5.34,게임엔터테인먼트,KOSDAQ
034810,22600.79,,,,418.41,,,,,7041.81,1876,5940,,종이와목재,KOSDAQ
088800,1784.26,,,,-221.53,,,,,621.37,1805,2390,,통신장비,KOSDAQ
086670,1469.91,1840.0,,,153.14,200.0,,,1.0,809.49,1875,18890,9.86,기계,KOSDAQ
108380,2300.95,2451.0,2563.0,2656.0,270.6,295.0,320.0,336.0,1.0,-1083.48,1796,18770,7.25,조선,KOSDAQ
143240,1212.36,,,,167.75,,,,1.0,-1754.22,1867,17400,2.03,상업서비스와공급품,KOSDAQ
083930,3928.96,,,,346.18,,,,1.0,-56.51,1864,12700,6.51,전기제품,KOSDAQ
082800,593.43,,,,-191.66,,,,,227.68,1794,2955,,제약,KOSDAQ
084850,6031.11,,,,-69.97,,,,1.0,2696.24,1846,8140,,전자장비와기기,KOSDAQ
260970,1509.37,,,,230.06,,,,,-585.31,1770,61200,,식품,KOSDAQ
220100,186.71,,,,-77.53,,,,,-163.35,1846,7150,,제약,KOSDAQ
357550,175.47,,,,38.98,,,,1.0,-126.49,1778,32600,46.81,화학,KOSDAQ
046120,579.09,,,,-140.12,,,,1.0,419.74,1838,5430,229.75,에너지장비및서비스,KOSDAQ
094820,2519.85,,,,241.21,,,,0.9492,287.08,1843,12220,9.93,건설,KOSDAQ
372170,1001.75,,,,-316.42,,,,1.0,-529.84,1763,22100,,전자장비와기기,KOSDAQ
126700,1710.97,2789.0,4022.0,4877.0,-325.54,163.0,440.0,584.0,1.0,-708.12,1762,11790,,핸드셋,KOSDAQ
214180,3758.23,4481.0,5180.5,5906.5,501.81,588.0,764.0,900.5,0.815,-3433.95,1824,14040,5.98,IT서비스,KOSDAQ
192440,4636.98,,,,332.13,,,,1.0,-2095.52,1834,29500,6.32,핸드셋,KOSDAQ
086820,152.0,,,,-43.41,,,,1.0,75.28,1742,6720,638.1,생물공학,KOSDAQ
403850,938.62,,,,193.62,,,,1.0,-1696.7,1744,12150,9.61,방송과엔터테인먼트,KOSDAQ
024060,1078.52,,,,-9.95,,,,,-17.12,1821,12140,,석유와가스,KOSDAQ
318060,205.33,351.0,484.0,694.0,-110.54,-34.0,70.0,224.0,1.0,101.95,1820,16260,,건강관리장비와용품,KOSDAQ
039860,381.3,,,,11.02,,,,1.0,-470.57,1731,4545,109.56,생명과학도구및서비스,KOSDAQ
016790,1130.27,,,,49.91,,,,1.0,-108.07,1873,994,42.72,식품,KOSDAQ
0010S0,648.48,,,,63.37,,,,1.0,-351.37,1798,17940,19.16,가정용품,KOSDAQ
122990,3212.39,,,,-362.79,,,,1.0,-327.24,1729,6740,,핸드셋,KOSDAQ
432720,53.5,,,,-244.72,,,,,-334.01,1727,12170,,반도체와반도체장비,KOSDAQ
036170,317.07,,,,23.67,,,,1.0,-7.71,1853,3020,16.98,디스플레이장비및부품,KOSDAQ
143160,3275.96,,,,212.42,,,,0.7318,-911.64,1724,16090,10.11,전자장비와기기,KOSDAQ
068790,1554.71,,,,42.36,,,,0.9245,315.45,1790,8070,1.36,디스플레이장비및부품,KOSDAQ
264450,1164.38,1277.0,1452.0,1613.0,231.04,278.0,293.0,350.0,1.0,-698.33,1723,11750,7.16,통신장비,KOSDAQ
054210,7531.6,,,,431.66,,,,1.0,2009.3,1720,6800,6.45,핸드셋,KOSDAQ
102940,2089.82,,,,175.72,,,,1.0,1256.38,1918,14650,7.68,제약,KOSDAQ
488280,100.89,,,,-56.4,,,,,-119.59,1768,16330,,IT서비스,KOSDAQ
051160,5871.3,,,,251.29,,,,0.6576,-1519.53,1711,12690,13.54,판매업체,KOSDAQ
049630,1645.46,,,,107.43,,,,1.0,246.38,1708,7310,20.2,핸드셋,KOSDAQ
199820,1960.35,,,,117.62,,,,0.9887,-53.56,1760,7920,26.58,전기장비,KOSDAQ
388790,176.88,,,,5.82,,,,,-49.06,1754,5730,,통신장비,KOSDAQ
474650,131.25,,,,-73.78,,,,,73.82,1703,29600,,기계,KOSDAQ
138610,327.19,,,,50.26,,,,,-123.22,1823,16040,,건강관리장비와용품,KOSDAQ
445180,1425.47,1691.0,1859.0,2035.0,172.18,227.0,245.0,280.0,,-285.13,1741,10130,,반도체와반도체장비,KOSDAQ
123330,781.98,1648.5,1953.0,,149.74,286.0,340.0,,1.0,19.47,1741,21850,9.22,화장품,KOSDAQ
418550,551.74,,,,-42.32,,,,,-34.84,1687,5270,,건설,KOSDAQ
251370,1446.04,,,,129.25,,,,,442.69,1686,9360,,화학,KOSDAQ
417030,66.58,,,,-166.08,,,,,-6.35,1730,29950,,우주항공과국방,KOSDAQ
114190,2122.52,,,,-60.96,,,,0.8354,111.52,2343,8970,,전자장비와기기,KOSDAQ
038390,3655.53,,,,467.75,,,,1.0,3653.37,1672,10000,7.06,도로와철도운송,KOSDAQ
289080,209.89,214.31,,,-83.63,-27.17,,,1.0,,1672,2780,,창업투자,KOSDAQ
149950,809.44,828.0,1259.0,1873.0,61.48,82.0,224.0,478.0,,-491.16,1725,12620,,디스플레이장비및부품,KOSDAQ
187870,840.83,1044.0,1345.0,1680.0,173.34,340.0,391.0,495.0,1.0,-619.0,1794,12940,10.6,디스플레이장비및부품,KOSDAQ
123410,7858.69,,,,454.14,,,,0.9904,347.1,1665,5980,3.79,자동차부품,KOSDAQ
255220,1022.46,,,,7.52,,,,,513.11,1664,1105,,건축자재,KOSDAQ
104480,3457.56,,,,24.03,,,,,802.66,1651,1816,,화학,KOSDAQ
039830,3280.8,,,,444.8,,,,1.0,2976.4,1717,15950,7.89,레저용장비와제품,KOSDAQ
402030,339.8,,,,-98.65,,,,,-167.68,1640,13100,,소프트웨어,KOSDAQ
274090,763.94,,,,-92.31,,,,,180.77,1835,13320,,우주항공과국방,KOSDAQ
267320,823.69,,,,-89.24,,,,1.0,100.11,1625,2830,,전기제품,KOSDAQ
084990,25.98,,,,-98.98,,,,,-533.0,1705,3700,,생물공학,KOSDAQ
085910,686.77,974.9,1568.5,2330.0,77.8,180.73,330.5,540.0,0.8018,30.53,2367,17160,55.75,자동차부품,KOSDAQ
950140,2167.9,2035.0,2340.0,,373.68,274.0,326.0,,1.0,-316.98,1623,8170,6.54,화장품,KOSDAQ
226590,964.91,,,,115.42,,,,1.0,53.28,1614,15060,15.04,반도체와반도체장비,KOSDAQ
489460,284.91,380.0,,,42.27,100.0,,,1.0,-150.68,1700,11520,40.94,화장품,KOSDAQ
066410,172.73,,,,-61.83,,,,,18.04,1596,1153,,IT서비스,KOSDAQ
270660,343.57,,,,-31.97,,,,1.0,-57.68,1731,13640,,가정용기기와용품,KOSDAQ
054450,1928.02,2479.0,2718.5,3040.5,-61.89,171.5,223.5,268.5,0.9946,1215.68,1595,10530,,반도체와반도체장비,KOSDAQ
051370,4679.64,4395.0,4519.0,4730.0,286.46,70.0,222.0,260.0,1.0,-655.77,1677,7190,5.1,전자장비와기기,KOSDAQ
123860,1081.65,,,,201.52,,,,,-567.66,1583,13060,,디스플레이장비및부품,KOSDAQ
0082N0,55.61,,,,-42.73,,,,,-449.95,1725,12970,,제약,KOSDAQ
093190,1334.68,,,,159.13,,,,0.9995,-434.4,1578,8200,8.62,컴퓨터와주변기기,KOSDAQ
032620,1976.96,,,,75.22,,,,0.9777,55.28,1670,3200,4.52,건강관리기술,KOSDAQ
101360,1419.58,,,,-6.1,,,,1.0,2124.25,1571,8830,,화학,KOSDAQ
355150,152.2,229.5,576.5,,1.84,53.0,175.0,,,215.76,1844,23650,,반도체와반도체장비,KOSDAQ
102120,2441.24,,,,101.48,,,,1.0,401.33,1565,8800,15.48,반도체와반도체장비,KOSDAQ
092130,500.19,533.0,559.0,584.0,155.81,160.0,169.0,178.0,1.0,-398.75,1719,14270,13.35,상업서비스와공급품,KOSDAQ
080160,2104.07,1844.0,2100.0,2243.0,74.38,-19.0,151.0,178.0,0.9753,-799.98,1559,8250,10.75,"호텔,레스토랑,레저",KOSDAQ
396300,858.27,,,,-18.5,,,,,486.56,1634,6170,,전자장비와기기,KOSDAQ
118990,7022.74,,,,417.89,,,,0.5905,2052.83,1558,6350,21.05,자동차부품,KOSDAQ
194480,2955.78,2556.0,3017.0,3334.5,63.5,-297.0,136.0,211.5,0.9939,-420.23,1707,14030,16.27,게임엔터테인먼트,KOSDAQ
011040,1962.73,,,,76.66,,,,1.0,-19.89,1545,5020,18.11,제약,KOSDAQ
475040,181.09,,,,-585.95,,,,,-625.4,1620,3010,,소프트웨어,KOSDAQ
179290,671.52,,,,206.74,,,,1.0,-589.52,1531,4730,7.53,건강관리장비와용품,KOSDAQ
205500,367.22,,,,13.93,,,,,-151.91,1531,1832,,게임엔터테인먼트,KOSDAQ
024800,670.43,,,,12.25,,,,0.9523,439.78,1531,4345,2.79,도로와철도운송,KOSDAQ
322310,521.37,636.0,,,-83.71,15.0,,,1.0,408.78,1530,16340,,반도체와반도체장비,KOSDAQ
212560,2321.16,2538.0,2868.0,3183.0,136.66,159.0,193.0,220.0,,-305.58,1524,11300,,자동차부품,KOSDAQ
041020,3242.17,,,,91.19,,,,0.3606,-1536.6,1587,3195,32.65,자동차부품,KOSDAQ
065660,75.36,,,,-24.33,,,,,-426.85,1514,15130,,제약,KOSDAQ
054800,9080.94,,,,897.37,,,,0.501,-1775.26,1514,14630,3.88,컴퓨터와주변기기,KOSDAQ
200130,5748.85,,,,266.46,,,,1.0,217.31,2314,8040,,건강관리업체및서비스,KOSDAQ
078070,1556.62,,,,306.05,,,,0.6055,-1088.16,1575,9230,7.73,통신장비,KOSDAQ
072870,1272.85,,,,205.43,,,,0.926,-858.27,1574,13200,5.77,교육서비스,KOSDAQ
052260,1305.05,1487.0,1652.0,,127.17,180.0,201.0,,1.0,-194.61,1500,5000,592.89,화장품,KOSDAQ
023910,2086.14,2220.0,2325.0,2430.0,311.86,326.0,345.0,364.0,,-1146.97,1566,26100,,제약,KOSDAQ
119830,485.18,,,,-2.57,,,,1.0,-1426.23,1770,6670,,반도체와반도체장비,KOSDAQ
489500,201.8,,,,45.7,,,,1.0,-248.17,1563,24450,35.91,반도체와반도체장비,KOSDAQ
046440,2337.71,2359.0,2426.0,2494.0,331.25,352.0,396.0,425.0,1.0,-307.79,1475,4070,6.35,IT서비스,KOSDAQ
067280,3308.27,,,,318.92,,,,0.9923,-1475.99,1559,26300,5.95,교육서비스,KOSDAQ
290690,382.68,,,,-67.17,,,,,549.83,1629,3070,,디스플레이장비및부품,KOSDAQ
220260,568.1,,,,10.48,,,,,-46.94,1552,4840,,화학,KOSDAQ
147830,379.24,,,,105.73,,,,,-828.47,1470,7350,,전기장비,KOSDAQ
093640,90.34,,,,-102.13,,,,,-21.88,1532,4665,,반도체와반도체장비,KOSDAQ
092070,791.33,,,,-6.74,,,,,-256.2,1702,14710,,반도체와반도체장비,KOSDAQ
032940,1507.35,,,,89.23,,,,0.987,596.35,1697,9330,14.75,화장품,KOSDAQ
232680,538.42,,,,39.5,,,,1.0,-88.07,1456,10980,39.45,반도체와반도체장비,KOSDAQ
086890,566.72,,,,16.34,,,,,-19.21,1613,3955,,제약,KOSDAQ
264850,695.75,,,,38.86,,,,1.0,-71.5,1799,5940,42.42,전자장비와기기,KOSDAQ
013990,1890.78,,,,139.87,,,,1.0,-213.4,1684,5120,14.58,"섬유,의류,신발,호화품",KOSDAQ
101970,1008.55,,,,7.06,,,,,-90.54,1448,9790,,에너지장비및서비스,KOSDAQ
041520,378.88,,,,-9.01,,,,1.0,-876.69,1587,13020,19.22,반도체와반도체장비,KOSDAQ
387690,146.28,,,,27.5,,,,0.976,92.78,1444,18940,29.08,건강관리장비와용품,KOSDAQ
245620,78.86,,,,-15.97,,,,1.0,34.89,1671,741,5.92,생명과학도구및서비스,KOSDAQ
0007C0,133.12,,,,-22.54,,,,,-285.62,1494,18610,,IT서비스,KOSDAQ
256940,1701.47,,,,15.75,,,,0.6904,729.31,1430,7120,,비철금속,KOSDAQ
148150,2779.17,,,,17.63,,,,1.0,-396.2,1427,4015,2.93,핸드셋,KOSDAQ
105330,810.59,,,,-29.56,,,,1.0,1283.13,1426,8900,,반도체와반도체장비,KOSDAQ
351320,130.13,,,,-94.64,,,,,310.1,1490,4805,,디스플레이장비및부품,KOSDAQ
452190,242.46,,,,19.62,,,,1.0,-95.15,1474,6160,60.51,전기제품,KOSDAQ
417500,535.51,,,,103.97,,,,1.0,238.61,1418,4325,21.04,반도체와반도체장비,KOSDAQ
469610,756.99,,,,86.38,,,,0.9609,-316.4,1415,15820,17.28,디스플레이장비및부품,KOSDAQ
156100,389.2,,,,7.15,,,,1.0,79.67,1410,6310,,건강관리장비와용품,KOSDAQ
950250,75.81,78.28,,,-71.27,-93.34,,,,-322.52,1464,4100,,반도체와반도체장비,KOSDAQ
048870,1130.5,,,,191.64,,,,0.2692,-607.3,1407,1597,46.73,건강관리장비와용품,KOSDAQ
023600,5398.65,,,,299.09,,,,0.848,-646.76,1463,9140,5.43,포장재,KOSDAQ
114840,2240.96,2411.0,2606.0,2790.0,271.28,238.5,261.5,290.0,1.0,-305.94,1398,8380,6.4,화장품,KOSDAQ
059120,246.18,,,,9.63,,,,,-176.83,1454,7940,,반도체와반도체장비,KOSDAQ
158430,676.03,,,,103.58,,,,0.71,74.77,1393,5690,89.87,소프트웨어,KOSDAQ
115310,287.17,,,,64.57,,,,1.0,-648.84,1453,9800,20.64,IT서비스,KOSDAQ
126640,3789.37,,,,117.82,,,,,-317.56,1385,3950,,자동차부품,KOSDAQ
300080,359.8,,,,61.54,,,,1.0,-183.46,1503,9090,23.31,양방향미디어와서비스,KOSDAQ
089600,1178.93,1326.33,1492.67,1667.67,123.18,249.33,290.0,338.67,,-1241.98,1382,12120,,광고,KOSDAQ
451760,868.98,,,,-161.7,,,,,-814.91,1441,8730,,우주항공과국방,KOSDAQ
402490,1021.55,,,,60.33,,,,0.9721,445.94,1367,8070,13.34,반도체와반도체장비,KOSDAQ
494120,73.03,,,,-75.26,,,,,-144.65,1500,9830,,생명과학도구및서비스,KOSDAQ
297090,1261.48,1474.0,1616.5,,110.86,133.5,169.0,,1.0,-6.78,1366,5010,12.16,기계,KOSDAQ
0039P0,502.34,706.0,1013.0,,85.45,125.0,221.0,0.0,0.9909,-206.8,1493,7940,19.13,광고,KOSDAQ
060150,1871.55,,,,182.29,,,,1.0,427.16,1362,2990,,상업서비스와공급품,KOSDAQ
228850,1147.23,1407.5,1579.5,1787.0,-39.5,120.0,147.0,176.5,0.9932,-1417.37,1422,8570,,건강관리장비와용품,KOSDAQ
417010,403.24,,,,-5.01,,,,1.0,631.09,1360,6740,136.27,전자장비와기기,KOSDAQ
100120,2393.35,2515.5,2623.5,2721.0,214.2,382.5,425.5,453.5,1.0,109.99,2575,28700,11.72,건강관리장비와용품,KOSDAQ
038290,1952.68,2083.0,2450.0,2829.0,1.81,84.0,188.0,274.0,1.0,354.7,1357,12520,66.85,생명과학도구및서비스,KOSDAQ
069510,4681.92,,,,458.16,,,,1.0,-1464.61,1471,13480,3.53,전자장비와기기,KOSDAQ
053260,1772.24,,,,15.03,,,,1.0,-775.6,1357,7250,,철강,KOSDAQ
134580,486.05,,,,36.7,,,,,-80.71,1405,2850,,양방향미디어와서비스,KOSDAQ
141000,651.19,716.3,,,91.8,55.4,,,1.0,-784.79,1353,11170,12.58,디스플레이장비및부품,KOSDAQ
049960,531.26,,,,79.14,,,,1.0,-962.25,1458,15510,14.4,생물공학,KOSDAQ
361390,596.31,,,,-20.86,,,,,-300.53,1349,13860,,우주항공과국방,KOSDAQ
072950,1208.59,,,,89.9,,,,0.978,-129.5,1389,17250,18.38,전자장비와기기,KOSDAQ
115440,755.05,811.0,1353.0,1457.0,19.49,31.0,187.0,264.0,1.0,-95.45,1338,12400,36.46,통신장비,KOSDAQ
146320,875.84,1142.0,1392.0,1737.0,39.27,93.0,162.0,219.0,1.0,832.62,1450,11330,126.2,반도체와반도체장비,KOSDAQ
474170,105.69,,,,-5.94,,,,,-305.55,1336,7500,,우주항공과국방,KOSDAQ
140670,670.38,,,,-35.61,,,,,-161.48,1376,10720,,기계,KOSDAQ
408920,728.22,927.0,967.0,1152.0,189.97,239.0,252.0,303.0,1.0,-644.76,1332,3080,8.59,양방향미디어와서비스,KOSDAQ
211270,478.12,,,,-43.01,,,,,-696.04,1440,9550,,통신장비,KOSDAQ
322510,33.39,,,,-132.02,,,,,-104.3,1327,5160,,건강관리기술,KOSDAQ
052860,368.79,,,,40.5,,,,1.0,2.28,1363,7630,29.85,반도체와반도체장비,KOSDAQ
067290,810.44,,,,74.55,,,,1.0,33.37,1662,2965,10.62,제약,KOSDAQ
0088M0,73.78,211.0,441.0,,-28.32,45.0,176.0,,,-331.18,1422,14390,,건강관리장비와용품,KOSDAQ
003100,1904.22,,,,413.9,,,,1.0,1914.75,1360,20600,3.44,운송인프라,KOSDAQ
338840,29.13,,,,-92.69,,,,,-220.2,1320,8570,,생물공학,KOSDAQ
282880,1547.01,2429.0,2646.0,3044.0,-254.47,-57.5,150.0,170.0,0.6743,694.96,1318,11270,77.48,기계,KOSDAQ
054920,7712.17,,,,60.87,,,,0.8369,677.8,1414,5010,18.03,비철금속,KOSDAQ
009780,1976.63,,,,296.54,,,,1.0,214.11,1316,7480,5.72,식품,KOSDAQ
037070,1679.1,,,,33.01,,,,,16.91,1354,6770,,가정용기기와용품,KOSDAQ
047770,397.23,,,,24.17,,,,0.9886,-312.35,1402,3705,31.79,"섬유,의류,신발,호화품",KOSDAQ
222040,2874.79,3903.0,4565.0,,40.03,340.0,420.5,,1.0,1086.38,1312,6360,,건강관리업체및서비스,KOSDAQ
321370,190.16,,,,-115.58,,,,,142.21,1311,1856,,통신장비,KOSDAQ
049720,1780.3,,,,167.41,,,,1.0,58.56,1308,9150,9.86,상업서비스와공급품,KOSDAQ
035610,1206.51,,,,246.21,,,,0.6045,-2148.7,1339,4895,6.42,건강관리기술,KOSDAQ
142210,7689.74,,,,322.69,,,,1.0,2692.95,1386,6680,10.9,반도체와반도체장비,KOSDAQ
035080,30615.93,,,,-295.81,,,,,1024.67,1298,11620,,인터넷과카탈로그소매,KOSDAQ
001540,3068.74,,,,98.23,,,,1.0,131.61,1293,9910,17.28,제약,KOSDAQ
321550,122.89,,,,-161.39,,,,,95.09,1376,4580,,제약,KOSDAQ
037350,7434.06,,,,576.98,,,,1.0,-668.6,1288,8470,4.57,건설,KOSDAQ
095700,45.74,,,,-361.72,,,,,890.62,1282,2815,,생물공학,KOSDAQ
240550,1135.37,1332.0,1476.0,1622.0,170.05,238.0,277.0,322.0,1.0,66.37,1333,6370,11.39,건강관리장비와용품,KOSDAQ
418420,87.46,,,,-58.1,,,,,114.7,1323,4300,,반도체와반도체장비,KOSDAQ
005990,21962.11,,,,639.73,,,,0.4628,-916.14,1363,10250,4.19,식품,KOSDAQ
950190,1125.24,,,,153.29,,,,1.0,-850.92,1268,9740,14.9,게임엔터테인먼트,KOSDAQ
036690,851.26,,,,-141.75,,,,,233.68,1257,2885,,통신장비,KOSDAQ
264660,1961.94,,,,247.42,,,,1.0,-453.96,1473,15150,7.54,반도체와반도체장비,KOSDAQ
042600,1649.48,,,,-26.33,,,,,635.71,1358,10930,,가정용기기와용품,KOSDAQ
299030,938.33,1657.0,2999.0,4284.0,-0.4,65.0,346.0,574.0,1.0,521.77,1250,15630,,전자장비와기기,KOSDAQ
080420,3580.77,,,,278.68,,,,0.9691,4974.63,1249,1567,,전문소매,KOSDAQ
039840,1640.78,1814.67,2158.5,2565.0,101.05,211.0,264.0,320.0,1.0,374.67,1354,10090,,건강관리장비와용품,KOSDAQ
259630,1842.11,,,,245.65,,,,1.0,-263.69,1239,10140,6.0,전기제품,KOSDAQ
108230,1710.02,,,,-31.45,,,,1.0,-1745.4,1238,3255,,기계,KOSDAQ
204610,695.12,,,,170.14,,,,0.8236,-634.56,1613,2895,9.52,게임엔터테인먼트,KOSDAQ
413630,192.76,,,,21.39,,,,1.0,-124.9,1519,4170,75.87,기계,KOSDAQ
094840,212.23,,,,38.59,,,,1.0,-719.61,1304,13300,9.74,전자장비와기기,KOSDAQ
008830,2209.39,,,,1.62,,,,,1256.91,1231,6420,,기계,KOSDAQ
056090,472.35,,,,38.14,,,,1.0,97.59,1229,1190,18.88,건강관리장비와용품,KOSDAQ
039560,5417.78,,,,384.79,,,,,702.8,1289,3005,,통신장비,KOSDAQ
007330,1017.2,,,,169.48,,,,,,1501,9950,,기타금융,KOSDAQ
297890,628.49,,,,43.96,,,,1.0,-272.05,1219,1666,4.6,디스플레이장비및부품,KOSDAQ
293580,291.56,,,,73.01,,,,1.0,,1214,1279,20.99,창업투자,KOSDAQ
0015N0,511.87,,,,51.4,,,,,-182.55,1270,10100,,화장품,KOSDAQ
265740,716.22,997.5,1335.0,,125.18,180.5,244.0,,,-29.83,1325,7420,,화장품,KOSDAQ
047310,6865.35,,,,-63.67,,,,1.0,382.87,1197,3270,,핸드셋,KOSDAQ
308080,0.23,,,,-171.08,,,,,-221.44,1199,5850,,제약,KOSDAQ
138360,233.71,,,,5.81,,,,,106.26,1252,1423,,기계,KOSDAQ
136540,985.98,,,,211.59,,,,0.9997,-961.66,1320,10750,7.17,소프트웨어,KOSDAQ
389020,106.44,,,,-70.65,,,,,-175.46,1186,17180,,통신장비,KOSDAQ
041440,2895.87,,,,54.07,,,,1.0,736.52,1181,6620,25.44,기계,KOSDAQ
474610,381.74,,,,40.56,,,,,-100.79,1240,8600,,우주항공과국방,KOSDAQ
042510,637.51,625.0,718.0,814.0,27.82,32.0,68.0,90.0,0.9992,-18.92,1313,11820,38.82,소프트웨어,KOSDAQ
338220,348.48,,,,-49.33,,,,,-241.86,1175,8390,,건강관리기술,KOSDAQ
209640,460.73,,,,-34.73,,,,1.0,244.47,1170,4115,,전자장비와기기,KOSDAQ
166480,201.59,,,,-212.23,,,,,332.14,1232,2330,,생물공학,KOSDAQ
115500,248.63,,,,20.63,,,,,-54.49,1307,10890,,IT서비스,KOSDAQ
396470,152.21,,,,24.83,,,,1.0,-572.58,1165,7230,32.64,반도체와반도체장비,KOSDAQ
458650,855.5,,,,10.41,,,,0.97,-1393.45,1162,7720,24.42,전기제품,KOSDAQ
083500,736.58,650.0,1155.0,1390.0,103.5,161.0,288.0,370.0,0.859,-123.19,1219,14680,14.02,디스플레이장비및부품,KOSDAQ
079960,5964.75,,,,536.18,,,,1.0,-1734.02,1289,17070,2.61,전기제품,KOSDAQ
054050,1587.89,,,,136.41,,,,1.0,-104.8,1154,7200,9.39,생물공학,KOSDAQ
067990,25490.97,,,,407.86,,,,1.0,9382.17,1151,3945,33.7,자동차,KOSDAQ
333430,506.74,,,,108.63,,,,0.5446,-246.78,1203,3915,16.14,조선,KOSDAQ
307750,1310.39,,,,-25.76,,,,1.0,74.82,1279,2370,,제약,KOSDAQ
217820,3906.91,,,,13.98,,,,1.0,963.55,1141,2405,118.36,전기제품,KOSDAQ
290740,2449.39,,,,65.79,,,,1.0,-371.48,1136,11290,15.4,핸드셋,KOSDAQ
105740,1287.51,,,,110.7,,,,1.0,401.08,1188,11680,17.6,기계,KOSDAQ
053080,4635.37,5220.0,,,-620.12,530.0,,,1.0,1094.59,1253,9640,,기계,KOSDAQ
051980,198.09,,,,-45.63,,,,,-8.13,1135,10220,,통신장비,KOSDAQ
153890,221.56,,,,-8.36,,,,1.0,-193.95,1129,9370,,기계,KOSDAQ
290720,868.06,,,,-81.53,,,,0.997,309.76,1181,3095,58.32,식품,KOSDAQ
027710,14558.51,,,,349.69,,,,0.9817,3748.51,1246,1118,4.14,식품,KOSDAQ
334970,125.33,266.65,,,-336.82,-493.02,,,,943.64,1127,1450,,제약,KOSDAQ
0011A0,565.73,,,,43.07,,,,1.0,98.63,1119,11990,22.33,전자장비와기기,KOSDAQ
285490,555.9,,,,67.0,,,,1.0,-1013.87,1343,12700,7.58,핸드셋,KOSDAQ
289930,407.06,,,,6.27,,,,,-530.18,1119,8510,,우주항공과국방,KOSDAQ
255440,347.64,,,,-64.65,,,,,65.47,1118,8560,,디스플레이장비및부품,KOSDAQ
201490,1209.24,1104.0,,,126.12,160.0,,,0.2063,-878.71,1118,3415,144.82,게임엔터테인먼트,KOSDAQ
311320,546.24,697.0,,,44.29,116.0,,,1.0,-133.74,1113,8820,20.39,반도체와반도체장비,KOSDAQ
073010,955.33,,,,115.4,,,,1.0,291.54,1334,3320,20.34,조선,KOSDAQ
021320,18334.03,,,,883.37,,,,,1805.25,1220,5700,,건설,KOSDAQ
242040,1022.73,,,,22.51,,,,,-94.35,1142,3300,,IT서비스,KOSDAQ
090850,1426.49,,,,241.97,,,,1.0,-804.57,1106,4920,4.61,상업서비스와공급품,KOSDAQ
017510,323.33,,,,148.16,,,,,-140.83,1209,7930,,전기장비,KOSDAQ
172670,483.58,636.0,737.0,,-73.95,60.0,143.0,,1.0,802.98,1327,14810,,반도체와반도체장비,KOSDAQ
122450,3461.22,3892.0,4197.0,4450.0,383.92,547.0,598.0,651.0,0.7226,577.8,1136,2535,5.7,복합기업,KOSDAQ
097800,755.48,,,,-142.89,,,,,495.09,1098,4025,,반도체와반도체장비,KOSDAQ
101170,571.13,,,,11.89,,,,1.0,-66.86,1188,8800,49.62,기계,KOSDAQ
071280,1248.7,1958.0,,,144.23,233.0,,,1.0,-525.09,1320,8630,10.77,반도체와반도체장비,KOSDAQ
079650,451.03,,,,-33.31,,,,1.0,-524.86,1128,5640,,건축자재,KOSDAQ
217190,567.57,,,,10.29,,,,0.9873,173.14,1088,8270,116.36,반도체와반도체장비,KOSDAQ
331920,57.68,,,,-33.24,,,,1.0,-219.01,1181,10560,,생물공학,KOSDAQ
457550,448.07,,,,50.58,,,,,-288.53,1317,14130,,에너지장비및서비스,KOSDAQ
473980,757.26,941.0,1158.0,1430.0,123.4,193.0,245.0,313.0,1.0,-54.36,1123,10320,7.56,방송과엔터테인먼트,KOSDAQ
129920,952.16,,,,-22.95,,,,,703.89,1167,7180,,기계,KOSDAQ
336680,5501.11,,,,89.01,,,,1.0,1393.57,1167,2980,17.62,자동차부품,KOSDAQ
036630,2841.95,,,,-107.53,,,,1.0,688.82,1078,7700,13.31,다각화된통신서비스,KOSDAQ
051360,6403.29,,,,571.91,,,,0.9643,549.41,1116,11920,2.59,디스플레이장비및부품,KOSDAQ
041590,180.05,,,,-19.62,,,,1.0,-245.29,1161,2370,387.0,건설,KOSDAQ
049520,4122.64,,,,263.54,,,,0.9983,-908.09,1158,3755,5.16,핸드셋,KOSDAQ
131030,871.61,,,,88.75,,,,,-408.55,1110,6290,,제약,KOSDAQ
018120,997.84,,,,140.14,,,,0.969,-372.16,1108,16740,9.12,음료,KOSDAQ
036010,1338.53,,,,83.14,,,,1.0,-421.6,1107,8330,11.63,전기제품,KOSDAQ
443670,544.83,,,,36.17,,,,1.0,-363.47,1145,4770,30.02,IT서비스,KOSDAQ
453450,1256.09,,,,8.16,,,,1.0,-202.99,1062,13370,49.6,전기유틸리티,KOSDAQ
246710,269.67,403.0,,,-90.51,-11.0,,,,244.01,1099,2305,,생물공학,KOSDAQ
475230,594.82,1187.5,,,44.99,138.0,,,1.0,756.53,1099,10080,,건설,KOSDAQ
037030,4470.37,,,,246.08,,,,0.7121,1343.76,1059,4150,6.97,전기제품,KOSDAQ
306620,758.11,,,,16.32,,,,,275.6,1052,2195,,반도체와반도체장비,KOSDAQ
038540,4185.61,,,,-482.13,,,,,-438.02,1089,1968,,기타금융,KOSDAQ
217270,1225.31,,,,24.92,,,,0.4093,-201.29,1089,2385,,게임엔터테인먼트,KOSDAQ
419050,1442.29,,,,54.33,,,,1.0,1489.26,1041,1820,,자동차부품,KOSDAQ
040300,1341.93,,,,-136.02,,,,,-1412.8,1087,2280,,방송과엔터테인먼트,KOSDAQ
125210,1306.01,,,,93.83,,,,1.0,435.46,1085,6580,18.4,화학,KOSDAQ
412350,46.84,,,,-135.47,,,,,51.26,1085,7430,,반도체와반도체장비,KOSDAQ
053700,16845.82,,,,617.3,,,,1.0,3565.92,1081,4045,5.33,자동차부품,KOSDAQ
095190,925.06,,,,-47.77,,,,,424.25,1232,1888,,기계,KOSDAQ
106190,701.83,,,,128.56,,,,,-29.79,1080,10160,,제약,KOSDAQ
339950,1194.88,,,,190.67,,,,1.0,-208.94,1076,2395,5.19,교육서비스,KOSDAQ
136150,296.17,,,,-17.5,,,,,-8.62,1076,12840,,에너지장비및서비스,KOSDAQ
006620,2426.88,,,,92.48,,,,1.0,722.56,1018,3575,2.02,제약,KOSDAQ
130580,913.63,963.0,1006.0,1050.0,154.32,168.0,177.0,186.0,1.0,-364.63,1070,6950,8.28,상업서비스와공급품,KOSDAQ
049950,408.98,,,,-246.96,,,,1.0,-281.55,1018,11540,,디스플레이장비및부품,KOSDAQ
120240,1080.81,,,,111.82,,,,,-764.08,1067,14840,,화학,KOSDAQ
109670,1697.22,,,,1.51,,,,1.0,-62.76,1013,17350,,"섬유,의류,신발,호화품",KOSDAQ
039340,759.1,,,,-23.75,,,,1.0,-251.67,1062,4825,38.05,방송과엔터테인먼트,KOSDAQ
045970,3751.29,,,,-22.38,,,,,154.41,1010,3840,,핸드셋,KOSDAQ
310200,1503.0,,,,226.84,,,,0.8595,150.11,1140,2185,9.44,방송과엔터테인먼트,KOSDAQ
173130,2332.94,,,,140.45,,,,1.0,-344.22,1007,7720,7.95,IT서비스,KOSDAQ
086980,627.48,,,,-116.51,,,,1.0,-1287.34,1090,1746,,방송과엔터테인먼트,KOSDAQ
307930,216.02,,,,97.7,,,,,,1007,6450,,창업투자,KOSDAQ
235980,38.98,,,,-140.19,,,,,-340.08,1040,3035,,제약,KOSDAQ
323990,70.56,,,,-154.98,,,,,-132.86,1004,4315,,제약,KOSDAQ
109740,431.79,,,,-227.22,,,,0.9111,-60.64,1037,4035,,전자장비와기기,KOSDAQ
439580,1859.05,,,,-19.71,,,,,295.73,1004,2965,,건강관리업체및서비스,KOSDAQ
189330,102.72,,,,-32.25,,,,,-187.99,1032,11000,,IT서비스,KOSDAQ
063170,213.34,,,,-39.53,,,,,803.77,997,5610,,판매업체,KOSDAQ
175250,833.85,,,,-119.57,,,,1.0,202.91,1028,1665,,화장품,KOSDAQ
366030,450.44,,,,68.05,,,,1.0,-294.77,997,4400,13.38,"섬유,의류,신발,호화품",KOSDAQ
088130,5824.37,,,,1132.31,,,,0.5105,-1160.61,1019,5830,2.07,디스플레이장비및부품,KOSDAQ
099750,726.41,788.94,960.0,,22.11,50.19,95.0,,1.0,-37.03,994,7280,43.35,건강관리기술,KOSDAQ
067900,1169.96,,,,260.73,,,,1.0,339.48,1076,5910,3.54,해운사,KOSDAQ
100700,636.57,,,,127.01,,,,0.977,-985.14,1014,2315,8.51,건강관리장비와용품,KOSDAQ
246720,25.95,,,,-25.9,,,,,-87.65,994,6070,,건강관리장비와용품,KOSDAQ
261780,1.59,,,,-142.71,,,,,-94.52,989,3415,,제약,KOSDAQ
298540,4775.22,,,,69.68,,,,1.0,1164.89,982,6780,14.41,"섬유,의류,신발,호화품",KOSDAQ
411080,116.12,,,,-17.7,,,,,-300.99,1053,6900,,소프트웨어,KOSDAQ
066790,182.71,,,,-50.2,,,,1.0,-131.24,974,2205,,방송과엔터테인먼트,KOSDAQ
002230,971.6,,,,52.81,,,,1.0,-568.42,973,5280,10.65,전기제품,KOSDAQ
109610,5015.53,,,,-66.27,,,,0.5433,1499.62,921,1883,,건축자재,KOSDAQ
063570,3839.54,4556.0,5037.0,5558.0,307.14,371.0,430.0,480.0,0.9939,2340.34,1130,3310,15.93,상업서비스와공급품,KOSDAQ
068240,1120.89,,,,-1206.78,,,,0.9473,3527.83,966,2530,,기계,KOSDAQ
348350,578.07,,,,51.29,,,,1.0,-790.07,964,9860,14.96,반도체와반도체장비,KOSDAQ
309960,264.15,,,,96.65,,,,1.0,,1003,4320,8.07,창업투자,KOSDAQ
091440,134.35,,,,-245.99,,,,,769.63,1033,2795,,통신장비,KOSDAQ
091120,2050.9,,,,-199.06,,,,,926.14,953,5560,,핸드셋,KOSDAQ
052460,2065.0,3282.0,4876.0,5723.0,80.15,94.0,191.0,236.0,1.0,-28.77,951,6510,9.37,IT서비스,KOSDAQ
475580,630.16,,,,-104.74,,,,1.0,129.12,1022,7500,,교육서비스,KOSDAQ
182360,872.28,,,,-72.62,,,,0.9626,-243.25,996,6410,,방송과엔터테인먼트,KOSDAQ
282720,2647.79,,,,4.27,,,,1.0,28.27,944,7790,5244.44,에너지장비및서비스,KOSDAQ
052900,1262.76,1604.0,,,53.57,301.0,,,1.0,-163.85,943,1230,20.69,반도체와반도체장비,KOSDAQ
021080,705.62,,,,319.78,,,,,,1015,2115,,창업투자,KOSDAQ
352090,696.79,,,,119.39,,,,1.0,-300.89,989,3680,9.69,가정용기기와용품,KOSDAQ
357880,156.42,,,,-43.91,,,,,84.59,940,1735,,IT서비스,KOSDAQ
032300,876.01,,,,-8.87,,,,,55.51,940,8620,,제약,KOSDAQ
380550,26.15,,,,-165.49,,,,,-383.54,980,8030,,건강관리기술,KOSDAQ
205100,477.63,,,,36.52,,,,0.7605,-728.89,979,1450,14.82,소프트웨어,KOSDAQ
074430,220.2,,,,35.94,,,,1.0,-363.95,933,1044,26.49,제약,KOSDAQ
005860,4548.52,,,,58.61,,,,1.0,55.91,932,2365,14.62,식품,KOSDAQ
0017J0,229.65,322.0,487.0,,63.93,93.0,141.0,,1.0,-566.12,972,3225,14.16,반도체와반도체장비,KOSDAQ
394420,88.29,,,,-106.4,,,,,-76.96,969,8810,,건강관리장비와용품,KOSDAQ
493330,449.56,716.0,,,67.55,114.0,,,1.0,-311.54,1005,12500,,전자장비와기기,KOSDAQ
085670,1541.36,,,,92.33,,,,1.0,81.13,918,3745,10.43,전자장비와기기,KOSDAQ
023900,1635.2,,,,167.54,,,,0.7632,-133.27,916,7270,8.95,화학,KOSDAQ
357580,1221.4,1240.0,1940.0,,53.22,30.0,210.0,,1.0,387.41,955,8100,192.15,핸드셋,KOSDAQ
330350,1064.44,,,,56.63,,,,,-23.11,953,7220,,제약,KOSDAQ
062970,35.81,,,,-34.15,,,,,-173.85,916,3040,,통신장비,KOSDAQ
052420,1657.07,,,,301.23,,,,1.0,-1266.36,946,9710,2.9,디스플레이장비및부품,KOSDAQ
017650,1688.37,,,,52.81,,,,1.0,-694.04,949,10800,14.83,포장재,KOSDAQ
065450,829.57,,,,43.74,,,,1.0,182.06,914,3100,20.76,우주항공과국방,KOSDAQ
048910,3428.5,4579.0,4926.0,5077.0,99.5,202.0,239.0,258.0,0.8323,287.36,909,7230,16.55,방송과엔터테인먼트,KOSDAQ
198440,718.43,,,,74.02,,,,,543.36,941,1545,,건축자재,KOSDAQ
042500,1830.74,,,,143.13,,,,1.0,-278.79,943,4230,8.65,IT서비스,KOSDAQ
044990,818.87,,,,96.64,,,,1.0,-356.64,899,11700,10.11,전자장비와기기,KOSDAQ
053580,743.62,797.0,908.0,1030.0,134.74,131.0,154.0,176.0,,-228.44,939,7250,,소프트웨어,KOSDAQ
054540,1184.62,,,,102.19,,,,0.9826,1328.93,933,7180,7.23,조선,KOSDAQ
215100,133.62,,,,-19.59,,,,0.9768,-55.17,857,4210,,교육서비스,KOSDAQ
246960,220.11,347.0,,,-33.98,0.0,,,,286.78,893,2625,,건강관리업체및서비스,KOSDAQ
036220,1286.29,,,,24.26,,,,1.0,9.5,926,6470,29.78,생명과학도구및서비스,KOSDAQ
047560,1067.93,,,,-189.54,,,,,-349.59,923,7850,,소프트웨어,KOSDAQ
303810,1303.44,,,,130.45,,,,,294.71,889,2780,,건강관리장비와용품,KOSDAQ
457370,338.96,,,,48.52,,,,,-208.74,887,10990,,디스플레이장비및부품,KOSDAQ
123040,17405.52,,,,312.83,,,,0.2442,4116.44,1037,1656,,자동차부품,KOSDAQ
307870,146.25,,,,-67.46,,,,,39.5,917,1234,,IT서비스,KOSDAQ
140070,2084.11,,,,-116.96,,,,0.9452,1890.04,878,2375,,반도체와반도체장비,KOSDAQ
357230,2581.89,,,,135.46,,,,0.9347,-209.86,877,2125,10.41,건강관리업체및서비스,KOSDAQ
250060,50.98,,,,-29.35,,,,,-342.15,1023,3180,,소프트웨어,KOSDAQ
033560,58.07,,,,6.48,,,,1.0,142.64,915,5350,5.59,부동산,KOSDAQ
096240,2209.17,2260.0,,,22.44,100.0,,,1.0,260.62,873,8530,13.21,교육서비스,KOSDAQ
101330,13713.27,,,,417.98,,,,0.5487,1606.69,868,3750,7.45,자동차부품,KOSDAQ
100590,1238.66,,,,-7.34,,,,1.0,18.37,1071,6250,,통신장비,KOSDAQ
234030,1545.64,,,,25.12,,,,0.9751,-330.72,904,3830,52.38,반도체와반도체장비,KOSDAQ
226400,453.93,575.5,726.5,865.0,88.64,118.0,157.0,176.0,1.0,87.07,865,4185,11.53,건강관리장비와용품,KOSDAQ
162300,3521.72,,,,30.47,,,,1.0,687.63,861,2075,64.45,철강,KOSDAQ
013310,10088.68,,,,643.58,,,,1.0,8719.94,898,2315,3.87,자동차부품,KOSDAQ
093920,1949.04,,,,34.33,,,,1.0,-1293.96,897,4820,13.61,핸드셋,KOSDAQ
033290,7931.68,,,,226.68,,,,1.0,3807.99,858,1528,4.08,항공화물운송과물류,KOSDAQ
014950,600.2,,,,32.73,,,,1.0,-320.58,857,8510,,제약,KOSDAQ
067000,1403.6,,,,56.65,,,,0.711,827.83,850,1216,,게임엔터테인먼트,KOSDAQ
900260,7551.7,,,,111.62,,,,1.0,-418.55,892,1937,4.53,통신장비,KOSDAQ
009300,777.99,,,,109.79,,,,1.0,-908.15,889,13960,6.87,제약,KOSDAQ
086710,807.66,924.0,1067.0,,60.6,70.0,101.0,,0.8147,591.72,849,6960,14.24,화장품,KOSDAQ
234300,1682.39,,,,89.57,,,,0.9784,64.8,883,3245,18.25,IT서비스,KOSDAQ
048530,57.4,,,,-79.04,,,,,-384.22,879,2845,,생명과학도구및서비스,KOSDAQ
025950,333.82,,,,-22.06,,,,,-662.04,848,10090,,건설,KOSDAQ
038110,25620.26,,,,357.45,,,,1.0,8841.09,846,2055,42.49,자동차부품,KOSDAQ
192410,166.94,,,,-18.48,,,,,-134.29,876,3480,,통신장비,KOSDAQ
478560,572.58,,,,92.8,,,,1.0,204.63,877,3395,,"섬유,의류,신발,호화품",KOSDAQ
037760,1269.88,,,,-10.83,,,,0.7528,680.14,842,2490,,철강,KOSDAQ
330730,255.49,,,,134.61,,,,,,843,4625,,창업투자,KOSDAQ
049180,1401.94,,,,-51.29,,,,,46.83,840,1009,,건설,KOSDAQ
362320,2173.85,,,,53.69,,,,0.6083,488.43,866,4185,46.29,인터넷과카탈로그소매,KOSDAQ
183490,677.51,,,,-143.37,,,,,-814.75,838,990,,제약,KOSDAQ
094860,310.47,,,,-46.15,,,,,-237.51,835,1572,,게임엔터테인먼트,KOSDAQ
029480,75.72,,,,-42.28,,,,1.0,-1877.83,835,1398,,IT서비스,KOSDAQ
263720,854.72,642.0,621.0,705.0,173.36,99.0,89.0,119.0,1.0,-544.88,858,7010,10.76,출판,KOSDAQ
058820,1052.29,,,,-36.92,,,,1.0,509.56,832,562,,제약,KOSDAQ
185490,35.67,,,,-98.51,,,,,-358.3,829,1917,,생물공학,KOSDAQ
263600,1769.47,,,,15.78,,,,1.0,544.79,828,5200,11.98,핸드셋,KOSDAQ
073560,2870.5,,,,326.91,,,,1.0,842.77,1048,1514,4.4,식품,KOSDAQ
365330,973.67,,,,-26.75,,,,1.0,122.7,824,1642,,건축자재,KOSDAQ
063080,992.12,885.0,,,-68.24,-51.0,,,0.294,1549.29,821,12450,7.49,게임엔터테인먼트,KOSDAQ
007820,1490.94,,,,-79.51,,,,1.0,212.48,821,3520,,기계,KOSDAQ
072020,490.69,510.0,,,64.79,66.0,,,,-207.47,849,9170,,제약,KOSDAQ
382840,1491.0,,,,69.78,,,,1.0,-454.7,819,5360,,전기제품,KOSDAQ
006140,1785.52,,,,109.6,,,,,33.94,846,5690,,건강관리장비와용품,KOSDAQ
396270,396.54,,,,-129.36,,,,,65.96,816,2480,,반도체와반도체장비,KOSDAQ
078140,1020.64,,,,73.32,,,,0.8423,269.19,845,7620,8.4,제약,KOSDAQ
381620,226.65,,,,-123.13,,,,1.0,-42.2,815,6210,,기계,KOSDAQ
066310,232.83,,,,2.94,,,,1.0,-262.0,813,8770,32.31,반도체와반도체장비,KOSDAQ
078890,5175.5,,,,125.26,,,,1.0,1593.85,868,4710,13.04,전자제품,KOSDAQ
322180,589.41,,,,-42.93,,,,,-383.59,995,4630,,IT서비스,KOSDAQ
412540,1512.65,,,,-72.42,,,,,654.7,811,3935,,전기제품,KOSDAQ
360070,231.31,,,,-352.03,,,,,575.91,837,10220,,전자장비와기기,KOSDAQ
004650,1223.44,,,,158.93,,,,1.0,180.06,858,9340,6.47,음료,KOSDAQ
053350,328.06,,,,-23.93,,,,1.0,-1355.99,1066,4840,37.64,소프트웨어,KOSDAQ
475430,693.16,,,,73.95,,,,,-228.69,805,4510,,전기장비,KOSDAQ
291650,35.05,,,,-78.01,,,,,-58.31,804,2635,,생명과학도구및서비스,KOSDAQ
058400,685.07,,,,31.94,,,,0.993,-1268.19,803,6060,7.15,방송과엔터테인먼트,KOSDAQ
251120,191.79,209.45,240.7,297.0,62.53,75.9,99.6,124.0,,-552.51,857,9850,,생물공학,KOSDAQ
142280,1084.13,,,,28.87,,,,1.0,149.63,802,3345,21.88,건강관리장비와용품,KOSDAQ
049080,403.31,,,,-124.76,,,,,229.93,823,9690,,통신장비,KOSDAQ
137950,3675.42,,,,77.18,,,,1.0,2012.72,797,3580,,에너지장비및서비스,KOSDAQ
059210,1029.51,,,,214.28,,,,1.0,82.46,1004,3695,9.14,건강관리장비와용품,KOSDAQ
054670,2024.01,,,,117.25,,,,,633.33,797,5550,,제약,KOSDAQ
389030,104.83,,,,-116.71,,,,,-232.02,817,2075,,생물공학,KOSDAQ
107600,383.91,,,,-94.19,,,,,170.1,795,14070,,전기제품,KOSDAQ
432470,412.3,,,,-15.64,,,,1.0,-56.53,915,10430,,전기제품,KOSDAQ
0117P0,1178.8,,,,167.26,,,,1.0,-680.07,792,5590,6.94,"섬유,의류,신발,호화품",KOSDAQ
0015S0,166.28,350.0,485.0,,8.79,29.0,53.0,,1.0,-278.87,814,8250,31.76,자동차부품,KOSDAQ
032540,944.35,,,,32.88,,,,0.9995,130.95,790,3780,19.82,전자제품,KOSDAQ
223250,666.31,,,,52.38,,,,0.9491,-198.72,907,3685,12.73,제약,KOSDAQ
004590,1416.17,,,,175.35,,,,1.0,-79.79,789,5260,5.53,식품과기본식료품소매,KOSDAQ
302550,245.05,,,,7.26,,,,0.9717,-10.92,808,2670,153.61,건강관리장비와용품,KOSDAQ
303360,151.2,,,,37.21,,,,,-136.61,783,6080,,건강관리장비와용품,KOSDAQ
317770,214.87,,,,-14.07,,,,,-106.7,1103,2980,,전자장비와기기,KOSDAQ
047820,1721.97,,,,28.33,,,,0.9143,-1326.11,780,3190,27.68,방송과엔터테인먼트,KOSDAQ
066430,364.26,,,,1.7,,,,,63.25,805,2055,,화학,KOSDAQ
012790,805.64,,,,73.86,,,,,-406.94,777,6480,,제약,KOSDAQ
086960,1877.06,,,,58.13,,,,1.0,-374.63,1008,2370,12.25,소프트웨어,KOSDAQ
225530,384.93,,,,-48.72,,,,1.0,468.88,776,2135,,건축자재,KOSDAQ
104040,284.78,,,,-79.25,,,,1.0,1142.26,799,2980,39.63,자동차부품,KOSDAQ
131370,488.45,,,,23.93,,,,0.9883,-154.78,797,1497,44.8,소프트웨어,KOSDAQ
000440,495.92,,,,-17.44,,,,,-49.42,772,12400,,석유와가스,KOSDAQ
040420,1030.51,1018.0,1015.0,995.0,97.66,102.0,104.0,105.0,1.0,44.82,917,5850,13.81,교육서비스,KOSDAQ
418470,881.9,975.0,1062.0,1179.0,143.71,152.0,172.0,204.0,,-754.08,796,9290,,출판,KOSDAQ
079810,739.85,,,,25.5,,,,1.0,-819.2,795,3695,883.33,전기제품,KOSDAQ
187790,856.76,1065.0,1405.0,,55.26,97.0,183.0,,1.0,244.5,1002,3250,14.25,화학,KOSDAQ
0007J0,,,,,-86.04,,,,,-11.12,765,9720,,제약,KOSDAQ
950130,312.55,,,,-633.56,,,,,-2481.91,763,2170,,생명과학도구및서비스,KOSDAQ
253840,94.17,,,,-188.2,,,,,-129.83,764,4565,,건강관리장비와용품,KOSDAQ
123010,383.76,,,,2.08,,,,,9.12,842,4165,,핸드셋,KOSDAQ
011320,4301.83,,,,144.24,,,,1.0,420.41,763,3950,7.07,자동차부품,KOSDAQ
067170,8521.39,,,,-22.63,,,,,2289.1,787,2865,,기계,KOSDAQ
124560,11172.81,,,,22.5,,,,0.9618,1507.04,762,1967,,해운사,KOSDAQ
389140,337.1,,,,-73.96,,,,,-48.81,808,5660,,방송과엔터테인먼트,KOSDAQ
036640,789.1,,,,134.18,,,,1.0,-191.92,806,4930,5.96,화학,KOSDAQ
294630,33.86,,,,-38.58,,,,,8.02,829,3130,,전기장비,KOSDAQ
170030,3679.11,3697.0,3882.0,,123.12,164.0,182.0,,1.0,-369.24,758,4940,6.4,자동차부품,KOSDAQ
012700,3877.1,,,,109.46,,,,1.0,6882.79,758,2915,5.68,석유와가스,KOSDAQ
388870,,,,,-115.07,,,,,-134.37,779,6020,,생물공학,KOSDAQ
302430,385.68,,,,-57.03,,,,1.0,-200.2,772,7880,,전기제품,KOSDAQ
102370,122.87,,,,-40.65,,,,,676.66,755,2915,,판매업체,KOSDAQ
065510,1180.43,,,,55.53,,,,1.0,700.4,772,7100,,건강관리장비와용품,KOSDAQ
030960,558.64,494.93,,,-60.8,-64.1,,,,-905.64,754,4720,,상업서비스와공급품,KOSDAQ
040910,1970.41,,,,44.52,,,,,76.79,766,4215,,디스플레이장비및부품,KOSDAQ
019550,327.08,,,,93.23,,,,,,748,929,,창업투자,KOSDAQ
168330,222.27,,,,-32.95,,,,,84.16,765,2410,,화장품,KOSDAQ
060590,1237.69,,,,62.5,,,,1.0,221.11,747,3090,23.05,제약,KOSDAQ
263800,1038.16,,,,12.17,,,,,-71.83,763,4705,,IT서비스,KOSDAQ
217330,260.55,,,,-81.63,,,,,-81.28,744,3215,,건강관리업체및서비스,KOSDAQ
147760,252.88,625.0,885.0,,-203.96,22.0,78.0,,,22.52,790,3950,,반도체와반도체장비,KOSDAQ
347890,622.55,,,,-58.26,,,,1.0,127.78,741,4355,43.51,전자장비와기기,KOSDAQ
041930,4034.1,,,,171.85,,,,1.0,73.36,763,5020,2.77,자동차부품,KOSDAQ
208140,1608.76,,,,67.52,,,,1.0,414.57,734,2245,12.08,식품,KOSDAQ
011370,6451.14,,,,625.54,,,,1.0,2694.27,763,3780,2.64,건설,KOSDAQ
041910,555.43,,,,31.89,,,,,-60.1,733,5520,,제약,KOSDAQ
038680,4574.07,,,,106.6,,,,0.9073,-147.43,761,3820,16.68,IT서비스,KOSDAQ
040160,1015.71,,,,-60.87,,,,1.0,129.14,759,6390,,IT서비스,KOSDAQ
038460,4827.76,,,,225.69,,,,1.0,527.5,732,2895,8.13,전기장비,KOSDAQ
039980,436.36,,,,-46.9,,,,,-31.92,731,5080,,IT서비스,KOSDAQ
060570,2249.97,,,,5.93,,,,1.0,-501.37,756,5100,29.07,방송과엔터테인먼트,KOSDAQ
058630,917.4,,,,175.55,,,,1.0,-633.77,756,4025,4.72,게임엔터테인먼트,KOSDAQ
080010,1037.83,,,,229.17,,,,0.7078,-696.54,727,7390,4.98,다각화된소비자서비스,KOSDAQ
020710,1683.94,,,,150.8,,,,1.0,-245.24,727,3625,2.38,"호텔,레스토랑,레저",KOSDAQ
413390,754.54,,,,44.09,,,,1.0,160.59,754,6680,21.71,전기제품,KOSDAQ
451250,679.72,826.0,951.0,,44.69,83.0,98.0,,1.0,-223.4,751,7340,15.79,화장품,KOSDAQ
017480,2179.62,,,,50.99,,,,,-1165.59,726,4700,,철강,KOSDAQ
053280,6264.7,,,,29.36,,,,1.0,1704.06,725,2900,,인터넷과카탈로그소매,KOSDAQ
010280,5720.27,6363.0,7066.0,7792.0,208.71,354.0,402.0,467.0,0.9813,-18.78,745,5720,3.24,IT서비스,KOSDAQ
277880,2646.53,,,,82.45,,,,1.0,349.16,745,3755,19.26,전자장비와기기,KOSDAQ
377480,97.86,,,,-63.76,,,,,83.85,721,10140,,IT서비스,KOSDAQ
083790,273.91,,,,-237.57,,,,,477.68,720,937,,생명과학도구및서비스,KOSDAQ
451220,329.44,,,,1.59,,,,1.0,5.42,734,9320,75.44,반도체와반도체장비,KOSDAQ
331380,453.08,,,,-102.03,,,,,0.04,787,2130,,전자장비와기기,KOSDAQ
417970,765.02,,,,80.72,,,,1.0,-330.48,719,11240,10.53,기계,KOSDAQ
234920,82.3,,,,-36.56,,,,,297.85,718,5310,,건강관리장비와용품,KOSDAQ
149980,320.86,,,,41.02,,,,1.0,-211.39,780,4535,24.68,건강관리장비와용품,KOSDAQ
171120,1302.72,,,,113.72,,,,1.0,-393.16,732,2040,8.62,건축자재,KOSDAQ
347000,367.25,,,,25.05,,,,1.0,-168.67,714,1889,14.36,전자장비와기기,KOSDAQ
460940,76.39,,,,10.02,,,,1.0,-267.88,713,5300,25.93,건강관리장비와용품,KOSDAQ
084730,5365.86,,,,158.92,,,,0.575,726.74,774,6970,,전자제품,KOSDAQ
039010,1533.33,,,,70.15,,,,1.0,-193.74,727,8430,6.84,통신장비,KOSDAQ
067570,16238.9,,,,-218.7,,,,0.5757,7524.84,710,1683,,자동차부품,KOSDAQ
487580,799.33,,,,104.25,,,,1.0,-166.74,709,2815,8.48,가정용기기와용품,KOSDAQ
065530,755.39,,,,54.76,,,,1.0,295.69,726,1518,15.96,무선통신서비스,KOSDAQ
091590,726.92,,,,37.5,,,,0.9908,-98.76,708,6030,6.48,건설,KOSDAQ
155650,1727.77,,,,45.74,,,,1.0,-68.51,708,3730,53.56,디스플레이장비및부품,KOSDAQ
095270,805.33,,,,-16.42,,,,1.0,-92.29,681,4735,46.14,우주항공과국방,KOSDAQ
090470,306.61,,,,-236.66,,,,,305.19,722,4130,,전자장비와기기,KOSDAQ
104460,3962.56,,,,285.69,,,,1.0,170.8,703,6680,2.77,기계,KOSDAQ
089790,383.79,,,,-21.97,,,,1.0,-428.72,702,6810,,반도체와반도체장비,KOSDAQ
054620,848.67,,,,-68.49,,,,0.9106,399.15,720,3915,,반도체와반도체장비,KOSDAQ
417790,491.14,,,,132.55,,,,,-720.27,720,6880,,전자장비와기기,KOSDAQ
282620,3465.51,,,,321.9,,,,1.0,914.75,696,11880,1.97,"섬유,의류,신발,호화품",KOSDAQ
214260,309.88,338.0,,,-30.34,,,,,152.27,696,7800,,화장품,KOSDAQ
299660,88.42,,,,-113.43,,,,,168.64,715,2425,,생물공학,KOSDAQ
320000,114.63,,,,-50.48,,,,,478.65,716,10350,,전자장비와기기,KOSDAQ
225190,214.06,,,,-168.51,,,,1.0,-37.93,695,4930,,전자장비와기기,KOSDAQ
117670,822.8,,,,-20.44,,,,,-239.76,694,10420,,반도체와반도체장비,KOSDAQ
054040,4177.73,,,,228.61,,,,1.0,565.02,712,4430,3.47,디스플레이장비및부품,KOSDAQ
109860,917.07,,,,14.32,,,,0.9994,-91.09,710,7800,14.07,기계,KOSDAQ
337930,2740.97,,,,173.49,,,,0.9626,-5.29,688,2370,5.84,"섬유,의류,신발,호화품",KOSDAQ
026150,1490.21,,,,-316.45,,,,0.8652,236.44,688,3920,,건설,KOSDAQ
128660,3489.57,,,,122.27,,,,0.9019,707.81,708,2855,9.28,비철금속,KOSDAQ
347860,147.96,,,,-102.49,,,,,-118.46,684,1623,,소프트웨어,KOSDAQ
0004V0,630.94,,,,-39.28,,,,,236.9,684,6210,,기계,KOSDAQ
371950,323.63,,,,-199.34,,,,,473.14,708,3005,,디스플레이장비및부품,KOSDAQ
045660,1602.13,,,,86.99,,,,1.0,223.83,707,8560,151.07,컴퓨터와주변기기,KOSDAQ
092040,419.81,,,,-171.39,,,,,491.74,705,998,,생물공학,KOSDAQ
332370,490.83,,,,108.76,,,,0.9986,-370.58,722,5440,7.01,컴퓨터와주변기기,KOSDAQ
123420,1252.65,,,,107.44,,,,0.8986,-376.39,680,6540,3.61,게임엔터테인먼트,KOSDAQ
067370,136.73,,,,50.36,,,,,254.36,678,5550,,생물공학,KOSDAQ
096350,598.77,,,,-1.44,,,,0.8343,566.88,701,1901,,조선,KOSDAQ
104540,1004.29,,,,91.16,,,,0.8981,32.79,700,5220,11.18,건강관리장비와용품,KOSDAQ
228670,1113.23,,,,-97.88,,,,1.0,278.08,677,4330,21.57,건강관리장비와용품,KOSDAQ
004780,2665.62,,,,103.02,,,,,-409.66,676,4250,,포장재,KOSDAQ
076610,1603.35,,,,-67.37,,,,,424.73,695,1141,,핸드셋,KOSDAQ
228340,559.26,,,,-47.48,,,,,-119.73,675,3375,,건축자재,KOSDAQ
002800,1137.78,,,,107.9,,,,1.0,370.93,674,4440,7.25,제약,KOSDAQ
212710,322.21,619.0,,,-58.41,90.0,,,1.0,227.47,729,7500,,반도체와반도체장비,KOSDAQ
208370,308.25,,,,-1.62,,,,1.0,-249.83,690,2680,17.74,건강관리장비와용품,KOSDAQ
096250,347.3,,,,1.14,,,,1.0,-456.03,670,5670,38.22,소프트웨어,KOSDAQ
088390,591.13,,,,65.28,,,,1.0,36.31,772,8220,3.33,레저용장비와제품,KOSDAQ
456070,52.59,,,,-179.03,,,,,-182.6,668,6060,,제약,KOSDAQ
019540,8550.63,,,,480.24,,,,1.0,1830.49,686,5080,1.5,자동차부품,KOSDAQ
153710,223.45,,,,-24.14,,,,,14.49,665,4530,,제약,KOSDAQ
066980,1998.51,,,,28.4,,,,0.2,172.95,817,1520,770.75,건설,KOSDAQ
024880,7439.14,,,,353.96,,,,1.0,2009.51,792,3970,4.09,기계,KOSDAQ
950220,0.95,,,,-252.2,,,,,-253.37,681,1991,,제약,KOSDAQ
204840,352.68,,,,2.68,,,,1.0,176.25,658,4240,5483.33,제약,KOSDAQ
487400,177.81,,,,-17.59,,,,,-32.27,679,6620,,통신장비,KOSDAQ
323350,269.37,,,,40.3,,,,,-208.57,811,10120,,반도체와반도체장비,KOSDAQ
241790,1680.41,,,,89.98,,,,0.9869,79.92,654,6540,15.55,반도체와반도체장비,KOSDAQ
073640,141.34,,,,-101.4,,,,,108.38,761,654,,기계,KOSDAQ
214680,1163.04,,,,-138.94,,,,,541.05,653,3910,,건강관리장비와용품,KOSDAQ
081150,2092.35,,,,52.37,,,,,598.75,631,2600,,비철금속,KOSDAQ
294140,74.57,,,,-71.45,,,,,96.71,732,2940,,화학,KOSDAQ
067920,1432.57,,,,160.09,,,,1.0,-486.14,648,5890,,IT서비스,KOSDAQ
315640,74.72,,,,-105.57,,,,,-90.41,648,2205,,IT서비스,KOSDAQ
066590,3686.09,,,,4.51,,,,1.0,850.77,893,2310,,자동차부품,KOSDAQ
049550,775.34,,,,8.02,,,,1.0,519.14,671,3420,26.77,컴퓨터와주변기기,KOSDAQ
111710,167.71,,,,40.94,,,,,-461.9,646,3140,,"호텔,레스토랑,레저",KOSDAQ
122350,5705.39,,,,82.77,,,,0.7676,4177.29,646,1685,,자동차부품,KOSDAQ
066700,2715.9,,,,102.13,,,,0.9024,6.93,849,2285,8.01,제약,KOSDAQ
033130,399.02,,,,55.09,,,,1.0,-339.81,643,1733,11.8,IT서비스,KOSDAQ
137080,544.97,,,,-88.38,,,,1.0,-541.84,659,6150,1.65,디스플레이장비및부품,KOSDAQ
331740,254.79,,,,-135.2,,,,,255.98,660,6770,,자동차부품,KOSDAQ
424960,93.97,,,,-52.7,,,,,-253.11,643,3900,,자동차부품,KOSDAQ
061040,2660.08,,,,-251.88,,,,1.0,-196.17,657,7260,,핸드셋,KOSDAQ
0155E0,140.79,,,,-23.95,,,,,-16.17,656,11960,,반도체와반도체장비,KOSDAQ
273640,291.09,,,,17.43,,,,,63.82,640,5840,,전기제품,KOSDAQ
222110,134.17,,,,15.06,,,,,-120.0,655,4850,,생물공학,KOSDAQ
048770,863.28,,,,-23.0,,,,,329.65,653,4160,,기계,KOSDAQ
082210,1957.37,2287.0,2630.0,,-31.1,140.0,237.0,,1.0,1191.2,633,1810,,전자장비와기기,KOSDAQ
265560,1086.14,,,,180.42,,,,1.0,-162.21,677,6330,3.55,자동차부품,KOSDAQ
056360,626.0,,,,3.06,,,,1.0,-327.57,650,6630,18.73,통신장비,KOSDAQ
126880,1472.93,,,,31.54,,,,1.0,-270.22,649,2800,22.22,석유와가스,KOSDAQ
043650,674.99,,,,-8.32,,,,0.999,-504.85,627,3510,10.04,음료,KOSDAQ
205470,301.13,,,,-105.53,,,,,-1564.25,648,2625,,생명과학도구및서비스,KOSDAQ
262260,1470.8,,,,-58.35,,,,1.0,1211.96,675,4475,,전자장비와기기,KOSDAQ
179530,128.97,,,,-35.01,,,,,0.02,647,2080,,제약,KOSDAQ
001840,1151.91,,,,32.9,,,,,16.75,626,2215,,건설,KOSDAQ
900110,705.4,,,,94.22,,,,0.9966,-3037.78,647,5850,6.1,"섬유,의류,신발,호화품",KOSDAQ
291230,272.31,,,,-30.48,,,,,36.41,625,2605,,광고,KOSDAQ
382480,362.2,,,,11.24,,,,1.0,-60.13,645,1638,61.6,전기제품,KOSDAQ
024830,2116.16,,,,30.57,,,,,-1850.76,686,8220,,자동차부품,KOSDAQ
294090,36.7,,,,-222.38,,,,,192.25,623,1490,,건강관리장비와용품,KOSDAQ
036000,102.58,,,,-14.2,,,,,-1728.48,622,2700,,출판,KOSDAQ
241690,1071.6,,,,20.55,,,,1.0,537.16,642,2625,,자동차부품,KOSDAQ
048430,1972.54,,,,18.14,,,,1.0,-702.26,681,5910,6.17,자동차부품,KOSDAQ
463020,188.19,,,,-11.1,,,,,-443.26,620,6900,,IT서비스,KOSDAQ
065170,65.06,,,,-28.25,,,,,-23.38,620,2220,,건강관리업체및서비스,KOSDAQ
424980,222.28,,,,-34.09,,,,,-0.79,637,10760,,반도체와반도체장비,KOSDAQ
024740,1265.95,,,,35.2,,,,0.7868,103.44,737,2240,50.17,자동차부품,KOSDAQ
014470,3194.84,,,,17.53,,,,1.0,-91.03,618,1084,26.55,가정용기기와용품,KOSDAQ
900300,1832.91,,,,-614.77,,,,,-2029.82,617,3000,,화장품,KOSDAQ
066670,1886.19,,,,-17.65,,,,1.0,-1406.03,630,3370,16.7,핸드셋,KOSDAQ
187420,433.7,,,,12.06,,,,0.9866,60.14,627,1921,2.78,생물공학,KOSDAQ
448710,681.14,,,,83.15,,,,,223.43,615,11630,,우주항공과국방,KOSDAQ
039420,475.75,,,,104.83,,,,0.9239,-401.32,614,2675,6.61,IT서비스,KOSDAQ
040350,108.61,,,,-64.09,,,,,315.44,672,3385,,IT서비스,KOSDAQ
032850,359.83,,,,58.61,,,,1.0,-251.41,691,4155,9.37,건강관리기술,KOSDAQ
059270,150.78,,,,-6.21,,,,,-147.21,613,5490,,기계,KOSDAQ
010240,1370.24,,,,148.98,,,,1.0,-411.34,612,5230,5.02,기계,KOSDAQ
049480,2331.27,,,,79.21,,,,0.9525,-254.76,623,1984,8.59,컴퓨터와주변기기,KOSDAQ
318160,510.66,,,,93.17,,,,1.0,90.67,645,6910,7.4,화장품,KOSDAQ
216050,504.9,,,,115.12,,,,1.0,-1356.05,609,4990,5.08,광고,KOSDAQ
460870,557.88,652.7,750.6,,49.43,63.3,86.3,,,239.33,608,3030,,포장재,KOSDAQ
014970,942.56,,,,65.17,,,,1.0,145.84,658,4440,10.87,포장재,KOSDAQ
100030,189.22,,,,23.4,,,,1.0,-1309.1,643,19570,3.01,소프트웨어,KOSDAQ
352910,335.35,,,,-37.24,,,,1.0,-185.58,605,4790,,소프트웨어,KOSDAQ
054300,671.61,,,,-27.92,,,,,433.33,604,1038,,해운사,KOSDAQ
049470,248.41,,,,-45.2,,,,,-102.6,638,2710,,소프트웨어,KOSDAQ
089850,6678.87,,,,214.57,,,,0.5675,1688.68,638,4330,,전자제품,KOSDAQ
003310,1009.83,,,,106.35,,,,1.0,-156.74,602,1700,8.91,식품,KOSDAQ
360350,133.9,,,,-15.29,,,,1.0,10.05,598,11000,,전자장비와기기,KOSDAQ
214270,2722.9,,,,305.18,,,,,141.13,632,1397,,양방향미디어와서비스,KOSDAQ
110790,3119.45,,,,-47.27,,,,1.0,2329.25,696,2970,5.42,"섬유,의류,신발,호화품",KOSDAQ
039020,4471.15,,,,-12.43,,,,,2070.23,596,2640,,건축자재,KOSDAQ
081180,592.06,,,,-30.64,,,,,117.63,596,6750,,전자장비와기기,KOSDAQ
0156T0,288.77,,,,93.28,,,,,-374.98,626,8050,,제약,KOSDAQ
127710,731.45,,,,54.79,,,,1.0,427.05,626,1422,20.14,출판,KOSDAQ
033310,865.5,,,,27.68,,,,1.0,144.82,588,1470,,자동차부품,KOSDAQ
215360,5320.38,,,,186.74,,,,0.9874,757.41,588,6440,4.19,자동차부품,KOSDAQ
203400,8.8,,,,-193.72,,,,,-46.86,609,676,,제약,KOSDAQ
064240,979.96,,,,-28.76,,,,,-417.74,623,1797,2708.7,전문소매,KOSDAQ
348150,692.92,,,,-96.51,,,,,-313.59,583,3000,,건강관리업체및서비스,KOSDAQ
263690,1027.46,,,,90.25,,,,1.0,-62.49,586,5170,8.64,건강관리장비와용품,KOSDAQ
099520,251.73,,,,-33.0,,,,1.0,-23.66,581,1284,,통신장비,KOSDAQ
060310,290.22,283.87,,,-58.31,-51.07,,,1.0,-63.57,621,1171,,기계,KOSDAQ
010470,2277.08,,,,89.2,,,,1.0,-860.36,604,5040,7.78,광고,KOSDAQ
950200,591.92,,,,-22.55,,,,,13.49,579,3010,,생명과학도구및서비스,KOSDAQ
288180,539.08,,,,26.39,,,,1.0,141.76,577,7810,37.11,우주항공과국방,KOSDAQ
033230,3427.38,,,,-42.77,,,,,-56.64,569,1126,,IT서비스,KOSDAQ
053050,1700.81,,,,73.43,,,,,287.08,566,1889,,가스유틸리티,KOSDAQ
025550,2194.0,,,,81.75,,,,0.2,1328.96,597,2340,182.57,철강,KOSDAQ
459100,1687.22,,,,25.91,,,,0.6786,729.12,541,4015,27.97,핸드셋,KOSDAQ
321820,466.5,,,,-39.59,,,,1.0,-71.71,563,3610,43.37,방송과엔터테인먼트,KOSDAQ
094850,921.25,,,,97.82,,,,,-861.38,596,4255,,"호텔,레스토랑,레저",KOSDAQ
443250,564.58,,,,88.79,,,,0.8294,-464.43,562,5200,10.57,양방향미디어와서비스,KOSDAQ
299170,517.06,,,,39.16,,,,1.0,46.58,614,1478,,제약,KOSDAQ
145170,6021.68,,,,133.4,,,,1.0,2084.18,558,3300,10.98,"섬유,의류,신발,호화품",KOSDAQ
041460,367.46,,,,67.27,,,,1.0,-182.42,610,3310,13.07,IT서비스,KOSDAQ
109080,257.27,,,,45.14,,,,,-247.81,558,9900,,통신장비,KOSDAQ
175140,554.91,,,,-116.29,,,,,-91.0,587,2355,,전자제품,KOSDAQ
290660,160.53,,,,-29.02,,,,,-60.78,553,1291,,건강관리장비와용품,KOSDAQ
033320,3138.39,,,,77.0,,,,0.9385,-283.59,608,3180,6.97,컴퓨터와주변기기,KOSDAQ
045340,274.95,,,,93.58,,,,,-320.65,584,6820,,운송인프라,KOSDAQ
365660,159.54,,,,-6.63,,,,,-188.51,553,4110,,건강관리업체및서비스,KOSDAQ
036670,1168.4,,,,108.94,,,,,-431.43,548,5090,,화학,KOSDAQ
217480,300.69,,,,-63.25,,,,,-170.39,548,499,,화장품,KOSDAQ
037440,2318.73,2509.0,2964.0,3140.0,91.41,95.0,133.0,135.0,1.0,60.51,578,4150,7.4,건설,KOSDAQ
024910,7053.4,,,,73.44,,,,0.8226,2055.72,546,1524,,자동차부품,KOSDAQ
221800,255.93,,,,-23.58,,,,,-78.12,618,3790,,건강관리업체및서비스,KOSDAQ
036120,412.58,,,,67.58,,,,1.0,-270.77,543,1545,7.83,상업서비스와공급품,KOSDAQ
053620,1403.52,,,,23.93,,,,1.0,-889.54,571,6640,4.82,가정용품,KOSDAQ
005670,3203.28,,,,183.53,,,,0.8357,690.05,617,6170,6.16,식품,KOSDAQ
061250,1008.17,,,,-22.8,,,,,-895.91,540,6410,,제약,KOSDAQ
088280,182.06,,,,-66.61,,,,,4.75,566,3270,,핸드셋,KOSDAQ
046210,150.5,,,,-34.4,,,,,-183.23,564,1239,,생명과학도구및서비스,KOSDAQ
435570,356.28,,,,2.7,,,,1.0,260.41,539,7070,,식품,KOSDAQ
043610,3028.54,3155.0,3348.0,3448.0,161.69,129.0,184.0,200.0,0.7536,-794.18,613,1055,,방송과엔터테인먼트,KOSDAQ
170790,656.35,,,,54.03,,,,1.0,-354.97,537,8400,7.14,통신장비,KOSDAQ
317530,56.83,,,,-35.56,,,,,185.1,560,3200,,양방향미디어와서비스,KOSDAQ
317830,616.13,,,,-7.64,,,,,-227.05,535,4970,,기계,KOSDAQ
039610,814.49,,,,-16.48,,,,1.0,208.13,666,6400,,기계,KOSDAQ
064800,448.91,,,,-211.21,,,,1.0,-449.92,534,2090,3.37,전문소매,KOSDAQ
340930,600.15,,,,-27.13,,,,,326.79,555,806,,전자장비와기기,KOSDAQ
054930,3855.02,,,,92.44,,,,,-253.29,533,17760,,건설,KOSDAQ
071670,3054.9,,,,6.11,,,,1.0,1049.92,532,5320,115.4,기계,KOSDAQ
050960,307.12,,,,50.97,,,,,-336.74,579,8580,,소프트웨어,KOSDAQ
033170,1030.47,,,,-238.32,,,,,396.98,531,3095,,반도체와반도체장비,KOSDAQ
420570,329.66,520.0,,,29.2,90.0,,,1.0,-88.64,530,9070,19.83,화장품,KOSDAQ
0013V0,1094.98,,,,59.56,,,,1.0,84.04,547,5510,10.52,식품,KOSDAQ
261520,212.5,,,,-67.99,,,,,-78.79,572,5570,,IT서비스,KOSDAQ
039240,3571.39,,,,59.58,,,,,-134.99,525,1945,,철강,KOSDAQ
024950,1755.6,,,,124.25,,,,0.5068,-751.38,525,4230,8.95,레저용장비와제품,KOSDAQ
251630,490.02,,,,-128.29,,,,,51.33,596,3740,,기계,KOSDAQ
036090,4830.26,,,,258.4,,,,0.3249,1444.27,616,1448,7.91,디스플레이장비및부품,KOSDAQ
044340,3695.36,,,,-606.72,,,,1.0,2478.93,524,2930,,가정용기기와용품,KOSDAQ
459550,1129.48,,,,89.67,,,,1.0,-356.25,523,2075,10.3,핸드셋,KOSDAQ
163280,280.76,,,,30.89,,,,,-43.77,523,3845,,화학,KOSDAQ
007370,1206.86,,,,25.26,,,,,687.5,561,3970,,제약,KOSDAQ
317850,407.31,,,,19.1,,,,1.0,66.24,519,6230,27.4,기계,KOSDAQ
027050,736.77,,,,-43.94,,,,1.0,-102.77,518,1294,,화장품,KOSDAQ
355690,704.26,,,,-65.41,,,,,210.23,517,5400,,전자장비와기기,KOSDAQ
333620,488.36,,,,-61.07,,,,1.0,2.59,555,5050,,전자장비와기기,KOSDAQ
052790,699.28,,,,285.87,,,,1.0,-931.09,516,4720,1.63,게임엔터테인먼트,KOSDAQ
256630,359.65,,,,8.32,,,,1.0,-183.29,514,4435,,디스플레이장비및부품,KOSDAQ
376290,2165.13,,,,54.2,,,,1.0,-638.71,511,2895,37.46,핸드셋,KOSDAQ
008370,876.35,,,,65.96,,,,,-428.79,620,5170,,화학,KOSDAQ
015710,957.71,,,,29.99,,,,,-290.71,510,2910,,통신장비,KOSDAQ
019990,235.32,,,,-41.05,,,,1.0,-57.63,510,5230,,기계,KOSDAQ
464490,106.98,,,,-63.84,,,,,-92.59,602,5230,,생물공학,KOSDAQ
088910,3254.58,,,,131.51,,,,1.0,-428.19,504,1961,1.78,식품,KOSDAQ
393970,845.13,,,,-203.62,,,,1.0,620.77,504,2825,,전기제품,KOSDAQ
238090,504.14,,,,48.14,,,,0.9977,47.59,540,1772,10.32,핸드셋,KOSDAQ
347740,227.83,279.6,322.4,,39.4,58.7,72.5,,1.0,-317.91,499,1663,10.65,생명과학도구및서비스,KOSDAQ
340810,139.7,,,,-112.71,,,,,29.62,481,3450,,소프트웨어,KOSDAQ
046940,3763.49,,,,671.89,,,,1.0,-204.38,499,2760,1.04,건설,KOSDAQ
043710,356.68,,,,-83.32,,,,1.0,1489.03,538,3105,,건강관리업체및서비스,KOSDAQ
192250,483.94,,,,28.95,,,,1.0,88.49,594,8400,24.77,소프트웨어,KOSDAQ
063440,533.25,,,,45.76,,,,1.0,-232.18,496,1095,9.02,방송과엔터테인먼트,KOSDAQ
053160,231.36,,,,3.88,,,,1.0,-321.57,518,8640,57.62,기계,KOSDAQ
053270,4261.81,,,,243.11,,,,1.0,3985.39,535,1953,2.37,자동차부품,KOSDAQ
348080,24.57,,,,-103.35,,,,,-24.42,493,3845,,생물공학,KOSDAQ
191420,59.41,,,,-44.24,,,,1.0,-271.92,587,7240,,생물공학,KOSDAQ
217500,270.7,,,,-51.73,,,,1.0,-141.42,515,1620,,반도체와반도체장비,KOSDAQ
419080,54.15,,,,-62.8,,,,,-44.45,552,5080,,디스플레이장비및부품,KOSDAQ
382150,3.7,,,,-88.28,,,,,-162.29,489,3750,,생명과학도구및서비스,KOSDAQ
314140,1362.19,,,,50.87,,,,,-5.2,509,5870,,제약,KOSDAQ
483350,306.67,,,,16.13,,,,1.0,-265.96,607,2740,16.72,IT서비스,KOSDAQ
321260,315.34,,,,27.72,,,,1.0,-334.21,505,1790,12.89,디스플레이장비및부품,KOSDAQ
060560,2988.24,,,,-185.14,,,,0.8196,2049.95,486,1915,,건축자재,KOSDAQ
122310,1080.42,,,,-2.43,,,,1.0,164.25,486,3340,64.12,건강관리장비와용품,KOSDAQ
370090,121.44,,,,-71.63,,,,,-278.02,530,6190,,전자장비와기기,KOSDAQ
179900,199.72,,,,-483.11,,,,,788.1,499,2315,,핸드셋,KOSDAQ
065130,7984.98,,,,-352.19,,,,0.5681,256.78,482,3010,,핸드셋,KOSDAQ
246690,196.18,,,,90.23,,,,1.0,,524,2205,7.47,창업투자,KOSDAQ
457600,445.44,,,,-34.29,,,,0.8701,132.42,541,3950,,교육서비스,KOSDAQ
094940,234.76,,,,-10.13,,,,1.0,-72.04,523,6260,,컴퓨터와주변기기,KOSDAQ
042110,2161.37,,,,63.06,,,,1.0,-687.08,497,1029,7.77,전기제품,KOSDAQ
391710,301.0,,,,-27.42,,,,,-61.54,539,1264,,IT서비스,KOSDAQ
222420,356.38,,,,31.7,,,,,308.52,474,979,,화학,KOSDAQ
038010,1335.79,,,,71.42,,,,0.9717,-426.46,495,5500,4.98,조선,KOSDAQ
393210,272.64,,,,-23.73,,,,1.0,226.64,536,3430,,IT서비스,KOSDAQ
340360,632.02,,,,-19.01,,,,,102.23,473,883,,통신장비,KOSDAQ
014190,2847.61,,,,33.09,,,,1.0,25.68,471,1332,16.79,화학,KOSDAQ
311690,36.93,,,,-247.86,,,,,-321.75,493,3770,,생명과학도구및서비스,KOSDAQ
105760,914.26,1218.0,1376.0,1576.0,33.84,150.0,183.0,222.0,1.0,-175.89,534,5240,14.13,상업서비스와공급품,KOSDAQ
277070,74.32,,,,36.03,,,,1.0,,470,3435,15.72,창업투자,KOSDAQ
317690,36.88,,,,-155.56,,,,,-242.37,469,2330,,생명과학도구및서비스,KOSDAQ
037950,462.91,,,,22.17,,,,1.0,-88.78,488,2890,19.73,전자장비와기기,KOSDAQ
092300,2373.55,,,,110.39,,,,1.0,-222.79,531,2635,7.02,전자장비와기기,KOSDAQ
476040,24.07,,,,-162.0,,,,,-175.36,468,7100,,생물공학,KOSDAQ
189980,993.78,,,,85.32,,,,0.9725,1143.9,466,1161,6.0,음료,KOSDAQ
452400,1225.88,,,,-10.01,,,,1.0,-244.48,484,5340,195.95,전기제품,KOSDAQ
104620,1197.04,,,,22.39,,,,1.0,39.15,529,3145,,"호텔,레스토랑,레저",KOSDAQ
143540,805.04,,,,59.07,,,,1.0,-143.18,465,1043,8.37,디스플레이장비및부품,KOSDAQ
059100,346.49,,,,60.4,,,,,-139.48,477,6740,,디스플레이장비및부품,KOSDAQ
453860,245.6,,,,-1.1,,,,,295.11,461,7150,,화장품,KOSDAQ
418250,11.69,,,,-42.87,,,,,-8.69,476,6550,,소프트웨어,KOSDAQ
189860,681.07,,,,-88.0,,,,,-1.65,498,5130,,전기장비,KOSDAQ
032960,215.51,,,,-0.62,,,,0.9911,-402.21,474,2695,7.31,전자장비와기기,KOSDAQ
232830,2695.51,,,,-3.03,,,,,382.69,495,2995,,IT서비스,KOSDAQ
440290,174.01,,,,72.58,,,,,,474,1723,,창업투자,KOSDAQ
408470,664.48,,,,82.29,,,,1.0,-362.09,495,4680,7.49,IT서비스,KOSDAQ
384470,42.84,,,,-134.45,,,,,-62.42,471,2625,,건강관리기술,KOSDAQ
131400,589.57,,,,-31.76,,,,1.0,-186.04,456,766,,전자장비와기기,KOSDAQ
053450,4348.69,,,,30.06,,,,0.9599,752.77,490,3310,10.25,전자장비와기기,KOSDAQ
219550,449.03,,,,-4.9,,,,,98.15,493,1191,,화장품,KOSDAQ
150900,466.76,,,,25.36,,,,0.9783,-80.56,469,4005,17.62,소프트웨어,KOSDAQ
260930,892.3,1083.0,1232.0,,-56.66,-22.0,25.0,,1.0,756.43,454,2345,,화장품,KOSDAQ
199550,256.95,,,,-120.45,,,,1.0,-58.24,486,3275,,건강관리장비와용품,KOSDAQ
226340,460.13,,,,-83.3,,,,0.272,82.35,489,5830,,화장품,KOSDAQ
198080,2952.01,,,,242.73,,,,1.0,-278.87,452,2100,2.32,핸드셋,KOSDAQ
051390,165.38,,,,57.77,,,,1.0,-261.55,451,3975,8.88,판매업체,KOSDAQ
466410,134.72,,,,46.74,,,,,-346.01,446,8860,,소프트웨어,KOSDAQ
278650,740.5,,,,-86.17,,,,,-39.99,503,2885,,생명과학도구및서비스,KOSDAQ
053980,1363.52,,,,110.01,,,,1.0,-485.48,464,2445,4.47,소프트웨어,KOSDAQ
258610,816.98,,,,-8.13,,,,1.0,39.82,445,1220,,핸드셋,KOSDAQ
072470,7050.03,,,,342.4,,,,0.5794,866.49,445,2355,4.05,자동차부품,KOSDAQ
082850,10439.62,,,,9.52,,,,0.5765,50.77,445,4590,,디스플레이장비및부품,KOSDAQ
066130,1769.39,,,,103.54,,,,,-100.69,442,3455,,가정용기기와용품,KOSDAQ
460470,43.76,,,,-41.53,,,,,-129.14,460,3040,,생명과학도구및서비스,KOSDAQ
050120,139.32,,,,-128.34,,,,1.0,-24.78,442,3260,,레저용장비와제품,KOSDAQ
065440,615.61,,,,15.35,,,,1.0,-170.55,442,1619,27.45,IT서비스,KOSDAQ
288330,0.09,,,,-151.54,,,,,19.92,441,416,,제약,KOSDAQ
373200,100.77,,,,-51.56,,,,,232.64,472,1884,,핸드셋,KOSDAQ
373160,1238.6,,,,45.72,,,,1.0,-150.09,439,3235,9.26,교육서비스,KOSDAQ
290670,261.47,,,,-104.43,,,,,64.57,439,5590,,전자장비와기기,KOSDAQ
0010V0,484.67,,,,48.59,,,,1.0,-216.58,456,8930,8.67,건강관리장비와용품,KOSDAQ
114450,403.4,,,,2.04,,,,,-141.11,454,2270,,제약,KOSDAQ
099410,418.79,,,,92.89,,,,,-66.63,431,3080,,조선,KOSDAQ
263700,816.94,,,,-28.77,,,,0.9829,-224.68,435,2240,2.27,건강관리업체및서비스,KOSDAQ
900340,1921.83,,,,149.3,,,,1.0,-1092.8,453,1272,4.09,식품,KOSDAQ
479960,312.47,,,,52.71,,,,,-142.52,453,6350,,전기장비,KOSDAQ
022220,647.31,,,,-108.35,,,,,420.38,425,820,,건축제품,KOSDAQ
413640,314.48,,,,8.66,,,,1.0,-193.64,430,5960,17.96,IT서비스,KOSDAQ
463480,674.11,,,,-17.23,,,,1.0,0.02,485,3915,,자동차부품,KOSDAQ
140520,3985.74,,,,33.55,,,,1.0,605.99,422,2000,14.78,철강,KOSDAQ
094970,2002.25,,,,131.41,,,,0.8969,-662.47,481,2870,3.37,디스플레이장비및부품,KOSDAQ
307280,352.44,,,,79.26,,,,1.0,-66.02,422,5950,6.38,건강관리장비와용품,KOSDAQ
178780,339.06,,,,20.37,,,,1.0,-205.65,460,2470,8.7,전문소매,KOSDAQ
002290,851.77,,,,73.94,,,,,-821.9,420,3385,,건설,KOSDAQ
461030,53.29,,,,-86.64,,,,,-176.46,419,2925,,생명과학도구및서비스,KOSDAQ
042040,769.24,,,,-171.54,,,,,329.51,442,5100,,화학,KOSDAQ
189690,328.89,355.17,,,43.99,57.75,,,1.0,-291.11,416,1523,9.14,소프트웨어,KOSDAQ
100660,465.01,,,,0.44,,,,0.9884,-283.87,415,3295,34.84,기계,KOSDAQ
049830,1415.48,,,,22.76,,,,,-327.9,414,6750,,포장재,KOSDAQ
136410,602.73,,,,120.01,,,,0.9822,111.85,413,3750,4.68,화학,KOSDAQ
263020,1425.87,,,,122.27,,,,0.9113,-236.69,438,3165,5.56,"섬유,의류,신발,호화품",KOSDAQ
023440,410.58,,,,-84.78,,,,,378.16,470,521,,철강,KOSDAQ
199480,634.48,,,,-43.81,,,,,-125.77,412,4040,,IT서비스,KOSDAQ
129890,834.28,,,,31.77,,,,1.0,266.99,437,960,6.82,컴퓨터와주변기기,KOSDAQ
450330,165.91,,,,9.03,,,,1.0,-77.78,412,5030,26.61,건강관리장비와용품,KOSDAQ
073110,695.74,,,,-96.21,,,,,614.94,466,5240,,디스플레이장비및부품,KOSDAQ
286750,59.77,,,,-65.81,,,,1.0,3.28,407,2540,,화학,KOSDAQ
086060,907.89,,,,39.22,,,,1.0,-99.88,431,5000,11.38,제약,KOSDAQ
037230,2240.79,,,,99.45,,,,,662.9,405,1359,,포장재,KOSDAQ
900250,698.62,,,,107.16,,,,0.8251,-3330.26,446,1244,,비철금속,KOSDAQ
066900,5431.96,,,,-578.19,,,,,2336.98,403,1770,,전자장비와기기,KOSDAQ
317870,142.79,,,,-62.22,,,,,238.38,462,5230,,가정용기기와용품,KOSDAQ
007680,1121.22,,,,-137.54,,,,1.0,981.51,402,3040,,건설,KOSDAQ
083550,1354.14,,,,-3.93,,,,1.0,112.16,460,3395,10.97,"섬유,의류,신발,호화품",KOSDAQ
227950,287.64,,,,94.39,,,,1.0,0.92,460,1332,2.43,반도체와반도체장비,KOSDAQ
184230,616.36,,,,148.24,,,,1.0,264.98,398,2115,2.27,소프트웨어,KOSDAQ
064090,72.12,,,,-60.79,,,,1.0,-220.09,397,798,,판매업체,KOSDAQ
361570,464.77,,,,1.69,,,,,279.3,458,1592,,방송과엔터테인먼트,KOSDAQ
072990,1075.27,,,,82.73,,,,1.0,575.06,457,3150,7.26,전자장비와기기,KOSDAQ
084650,881.61,,,,-535.17,,,,,258.44,394,2655,,생명과학도구및서비스,KOSDAQ
234100,2426.35,,,,33.5,,,,0.2,-1248.21,394,2700,93.81,자동차부품,KOSDAQ
068330,145.3,,,,45.46,,,,,-474.24,455,1029,,생명과학도구및서비스,KOSDAQ
056700,2291.36,,,,90.96,,,,1.0,274.7,412,1414,12.26,디스플레이장비및부품,KOSDAQ
053950,559.44,,,,-17.32,,,,,-6.65,393,2005,,제약,KOSDAQ
263810,1291.4,,,,25.63,,,,1.0,87.51,411,2580,23.7,전자장비와기기,KOSDAQ
196300,49.62,,,,-73.2,,,,,-69.95,435,4580,,생물공학,KOSDAQ
471820,221.84,,,,28.35,,,,1.0,-91.18,466,4120,15.71,제약,KOSDAQ
025880,1217.71,,,,121.82,,,,0.9776,-39.43,387,2315,3.74,식품,KOSDAQ
159580,709.55,784.0,894.0,,25.16,71.0,91.0,,1.0,-48.65,425,2120,12.32,화장품,KOSDAQ
224110,642.77,,,,61.71,,,,,-257.14,403,7940,,컴퓨터와주변기기,KOSDAQ
203450,513.24,,,,10.21,,,,1.0,57.79,403,2860,20.04,전자장비와기기,KOSDAQ
033340,725.99,,,,-60.84,,,,1.0,183.29,446,460,,"섬유,의류,신발,호화품",KOSDAQ
007530,1771.46,,,,39.86,,,,1.0,521.69,382,1716,15.27,자동차부품,KOSDAQ
256150,694.44,,,,28.17,,,,,-129.41,421,5020,,가정용기기와용품,KOSDAQ
261200,1142.45,,,,-104.14,,,,1.0,1021.6,421,2660,,건강관리장비와용품,KOSDAQ
221980,628.97,,,,69.68,,,,1.0,-231.2,399,9900,11.38,화학,KOSDAQ
171010,426.82,,,,-9.54,,,,,491.62,378,2645,,반도체와반도체장비,KOSDAQ
218150,675.55,,,,-14.43,,,,1.0,-38.81,395,1935,,식품,KOSDAQ
035460,994.73,,,,80.78,,,,0.7303,-93.72,395,2645,9.33,통신장비,KOSDAQ
273060,455.21,,,,75.75,,,,1.0,327.24,378,3845,20.1,광고,KOSDAQ
219420,169.75,,,,12.19,,,,0.9873,-318.74,376,3275,13.42,소프트웨어,KOSDAQ
044960,433.23,,,,42.6,,,,,-64.59,394,3115,,제약,KOSDAQ
215380,375.87,,,,-39.04,,,,,197.3,394,2340,,생명과학도구및서비스,KOSDAQ
097870,243.87,219.74,,,34.69,24.16,,,0.9872,5.78,374,4410,13.3,화학,KOSDAQ
250000,1022.96,,,,91.47,,,,1.0,-20.73,373,5520,162.17,식품과기본식료품소매,KOSDAQ
469750,230.01,,,,-3.91,,,,,-86.11,392,5690,,전기제품,KOSDAQ
238120,160.16,,,,24.43,,,,1.0,-4.7,387,2725,13.29,생명과학도구및서비스,KOSDAQ
027830,92.52,,,,7.97,,,,,,370,686,,창업투자,KOSDAQ
208710,1287.35,,,,-0.46,,,,,153.4,370,2805,,핸드셋,KOSDAQ
352700,671.77,,,,-57.51,,,,1.0,-412.63,385,1464,,"섬유,의류,신발,호화품",KOSDAQ
221840,846.21,,,,46.01,,,,0.8762,426.18,384,2055,18.59,우주항공과국방,KOSDAQ
446840,112.96,,,,-66.44,,,,,12.58,384,3485,,소프트웨어,KOSDAQ
043910,373.09,,,,-39.76,,,,1.0,198.98,365,3220,,상업서비스와공급품,KOSDAQ
204020,2017.18,,,,78.53,,,,1.0,179.49,365,1876,7.77,"섬유,의류,신발,호화품",KOSDAQ
121890,287.94,,,,11.01,,,,,-46.01,383,2880,,운송인프라,KOSDAQ
434480,191.69,,,,9.43,,,,0.994,-152.18,364,2960,54.74,소프트웨어,KOSDAQ
190650,2514.14,2618.87,,,102.5,91.45,,,,,415,6500,,증권,KOSDAQ
045510,2009.03,,,,19.41,,,,1.0,172.0,378,1201,33.6,IT서비스,KOSDAQ
073570,106.54,,,,-44.82,,,,,-107.38,364,3020,,핸드셋,KOSDAQ
086040,470.17,,,,-48.1,,,,,391.04,362,2270,31.13,생명과학도구및서비스,KOSDAQ
101240,565.19,,,,101.72,,,,,9.23,376,3315,,화학,KOSDAQ
122690,29418.52,,,,268.09,,,,0.2,10565.01,375,1625,,자동차부품,KOSDAQ
177900,144.95,,,,-26.86,,,,,90.9,362,3760,,통신장비,KOSDAQ
046390,372.66,,,,-15.48,,,,1.0,-112.99,362,2095,,방송과엔터테인먼트,KOSDAQ
038070,770.91,,,,6.92,,,,1.0,-169.32,374,4020,51.09,생물공학,KOSDAQ
037370,627.51,,,,-21.66,,,,,1083.89,371,4305,,비철금속,KOSDAQ
014570,625.09,,,,69.13,,,,,-363.15,360,3275,,제약,KOSDAQ
284620,11.72,,,,-64.39,,,,,-7.42,360,1087,,제약,KOSDAQ
046310,1489.22,,,,67.9,,,,0.5983,-168.66,386,2350,9.13,통신장비,KOSDAQ
258790,257.22,,,,29.82,,,,1.0,173.87,369,7380,9.76,소프트웨어,KOSDAQ
060850,798.83,,,,42.19,,,,1.0,-21.26,359,4415,5.6,소프트웨어,KOSDAQ
318410,516.48,,,,61.93,,,,1.0,-294.82,358,6450,6.5,가정용품,KOSDAQ
026040,722.43,,,,7.06,,,,,-63.41,366,2220,,"섬유,의류,신발,호화품",KOSDAQ
057540,990.68,,,,10.17,,,,0.9985,-49.65,358,602,,전자장비와기기,KOSDAQ
465480,200.22,,,,25.5,,,,1.0,-126.57,401,3960,14.99,IT서비스,KOSDAQ
068940,355.06,,,,-34.28,,,,1.0,28.46,357,778,,상업서비스와공급품,KOSDAQ
263050,102.95,,,,-189.19,,,,,143.98,353,959,,생물공학,KOSDAQ
081580,1827.39,,,,39.83,,,,1.0,-138.71,380,2450,3.07,핸드셋,KOSDAQ
104200,448.99,,,,-7.35,,,,,-183.59,353,2380,,방송과엔터테인먼트,KOSDAQ
239890,301.19,302.0,380.0,490.0,21.94,23.0,43.0,70.0,,-146.81,363,3650,,디스플레이장비및부품,KOSDAQ
452300,74.73,,,,23.39,,,,,,362,2555,,창업투자,KOSDAQ
452200,210.16,,,,-88.0,,,,,-56.2,413,1697,,전기제품,KOSDAQ
363250,3.81,,,,-96.9,,,,,-9.32,351,4125,,건강관리장비와용품,KOSDAQ
054780,157.02,,,,-39.4,,,,,-35.05,437,2225,,방송과엔터테인먼트,KOSDAQ
065500,1571.36,,,,9.12,,,,1.0,351.52,360,1008,20.03,자동차부품,KOSDAQ
050860,1132.96,1211.05,,,39.88,65.24,,,,106.22,393,1748,,기계,KOSDAQ
060540,1597.33,,,,39.11,,,,1.0,190.12,348,1332,44.22,핸드셋,KOSDAQ
263770,579.67,,,,23.32,,,,,-174.83,408,1722,,철강,KOSDAQ
186230,1057.15,,,,-9.52,,,,1.0,372.73,359,3290,,건축자재,KOSDAQ
042940,186.12,,,,-68.46,,,,1.0,944.48,370,5420,,건설,KOSDAQ
431190,166.4,,,,-35.06,,,,1.0,-98.56,343,4580,,IT서비스,KOSDAQ
123570,322.6,,,,2.74,,,,1.0,-647.39,367,1648,18.71,광고,KOSDAQ
066360,4054.36,,,,284.82,,,,0.8322,1389.73,358,1492,1.5,식품,KOSDAQ
019770,2070.62,,,,119.12,,,,,57.86,383,3290,,자동차부품,KOSDAQ
039290,1350.96,,,,-42.05,,,,1.0,-131.15,365,4195,,IT서비스,KOSDAQ
207760,674.63,,,,-24.57,,,,,-207.61,341,2055,,양방향미디어와서비스,KOSDAQ
052220,400.46,,,,-76.32,,,,0.9727,-95.33,382,1659,,방송과엔터테인먼트,KOSDAQ
051490,1846.33,,,,-0.8,,,,1.0,751.96,364,2560,6.92,기계,KOSDAQ
0010F0,521.94,,,,51.19,,,,,307.5,339,3040,,화학,KOSDAQ
099220,874.54,,,,4.64,,,,,495.05,337,5360,,에너지장비및서비스,KOSDAQ
260660,2012.04,,,,9.89,,,,,201.74,351,2290,,제약,KOSDAQ
229000,75.48,,,,-65.68,,,,,107.69,458,1957,,건강관리장비와용품,KOSDAQ
127980,817.9,,,,-14.85,,,,0.9709,111.68,334,2825,,전자장비와기기,KOSDAQ
006920,811.61,,,,-29.59,,,,0.2832,-71.87,334,3055,,건축자재,KOSDAQ
430690,262.58,,,,-19.48,,,,1.0,66.61,349,3200,,소프트웨어,KOSDAQ
387570,95.23,,,,-25.8,,,,1.0,-18.45,362,6430,,건강관리장비와용품,KOSDAQ
200350,146.18,,,,-30.07,,,,,-242.14,333,3330,,방송과엔터테인먼트,KOSDAQ
417860,234.12,,,,0.06,,,,,-102.13,346,7350,,소프트웨어,KOSDAQ
290090,210.4,,,,-40.83,,,,1.0,-249.11,345,4640,,소프트웨어,KOSDAQ
106240,428.76,,,,-64.13,,,,,309.11,360,1353,,디스플레이장비및부품,KOSDAQ
270870,1010.88,,,,-22.68,,,,1.0,-358.43,329,3660,,건강관리업체및서비스,KOSDAQ
038060,1755.38,,,,-50.26,,,,1.0,-615.94,331,689,,디스플레이장비및부품,KOSDAQ
075130,456.13,,,,32.61,,,,1.0,-269.33,342,2120,15.13,소프트웨어,KOSDAQ
049120,657.94,,,,-40.82,,,,,309.96,358,2820,,디스플레이장비및부품,KOSDAQ
169330,561.61,588.94,,,-12.58,27.0,,,1.0,-98.72,341,1864,,IT서비스,KOSDAQ
310870,1110.39,,,,51.23,,,,1.0,466.42,328,1496,8.93,자동차부품,KOSDAQ
397810,305.99,,,,24.21,,,,0.9734,-207.34,341,6600,,광고,KOSDAQ
196450,2581.97,,,,52.72,,,,1.0,196.2,357,3940,11.05,핸드셋,KOSDAQ
080520,379.6,,,,-22.77,,,,1.0,-452.56,327,2890,36.7,반도체와반도체장비,KOSDAQ
376980,381.74,,,,10.2,,,,1.0,-71.53,327,3350,25.51,상업서비스와공급품,KOSDAQ
476080,1323.96,,,,-89.67,,,,0.994,72.98,336,4160,,방송과엔터테인먼트,KOSDAQ
024120,2149.96,,,,85.31,,,,1.0,1071.73,352,3060,9.03,자동차부품,KOSDAQ
900270,1088.09,,,,-2.13,,,,1.0,-3268.02,326,2615,,레저용장비와제품,KOSDAQ
069920,240.04,,,,-59.09,,,,,127.57,325,1349,,건설,KOSDAQ
064520,181.5,,,,-56.04,,,,1.0,-408.07,333,1491,,반도체와반도체장비,KOSDAQ
153460,191.89,,,,26.12,,,,,-229.06,349,5350,,소프트웨어,KOSDAQ
012620,3981.16,,,,123.65,,,,1.0,785.49,323,7350,3.93,철강,KOSDAQ
021650,2272.26,,,,79.33,,,,1.0,19.93,323,1975,6.99,자동차부품,KOSDAQ
131090,134.38,,,,43.14,,,,,-440.08,332,4330,,소프트웨어,KOSDAQ
057030,518.34,,,,9.5,,,,1.0,-253.73,346,2120,21.6,교육서비스,KOSDAQ
220180,314.44,,,,-4.81,,,,1.0,-453.86,321,1340,39.29,소프트웨어,KOSDAQ
133750,345.91,,,,18.14,,,,,-427.29,320,1366,,교육서비스,KOSDAQ
215090,267.61,,,,13.24,,,,1.0,-171.18,329,1421,10.6,우주항공과국방,KOSDAQ
290120,3555.9,,,,219.21,,,,1.0,781.75,342,2160,2.45,자동차부품,KOSDAQ
068050,351.78,,,,-34.72,,,,1.0,161.45,319,1151,,방송과엔터테인먼트,KOSDAQ
335810,199.26,,,,-53.81,,,,,42.51,327,1492,,생명과학도구및서비스,KOSDAQ
270520,168.95,,,,-111.57,,,,,651.88,327,818,,에너지장비및서비스,KOSDAQ
271830,387.42,,,,-41.27,,,,0.9997,178.65,327,1110,,핸드셋,KOSDAQ
311390,819.44,,,,54.09,,,,0.5765,-281.29,316,2500,10.6,식품,KOSDAQ
101670,33.69,,,,-150.62,,,,,80.27,316,556,,전기제품,KOSDAQ
208860,1137.34,,,,27.63,,,,1.0,6.59,327,9620,,자동차부품,KOSDAQ
038620,1126.36,,,,24.9,,,,0.9182,-467.76,326,2155,7.6,운송인프라,KOSDAQ
296640,229.33,,,,9.22,,,,1.0,-80.23,315,6090,12.19,소프트웨어,KOSDAQ
025440,4943.66,,,,-49.16,,,,1.0,1931.76,315,3230,,자동차부품,KOSDAQ
200780,758.0,,,,19.97,,,,0.9108,710.35,325,3050,,제약,KOSDAQ
419120,199.68,,,,44.55,,,,0.983,-63.5,324,2280,9.05,소프트웨어,KOSDAQ
016600,200.98,,,,37.87,,,,,,314,2250,,창업투자,KOSDAQ
090410,1064.59,,,,-1.04,,,,1.0,495.45,313,3400,20.23,건축자재,KOSDAQ
318020,872.04,,,,30.07,,,,1.0,188.77,322,2615,11.29,전자장비와기기,KOSDAQ
032790,285.91,,,,-102.74,,,,1.0,53.74,321,1249,,IT서비스,KOSDAQ
258830,185.35,,,,22.65,,,,,179.4,312,412,,건강관리장비와용품,KOSDAQ
099390,250.86,,,,21.1,,,,1.0,-463.87,311,3785,6.12,소프트웨어,KOSDAQ
356890,337.26,,,,4.14,,,,0.7894,-273.71,319,2670,,IT서비스,KOSDAQ
065950,2689.6,,,,-111.18,,,,,1600.88,319,1130,,건설,KOSDAQ
377030,272.15,,,,-108.59,,,,,604.35,308,2155,,IT서비스,KOSDAQ
045300,409.17,,,,19.52,,,,0.9968,-39.53,308,2920,6.5,반도체와반도체장비,KOSDAQ
064480,496.77,,,,3.1,,,,,-97.57,308,2575,,IT서비스,KOSDAQ
263920,523.07,,,,24.83,,,,1.0,27.41,317,3230,20.18,포장재,KOSDAQ
045060,1600.72,,,,56.22,,,,0.9922,-354.13,352,2080,6.31,화학,KOSDAQ
173940,1023.69,,,,-6.14,,,,,-43.86,307,1994,,방송과엔터테인먼트,KOSDAQ
364950,869.5,1100.0,,,28.19,45.0,,,1.0,14.57,316,3810,,전자장비와기기,KOSDAQ
226330,34.29,,,,-107.65,,,,,-10.79,307,1266,,건강관리업체및서비스,KOSDAQ
462980,390.19,,,,33.3,,,,1.0,66.72,305,1674,11.93,IT서비스,KOSDAQ
332290,1041.83,,,,41.18,,,,1.0,242.92,351,4420,34.21,화학,KOSDAQ
050110,4899.37,,,,-112.69,,,,,538.27,315,1079,,핸드셋,KOSDAQ
444530,104.04,,,,-26.65,,,,,-67.69,304,4730,,IT서비스,KOSDAQ
336060,702.03,,,,19.92,,,,1.0,-201.69,303,3150,11.04,IT서비스,KOSDAQ
408900,163.91,,,,-21.46,,,,1.0,-218.84,332,1013,,방송과엔터테인먼트,KOSDAQ
462510,71.87,,,,-118.44,,,,,38.12,313,3560,,건강관리장비와용품,KOSDAQ
246250,39.84,,,,-41.05,,,,,-3.99,302,1969,,제약,KOSDAQ
071850,1553.25,,,,-62.74,,,,,765.3,301,1242,,자동차부품,KOSDAQ
406820,549.22,,,,-31.59,,,,,333.7,342,2420,,화장품,KOSDAQ
109820,106.43,,,,-6.79,,,,,-126.53,312,1528,,생물공학,KOSDAQ
073540,252.64,,,,9.2,,,,0.9446,-166.39,311,2725,14.94,통신장비,KOSDAQ
031310,1943.76,,,,33.78,,,,1.0,405.21,300,1008,3.12,통신장비,KOSDAQ
097780,2174.27,,,,10.8,,,,1.0,-909.68,308,1520,,자동차부품,KOSDAQ
087600,427.08,,,,-56.3,,,,,-40.93,318,3890,,반도체와반도체장비,KOSDAQ
031510,1285.49,,,,41.48,,,,1.0,-242.13,317,1131,34.16,자동차부품,KOSDAQ
038950,628.5,,,,-45.83,,,,1.0,-585.56,299,2925,,전자제품,KOSDAQ
462310,490.35,,,,7.24,,,,0.9848,-20.72,307,3890,,"섬유,의류,신발,호화품",KOSDAQ
464280,276.21,,,,37.65,,,,,-138.67,299,5400,,제약,KOSDAQ
148930,300.85,,,,-31.68,,,,0.9997,-476.65,315,3100,9.14,전기제품,KOSDAQ
237820,402.27,,,,62.25,,,,1.0,-594.68,307,2390,5.23,광고,KOSDAQ
187270,534.33,,,,48.0,,,,1.0,-100.13,305,3005,9.85,핸드셋,KOSDAQ
388610,177.15,,,,3.86,,,,,28.66,292,5480,,생물공학,KOSDAQ
317240,260.34,,,,0.26,,,,,107.48,292,1000,,가정용품,KOSDAQ
052600,268.26,,,,43.73,,,,,-265.63,333,2880,,IT서비스,KOSDAQ
093380,902.73,,,,7.28,,,,1.0,-22.35,303,3070,37.78,자동차부품,KOSDAQ
079170,985.63,,,,78.85,,,,,-76.46,289,5550,,비철금속,KOSDAQ
153490,1212.11,,,,2.87,,,,1.0,-7.8,312,3035,,디스플레이장비및부품,KOSDAQ
464580,338.41,,,,1.23,,,,,116.43,301,1638,,방송과엔터테인먼트,KOSDAQ
037330,7218.14,,,,171.03,,,,0.6191,1712.97,300,684,4.97,디스플레이장비및부품,KOSDAQ
367000,388.55,,,,-44.72,,,,,-58.58,300,3580,,IT서비스,KOSDAQ
188260,153.54,,,,-43.74,,,,,-100.37,288,2070,,건강관리장비와용품,KOSDAQ
198940,2594.65,,,,13.34,,,,,1029.3,283,1419,,자동차부품,KOSDAQ
020180,2028.61,2595.49,,,90.99,159.8,,,,246.52,299,3895,,IT서비스,KOSDAQ
109960,98.07,,,,-22.86,,,,1.0,-106.86,283,1867,,제약,KOSDAQ
197140,666.32,,,,-25.3,,,,,-142.12,299,2300,,소프트웨어,KOSDAQ
068100,176.92,,,,-17.32,,,,,-57.94,282,2365,,IT서비스,KOSDAQ
452160,149.02,,,,1.75,,,,1.0,219.43,299,3110,,반도체와반도체장비,KOSDAQ
038870,172.4,,,,-26.61,,,,1.0,151.1,298,2125,,에너지장비및서비스,KOSDAQ
119500,660.35,,,,23.65,,,,,-35.21,281,2375,,기계,KOSDAQ
239610,167.06,,,,-110.52,,,,,-241.58,281,5210,,건강관리업체및서비스,KOSDAQ
900070,1293.47,,,,83.04,,,,0.7446,-360.6,294,1095,4.75,자동차부품,KOSDAQ
123840,481.64,,,,-133.78,,,,,-34.24,280,1800,,건강관리업체및서비스,KOSDAQ
114630,1018.26,,,,77.91,,,,1.0,-385.07,280,1624,11.64,"섬유,의류,신발,호화품",KOSDAQ
450520,389.58,,,,-48.55,,,,1.0,-64.93,280,1903,,소프트웨어,KOSDAQ
043340,579.09,,,,19.7,,,,,349.4,280,589,,기계,KOSDAQ
373170,256.2,,,,8.86,,,,,-183.37,279,1845,,IT서비스,KOSDAQ
139670,122.59,,,,9.25,,,,1.0,-310.41,271,1918,7.94,소프트웨어,KOSDAQ
225220,94.04,,,,-86.42,,,,,-27.59,278,1450,,건강관리장비와용품,KOSDAQ
007770,1244.1,,,,-119.95,,,,1.0,256.31,278,7910,,화학,KOSDAQ
351330,789.86,,,,-71.82,,,,,57.85,288,3470,,IT서비스,KOSDAQ
376180,308.73,,,,-7.04,,,,,-56.91,278,1498,,가정용기기와용품,KOSDAQ
159910,99.25,,,,-39.38,,,,,-36.32,328,3135,,화장품,KOSDAQ
130500,876.24,,,,68.44,,,,0.8337,793.47,276,1900,,자동차부품,KOSDAQ
067010,733.47,912.1,,,-26.92,2.99,,,,-288.53,276,2535,,IT서비스,KOSDAQ
016670,230.62,,,,40.55,,,,,-568.15,283,2775,,소프트웨어,KOSDAQ
432430,370.69,,,,-87.38,,,,,17.46,340,2060,,출판,KOSDAQ
043220,145.38,,,,-58.72,,,,1.0,48.45,282,1710,,기계,KOSDAQ
195500,1067.58,,,,24.86,,,,,106.53,274,1717,,식품,KOSDAQ
089150,230.9,,,,40.35,,,,,113.69,282,1643,,컴퓨터와주변기기,KOSDAQ
079190,441.5,,,,-27.38,,,,1.0,-30.44,297,1462,,핸드셋,KOSDAQ
088340,437.54,,,,-67.75,,,,1.0,11.8,281,6430,,소프트웨어,KOSDAQ
290270,377.3,,,,48.02,,,,0.9794,-137.38,272,2835,4.81,소프트웨어,KOSDAQ
078590,643.75,,,,2.48,,,,,-125.05,272,2720,,자동차부품,KOSDAQ
262840,435.64,,,,42.75,,,,0.9408,297.55,290,2830,5.17,IT서비스,KOSDAQ
070590,648.18,,,,10.47,,,,0.8862,-0.62,304,2190,38.29,IT서비스,KOSDAQ
148250,186.52,,,,-34.34,,,,,-63.06,271,1991,,통신장비,KOSDAQ
206400,47.75,,,,-53.61,,,,,-104.62,270,721,,건설,KOSDAQ
318010,127.28,,,,-6.73,,,,0.9955,-357.57,278,3510,9.62,건강관리업체및서비스,KOSDAQ
333050,299.54,,,,19.69,,,,,-170.61,288,5850,,IT서비스,KOSDAQ
089140,704.41,,,,22.82,,,,1.0,-391.99,332,2165,,기계,KOSDAQ
048470,1191.64,,,,-11.66,,,,,-417.18,270,2795,,철강,KOSDAQ
115480,482.23,,,,108.13,,,,1.0,162.02,285,2350,34.8,건강관리장비와용품,KOSDAQ
033540,1739.3,,,,-137.42,,,,1.0,393.04,276,2645,,기계,KOSDAQ
047080,378.86,,,,2.84,,,,0.9577,-108.15,269,1083,5.16,게임엔터테인먼트,KOSDAQ
215790,436.87,,,,-91.89,,,,,134.94,267,663,,통신장비,KOSDAQ
008470,1207.61,,,,18.13,,,,1.0,-295.86,282,1680,18.08,기계,KOSDAQ
075970,1107.35,,,,33.78,,,,1.0,136.66,307,1671,52.84,비철금속,KOSDAQ
096630,2786.88,,,,132.74,,,,1.0,198.87,266,1676,0.74,핸드셋,KOSDAQ
348030,396.85,,,,-89.23,,,,,-330.79,267,2775,,게임엔터테인먼트,KOSDAQ
033830,426.91,,,,14.85,,,,1.0,-815.34,335,1772,8.82,방송과엔터테인먼트,KOSDAQ
238490,592.59,,,,-75.31,,,,,120.58,266,2350,,디스플레이장비및부품,KOSDAQ
013720,249.08,,,,7.62,,,,,-37.95,266,2185,,자동차부품,KOSDAQ
140430,279.01,,,,-5.37,,,,,107.59,266,2485,,통신장비,KOSDAQ
254120,278.95,,,,-39.2,,,,1.0,-1.5,280,910,,전자장비와기기,KOSDAQ
290560,139.97,,,,36.31,,,,,8.34,290,1297,,소프트웨어,KOSDAQ
002680,824.0,,,,29.24,,,,1.0,628.55,264,3410,12.64,식품,KOSDAQ
398120,246.01,,,,14.67,,,,1.0,25.93,264,2230,28.21,건강관리장비와용품,KOSDAQ
091970,501.11,,,,-2.62,,,,,124.01,270,3585,,화학,KOSDAQ
407400,863.94,,,,-42.48,,,,,142.22,288,1969,,가정용기기와용품,KOSDAQ
069140,1176.35,,,,48.21,,,,0.2,411.46,263,1740,124.64,건설,KOSDAQ
359090,649.82,,,,13.85,,,,1.0,3.19,261,2275,10.09,제약,KOSDAQ
160550,1426.53,,,,26.54,,,,1.0,288.02,277,994,35.29,방송과엔터테인먼트,KOSDAQ
300120,2238.08,,,,-161.92,,,,,114.7,300,3030,,소프트웨어,KOSDAQ
069410,667.61,,,,21.62,,,,1.0,-237.43,261,2545,8.25,IT서비스,KOSDAQ
043200,287.85,,,,-27.34,,,,,230.65,260,1244,,에너지장비및서비스,KOSDAQ
368970,253.87,,,,-12.76,,,,0.8855,51.14,276,2455,,식품,KOSDAQ
066910,970.0,,,,-66.83,,,,1.0,231.18,275,1789,33.29,레저용장비와제품,KOSDAQ
079000,141.26,,,,-43.16,,,,,-499.8,259,3595,,건축제품,KOSDAQ
052300,75.7,,,,-24.52,,,,0.4591,-1010.51,259,1593,,건축제품,KOSDAQ
057680,363.66,,,,2.64,,,,0.9712,-42.47,273,1728,,IT서비스,KOSDAQ
288620,157.86,,,,-150.13,,,,,-107.76,273,3910,,전기제품,KOSDAQ
383930,477.47,,,,-57.42,,,,,404.22,258,2015,,생명과학도구및서비스,KOSDAQ
105550,363.91,,,,-155.4,,,,1.0,298.38,257,1643,1.64,자동차부품,KOSDAQ
016920,1610.74,,,,20.15,,,,1.0,516.41,265,1032,,전자장비와기기,KOSDAQ
322780,329.0,,,,-70.94,,,,1.0,105.81,257,1686,,방송과엔터테인먼트,KOSDAQ
017000,2113.11,,,,86.0,,,,,192.86,271,2325,,건설,KOSDAQ
193250,104.55,,,,-72.1,,,,,-71.03,256,1918,,핸드셋,KOSDAQ
297570,429.13,,,,65.39,,,,1.0,321.77,263,3795,5.3,전자제품,KOSDAQ
072770,896.29,,,,-28.07,,,,,337.54,270,651,,IT서비스,KOSDAQ
458350,351.52,,,,24.62,,,,1.0,-220.04,255,2940,12.27,광고,KOSDAQ
038880,411.83,,,,-73.19,,,,,432.04,255,3395,,자동차부품,KOSDAQ
060230,619.25,,,,-82.5,,,,,609.44,270,1379,,전자장비와기기,KOSDAQ
148780,170.15,,,,-10.68,,,,1.0,-87.54,251,3985,,소프트웨어,KOSDAQ
191410,448.35,,,,-15.07,,,,1.0,162.42,261,1684,14.85,디스플레이패널,KOSDAQ
001810,2056.71,,,,17.78,,,,0.9919,450.15,250,1131,,종이와목재,KOSDAQ
138070,544.36,,,,-3.83,,,,1.0,43.5,259,1482,,기계,KOSDAQ
131180,323.06,,,,8.03,,,,,-158.51,249,4245,,컴퓨터와주변기기,KOSDAQ
021880,250.91,220.27,,,-100.98,-22.18,,,0.9681,,248,1171,,기타금융,KOSDAQ
328380,636.74,,,,5.66,,,,1.0,-74.18,267,3895,31.49,IT서비스,KOSDAQ
096690,506.04,,,,-109.3,,,,,523.06,258,6410,,컴퓨터와주변기기,KOSDAQ
236810,923.1,,,,-65.01,,,,,-90.88,273,1608,,광고,KOSDAQ
351870,664.75,,,,44.35,,,,0.4764,703.22,247,2215,20.57,광고,KOSDAQ
368600,468.52,,,,-144.92,,,,,447.85,247,956,,전자장비와기기,KOSDAQ
146060,792.51,,,,50.8,,,,0.8889,438.55,257,1070,7.87,자동차부품,KOSDAQ
044780,541.9,,,,-3.87,,,,1.0,-47.61,246,1327,5.38,기계,KOSDAQ
115530,536.17,,,,3.68,,,,1.0,92.91,245,2860,,에너지장비및서비스,KOSDAQ
363260,443.59,,,,45.07,,,,0.9748,-185.06,272,4225,9.01,광고,KOSDAQ
128540,1518.46,,,,-31.58,,,,1.0,-158.18,288,1080,,자동차부품,KOSDAQ
053290,627.02,,,,10.69,,,,,-386.34,256,1549,,교육서비스,KOSDAQ
083660,279.3,,,,-56.34,,,,,8.4,244,1401,,화장품,KOSDAQ
101680,305.72,,,,-75.27,,,,,66.65,244,2900,,기계,KOSDAQ
131220,811.18,,,,55.31,,,,0.6865,-28.22,270,3620,8.23,생명과학도구및서비스,KOSDAQ
090150,1159.1,,,,68.75,,,,0.9643,94.78,252,6010,2.92,자동차부품,KOSDAQ
223310,188.96,,,,-74.77,,,,,171.57,242,2980,,식품과기본식료품소매,KOSDAQ
027040,337.29,,,,-16.09,,,,,39.93,242,1740,,전자장비와기기,KOSDAQ
405920,821.09,,,,9.84,,,,1.0,389.1,250,1938,294.12,음료,KOSDAQ
080530,765.31,892.0,1032.0,,37.54,48.0,64.0,,1.0,-204.28,268,2420,5.1,화장품,KOSDAQ
083640,508.21,,,,16.95,,,,,-164.44,241,5250,,전자장비와기기,KOSDAQ
365590,17.67,,,,-117.34,,,,,43.88,241,1309,,반도체와반도체장비,KOSDAQ
900310,436.33,,,,2.32,,,,1.0,-1908.93,266,2080,,화장품,KOSDAQ
033050,898.03,,,,40.69,,,,1.0,-39.1,258,810,7.52,가정용품,KOSDAQ
016100,683.14,,,,-70.9,,,,1.0,296.08,239,1252,,포장재,KOSDAQ
475660,220.99,,,,-20.3,,,,,-6.06,238,3000,,디스플레이장비및부품,KOSDAQ
103840,1837.76,,,,46.66,,,,,711.36,257,1572,,식품,KOSDAQ
019570,128.91,,,,33.13,,,,1.0,,265,2780,9.29,창업투자,KOSDAQ
039740,1462.86,,,,4.2,,,,1.0,155.05,237,2960,11.02,판매업체,KOSDAQ
206560,554.17,,,,-65.06,,,,,221.3,237,931,,방송과엔터테인먼트,KOSDAQ
032750,1483.23,,,,58.23,,,,1.0,-476.86,264,2920,6.79,전자제품,KOSDAQ
290520,319.23,,,,18.08,,,,1.0,-279.41,256,1628,14.15,디스플레이장비및부품,KOSDAQ
222980,963.1,,,,-11.05,,,,,115.87,236,2140,,식품,KOSDAQ
023770,346.58,,,,-46.82,,,,,-20.62,234,2610,,게임엔터테인먼트,KOSDAQ
378800,2.28,,,,-158.39,,,,,-179.56,244,2635,,제약,KOSDAQ
060380,1978.2,,,,18.13,,,,0.6963,370.86,261,1326,19.13,철강,KOSDAQ
027580,501.05,,,,-89.08,,,,1.0,27.91,232,1960,,화학,KOSDAQ
032680,548.15,,,,-2.44,,,,,-479.02,232,1006,,IT서비스,KOSDAQ
054090,1363.43,,,,-19.74,,,,,351.01,250,1000,,전자장비와기기,KOSDAQ
134060,111.42,,,,8.83,,,,,-117.79,259,5440,,교육서비스,KOSDAQ
208350,389.28,,,,24.83,,,,1.0,-91.82,231,2850,12.57,소프트웨어,KOSDAQ
051380,3730.08,,,,42.51,,,,,279.65,229,1492,,컴퓨터와주변기기,KOSDAQ
267790,591.93,,,,66.45,,,,1.0,-105.19,248,3225,5.75,"섬유,의류,신발,호화품",KOSDAQ
101400,343.68,,,,-50.55,,,,1.0,-145.56,248,1634,,반도체와반도체장비,KOSDAQ
036480,259.89,,,,7.14,,,,,102.74,228,5990,,제약,KOSDAQ
219750,320.31,,,,-28.52,,,,,101.81,227,1735,,건강관리장비와용품,KOSDAQ
257370,110.82,,,,-21.25,,,,,19.36,246,1970,,전기제품,KOSDAQ
018680,521.49,,,,-12.79,,,,,-17.66,226,1941,,제약,KOSDAQ
389680,32.13,,,,-36.47,,,,,-69.04,246,2955,,IT서비스,KOSDAQ
013810,379.65,,,,-4.61,,,,,-118.32,226,1544,,기계,KOSDAQ
020400,1018.17,,,,1.0,,,,,308.45,245,2705,,자동차부품,KOSDAQ
058110,112.88,,,,-27.87,,,,,85.53,245,1524,,건강관리장비와용품,KOSDAQ
355390,104.84,,,,-133.66,,,,,-34.52,225,1420,,IT서비스,KOSDAQ
298060,238.39,,,,-45.29,,,,1.0,-54.3,225,2330,110.84,생물공학,KOSDAQ
188040,708.8,,,,8.3,,,,1.0,-36.16,233,4975,,식품,KOSDAQ
123750,321.59,,,,2.27,,,,1.0,-71.55,243,1758,114.62,레저용장비와제품,KOSDAQ
007720,1628.71,,,,13.97,,,,,-41.67,224,1110,,판매업체,KOSDAQ
065370,382.58,,,,7.86,,,,1.0,114.97,224,3030,15.4,소프트웨어,KOSDAQ
415380,959.31,,,,28.29,,,,,-185.27,241,2110,,가구,KOSDAQ
215480,397.0,,,,0.04,,,,0.9798,-77.97,231,2150,,"섬유,의류,신발,호화품",KOSDAQ
303530,707.44,,,,-28.97,,,,1.0,-74.23,222,3025,,IT서비스,KOSDAQ
033200,315.01,426.44,,,-31.58,-16.91,,,0.8235,-392.7,222,2410,,전자장비와기기,KOSDAQ
177830,1325.4,,,,25.69,,,,1.0,539.59,240,2115,,디스플레이장비및부품,KOSDAQ
432980,208.0,,,,2.97,,,,,-43.62,228,2655,,제약,KOSDAQ
361670,109.76,,,,-16.98,,,,,-91.42,219,3870,,전자장비와기기,KOSDAQ
417180,173.0,,,,8.47,,,,1.0,-219.56,219,3830,6.24,양방향미디어와서비스,KOSDAQ
065690,535.0,,,,-127.35,,,,1.0,-235.32,226,1885,3.37,컴퓨터와주변기기,KOSDAQ
331520,378.34,,,,28.78,,,,1.0,-40.09,217,2215,11.99,게임엔터테인먼트,KOSDAQ
032080,302.29,,,,4.59,,,,,-477.04,217,1010,,"섬유,의류,신발,호화품",KOSDAQ
032860,509.2,,,,-17.2,,,,,-4.58,237,2935,,판매업체,KOSDAQ
464500,101.27,,,,-55.74,,,,,6.7,236,1688,,반도체와반도체장비,KOSDAQ
192390,751.48,,,,-39.35,,,,1.0,484.83,226,1887,,건축자재,KOSDAQ
070300,185.37,,,,19.02,,,,,11.1,215,605,92.27,핸드셋,KOSDAQ
115570,986.55,,,,65.67,,,,1.0,55.83,214,2675,6.17,화학,KOSDAQ
032800,381.92,372.28,,,-80.32,-75.22,,,,-82.81,224,1486,,방송과엔터테인먼트,KOSDAQ
429270,127.49,,,,-75.86,,,,,66.21,255,3540,,반도체와반도체장비,KOSDAQ
277410,358.04,,,,23.06,,,,1.0,373.0,214,5560,32.82,식품,KOSDAQ
067730,485.41,,,,28.84,,,,,-119.3,212,2195,,IT서비스,KOSDAQ
318000,239.21,,,,23.26,,,,1.0,-187.77,242,2765,9.34,화학,KOSDAQ
017250,600.54,,,,39.88,,,,1.0,108.12,222,1055,10.83,전자장비와기기,KOSDAQ
032280,999.9,,,,21.29,,,,,267.87,212,1309,,항공화물운송과물류,KOSDAQ
200230,431.62,,,,7.19,,,,0.9969,265.69,221,2330,,제약,KOSDAQ
424760,353.82,,,,8.77,,,,,-89.31,210,2075,,IT서비스,KOSDAQ
224060,252.66,,,,-8.31,,,,,557.46,220,4265,0.91,전기제품,KOSDAQ
301300,190.09,,,,-37.55,,,,1.0,90.55,209,1591,,소프트웨어,KOSDAQ
098660,714.91,,,,-14.06,,,,1.0,359.5,209,1671,,"섬유,의류,신발,호화품",KOSDAQ
130740,794.04,,,,-32.61,,,,,-319.2,208,1847,,자동차부품,KOSDAQ
440320,882.69,,,,-27.64,,,,0.8338,-4.69,208,2085,,디스플레이패널,KOSDAQ
038530,873.12,,,,15.22,,,,,-147.53,207,4005,,IT서비스,KOSDAQ
372800,780.54,,,,-53.95,,,,1.0,52.75,206,2930,,IT서비스,KOSDAQ
289220,367.26,,,,-189.97,,,,,-104.84,206,924,,양방향미디어와서비스,KOSDAQ
131100,1182.99,,,,33.51,,,,,-75.13,206,3190,,방송과엔터테인먼트,KOSDAQ
044480,253.1,,,,-8.34,,,,,18.52,205,3090,,방송과엔터테인먼트,KOSDAQ
353190,990.11,,,,18.75,,,,1.0,131.64,205,2600,17.66,건강관리업체및서비스,KOSDAQ
054940,1770.03,,,,25.05,,,,0.5462,196.82,235,3545,37.18,반도체와반도체장비,KOSDAQ
079950,184.13,,,,-86.07,,,,,148.16,204,1480,,디스플레이장비및부품,KOSDAQ
237750,276.09,,,,0.2,,,,,330.68,224,3455,,전기장비,KOSDAQ
024940,560.4,,,,15.67,,,,1.0,-238.65,203,2030,7.06,가정용기기와용품,KOSDAQ
043590,213.53,,,,-21.01,,,,1.0,72.84,223,1645,,전기제품,KOSDAQ
113810,803.57,,,,9.63,,,,0.996,-17.94,202,3100,27.22,자동차부품,KOSDAQ
377330,132.44,,,,-186.3,,,,,97.73,231,2840,,전기제품,KOSDAQ
021040,2774.25,,,,23.71,,,,,739.84,202,930,,철강,KOSDAQ
187220,1258.34,,,,-5.97,,,,1.0,766.01,240,2085,11.39,전자장비와기기,KOSDAQ
048830,838.22,,,,10.13,,,,1.0,-105.3,201,1074,17.77,화학,KOSDAQ
088290,565.77,,,,15.75,,,,,5.41,201,2520,,자동차부품,KOSDAQ
019660,129.48,,,,-48.3,,,,,68.71,201,1439,,판매업체,KOSDAQ
063760,273.13,,,,23.03,,,,1.0,-172.68,200,2150,7.7,디스플레이장비및부품,KOSDAQ
154040,313.99,,,,17.12,,,,,179.47,200,9270,,전자제품,KOSDAQ
405000,84.83,,,,-76.01,,,,,104.72,200,3730,,건강관리장비와용품,KOSDAQ
069330,496.91,,,,13.02,,,,1.0,57.57,200,1178,14.66,디스플레이장비및부품,KOSDAQ
110020,136.94,,,,-3.43,,,,,-62.84,199,2200,,가정용품,KOSDAQ
247660,52.89,,,,-19.93,,,,,-64.57,216,4125,,화학,KOSDAQ
065060,1108.67,,,,-4.09,,,,,532.02,199,3320,,"섬유,의류,신발,호화품",KOSDAQ
352940,339.53,,,,9.17,,,,,219.43,226,2075,,화학,KOSDAQ
344860,82.13,,,,0.04,,,,,-68.5,197,1310,,화장품,KOSDAQ
043360,213.06,,,,-7.67,,,,,-74.78,205,2275,,컴퓨터와주변기기,KOSDAQ
085810,531.66,,,,31.81,,,,,27.54,197,1390,,건설,KOSDAQ
353590,591.12,,,,7.52,,,,,3.16,203,1579,,자동차부품,KOSDAQ
275630,130.49,,,,3.21,,,,1.0,-180.36,195,3715,,소프트웨어,KOSDAQ
438700,30.97,,,,-84.91,,,,,37.36,203,1820,,소프트웨어,KOSDAQ
115610,132.22,,,,-19.87,,,,,-55.32,195,1650,,핸드셋,KOSDAQ
362990,200.18,,,,-11.61,,,,1.0,-40.53,202,1203,,광고,KOSDAQ
045520,860.98,,,,-9.65,,,,1.0,282.53,212,3265,,화학,KOSDAQ
096870,110.46,,,,3.06,,,,,-115.83,202,2415,,디스플레이장비및부품,KOSDAQ
050760,667.55,,,,-48.13,,,,1.0,192.49,193,1183,,화학,KOSDAQ
076080,1666.93,,,,-181.3,,,,,181.35,229,1013,,건설,KOSDAQ
241840,117.9,,,,-72.78,,,,1.0,-4.41,209,2190,,방송과엔터테인먼트,KOSDAQ
115160,3941.66,,,,-292.17,,,,,693.37,238,5530,,전자제품,KOSDAQ
014100,487.69,,,,-11.04,,,,1.0,162.13,189,1598,,화장품,KOSDAQ
238200,196.79,,,,14.03,,,,1.0,26.08,227,2775,,건강관리업체및서비스,KOSDAQ
455180,181.23,,,,-36.88,,,,1.0,478.52,188,1276,,전자장비와기기,KOSDAQ
018700,642.23,,,,-29.97,,,,,-10.44,216,1291,,화장품,KOSDAQ
403490,636.77,,,,-8.84,,,,1.0,420.75,187,2035,,식품,KOSDAQ
276730,138.93,,,,-49.01,,,,,240.81,199,842,,음료,KOSDAQ
137940,1200.63,,,,-355.81,,,,,-263.02,185,1884,,화장품,KOSDAQ
054220,448.11,,,,0.58,,,,1.0,69.07,214,1703,14.07,IT서비스,KOSDAQ
274400,142.52,,,,-19.89,,,,,129.74,196,2160,,소프트웨어,KOSDAQ
018620,547.64,,,,3.19,,,,,150.51,185,2665,,제약,KOSDAQ
095910,1024.4,,,,-186.68,,,,,417.46,212,583,,에너지장비및서비스,KOSDAQ
195990,319.23,,,,-92.82,,,,,74.67,184,1129,,기계,KOSDAQ
306040,1634.14,,,,-158.63,,,,1.0,190.69,182,1965,,"섬유,의류,신발,호화품",KOSDAQ
342870,1032.61,,,,81.7,,,,1.0,398.13,195,3575,,가정용기기와용품,KOSDAQ
154030,278.06,,,,9.24,,,,1.0,105.35,194,1610,10.18,생물공학,KOSDAQ
023790,240.45,,,,-26.08,,,,,367.69,211,1613,,철강,KOSDAQ
078860,122.28,,,,-80.23,,,,,74.87,179,2890,,방송과엔터테인먼트,KOSDAQ
073190,200.95,,,,-30.2,,,,,73.69,194,1622,,가구,KOSDAQ
347770,633.83,,,,-61.14,,,,1.0,225.63,190,837,,디스플레이장비및부품,KOSDAQ
317120,74.68,,,,-60.52,,,,,147.44,217,1425,,통신장비,KOSDAQ
056730,475.01,,,,-112.69,,,,,-261.2,176,1185,,건설,KOSDAQ
252500,376.45,,,,6.27,,,,,-189.36,189,2280,,화장품,KOSDAQ
035200,252.31,,,,-4.44,,,,1.0,-144.5,237,2575,23.19,건축제품,KOSDAQ
053060,1894.4,,,,91.03,,,,1.0,136.28,216,1224,3.67,자동차부품,KOSDAQ
031860,145.12,,,,-78.33,,,,,50.27,187,6930,,컴퓨터와주변기기,KOSDAQ
080470,2435.22,,,,116.08,,,,0.7724,177.42,198,2715,2.33,자동차부품,KOSDAQ
026910,568.88,,,,-42.52,,,,1.0,651.79,161,2035,,철강,KOSDAQ
279600,227.81,,,,-22.32,,,,,150.51,185,3945,,IT서비스,KOSDAQ
083470,183.8,,,,-19.27,,,,1.0,-6.71,195,916,,디스플레이장비및부품,KOSDAQ
030350,158.79,,,,-19.45,,,,,4.44,152,973,,게임엔터테인먼트,KOSDAQ
043100,168.34,,,,-57.25,,,,,322.07,105,520,,건강관리장비와용품,KOSDAQ
101000,394.47,,,,-46.21,,,,1.0,192.84,150,1518,,조선,KOSDAQ
009620,2856.56,,,,78.88,,,,,2101.66,179,5110,,비철금속,KOSDAQ
225590,1063.01,,,,83.63,,,,1.0,-95.1,145,2835,5.3,"섬유,의류,신발,호화품",KOSDAQ
227610,423.85,,,,-18.11,,,,,158.56,194,1003,,화장품,KOSDAQ
335870,419.56,,,,-27.96,,,,,-37.41,137,4100,,"섬유,의류,신발,호화품",KOSDAQ
373110,19.49,,,,-108.52,,,,,11.55,176,1017,,생물공학,KOSDAQ
214610,108.85,,,,-99.35,,,,,0.37,192,2290,,건강관리장비와용품,KOSDAQ
244460,8.16,,,,-73.9,,,,,93.91,134,1651,,제약,KOSDAQ
352770,20.08,,,,-77.6,,,,,36.57,136,5250,,생물공학,KOSDAQ
309930,459.81,,,,-87.69,,,,1.0,104.92,173,899,,가구,KOSDAQ
065570,332.61,,,,-1.95,,,,,86.22,123,764,,조선,KOSDAQ
239340,155.84,,,,-55.78,,,,,-238.85,127,2350,,증권,KOSDAQ
054410,399.29,,,,13.88,,,,,253.23,166,2895,,비철금속,KOSDAQ
087260,349.43,,,,-8.96,,,,1.0,-80.17,80,247,,자동차부품,KOSDAQ
060260,434.8,,,,12.99,,,,,53.64,108,809,,건축제품,KOSDAQ
418620,16.55,,,,-112.46,,,,,28.81,111,430,,소프트웨어,KOSDAQ
285800,324.23,,,,-26.56,,,,,221.81,158,4400,,화학,KOSDAQ
475460,1355.94,,,,29.06,,,,1.0,105.92,161,2850,9.25,인터넷과카탈로그소매,KOSDAQ
060900,131.2,,,,-93.2,,,,,-17.07,107,1630,,에너지장비및서비스,KOSDAQ
377220,721.62,,,,-186.03,,,,,347.01,107,1888,,건강관리업체및서비스,KOSDAQ
419540,171.0,,,,-10.96,,,,,-41.02,180,3020,,건강관리장비와용품,KOSDAQ
376930,51.22,,,,-200.79,,,,,-61.6,146,1420,,건강관리장비와용품,KOSDAQ
365900,468.99,,,,-14.83,,,,,258.91,179,2450,,레저용장비와제품,KOSDAQ
103230,488.04,,,,9.01,,,,,128.07,101,1402,,조선,KOSDAQ
037400,10652.17,,,,11.41,,,,0.2335,86.7,176,3360,,디스플레이장비및부품,KOSDAQ
303030,363.8,,,,-85.53,,,,,-18.96,97,1055,,반도체와반도체장비,KOSDAQ
304840,28.51,,,,-83.77,,,,,761.89,136,561,,건강관리장비와용품,KOSDAQ
106080,75.74,,,,-92.25,,,,,180.74,95,1650,,핸드셋,KOSDAQ
900120,576.36,,,,97.36,,,,1.0,-462.5,173,1040,1.36,제약,KOSDAQ
067770,118.97,,,,-2.07,,,,1.0,-352.19,87,1031,12.18,디스플레이장비및부품,KOSDAQ
065770,236.4,,,,-11.83,,,,1.0,-76.72,83,794,,통신장비,KOSDAQ
210120,39.99,,,,-14.77,,,,,224.79,170,1753,,방송과엔터테인먼트,KOSDAQ
034940,593.11,,,,-65.98,,,,,245.85,165,2665,,제약,KOSDAQ
050090,74.47,,,,-35.74,,,,,-70.29,164,696,,광고,KOSDAQ
001000,35.91,,,,4.88,,,,,140.73,81,1669,,부동산,KOSDAQ
051780,566.51,,,,-0.09,,,,,399.8,187,2455,,식품,KOSDAQ
131760,463.45,,,,-29.31,,,,1.0,272.31,108,1240,,디스플레이장비및부품,KOSDAQ
009730,919.95,,,,-138.9,,,,,394.56,159,1995,,비철금속,KOSDAQ
084440,336.84,,,,14.1,,,,1.0,-4.49,184,4810,13.73,교육서비스,KOSDAQ
240600,286.8,,,,-77.84,,,,,51.38,71,860,,전기제품,KOSDAQ
305090,128.43,,,,-91.71,,,,,165.95,102,538,,건강관리장비와용품,KOSDAQ
900100,63.41,,,,-83.57,,,,,32.52,58,1096,,"섬유,의류,신발,호화품",KOSDAQ
065650,761.87,,,,-42.81,,,,,141.24,149,1360,,컴퓨터와주변기기,KOSDAQ
044180,277.87,,,,-42.67,,,,1.0,798.78,55,205,,건설,KOSDAQ
177350,165.71,,,,-26.13,,,,1.0,-33.59,137,1377,0.77,화학,KOSDAQ
052770,57.04,,,,-49.26,,,,,10.48,45,312,,게임엔터테인먼트,KOSDAQ
196700,431.75,,,,55.5,,,,1.0,87.02,177,1235,4.31,화학,KOSDAQ
025870,700.37,,,,-15.55,,,,1.0,181.96,42,1059,,식품,KOSDAQ
092600,1025.59,,,,-174.87,,,,1.0,95.87,127,2530,1.02,전자제품,KOSDAQ
054180,281.61,,,,-57.47,,,,,71.15,127,2295,,조선,KOSDAQ
199730,231.48,,,,-62.77,,,,,69.11,32,663,,생명과학도구및서비스,KOSDAQ
058450,62.86,,,,-59.92,,,,,82.85,29,540,,방송과엔터테인먼트,KOSDAQ
028080,4007.28,,,,-286.59,,,,,692.04,125,5170,,전자제품,KOSDAQ
354200,212.4,,,,-82.76,,,,,308.95,123,764,,생명과학도구및서비스,KOSDAQ
021045,2774.25,,,,23.71,,,,,739.84,17,1994,,철강,KOSDAQ
312610,137.08,,,,-95.21,,,,,114.77,7,37,,자동차부품,KOSDAQ
288980,231.7,,,,-59.33,,,,,489.22,78,214,,소프트웨어,KOSDAQ
079970,267.61,,,,7.43,,,,1.0,4.49,76,596,7.68,소프트웨어,KOSDAQ
276040,67.59,,,,-122.33,,,,,20.81,71,327,,소프트웨어,KOSDAQ
142760,112.16,,,,-65.31,,,,0.9919,51.39,101,479,,제약,KOSDAQ
291810,57.72,,,,-32.33,,,,,-61.8,57,409,,소프트웨어,KOSDAQ
006050,601.99,,,,9.29,,,,,-88.54,99,2835,,건축제품,KOSDAQ
225430,159.9,,,,-29.23,,,,,185.32,45,698,,가정용품,KOSDAQ
289010,915.87,,,,14.02,,,,,-99.18,95,680,,교육서비스,KOSDAQ
035290,90.2,,,,-18.78,,,,,10.39,18,384,,교육서비스,KOSDAQ
035620,116.04,,,,-22.76,,,,,310.3,113,608,,방송과엔터테인먼트,KOSDAQ
065420,208.52,,,,-28.95,,,,,46.02,73,940,,석유와가스,KOSDAQ
308100,376.83,,,,-80.85,,,,,272.29,66,256,,"섬유,의류,신발,호화품",KOSDAQ
313760,74.81,,,,-48.72,,,,,224.59,52,468,,전기제품,KOSDAQ
250930,378.76,,,,-8.13,,,,,281.02,35,529,,디스플레이장비및부품,KOSDAQ
012340,827.99,,,,-72.28,,,,,210.78,82,373,,전기제품,KOSDAQ
03481K,22600.79,,,,418.41,,,,,7041.81,81,5900,,종이와목재,KOSDAQ
060480,362.86,,,,-2.1,,,,,-20.83,95,857,,비철금속,KOSDAQ
196490,333.22,,,,-64.61,,,,,90.05,11,100,,전기제품,KOSDAQ
032685,548.15,,,,-2.44,,,,,-479.02,4,5730,,IT서비스,KOSDAQ
039310,356.28,,,,-10.32,,,,,-308.57,213,1177,,소프트웨어,KOSDAQ
208640,60.19,,,,-78.76,,,,,-6.55,97,696,,게임엔터테인먼트,KOSDAQ
