종목코드,매출액_2025,매출액_2026,매출액_2027,매출액_2028,영업이익_2025,영업이익_2026,영업이익_2027,영업이익_2028,지배비율,순차입금,시가총액,현재가,PER,업종,시장
005930,3336059.0,7384675.0,9543904.48,10174549.06,436010.0,3917860.0,5542251.7,5520887.89,0.986,-1675903.07,15200324,260000,36.84,반도체와반도체장비,KOSPI
000660,971467.0,3458039.0,5071771.52,5500796.89,472063.0,2666476.0,3972243.17,4067493.16,0.9986,-668447.84,12228442,1674000,,반도체와반도체장비,KOSPI
005935,3336059.0,7384675.0,9543904.48,10174549.06,436010.0,3917860.0,5542251.7,5520887.89,0.986,-1675903.07,1496422,186500,36.84,반도체와반도체장비,KOSPI
032830,371383.0,,,,25805.0,34544.0,69533.25,45800.38,1.0,,612000,306000,7.29,생명보험,KOSPI
005380,1862545.0,1940652.0,2031223.32,2131610.14,114679.0,114811.0,132761.88,142985.57,0.9145,1025242.74,826198,403500,4.67,자동차,KOSPI
010120,49658.0,65171.0,79628.13,93659.47,4264.0,7140.0,10279.75,13348.6,1.0,8044.96,311250,207500,10.66,전기장비,KOSPI
267250,712594.0,847697.0,898414.8,962317.4,60996.0,123888.0,115708.8,128127.4,0.3936,7714.96,172995,219000,18.91,조선,KOSPI
042660,127835.0,158201.0,153566.3,164903.63,11676.0,22530.0,25170.9,28602.0,0.9999,47157.9,269644,88000,33.15,조선,KOSPI
316140,415484.0,,,,36748.0,43793.0,47979.69,50413.67,0.971,,249034,33800,3.84,은행,KOSPI
267260,40795.0,46914.0,55468.73,64687.21,9953.0,12324.0,15512.33,18903.79,1.0,-8268.76,281528,781000,11.43,전기장비,KOSPI
207940,45570.0,54951.0,64069.0,68466.8,20692.0,24162.0,28197.58,30980.9,0.9985,-9473.01,702697,1518000,92.82,제약,KOSPI
017670,170992.0,176619.0,180111.68,183894.47,10732.0,19622.0,20797.11,21991.68,1.0,82031.19,202332,94200,10.03,무선통신서비스,KOSPI
329180,175806.0,247791.0,266723.5,286262.4,20375.0,40521.0,47403.88,54808.53,1.0,-49151.16,471801,449500,463.89,조선,KOSPI
402340,104556.0,97064.0,132696.0,136542.0,87974.0,463802.0,582916.0,591750.0,1.0,-13112.77,1368052,1037000,,반도체와반도체장비,KOSPI
028260,407422.0,455221.0,491738.46,513038.33,32927.0,38073.0,44105.77,47672.17,0.7059,-38038.9,610561,376500,10.95,복합기업,KOSPI
033780,65797.0,69880.0,,,13437.0,15328.0,,,,6188.53,184886,178100,13.14,담배,KOSPI
003550,72525.0,82836.0,91153.3,98794.5,9122.0,16183.0,19872.2,21776.25,0.8098,-25430.26,180523,119400,10.92,복합기업,KOSPI
009540,299332.0,344955.0,375328.42,403395.0,39045.0,61594.0,73613.75,84268.83,0.7857,-110945.45,246644,348500,38.59,조선,KOSPI
006400,132667.0,159451.0,198943.95,247105.11,-17224.0,3522.0,14225.7,24413.44,0.7877,106775.0,464978,577000,16.63,전기제품,KOSPI
010130,165879.0,239348.0,238733.43,247067.33,12319.0,22605.0,19968.86,21588.83,0.9981,60740.67,266548,1277000,19.06,비철금속,KOSPI
051910,459322.0,562410.0,640724.38,708314.31,11809.0,13021.0,39507.69,55674.85,0.7905,307180.26,197659,280000,29.2,화학,KOSPI
086790,689436.0,,,,53509.0,59861.0,62482.29,65105.94,0.9849,,373963,136300,3.74,은행,KOSPI
015760,974293.0,976260.0,989858.17,1008595.0,134906.0,79212.0,114256.58,131965.09,0.9556,1306591.75,204787,31900,,전기유틸리티,KOSPI
010140,106500.0,128097.0,146560.74,159870.39,8622.0,13814.0,19722.53,23461.33,1.0,-1987.7,183920,20900,,조선,KOSPI
024110,292172.0,,,,36556.0,37151.0,40117.54,42377.25,0.9937,,165067,20700,3.54,은행,KOSPI
035720,80991.0,83486.0,89938.32,97538.25,7320.0,10352.0,11836.0,13421.63,0.8927,-90183.57,161910,36550,,양방향미디어와서비스,KOSPI
000150,197841.0,218424.0,252348.5,284230.0,10627.0,18125.0,25064.08,31031.0,0.5085,54570.67,204528,1263000,,복합기업,KOSPI
055550,646820.0,,,,70234.0,80830.0,84632.75,87826.2,0.993,,511231,108900,4.78,은행,KOSPI
006800,292830.0,583885.0,482449.33,504779.0,19151.0,47798.0,26153.73,27203.73,0.9726,,188428,34700,18.04,증권,KOSPI
018260,139299.0,144051.0,151589.0,160093.62,9571.0,8279.0,10713.36,11853.69,0.9805,-57031.26,185707,240000,18.97,IT서비스,KOSPI
086280,295664.0,331591.0,345729.82,359207.5,20730.0,21592.0,23576.06,24881.25,0.9982,-5446.09,155625,207500,6.77,항공화물운송과물류,KOSPI
011200,108914.0,128212.0,118255.15,115315.69,14612.0,16139.0,10364.85,8811.92,0.9999,-65426.06,202325,21450,10.71,해운사,KOSPI
096770,802961.0,1041172.0,953858.83,954075.42,4487.0,87325.0,45473.17,43849.75,0.8956,261185.73,212161,125500,53.47,석유와가스,KOSPI
079550,43069.0,51156.0,60632.81,71195.56,3194.0,4475.0,6270.75,8419.63,1.0,16723.11,152680,694000,16.41,우주항공과국방,KOSPI
105560,812307.0,,,,85177.0,94214.0,95762.0,98427.44,0.9917,,614674,173300,4.77,은행,KOSPI
010950,342470.0,421783.0,396548.93,378377.36,2356.0,43722.0,32570.5,27677.86,1.0,75316.31,168987,150100,8.55,석유와가스,KOSPI
012450,267029.0,322910.0,346782.83,370515.72,30893.0,46248.0,57204.44,63569.33,0.651,67515.16,568229,1102000,7.98,우주항공과국방,KOSPI
035420,120350.0,137915.0,156560.0,181467.0,22081.0,22171.0,25835.09,30038.44,0.9977,-37918.97,330006,217000,36.25,양방향미디어와서비스,KOSPI
034730,1227033.0,1473276.0,1452195.7,1523373.0,18185.0,118212.0,111601.4,132941.38,0.3931,496014.83,395140,545000,,석유와가스,KOSPI
373220,236718.0,322163.0,413328.37,497637.94,13461.0,8254.0,38513.53,61264.18,0.7185,250840.51,884520,378000,80.86,전기제품,KOSPI
000810,247785.0,,,,26591.0,31986.0,37928.08,36586.31,1.0,,296906,665000,7.31,손해보험,KOSPI
298040,59685.0,71938.0,85610.93,100314.0,7470.0,11259.0,15560.64,20219.31,0.9856,5156.8,276286,2963000,13.02,전기장비,KOSPI
000720,310629.0,269155.0,285921.37,307392.47,6530.0,8707.0,11267.42,13735.47,0.7654,6231.61,137302,123300,7.32,건설,KOSPI
042700,5767.0,8196.0,11239.0,13148.0,2514.0,3822.0,5617.0,6843.0,1.0,-862.95,210163,220500,22.48,반도체와반도체장비,KOSPI
011070,218966.0,254977.0,268909.47,283138.25,6650.0,12732.0,14683.26,17479.81,1.0,9425.44,151943,642000,10.03,전자장비와기기,KOSPI
068270,41625.0,55304.0,63606.18,71216.47,11685.0,18550.0,22666.59,25636.65,0.9934,26085.71,439414,188900,55.43,제약,KOSPI
272210,36642.0,45290.0,51629.33,59598.27,1199.0,2486.0,4550.2,5838.53,1.0,17248.57,138289,73200,9.39,우주항공과국방,KOSPI
003670,29387.0,32950.0,42661.25,55245.93,328.0,1008.0,1814.31,2833.13,0.8926,35152.63,178337,200500,968.71,화학,KOSPI
066570,892009.0,966485.0,1010770.71,1052523.07,24784.0,46395.0,49360.82,60193.13,0.8057,41258.6,352645,216500,25.82,전자제품,KOSPI
078930,251841.0,286613.0,281332.2,283044.0,29361.0,51701.0,36700.0,36994.0,0.8263,61654.03,118070,127100,2.98,석유와가스,KOSPI
030200,282442.0,273992.0,280121.53,286045.95,24691.0,21112.0,22520.74,23547.68,0.9322,95653.68,134580,53400,8.85,다각화된통신서비스,KOSPI
307950,42521.0,48256.0,54904.25,64261.5,2553.0,2824.0,3537.0,4478.57,0.9753,-4619.81,115592,421500,42.1,IT서비스,KOSPI
005490,690949.0,735681.0,760188.82,785304.75,18271.0,30976.0,38264.82,44025.44,0.9089,179179.05,268233,338500,24.88,철강,KOSPI
064350,58390.0,68267.0,78138.0,89384.81,10056.0,10808.0,13475.12,16849.56,0.9965,-24542.29,148652,136200,18.03,우주항공과국방,KOSPI
034020,170579.0,183496.0,205117.87,229429.53,7627.0,11308.0,16235.73,20569.27,0.6411,45793.89,528463,82500,183.04,기계,KOSPI
003230,23518.0,31394.0,37661.5,42831.82,5242.0,7338.0,8935.0,10461.27,1.0,424.07,115330,1531000,12.89,식품,KOSPI
012330,611181.0,650048.0,693794.16,730479.45,33575.0,37898.0,42581.88,46114.36,0.9977,-89091.2,407336,453500,6.52,자동차부품,KOSPI
009150,113145.0,143234.0,183316.4,234218.06,9133.0,19307.0,37297.45,58710.0,0.9622,-2270.93,1089034,1458000,28.11,전자장비와기기,KOSPI
071050,194661.0,419870.0,417760.0,419820.0,23453.0,40460.0,32844.4,33520.62,0.9978,,107105,192200,5.34,증권,KOSPI
047810,36964.0,53948.0,66974.47,75347.0,2692.0,3570.0,5910.07,7433.4,0.9915,27887.67,127692,131000,21.76,우주항공과국방,KOSPI
323410,30863.0,,,,6494.0,7390.0,8803.58,9725.45,,,104251,21850,38.29,은행,KOSPI
005830,230479.0,,,,23840.0,,,,0.7872,,118621,181100,3.41,손해보험,KOSPI
259960,33266.0,48577.0,52209.0,55798.67,10544.0,14616.0,15897.61,16903.73,0.9918,-21242.54,103848,227000,15.84,게임엔터테인먼트,KOSPI
278470,15273.0,30807.0,42364.16,52158.67,3655.0,7669.0,10738.58,13385.78,0.9986,-1952.48,173900,464500,17.59,화장품,KOSPI
003490,252255.0,282575.0,280124.27,287559.09,11136.0,11594.0,22211.36,25969.91,1.0,192096.56,103470,28100,8.32,항공사,KOSPI
000270,1141409.0,1258048.0,1317139.8,1369460.1,90781.0,102549.0,113708.0,122624.76,1.0,-211997.07,511441,131000,4.59,자동차,KOSPI
005940,136989.0,360954.0,335076.0,334831.0,14206.0,23399.0,20425.13,20576.54,0.9901,,98024,26550,6.51,증권,KOSPI
006260,318700.0,410612.0,434859.8,457396.89,10526.0,19999.0,22439.8,25550.67,0.6272,104616.6,97188,311500,6.88,전기장비,KOSPI
047050,323736.0,351532.0,361221.77,371022.77,11653.0,14688.0,15554.77,16386.54,0.9582,67614.96,94471,53700,16.28,무역회사와판매업체,KOSPI
443060,19827.0,23403.0,26506.7,30631.3,3501.0,4185.0,5358.9,6713.7,1.0,-5145.06,93029,207500,30.44,조선,KOSPI
028050,90288.0,107192.0,128984.38,141388.95,7921.0,9821.0,11916.38,13245.84,0.9729,-36619.52,92316,47100,7.54,건설,KOSPI
180640,2984.0,,,,-75.0,,,,0.9738,823.32,88794,133000,12.72,항공사,KOSPI
161390,212023.0,225572.0,237660.47,247939.8,18411.0,21857.0,24492.24,26218.6,0.9549,35329.27,82501,66600,7.81,자동차부품,KOSPI
000880,747854.0,927340.0,963340.0,1000900.0,41469.0,74220.0,89260.0,96820.0,0.3107,46978.59,72261,135500,7.95,복합기업,KOSPI
090430,42528.0,47138.0,51516.78,56003.94,3358.0,4825.0,5574.56,6358.0,0.9569,-8086.94,86101,147200,55.59,화장품,KOSPI
064400,61295.0,65758.0,71639.73,78271.2,5518.0,5809.0,6668.0,7359.8,0.9973,-10425.1,74796,77200,13.5,IT서비스,KOSPI
007660,10880.0,16061.0,22066.89,25819.44,2047.0,3444.0,5128.67,6235.56,1.0,408.18,83686,114000,39.81,반도체와반도체장비,KOSPI
016360,148739.0,310320.0,284730.0,285430.0,13757.0,23353.0,21027.56,21165.21,1.0,,78584,88000,6.28,증권,KOSPI
352820,26499.0,48682.0,43022.65,46571.22,493.0,2847.0,4894.9,5471.89,0.9687,-7203.21,77334,179400,51.84,방송과엔터테인먼트,KOSPI
009830,133331.0,180318.0,191326.79,200050.79,-3648.0,8072.0,12229.57,14121.36,0.9855,128985.87,76126,33850,,에너지장비및서비스,KOSPI
047040,80546.0,81084.0,90644.89,102088.44,-8154.0,8310.0,8159.17,9186.44,0.988,31023.76,74744,18190,3.37,건설,KOSPI
005387,1862545.0,1940652.0,2031223.32,2131610.14,114679.0,114811.0,132761.88,142985.57,0.9145,1025242.74,66641,190600,4.67,자동차,KOSPI
039490,171217.0,387734.0,339228.5,334113.5,14882.0,23068.0,19332.12,19518.93,1.0,,72784,277500,6.62,증권,KOSPI
326030,7067.0,9778.0,11873.38,13877.27,2039.0,3470.0,4678.13,6051.4,1.0,-3330.46,68367,87300,,제약,KOSPI
021240,49636.0,56966.0,64071.25,71289.5,8787.0,10133.0,11836.0,12775.5,1.0,25247.31,68574,96900,8.96,가정용기기와용품,KOSPI
267270,37765.0,93778.0,104073.67,112353.33,1709.0,7602.0,9271.17,10903.67,1.0,9841.04,63880,133300,7.31,기계,KOSPI
032640,154517.0,153950.0,158064.33,161264.22,8921.0,11498.0,12333.17,13168.06,1.0,45084.03,63622,14990,7.17,무선통신서비스,KOSPI
128940,15475.0,17597.0,17887.22,19011.65,2578.0,3668.0,3096.44,3116.82,0.9094,90.87,63094,492500,30.88,제약,KOSPI
000500,25457.0,33864.0,38910.0,45020.0,792.0,1472.0,2870.0,4140.0,1.0,4290.98,62533,210000,7.75,전기장비,KOSPI
377300,9584.0,12932.0,15015.17,17974.17,504.0,1700.0,2023.67,2468.67,0.8745,-44393.61,62834,46450,2624.66,IT서비스,KOSPI
000100,21866.0,23466.0,25638.33,28680.2,1044.0,1300.0,2044.33,3025.67,1.0,-959.87,61616,83700,41.11,제약,KOSPI
001440,36360.0,43980.0,46800.29,52789.57,1286.0,2290.0,2566.14,3257.14,0.9727,5639.37,57622,29400,17.94,전기장비,KOSPI
062040,5019.0,6839.0,8807.3,11180.22,1786.0,2548.0,3384.4,4380.78,1.0,-2155.58,60091,196100,21.35,전기장비,KOSPI
066970,21549.0,35787.0,43291.15,51865.92,-1568.0,2208.0,2380.08,3179.85,0.984,14382.17,59684,146700,,전기제품,KOSPI
353200,10653.0,16042.0,20061.54,23472.69,491.0,2770.0,4093.69,5087.0,0.9995,-2162.12,55693,112700,54.91,전자장비와기기,KOSPI
241560,87919.0,94989.0,99982.67,105697.0,6861.0,8433.0,9515.83,10663.0,1.0,-3060.2,59718,62300,5.48,기계,KOSPI
088350,274364.0,,,,11472.0,17330.0,17680.0,18712.0,0.7668,,50114,5770,3.24,생명보험,KOSPI
029780,43829.0,46925.0,47337.5,49162.5,8537.0,8148.0,8496.67,8763.33,0.9989,,54396,46950,6.15,카드,KOSPI
271560,33324.0,37958.0,40567.64,42730.44,5583.0,6454.0,7063.86,7555.44,0.9831,-12166.55,51387,130000,12.19,식품,KOSPI
175330,46305.0,,,,9523.0,10225.0,10891.0,11507.33,0.9766,,52879,28350,3.83,은행,KOSPI
138930,101525.0,,,,9027.0,10035.0,11143.71,11736.92,0.9741,,46640,15200,3.62,은행,KOSPI
005385,1862545.0,1940652.0,2031223.32,2131610.14,114679.0,114811.0,132761.88,142985.57,0.9145,1025242.74,44278,189700,4.67,자동차,KOSPI
010060,33801.0,41113.0,45935.43,50756.29,-576.0,3468.0,5565.43,6588.86,0.8039,9586.85,51810,277500,2.95,화학,KOSPI
454910,330.0,,,,-595.0,,,,,-1686.94,46022,71000,,기계,KOSPI
011790,18400.0,24877.0,29587.5,34605.0,-3050.0,-688.0,762.5,2495.0,0.8883,22288.37,44787,90300,,화학,KOSPI
036570,15069.0,27798.0,31957.88,33464.31,161.0,5178.0,6045.76,6192.38,0.9747,-14930.01,48366,224500,24.89,게임엔터테인먼트,KOSPI
034220,258101.0,253470.0,263881.86,270728.86,5170.0,9649.0,14046.0,17013.43,0.9524,119989.1,47200,9440,,디스플레이패널,KOSPI
051900,63555.0,64646.0,67810.0,70681.23,1707.0,3796.0,4488.21,4941.08,0.9705,-11373.38,46873,313000,44.06,화장품,KOSPI
000990,13972.0,16680.0,18680.0,21110.0,2773.0,4010.0,5280.0,5840.0,0.9941,-9156.2,41329,95000,9.87,반도체와반도체장비,KOSPI
052690,5188.0,5769.0,7367.2,9142.8,355.0,646.0,949.6,1513.1,0.9892,-830.03,44488,116400,72.68,전기유틸리티,KOSPI
001450,181104.0,,,,12610.0,,,,0.9812,,43391,50900,4.82,손해보험,KOSPI
004020,227332.0,239730.0,249135.06,254562.0,2192.0,3683.0,6837.06,7948.31,0.9115,81868.27,40568,30400,10.56,철강,KOSPI
082740,13711.0,15541.0,21435.43,24796.43,1301.0,2273.0,3720.86,4694.0,1.0,-1676.54,39596,47450,,조선,KOSPI
002380,64838.0,68364.0,71828.6,75167.8,4276.0,4473.0,5028.4,5384.4,1.0,42230.96,40730,474000,9.55,건축자재,KOSPI
004170,69295.0,73096.0,76284.65,79570.25,4800.0,7892.0,8712.76,9323.88,0.8363,39443.1,39103,414000,7.66,백화점과일반상점,KOSPI
001040,450188.0,473892.0,492926.11,519177.14,25277.0,25276.0,28480.0,32197.57,0.4723,168752.98,37901,129900,17.28,복합기업,KOSPI
018880,108837.0,113359.0,117890.45,123224.72,2704.0,4272.0,4976.7,5558.33,0.9894,28264.69,36022,3510,80.7,자동차부품,KOSPI
161890,27224.0,31894.0,35878.54,39563.83,2396.0,3451.0,4102.65,4660.89,0.7817,10641.17,37792,160100,236.22,화장품,KOSPI
036460,357273.0,368817.0,373667.71,371109.71,21012.0,25453.0,24047.57,24802.0,1.0,330240.39,34571,37450,,가스유틸리티,KOSPI
192820,23988.0,29686.0,34597.83,39242.35,1958.0,2567.0,3151.83,3698.53,0.9575,7500.21,34049,300000,25.11,화장품,KOSPI
022100,10752.0,9993.0,11930.0,14487.0,604.0,404.0,735.0,1161.0,0.9898,-2469.25,32916,21650,122.78,IT서비스,KOSPI
103590,20446.0,23476.0,25219.75,26766.0,1512.0,2524.0,2766.0,3117.0,1.0,-439.49,33952,71200,12.22,전기장비,KOSPI
011780,69151.0,79501.0,77695.58,78041.83,2718.0,5425.0,4421.17,4739.5,0.9999,-853.11,32076,127500,9.57,화학,KOSPI
111770,40636.0,45224.0,47373.86,50145.17,5144.0,6425.0,7164.71,7986.83,1.0,-7396.17,32037,72300,3.92,"섬유,의류,신발,호화품",KOSPI
251270,28351.0,29401.0,30150.71,31349.23,3525.0,3347.0,3866.41,4212.0,0.975,1205.57,31351,37700,,게임엔터테인먼트,KOSPI
008930,13570.0,,,,1387.0,,,,1.0,856.68,30639,44800,23.82,제약,KOSPI
035250,14767.0,14803.0,15115.4,16154.67,2353.0,2238.0,2217.5,2567.44,1.0,-29273.88,31342,14650,10.04,"호텔,레스토랑,레저",KOSPI
009420,1552.0,1707.0,1978.25,2208.0,-9.0,27.0,106.0,230.0,1.0,147.99,31188,59700,659.6,제약,KOSPI
006360,124503.0,109331.0,118579.24,127537.56,4378.0,4156.0,5918.19,6944.5,0.8664,40469.93,31066,36300,,건설,KOSPI
028670,54329.0,69167.0,70375.46,72012.69,4919.0,6763.0,6810.92,6990.85,1.0,41405.81,30310,5670,8.15,해운사,KOSPI
012750,28894.0,29506.0,31310.75,32895.0,2346.0,2061.0,2536.75,2694.0,0.9999,-1579.0,31045,81700,12.03,상업서비스와공급품,KOSPI
031210,27587.0,,,,3757.0,,,,0.9999,,30372,43500,12.94,손해보험,KOSPI
085620,51884.0,,,,1945.0,2065.0,2393.0,2472.0,1.0,,29131,21550,9.31,생명보험,KOSPI
023530,137384.0,142934.0,147104.93,150802.77,5470.0,8001.0,8680.0,9341.31,0.9287,119784.62,30099,106400,12.17,백화점과일반상점,KOSPI
302440,6514.0,6932.0,7617.5,8263.0,-1235.0,-1054.0,-400.5,-240.0,1.0,-2892.36,30127,38400,247.72,제약,KOSPI
017800,24674.0,26300.0,29100.0,31900.0,2092.0,2140.0,2190.0,2300.0,1.0,3217.22,29007,74200,5.52,기계,KOSPI
097950,273426.0,293036.0,305031.77,316568.8,12336.0,12092.0,13996.15,15484.0,0.7027,115284.69,28076,186500,13.75,식품,KOSPI
336260,4548.0,4990.0,7309.4,8240.0,-1057.0,-715.0,505.2,659.25,1.0,5482.62,29570,45150,,에너지장비및서비스,KOSPI
139130,80410.0,,,,5832.0,6314.0,6889.31,7286.08,0.9753,,29281,18490,3.7,은행,KOSPI
375500,74024.0,70566.0,71572.84,76883.35,3870.0,5745.0,5756.84,6461.47,0.9968,-10892.93,27859,72000,8.24,건설,KOSPI
007340,36757.0,45957.0,48911.0,52148.5,5279.0,6950.0,7449.0,8137.0,0.8907,15626.15,27617,47200,2.66,자동차부품,KOSPI
450080,3925.0,,,,-654.0,,,,,6767.06,27405,38700,2210.54,전기제품,KOSPI
004800,24317.0,26120.0,26903.33,29156.67,3930.0,5440.0,5300.0,5786.67,0.8386,13984.24,27923,166800,15058.38,복합기업,KOSPI
483650,5197.0,7557.0,9889.18,12182.75,1015.0,1642.0,2222.24,2805.5,0.9996,-1973.9,27557,220000,22.35,화장품,KOSPI
026960,5329.0,,,,453.0,,,,0.9892,-7694.47,25772,25850,12.53,식품,KOSPI
004370,35143.0,37575.0,39609.79,40808.45,1839.0,2320.0,2488.43,2638.82,0.9955,-10975.06,26977,443500,14.4,식품,KOSPI
003690,67044.0,,,,4709.0,,,,1.0,,25236,14280,4.16,손해보험,KOSPI
282330,90612.0,95156.0,99195.88,103369.0,2539.0,3071.0,3401.5,3662.47,0.9999,-4201.09,25546,147800,11.59,백화점과일반상점,KOSPI
489790,17909.22,20334.0,23415.0,25948.67,1622.67,2034.0,2967.33,3731.0,1.0,1530.85,25295,50100,49.78,통신장비,KOSPI
383220,19340.0,20943.0,,,4686.0,5358.0,,,,-2633.84,25627,66900,8.04,"섬유,의류,신발,호화품",KOSPI
001720,24664.0,31714.0,,,1361.0,1958.0,,,0.9554,,25712,156400,7.21,증권,KOSPI
011170,184830.0,208712.0,192122.91,195097.27,-9431.0,-590.0,503.91,3593.91,0.7997,77206.58,25280,59100,,화학,KOSPI
005850,52399.0,56072.0,59681.2,63369.8,4071.0,4422.0,4817.8,5605.8,0.971,-7022.77,24711,53200,4.94,자동차부품,KOSPI
204320,94548.0,98356.0,104232.43,109676.05,3571.0,4116.0,4714.48,5334.95,0.8881,13563.97,24324,51800,13.63,자동차부품,KOSPI
181710,25162.0,29623.0,32998.7,36569.29,1324.0,1946.0,2454.0,2720.86,0.7883,-4584.32,24336,74300,,IT서비스,KOSPI
004990,155396.0,157537.0,163173.33,168136.67,2394.0,3677.0,4756.67,8550.0,0.6834,76316.01,23820,23900,,복합기업,KOSPI
279570,13348.0,,,,1171.0,1164.0,1986.0,2838.0,,,23165,5710,19.56,은행,KOSPI
000240,14576.0,14411.0,15601.0,16860.0,4116.0,4211.0,4716.0,5340.0,1.0,-351.78,23402,24650,7.91,자동차부품,KOSPI
103140,50486.0,61752.0,64505.23,66722.25,2974.0,4266.0,3867.08,4143.92,1.0,10110.41,22952,81900,7.02,비철금속,KOSPI
007070,119574.0,125145.0,129283.53,133490.21,2921.0,3627.0,3915.07,4113.07,1.0,19593.92,22031,26350,116.78,백화점과일반상점,KOSPI
081660,44686.0,47481.0,48556.83,49294.0,4748.0,6081.0,6235.33,6360.0,0.6584,13756.9,22219,41850,55.22,"섬유,의류,신발,호화품",KOSPI
014680,8840.0,9886.0,11256.0,13562.25,1562.0,1822.0,2247.2,2974.25,0.9715,948.65,22344,207000,24.43,화학,KOSPI
030000,45469.0,45472.0,48017.3,50198.25,3369.0,3286.0,3564.09,3687.88,0.9936,-5074.79,22076,19190,11.69,광고,KOSPI
005440,80916.0,84748.0,88446.0,92216.5,2741.0,3443.0,3781.5,4114.0,0.7629,-3765.19,21971,11980,0.33,복합기업,KOSPI
073240,47013.0,51029.0,53635.18,56338.0,5759.0,6217.0,6596.82,7427.78,0.9317,12484.08,21142,7360,9.81,자동차부품,KOSPI
018670,76763.0,97382.0,91116.5,96055.5,4428.0,4734.0,4975.0,5175.5,0.7579,26026.17,21134,228000,4.32,가스유틸리티,KOSPI
457190,4115.0,,,,16.0,,,,1.0,1556.56,21153,70000,,화학,KOSPI
009970,48950.0,,,,7355.0,,,,0.6063,-15021.19,21827,168500,2.86,"섬유,의류,신발,호화품",KOSPI
002790,46232.0,,,,3680.0,,,,0.4246,-16403.41,20835,27250,23.54,화장품,KOSPI
112610,29316.0,28480.0,32400.0,33191.63,3203.0,3043.0,3380.8,2642.75,0.9778,7948.04,20622,48900,152.75,에너지장비및서비스,KOSPI
051600,15765.0,16338.0,17096.6,17637.2,1401.0,1757.0,1935.7,2010.8,1.0,-2782.69,20610,45800,9.42,전기유틸리티,KOSPI
139480,289704.0,290773.0,302361.08,307692.7,3225.0,4184.0,5655.92,6053.5,0.8272,114500.08,20504,74300,,백화점과일반상점,KOSPI
475150,3856.41,5550.33,2126.0,1658.0,529.98,659.0,847.83,832.5,1.0,3383.52,18737,55000,14.86,에너지장비및서비스,KOSPI
069960,42303.0,42969.0,46304.5,48254.41,3779.0,4176.0,5108.94,5544.06,0.9847,13062.4,20573,95400,,백화점과일반상점,KOSPI
462870,2945.0,2145.0,2211.44,3890.22,1814.0,1071.0,1055.78,2404.44,1.0,-5410.08,19179,32650,23.34,게임엔터테인먼트,KOSPI
020150,6775.0,9100.0,13221.75,17243.0,-1452.0,-512.0,361.63,1173.33,0.8308,-375.89,19794,37800,,전자장비와기기,KOSPI
439260,12281.0,13276.0,13713.17,14941.5,2941.0,3647.0,3749.17,4301.83,1.0,-6298.42,18092,47500,9.17,조선,KOSPI
000155,197841.0,218424.0,252348.5,284230.0,10627.0,18125.0,25064.08,31031.0,0.5085,54570.67,17584,440000,,복합기업,KOSPI
120110,48734.0,53155.0,55417.5,57748.5,1089.0,2780.0,2985.83,3361.83,0.951,22920.57,17818,59500,31.52,화학,KOSPI
071970,4024.0,6064.0,7656.6,8911.0,759.0,1550.0,2117.0,2604.0,1.0,-4232.94,17673,52100,10.56,조선,KOSPI
089860,29188.0,30497.0,32314.5,34097.4,3125.0,3506.0,3831.6,4146.9,1.0,44991.09,17192,47350,8.47,도로와철도운송,KOSPI
008770,40683.0,40123.0,41498.31,43757.33,135.0,1976.0,2457.92,2836.08,1.0,9742.49,17308,44100,30.43,백화점과일반상점,KOSPI
006040,95837.0,102554.0,106629.67,110630.0,5161.0,5742.0,6005.33,6140.0,0.9467,21050.03,16972,38450,7.18,식품,KOSPI
322000,4927.0,6959.0,8534.0,,412.0,1432.0,1665.0,,1.0,-1668.73,15938,142300,,에너지장비및서비스,KOSPI
023590,174950.0,,,,15593.0,,,,0.437,-482973.99,16882,39000,3.55,증권,KOSPI
001800,33931.0,,,,4877.0,,,,0.3582,-12314.71,15520,25800,10.68,식품,KOSPI
011210,84816.0,90885.0,96189.87,101408.15,2044.0,2188.0,2666.6,2987.0,0.9502,-2845.84,16317,60000,19.36,자동차부품,KOSPI
020560,72668.0,,,,-3452.0,,,,0.631,60195.1,15676,7610,7.29,항공사,KOSPI
000120,122847.0,132514.0,137548.64,143196.27,5081.0,4698.0,5340.18,5899.18,0.9385,38229.46,16767,73500,12.91,항공화물운송과물류,KOSPI
294870,41470.0,38457.0,47789.94,48136.29,2486.0,5214.0,7038.0,6523.86,1.0,12767.84,15422,23400,5.56,건설,KOSPI
298020,76948.0,88100.0,90622.17,95729.67,2515.0,5571.0,6144.67,6563.5,0.774,22664.76,15385,355500,16.95,무역회사와판매업체,KOSPI
009155,113145.0,143234.0,183316.4,234218.06,9133.0,19307.0,37297.45,58710.0,0.9622,-2270.93,15174,522000,28.11,전자장비와기기,KOSPI
001120,167063.0,188307.0,186882.5,189408.67,2922.0,4662.0,4639.0,4750.0,0.8778,18965.43,15097,38950,9.73,무역회사와판매업체,KOSPI
006280,19913.0,19881.0,21101.0,22768.77,692.0,726.0,980.77,1277.46,0.884,8941.9,15087,129100,,제약,KOSPI
097230,19997.0,26710.0,29510.0,,671.0,2180.0,3250.0,,1.0,2710.99,15188,16820,,건설,KOSPI
001430,36516.0,40964.0,43697.7,45335.78,984.0,1656.0,2230.7,2562.56,0.9923,12059.87,14703,41000,6.95,철강,KOSPI
069620,15709.0,16657.0,17606.56,19233.0,1968.0,2311.0,2420.33,2825.78,1.0,7665.99,14715,127000,11.12,제약,KOSPI
007810,15097.0,18133.0,21205.33,24237.67,538.0,1422.0,2081.33,2772.67,1.0,1868.81,14701,61300,,전자장비와기기,KOSPI
093370,4716.0,6908.0,7659.0,8951.0,254.0,765.0,1057.0,1230.0,0.8701,2632.79,14083,13130,,화학,KOSPI
005070,4563.0,5792.0,8926.0,13130.0,24.0,212.0,608.0,1110.0,,888.66,13767,41450,170.78,화학,KOSPI
012630,65848.0,,,,6489.0,,,,0.7227,23786.06,13502,22600,3.64,건설,KOSPI
280360,42160.0,44748.0,46731.69,48450.3,1095.0,2148.0,2405.38,2651.8,1.0,11547.69,13411,145700,16.56,식품,KOSPI
229640,9601.0,12500.0,13738.67,15196.67,668.0,846.0,949.0,1125.56,0.8836,967.59,14118,46100,154.98,전기장비,KOSPI
066575,892009.0,966485.0,1010770.71,1052523.07,24784.0,46395.0,49360.82,60193.13,0.8057,41258.6,12938,75300,25.82,전자제품,KOSPI
001740,67451.0,69295.0,70391.67,72090.0,863.0,1187.0,1358.0,1498.33,0.9793,14693.46,13179,6570,,복합기업,KOSPI
281820,3829.0,6528.0,8724.0,9260.0,600.0,1462.0,2011.0,2170.0,0.9982,-2632.16,13542,68400,17.64,반도체와반도체장비,KOSPI
007310,36745.0,,,,1773.0,,,,0.9595,2748.22,13486,336500,10.0,식품,KOSPI
000815,247785.0,,,,26591.0,31986.0,37928.08,36586.31,1.0,,12810,426000,7.31,손해보험,KOSPI
361610,2619.0,1634.0,2494.5,3977.75,-2464.0,-2308.0,-1015.75,-130.5,1.0,14498.73,13241,16190,68.47,전기제품,KOSPI
003540,50639.0,,,,3014.0,6237.0,3816.67,3960.0,1.0,,12918,27100,9.28,증권,KOSPI
300720,14239.0,13844.0,14740.5,15445.0,1327.0,1163.0,1507.0,1708.5,1.0,4969.89,12510,17010,5.21,건축자재,KOSPI
192080,7199.0,8386.0,8821.46,9297.4,2321.0,2831.0,3094.23,3293.6,0.822,-10011.68,12386,58500,5.82,게임엔터테인먼트,KOSPI
017960,9088.0,9450.0,9963.6,10420.67,1310.0,1812.0,1989.4,2167.67,1.0,-1635.39,12480,24150,,조선,KOSPI
001820,2945.0,3276.0,3984.5,4220.0,129.0,298.0,580.5,620.0,1.0,-881.47,11715,112700,19.03,전기제품,KOSPI
004000,17527.0,21191.0,20897.71,21641.57,744.0,1631.0,1657.86,1807.71,1.0,-4418.46,12332,47800,8.22,화학,KOSPI
006340,6245.0,,,,94.0,,,,0.6795,162.83,10680,13620,8.98,전기장비,KOSPI
030610,45068.0,,,,1904.0,,,,1.0,,11613,10190,5.96,증권,KOSPI
000080,24986.0,24573.0,25063.43,25629.17,1723.0,1911.0,2027.0,2160.83,1.0,7752.29,10906,15550,44.98,음료,KOSPI
003530,30946.0,,,,1477.0,,,,1.0,,10577,4930,82.09,증권,KOSPI
006110,2715.0,3832.0,4721.2,,-176.0,59.0,367.75,,1.0,2331.11,10813,71500,451.3,비철금속,KOSPI
032350,6534.0,7862.0,8689.5,9380.5,1433.0,1967.0,2284.88,2571.83,1.0,11891.68,10588,13280,,"호텔,레스토랑,레저",KOSPI
000210,53267.0,55386.0,55391.5,56050.0,2985.0,6496.0,6105.0,6170.0,0.9294,45447.6,10562,50400,,화학,KOSPI
003090,20684.0,,,,2618.0,,,,0.7681,7061.41,10489,18040,7.86,제약,KOSPI
003240,18274.0,,,,-360.0,,,,0.9721,-13030.56,10377,932000,,화학,KOSPI
077970,7893.0,9044.0,9892.0,13208.5,696.0,1004.0,1190.0,1826.0,1.0,2185.47,10037,25000,57.65,조선,KOSPI
000370,74497.0,,,,4296.0,,,,1.0,,9818,8410,2.53,손해보험,KOSPI
051915,459322.0,562410.0,640724.38,708314.31,11809.0,13021.0,39507.69,55674.85,0.7905,307180.26,9796,127400,29.2,화학,KOSPI
003570,7120.0,8077.0,9147.0,10260.0,855.0,1121.0,1357.0,1544.0,1.0,-3243.33,9743,29300,9.67,자동차부품,KOSPI
192400,9209.0,9950.0,10660.0,11230.0,1140.0,1140.0,1230.0,1290.0,1.0,-3466.13,9957,28000,4.48,가정용기기와용품,KOSPI
030190,6021.0,6610.0,7243.0,7863.0,1044.0,1190.0,1306.5,1428.0,1.0,-1481.99,9444,16030,10.25,상업서비스와공급품,KOSPI
185750,16924.0,18470.0,18836.0,19778.0,806.0,764.0,1319.0,1384.0,0.9951,1081.44,9441,68400,8.12,제약,KOSPI
004490,21421.0,22730.0,29980.0,,1538.0,1460.0,2060.0,,0.9975,-3132.96,9453,68200,6.97,자동차부품,KOSPI
034230,11499.0,12657.0,13769.9,14693.63,1558.0,1652.0,2027.3,2403.38,0.7654,6206.98,9448,10200,19.51,"호텔,레스토랑,레저",KOSPI
285130,23652.0,29278.0,31620.0,33405.0,-2.0,587.0,1592.0,2230.0,1.0,4854.61,9203,53200,32.7,화학,KOSPI
009240,17445.0,16720.0,17366.33,17920.8,185.0,389.0,426.83,524.2,0.9995,1895.95,9225,39200,,가구,KOSPI
003470,34613.0,,,,994.0,,,,1.0,,9114,4730,8.41,증권,KOSPI
009450,15022.0,16926.0,18994.0,21342.0,1434.0,2679.0,2668.0,3145.0,0.9989,2040.46,9120,62600,8.27,가정용기기와용품,KOSPI
195870,6534.0,8822.0,10182.9,11485.3,465.0,1028.0,1480.1,1789.2,1.0,1298.53,9163,53900,11.16,반도체와반도체장비,KOSPI
005300,39711.0,41025.0,42565.75,44115.67,1672.0,2019.0,2277.17,2477.78,0.9458,14544.81,9260,99800,8.89,음료,KOSPI
100090,9654.0,6458.0,7437.5,11730.33,595.0,574.0,614.25,1166.33,0.9968,1803.61,8622,13800,19.0,에너지장비및서비스,KOSPI
079160,22754.0,24242.0,25445.75,26283.33,962.0,994.0,1356.5,1540.0,,20116.61,9008,5440,,방송과엔터테인먼트,KOSPI
071055,194661.0,419870.0,417760.0,419820.0,23453.0,40460.0,32844.4,33520.62,0.9978,,8700,148500,5.34,증권,KOSPI
071320,39982.0,39223.0,39382.33,38811.0,5296.0,5106.0,4246.0,4094.0,0.9941,37397.42,8846,76400,1.42,복합유틸리티,KOSPI
499790,4816.83,6205.2,6818.4,7245.6,780.23,1340.8,1554.8,1728.8,0.6631,6224.65,8696,43850,,"호텔,레스토랑,레저",KOSPI
006120,101640.0,,,,3614.0,,,,0.8943,41141.98,8881,51000,4.19,석유와가스,KOSPI
005180,14896.0,15732.0,16307.5,16630.0,884.0,1617.0,1640.0,1450.0,1.0,-1441.02,8398,90600,6.25,식품,KOSPI
003850,10174.0,,,,651.0,,,,1.0,2538.32,7781,9070,20.32,제약,KOSPI
298050,32830.0,35940.0,36532.0,37524.0,1574.0,2370.0,2776.75,2979.5,0.7551,26151.51,8055,179800,39.83,화학,KOSPI
005090,24607.0,25448.0,25938.67,25668.0,958.0,1644.0,1755.67,2469.0,0.8082,17399.96,7997,55500,9.48,에너지장비및서비스,KOSPI
214320,21460.0,21578.0,22429.63,23487.43,1628.0,1854.0,1963.25,2086.14,0.8744,-5212.93,7672,19180,8.41,광고,KOSPI
036530,22357.0,23240.0,25290.0,27360.0,3007.0,3170.0,3490.0,3850.0,0.5611,-10191.21,7475,45850,3.23,자동차부품,KOSPI
456040,20094.0,21865.0,22045.0,22770.0,4.0,1648.0,1880.67,1966.67,0.9598,5246.13,7422,82900,15.24,화학,KOSPI
000670,29090.0,,,,-2597.0,,,,,1866.54,7364,40000,,핸드셋,KOSPI
064960,10064.0,10351.0,11380.5,12122.57,1026.0,1072.0,1208.63,1387.57,1.0,-3583.6,6914,26050,7.26,자동차부품,KOSPI
137310,7106.0,,,,-809.0,,,,,-1229.65,7390,6120,,건강관리장비와용품,KOSPI
005880,12770.0,12235.0,12124.0,12126.2,2072.0,2513.0,2413.6,2464.6,1.0,10250.27,6745,2090,10.07,해운사,KOSPI
003160,4323.0,5827.0,7551.0,8111.0,365.0,1055.0,1394.0,1476.0,0.4002,359.69,6849,24200,56.54,반도체와반도체장비,KOSPI
014820,13729.0,,,,662.0,,,,0.999,2862.38,6726,23200,15.72,포장재,KOSPI
001570,1028.0,,,,-447.0,,,,,3021.11,6333,9900,,화학,KOSPI
093050,18824.0,,,,1681.0,,,,0.8414,4868.89,6798,23250,4.7,"섬유,의류,신발,호화품",KOSPI
069260,11277.0,13140.0,13397.25,13501.0,656.0,879.0,914.5,879.5,1.0,-2409.45,6716,16430,6.52,화학,KOSPI
317450,2873.0,,,,925.0,,,,1.0,-4466.9,6731,46100,10.26,제약,KOSPI
005690,1141.0,1600.0,2251.0,3420.0,343.0,582.0,884.0,1540.0,,-401.4,6666,11110,101.82,화학,KOSPI
268280,5321.0,,,,655.0,,,,1.0,-248.65,6595,131900,37.33,화학,KOSPI
006380,246.0,,,,-211.0,,,,,1268.07,6185,3660,,화학,KOSPI
033240,8489.0,10056.0,10064.0,10680.0,420.0,921.0,923.0,970.0,1.0,821.61,6536,30250,,통신장비,KOSPI
001060,7753.0,,,,945.0,,,,1.0,-303.34,6567,28200,23.92,제약,KOSPI
017940,103925.0,154098.0,154079.0,150674.0,3241.0,1651.0,4487.0,4531.0,0.882,-6912.07,6661,97100,2.0,가스유틸리티,KOSPI
002960,3450.0,,,,528.0,,,,,-301.51,6480,498500,7.86,화학,KOSPI
000400,32207.0,,,,647.0,,,,,,6408,2065,2.6,손해보험,KOSPI
248070,17002.0,,,,465.0,,,,0.9476,3728.47,6403,13390,11.34,전자장비와기기,KOSPI
000640,14298.0,15763.0,17006.0,18485.67,978.0,1104.0,1192.33,1394.33,0.9859,4729.59,6342,94200,11.06,제약,KOSPI
002350,31896.0,34737.0,36173.81,37878.93,1703.0,1772.0,2132.25,2400.21,0.997,12956.47,6270,6420,8.15,자동차부품,KOSPI
001680,44013.0,44700.0,46512.5,47220.0,1693.0,1830.0,2044.0,2060.0,0.9841,10797.32,6344,18310,11.14,식품,KOSPI
100840,6061.0,6410.0,6660.0,6890.0,1113.0,1310.0,1490.0,1570.0,1.0,-836.28,6318,30550,7.27,에너지장비및서비스,KOSPI
006650,33478.0,36354.0,37880.75,38007.5,527.0,1739.0,2278.5,2493.25,0.7322,758.41,6253,96200,,화학,KOSPI
002840,4411.0,,,,436.0,,,,1.0,-119.71,6224,138300,13.53,화학,KOSPI
383800,1904.0,2490.0,2660.0,2810.0,1334.0,1990.0,2080.0,2180.0,1.0,2009.41,6240,8180,6.95,무역회사와판매업체,KOSPI
002990,20185.0,21520.0,23570.0,24780.0,471.0,750.0,1040.0,1300.0,0.9932,14.34,6133,16460,174.44,건설,KOSPI
090460,17927.0,18960.0,21547.55,22838.2,540.0,968.0,1311.64,1508.3,0.9058,-30.67,6146,18230,8.04,전자장비와기기,KOSPI
453340,23296.0,24992.0,26724.0,28165.0,1068.0,1388.0,1498.5,1630.0,0.9948,-1200.06,6137,18900,8.28,식품,KOSPI
001510,14047.0,,,,78.0,,,,1.0,,5910,2555,119.72,증권,KOSPI
114090,4229.0,4662.0,4878.43,5129.83,526.0,680.0,771.57,767.5,0.9985,-3786.15,5981,9670,19.03,"호텔,레스토랑,레저",KOSPI
108320,16391.0,15473.0,16143.5,17410.0,1089.0,746.0,775.0,925.0,1.0,-4406.46,5953,36600,13.95,디스플레이장비및부품,KOSPI
178920,2634.0,2924.0,3285.5,3679.0,430.0,682.0,754.0,845.0,,-200.79,5903,20100,,화학,KOSPI
079900,1907.0,1922.0,2067.0,2205.0,287.0,289.0,350.0,387.0,1.0,-325.12,5779,39600,17.2,기계,KOSPI
075580,4027.0,,,,734.0,,,,0.8469,1544.16,5901,10380,15.79,조선,KOSPI
058650,66111.0,74867.0,78205.0,80300.5,1755.0,3210.0,3962.0,4074.0,0.8423,20358.81,5786,136400,5.27,철강,KOSPI
003300,19305.0,,,,1232.0,,,,0.5097,7309.01,5833,18920,3.3,건축자재,KOSPI
001530,6014.0,7106.0,7850.0,9156.0,-15.0,121.0,215.0,349.0,1.0,3868.49,5738,27700,240.03,"섬유,의류,신발,호화품",KOSPI
001270,9655.0,,,,568.0,,,,0.9998,,5683,54800,5.06,증권,KOSPI
336370,6161.0,5556.0,6899.5,10082.5,-733.0,-754.0,287.5,760.5,0.707,8392.07,5624,8010,6.42,전자장비와기기,KOSPI
016380,31934.0,34030.0,35459.67,36884.67,1507.0,1353.0,1605.33,1685.67,1.0,2314.2,5560,5560,3.8,철강,KOSPI
007700,19338.0,,,,4342.0,,,,,-4751.67,5617,14360,5.0,"섬유,의류,신발,호화품",KOSPI
005810,4325.0,5385.0,5370.0,5535.0,668.0,1422.0,1218.0,1260.0,0.9995,526.02,5443,37750,4.47,비철금속,KOSPI
025540,14428.0,15003.0,15888.0,16785.0,1393.0,1102.0,1371.0,1533.0,1.0,-1336.32,5543,54800,10.71,자동차부품,KOSPI
003620,43036.0,50812.0,56942.0,59231.0,362.0,361.0,853.0,1079.0,0.9076,7372.5,5464,2700,194.67,자동차,KOSPI
161000,14523.0,,,,-102.0,,,,0.4668,5107.06,5361,11020,22.56,화학,KOSPI
019170,2347.0,,,,143.0,,,,1.0,-190.16,5457,10410,,제약,KOSPI
284740,11213.0,,,,1694.0,,,,0.8898,-655.68,5329,23750,4.3,가정용기기와용품,KOSPI
003545,50639.0,,,,3014.0,6237.0,3816.67,3960.0,1.0,,4999,20500,9.28,증권,KOSPI
484870,4033.0,4373.0,5348.0,6436.0,561.0,636.0,847.0,1111.0,,-463.96,5025,18300,12.75,우주항공과국방,KOSPI
009410,21745.0,,,,528.0,,,,0.666,9516.19,5086,1709,,건설,KOSPI
008060,13850.0,,,,113.0,,,,0.5689,-3721.99,5065,16190,17.54,전자장비와기기,KOSPI
460860,32034.0,37752.0,39717.33,41138.33,594.0,1235.0,1485.0,1601.67,,13551.47,5065,10210,2.46,철강,KOSPI
039130,5869.0,5970.0,6493.75,6883.75,576.0,508.0,651.25,723.5,0.7864,-1279.94,5057,32650,17.77,"호텔,레스토랑,레저",KOSPI
377740,1183.0,,,,167.0,,,,1.0,-3649.99,4860,4770,,건강관리장비와용품,KOSPI
001500,18205.0,,,,723.0,,,,1.0,,4928,7970,6.38,증권,KOSPI
090435,42528.0,47138.0,51516.78,56003.94,3358.0,4825.0,5574.56,6358.0,0.9569,-8086.94,4851,45950,55.59,화장품,KOSPI
010780,12344.0,11418.0,14549.0,18876.0,681.0,1641.0,1783.67,3132.0,0.9843,9568.09,4851,16070,5.55,건설,KOSPI
004690,52755.0,58547.0,54856.0,55876.0,1596.0,1788.0,1786.0,1858.0,0.8709,750.99,4838,133400,3.2,가스유틸리티,KOSPI
034310,32426.0,,,,1981.0,,,,0.4916,5008.22,4852,13200,128.49,IT서비스,KOSPI
000070,33483.0,,,,1088.0,,,,0.3159,11119.41,4689,60400,2.37,화학,KOSPI
145990,25625.0,,,,1117.0,,,,0.8903,6948.15,4739,45950,4.46,식품,KOSPI
002240,18092.0,,,,407.0,,,,1.0,-278.45,4663,17270,7.1,철강,KOSPI
005250,24515.0,,,,362.0,,,,,15833.53,4717,10030,,제약,KOSPI
249420,5669.0,,,,195.0,,,,1.0,816.88,4673,14770,,제약,KOSPI
029460,7973.0,,,,465.0,,,,0.8698,-2101.88,4518,41000,5.25,반도체와반도체장비,KOSPI
005420,6642.0,,,,-160.0,,,,,3543.74,4498,11710,,화학,KOSPI
072710,8588.0,,,,811.0,,,,1.0,1696.01,4424,95400,4.48,식품,KOSPI
005389,1862545.0,1940652.0,2031223.32,2131610.14,114679.0,114811.0,132761.88,142985.57,0.9145,1025242.74,4383,188300,4.67,자동차,KOSPI
004700,979.0,,,,88.0,,,,,-520.6,4375,65800,36.64,"섬유,의류,신발,호화품",KOSPI
317400,13876.0,15520.0,19865.0,22340.0,125.0,560.0,1003.5,1043.0,0.7976,-1450.69,4487,11570,6.11,건설,KOSPI
005945,136989.0,360954.0,335076.0,334831.0,14206.0,23399.0,20425.13,20576.54,0.9901,,4416,23400,6.51,증권,KOSPI
002030,18845.0,,,,1110.0,,,,0.6036,4845.88,4385,213000,4.33,건축자재,KOSPI
014830,13388.0,16063.0,17101.33,17706.33,879.0,940.0,1124.67,1196.17,1.0,1189.13,4487,66300,28.21,화학,KOSPI
092230,11637.0,,,,430.0,,,,0.6795,-6678.85,4372,103500,2.58,화학,KOSPI
017900,1327.0,,,,12.0,,,,1.0,-913.17,4346,7500,,전자장비와기기,KOSPI
403550,4707.0,5080.0,5373.0,5570.0,232.0,294.0,353.0,405.0,1.0,2788.21,4325,11400,,도로와철도운송,KOSPI
001200,16941.0,,,,844.0,,,,1.0,,4252,4390,11.16,증권,KOSPI
009900,16192.0,16900.0,17500.0,18340.0,1026.0,1140.0,1380.0,1510.0,1.0,-545.5,4182,7970,6.53,자동차부품,KOSPI
008730,4854.0,5376.0,6481.0,,85.0,131.0,454.0,,1.0,2884.98,4184,16870,,포장재,KOSPI
003030,37596.0,42340.0,48513.0,52210.0,2058.0,1058.0,3088.0,3788.5,1.0,20507.16,4195,101300,3.5,철강,KOSPI
002810,4469.0,,,,128.0,,,,0.9555,-3143.9,4146,22450,4.57,화학,KOSPI
016610,19220.0,,,,1167.0,,,,0.8528,,4168,9820,26.48,증권,KOSPI
003000,2007.0,,,,142.0,,,,1.0,-884.29,4129,4185,,제약,KOSPI
016590,6395.0,,,,222.0,,,,1.0,-1048.58,4179,10370,4.73,포장재,KOSPI
194370,12882.0,16597.0,18344.0,19658.0,1405.0,1767.0,1886.0,2033.0,1.0,7780.91,4088,14090,2.1,"섬유,의류,신발,호화품",KOSPI
183190,10228.0,10715.0,11636.67,12249.33,771.0,746.0,1166.0,1335.33,0.9795,5963.24,4112,11430,4.56,건축자재,KOSPI
003280,1808.0,,,,113.0,,,,1.0,150.96,4087,1700,17.61,해운사,KOSPI
130660,3945.0,,,,66.0,,,,1.0,63.51,3980,12210,15.41,전기유틸리티,KOSPI
344820,19006.0,,,,-752.0,,,,1.0,3428.08,4033,25250,8.02,건축자재,KOSPI
001940,8253.0,9220.0,9350.0,9990.0,-707.0,-170.0,260.0,340.0,1.0,-7896.36,4019,28350,4.23,철강,KOSPI
452260,5752.0,,,,94.0,,,,1.0,5115.03,3964,2045,,백화점과일반상점,KOSPI
271940,816.0,,,,-112.0,,,,1.0,-2379.76,3969,10930,678.89,자동차부품,KOSPI
029530,3173.0,,,,62.0,,,,1.0,-4183.27,3949,40650,5.99,사무용전자제품,KOSPI
950210,143.0,248.31,,,-674.0,-928.23,,,1.0,225.16,3906,6500,32.32,제약,KOSPI
006220,3659.0,,,,99.0,,,,1.0,,3844,10170,51.08,은행,KOSPI
306200,14848.0,18648.0,19611.4,20221.25,496.0,1112.0,1257.8,1478.25,1.0,2511.76,3942,139000,2.07,철강,KOSPI
015360,13276.0,,,,1117.0,,,,1.0,2038.45,3842,14100,8.38,가스유틸리티,KOSPI
006405,132667.0,159451.0,198943.95,247105.11,-17224.0,3522.0,14225.7,24413.44,0.7877,106775.0,3705,229000,16.63,전기제품,KOSPI
192650,12306.0,12324.0,14971.5,16890.5,314.0,401.0,576.0,690.0,0.7244,827.86,3802,5770,57.24,핸드셋,KOSPI
027410,4695.0,4740.0,4840.0,4940.0,612.0,590.0,650.0,700.0,1.0,-422.26,3757,3925,4.69,화학,KOSPI
017810,33802.0,35810.0,37736.25,39914.0,932.0,1135.0,1337.25,1559.5,1.0,10639.49,3759,9860,20.97,식품,KOSPI
031430,11100.0,12771.0,13662.6,14288.5,-115.0,565.0,731.4,809.25,1.0,2720.61,3789,10830,16.66,"섬유,의류,신발,호화품",KOSPI
060980,13350.0,13650.0,14660.0,15840.0,887.0,1267.0,1380.0,1600.0,0.9918,8148.21,3709,40850,6.78,자동차부품,KOSPI
170900,8088.0,8771.0,9965.0,11215.0,6.0,369.0,434.0,463.0,1.0,2744.76,3697,38000,54.62,제약,KOSPI
126560,2645.0,,,,63.0,,,,1.0,-3232.02,3631,3325,,화장품,KOSPI
089590,15799.0,19951.0,19471.33,19810.33,-1117.0,92.0,1103.67,1452.67,0.7998,11477.37,3613,4480,6.75,항공사,KOSPI
104700,4866.0,5490.0,5520.0,5900.0,-387.0,-160.0,160.0,210.0,,-3323.8,3660,10040,4.1,철강,KOSPI
097520,12792.0,,,,520.0,,,,1.0,79.46,3637,20900,19.48,핸드셋,KOSPI
004710,12524.0,,,,204.0,,,,0.2898,2338.93,3628,6830,5.7,전자장비와기기,KOSPI
011930,5675.0,7600.0,8503.0,9693.0,13.0,195.0,276.0,501.0,0.8537,1935.6,3466,17070,25.88,반도체와반도체장비,KOSPI
105630,19418.0,21221.0,22010.86,22628.33,834.0,989.0,1054.43,1180.0,0.9982,5226.53,3572,8930,7.52,"섬유,의류,신발,호화품",KOSPI
009160,11790.0,,,,460.0,,,,0.9209,2911.42,3439,5260,,비철금속,KOSPI
024720,6301.0,,,,477.0,,,,1.0,1364.24,3543,10330,,화장품,KOSPI
007690,13956.0,17852.0,17525.5,17544.5,532.0,895.0,947.5,1049.5,1.0,4401.52,3565,38500,47.94,화학,KOSPI
005610,33705.0,,,,387.0,,,,1.0,3036.29,3564,41300,10.75,식품,KOSPI
011760,75543.0,93635.0,91837.5,91171.75,1401.0,1970.0,1910.25,1976.25,1.0,8648.6,3393,25650,2.98,무역회사와판매업체,KOSPI
003350,1846.0,,,,329.0,,,,,-575.54,3392,14970,14.56,화장품,KOSPI
020000,14918.0,15966.0,16759.5,17601.0,522.0,926.0,1040.0,1158.8,1.0,-387.48,3396,15810,5.62,"섬유,의류,신발,호화품",KOSPI
002310,8551.0,,,,272.0,,,,1.0,-635.58,3369,8540,4.56,포장재,KOSPI
092790,5510.0,,,,399.0,,,,1.0,693.01,3279,12610,1.31,철강,KOSPI
005720,35865.0,,,,2042.0,,,,0.5127,12586.84,3231,6150,5.72,자동차부품,KOSPI
078520,2420.0,2699.0,3237.0,,180.0,364.0,453.0,,1.0,-38.21,3358,12910,28.98,화장품,KOSPI
015860,22827.0,,,,1456.0,,,,0.3927,-5626.04,3311,6710,7.02,전기장비,KOSPI
016800,3582.0,,,,57.0,,,,1.0,-1053.58,3220,28000,5.24,가구,KOSPI
123890,2043.0,2485.0,2450.0,2660.0,342.0,715.0,1015.0,1240.0,1.0,,3231,2640,3.02,부동산,KOSPI
002020,58861.0,,,,605.0,,,,1.0,23440.16,3337,25850,27.83,복합기업,KOSPI
200880,45052.0,,,,1618.0,,,,0.9819,6745.21,3314,12260,3.29,자동차부품,KOSPI
026890,912.0,,,,172.0,,,,1.0,,3296,8500,10.47,창업투자,KOSPI
145720,3465.0,3729.0,4271.75,4894.5,641.0,751.0,875.25,1059.5,1.0,2245.04,3225,37400,15.02,건강관리장비와용품,KOSPI
012030,6435.0,,,,416.0,,,,0.9943,3166.59,3219,1600,17.19,IT서비스,KOSPI
009290,16595.0,,,,310.0,,,,0.9831,1232.25,3182,6390,10.54,제약,KOSPI
005950,16595.0,,,,69.0,,,,,2848.65,3205,12190,,화학,KOSPI
000157,197841.0,218424.0,252348.5,284230.0,10627.0,18125.0,25064.08,31031.0,0.5085,54570.67,3121,349500,,복합기업,KOSPI
001230,19853.0,,,,395.0,,,,0.7758,1121.2,3165,2035,2.27,철강,KOSPI
025860,16044.0,,,,431.0,,,,1.0,2097.05,3135,6310,30.72,화학,KOSPI
018250,6545.0,,,,211.0,,,,1.0,-1091.17,3145,11910,10.09,화장품,KOSPI
108670,31787.0,34312.0,34719.33,36103.0,131.0,1398.0,1256.67,1398.0,1.0,4705.06,3112,34700,7.06,건축자재,KOSPI
381970,24388.0,24837.0,,,760.0,778.0,,,,2172.61,3110,6370,19.87,자동차,KOSPI
091810,17982.0,21280.0,22095.0,22845.0,-2655.0,-1855.0,245.0,1330.0,0.982,4891.38,3058,2995,1.23,항공사,KOSPI
126720,3377.0,,,,431.0,,,,1.0,-1802.89,3057,21400,5.54,에너지장비및서비스,KOSPI
096760,9696.0,,,,1679.0,,,,0.5066,2581.64,3053,4130,13.56,제약,KOSPI
272450,13811.0,15306.0,15766.0,16222.0,-192.0,-140.0,799.0,1281.0,,266.44,3002,5750,4.59,항공사,KOSPI
001390,91016.0,,,,3057.0,,,,0.2855,14328.88,2972,4475,4.93,자동차,KOSPI
034830,1844.0,2378.0,2381.5,2609.0,-209.0,373.0,415.5,436.0,0.9987,,2939,1164,,부동산,KOSPI
002710,6115.0,,,,-109.0,,,,0.9969,2084.53,2994,11420,,철강,KOSPI
001750,9090.0,,,,753.0,,,,,,2946,19500,3.5,증권,KOSPI
084010,12471.0,14150.0,14920.0,15390.0,-29.0,285.0,335.0,370.0,0.8965,-2726.36,2935,8540,4.38,철강,KOSPI
084690,56288.0,,,,1998.0,,,,0.2547,14733.49,2908,8030,23.46,식품,KOSPI
244920,6825.0,,,,293.0,,,,0.8964,-978.63,2910,12870,9.61,손해보험,KOSPI
058430,11254.0,11640.0,12095.0,12390.0,245.0,275.0,315.0,330.0,0.9877,-576.43,2841,4735,13.71,비철금속,KOSPI
010955,342470.0,421783.0,396548.93,378377.36,2356.0,43722.0,32570.5,27677.86,1.0,75316.31,2807,69800,8.55,석유와가스,KOSPI
037710,1842.0,,,,525.0,,,,,2168.37,2830,37100,4.96,백화점과일반상점,KOSPI
003960,34998.0,,,,947.0,,,,0.9584,5647.46,2841,31000,3.14,식품,KOSPI
010820,2948.0,,,,107.0,,,,,-963.77,2824,5790,50.0,우주항공과국방,KOSPI
017390,18280.0,,,,174.0,,,,0.9984,-6613.98,2777,56100,15.34,가스유틸리티,KOSPI
033270,2888.0,3035.0,3203.0,3384.0,496.0,478.0,496.0,508.0,,-1636.96,2829,17780,9.09,제약,KOSPI
002900,9294.0,9972.0,,,641.0,833.0,,,1.0,1164.5,2815,6800,4.12,기계,KOSPI
286940,11698.0,11976.0,12753.33,13580.0,314.0,449.0,559.33,636.67,1.0,-36.38,2811,18580,10.74,IT서비스,KOSPI
010690,19625.0,21340.0,22010.0,24130.0,1024.0,807.0,960.0,1030.0,0.9734,5823.72,2801,8020,6.18,자동차부품,KOSPI
122900,30544.0,39470.0,42650.0,45530.0,203.0,710.0,860.0,970.0,0.8394,515.43,2765,8270,18.98,상업서비스와공급품,KOSPI
000430,15991.0,,,,470.0,,,,0.792,2263.31,2722,4390,11.01,자동차부품,KOSPI
004430,10392.0,,,,218.0,,,,1.0,613.6,2750,11460,11.27,화학,KOSPI
217590,3409.0,,,,64.0,,,,1.0,303.51,2718,11280,,조선,KOSPI
105840,1504.0,,,,142.0,,,,0.788,-57.61,2676,13250,16.19,기계,KOSPI
020120,2175.0,,,,124.0,,,,1.0,-332.31,2591,6990,,양방향미디어와서비스,KOSPI
044820,6452.0,,,,270.0,,,,1.0,4226.5,2574,26800,11.27,건강관리업체및서비스,KOSPI
005430,6632.0,7050.0,,,470.0,635.0,,,1.0,-617.87,2555,80700,4.99,운송인프라,KOSPI
008490,7223.0,,,,502.0,,,,0.9225,3749.63,2644,22850,54.26,제약,KOSPI
003120,643.0,,,,-62.0,,,,,-2118.44,2720,20450,,제약,KOSPI
001790,13563.0,,,,566.0,,,,0.9985,893.29,2523,2925,9.39,식품,KOSPI
004360,12418.0,,,,273.0,,,,1.0,-97.25,2584,13520,4.03,항공화물운송과물류,KOSPI
298690,8326.0,9910.0,9560.0,9200.0,-45.0,-70.0,560.0,670.0,,7174.91,2506,1538,3.43,항공사,KOSPI
007160,7062.0,,,,332.0,,,,0.3026,3738.59,2575,51500,10.92,식품,KOSPI
003070,26844.0,29268.0,32974.0,35060.0,37.0,1313.0,1531.0,1770.0,0.9925,7995.13,2497,9820,801.71,건설,KOSPI
003200,5172.0,,,,124.0,,,,0.9785,-1438.81,2505,10910,26.49,"섬유,의류,신발,호화품",KOSPI
003920,9141.0,,,,52.0,,,,1.0,-71.08,2519,44400,,식품,KOSPI
053690,4488.0,4906.0,5378.5,5200.0,306.0,302.0,425.0,450.0,1.0,425.89,2493,22750,15.81,건설,KOSPI
005500,3091.0,,,,268.0,,,,,1090.07,2504,18800,15.88,제약,KOSPI
000680,26152.0,,,,223.0,,,,1.0,46691.75,2478,3145,31.33,증권,KOSPI
005680,1497.0,,,,92.0,,,,0.994,-3101.26,2466,12330,12.39,전기제품,KOSPI
226320,1534.0,,,,192.0,,,,0.5129,-3656.63,2452,11180,79.09,화장품,KOSPI
136490,18957.0,,,,1792.0,,,,0.9437,4209.68,2416,10160,11.31,식품,KOSPI
025000,8084.0,,,,274.0,,,,0.9807,-1110.31,2435,55600,3.06,화학,KOSPI
900140,3930.0,,,,385.0,,,,0.2145,661.56,2435,1260,,자동차,KOSPI
092200,7573.0,,,,186.0,,,,0.8595,3034.89,2396,6160,5.27,자동차부품,KOSPI
475560,3612.0,,,,-237.0,,,,1.0,-1373.73,2395,16150,12.35,"호텔,레스토랑,레저",KOSPI
001460,1632.0,,,,266.0,,,,0.9995,-523.46,2402,38450,15.13,"섬유,의류,신발,호화품",KOSPI
003650,4055.0,,,,346.0,,,,,-3383.87,2392,137500,2.62,화학,KOSPI
001340,2721.0,,,,122.0,,,,1.0,3032.2,2341,5200,52.83,화학,KOSPI
000320,12393.0,,,,645.0,,,,0.5537,-1102.96,2333,17550,6.09,건축자재,KOSPI
030210,17145.0,,,,337.0,,,,0.9241,,2327,3820,,증권,KOSPI
000490,14847.0,,,,312.0,,,,1.0,10268.32,2277,7900,24.77,기계,KOSPI
134380,2845.0,,,,292.0,,,,,-800.92,2276,10350,7.18,화학,KOSPI
002320,30649.0,31975.0,33205.0,34215.0,1122.0,745.0,1225.0,1350.0,0.9549,19780.82,2317,14930,14.22,항공화물운송과물류,KOSPI
051905,63555.0,64646.0,67810.0,70681.23,1707.0,3796.0,4488.21,4941.08,0.9705,-11373.38,2266,108100,44.06,화장품,KOSPI
000540,35328.0,,,,1875.0,,,,,,2268,3530,0.68,손해보험,KOSPI
033920,1438.0,,,,102.0,,,,1.0,852.26,2263,7940,2.33,음료,KOSPI
034120,10085.0,9729.0,10394.33,11015.67,182.0,58.0,335.67,418.0,0.988,-317.23,2267,12220,11.54,방송과엔터테인먼트,KOSPI
000050,4125.0,,,,460.0,,,,1.0,1341.84,2264,8260,,"섬유,의류,신발,호화품",KOSPI
044450,5614.0,,,,1103.0,,,,1.0,12107.05,2244,9940,12.53,해운사,KOSPI
009680,2797.0,,,,185.0,,,,1.0,-3838.42,2225,10240,9.93,자동차부품,KOSPI
001250,41093.0,,,,523.0,,,,1.0,5293.87,2208,2675,7.58,무역회사와판매업체,KOSPI
011500,2145.0,,,,36.0,,,,,339.39,2214,14160,19.89,화학,KOSPI
298000,23407.0,,,,-1605.0,,,,1.0,14453.99,2199,58000,,화학,KOSPI
003555,72525.0,82836.0,91153.3,98794.5,9122.0,16183.0,19872.2,21776.25,0.8098,-25430.26,2171,72100,10.92,복합기업,KOSPI
003720,1532.0,2084.0,,,149.0,268.0,,,0.8751,562.19,2183,6420,8.25,화학,KOSPI
000650,456.0,,,,-59.0,,,,,173.73,2191,153300,,도로와철도운송,KOSPI
035150,5049.0,5371.0,5664.0,5892.0,536.0,649.0,703.0,746.0,1.0,519.38,2147,10860,5.92,"섬유,의류,신발,호화품",KOSPI
017860,9549.0,,,,80.0,,,,1.0,5104.66,2135,12020,36.35,화학,KOSPI
000480,8278.0,,,,278.0,,,,0.2,4208.34,2119,4520,587.2,비철금속,KOSPI
004980,12163.0,,,,437.0,,,,0.9988,4230.66,2128,8680,3.22,건축자재,KOSPI
037270,2360.0,,,,323.0,,,,0.949,-206.75,2050,3220,12.9,방송과엔터테인먼트,KOSPI
005010,6125.0,,,,35.0,,,,1.0,748.47,2107,3750,3.88,철강,KOSPI
100250,2798.0,,,,58.0,,,,0.8241,-1354.15,2022,3165,4.97,자동차부품,KOSPI
003520,2543.0,,,,34.0,,,,,736.56,2072,1133,,제약,KOSPI
039570,6457.0,,,,106.0,,,,1.0,-734.18,1994,7680,14.69,건설,KOSPI
028100,4677.0,,,,181.0,,,,1.0,-1366.24,1977,17620,17.77,건설,KOSPI
004310,1918.0,,,,42.0,,,,,311.95,2042,6380,20.65,제약,KOSPI
095570,10701.0,12083.0,12862.0,13865.67,715.0,834.0,939.67,1042.0,1.0,10799.48,2000,4420,13.95,도로와철도운송,KOSPI
053210,9842.0,9974.0,10450.5,11013.5,230.0,358.0,516.0,586.5,0.9778,276.72,1953,4110,,방송과엔터테인먼트,KOSPI
001630,9590.0,,,,583.0,,,,0.7443,4486.33,1966,39250,6.31,제약,KOSPI
001130,13752.0,,,,623.0,,,,0.9982,-780.07,1977,11700,2.66,식품,KOSPI
016580,2552.0,2833.0,3112.0,3404.0,130.0,246.0,289.0,335.0,1.0,-658.49,1903,10230,9.4,제약,KOSPI
339770,5174.0,5340.0,5493.0,5670.0,350.0,320.0,423.0,440.0,0.9986,378.73,1914,3830,12.95,식품,KOSPI
102260,12116.0,,,,1120.0,,,,0.4401,778.02,1910,3770,6.69,화학,KOSPI
013580,28874.0,29740.0,,,1669.0,1780.0,,,1.0,7451.91,1925,21550,2.73,건설,KOSPI
117580,10179.0,,,,303.0,,,,,119.79,1898,6900,14.95,가스유틸리티,KOSPI
000140,24845.0,,,,1833.0,,,,0.4896,13971.48,1896,8170,230.21,음료,KOSPI
033530,18969.0,20161.0,21442.0,22914.0,854.0,1020.0,1147.0,1292.0,0.9853,911.54,1896,7010,41.06,자동차부품,KOSPI
128820,15659.0,,,,108.0,,,,0.7677,6261.38,1875,4145,,석유와가스,KOSPI
007860,49161.0,,,,1996.0,,,,0.5958,5708.62,1869,7960,1.8,자동차부품,KOSPI
003547,50639.0,,,,3014.0,6237.0,3816.67,3960.0,1.0,,1893,19710,9.28,증권,KOSPI
035510,6872.0,,,,491.0,,,,,-1054.66,1868,13360,6.84,IT서비스,KOSPI
102460,1459.0,,,,-303.0,,,,1.0,2098.16,1851,9960,85.55,제약,KOSPI
016450,34098.0,,,,655.0,,,,0.2,13067.42,1842,4605,3.47,"섬유,의류,신발,호화품",KOSPI
010580,1503.0,,,,16.0,,,,,-56.85,1832,1647,294.89,자동차부품,KOSPI
002420,292.0,,,,-6.0,,,,,164.25,1830,5870,,석유와가스,KOSPI
025560,508.0,,,,91.0,,,,1.0,36.81,1828,6580,,반도체와반도체장비,KOSPI
000300,402.0,,,,32.0,,,,0.7235,-66.96,1740,4200,,자동차부품,KOSPI
213500,22900.0,23754.0,24891.0,26178.0,499.0,1188.0,1227.0,1329.0,1.0,8419.84,1823,7660,143.99,종이와목재,KOSPI
002100,3392.0,,,,287.0,,,,0.9519,1582.59,1814,9290,10.5,화학,KOSPI
014710,2380.0,,,,122.0,,,,1.0,1757.0,1808,10500,,식품,KOSPI
241590,15644.0,,,,357.0,,,,0.9636,5319.7,1809,2985,,"섬유,의류,신발,호화품",KOSPI
002150,6985.0,,,,301.0,,,,1.0,1182.77,1807,5360,12.89,건설,KOSPI
000390,6171.0,,,,95.0,,,,0.9865,828.18,1823,6700,11.18,건축자재,KOSPI
234080,2578.0,,,,332.0,,,,1.0,233.61,1805,11400,7.24,제약,KOSPI
487570,14098.97,,,,464.34,,,,0.9773,1284.73,1785,47900,25.28,복합기업,KOSPI
003460,360.0,,,,59.0,,,,,,1752,3090,24.01,증권,KOSPI
003220,6054.0,6250.0,6507.0,6878.0,35.0,173.0,276.0,292.0,0.9574,1229.66,1778,7930,14.4,제약,KOSPI
004560,7413.0,,,,259.0,,,,1.0,-210.98,1763,11690,,비철금속,KOSPI
003610,1225.0,,,,11.0,,,,1.0,-351.27,1763,5490,,"섬유,의류,신발,호화품",KOSPI
002170,1747.0,,,,184.0,,,,1.0,-2391.68,1731,57700,6.73,"섬유,의류,신발,호화품",KOSPI
000700,4185.0,,,,212.0,,,,0.2728,-1913.37,1719,6600,14.77,항공화물운송과물류,KOSPI
077500,7300.0,,,,367.0,,,,1.0,1616.01,1717,7950,8.08,반도체와반도체장비,KOSPI
004380,2222.0,,,,-355.0,,,,1.0,1370.25,1710,8260,301.86,기계,KOSPI
016880,11507.0,,,,781.0,,,,1.0,6206.54,1690,2115,,출판,KOSPI
005960,17586.0,,,,426.0,,,,1.0,4260.97,1707,7440,,건설,KOSPI
015230,3463.0,,,,380.0,,,,1.0,-1129.55,1699,6260,5.14,기계,KOSPI
006805,292830.0,583885.0,482449.33,504779.0,19151.0,47798.0,26153.73,27203.73,0.9726,,1684,12520,18.04,증권,KOSPI
097955,273426.0,293036.0,305031.77,316568.8,12336.0,12092.0,13996.15,15484.0,0.7027,115284.69,1634,123100,13.75,식품,KOSPI
090350,7711.0,,,,302.0,,,,1.0,-445.63,1632,8160,6.79,건축자재,KOSPI
101530,6414.0,,,,423.0,,,,0.9956,2002.02,1660,5700,7.27,식품,KOSPI
007570,2724.0,,,,50.0,,,,0.968,868.05,1624,8510,,제약,KOSPI
000860,5986.0,,,,83.0,,,,0.7312,131.05,1632,12550,8.17,건축자재,KOSPI
001780,5757.0,,,,349.0,,,,0.9774,4808.75,1608,1661,15.26,비철금속,KOSPI
460850,27687.0,,,,-388.0,,,,1.0,8229.57,1585,5300,12.31,철강,KOSPI
001045,450188.0,473892.0,492926.11,519177.14,25277.0,25276.0,28480.0,32197.57,0.4723,168752.98,1560,69000,17.28,복합기업,KOSPI
003010,2417.0,,,,176.0,,,,,148.62,1575,12390,9.75,기계,KOSPI
271980,5672.0,,,,207.0,,,,0.7307,448.7,1570,10680,50.24,제약,KOSPI
003830,1082.0,,,,-73.0,,,,,-583.32,1560,117500,13.46,화학,KOSPI
462520,5320.0,,,,239.0,,,,0.7164,1344.8,1557,13130,5.36,비철금속,KOSPI
009470,2301.0,,,,120.0,,,,0.8483,-369.8,1551,23450,20.73,전기제품,KOSPI
013890,9132.0,5810.0,6010.0,6330.0,255.0,-670.0,140.0,150.0,1.0,1501.94,1590,7250,63.9,가구,KOSPI
011785,69151.0,79501.0,77695.58,78041.83,2718.0,5425.0,4421.17,4739.5,0.9999,-853.11,1548,51200,9.57,화학,KOSPI
000970,4066.0,,,,133.0,,,,0.9919,-1128.32,1534,6730,9.29,철강,KOSPI
071840,23001.0,22542.0,23245.0,23960.0,96.0,110.0,255.0,310.0,,4655.0,1513,6410,,전문소매,KOSPI
001210,443.0,,,,-12.0,,,,,10.05,1545,12480,,디스플레이장비및부품,KOSPI
293480,2395.0,,,,258.0,,,,,577.43,1520,8550,11.1,제약,KOSPI
272550,4202.0,,,,246.0,,,,1.0,1736.45,1507,10000,9.81,포장재,KOSPI
025820,5078.0,,,,244.0,,,,,1652.86,1498,4480,196.43,비철금속,KOSPI
004970,4547.0,,,,-16.0,,,,0.8748,-1741.4,1504,9400,8.09,식품,KOSPI
107590,4927.0,,,,203.0,,,,0.8598,540.54,1450,62500,13.83,화학,KOSPI
000020,4964.0,,,,3.0,,,,1.0,911.84,1447,5180,10.45,제약,KOSPI
002210,872.0,,,,-101.0,,,,,11.35,1443,1493,,제약,KOSPI
015890,7771.0,,,,554.0,,,,0.4356,983.53,1403,4800,11.78,비철금속,KOSPI
004090,6969.0,8184.0,8505.0,9016.0,118.0,273.0,249.0,267.0,0.9677,1318.54,1423,11210,9.65,화학,KOSPI
081000,1624.0,,,,-68.0,,,,1.0,-3431.55,1409,9920,20.79,비철금속,KOSPI
006060,17810.0,,,,766.0,,,,1.0,6221.21,1397,2525,,"섬유,의류,신발,호화품",KOSPI
003480,12017.0,,,,733.0,,,,0.9446,3833.86,1388,4700,12.55,가스유틸리티,KOSPI
094280,5190.0,,,,190.0,,,,1.0,231.97,1394,12060,10.6,상업서비스와공급품,KOSPI
004960,11492.0,,,,645.0,,,,1.0,5385.47,1395,12060,2.62,건설,KOSPI
004150,10983.0,11532.0,,,226.0,320.0,,,1.0,2176.23,1395,3400,16.23,복합기업,KOSPI
001080,1530.0,,,,-120.0,,,,,136.43,1410,4015,,철강,KOSPI
013520,16398.0,,,,831.0,,,,0.7565,4030.04,1346,2690,29.3,자동차부품,KOSPI
214420,2203.0,,,,144.0,,,,0.976,461.95,1357,5640,27.48,화장품,KOSPI
008350,2589.0,,,,-33.0,,,,1.0,226.09,1359,1053,,비철금속,KOSPI
012610,3797.0,,,,163.0,,,,1.0,1686.08,1338,3215,,화학,KOSPI
000520,2103.0,,,,-222.0,,,,1.0,1699.43,1334,6150,60.8,제약,KOSPI
004080,1026.0,,,,71.0,,,,0.9622,157.24,1309,14080,14.76,건강관리장비와용품,KOSPI
002390,5351.0,,,,33.0,,,,,3508.6,1309,9510,,제약,KOSPI
214390,2641.0,,,,35.0,,,,,1441.73,1303,5450,49.49,제약,KOSPI
210540,3828.0,,,,304.0,,,,1.0,-668.82,1280,11590,4.95,기계,KOSPI
024090,2271.0,,,,96.0,,,,,-686.97,1282,11250,,비철금속,KOSPI
009270,10923.0,,,,188.0,,,,1.0,2829.1,1289,1123,24.69,"섬유,의류,신발,호화품",KOSPI
037560,12657.0,13330.0,13900.0,11860.0,187.0,460.0,550.0,970.0,1.0,3971.55,1271,1641,,방송과엔터테인먼트,KOSPI
267290,17595.0,,,,330.0,,,,1.0,-3111.88,1282,21750,3.75,가스유틸리티,KOSPI
007540,4090.0,,,,241.0,,,,0.5181,-596.14,1262,43900,23.41,식품,KOSPI
011690,1651.0,,,,-26.0,,,,1.0,330.57,1266,3450,,전자장비와기기,KOSPI
089470,9927.0,,,,497.0,,,,1.0,1143.73,1262,3955,6.82,자동차부품,KOSPI
014280,8022.0,,,,105.0,,,,0.3276,4530.75,1257,4285,4.43,건축제품,KOSPI
001360,461.0,,,,-181.0,,,,,90.42,1247,1324,,제약,KOSPI
078000,384.0,,,,33.0,,,,1.0,-485.89,1246,13480,18.14,소프트웨어,KOSPI
079430,15462.0,14496.0,,,157.0,174.0,,,1.0,769.3,1215,6040,,가구,KOSPI
009070,9867.0,,,,388.0,,,,0.9078,3097.9,1218,4060,4.36,항공화물운송과물류,KOSPI
018470,4867.0,,,,138.0,,,,,1565.04,1232,973,,비철금속,KOSPI
005800,1852.0,,,,13.0,,,,1.0,-849.41,1211,13460,16.96,"섬유,의류,신발,호화품",KOSPI
227840,2502.0,,,,214.0,,,,1.0,-86.0,1195,13130,3.35,식품과기본식료품소매,KOSPI
002780,5764.0,,,,-230.0,,,,,-641.95,1138,782,3.73,건설,KOSPI
002620,6576.0,,,,387.0,,,,0.4224,972.34,1190,7450,,제약,KOSPI
017550,2294.0,,,,190.0,,,,1.0,169.87,1182,1894,7.08,기계,KOSPI
083420,3041.0,,,,101.0,,,,,399.16,1178,4910,48.15,화학,KOSPI
013570,12448.0,,,,481.0,,,,0.4683,710.55,1167,4435,8.52,자동차부품,KOSPI
034590,9630.0,,,,191.0,,,,,-1728.98,1166,26650,6.38,가스유틸리티,KOSPI
011280,7539.0,,,,-50.0,,,,0.491,2747.1,1156,1632,33.84,포장재,KOSPI
001520,6306.0,,,,-207.0,,,,0.9903,3461.53,1152,1075,13.16,건축자재,KOSPI
011810,6413.0,,,,-619.0,,,,,2639.98,1095,3530,,무역회사와판매업체,KOSPI
078935,251841.0,286613.0,281332.2,283044.0,29361.0,51701.0,36700.0,36994.0,0.8263,61654.03,1166,65500,2.98,석유와가스,KOSPI
012320,2762.0,,,,188.0,,,,0.987,-722.97,1132,47850,8.04,비철금속,KOSPI
004250,4503.0,,,,236.0,,,,1.0,895.37,1103,3005,8.75,포장재,KOSPI
016710,12226.0,,,,281.0,,,,0.7686,-879.48,1134,7050,1.05,가스유틸리티,KOSPI
092220,2296.0,,,,-218.0,,,,,-124.28,1128,2810,,반도체와반도체장비,KOSPI
010100,16993.0,,,,253.0,,,,1.0,960.96,1105,3630,5.98,자동차부품,KOSPI
002460,6595.0,,,,432.0,,,,0.893,706.43,1106,10900,5.23,건설,KOSPI
023450,1943.0,,,,94.0,,,,,213.42,1102,31500,20.14,화학,KOSPI
014530,10217.0,,,,154.0,,,,0.8717,2540.59,1125,3225,10.25,석유와가스,KOSPI
012800,14702.0,,,,515.0,,,,0.6467,4458.77,1085,1191,,비철금속,KOSPI
008970,2348.0,,,,-16.0,,,,,301.84,1130,1089,,철강,KOSPI
123690,850.0,,,,5.0,,,,0.9834,-134.63,1077,6700,29.07,화장품,KOSPI
001290,1817.0,,,,-91.0,,,,1.0,,1094,1010,170.76,증권,KOSPI
248170,4089.0,,,,245.0,,,,1.0,-199.15,1071,23450,12.05,식품,KOSPI
014580,3859.0,,,,408.0,,,,0.7278,351.0,1077,3905,7.63,비철금속,KOSPI
120030,518.0,,,,78.0,,,,,-1312.16,1050,83500,9.52,철강,KOSPI
027970,7537.0,,,,31.0,,,,1.0,1601.4,1052,2765,,종이와목재,KOSPI
009580,7316.0,,,,-245.0,,,,,8220.83,1043,1673,,종이와목재,KOSPI
006660,1177.0,,,,32.0,,,,0.9847,-2120.02,1048,12900,5.12,자동차부품,KOSPI
119650,1929.0,,,,-89.0,,,,,432.95,1008,918,,상업서비스와공급품,KOSPI
002450,2244.0,,,,23.0,,,,1.0,1515.1,1043,1152,28.84,레저용장비와제품,KOSPI
035000,4839.0,,,,275.0,,,,1.0,-489.88,1042,6430,6.37,광고,KOSPI
016740,7961.0,,,,486.0,,,,0.921,-2.59,1034,3605,5.6,자동차부품,KOSPI
267850,1941.0,,,,121.0,,,,,-1038.79,1030,9280,19.7,IT서비스,KOSPI
067830,1181.0,,,,46.0,,,,,-1329.55,1016,2475,7.22,백화점과일반상점,KOSPI
264900,4448.0,,,,153.0,,,,,-252.47,1022,8160,4.75,식품,KOSPI
012200,3898.0,,,,-271.0,,,,,1119.45,1032,3790,,자동차부품,KOSPI
070960,2501.0,,,,233.0,,,,1.0,2951.66,1001,2080,14.68,"호텔,레스토랑,레저",KOSPI
021820,1794.0,,,,170.0,,,,0.953,-2968.31,999,9990,,자동차부품,KOSPI
006840,32357.0,,,,-1479.0,,,,0.2641,27371.0,994,7500,6.58,화학,KOSPI
008260,2479.0,,,,301.0,,,,,1891.99,988,3455,3.42,건축자재,KOSPI
014790,17419.0,18270.0,,,798.0,990.0,,,,6464.37,979,2585,3.14,건설,KOSPI
032560,3165.0,,,,180.0,,,,0.8488,-864.96,966,5680,5.04,비철금속,KOSPI
019180,9891.0,,,,701.0,,,,1.0,66.15,976,5420,2.21,자동차부품,KOSPI
008700,2153.0,,,,48.0,,,,1.0,-313.72,957,1241,23.82,전자제품,KOSPI
004100,6202.0,,,,224.0,,,,1.0,2328.18,952,2595,2087.84,자동차부품,KOSPI
008040,6743.0,,,,425.0,,,,,669.1,923,654,12.55,식품,KOSPI
014440,1201.0,,,,193.0,,,,1.0,-472.72,939,4695,12.62,화학,KOSPI
007210,6107.0,,,,233.0,,,,0.8334,457.09,944,1444,5.41,건축자재,KOSPI
025620,73.0,,,,-75.0,,,,1.0,255.53,947,5200,,화장품,KOSPI
036580,15541.0,,,,802.0,,,,0.9792,5564.36,931,2535,,식품,KOSPI
013700,2975.0,,,,238.0,,,,1.0,531.85,923,1544,28.92,건설,KOSPI
001275,9655.0,,,,568.0,,,,0.9998,,909,30300,5.06,증권,KOSPI
058850,10427.0,,,,298.0,,,,0.9267,-729.03,919,2220,10.49,상업서비스와공급품,KOSPI
002200,2896.0,,,,-66.0,,,,1.0,-584.65,903,2695,6.23,포장재,KOSPI
058860,5888.0,,,,247.0,,,,,31.78,901,2590,7.54,상업서비스와공급품,KOSPI
363280,792.0,,,,-346.0,,,,,1337.39,894,1965,,"호텔,레스토랑,레저",KOSPI
004140,9156.0,,,,320.0,,,,0.9895,3268.65,884,1842,6.67,항공화물운송과물류,KOSPI
023000,3593.0,,,,99.0,,,,,-608.36,878,2210,7.38,자동차부품,KOSPI
004890,3479.0,,,,-28.0,,,,1.0,-1386.31,863,35600,,철강,KOSPI
139990,10856.0,,,,-256.0,,,,,5728.11,872,2250,,철강,KOSPI
006090,4174.0,,,,135.0,,,,,1144.48,862,9150,3.99,식품,KOSPI
023800,7179.0,,,,396.0,,,,0.9069,2732.72,863,5460,9.15,자동차부품,KOSPI
005740,10699.0,,,,573.0,,,,0.5442,2039.07,858,5780,4.3,식품,KOSPI
019680,6500.0,,,,-34.0,,,,0.2,1202.38,805,1000,,교육서비스,KOSPI
004770,124.0,,,,22.0,,,,,-572.03,842,2370,21.4,전자장비와기기,KOSPI
001020,2667.0,,,,-53.0,,,,1.0,1090.62,837,2350,5.19,종이와목재,KOSPI
004840,8027.0,,,,249.0,,,,0.497,1850.59,826,4285,7.58,화학,KOSPI
111380,2441.0,2699.0,,,226.0,265.0,,,1.0,848.8,827,13500,5.37,"섬유,의류,신발,호화품",KOSPI
109070,854.0,,,,32.0,,,,1.0,-119.65,819,1550,,해운사,KOSPI
007980,10290.0,,,,620.0,,,,1.0,3188.61,815,1737,17.65,"섬유,의류,신발,호화품",KOSPI
096775,802961.0,1041172.0,953858.83,954075.42,4487.0,87325.0,45473.17,43849.75,0.8956,261185.73,810,64900,53.47,석유와가스,KOSPI
002600,4882.0,,,,186.0,,,,1.0,2099.41,818,136300,291.86,식품,KOSPI
013360,4527.0,,,,104.0,,,,0.9992,1384.7,810,1500,19.09,건설,KOSPI
000105,21866.0,23466.0,25638.33,28680.2,1044.0,1300.0,2044.33,3025.67,1.0,-959.87,808,70400,41.11,제약,KOSPI
069730,2266.0,,,,280.0,,,,1.0,75.93,802,5570,4.65,철강,KOSPI
055490,1411.0,,,,25.0,,,,1.0,113.01,802,16750,16.89,전자장비와기기,KOSPI
000850,2218.0,,,,42.0,,,,1.0,-322.18,801,36400,6.59,기계,KOSPI
005750,3006.0,,,,186.0,,,,0.9904,480.02,796,4800,,건축제품,KOSPI
002220,1964.0,,,,32.0,,,,0.2,757.3,797,2985,86145.26,철강,KOSPI
163560,3646.0,,,,186.0,,,,1.0,145.16,792,5700,9.0,화학,KOSPI
011700,527.0,,,,-15.0,,,,1.0,19.52,792,2440,42.35,기계,KOSPI
003580,1003.0,,,,-99.0,,,,,159.99,790,1559,,판매업체,KOSPI
000590,1349.0,,,,202.0,,,,0.823,-2373.77,783,67800,4.31,철강,KOSPI
001470,1110.0,,,,-266.0,,,,,-517.29,136,347,,건설,KOSPI
009180,6746.0,7565.0,8280.0,8830.0,207.0,257.0,280.0,300.0,1.0,149.94,784,2785,3.65,항공화물운송과물류,KOSPI
084680,887.0,,,,-32.0,,,,,1366.15,774,546,,"섬유,의류,신발,호화품",KOSPI
007590,1790.0,,,,127.0,,,,0.9983,300.9,764,5610,7.14,화학,KOSPI
015590,1334.0,,,,100.0,,,,1.0,-197.97,774,1449,23.73,기계,KOSPI
001260,3574.0,,,,114.0,,,,1.0,23.47,762,7750,12.58,건설,KOSPI
063160,1601.0,,,,36.0,,,,,1473.5,763,13900,,제약,KOSPI
010960,4097.0,,,,145.0,,,,1.0,-833.59,745,3090,5.62,건설,KOSPI
013870,7873.0,,,,242.0,,,,1.0,1941.98,745,3905,7.88,자동차부품,KOSPI
000230,5909.0,,,,149.0,,,,0.5065,1161.08,758,6570,,제약,KOSPI
210980,4458.0,,,,378.0,,,,1.0,8675.39,523,2810,3.92,부동산,KOSPI
014160,2837.0,,,,9.0,,,,,352.59,744,686,15.54,포장재,KOSPI
011150,1921.0,,,,-9.0,,,,1.0,411.51,737,2050,23.95,식품,KOSPI
084670,1252.0,,,,51.0,,,,1.0,708.01,730,25200,,도로와철도운송,KOSPI
004720,1731.0,,,,60.0,,,,,-193.54,735,3245,16.61,제약,KOSPI
000180,1272.0,,,,-69.0,,,,,315.79,731,5240,,종이와목재,KOSPI
095720,7974.0,,,,-105.0,,,,,2156.75,725,1275,,교육서비스,KOSPI
007610,382.0,,,,12.0,,,,1.0,76.93,727,4040,,전기장비,KOSPI
002795,46232.0,,,,3680.0,,,,0.4246,-16403.41,717,11240,23.54,화장품,KOSPI
002720,1755.0,,,,62.0,,,,0.9988,156.65,716,3385,,제약,KOSPI
031820,10952.0,,,,236.0,,,,0.5705,259.39,717,5920,23.39,IT서비스,KOSPI
120115,48734.0,53155.0,55417.5,57748.5,1089.0,2780.0,2985.83,3361.83,0.951,22920.57,702,25350,31.52,화학,KOSPI
079980,8895.0,,,,198.0,,,,1.0,3229.71,700,2030,,"섬유,의류,신발,호화품",KOSPI
058730,2732.0,,,,21.0,,,,0.986,758.83,709,3500,5.81,건축자재,KOSPI
155660,3024.0,,,,193.0,,,,1.0,614.63,705,4405,3.95,비철금속,KOSPI
085310,1301.0,,,,-6.0,,,,1.0,-570.05,694,9360,1.35,조선,KOSPI
018500,6262.0,6595.0,,,420.0,350.0,,,1.0,2031.28,680,1454,4.48,자동차부품,KOSPI
001560,789.0,,,,42.0,,,,0.9992,-342.61,691,9090,7.97,비철금속,KOSPI
009770,1486.0,,,,-14.0,,,,,-1453.09,694,27750,4.76,가정용품,KOSPI
004440,2231.0,,,,50.0,,,,,527.25,684,5370,26.94,건축자재,KOSPI
214330,3854.0,,,,62.0,,,,,-356.4,680,6500,,자동차부품,KOSPI
002700,1940.0,,,,52.0,,,,,-204.25,685,1000,126.45,가정용기기와용품,KOSPI
017370,3886.0,,,,209.0,,,,1.0,898.84,681,3720,21.79,자동차부품,KOSPI
016090,2405.0,,,,71.0,,,,,-530.45,653,1475,3.82,"섬유,의류,신발,호화품",KOSPI
007280,7671.0,,,,117.0,,,,,2136.58,666,2325,3.87,철강,KOSPI
010040,4063.0,,,,28.0,,,,1.0,238.88,647,1575,,비철금속,KOSPI
005870,1372.0,,,,-120.0,,,,,-24.32,647,4585,4.86,우주항공과국방,KOSPI
010660,2145.0,,,,2.0,,,,,-177.07,641,2915,110.85,기계,KOSPI
009190,2235.0,,,,56.0,,,,1.0,115.99,627,1426,,철강,KOSPI
068290,403.0,,,,-8.0,,,,,-160.87,634,6340,22.79,출판,KOSPI
100220,2688.0,,,,216.0,,,,1.0,725.22,640,4925,,교육서비스,KOSPI
009200,12649.0,,,,60.0,,,,0.8243,11898.49,635,1526,27.44,종이와목재,KOSPI
071090,2566.0,,,,-33.0,,,,1.0,533.61,620,3070,50.75,철강,KOSPI
072130,616.0,,,,34.0,,,,0.9993,-86.14,617,4860,33.13,IT서비스,KOSPI
002760,501.0,,,,22.0,,,,,-64.13,615,1027,91.41,식품,KOSPI
000220,1409.0,,,,110.0,,,,0.8944,1.91,605,3840,,제약,KOSPI
006890,613.0,,,,21.0,,,,1.0,159.27,604,5210,9.2,화학,KOSPI
092440,1313.0,1193.0,,,10.0,-37.0,,,1.0,-453.0,590,2020,51.24,기계,KOSPI
020760,578.0,,,,-49.0,,,,1.0,141.25,555,902,,디스플레이패널,KOSPI
001465,1632.0,,,,266.0,,,,0.9995,-523.46,584,27100,15.13,"섬유,의류,신발,호화품",KOSPI
007815,15097.0,18133.0,,,538.0,1422.0,,,,1868.81,582,19630,,전자장비와기기,KOSPI
007460,1180.0,,,,-956.0,,,,,1382.82,581,2340,,제약,KOSPI
000725,310629.0,269155.0,285921.37,307392.47,6530.0,8707.0,11267.42,13735.47,0.7654,6231.61,580,55000,7.32,건설,KOSPI
111110,5209.0,,,,250.0,,,,1.0,1981.24,586,6460,4.48,"섬유,의류,신발,호화품",KOSPI
129260,7090.0,,,,198.0,,,,0.9374,756.35,572,1923,5.26,해운사,KOSPI
075180,1387.0,,,,-7.0,,,,1.0,-1237.56,565,2945,23.64,자동차부품,KOSPI
378850,7146.0,,,,271.0,,,,1.0,1413.43,572,3010,3.25,자동차부품,KOSPI
003925,9141.0,,,,52.0,,,,1.0,-71.08,564,29800,,식품,KOSPI
001550,997.0,,,,38.0,,,,,529.92,564,10870,,화학,KOSPI
004450,1629.0,,,,68.0,,,,1.0,516.57,572,26550,,포장재,KOSPI
012690,1240.0,,,,3.0,,,,,-148.75,554,1515,10.5,가정용품,KOSPI
101140,63.0,,,,-43.0,,,,,17.1,553,5510,12.95,전자장비와기기,KOSPI
002410,718.0,,,,-513.0,,,,,871.4,532,1935,,건설,KOSPI
000950,408.0,,,,-73.0,,,,1.0,-908.29,553,32900,,"섬유,의류,신발,호화품",KOSPI
025530,2058.0,,,,106.0,,,,0.5779,-1334.69,541,3620,5.79,자동차부품,KOSPI
003475,34613.0,,,,994.0,,,,1.0,,547,4270,8.41,증권,KOSPI
024900,17381.0,,,,32.0,,,,1.0,-296.09,552,1696,15.52,자동차부품,KOSPI
002140,2973.0,,,,137.0,,,,0.9984,939.25,544,2180,23.13,식품,KOSPI
003465,360.0,,,,59.0,,,,,,537,3075,24.01,증권,KOSPI
021050,17136.0,,,,533.0,,,,1.0,5839.26,538,1134,,비철금속,KOSPI
123700,2014.0,,,,113.0,,,,1.0,-987.22,534,3420,3.22,자동차부품,KOSPI
006880,1878.0,,,,103.0,,,,1.0,1023.0,539,4555,8.17,식품과기본식료품소매,KOSPI
004830,1465.0,,,,62.0,,,,1.0,87.73,532,3390,23.82,"섬유,의류,신발,호화품",KOSPI
010770,8837.0,,,,349.0,,,,0.769,1264.29,532,3635,5.76,자동차부품,KOSPI
090080,6261.0,,,,133.0,,,,1.0,442.24,530,965,20.06,자동차부품,KOSPI
023810,5864.0,,,,198.0,,,,0.6611,3554.51,518,5180,8.18,자동차부품,KOSPI
002630,294.0,298.0,,,-31.0,-41.0,,,,-368.88,518,873,5.51,생물공학,KOSPI
005305,39711.0,41025.0,42565.75,44115.67,1672.0,2019.0,2277.17,2477.78,0.9458,14544.81,527,68000,8.89,음료,KOSPI
011000,230.0,,,,-440.0,,,,,343.75,485,2670,,생물공학,KOSPI
372910,921.0,1322.0,1407.0,1454.0,-7.0,54.0,68.0,74.0,0.9771,-398.17,514,1857,152.18,건강관리장비와용품,KOSPI
011390,1075.0,,,,-28.0,,,,0.6458,1026.3,508,48100,19.02,건축자재,KOSPI
041650,5423.0,,,,-14.0,,,,0.9354,1918.08,487,2270,5.57,자동차부품,KOSPI
003780,907.0,,,,84.0,,,,1.0,259.79,506,3895,10.53,화학,KOSPI
006125,101640.0,,,,3614.0,,,,0.8943,41141.98,500,40600,4.19,석유와가스,KOSPI
011230,296.0,,,,-78.0,,,,,326.27,500,2610,,전자장비와기기,KOSPI
004410,686.0,,,,-5.0,,,,,208.29,495,1255,,식품,KOSPI
004920,414.0,,,,20.0,,,,1.0,96.54,485,929,,컴퓨터와주변기기,KOSPI
006980,6130.0,,,,194.0,,,,1.0,881.9,487,15750,5.54,식품,KOSPI
069460,2156.0,,,,35.0,,,,1.0,431.07,463,2660,21.84,비철금속,KOSPI
480370,2910.0,,,,-366.0,,,,1.0,-147.82,476,1465,,기계,KOSPI
009320,1518.0,,,,63.0,,,,1.0,449.14,473,960,282.51,자동차부품,KOSPI
001620,8080.0,,,,186.0,,,,0.9997,2200.83,480,2155,8.42,자동차부품,KOSPI
084870,1824.0,,,,32.0,,,,0.5706,116.44,471,2300,5.49,"섬유,의류,신발,호화품",KOSPI
007110,545.0,,,,7.0,,,,,50.98,470,607,50.69,건축자재,KOSPI
027740,3689.0,,,,20.0,,,,,456.98,484,1524,,식품,KOSPI
005030,1954.0,,,,6.0,,,,,1111.15,451,486,,자동차부품,KOSPI
000910,2024.0,,,,55.0,,,,0.9136,1402.65,470,3010,11.82,건축자재,KOSPI
074610,295.0,,,,-28.0,,,,1.0,146.57,448,5110,,기계,KOSPI
014990,1046.0,,,,12.0,,,,,423.85,463,3085,,"섬유,의류,신발,호화품",KOSPI
004910,2027.0,,,,-195.0,,,,1.0,1444.53,460,3595,16.89,건축자재,KOSPI
004060,1323.0,,,,-15.0,,,,1.0,-128.36,457,2260,,"섬유,의류,신발,호화품",KOSPI
002920,3046.0,,,,-300.0,,,,0.7096,-1106.75,459,1770,7.63,자동차부품,KOSPI
014910,537.0,,,,17.0,,,,0.9921,211.19,450,2060,,전기제품,KOSPI
003080,643.0,,,,-81.0,,,,1.0,149.33,447,2235,45.92,화학,KOSPI
009835,133331.0,180318.0,191326.79,200050.79,-3648.0,8072.0,12229.57,14121.36,0.9855,128985.87,449,17640,,에너지장비및서비스,KOSPI
008420,1379.0,,,,-10.0,,,,,39.76,444,2165,3.45,철강,KOSPI
019490,53.0,,,,-60.0,,,,,14.61,413,541,,통신장비,KOSPI
004540,5082.0,,,,-226.0,,,,,3351.1,444,1191,,종이와목재,KOSPI
023350,4129.0,,,,60.0,,,,1.0,-310.47,441,4030,4.77,건설,KOSPI
011330,1062.0,,,,-6.0,,,,,744.0,442,4410,,자동차부품,KOSPI
017040,959.0,,,,-100.0,,,,,212.08,404,932,9.8,전기장비,KOSPI
092780,4593.0,,,,167.0,,,,0.9657,1672.87,435,3305,8.38,자동차부품,KOSPI
026940,1799.0,,,,3.0,,,,,-219.32,433,2165,23.45,철강,KOSPI
446070,1575.0,,,,-92.0,,,,,-636.38,419,3950,87.43,건축자재,KOSPI
011420,403.0,,,,40.0,,,,,-23.19,413,1499,27.15,레저용장비와제품,KOSPI
006370,531.0,,,,-150.0,,,,,2575.17,414,3825,,백화점과일반상점,KOSPI
012280,3514.0,,,,152.0,,,,,737.46,412,4160,6.28,자동차부품,KOSPI
017180,1952.0,,,,68.0,,,,1.0,628.42,406,1196,,제약,KOSPI
000215,53267.0,55386.0,55391.5,56050.0,2985.0,6496.0,6105.0,6170.0,0.9294,45447.6,400,23700,,화학,KOSPI
008870,2524.0,,,,34.0,,,,0.5636,908.25,399,39900,,포장재,KOSPI
047400,1019.0,,,,54.0,,,,1.0,953.01,400,952,,자동차부품,KOSPI
134790,1957.0,,,,-67.0,,,,1.0,-50.02,395,19730,23.65,가구,KOSPI
000760,463.0,,,,-2.0,,,,,-10.62,394,14060,,화학,KOSPI
012160,4335.0,,,,-132.0,,,,,1174.84,399,2555,,철강,KOSPI
023960,1723.0,,,,-50.0,,,,1.0,321.06,390,1025,,건설,KOSPI
011300,247.0,,,,-23.0,,,,,390.89,379,2200,,"섬유,의류,신발,호화품",KOSPI
049800,2116.0,,,,29.0,,,,1.0,1248.52,370,1849,10.03,기계,KOSPI
133820,1862.0,,,,-17.0,,,,,878.52,358,964,,철강,KOSPI
000890,899.0,,,,38.0,,,,,177.46,370,1338,,음료,KOSPI
013000,327.0,,,,24.0,,,,,-438.69,359,1250,15.15,화학,KOSPI
010640,466.0,,,,18.0,,,,,491.53,367,2195,17.88,화학,KOSPI
002870,242.0,,,,-23.0,,,,1.0,-477.88,362,1035,,포장재,KOSPI
143210,7848.0,,,,-387.0,,,,,4153.8,336,1199,,자동차부품,KOSPI
009140,361.0,,,,10.0,,,,1.0,-544.71,356,22650,5.78,전자제품,KOSPI
004365,12418.0,,,,273.0,,,,1.0,-97.25,346,9380,4.03,항공화물운송과물류,KOSPI
008250,2973.0,,,,-38.0,,,,,1201.29,356,3250,,건축자재,KOSPI
005820,897.0,,,,44.0,,,,0.7194,-412.05,355,15430,5.83,포장재,KOSPI
002880,6334.0,,,,302.0,,,,1.0,1078.11,352,753,,자동차부품,KOSPI
009460,2670.0,,,,-52.0,,,,,1354.52,342,2870,,포장재,KOSPI
003535,30946.0,,,,1477.0,,,,1.0,,327,6820,82.09,증권,KOSPI
007120,141.0,,,,38.0,,,,,-98.97,329,1205,,IT서비스,KOSPI
001070,1583.0,,,,7.0,,,,1.0,270.51,317,5990,,"섬유,의류,신발,호화품",KOSPI
010400,1645.0,,,,50.0,,,,1.0,0.87,319,4180,20.16,건설,KOSPI
308170,4615.0,,,,58.0,,,,,1873.26,313,3630,,자동차부품,KOSPI
069640,2489.0,,,,-121.0,,,,,1675.14,314,1446,,"섬유,의류,신발,호화품",KOSPI
002690,1473.0,,,,-35.0,,,,,-603.2,305,1502,,철강,KOSPI
025750,2798.0,,,,23.0,,,,,701.81,309,1916,,건축자재,KOSPI
036420,10833.0,,,,88.0,,,,,12504.69,310,1608,,방송과엔터테인먼트,KOSPI
023150,947.0,,,,95.0,,,,0.8955,525.97,305,4135,10.79,음료,KOSPI
024070,1033.0,,,,-7.0,,,,1.0,-261.74,305,1989,,화학,KOSPI
001380,935.0,,,,50.0,,,,1.0,-15.58,298,1325,3.45,자동차부품,KOSPI
009810,2509.0,,,,-44.0,,,,,-188.61,299,1900,,판매업체,KOSPI
003680,3184.0,,,,58.0,,,,,993.82,301,4850,22.35,식품,KOSPI
019175,2347.0,,,,143.0,,,,1.0,-190.16,296,14880,,제약,KOSPI
006490,1056.0,,,,41.0,,,,1.0,64.31,266,898,,무선통신서비스,KOSPI
090370,813.0,,,,-72.0,,,,,896.89,301,1104,,상업서비스와공급품,KOSPI
051630,186.0,,,,-7.0,,,,,-26.96,294,1386,,화학,KOSPI
033250,938.0,,,,75.0,,,,1.0,111.65,298,4660,18.81,자동차부품,KOSPI
005110,80.0,,,,-78.0,,,,0.9805,219.04,265,1254,,부동산,KOSPI
006570,1262.0,,,,-96.0,,,,,812.64,289,1895,,건축제품,KOSPI
003060,732.0,,,,-604.0,,,,,1881.39,288,1800,,제약,KOSPI
014130,6298.0,,,,-36.0,,,,0.9762,2230.68,288,2440,,항공화물운송과물류,KOSPI
118000,328.0,,,,13.0,,,,1.0,628.98,281,1275,,제약,KOSPI
025890,399.0,,,,-2.0,,,,,59.3,279,2505,13.76,철강,KOSPI
005320,2315.0,,,,-19.0,,,,,143.41,274,800,,"섬유,의류,신발,호화품",KOSPI
006345,6245.0,,,,94.0,,,,0.6795,162.83,262,9990,8.98,전기장비,KOSPI
088790,476.0,,,,40.0,,,,,-66.95,261,2095,5.78,"섬유,의류,신발,호화품",KOSPI
004870,50.0,,,,-36.0,,,,,89.15,256,1130,10.81,건축자재,KOSPI
002355,31896.0,34737.0,36173.81,37878.93,1703.0,1772.0,2132.25,2400.21,0.997,12956.47,254,3900,8.15,자동차부품,KOSPI
005360,1310.0,,,,-59.0,,,,,683.29,263,1393,,문구류,KOSPI
006740,933.0,,,,-158.0,,,,,1001.39,254,5340,,종이와목재,KOSPI
071950,622.0,,,,-57.0,,,,,213.32,248,1718,,가구,KOSPI
000040,138.0,,,,-29.0,,,,,577.08,252,1456,,자동차,KOSPI
030720,1726.0,,,,88.0,,,,1.0,390.11,252,5420,,식품,KOSPI
003495,252255.0,282575.0,280124.27,287559.09,11136.0,11594.0,22211.36,25969.91,1.0,192096.56,242,21750,8.32,항공사,KOSPI
009310,598.0,,,,-75.0,,,,,-1965.41,233,5330,,디스플레이장비및부품,KOSPI
093240,1667.0,1778.04,,,66.0,84.15,,,1.0,526.73,241,392,22.77,"섬유,의류,신발,호화품",KOSPI
465770,1914.0,,,,-125.0,,,,1.0,866.05,234,3240,20.56,해운사,KOSPI
002070,2224.0,,,,-50.0,,,,,852.93,231,4805,,"섬유,의류,신발,호화품",KOSPI
004270,775.0,,,,2.0,,,,1.0,685.54,225,4935,,전자장비와기기,KOSPI
008775,40683.0,40123.0,41498.31,43757.33,135.0,1976.0,2457.92,2836.08,1.0,9742.49,220,29200,30.43,백화점과일반상점,KOSPI
015020,164.0,,,,-4.0,,,,,315.28,199,928,,부동산,KOSPI
009440,860.0,,,,-16.0,,,,1.0,46.45,176,756,,상업서비스와공급품,KOSPI
108675,31787.0,34312.0,34719.33,36103.0,131.0,1398.0,1256.67,1398.0,1.0,4705.06,194,18800,7.06,건축자재,KOSPI
002820,2724.0,,,,-179.0,,,,,1460.62,201,1670,,종이와목재,KOSPI
001685,44013.0,44700.0,46512.5,47220.0,1693.0,1830.0,2044.0,2060.0,0.9841,10797.32,201,14680,11.14,식품,KOSPI
008600,1883.0,,,,-210.0,,,,,1445.61,176,2620,,"섬유,의류,신발,호화품",KOSPI
002360,986.0,,,,-122.0,,,,,20.91,178,1603,,화학,KOSPI
006200,2759.0,,,,-141.0,,,,,-300.65,182,1947,,반도체와반도체장비,KOSPI
011090,2152.0,,,,5.0,,,,0.9903,282.75,178,1500,,가구,KOSPI
001420,149.0,,,,-10.0,,,,,-346.27,175,2300,,자동차부품,KOSPI
002025,58861.0,,,,605.0,,,,1.0,23440.16,155,13380,27.83,복합기업,KOSPI
044380,626.0,,,,-17.0,,,,,-102.53,155,1115,,컴퓨터와주변기기,KOSPI
005725,35865.0,,,,2042.0,,,,0.5127,12586.84,155,4310,5.72,자동차부품,KOSPI
001770,1004.0,,,,27.0,,,,,32.25,161,13220,232.95,철강,KOSPI
005257,24515.0,,,,362.0,,,,,15833.53,150,17770,,제약,KOSPI
001795,13563.0,,,,566.0,,,,0.9985,893.29,142,2190,9.39,식품,KOSPI
015260,1175.0,,,,-73.0,,,,,495.43,150,319,,전자장비와기기,KOSPI
000087,24986.0,24573.0,25063.43,25629.17,1723.0,1911.0,2027.0,2160.83,1.0,7752.29,140,12370,44.98,음료,KOSPI
024890,1264.0,,,,9.0,,,,0.996,728.69,143,1732,,"섬유,의류,신발,호화품",KOSPI
019685,6500.0,,,,-34.0,,,,0.2,1202.38,116,598,,교육서비스,KOSPI
012170,59.0,,,,-43.0,,,,,-111.51,228,3125,,방송과엔터테인먼트,KOSPI
145995,25625.0,,,,1117.0,,,,0.8903,6948.15,122,33100,4.46,식품,KOSPI
145210,802.0,,,,-6.0,,,,,395.49,95,2240,,자동차부품,KOSPI
001067,7753.0,,,,945.0,,,,1.0,-303.34,100,47800,23.92,제약,KOSPI
084695,56288.0,,,,1998.0,,,,0.2547,14733.49,108,11800,23.46,식품,KOSPI
004105,6202.0,,,,224.0,,,,1.0,2328.18,106,3225,2087.84,자동차부품,KOSPI
001755,9090.0,,,,753.0,,,,,,92,19440,3.5,증권,KOSPI
003075,26844.0,29268.0,32974.0,35060.0,37.0,1313.0,1531.0,1770.0,0.9925,7995.13,96,12970,801.71,건설,KOSPI
004255,4503.0,,,,236.0,,,,1.0,895.37,97,1835,8.75,포장재,KOSPI
000225,1409.0,,,,110.0,,,,0.8944,1.91,83,3680,,제약,KOSPI
001515,14047.0,,,,78.0,,,,1.0,,85,4320,119.72,증권,KOSPI
001065,7753.0,,,,945.0,,,,1.0,-303.34,78,22800,23.92,제약,KOSPI
000325,12393.0,,,,645.0,,,,0.5537,-1102.96,68,27900,6.09,건축자재,KOSPI
002995,20185.0,21520.0,23570.0,24780.0,471.0,750.0,1040.0,1300.0,0.9932,14.34,65,22200,174.44,건설,KOSPI
004985,12163.0,,,,437.0,,,,0.9988,4230.66,62,8450,3.22,건축자재,KOSPI
012205,3898.0,,,,-271.0,,,,,1119.45,67,5750,,자동차부품,KOSPI
004835,1465.0,,,,62.0,,,,1.0,87.73,59,4205,23.82,"섬유,의류,신발,호화품",KOSPI
002785,5764.0,,,,-230.0,,,,,-641.95,11,1336,3.73,건설,KOSPI
090355,7711.0,,,,302.0,,,,1.0,-445.63,55,11870,6.79,건축자재,KOSPI
002787,5764.0,,,,-230.0,,,,,-641.95,9,2895,3.73,건설,KOSPI
000145,24845.0,,,,1833.0,,,,0.4896,13971.48,43,9090,230.21,음료,KOSPI
005965,17586.0,,,,426.0,,,,1.0,4260.97,39,17300,,건설,KOSPI
000545,35328.0,,,,1875.0,,,,,,45,5810,0.68,손해보험,KOSPI
007575,2724.0,,,,50.0,,,,0.968,868.05,37,8240,,제약,KOSPI
014825,13729.0,,,,662.0,,,,0.999,2862.38,36,13620,15.72,포장재,KOSPI
014915,537.0,,,,17.0,,,,0.9921,211.19,30,4980,,전기제품,KOSPI
009415,21745.0,,,,528.0,,,,0.666,9516.19,43,6560,,건설,KOSPI
014285,8022.0,,,,105.0,,,,0.3276,4530.75,31,5320,4.43,건축제품,KOSPI
001525,6306.0,,,,-207.0,,,,0.9903,3461.53,24,9050,13.16,건축자재,KOSPI
000227,1409.0,,,,110.0,,,,0.8944,1.91,25,7760,,제약,KOSPI
001527,6306.0,,,,-207.0,,,,0.9903,3461.53,14,6650,13.16,건축자재,KOSPI
240810,9098.0,12471.0,16212.86,19240.71,738.0,1839.0,2755.67,3478.33,1.0,-3952.03,54729,111500,,반도체와반도체장비,KOSDAQ
005745,10699.0,,,,573.0,,,,0.5442,2039.07,32,5270,4.3,식품,KOSPI
011155,1921.0,,,,-9.0,,,,1.0,411.51,14,7030,23.95,식품,KOSPI
004545,5082.0,,,,-226.0,,,,,3351.1,17,4545,,종이와목재,KOSPI
004415,686.0,,,,-5.0,,,,,208.29,11,5150,,식품,KOSPI
008355,2589.0,,,,-33.0,,,,,226.09,24,7820,,비철금속,KOSPI
196170,2159.0,4360.0,6585.25,8205.75,1069.0,2642.0,4463.0,5872.75,0.9904,-3420.94,214190,307500,,생물공학,KOSDAQ
036930,3107.0,3571.0,5381.0,7559.5,313.0,484.0,1371.5,2472.0,1.0,-786.83,82272,177000,48.53,반도체와반도체장비,KOSDAQ
277810,341.0,710.0,1590.0,3140.0,-25.0,120.0,670.0,1310.0,1.0,-555.04,89336,460500,,기계,KOSDAQ
086520,34130.0,,,,2138.0,,,,0.3772,31616.86,123964,91300,336.78,화학,KOSDAQ
403870,1730.0,2486.0,3583.75,4531.0,899.0,1386.0,2035.75,2644.75,,-2108.04,41315,50200,44.33,반도체와반도체장비,KOSDAQ
247540,25316.0,25721.0,36111.86,49413.92,1433.0,812.0,1589.93,2734.0,0.6427,24138.84,118179,120800,,전기제품,KOSDAQ
028300,842.0,,,,-1042.0,,,,,2425.88,47419,35600,,건강관리장비와용품,KOSDAQ
039030,3809.0,4913.0,6484.0,7113.5,808.0,1332.0,2143.5,2373.0,0.9954,-3307.95,49771,404000,51.43,반도체와반도체장비,KOSDAQ
058470,3725.0,4600.0,5459.0,6349.0,1770.0,2230.0,2630.33,3057.33,,-4266.01,50757,66600,27.83,반도체와반도체장비,KOSDAQ
222800,14106.0,20827.0,25013.25,28930.88,119.0,2538.0,4227.5,5469.5,0.9993,6473.13,49101,129300,,전자장비와기기,KOSDAQ
087010,56.0,,,,-213.0,,,,,-440.15,42717,183200,,생물공학,KOSDAQ
214450,5363.0,6967.0,8496.73,10190.43,2144.0,2712.0,3375.53,4062.43,0.9917,-3746.45,44260,426000,14.64,건강관리장비와용품,KOSDAQ
319660,4572.0,6807.0,8274.17,9453.6,885.0,1857.0,2321.5,2609.8,1.0,-2703.36,36990,127700,11.61,반도체와반도체장비,KOSDAQ
000250,2318.0,,,,85.0,,,,0.4374,-505.42,39385,167900,,제약,KOSDAQ
298380,793.0,262.0,981.0,1177.0,-404.0,-750.0,-87.0,-138.0,,-1116.35,40703,72700,,생물공학,KOSDAQ
095340,2202.0,3126.0,3996.67,4889.4,601.0,1020.0,1403.67,1721.4,0.997,-3589.93,35929,169500,111.45,반도체와반도체장비,KOSDAQ
108490,389.0,634.0,1179.25,2059.86,33.0,-23.0,237.75,510.57,0.9817,-2343.16,37768,257500,,기계,KOSDAQ
257720,11163.0,16109.0,20521.3,24775.11,2054.0,2956.0,3766.7,4587.78,1.0,505.01,35542,54200,12.23,인터넷과카탈로그소매,KOSDAQ
141080,1416.0,1919.0,2522.75,4263.33,-1065.0,-985.0,-1047.5,1397.67,0.903,-3790.96,35724,96500,,제약,KOSDAQ
440110,924.0,3853.0,7711.0,9809.0,-655.0,880.0,2170.0,2874.0,0.9985,-155.41,32923,65700,,반도체와반도체장비,KOSDAQ
145020,4251.0,5380.0,6578.79,8004.85,2009.0,2192.0,2847.71,3631.77,0.9657,-5775.76,31538,252000,19.88,생물공학,KOSDAQ
310210,75.0,,,,-544.0,,,,,-588.45,30564,165000,,제약,KOSDAQ
084370,3503.0,5000.0,6717.0,7240.0,517.0,1023.0,1669.0,1800.0,0.9804,-3301.69,30547,133300,38.26,반도체와반도체장비,KOSDAQ
064760,3013.0,4082.0,5066.0,6201.17,839.0,1236.0,1677.17,2108.83,,-2920.01,27725,248000,21.22,반도체와반도체장비,KOSDAQ
214370,728.0,,,,204.0,,,,1.0,-355.61,27717,51600,36.99,건강관리업체및서비스,KOSDAQ
095610,3511.0,4743.0,6083.86,7621.0,578.0,1042.0,1409.83,1870.8,1.0,-1629.64,27588,142500,253.73,반도체와반도체장비,KOSDAQ
080220,3022.0,,,,359.0,,,,1.0,-135.3,26934,78200,28.21,반도체와반도체장비,KOSDAQ
031980,2078.0,2748.0,3725.0,4604.33,734.0,1086.0,1513.33,1910.33,1.0,-2002.49,26910,124800,13.61,반도체와반도체장비,KOSDAQ
357780,9234.0,11891.0,14531.86,17422.6,1336.0,2014.0,2725.29,3656.4,0.9586,-2201.36,26642,342500,18.14,반도체와반도체장비,KOSDAQ
319400,3939.0,,,,182.0,,,,1.0,409.52,26173,23500,94.17,기계,KOSDAQ
178320,10663.0,18407.0,24342.33,28006.0,11.0,635.0,2904.0,3491.5,0.9947,12855.38,24824,39000,,전기장비,KOSDAQ
067310,15344.0,24401.0,27838.67,30083.5,1277.0,3827.0,4226.0,4731.0,0.7969,9297.05,23638,35550,,반도체와반도체장비,KOSDAQ
347850,43.0,,,,-340.0,,,,1.0,-371.64,24523,53500,,생물공학,KOSDAQ
131290,4289.0,6942.0,8712.75,10575.33,492.0,1876.0,2419.75,3054.0,0.9009,-732.88,26216,237000,4523.94,반도체와반도체장비,KOSDAQ
214150,3368.0,4401.0,5552.44,6767.81,1706.0,1925.0,2548.88,3206.56,1.0,122.67,22082,33850,32.94,건강관리장비와용품,KOSDAQ
140410,79.0,,,,-168.0,,,,,-229.92,21803,71200,,식품,KOSDAQ
005290,11941.0,,,,1724.0,,,,1.0,1638.29,21713,42600,15.63,반도체와반도체장비,KOSDAQ
237690,3317.0,4177.0,5185.77,6217.31,549.0,753.0,1028.46,1336.31,0.9958,-1209.56,21962,105200,65.13,제약,KOSDAQ
010170,1394.0,1998.0,2587.5,2771.0,-214.0,10.0,187.0,222.0,1.0,729.23,21706,13960,,통신장비,KOSDAQ
226950,147.0,,,,-300.0,,,,,-1933.29,21779,103400,,생명과학도구및서비스,KOSDAQ
032820,871.0,,,,-55.0,,,,0.9994,1661.95,20043,11600,38.81,우주항공과국방,KOSDAQ
058610,3417.0,3597.0,3990.4,4706.5,179.0,212.0,283.2,343.25,0.942,302.52,20691,93300,72.61,전기제품,KOSDAQ
098460,2326.0,3401.0,3956.25,4448.14,173.0,568.0,749.75,904.0,0.9997,-1469.29,19404,28450,51.82,전자장비와기기,KOSDAQ
140860,2056.0,2409.0,2863.13,3329.0,422.0,502.0,666.88,803.0,0.9994,-346.99,18381,262500,49.15,전자장비와기기,KOSDAQ
083650,7741.0,11694.0,14322.33,17089.5,755.0,1463.0,1764.0,2224.0,1.0,59.88,19433,62800,30.38,에너지장비및서비스,KOSDAQ
068760,5364.0,,,,561.0,,,,,363.36,18516,41700,180.37,제약,KOSDAQ
089030,1591.0,3718.0,5597.0,,158.0,985.0,1729.0,,1.0,2756.07,18379,49600,,반도체와반도체장비,KOSDAQ
263750,3656.0,7995.0,4644.67,6227.0,-148.0,3930.0,1404.83,2262.8,1.0,-2786.04,19859,31600,163.71,게임엔터테인먼트,KOSDAQ
041510,11749.0,12605.0,13713.35,14738.93,1830.0,1887.0,2167.59,2421.2,0.931,-4490.5,17125,74800,25.14,방송과엔터테인먼트,KOSDAQ
096530,4742.0,5486.0,6201.5,7082.0,346.0,900.0,1113.5,1308.0,1.0,-4522.55,17548,33600,1787.67,생명과학도구및서비스,KOSDAQ
131970,3039.0,3382.0,4734.75,5320.75,-9.0,384.0,1036.5,1289.5,,1144.96,15500,80200,20.64,반도체와반도체장비,KOSDAQ
241710,6409.0,8430.0,9733.11,11090.5,835.0,1144.0,1366.67,1595.38,0.8604,1419.95,15999,149800,17.37,화장품,KOSDAQ
060370,2442.0,3249.0,4433.5,5281.5,70.0,191.0,534.5,807.0,1.0,-1998.23,17239,33000,24.62,건설,KOSDAQ
950160,52.0,60.0,60.0,1010.0,-223.0,-290.0,-450.0,-300.0,,-325.66,14972,17620,,생물공학,KOSDAQ
030530,6230.0,,,,-4.0,,,,0.543,3696.65,14505,18780,,반도체와반도체장비,KOSDAQ
007390,207.0,,,,-36.0,,,,1.0,-15.12,16753,26000,,생물공학,KOSDAQ
078600,2546.0,4116.0,5463.0,7180.0,207.0,397.0,519.0,660.0,0.9886,2444.42,14479,92200,1924.29,전자장비와기기,KOSDAQ
323280,379.0,,,,-25.0,,,,1.0,196.6,14964,49000,,전자장비와기기,KOSDAQ
290650,855.0,1640.0,2293.0,2992.5,44.0,377.0,665.67,968.5,0.934,222.33,14321,53100,4.0,건강관리장비와용품,KOSDAQ
183300,6041.0,7100.0,8430.0,9870.0,1110.0,1200.0,1600.0,2000.0,0.6429,5404.46,13586,26450,21.02,반도체와반도체장비,KOSDAQ
089970,1444.0,3108.0,4202.0,4814.33,247.0,922.0,1380.0,1638.67,1.0,-1895.97,14875,56500,,반도체와반도체장비,KOSDAQ
035900,8219.0,8241.0,8846.28,8919.47,1552.0,1529.0,1681.39,1679.33,1.0,-3545.21,14160,39850,34.1,방송과엔터테인먼트,KOSDAQ
420770,524.0,969.0,2044.57,1987.8,121.0,313.0,893.98,846.0,0.9333,-1146.44,14286,112700,26.88,반도체와반도체장비,KOSDAQ
043260,2316.0,2917.0,4956.33,8302.67,76.0,437.0,1076.67,2273.0,1.0,6168.31,12469,16980,4.22,전기제품,KOSDAQ
039200,998.0,750.0,680.0,1210.0,521.0,220.0,130.0,620.0,0.5492,-1928.59,13409,35050,,제약,KOSDAQ
475830,0.24,,,,-518.0,,,,1.0,-1557.02,14118,65000,,제약,KOSDAQ
195940,10632.0,10985.0,11700.64,12477.33,1109.0,1304.0,1479.07,1684.33,,3357.6,12196,43050,26.75,제약,KOSDAQ
218410,1858.0,2660.0,3514.33,3806.0,309.0,551.0,797.67,899.5,0.9338,-1392.21,12464,46900,27.69,통신장비,KOSDAQ
003380,132149.0,147130.0,155530.0,163450.0,8874.0,10240.0,11010.0,11740.0,0.4958,80504.36,12108,10810,23.49,식품,KOSDAQ
127120,193.0,,,,-125.0,,,,,-86.33,12090,33000,,생명과학도구및서비스,KOSDAQ
082920,2431.0,3101.0,3789.0,4432.0,693.0,917.0,1104.5,1315.5,1.0,-1487.02,11646,25800,9.94,전기제품,KOSDAQ
347700,956.0,2700.0,4521.5,5780.0,91.0,142.0,572.5,940.0,1.0,2533.02,10826,21000,,우주항공과국방,KOSDAQ
204270,1857.0,,,,-780.0,,,,1.0,2295.93,11570,20000,39.18,핸드셋,KOSDAQ
166090,2735.0,3792.0,4616.0,5256.0,501.0,986.0,1282.67,1500.0,0.9998,716.46,10245,51800,29.0,반도체와반도체장비,KOSDAQ
437730,950.0,,,,8.0,,,,1.0,-167.8,10178,32100,33.56,자동차부품,KOSDAQ
356860,2585.0,3703.0,4699.3,6777.56,260.0,578.0,850.2,1314.78,1.0,817.37,9955,42000,124.09,반도체와반도체장비,KOSDAQ
086450,9269.0,10501.0,11838.0,13214.0,966.0,1093.0,1273.0,1384.5,0.9598,-512.75,10064,22250,15.49,제약,KOSDAQ
950260,,,,,-331.92,,,,,-120.49,8722,17640,,생물공학,KOSDAQ
293490,4650.0,3392.0,6317.5,6017.33,-396.0,-888.0,586.25,281.17,1.0,386.6,9404,8810,,게임엔터테인먼트,KOSDAQ
036540,3674.0,5492.0,7619.0,8305.0,-196.0,-17.0,723.33,730.0,0.996,-36.31,9374,5700,,반도체와반도체장비,KOSDAQ
232140,2726.0,3824.0,4612.33,5792.33,170.0,554.0,739.67,1063.33,0.6073,-630.51,8869,10810,30.23,반도체와반도체장비,KOSDAQ
445680,52.0,61.0,,,-123.0,-122.0,,,,-99.84,8898,51700,,생명과학도구및서비스,KOSDAQ
036830,5566.0,,,,89.0,,,,0.9835,371.67,8960,43700,10.21,전기제품,KOSDAQ
101490,2437.0,,,,504.0,,,,1.0,-419.28,8854,41500,37.58,반도체와반도체장비,KOSDAQ
014620,2457.0,2747.0,3386.33,3609.0,420.0,479.0,661.0,733.67,1.0,-1382.0,8525,32100,8.88,기계,KOSDAQ
056190,16310.0,16952.0,19774.33,21506.67,859.0,1285.0,1785.33,2004.67,0.9035,-1321.51,8618,24000,27.31,기계,KOSDAQ
491000,512.0,697.0,1639.0,2708.0,-226.0,-331.0,-65.0,364.0,1.0,-509.08,8486,33600,,건강관리장비와용품,KOSDAQ
100790,2398.0,,,,351.0,,,,1.0,,8287,15600,12.65,창업투자,KOSDAQ
065350,9454.0,,,,277.0,,,,0.8971,3139.82,8616,31350,90.27,가정용기기와용품,KOSDAQ
213420,3443.0,4497.0,5307.75,5898.0,607.0,943.0,1091.0,1274.25,0.9325,-308.98,8505,34250,30.86,디스플레이장비및부품,KOSDAQ
124500,88708.0,106818.0,,,2799.0,2883.0,,,0.2549,-865.01,8330,35900,234.43,IT서비스,KOSDAQ
038500,6769.0,,,,766.0,,,,1.0,4022.59,8407,7790,9.99,건축자재,KOSDAQ
476830,79.0,,,,-146.0,,,,,-342.25,8445,30100,,생물공학,KOSDAQ
476060,534.0,1112.0,1533.0,1973.0,126.0,258.0,483.0,733.0,,-623.45,8187,18030,,제약,KOSDAQ
281740,1412.0,,,,133.0,,,,0.9853,1714.88,8045,12240,47.26,화학,KOSDAQ
458870,482.0,1291.0,1712.38,2183.0,163.0,565.0,773.54,1015.4,1.0,-207.13,8110,21150,,건강관리기술,KOSDAQ
083450,3472.0,4415.0,5227.5,5845.0,592.0,764.0,945.5,1080.5,0.9991,-1230.35,8146,44200,7.2,반도체와반도체장비,KOSDAQ
031330,37566.0,,,,1139.0,,,,1.0,8764.27,8100,8100,8.33,전자장비와기기,KOSDAQ
417200,1536.0,,,,-1.0,,,,0.9968,90.69,7861,11620,207.43,전기제품,KOSDAQ
090710,1683.0,,,,-173.0,,,,,-77.4,7831,6550,,기계,KOSDAQ
041830,2339.0,2870.0,3403.8,3946.4,368.0,574.0,707.4,855.8,1.0,-1370.02,8115,60200,9.45,건강관리장비와용품,KOSDAQ
099320,2069.0,2389.0,3203.0,3598.0,102.0,205.0,426.5,554.0,0.6522,-606.71,8005,73100,6.47,우주항공과국방,KOSDAQ
033100,2240.0,,,,670.0,,,,,-1533.75,7638,47550,5.71,전기장비,KOSDAQ
122870,5454.0,6331.0,5657.94,6008.79,713.0,774.0,709.13,831.43,0.8328,-2460.68,7691,41150,15.49,방송과엔터테인먼트,KOSDAQ
252990,780.0,1220.0,1596.0,1963.5,147.0,348.0,470.0,599.5,,-186.89,7768,12900,,반도체와반도체장비,KOSDAQ
090360,757.0,,,,-57.0,,,,1.0,-309.73,7624,78200,418.94,기계,KOSDAQ
115180,70.0,,,,-298.0,,,,,110.43,7713,20550,,제약,KOSDAQ
032190,180520.0,,,,15999.0,,,,0.2,-451441.38,7717,20150,8.3,증권,KOSDAQ
119850,2626.0,3057.0,4005.33,5124.0,494.0,425.0,731.0,1066.0,0.9385,-816.73,7583,46100,6.15,전기장비,KOSDAQ
388720,369.0,,,,-126.0,,,,,-93.69,7823,66400,,기계,KOSDAQ
094170,1276.0,1280.0,1401.0,1509.0,24.0,15.0,96.0,111.0,,-571.58,7465,35700,14.8,반도체와반도체장비,KOSDAQ
085660,12683.0,,,,-488.0,,,,,4524.05,7503,8070,,건강관리업체및서비스,KOSDAQ
035760,51345.0,52436.0,56131.75,57883.13,1329.0,1324.0,2114.58,2544.25,1.0,18985.16,7434,33900,,방송과엔터테인먼트,KOSDAQ
251970,3720.0,4481.0,5083.65,5662.0,565.0,732.0,868.45,1002.0,0.7961,-1209.86,7316,59000,11.0,포장재,KOSDAQ
006730,2483.0,3069.0,,,703.0,863.0,,,,11387.83,7154,11130,3.51,"호텔,레스토랑,레저",KOSDAQ
225570,1793.0,,,,-602.0,,,,0.9999,-552.43,7297,11080,87.24,게임엔터테인먼트,KOSDAQ
171090,5158.0,4347.0,5919.33,6984.0,1115.0,940.0,1379.0,1702.67,0.9446,-858.36,7221,71300,,디스플레이장비및부품,KOSDAQ
137400,7449.0,7600.0,9520.0,10770.0,956.0,750.0,1180.0,1400.0,0.9003,2517.07,7190,30350,17.95,전기제품,KOSDAQ
093320,1592.0,,,,239.0,,,,0.8733,98.98,7086,145200,19.71,IT서비스,KOSDAQ
388210,1606.0,2054.0,2904.0,3606.33,518.0,675.0,983.5,1291.0,0.9604,-497.42,7009,72600,,반도체와반도체장비,KOSDAQ
074600,9436.0,10971.0,12512.0,14229.0,596.0,1166.0,1503.67,1701.67,0.9458,7630.57,6901,26250,19.78,반도체와반도체장비,KOSDAQ
041960,525.0,,,,20.0,,,,0.8926,139.81,6879,9310,,제약,KOSDAQ
023160,2970.0,3300.0,4119.67,4319.0,387.0,462.0,790.33,732.0,0.9276,-2775.83,6790,26250,7.09,기계,KOSDAQ
456160,4.0,,,,-122.0,,,,,-1743.1,6876,41350,,제약,KOSDAQ
328130,831.0,,,,-831.0,,,,,-731.65,6768,9090,,건강관리기술,KOSDAQ
033790,2648.0,,,,88.0,,,,,-681.81,6541,7850,,전기제품,KOSDAQ
253450,5307.0,5849.0,6467.33,6947.33,304.0,476.0,591.5,686.11,1.0,110.4,6733,22400,51.46,방송과엔터테인먼트,KOSDAQ
189300,3196.0,4009.0,4817.6,5842.75,120.0,366.0,564.12,907.25,1.0,1416.05,6765,63000,131.8,통신장비,KOSDAQ
327260,641.0,1011.0,1401.0,1867.75,74.0,185.0,281.25,412.25,0.89,-467.19,6611,36750,,우주항공과국방,KOSDAQ
053800,2677.0,,,,333.0,,,,1.0,-2977.41,6576,59100,19.26,소프트웨어,KOSDAQ
466100,414.0,,,,-32.0,,,,,-440.62,6441,25300,,기계,KOSDAQ
059090,9770.0,,,,1010.0,,,,0.3936,9044.79,6466,19350,,반도체와반도체장비,KOSDAQ
032500,975.0,1036.0,2703.0,5522.0,-238.0,-202.0,577.5,1897.0,1.0,156.42,6417,15210,,통신장비,KOSDAQ
122640,871.0,1459.0,2416.67,3141.0,38.0,266.0,668.33,987.0,0.9769,430.58,6409,29600,,반도체와반도체장비,KOSDAQ
161580,1034.0,,,,-349.0,,,,0.7447,279.09,6400,27300,,전자장비와기기,KOSDAQ
102710,6709.0,7570.0,8750.0,9785.0,781.0,975.0,1205.0,1467.0,0.9867,998.82,6358,44500,,반도체와반도체장비,KOSDAQ
048410,35.0,,,,-182.0,,,,,-197.81,6350,6580,,화장품,KOSDAQ
222080,4072.0,,,,335.0,,,,1.0,-2279.32,6285,8080,25.34,전기제품,KOSDAQ
121600,1117.0,,,,47.0,,,,1.0,-655.77,6254,51000,88.0,화학,KOSDAQ
060250,12349.0,15054.0,16756.6,18286.6,547.0,613.0,714.0,794.6,0.995,-3073.46,6116,15230,11.7,IT서비스,KOSDAQ
044490,3497.0,3878.0,4400.0,4900.0,50.0,300.0,441.0,533.0,,457.06,6252,31250,9.95,에너지장비및서비스,KOSDAQ
079940,3357.0,,,,405.0,,,,0.5075,858.45,6106,45500,14.13,IT서비스,KOSDAQ
036810,2803.0,,,,-5.0,,,,,2291.71,5824,26900,,반도체와반도체장비,KOSDAQ
052400,3092.0,3568.0,4068.33,4613.67,889.0,1129.0,1310.0,1529.33,1.0,-2478.78,5745,39450,9.2,IT서비스,KOSDAQ
295310,665.0,1046.0,1590.33,2657.0,58.0,175.0,309.33,620.0,,243.68,5645,45900,,비철금속,KOSDAQ
046890,10135.0,11334.0,11976.0,12510.0,-315.0,148.0,281.0,360.0,0.7649,796.21,5737,9840,,디스플레이장비및부품,KOSDAQ
052020,70.0,,,,-235.0,,,,,-490.76,5615,8260,,판매업체,KOSDAQ
160190,735.0,,,,-89.0,,,,0.9936,-375.23,5733,18560,,기계,KOSDAQ
425420,1117.0,1579.0,1977.0,,191.0,348.0,475.0,,1.0,-568.41,5711,46250,36.88,반도체와반도체장비,KOSDAQ
050890,2948.0,3357.0,3798.0,4436.0,333.0,357.0,454.0,634.0,1.0,57.03,5395,8880,9.08,통신장비,KOSDAQ
053610,2305.0,2798.0,3125.5,3410.5,463.0,751.0,839.5,933.0,1.0,-1301.82,5463,60700,24.36,반도체와반도체장비,KOSDAQ
383310,1411.0,1986.0,2826.5,3519.0,117.0,330.0,549.5,792.0,1.0,-373.1,5317,25350,33.34,상업서비스와공급품,KOSDAQ
019210,6394.0,8890.0,,,665.0,1910.0,,,0.9983,6598.94,5319,14300,8.39,기계,KOSDAQ
033500,7422.0,8280.0,8962.0,9606.0,726.0,1120.0,1332.0,1565.0,1.0,-499.7,5404,18020,12.27,화학,KOSDAQ
490470,1210.0,2168.0,3064.0,4348.0,-534.0,-35.0,358.0,690.0,1.0,-924.55,5237,15390,,반도체와반도체장비,KOSDAQ
009520,3574.0,,,,10.0,,,,,-390.98,5414,13000,251.48,철강,KOSDAQ
211050,10218.0,,,,948.0,,,,1.0,106.39,5296,10750,5.52,손해보험,KOSDAQ
033640,5214.0,5856.0,7077.0,8040.0,238.0,502.0,934.0,1340.0,0.6984,2104.86,5234,22700,,반도체와반도체장비,KOSDAQ
045100,11182.0,,,,537.0,,,,1.0,-1968.87,5259,30050,3.61,반도체와반도체장비,KOSDAQ
099190,3154.0,3384.0,3831.0,4294.0,79.0,142.0,238.0,325.0,1.0,988.15,5185,18030,212.12,건강관리장비와용품,KOSDAQ
358570,58.0,,,,-407.0,,,,,-373.18,5277,8180,,생물공학,KOSDAQ
399720,685.0,,,,-167.0,,,,1.0,-376.14,5224,44050,103.58,반도체와반도체장비,KOSDAQ
278280,1338.0,2016.0,2600.67,3187.0,37.0,-91.0,208.33,336.33,0.9386,2124.06,5165,42150,,전기제품,KOSDAQ
340570,1642.0,1928.0,2233.5,2594.0,464.0,726.0,861.5,1015.0,1.0,-1021.16,5102,31750,11.86,건강관리장비와용품,KOSDAQ
112040,6140.0,,,,107.0,,,,1.0,-1325.67,5126,15100,,게임엔터테인먼트,KOSDAQ
037460,42911.0,,,,1624.0,,,,0.6393,8288.76,5026,30800,4.38,통신장비,KOSDAQ
041190,1629.0,,,,1381.0,,,,1.0,,5090,6060,4.43,창업투자,KOSDAQ
086900,2473.0,2696.0,2990.0,3334.5,170.0,267.0,338.0,483.0,1.0,766.53,5029,68900,189.7,생물공학,KOSDAQ
025980,2581.0,,,,83.0,,,,0.4757,5657.45,5011,5150,5.8,"호텔,레스토랑,레저",KOSDAQ
082270,815.0,,,,38.0,,,,,406.8,5020,11340,,반도체와반도체장비,KOSDAQ
365340,1946.0,3290.0,4191.5,4837.5,-545.0,189.0,270.5,357.0,0.8914,4102.47,4981,38550,52.77,전기제품,KOSDAQ
397030,22.0,80.0,310.0,260.0,-73.0,-50.0,170.0,110.0,,-801.97,4936,17910,,제약,KOSDAQ
174900,47.0,,,,-176.0,,,,,-289.37,4908,24600,,생물공학,KOSDAQ
035890,11001.0,,,,1444.0,,,,1.0,-4931.72,4754,2290,4.39,건설,KOSDAQ
101160,2918.0,,,,585.0,,,,1.0,-1961.41,4879,29550,7.85,반도체와반도체장비,KOSDAQ
348370,3128.0,,,,-784.0,,,,,2385.07,4788,21850,,전기제품,KOSDAQ
460930,2482.0,,,,288.0,,,,1.0,-50.57,4790,13490,28.24,조선,KOSDAQ
015750,43827.0,,,,2427.0,,,,0.949,12602.2,4848,6060,4.46,자동차부품,KOSDAQ
077360,2364.0,3431.0,4176.33,5025.0,28.0,322.0,495.0,730.0,0.9673,2422.87,4725,10400,57.48,반도체와반도체장비,KOSDAQ
056080,282.0,,,,-50.0,,,,,-197.8,4630,12110,,기계,KOSDAQ
034950,1098.0,,,,343.0,,,,0.8587,-954.91,4713,103800,17.02,상업서비스와공급품,KOSDAQ
376900,262.0,535.0,,,5.0,-74.0,,,0.9984,-133.9,4753,27300,,건강관리장비와용품,KOSDAQ
336570,1568.0,1888.0,2182.0,2615.0,517.0,478.0,559.0,675.0,1.0,-858.24,4509,5050,21.17,건강관리장비와용품,KOSDAQ
253590,639.0,1250.0,1750.0,2300.0,41.0,275.0,405.0,536.0,1.0,-362.79,4672,10650,37.87,반도체와반도체장비,KOSDAQ
018290,4372.0,5230.0,6100.0,6850.0,829.0,600.0,880.0,1060.0,0.9681,-680.69,4518,12930,21.04,화장품,KOSDAQ
126340,822.0,1428.0,2224.5,,18.0,62.0,216.0,,0.924,1115.56,4459,62100,142.34,전기장비,KOSDAQ
080580,944.0,1477.0,2374.0,3645.0,111.0,300.0,559.0,867.0,0.9938,178.21,4429,21000,155.39,반도체와반도체장비,KOSDAQ
024850,323.0,,,,-376.0,,,,,-153.62,4417,13910,,반도체와반도체장비,KOSDAQ
376300,838.0,964.0,1011.5,1113.71,314.0,389.0,438.38,514.57,1.0,-1522.22,4406,18560,29.04,양방향미디어와서비스,KOSDAQ
067160,4666.0,4481.0,4628.0,4930.5,1248.0,931.0,1019.6,1154.75,0.9848,-4802.39,4408,38350,13.19,양방향미디어와서비스,KOSDAQ
348340,190.0,,,,-149.0,,,,,356.17,4335,18520,,기계,KOSDAQ
214430,1243.0,1442.0,1989.0,2308.0,165.0,196.0,283.0,369.0,,-514.69,4384,60000,17.96,우주항공과국방,KOSDAQ
477850,115.0,232.0,434.0,,-80.0,-5.0,128.0,,1.0,-438.61,4270,24050,,소프트웨어,KOSDAQ
030520,3267.0,3829.0,4197.0,4473.0,364.0,493.0,596.8,661.2,1.0,-1085.14,4352,18000,23.54,소프트웨어,KOSDAQ
064290,898.0,1062.0,1678.5,2145.0,-37.0,65.0,403.0,562.33,0.9675,170.81,4321,33350,,반도체와반도체장비,KOSDAQ
104830,3225.0,3824.0,4561.67,5348.0,565.0,680.0,893.67,1128.0,0.9999,92.96,4154,32950,27.37,화학,KOSDAQ
144960,5780.0,7059.0,8068.0,9158.0,287.0,692.0,819.67,921.0,0.8596,1686.62,4085,9350,11.9,반도체와반도체장비,KOSDAQ
475960,113.0,200.0,346.0,660.0,-56.0,-22.0,18.0,195.0,1.0,-274.52,4110,30500,,생명과학도구및서비스,KOSDAQ
027360,507.0,,,,119.0,,,,1.0,,4070,3360,20.01,창업투자,KOSDAQ
092190,7638.0,,,,2.0,,,,0.3929,2229.08,4036,8800,,디스플레이장비및부품,KOSDAQ
078340,6964.0,6966.0,7533.29,7743.17,26.0,335.0,541.29,621.17,1.0,516.61,4172,34500,15.92,게임엔터테인먼트,KOSDAQ
439960,89.0,,,,-82.0,,,,,-162.25,4040,12450,,기계,KOSDAQ
272290,4396.0,4585.0,6222.0,8293.0,819.0,519.0,728.0,1086.0,1.0,1004.0,4247,21300,19.7,디스플레이장비및부품,KOSDAQ
042000,3148.0,,,,402.0,,,,1.0,-1719.73,4108,16990,65.33,IT서비스,KOSDAQ
078130,678.0,,,,-5.0,,,,,-167.43,4036,3580,,종이와목재,KOSDAQ
204620,1541.0,1921.0,2094.0,,290.0,350.0,407.0,,0.9786,-1474.55,4034,5740,,기타금융,KOSDAQ
486990,131.0,280.0,340.0,370.0,-153.0,-40.0,20.0,60.0,1.0,-102.29,4015,18770,,IT서비스,KOSDAQ
219130,807.0,1305.0,1580.0,,72.0,252.0,340.0,,,-151.58,3997,63300,,반도체와반도체장비,KOSDAQ
092730,1322.0,1584.0,,,288.0,341.0,,,1.0,-1398.24,4015,25050,9.14,화장품,KOSDAQ
064260,2254.0,,,,23.0,,,,1.0,1643.99,4009,5300,,IT서비스,KOSDAQ
013030,2146.0,,,,589.0,,,,0.9905,-2230.76,3954,33600,7.29,기계,KOSDAQ
368770,435.0,589.0,,,101.0,159.0,,,0.9864,-49.81,3910,11900,38.54,전자장비와기기,KOSDAQ
025900,8296.0,9449.0,10762.0,12040.0,-138.0,-11.0,85.0,380.0,0.963,10010.7,3933,7780,,건축자재,KOSDAQ
125490,1559.0,2134.0,2503.5,2652.0,103.0,153.0,215.0,245.5,1.0,797.46,3898,10680,165.42,자동차부품,KOSDAQ
236200,1373.0,1549.0,1793.33,2069.0,327.0,368.0,437.33,535.0,1.0,-1306.12,3920,56200,6.53,전자장비와기기,KOSDAQ
095660,4327.0,4196.0,4745.4,5127.5,600.0,351.0,509.2,612.75,1.0,-2864.96,3921,18120,12.06,게임엔터테인먼트,KOSDAQ
089890,824.0,1790.0,2500.0,,174.0,390.0,650.0,,1.0,-264.81,3889,23450,25.67,반도체와반도체장비,KOSDAQ
241770,946.0,,,,154.0,,,,1.0,-553.22,3858,37850,,반도체와반도체장비,KOSDAQ
089010,6375.0,,,,232.0,,,,0.7615,3817.36,3815,22750,,전자장비와기기,KOSDAQ
468530,30.0,,,,-114.0,,,,,-186.44,3868,35050,4.0,생물공학,KOSDAQ
389470,29.0,,,,-284.0,,,,,-954.32,3773,28350,,제약,KOSDAQ
107640,1753.0,2503.0,3820.0,4631.0,40.0,143.0,287.0,426.0,0.7716,1049.81,3789,41800,,전기장비,KOSDAQ
078020,22953.0,,,,222.0,,,,1.0,,3762,6780,9.84,증권,KOSDAQ
114810,1988.0,2333.0,2786.0,,333.0,427.0,613.0,,0.9727,-39.84,3743,13300,136.31,반도체와반도체장비,KOSDAQ
003800,3173.0,,,,541.0,,,,1.0,-1872.33,3665,33050,5.7,가구,KOSDAQ
025320,2615.0,,,,68.0,,,,1.0,17.75,3683,3995,42.37,핸드셋,KOSDAQ
372320,,,,,-362.9,,,,,-223.46,3715,24400,,생물공학,KOSDAQ
215200,8849.0,8990.0,9177.0,9369.5,1210.0,1197.0,1230.5,1261.0,0.9548,-15.02,3731,36000,7.58,교육서비스,KOSDAQ
006910,1475.0,,,,268.0,,,,,-533.29,3586,7300,36.86,전기장비,KOSDAQ
332570,1255.0,2928.0,3549.0,4170.0,39.0,308.0,404.0,498.0,0.9946,-511.43,3536,7570,5.69,핸드셋,KOSDAQ
900290,9593.0,,,,1373.0,,,,0.7613,5324.61,3516,4210,6.63,화학,KOSDAQ
060280,745.0,,,,24.0,,,,1.0,-245.41,3627,8790,,건강관리장비와용품,KOSDAQ
101730,1488.0,,,,-487.0,,,,1.0,-732.87,3599,4295,72.75,게임엔터테인먼트,KOSDAQ
170920,3104.0,4586.0,6687.5,8598.0,296.0,734.0,1174.0,1545.0,0.489,-460.06,3539,33500,,반도체와반도체장비,KOSDAQ
215600,92.0,,,,-256.0,,,,,-659.39,3568,2575,,제약,KOSDAQ
441270,2391.0,5116.0,6266.5,7218.0,19.0,314.0,533.5,560.0,1.0,1569.58,3511,8320,30.18,핸드셋,KOSDAQ
098120,1003.0,,,,177.0,,,,0.9951,-232.19,3466,41700,15.69,반도체와반도체장비,KOSDAQ
078160,737.0,,,,-680.0,,,,1.0,-333.15,3509,8950,37.98,생물공학,KOSDAQ
033160,14038.0,21490.0,31676.0,36760.0,142.0,1148.0,1724.5,2095.0,0.2,11783.65,3498,14240,,반도체와반도체장비,KOSDAQ
069080,1744.0,1546.0,1726.0,1870.5,297.0,224.0,264.0,263.0,1.0,-614.08,3468,11200,9.94,게임엔터테인먼트,KOSDAQ
121440,3543.0,,,,280.0,,,,0.9982,1637.33,3440,8030,4.33,레저용장비와제품,KOSDAQ
356680,481.0,,,,38.0,,,,,-64.63,3371,11810,567.02,소프트웨어,KOSDAQ
036620,2502.0,2930.0,3446.5,3923.5,446.0,542.0,671.5,796.5,,-119.75,3392,3775,11.81,"섬유,의류,신발,호화품",KOSDAQ
036800,10947.0,13638.0,16349.0,17846.0,553.0,776.0,993.0,1075.0,0.96,-2043.91,3412,7500,7.12,상업서비스와공급품,KOSDAQ
290550,4258.0,5283.0,7361.25,,216.0,329.0,570.0,,1.0,167.24,3300,16500,34.0,핸드셋,KOSDAQ
200710,1645.0,2378.0,3052.0,3492.0,29.0,95.0,307.0,349.0,0.9879,101.24,3406,25300,,반도체와반도체장비,KOSDAQ
206650,1492.0,1350.0,,,607.0,450.0,,,,-627.03,3348,9110,,생물공학,KOSDAQ
393890,1108.0,,,,-1276.0,,,,1.0,8853.52,3337,9860,27.96,전기제품,KOSDAQ
079370,3833.0,,,,-45.0,,,,0.9712,-12.47,3201,10320,48.79,반도체와반도체장비,KOSDAQ
348210,669.0,827.0,1187.0,1503.0,-12.0,67.0,281.33,455.33,0.9898,603.27,3300,31500,22.69,반도체와반도체장비,KOSDAQ
067630,458.0,,,,-220.0,,,,0.9889,1490.9,3292,2700,,건강관리장비와용품,KOSDAQ
093520,2272.0,2851.0,2851.0,3126.0,291.0,423.0,423.0,471.0,0.9974,-494.09,3202,26900,9.98,반도체와반도체장비,KOSDAQ
069540,318.0,,,,-165.0,,,,,-57.55,3195,2835,,통신장비,KOSDAQ
417840,483.0,1200.0,1507.28,,46.0,364.0,504.93,,0.9933,138.93,3179,13900,,반도체와반도체장비,KOSDAQ
084110,8475.0,,,,906.0,,,,0.3525,1112.43,3298,26050,7.78,제약,KOSDAQ
455900,46.0,,,,-103.0,,,,,-236.9,3202,20800,,건강관리장비와용품,KOSDAQ
199800,13.0,,,,-233.0,,,,1.0,-188.9,3167,35200,,생물공학,KOSDAQ
234340,1874.0,2228.0,2506.5,2807.5,156.0,262.0,303.5,367.5,1.0,-2716.88,3150,22550,22.37,IT서비스,KOSDAQ
018000,403.0,,,,-95.0,,,,,1036.33,3150,1214,,에너지장비및서비스,KOSDAQ
187660,93.0,,,,-74.0,,,,,49.44,3166,4950,,제약,KOSDAQ
092870,660.0,1321.0,1921.67,2680.0,1.0,190.0,347.67,584.0,1.0,-176.49,3132,24000,39.97,반도체와반도체장비,KOSDAQ
330860,1141.0,1320.0,1547.0,1695.0,48.0,264.0,441.5,588.5,,301.79,3119,25600,,반도체와반도체장비,KOSDAQ
352480,2885.0,,,,222.0,,,,1.0,-1133.85,3101,22750,19.89,화장품,KOSDAQ
101930,1080.0,,,,155.0,,,,1.0,-962.79,3094,6770,43.53,조선,KOSDAQ
039440,3281.0,,,,197.0,,,,1.0,-696.61,3140,20250,19.43,반도체와반도체장비,KOSDAQ
078350,6511.0,,,,239.0,,,,1.0,-191.32,3140,20600,17.15,반도체와반도체장비,KOSDAQ
472850,4856.0,5760.0,6664.0,7337.0,574.0,741.0,1014.0,1222.0,0.7803,997.87,3086,5360,6.73,"섬유,의류,신발,호화품",KOSDAQ
091580,2501.0,3432.0,3980.0,4760.0,87.0,260.0,331.0,440.0,1.0,696.31,3065,23000,8.22,전기제품,KOSDAQ
017890,4239.0,,,,318.0,,,,0.8102,-577.62,3022,14620,24.87,화학,KOSDAQ
110990,1079.0,,,,231.0,,,,1.0,-1948.76,3052,16150,26.42,반도체와반도체장비,KOSDAQ
448900,369.0,,,,15.0,,,,1.0,105.08,3074,50600,42.23,자동차부품,KOSDAQ
168360,699.0,1019.0,1257.0,1425.0,32.0,203.0,336.0,426.0,1.0,62.46,3025,13510,26.79,전자장비와기기,KOSDAQ
025770,8363.0,,,,452.0,,,,1.0,-1749.25,2996,8000,11.81,IT서비스,KOSDAQ
035810,33889.0,,,,1514.0,,,,0.3865,7073.28,2994,4640,7.81,식품,KOSDAQ
123330,782.0,1662.0,2335.0,,150.0,296.0,490.0,,1.0,19.47,2940,36900,,화장품,KOSDAQ
061970,4798.0,,,,-398.0,,,,,2441.72,2982,4255,,반도체와반도체장비,KOSDAQ
092460,1335.0,,,,223.0,,,,1.0,236.14,2980,17420,1.61,조선,KOSDAQ
042520,898.0,1426.0,1883.0,2202.0,-259.0,181.0,312.0,423.5,1.0,225.21,2909,20400,,건강관리장비와용품,KOSDAQ
117730,438.0,,,,-119.0,,,,,-45.76,2960,13120,,기계,KOSDAQ
054950,1731.0,1884.0,2057.0,2213.0,333.0,390.0,413.0,453.0,0.9836,-1145.75,2902,24000,12.21,건강관리장비와용품,KOSDAQ
200670,1701.0,1949.0,2190.5,2449.0,423.0,449.0,505.0,565.0,,-458.47,2937,26150,14.58,제약,KOSDAQ
377450,616.0,,,,189.0,,,,,-1858.06,2896,16710,6.95,상업서비스와공급품,KOSDAQ
265520,4601.0,,,,333.0,,,,1.0,-929.12,2902,19280,5.68,디스플레이장비및부품,KOSDAQ
481070,600.0,,,,101.0,,,,0.966,-266.65,2945,20550,36.28,"섬유,의류,신발,호화품",KOSDAQ
138080,574.0,778.0,1195.5,1917.5,-160.0,8.0,168.5,478.0,1.0,99.16,2884,23300,,통신장비,KOSDAQ
035600,13589.0,14784.0,16009.0,17115.0,986.0,1028.0,1226.5,1342.0,0.867,2750.86,2896,10510,4.32,IT서비스,KOSDAQ
482630,1254.0,1624.0,1986.5,2310.0,176.0,250.0,347.0,426.5,,-93.84,2872,13120,16.65,반도체와반도체장비,KOSDAQ
051500,34811.0,37197.0,40295.33,43688.25,1017.0,1020.0,1160.0,1290.5,0.9413,4811.48,2873,24200,5.2,식품과기본식료품소매,KOSDAQ
159010,679.0,,,,-70.0,,,,1.0,414.75,2867,21500,38.83,기계,KOSDAQ
294570,695.0,715.0,745.0,774.0,189.0,200.0,211.0,221.0,,-1631.35,2871,28450,28.8,IT서비스,KOSDAQ
136480,14400.0,,,,477.0,,,,0.9948,3152.97,2852,2685,35.7,식품,KOSDAQ
448280,309.0,509.0,,,10.0,80.0,,,1.0,-2.78,2856,9640,24.44,상업서비스와공급품,KOSDAQ
439090,1130.0,,,,105.0,,,,1.0,-986.58,2856,17420,30.04,화장품,KOSDAQ
036890,4638.0,,,,479.0,,,,1.0,-88.33,2853,12950,8.39,기계,KOSDAQ
309710,620.0,,,,-19.0,,,,1.0,638.42,2684,21000,,제약,KOSDAQ
049070,5908.0,6022.0,6631.0,,-113.0,166.0,332.0,,1.0,-2764.2,2846,18080,16.79,핸드셋,KOSDAQ
287840,23.0,,,,-103.0,,,,,-134.21,2848,18960,,제약,KOSDAQ
484590,1546.0,,,,266.0,,,,,239.31,2835,6880,20.01,우주항공과국방,KOSDAQ
376270,130.0,456.0,865.9,,-156.0,-18.0,163.7,,1.0,99.47,2852,39500,,건강관리업체및서비스,KOSDAQ
182400,79.0,,,,-25.0,,,,,28.52,2655,3670,,생명과학도구및서비스,KOSDAQ
200130,5749.0,,,,266.0,,,,1.0,286.14,2774,9430,26.89,건강관리업체및서비스,KOSDAQ
228760,38.0,,,,-113.0,,,,,-791.37,2807,11290,,건강관리장비와용품,KOSDAQ
036200,2733.0,3462.0,4030.0,4379.0,109.0,280.0,422.0,502.0,1.0,-541.46,2772,9040,14.16,반도체와반도체장비,KOSDAQ
091700,13495.0,14910.0,15505.0,16320.0,447.0,384.0,447.33,490.0,0.9421,-135.21,2745,5490,16.63,핸드셋,KOSDAQ
317330,1121.0,,,,-430.0,,,,,2533.72,2770,13530,,반도체와반도체장비,KOSDAQ
043150,4264.0,4553.0,4905.67,5332.33,548.0,615.0,680.33,803.33,1.0,-1091.28,2793,18800,9.55,건강관리장비와용품,KOSDAQ
488900,368.0,,,,-74.0,,,,,-79.3,2761,9530,,우주항공과국방,KOSDAQ
151860,75772.0,,,,1913.0,,,,0.4486,11552.93,2675,5620,6.11,자동차,KOSDAQ
424870,1.0,,,,-280.0,,,,,-931.28,2740,3000,,제약,KOSDAQ
267980,18435.0,18962.0,19676.0,20116.0,600.0,744.0,796.0,829.0,0.9971,-832.68,2678,34950,5.88,식품,KOSDAQ
389650,165.0,215.0,311.0,430.5,-7.0,-61.0,-14.0,48.0,,-280.38,2748,33200,106.08,건강관리장비와용품,KOSDAQ
200470,1110.0,,,,53.0,,,,,864.87,2673,6100,,반도체와반도체장비,KOSDAQ
098070,1719.0,1985.0,2340.0,,382.0,385.0,400.0,,1.0,-613.88,2730,24550,10.71,에너지장비및서비스,KOSDAQ
377460,916.0,,,,-19.0,,,,,799.0,2532,4080,,상업서비스와공급품,KOSDAQ
121800,101.0,,,,-72.0,,,,1.0,-589.83,2563,3320,,디스플레이패널,KOSDAQ
160980,1644.0,2320.0,2780.0,3150.0,233.0,359.0,457.0,536.0,1.0,-1026.16,2644,24200,14.32,반도체와반도체장비,KOSDAQ
011560,7158.0,9801.0,9830.0,9665.0,404.0,559.0,580.0,590.0,1.0,-783.29,2627,26050,2.48,건설,KOSDAQ
099440,1536.0,2179.0,2554.0,2843.0,-168.0,234.0,299.0,328.0,1.0,1565.61,2627,3850,9.88,기계,KOSDAQ
461300,1959.0,,,,618.0,,,,,-1262.84,2587,19400,4.33,교육서비스,KOSDAQ
024840,7586.0,,,,243.0,,,,0.4939,1232.2,2571,5940,777.95,전기장비,KOSDAQ
243070,6208.0,,,,456.0,,,,1.0,1011.81,2564,21400,9.09,제약,KOSDAQ
389500,72.0,122.0,205.5,306.5,-69.0,-61.0,-27.5,12.0,,50.51,2529,37950,,기계,KOSDAQ
023410,13327.0,,,,324.0,,,,0.9486,4134.07,2528,3270,4.05,건축자재,KOSDAQ
060720,4249.0,4117.0,4662.75,5074.33,318.0,277.0,361.0,405.0,1.0,420.75,2517,10630,11.24,핸드셋,KOSDAQ
108860,1148.0,,,,15.0,,,,,-934.51,2492,9260,,건강관리장비와용품,KOSDAQ
100120,2393.0,2516.0,2623.5,2721.0,214.0,382.0,425.5,453.5,1.0,109.99,2436,27150,18.35,건강관리장비와용품,KOSDAQ
452430,173.0,350.0,816.5,2178.0,-46.0,24.0,162.0,469.0,,51.07,2472,29950,,반도체와반도체장비,KOSDAQ
180400,294.0,,,,-243.0,,,,,-352.15,2490,2530,,건강관리업체및서비스,KOSDAQ
304360,165.0,167.0,169.0,,-83.0,-84.0,-85.0,,,-284.69,2457,19840,,생물공학,KOSDAQ
071200,1024.0,,,,142.0,,,,0.987,-2124.79,2420,9920,7.78,건강관리기술,KOSDAQ
064820,5798.0,,,,500.0,,,,0.9248,-7235.45,2404,7790,5.46,증권,KOSDAQ
394280,161.0,,,,-289.0,,,,,-171.92,2434,9240,,반도체와반도체장비,KOSDAQ
089980,1960.0,2258.0,2859.0,3707.0,67.0,112.0,177.0,246.0,1.0,670.6,2424,15160,29.73,전자장비와기기,KOSDAQ
378340,332.0,,,,-222.0,,,,1.0,156.59,2426,11210,,전기제품,KOSDAQ
068930,2538.0,2811.0,3105.0,3354.0,316.0,446.0,497.5,541.5,0.8597,300.48,2397,8660,13.47,교육서비스,KOSDAQ
065680,1864.0,,,,218.0,,,,1.0,-1297.61,2403,26000,26.34,핸드셋,KOSDAQ
237880,3289.0,3426.0,3520.0,3620.0,164.0,246.0,250.0,260.0,1.0,-1549.61,2422,13400,20.1,화장품,KOSDAQ
114190,2123.0,,,,-61.0,,,,0.8354,111.52,2393,9160,106.37,전자장비와기기,KOSDAQ
389260,1310.0,1665.0,1843.0,,168.0,339.0,362.0,,1.0,466.29,2388,13330,48.41,에너지장비및서비스,KOSDAQ
493280,116.0,,,,3.0,,,,,-1227.12,2386,16080,,제약,KOSDAQ
043370,12007.0,12528.0,13138.0,13818.0,484.0,451.0,480.0,570.0,1.0,-1890.94,2379,11330,3.4,자동차부품,KOSDAQ
298830,939.0,,,,126.0,,,,0.8911,-184.86,2371,4435,71.07,소프트웨어,KOSDAQ
243840,4082.0,5188.0,6200.5,6873.5,59.0,201.0,323.5,394.0,1.0,3463.3,2364,6130,13.75,전기제품,KOSDAQ
094480,1297.0,,,,184.0,,,,1.0,1003.58,2369,6040,,IT서비스,KOSDAQ
065710,1166.0,,,,253.0,,,,1.0,-615.93,2359,45800,6.32,운송인프라,KOSDAQ
365270,0.07,39.0,,,-165.0,-136.0,,,,-117.83,2335,10540,,제약,KOSDAQ
023760,5384.0,,,,1279.0,,,,1.0,,2238,1418,2.8,기타금융,KOSDAQ
456010,40.0,128.0,253.0,357.0,-89.0,-20.0,84.0,165.0,1.0,-442.16,2294,15820,,통신장비,KOSDAQ
073490,1861.0,2430.0,3224.5,4285.5,-11.0,194.0,391.0,629.5,1.0,-330.02,2304,30300,18.46,통신장비,KOSDAQ
416180,1169.0,,,,23.0,,,,1.0,1016.01,2346,25950,19.83,전기제품,KOSDAQ
036030,3959.0,,,,442.0,,,,,-1470.36,2301,4695,18.05,인터넷과카탈로그소매,KOSDAQ
254490,6356.0,,,,191.0,,,,,804.44,2283,15810,66.01,반도체와반도체장비,KOSDAQ
086390,1102.0,1947.0,3569.0,4002.0,-211.0,253.0,652.0,660.0,0.9261,199.93,2308,10920,41.92,반도체와반도체장비,KOSDAQ
085910,687.0,998.0,1517.0,,78.0,183.0,311.0,,0.7884,30.53,2290,16600,,자동차부품,KOSDAQ
047920,2056.0,,,,11.0,,,,1.0,8.93,2332,7110,,제약,KOSDAQ
094360,285.0,311.0,354.5,362.0,70.0,70.0,93.0,96.0,0.9941,-408.23,2285,10700,,반도체와반도체장비,KOSDAQ
353810,4769.0,,,,450.0,,,,0.949,1172.06,2259,6830,7.96,식품,KOSDAQ
215000,4833.0,4361.0,4662.0,5074.0,681.0,380.0,518.0,590.0,1.0,-972.27,2272,36200,7.28,"호텔,레스토랑,레저",KOSDAQ
053030,1685.0,1900.0,,,-45.0,-20.0,,,1.0,863.02,2281,6980,60.86,제약,KOSDAQ
064550,3301.0,,,,152.0,,,,,202.99,2269,8790,,생물공학,KOSDAQ
445090,728.0,1819.0,2016.0,3954.0,-276.0,50.0,92.0,207.0,1.0,225.09,2267,20750,134.91,반도체와반도체장비,KOSDAQ
061090,1793.0,2332.0,2728.0,3797.0,163.0,403.0,544.0,977.0,1.0,-885.35,2261,41350,13.76,통신장비,KOSDAQ
217730,36.0,,,,-177.0,,,,,-182.25,2253,2395,,생물공학,KOSDAQ
241520,451.0,,,,223.0,,,,0.9716,,2229,8380,5.98,창업투자,KOSDAQ
042370,4323.0,,,,557.0,,,,0.2,-1751.18,2227,8500,,전기제품,KOSDAQ
095500,5385.0,,,,209.0,,,,1.0,915.39,2236,7210,,디스플레이장비및부품,KOSDAQ
206640,1621.0,,,,289.0,,,,0.9905,-351.5,2219,10130,18.56,생명과학도구및서비스,KOSDAQ
036710,15281.0,,,,-343.0,,,,,7085.04,2195,4155,,반도체와반도체장비,KOSDAQ
314930,70.0,,,,7.0,,,,1.0,-147.47,2203,7400,,건강관리장비와용품,KOSDAQ
290690,383.0,,,,-67.0,,,,,549.83,2182,4120,,디스플레이장비및부품,KOSDAQ
046970,425.0,,,,-7.0,,,,,-72.58,2172,4955,,컴퓨터와주변기기,KOSDAQ
014940,2073.0,,,,243.0,,,,1.0,-267.53,2169,4760,14.6,조선,KOSDAQ
045390,1532.0,,,,76.0,,,,1.0,-7.48,2167,3075,22.45,도로와철도운송,KOSDAQ
475400,131.0,239.0,399.0,528.0,-184.0,-132.0,-44.0,37.0,1.0,-327.17,2161,18300,,기계,KOSDAQ
203650,3189.0,,,,225.0,,,,1.0,3352.24,2161,2125,7.6,상업서비스와공급품,KOSDAQ
380540,215.0,,,,-59.0,,,,,121.17,2067,8450,,통신장비,KOSDAQ
019010,482.0,,,,150.0,,,,0.9269,-3529.87,2159,4480,7.33,"호텔,레스토랑,레저",KOSDAQ
484810,566.0,,,,-8.0,,,,,-107.58,2129,13780,,기계,KOSDAQ
005710,10589.0,,,,708.0,,,,1.0,-4449.34,2136,10660,3.27,자동차부품,KOSDAQ
950170,3086.0,3017.0,,,476.0,59.0,,,1.0,769.35,2117,4340,11.01,백화점과일반상점,KOSDAQ
099430,909.0,,,,150.0,,,,0.7502,363.08,2127,3450,10.0,건강관리장비와용품,KOSDAQ
036190,4234.0,,,,438.0,,,,1.0,-1369.03,2079,34650,4.12,건설,KOSDAQ
144510,1655.0,1722.0,,,-138.0,-129.0,,,,1068.53,2133,13500,,건강관리업체및서비스,KOSDAQ
462860,600.0,,,,136.0,,,,1.0,-1704.73,2113,2945,23.95,IT서비스,KOSDAQ
194700,4043.0,4816.0,,,430.0,542.0,,,0.9848,-137.65,2076,11370,10.33,건강관리업체및서비스,KOSDAQ
446540,432.0,,,,-42.0,,,,,-242.2,2070,7120,,전자장비와기기,KOSDAQ
052330,3968.0,,,,378.0,,,,0.9999,-930.53,2096,11800,12.87,디스플레이패널,KOSDAQ
307180,1029.0,,,,-85.0,,,,0.4805,721.41,2075,5620,,디스플레이장비및부품,KOSDAQ
058970,840.0,,,,9.0,,,,1.0,-238.36,2055,16620,,소프트웨어,KOSDAQ
067390,2544.0,,,,74.0,,,,,1473.67,2045,4855,,우주항공과국방,KOSDAQ
452280,632.0,,,,98.0,,,,,335.94,2050,10650,26.93,기계,KOSDAQ
018310,3170.0,,,,64.0,,,,1.0,-239.24,2043,13900,2.06,건축제품,KOSDAQ
419530,1413.0,1645.0,1788.5,2033.0,226.0,233.0,302.0,375.0,1.0,-279.93,2041,20000,,방송과엔터테인먼트,KOSDAQ
082800,593.0,,,,-192.0,,,,,227.68,2037,3355,,제약,KOSDAQ
112290,831.0,1152.0,1705.0,,-18.0,95.0,214.0,,,549.39,2038,10080,,반도체와반도체장비,KOSDAQ
053300,1385.0,,,,271.0,,,,0.9319,-723.45,2025,4990,23.8,IT서비스,KOSDAQ
462350,27.0,,,,-722.0,,,,,-633.93,2030,5990,,우주항공과국방,KOSDAQ
450950,379.0,476.0,734.0,913.0,104.0,44.0,193.0,268.5,1.0,-155.06,2032,5400,49.44,건강관리장비와용품,KOSDAQ
012210,738.0,817.0,,,58.0,80.0,,,,474.4,2029,8800,38.69,기계,KOSDAQ
084850,6031.0,4324.0,5233.0,,-70.0,38.0,262.0,,1.0,2696.24,2030,8950,,전자장비와기기,KOSDAQ
304100,416.0,,,,-80.0,,,,,-327.28,2021,16050,,IT서비스,KOSDAQ
013120,3873.0,,,,171.0,,,,1.0,1317.35,2002,2205,6.74,건설,KOSDAQ
067080,1431.0,,,,32.0,,,,0.7099,944.03,1999,10740,,제약,KOSDAQ
484120,1398.0,1731.0,2121.0,,34.0,144.0,279.5,,0.9141,-187.25,2027,18500,529.91,디스플레이장비및부품,KOSDAQ
042420,4368.0,,,,552.0,,,,0.5479,-3572.69,1970,24200,30.93,게임엔터테인먼트,KOSDAQ
190510,4599.0,3587.0,4628.0,,282.0,151.0,278.0,,1.0,-1122.24,1954,13870,9.72,핸드셋,KOSDAQ
102940,2090.0,,,,176.0,,,,1.0,1256.38,1990,15200,,제약,KOSDAQ
125020,2991.0,,,,68.0,,,,,202.62,1983,5660,83.37,전기장비,KOSDAQ
314130,246.0,,,,-292.0,,,,,-386.68,1964,3755,,제약,KOSDAQ
034810,22601.0,,,,418.0,,,,,7041.81,1952,6180,,종이와목재,KOSDAQ
194480,2956.0,2328.0,3017.0,3334.5,64.0,-391.0,136.0,211.5,0.9939,-420.23,1979,16260,,게임엔터테인먼트,KOSDAQ
425040,2797.0,,,,248.0,,,,0.9014,485.91,1942,8860,24.02,반도체와반도체장비,KOSDAQ
318060,205.0,351.0,484.0,694.0,-111.0,-34.0,70.0,224.0,1.0,101.95,1945,17390,,건강관리장비와용품,KOSDAQ
036560,1105.0,,,,102.0,,,,,-120.03,1948,12370,6.86,기계,KOSDAQ
066620,4389.0,,,,458.0,,,,1.0,-3282.89,1935,25800,3.87,건설,KOSDAQ
272110,844.0,1530.0,,,222.0,320.0,,,1.0,823.8,1926,24000,14.28,반도체와반도체장비,KOSDAQ
214180,3758.0,4481.0,5180.5,5906.5,502.0,588.0,764.0,900.5,0.815,-3433.95,1906,14670,8.53,IT서비스,KOSDAQ
039830,3281.0,4097.0,4927.0,5673.0,445.0,634.0,879.0,1050.0,1.0,2976.4,1906,17710,10.89,레저용장비와제품,KOSDAQ
199430,159.0,,,,-75.0,,,,,81.8,1908,17040,,기계,KOSDAQ
354320,1878.0,2265.0,2847.0,3356.0,62.0,154.0,307.0,417.0,1.0,938.26,1905,29800,,자동차부품,KOSDAQ
459510,125.0,,,,-82.0,,,,,59.45,1926,14840,,기계,KOSDAQ
049430,723.0,,,,180.0,,,,0.9996,-1237.01,1896,20950,5.39,기계,KOSDAQ
222040,2875.0,3993.0,4953.0,,40.0,370.0,486.5,,1.0,1086.38,1898,9200,,건강관리업체및서비스,KOSDAQ
016790,1130.0,,,,50.0,,,,1.0,-108.07,1873,994,,식품,KOSDAQ
143240,1212.0,,,,168.0,,,,1.0,-1754.22,1894,17650,10.8,상업서비스와공급품,KOSDAQ
134580,486.0,,,,37.0,,,,,-80.71,1878,3810,,양방향미디어와서비스,KOSDAQ
204610,695.0,,,,170.0,,,,0.8236,-634.56,1881,3375,14.64,게임엔터테인먼트,KOSDAQ
115450,696.0,,,,-35.0,,,,,273.38,1878,2120,,제약,KOSDAQ
357550,175.0,,,,39.0,,,,1.0,-126.49,1879,34450,88.99,화학,KOSDAQ
388050,774.0,1050.0,,,88.0,133.0,,,1.0,-330.49,1854,9910,221.23,전기장비,KOSDAQ
192440,4637.0,,,,332.0,,,,1.0,-2095.52,1843,29650,4.88,핸드셋,KOSDAQ
064850,354.0,586.0,692.0,780.0,107.0,293.0,364.0,414.0,1.0,-140.68,1871,16400,10.28,IT서비스,KOSDAQ
464080,61.0,,,,-161.0,,,,,83.19,1827,10140,,전자장비와기기,KOSDAQ
126700,1711.0,2891.0,3802.67,4877.0,-326.0,174.0,386.33,584.0,1.0,-708.12,1841,12320,6.29,핸드셋,KOSDAQ
078150,1603.0,,,,62.0,,,,1.0,-273.49,1814,1911,2.56,디스플레이장비및부품,KOSDAQ
052710,2538.0,2618.0,3099.0,,55.0,88.0,311.0,,1.0,1026.78,1849,10890,,핸드셋,KOSDAQ
256840,959.0,,,,16.0,,,,1.0,-675.12,1812,2650,9.78,건강관리장비와용품,KOSDAQ
126600,3979.0,,,,173.0,,,,1.0,1364.79,1861,2965,,화학,KOSDAQ
270660,344.0,,,,-32.0,,,,1.0,-57.68,1817,14320,52.27,가정용기기와용품,KOSDAQ
293780,37.0,,,,-158.0,,,,,-105.98,1798,6400,,건강관리업체및서비스,KOSDAQ
950140,2168.0,,,,374.0,,,,1.0,-316.98,1792,9020,12.77,화장품,KOSDAQ
083310,2449.0,,,,-81.0,,,,0.7005,-626.2,1785,10020,6.71,반도체와반도체장비,KOSDAQ
489460,285.0,381.0,,,42.0,108.0,,,1.0,-150.68,1788,12120,45.22,화장품,KOSDAQ
094820,2520.0,,,,241.0,,,,0.9492,287.08,1766,11710,18.23,건설,KOSDAQ
054210,7532.0,,,,432.0,,,,1.0,2009.3,1778,7030,17.37,핸드셋,KOSDAQ
126730,383.0,,,,11.0,,,,1.0,-242.16,1772,20200,24.55,전기제품,KOSDAQ
402030,340.0,,,,-99.0,,,,,-167.68,1771,14150,,소프트웨어,KOSDAQ
138610,327.0,,,,50.0,,,,,-123.22,1784,15690,,건강관리장비와용품,KOSDAQ
108380,2301.0,2451.0,2563.0,2656.0,271.0,295.0,320.0,336.0,1.0,-1158.26,1771,18510,13.38,조선,KOSDAQ
216080,769.0,,,,38.0,,,,1.0,961.77,1747,4685,19.87,건강관리장비와용품,KOSDAQ
176750,386.0,,,,74.0,,,,1.0,17.19,1749,6140,36.52,제약,KOSDAQ
372170,1002.0,,,,-316.0,,,,1.0,-529.84,1751,21950,36.77,전자장비와기기,KOSDAQ
220100,187.0,,,,-78.0,,,,,-163.35,1765,7870,,제약,KOSDAQ
083930,3929.0,,,,346.0,,,,1.0,-56.51,1725,11750,55.18,전기제품,KOSDAQ
092130,500.0,533.0,559.0,584.0,156.0,160.0,169.0,178.0,1.0,-398.75,1743,14470,14.25,상업서비스와공급품,KOSDAQ
143160,3276.0,,,,212.0,,,,0.7318,-911.64,1741,16250,11.45,전자장비와기기,KOSDAQ
264850,696.0,,,,39.0,,,,1.0,-71.5,1724,5690,24.64,전자장비와기기,KOSDAQ
042600,1649.0,,,,-26.0,,,,,635.71,1724,13880,,가정용기기와용품,KOSDAQ
119830,485.0,,,,-3.0,,,,1.0,-1426.23,1704,6420,,반도체와반도체장비,KOSDAQ
230240,1420.0,1193.0,2257.0,2806.0,-16.0,-244.0,225.0,540.0,1.0,430.15,1716,12890,127.22,통신장비,KOSDAQ
260970,1509.0,,,,230.0,,,,,-585.31,1684,58200,5.95,식품,KOSDAQ
382800,919.0,1446.0,1910.0,,78.0,275.0,354.0,,1.0,-134.45,1700,5340,9.58,반도체와반도체장비,KOSDAQ
086820,152.0,,,,-43.0,,,,1.0,75.28,1729,6670,,생물공학,KOSDAQ
080160,2104.0,1912.0,2327.0,2486.0,74.0,51.0,187.0,205.0,0.9968,-799.98,1686,8920,28.02,"호텔,레스토랑,레저",KOSDAQ
086670,1470.0,1840.0,,,153.0,200.0,,,1.0,809.49,1683,16960,7.29,기계,KOSDAQ
245620,79.0,,,,-16.0,,,,1.0,34.89,1671,741,,생명과학도구및서비스,KOSDAQ
403850,939.0,,,,194.0,,,,1.0,-1696.7,1682,11720,17.43,방송과엔터테인먼트,KOSDAQ
114840,2241.0,2450.0,2640.0,2790.0,271.0,230.0,250.0,290.0,1.0,-305.94,1680,10070,11.28,화장품,KOSDAQ
123410,7859.0,,,,454.0,,,,0.9904,347.1,1676,6020,3.3,자동차부품,KOSDAQ
038390,3656.0,,,,468.0,,,,1.0,3653.37,1677,10030,8.05,도로와철도운송,KOSDAQ
179290,672.0,,,,207.0,,,,1.0,-589.52,1677,5180,16.99,건강관리장비와용품,KOSDAQ
199820,1960.0,,,,118.0,,,,0.9887,8.52,1673,7530,13.91,전기장비,KOSDAQ
234690,1647.0,,,,173.0,,,,1.0,857.96,1672,9310,22.4,제약,KOSDAQ
049630,1645.0,,,,107.0,,,,1.0,246.38,1671,7150,41.99,핸드셋,KOSDAQ
101970,1009.0,,,,7.0,,,,,-90.54,1664,11250,,에너지장비및서비스,KOSDAQ
417030,67.0,,,,-166.0,,,,,-59.41,1658,28700,,우주항공과국방,KOSDAQ
118990,7023.0,,,,418.0,,,,0.5905,2052.83,1661,6770,13.47,자동차부품,KOSDAQ
355150,152.0,230.0,576.5,,2.0,53.0,175.0,,,215.76,1657,21250,,반도체와반도체장비,KOSDAQ
012860,10441.0,,,,368.0,,,,0.9579,2204.76,1655,2260,16.66,자동차부품,KOSDAQ
101360,1420.0,,,,-6.0,,,,1.0,2124.25,1659,9330,,화학,KOSDAQ
475040,181.0,,,,-586.0,,,,,-625.4,1644,3055,,소프트웨어,KOSDAQ
066410,173.0,,,,-62.0,,,,,18.04,1596,1153,,IT서비스,KOSDAQ
023910,2086.0,2220.0,2325.0,2430.0,312.0,326.0,345.0,364.0,,-1146.97,1632,27200,5.86,제약,KOSDAQ
394800,117.0,,,,-59.0,,,,,-90.76,1648,5180,,건강관리기술,KOSDAQ
093190,1335.0,,,,159.0,,,,0.9995,-434.4,1645,8550,9.91,컴퓨터와주변기기,KOSDAQ
068790,1555.0,,,,42.0,,,,0.9245,315.45,1632,7230,4.92,디스플레이장비및부품,KOSDAQ
122990,3212.0,,,,-363.0,,,,1.0,-327.24,1641,6160,16.58,핸드셋,KOSDAQ
046070,2710.0,,,,4.0,,,,1.0,1706.44,1592,10280,,자동차부품,KOSDAQ
308430,19.0,,,,-82.0,,,,,-373.14,1631,12640,,제약,KOSDAQ
041920,649.0,940.0,1258.0,,60.0,160.0,234.0,,1.0,-859.22,1631,8770,12.95,건강관리장비와용품,KOSDAQ
032620,1977.0,,,,75.0,,,,0.9777,55.28,1626,3115,,건강관리기술,KOSDAQ
126640,3789.0,,,,118.0,,,,,-317.56,1600,4565,6.89,자동차부품,KOSDAQ
072870,1273.0,,,,205.0,,,,0.926,-858.27,1614,13540,5.99,교육서비스,KOSDAQ
032580,536.0,,,,-21.0,,,,,-41.06,1599,4825,50.92,반도체와반도체장비,KOSDAQ
123860,1082.0,,,,202.0,,,,,-567.66,1612,13300,94.34,디스플레이장비및부품,KOSDAQ
119610,1184.0,1392.0,1604.2,1877.0,195.0,297.0,378.4,474.5,1.0,285.02,1592,13950,95.57,건강관리장비와용품,KOSDAQ
104480,3458.0,,,,24.0,,,,,802.66,1597,1757,,화학,KOSDAQ
024800,670.0,,,,12.0,,,,0.9523,551.77,1583,4495,1.43,도로와철도운송,KOSDAQ
054800,9081.0,,,,897.0,,,,0.501,-1775.26,1583,15300,5.59,컴퓨터와주변기기,KOSDAQ
046120,579.0,,,,-140.0,,,,1.0,419.74,1568,4630,,에너지장비및서비스,KOSDAQ
011040,1963.0,,,,77.0,,,,1.0,-19.89,1563,5080,,제약,KOSDAQ
264450,1164.0,1277.0,1452.0,1613.0,231.0,278.0,293.0,350.0,1.0,-698.33,1565,10670,6.43,통신장비,KOSDAQ
389020,106.0,,,,-71.0,,,,,14.38,1567,22700,,통신장비,KOSDAQ
138360,234.0,,,,6.0,,,,,106.26,1542,1753,,기계,KOSDAQ
089600,1179.0,1336.0,1530.0,1740.0,123.0,252.0,295.0,346.0,,-1430.93,1540,13310,15.43,광고,KOSDAQ
263860,484.0,556.0,610.0,679.0,70.0,116.0,131.0,149.0,0.9978,-362.71,1533,16880,19.07,소프트웨어,KOSDAQ
007330,1017.0,,,,169.0,,,,,,1535,10180,8.34,기타금융,KOSDAQ
418550,552.0,,,,-42.0,,,,,-34.84,1526,4765,48.64,건설,KOSDAQ
046440,2338.0,2359.0,2426.0,2494.0,331.0,352.0,396.0,425.0,1.0,-307.79,1528,4215,4.86,IT서비스,KOSDAQ
382900,434.0,760.0,1160.0,,9.0,40.0,100.0,,1.0,997.06,1513,17270,,전기제품,KOSDAQ
405100,689.0,850.0,1100.0,,48.0,122.0,215.0,,0.9799,35.24,1530,12450,68.3,반도체와반도체장비,KOSDAQ
023600,5399.0,,,,299.0,,,,0.848,-646.76,1532,9570,2.85,포장재,KOSDAQ
024060,1079.0,,,,-10.0,,,,,-17.12,1509,10060,106.27,석유와가스,KOSDAQ
205500,367.0,,,,14.0,,,,,-151.91,1502,1845,4.0,게임엔터테인먼트,KOSDAQ
065660,75.0,,,,-24.0,,,,,-426.85,1514,15130,,제약,KOSDAQ
093640,90.0,,,,-102.0,,,,,-21.88,1501,4570,,반도체와반도체장비,KOSDAQ
187870,841.0,,,,173.0,,,,1.0,-619.0,1497,10800,14.43,디스플레이장비및부품,KOSDAQ
041020,3242.0,,,,91.0,,,,0.3606,-1536.6,1488,2995,10.2,자동차부품,KOSDAQ
049960,531.0,,,,79.0,,,,1.0,-962.25,1490,15850,16.73,생물공학,KOSDAQ
251370,1446.0,,,,129.0,,,,,442.69,1482,8230,,화학,KOSDAQ
039840,1641.0,1905.0,2152.0,2560.0,101.0,233.0,296.0,350.0,1.0,374.67,1497,11160,107.43,건강관리장비와용품,KOSDAQ
039860,381.0,,,,11.0,,,,1.0,-470.57,1495,3925,,생명과학도구및서비스,KOSDAQ
078070,1557.0,,,,306.0,,,,0.6055,-1088.16,1486,8710,17.12,통신장비,KOSDAQ
300080,360.0,,,,62.0,,,,1.0,-183.46,1484,8990,,양방향미디어와서비스,KOSDAQ
092070,791.0,,,,-7.0,,,,,-256.2,1475,12750,53.57,반도체와반도체장비,KOSDAQ
445180,1425.0,,,,172.0,,,,,-285.13,1468,8540,13.04,반도체와반도체장비,KOSDAQ
054450,1928.0,2465.0,2839.0,3305.0,-62.0,170.0,257.0,325.0,0.9944,1215.68,1472,9720,7.75,반도체와반도체장비,KOSDAQ
413630,193.0,235.0,251.0,272.0,21.0,40.0,58.0,65.0,1.0,-124.9,1472,4040,,기계,KOSDAQ
013990,1891.0,,,,140.0,,,,1.0,-213.4,1439,4375,9.63,"섬유,의류,신발,호화품",KOSDAQ
005990,21962.0,,,,640.0,,,,0.4628,-916.14,1442,10840,2.25,식품,KOSDAQ
048870,1131.0,,,,192.0,,,,0.2692,-607.3,1450,1646,97.97,건강관리장비와용품,KOSDAQ
148150,2779.0,2964.0,3587.0,,18.0,35.0,341.0,,1.0,-396.2,1438,4045,21.79,핸드셋,KOSDAQ
331920,58.0,,,,-33.0,,,,1.0,-219.01,1461,13070,,생물공학,KOSDAQ
001540,3069.0,,,,98.0,,,,1.0,131.61,1436,11010,95.13,제약,KOSDAQ
032940,1507.0,,,,89.0,,,,0.987,596.35,1455,8000,,화장품,KOSDAQ
051160,5871.0,,,,251.0,,,,0.6576,-1519.53,1444,9330,13.97,판매업체,KOSDAQ
051370,4680.0,4553.0,4827.0,4730.0,286.0,172.0,290.5,260.0,1.0,-655.77,1437,6160,9.08,전자장비와기기,KOSDAQ
408920,728.0,,,,190.0,,,,1.0,-644.76,1407,3255,19.22,양방향미디어와서비스,KOSDAQ
474650,131.0,245.0,454.0,727.0,-74.0,-77.0,82.0,249.0,,73.82,1435,24950,,기계,KOSDAQ
084990,26.0,,,,-99.0,,,,,-533.0,1429,3100,,생물공학,KOSDAQ
067280,3308.0,,,,319.0,,,,0.9923,-1475.99,1411,23800,6.41,교육서비스,KOSDAQ
340450,315.0,383.0,470.0,638.0,12.0,31.0,65.0,138.0,,-382.78,1400,5920,36.97,생명과학도구및서비스,KOSDAQ
060150,1872.0,,,,182.0,,,,1.0,427.16,1417,3110,200.2,상업서비스와공급품,KOSDAQ
469610,757.0,,,,86.0,,,,0.9609,-316.4,1413,15800,22.11,디스플레이장비및부품,KOSDAQ
147830,379.0,,,,106.0,,,,,-828.47,1414,7070,9.9,전기장비,KOSDAQ
036170,317.0,,,,24.0,,,,1.0,-7.71,1405,2290,6.73,디스플레이장비및부품,KOSDAQ
417010,403.0,,,,-5.0,,,,1.0,631.09,1410,6990,59.86,전자장비와기기,KOSDAQ
293580,292.0,,,,73.0,,,,1.0,,1399,1474,55.46,창업투자,KOSDAQ
005160,7278.0,,,,70.0,,,,,2388.03,1400,2580,,철강,KOSDAQ
334970,125.0,238.14,,,-337.0,-491.29,,,,844.28,1393,1791,,제약,KOSDAQ
274090,764.0,,,,-92.0,,,,,180.77,1399,10160,,우주항공과국방,KOSDAQ
289080,210.0,214.0,,,-84.0,-27.0,,,1.0,,1395,2320,26.58,창업투자,KOSDAQ
038290,1953.0,,,,2.0,,,,,354.7,1392,12840,,생명과학도구및서비스,KOSDAQ
088800,1784.0,,,,-222.0,,,,,621.37,1395,1848,,통신장비,KOSDAQ
069510,4682.0,,,,458.0,,,,1.0,-1464.61,1372,12580,4.49,전자장비와기기,KOSDAQ
079960,5965.0,,,,536.0,,,,1.0,-1734.02,1374,18200,3.48,전기제품,KOSDAQ
086890,567.0,,,,16.0,,,,,-19.21,1370,3360,56.06,제약,KOSDAQ
003100,1904.0,,,,414.0,,,,1.0,1914.75,1376,20850,3.97,운송인프라,KOSDAQ
035610,1207.0,,,,246.0,,,,0.6045,-2148.7,1378,5040,2.99,건강관리기술,KOSDAQ
041520,379.0,,,,-9.0,,,,1.0,-876.69,1370,11240,,반도체와반도체장비,KOSDAQ
494120,73.0,152.0,,,-75.0,-17.0,,,,-144.65,1392,9120,,생명과학도구및서비스,KOSDAQ
388790,177.0,,,,6.0,,,,,-49.06,1365,4460,,통신장비,KOSDAQ
035080,30616.0,,,,-296.0,,,,,1024.67,1367,11960,,인터넷과카탈로그소매,KOSDAQ
226590,965.0,,,,115.0,,,,1.0,53.28,1350,12600,12.86,반도체와반도체장비,KOSDAQ
115310,287.0,,,,65.0,,,,1.0,-648.84,1357,9150,9.48,IT서비스,KOSDAQ
255220,1022.0,,,,8.0,,,,,513.11,1332,1216,,건축자재,KOSDAQ
338840,29.0,,,,-93.0,,,,,-255.41,1348,8750,,생물공학,KOSDAQ
489500,202.0,334.0,439.0,516.0,46.0,110.0,158.0,190.0,1.0,-248.17,1339,20950,51.22,반도체와반도체장비,KOSDAQ
265740,716.0,986.0,1233.0,,125.0,178.0,222.0,,,-29.83,1334,7470,18.0,화장품,KOSDAQ
153890,222.0,,,,-8.0,,,,1.0,-193.95,1328,11020,,기계,KOSDAQ
080420,3581.0,,,,279.0,,,,0.9691,4974.63,1324,1661,,전문소매,KOSDAQ
140670,670.0,,,,-36.0,,,,,-161.48,1316,10250,,기계,KOSDAQ
047770,397.0,,,,24.0,,,,0.9886,-312.35,1328,3510,18.26,"섬유,의류,신발,호화품",KOSDAQ
049720,1780.0,1840.0,1910.0,,167.0,180.0,180.0,,1.0,58.56,1314,9190,11.57,상업서비스와공급품,KOSDAQ
264660,1962.0,,,,247.0,,,,1.0,-453.96,1311,13490,8.74,반도체와반도체장비,KOSDAQ
950190,1125.0,,,,153.0,,,,1.0,-850.92,1310,10060,6.95,게임엔터테인먼트,KOSDAQ
136540,986.0,,,,212.0,,,,0.9997,-961.66,1302,10600,7.98,소프트웨어,KOSDAQ
094840,212.0,,,,39.0,,,,1.0,-719.61,1305,13310,1.89,전자장비와기기,KOSDAQ
048550,1005.0,,,,-13.0,,,,,-561.15,1299,1343,,광고,KOSDAQ
009780,1977.0,,,,297.0,,,,1.0,214.11,1290,7330,5.02,식품,KOSDAQ
267320,824.0,,,,-89.0,,,,1.0,100.11,1289,2245,16.13,전기제품,KOSDAQ
432720,54.0,,,,-245.0,,,,,-334.01,1287,9070,,반도체와반도체장비,KOSDAQ
036690,851.0,,,,-142.0,,,,,233.68,1257,2885,,통신장비,KOSDAQ
192410,167.0,,,,-18.0,,,,,-103.69,1297,5150,,통신장비,KOSDAQ
040350,109.0,,,,-64.0,,,,,315.44,1283,6460,,IT서비스,KOSDAQ
067290,810.0,,,,75.0,,,,1.0,33.37,1289,2300,,제약,KOSDAQ
473980,757.0,,,,123.0,,,,1.0,-54.36,1284,11800,20.17,방송과엔터테인먼트,KOSDAQ
321550,123.0,,,,-161.0,,,,,95.09,1277,4250,,제약,KOSDAQ
102120,2441.0,,,,101.0,,,,1.0,401.33,1278,7190,,반도체와반도체장비,KOSDAQ
322510,33.0,,,,-132.0,,,,,-104.3,1271,4940,,건강관리기술,KOSDAQ
457550,448.0,,,,51.0,,,,,-288.53,1268,13610,23.88,에너지장비및서비스,KOSDAQ
285490,556.0,,,,67.0,,,,1.0,-1013.87,1272,12030,8.54,핸드셋,KOSDAQ
146320,876.0,1142.0,1392.0,1737.0,39.0,93.0,162.0,219.0,1.0,832.62,1259,9840,222.85,반도체와반도체장비,KOSDAQ
108230,1710.0,,,,-31.0,,,,1.0,-1745.4,1262,3320,5.09,기계,KOSDAQ
220260,568.0,,,,10.0,,,,,-46.94,1257,3920,67.83,화학,KOSDAQ
232680,538.0,,,,40.0,,,,1.0,-88.07,1257,9480,51.11,반도체와반도체장비,KOSDAQ
142210,7690.0,9459.0,,,323.0,666.0,,,1.0,2692.95,1253,6040,4.17,반도체와반도체장비,KOSDAQ
086980,627.0,,,,-117.0,,,,1.0,-1287.34,1258,2015,,방송과엔터테인먼트,KOSDAQ
240550,1135.0,1312.0,,,170.0,238.0,,,1.0,66.37,1252,5980,13.65,건강관리장비와용품,KOSDAQ
297890,628.0,,,,44.0,,,,1.0,-272.05,1251,1710,4.72,디스플레이장비및부품,KOSDAQ
211270,478.0,,,,-43.0,,,,,-696.04,1247,8270,19.51,통신장비,KOSDAQ
394420,88.0,185.0,281.0,394.0,-106.0,-26.0,52.0,135.0,1.0,-76.96,1250,11360,,건강관리장비와용품,KOSDAQ
361390,596.0,,,,-21.0,,,,,-300.53,1248,12820,75.61,우주항공과국방,KOSDAQ
308080,0.23,,,,-171.0,,,,,-221.44,1240,6050,,제약,KOSDAQ
056090,472.0,596.0,735.0,,38.0,29.0,76.0,,1.0,97.59,1238,1199,114.27,건강관리장비와용품,KOSDAQ
008830,2209.0,,,,2.0,,,,,1256.91,1235,6440,39.95,기계,KOSDAQ
149950,809.0,828.0,1259.0,1873.0,61.0,82.0,224.0,478.0,,-491.16,1227,8980,47.4,디스플레이장비및부품,KOSDAQ
418420,87.0,,,,-58.0,,,,,114.7,1239,4025,,반도체와반도체장비,KOSDAQ
322310,521.0,636.0,,,-84.0,15.0,,,1.0,408.78,1224,13070,81.09,반도체와반도체장비,KOSDAQ
299030,938.0,1657.0,2999.0,4284.0,-0.0,65.0,346.0,574.0,1.0,521.77,1230,15380,,전자장비와기기,KOSDAQ
212560,2321.0,,,,137.0,,,,,-305.58,1219,9040,6.22,자동차부품,KOSDAQ
095190,925.0,,,,-48.0,,,,,424.25,1228,1881,,기계,KOSDAQ
307750,1310.0,,,,-26.0,,,,1.0,74.82,1217,2255,63.47,제약,KOSDAQ
122450,3461.0,3892.0,4197.0,4450.0,384.0,547.0,598.0,651.0,0.7226,607.26,1215,2710,13.27,복합기업,KOSDAQ
052260,1305.0,,,,127.0,,,,1.0,-194.61,1212,4040,18.58,화장품,KOSDAQ
228850,1147.0,1408.0,1579.5,1787.0,-40.0,120.0,147.0,176.5,0.9932,-1417.37,1214,7320,7.91,건강관리장비와용품,KOSDAQ
027710,14559.0,,,,350.0,,,,0.9817,3748.51,1214,1090,17.86,식품,KOSDAQ
396300,858.0,1291.0,,,-18.0,76.0,,,,486.56,1211,4570,16.99,전자장비와기기,KOSDAQ
095700,46.0,,,,-362.0,,,,,890.62,1205,2645,,생물공학,KOSDAQ
037070,1679.0,,,,33.0,,,,,16.91,1210,6050,257.75,가정용기기와용품,KOSDAQ
049520,4123.0,,,,264.0,,,,0.9983,-908.09,1204,3905,10.42,핸드셋,KOSDAQ
163730,916.0,1500.0,2431.0,3325.0,15.0,73.0,159.0,296.0,0.8945,-146.32,1198,9970,26.73,IT서비스,KOSDAQ
452450,651.0,,,,-212.0,,,,1.0,-2.55,1196,3320,,IT서비스,KOSDAQ
458650,856.0,,,,10.0,,,,0.97,-1393.45,1195,7940,12.21,전기제품,KOSDAQ
478340,132.0,,,,-55.0,,,,,-267.24,1194,10320,,우주항공과국방,KOSDAQ
036630,2842.0,,,,-108.0,,,,1.0,734.93,1190,8500,4.45,다각화된통신서비스,KOSDAQ
059120,246.0,,,,10.0,,,,,-176.83,1192,6510,200.72,반도체와반도체장비,KOSDAQ
041590,180.0,,,,-20.0,,,,1.0,-245.29,1161,2370,,건설,KOSDAQ
021320,18334.0,,,,883.0,,,,,1805.25,1190,5560,10.38,건설,KOSDAQ
451760,869.0,,,,-162.0,,,,,-814.91,1187,7190,,우주항공과국방,KOSDAQ
290740,2449.0,,,,66.0,,,,1.0,-371.48,1190,11820,14.12,핸드셋,KOSDAQ
282880,1547.0,2216.0,2646.0,3044.0,-254.0,-5.0,150.0,170.0,1.0,694.96,1181,10100,25.1,기계,KOSDAQ
063570,3840.0,4556.0,5037.0,5558.0,307.0,371.0,430.0,480.0,0.9939,2340.34,1183,3465,14.73,상업서비스와공급품,KOSDAQ
073010,955.0,,,,115.0,,,,1.0,291.54,1172,2915,8.49,조선,KOSDAQ
417500,536.0,,,,104.0,,,,1.0,238.61,1180,3600,35.48,반도체와반도체장비,KOSDAQ
041440,2896.0,,,,54.0,,,,1.0,736.52,1174,6580,17.8,기계,KOSDAQ
052860,369.0,,,,40.0,,,,1.0,2.28,1170,6550,,반도체와반도체장비,KOSDAQ
053080,4635.0,,,,-620.0,,,,1.0,1094.59,1178,9060,20.2,기계,KOSDAQ
366030,450.0,,,,68.0,,,,1.0,-294.77,1169,5160,13.84,"섬유,의류,신발,호화품",KOSDAQ
106190,702.0,,,,129.0,,,,,-29.79,1166,10970,12.28,제약,KOSDAQ
474170,106.0,,,,-6.0,,,,,-305.55,1160,6510,,우주항공과국방,KOSDAQ
339950,1195.0,,,,191.0,,,,1.0,-208.94,1155,2570,10.75,교육서비스,KOSDAQ
475230,595.0,1030.0,,,45.0,130.0,,,0.7541,756.53,1160,10640,,건설,KOSDAQ
259630,1842.0,1830.0,,,246.0,252.0,,,1.0,-263.69,1149,9400,7.09,전기제품,KOSDAQ
333430,507.0,,,,109.0,,,,0.5446,-246.78,1157,3765,22.24,조선,KOSDAQ
038540,4186.0,,,,-482.0,,,,,-438.02,1148,2075,,기타금융,KOSDAQ
158430,676.0,,,,104.0,,,,0.71,74.77,1143,4670,10.15,소프트웨어,KOSDAQ
189330,103.0,,,,-32.0,,,,,-187.99,1154,12300,,IT서비스,KOSDAQ
217270,1225.0,,,,25.0,,,,0.4093,-201.29,1143,2445,,게임엔터테인먼트,KOSDAQ
090850,1426.0,,,,242.0,,,,1.0,-804.57,1135,5050,,상업서비스와공급품,KOSDAQ
037350,7434.0,,,,577.0,,,,1.0,-668.6,1136,7470,137.55,건설,KOSDAQ
402490,1022.0,,,,60.0,,,,0.9721,445.94,1135,6700,84.73,반도체와반도체장비,KOSDAQ
453450,1256.0,,,,8.0,,,,1.0,-202.99,1126,14180,,전기유틸리티,KOSDAQ
488280,101.0,190.0,,,-56.0,13.0,,,1.0,-119.59,1128,10420,,IT서비스,KOSDAQ
017510,323.0,,,,148.0,,,,,-140.83,1127,7390,32.85,전기장비,KOSDAQ
256940,1701.0,,,,16.0,,,,0.6904,729.31,1126,5610,30.53,비철금속,KOSDAQ
387690,146.0,,,,28.0,,,,0.976,92.78,1110,14560,,건강관리장비와용품,KOSDAQ
054050,1588.0,,,,136.0,,,,1.0,-104.8,1113,6940,12.97,생물공학,KOSDAQ
101170,571.0,,,,12.0,,,,1.0,-66.86,1111,8230,16.96,기계,KOSDAQ
047310,6865.0,,,,-64.0,,,,1.0,382.87,1122,3065,14.17,핸드셋,KOSDAQ
051980,198.0,,,,-46.0,,,,,-8.13,1110,999,,통신장비,KOSDAQ
297090,1261.0,1478.0,1503.0,,111.0,137.0,168.0,,1.0,-6.78,1096,4020,,기계,KOSDAQ
166480,202.0,,,,-212.0,,,,,332.14,1110,2100,,생물공학,KOSDAQ
242040,1023.0,,,,23.0,,,,,-94.35,1097,3170,,IT서비스,KOSDAQ
141000,651.0,716.0,,,92.0,55.0,,,1.0,-784.79,1092,9010,65.75,디스플레이장비및부품,KOSDAQ
067900,1170.0,,,,261.0,,,,1.0,339.48,1105,6070,5.49,해운사,KOSDAQ
115500,249.0,,,,21.0,,,,,-54.49,1091,9090,29.99,IT서비스,KOSDAQ
018120,998.0,,,,140.0,,,,0.969,-372.16,1092,16490,17.3,음료,KOSDAQ
021080,706.0,,,,320.0,,,,,,1090,2270,8.57,창업투자,KOSDAQ
067990,25491.0,,,,408.0,,,,1.0,9382.17,1090,3735,13.82,자동차,KOSDAQ
063170,213.0,,,,-40.0,,,,,803.77,1090,6130,,판매업체,KOSDAQ
054920,7712.0,,,,61.0,,,,0.8369,677.8,1085,3845,104.07,비철금속,KOSDAQ
120240,1081.0,,,,112.0,,,,,-764.08,1083,15060,9.28,화학,KOSDAQ
105330,811.0,,,,-30.0,,,,1.0,1283.13,1088,6790,56.13,반도체와반도체장비,KOSDAQ
039340,759.0,,,,-24.0,,,,1.0,-251.67,1082,4920,12.69,방송과엔터테인먼트,KOSDAQ
051360,6403.0,,,,572.0,,,,0.9643,549.41,1082,11220,14.37,디스플레이장비및부품,KOSDAQ
123040,17406.0,,,,313.0,,,,0.2442,4116.44,1082,1728,19.71,자동차부품,KOSDAQ
109740,432.0,,,,-227.0,,,,0.9111,-60.64,1080,4200,42.72,전자장비와기기,KOSDAQ
053700,16846.0,,,,617.0,,,,1.0,3565.92,1081,4045,4.25,자동차부품,KOSDAQ
474610,382.0,454.0,633.6,,41.0,55.0,96.4,,,-100.79,1075,7460,,우주항공과국방,KOSDAQ
311320,546.0,691.0,,,44.0,108.0,,,1.0,-133.74,1075,8520,67.36,반도체와반도체장비,KOSDAQ
246710,270.0,403.0,,,-91.0,-8.0,,,,227.32,1080,2265,,생물공학,KOSDAQ
059210,1030.0,1201.0,1478.0,1918.0,214.0,229.0,309.0,407.0,1.0,82.46,1071,3940,10.32,건강관리장비와용품,KOSDAQ
310200,1503.0,,,,227.0,,,,0.8595,150.11,1075,2060,16.62,방송과엔터테인먼트,KOSDAQ
336680,5501.0,,,,89.0,,,,1.0,1393.57,1061,2710,8.5,자동차부품,KOSDAQ
073560,2871.0,,,,327.0,,,,1.0,842.77,1052,1520,1.0,식품,KOSDAQ
100700,637.0,,,,127.0,,,,0.977,-985.14,1060,2420,8.38,건강관리장비와용품,KOSDAQ
052420,1657.0,,,,301.0,,,,1.0,-1266.36,1046,10740,9.19,디스플레이장비및부품,KOSDAQ
198440,718.0,,,,74.0,,,,,543.36,1058,1736,,건축자재,KOSDAQ
330350,1064.0,,,,57.0,,,,,-23.11,1037,7860,16.13,제약,KOSDAQ
079650,451.0,,,,-33.0,,,,1.0,-524.86,1042,5210,20.57,건축자재,KOSDAQ
039560,5418.0,,,,385.0,,,,,702.8,1046,2440,,통신장비,KOSDAQ
396470,152.0,250.0,,,25.0,60.0,,,1.0,-572.58,1037,6430,53.8,반도체와반도체장비,KOSDAQ
357880,156.0,,,,-44.0,,,,,84.59,1024,1890,,IT서비스,KOSDAQ
475580,630.0,,,,-105.0,,,,1.0,129.12,1020,7490,50.9,교육서비스,KOSDAQ
309960,264.0,,,,97.0,,,,1.0,,1020,4395,16.41,창업투자,KOSDAQ
290720,868.0,,,,-82.0,,,,0.997,309.76,1030,2700,,식품,KOSDAQ
052460,2065.0,3282.0,4876.0,5723.0,80.0,94.0,191.0,236.0,1.0,-28.77,1027,7030,12.06,IT서비스,KOSDAQ
006620,2427.0,,,,92.0,,,,1.0,722.56,1019,3580,13.64,제약,KOSDAQ
493330,450.0,730.0,990.0,,68.0,115.0,160.0,,1.0,-311.54,1013,12600,10.76,전자장비와기기,KOSDAQ
246720,26.0,,,,-26.0,,,,,-87.65,994,6070,,건강관리장비와용품,KOSDAQ
071280,1249.0,,,,144.0,,,,1.0,-525.09,1016,6640,10.75,반도체와반도체장비,KOSDAQ
131030,872.0,,,,89.0,,,,,-408.55,1011,5730,7.99,제약,KOSDAQ
362320,2174.0,,,,54.0,,,,0.6083,212.46,1010,4880,,인터넷과카탈로그소매,KOSDAQ
066590,3686.0,,,,5.0,,,,1.0,850.77,1008,2605,9.74,자동차부품,KOSDAQ
074430,220.0,,,,36.0,,,,1.0,-363.95,1006,1141,48.45,제약,KOSDAQ
066790,183.0,,,,-50.0,,,,1.0,-131.24,974,2205,43.92,방송과엔터테인먼트,KOSDAQ
298540,4775.0,,,,70.0,,,,1.0,1164.89,1004,6930,5.4,"섬유,의류,신발,호화품",KOSDAQ
053260,1772.0,,,,15.0,,,,1.0,-775.6,998,5330,21.92,철강,KOSDAQ
042510,638.0,625.0,718.0,814.0,28.0,32.0,68.0,90.0,0.9992,-18.92,992,8930,23.76,소프트웨어,KOSDAQ
042500,1831.0,,,,143.0,,,,1.0,-278.79,994,4460,5.17,IT서비스,KOSDAQ
068240,1121.0,,,,-1207.0,,,,0.9473,3527.83,966,2530,125.7,기계,KOSDAQ
036220,1286.0,,,,24.0,,,,1.0,9.5,989,6910,,생명과학도구및서비스,KOSDAQ
352090,697.0,,,,119.0,,,,1.0,-300.89,988,3675,10.47,가정용기기와용품,KOSDAQ
005860,4549.0,,,,59.0,,,,1.0,55.91,981,2490,1.5,식품,KOSDAQ
307930,216.0,,,,98.0,,,,,,983,6300,,창업투자,KOSDAQ
086710,808.0,,,,61.0,,,,0.8147,591.72,977,8010,17.85,화장품,KOSDAQ
250060,51.0,,,,-29.0,,,,,-342.15,975,3030,,소프트웨어,KOSDAQ
002230,972.0,,,,53.0,,,,1.0,-568.42,971,5270,19.7,전기제품,KOSDAQ
217820,3907.0,,,,14.0,,,,1.0,963.55,982,2070,,전기제품,KOSDAQ
255440,348.0,,,,-65.0,,,,,65.47,970,7430,,디스플레이장비및부품,KOSDAQ
088130,5824.0,,,,1132.0,,,,0.5105,-1160.61,962,5500,,디스플레이장비및부품,KOSDAQ
083500,737.0,650.0,1155.0,1390.0,104.0,161.0,288.0,370.0,0.859,-123.19,969,11660,54.75,디스플레이장비및부품,KOSDAQ
125210,1306.0,,,,94.0,,,,1.0,435.46,955,5790,15.38,화학,KOSDAQ
380550,26.0,,,,-165.0,,,,,-383.54,956,7840,,건강관리기술,KOSDAQ
235980,39.0,,,,-140.0,,,,,-340.08,955,2785,,제약,KOSDAQ
049950,409.0,,,,-247.0,,,,1.0,-281.55,955,10830,87.34,디스플레이장비및부품,KOSDAQ
348350,578.0,,,,51.0,,,,1.0,-790.07,954,9760,16.58,반도체와반도체장비,KOSDAQ
187790,857.0,1092.0,1388.5,1767.0,55.0,74.0,148.5,217.0,1.0,244.5,950,3080,,화학,KOSDAQ
040300,1342.0,,,,-136.0,,,,,-1412.8,949,1991,,방송과엔터테인먼트,KOSDAQ
107600,384.0,,,,-94.0,,,,,170.1,946,16750,,전기제품,KOSDAQ
013310,10089.0,,,,644.0,,,,1.0,8719.94,941,2425,3.16,자동차부품,KOSDAQ
452190,242.0,,,,20.0,,,,1.0,-95.15,942,3940,,전기제품,KOSDAQ
017650,1688.0,,,,53.0,,,,1.0,-694.04,949,10800,3.89,포장재,KOSDAQ
036010,1339.0,1336.0,1469.0,,83.0,83.0,118.0,,1.0,-421.6,937,7050,,전기제품,KOSDAQ
091440,134.0,,,,-246.0,,,,,769.63,935,2700,,통신장비,KOSDAQ
129920,952.0,,,,-23.0,,,,,703.89,939,5780,,기계,KOSDAQ
047560,1068.0,,,,-190.0,,,,,-349.59,930,7910,,소프트웨어,KOSDAQ
205100,478.0,,,,37.0,,,,0.7605,-728.89,925,1370,14.68,소프트웨어,KOSDAQ
306620,758.0,,,,16.0,,,,,275.6,921,1921,,반도체와반도체장비,KOSDAQ
323990,71.0,,,,-155.0,,,,,-178.48,931,4005,,제약,KOSDAQ
109610,5016.0,,,,-66.0,,,,0.5433,1499.62,920,1882,,건축자재,KOSDAQ
282720,2648.0,,,,4.0,,,,1.0,28.27,922,7610,7.14,에너지장비및서비스,KOSDAQ
023900,1635.0,,,,168.0,,,,0.7632,-133.27,917,7280,18.23,화학,KOSDAQ
093920,1949.0,,,,34.0,,,,1.0,-1293.96,914,4915,7.49,핸드셋,KOSDAQ
053580,744.0,797.0,908.0,1030.0,135.0,131.0,154.0,176.0,,-228.44,907,7000,16.57,소프트웨어,KOSDAQ
040420,1031.0,1018.0,1015.0,995.0,98.0,102.0,104.0,105.0,1.0,44.82,911,5810,8.24,교육서비스,KOSDAQ
078140,1021.0,,,,73.0,,,,0.8423,269.19,915,8250,24.28,제약,KOSDAQ
419050,1442.0,,,,54.0,,,,1.0,1489.26,905,1583,32.36,자동차부품,KOSDAQ
099750,726.0,789.0,960.0,,22.0,50.0,95.0,,1.0,-37.03,907,6640,99.34,건강관리기술,KOSDAQ
172670,484.0,636.0,737.0,,-74.0,60.0,143.0,,1.0,802.98,902,10070,36.16,반도체와반도체장비,KOSDAQ
950130,313.0,,,,-634.0,,,,,-2481.91,904,2570,,생명과학도구및서비스,KOSDAQ
226400,454.0,576.0,726.5,865.0,89.0,118.0,157.0,176.0,1.0,87.07,901,4360,26.09,건강관리장비와용품,KOSDAQ
053350,328.0,,,,-24.0,,,,1.0,-1355.99,903,4100,,소프트웨어,KOSDAQ
317770,215.0,,,,-14.0,,,,,-106.7,898,2450,,전자장비와기기,KOSDAQ
156100,389.0,,,,7.0,,,,1.0,79.67,902,4035,,건강관리장비와용품,KOSDAQ
182360,872.0,,,,-73.0,,,,0.9626,-243.25,897,5770,24.07,방송과엔터테인먼트,KOSDAQ
443670,545.0,,,,36.0,,,,1.0,-363.47,898,3740,621.9,IT서비스,KOSDAQ
357230,2582.0,2862.0,3217.0,3686.0,135.0,170.0,264.0,378.0,0.9211,-209.86,900,2180,10.85,건강관리업체및서비스,KOSDAQ
413390,755.0,,,,44.0,,,,1.0,160.59,897,7750,9.78,전기제품,KOSDAQ
322180,589.0,,,,-43.0,,,,,-383.59,896,4170,,IT서비스,KOSDAQ
209640,461.0,,,,-35.0,,,,1.0,244.47,896,3150,368.21,전자장비와기기,KOSDAQ
263720,855.0,642.0,621.0,705.0,173.0,99.0,89.0,119.0,1.0,-544.88,890,7170,77.1,출판,KOSDAQ
487400,178.0,,,,-18.0,,,,,-32.27,878,8560,,통신장비,KOSDAQ
029480,76.0,,,,-42.0,,,,1.0,-1877.83,892,1493,12.56,IT서비스,KOSDAQ
330730,255.0,,,,135.0,,,,,,883,4845,17.96,창업투자,KOSDAQ
149980,321.0,,,,41.0,,,,1.0,-211.39,887,5160,29.71,건강관리장비와용품,KOSDAQ
096240,2209.0,2260.0,,,22.0,100.0,,,1.0,260.62,873,8530,12.71,교육서비스,KOSDAQ
307870,146.0,,,,-67.0,,,,,39.5,886,1193,,IT서비스,KOSDAQ
009300,778.0,,,,110.0,,,,1.0,-908.15,880,13810,4.89,제약,KOSDAQ
025950,334.0,,,,-22.0,,,,,-662.04,876,10430,18.54,건설,KOSDAQ
044990,819.0,,,,97.0,,,,1.0,-356.64,874,11370,4.16,전자장비와기기,KOSDAQ
063080,992.0,,,,-68.0,,,,0.294,1549.29,872,13220,,게임엔터테인먼트,KOSDAQ
351320,130.0,,,,-95.0,,,,,310.1,872,2935,,디스플레이장비및부품,KOSDAQ
432470,412.0,598.0,688.0,770.0,-16.0,65.0,88.0,110.0,1.0,-56.53,871,9930,62.6,전기제품,KOSDAQ
289930,407.0,,,,6.0,,,,,-530.18,870,6620,,우주항공과국방,KOSDAQ
900300,1833.0,,,,-615.0,,,,,-1868.3,868,4220,,화장품,KOSDAQ
066980,1999.0,,,,28.0,,,,0.2,172.95,868,1615,91.71,건설,KOSDAQ
004650,1223.0,,,,159.0,,,,1.0,178.14,868,9440,,음료,KOSDAQ
032300,876.0,,,,-9.0,,,,,55.51,867,7950,3079.42,제약,KOSDAQ
282620,3466.0,,,,322.0,,,,1.0,587.25,864,14750,,"섬유,의류,신발,호화품",KOSDAQ
130580,914.0,963.0,1006.0,1050.0,154.0,168.0,177.0,186.0,1.0,-364.63,862,5600,9.29,상업서비스와공급품,KOSDAQ
072020,491.0,510.0,,,65.0,66.0,,,,-207.47,866,9350,18.27,제약,KOSDAQ
048530,57.0,,,,-79.0,,,,,-384.22,865,2800,,생명과학도구및서비스,KOSDAQ
054540,1185.0,,,,102.0,,,,0.9826,1328.93,855,6580,9.09,조선,KOSDAQ
302550,245.0,,,,7.0,,,,0.9717,-10.92,861,2785,125.1,건강관리장비와용품,KOSDAQ
045970,3751.0,,,,-22.0,,,,,154.41,864,3285,,핸드셋,KOSDAQ
091120,2051.0,,,,-199.0,,,,,926.14,853,4980,,핸드셋,KOSDAQ
950220,1.0,,,,-252.0,,,,,-253.37,857,2505,,제약,KOSDAQ
033290,7932.0,,,,227.0,,,,1.0,3788.33,857,1526,9.86,항공화물운송과물류,KOSDAQ
049180,1402.0,,,,-51.0,,,,,46.83,840,1009,,건설,KOSDAQ
089230,123.0,,,,-86.0,,,,,130.27,852,2160,,양방향미디어와서비스,KOSDAQ
478560,573.0,,,,93.0,,,,1.0,224.28,854,3305,,"섬유,의류,신발,호화품",KOSDAQ
102370,123.0,,,,-41.0,,,,,676.66,850,3285,,판매업체,KOSDAQ
183490,678.0,,,,-143.0,,,,,-814.75,838,990,,제약,KOSDAQ
086960,1877.0,,,,58.0,,,,1.0,-374.63,851,2000,98.01,소프트웨어,KOSDAQ
418470,882.0,975.0,1062.0,1179.0,144.0,152.0,172.0,204.0,,-754.08,848,9900,8.38,출판,KOSDAQ
058820,1052.0,,,,-37.0,,,,1.0,509.56,844,570,51.85,제약,KOSDAQ
215100,134.0,,,,-20.0,,,,0.9768,-55.17,843,4145,68.84,교육서비스,KOSDAQ
019550,327.0,,,,93.0,,,,,,848,1047,16.72,창업투자,KOSDAQ
223250,666.0,,,,52.0,,,,0.9491,-198.72,839,3410,20.64,제약,KOSDAQ
037030,4470.0,,,,246.0,,,,0.7121,1332.25,839,3290,,전기제품,KOSDAQ
054670,2024.0,,,,117.0,,,,,633.33,838,5840,10.36,제약,KOSDAQ
217190,568.0,,,,10.0,,,,0.9873,173.14,835,6350,31.94,반도체와반도체장비,KOSDAQ
137950,3675.0,,,,77.0,,,,1.0,2012.72,835,3750,7.8,에너지장비및서비스,KOSDAQ
040910,1970.0,,,,45.0,,,,,76.79,827,4550,,디스플레이장비및부품,KOSDAQ
104460,3963.0,,,,286.0,,,,1.0,170.8,833,7920,43.13,기계,KOSDAQ
337930,2741.0,,,,173.0,,,,0.9626,-5.29,829,2795,16.54,"섬유,의류,신발,호화품",KOSDAQ
175250,834.0,,,,-120.0,,,,1.0,202.91,815,2170,,화장품,KOSDAQ
185490,36.0,,,,-99.0,,,,,-391.63,825,1908,,생물공학,KOSDAQ
100130,1197.0,980.0,,,69.0,20.0,,,,-104.95,825,1443,,에너지장비및서비스,KOSDAQ
487580,799.0,,,,104.0,,,,1.0,-166.74,826,3280,8.02,가정용기기와용품,KOSDAQ
412540,1513.0,,,,-72.0,,,,,654.7,811,3935,,전기제품,KOSDAQ
066430,364.0,,,,2.0,,,,,63.25,824,2105,9.61,화학,KOSDAQ
950250,75.81,78.28,,,-71.27,-93.34,,,,-28.65,822,2315,,반도체와반도체장비,KOSDAQ
065450,830.0,,,,44.0,,,,1.0,182.06,820,2780,,우주항공과국방,KOSDAQ
038110,25620.0,,,,357.0,,,,1.0,8841.09,821,1994,4.09,자동차부품,KOSDAQ
079810,740.0,,,,26.0,,,,1.0,-819.2,820,3810,285.18,전기제품,KOSDAQ
201490,1209.0,,,,126.0,,,,0.2089,-878.71,821,2510,12.3,게임엔터테인먼트,KOSDAQ
382840,1491.0,,,,70.0,,,,1.0,-454.7,811,5310,49.72,전기제품,KOSDAQ
036640,789.0,,,,134.0,,,,1.0,-191.92,813,4970,7.27,화학,KOSDAQ
067000,1404.0,,,,57.0,,,,0.711,827.83,813,1163,34.03,게임엔터테인먼트,KOSDAQ
101330,13713.0,,,,418.0,,,,0.5487,1606.69,819,3540,5.13,자동차부품,KOSDAQ
037760,1270.0,,,,-11.0,,,,0.7528,680.14,810,2395,17.91,철강,KOSDAQ
033560,58.0,,,,6.0,,,,1.0,142.64,808,4725,,부동산,KOSDAQ
040160,1016.0,,,,-61.0,,,,1.0,129.14,808,6700,16.73,IT서비스,KOSDAQ
302430,386.0,802.0,890.0,,-57.0,28.0,45.0,,1.0,-200.2,806,8200,14.22,전기제품,KOSDAQ
299660,88.0,,,,-113.0,,,,,168.64,808,2740,,생물공학,KOSDAQ
011370,6451.0,,,,626.0,,,,1.0,2694.27,790,3915,2.01,건설,KOSDAQ
007820,1491.0,,,,-80.0,,,,1.0,212.48,805,4020,,기계,KOSDAQ
115440,755.0,,,,19.0,,,,1.0,-95.45,805,7460,11.2,통신장비,KOSDAQ
038680,4574.0,,,,107.0,,,,0.9073,-147.43,804,4040,4.44,IT서비스,KOSDAQ
045660,1602.0,,,,87.0,,,,1.0,165.21,803,9720,22.47,컴퓨터와주변기기,KOSDAQ
105740,1288.0,,,,111.0,,,,1.0,401.08,802,7890,7.52,기계,KOSDAQ
058400,685.0,,,,32.0,,,,0.993,-1268.19,789,5960,18.95,방송과엔터테인먼트,KOSDAQ
012700,3877.0,,,,109.0,,,,1.0,6052.64,790,3015,18.01,석유와가스,KOSDAQ
214680,1163.0,,,,-139.0,,,,,541.05,801,960,,건강관리장비와용품,KOSDAQ
078890,5175.0,,,,125.0,,,,1.0,1593.85,800,4340,,전자제품,KOSDAQ
131370,488.0,,,,24.0,,,,0.9883,-154.78,802,1506,27.02,소프트웨어,KOSDAQ
064800,449.0,,,,-211.0,,,,1.0,-449.92,801,3135,,전문소매,KOSDAQ
053280,6265.0,,,,29.0,,,,1.0,1704.06,791,3165,,인터넷과카탈로그소매,KOSDAQ
463020,188.0,,,,-11.0,,,,,-443.26,800,8900,,IT서비스,KOSDAQ
451250,680.0,,,,45.0,,,,1.0,-223.4,787,7700,153.68,화장품,KOSDAQ
381620,227.0,,,,-123.0,,,,1.0,-42.2,788,6010,15.45,기계,KOSDAQ
090470,307.0,,,,-237.0,,,,,305.19,786,4500,,전자장비와기기,KOSDAQ
251120,192.0,213.0,233.4,,63.0,80.0,102.2,,,-552.51,786,9040,21.98,생물공학,KOSDAQ
091590,727.0,,,,38.0,,,,0.9908,-98.76,784,6680,,건설,KOSDAQ
124560,11173.0,,,,22.0,,,,0.9618,1507.04,784,2025,5.52,해운사,KOSDAQ
270520,169.0,,,,-112.0,,,,,651.88,784,3385,,에너지장비및서비스,KOSDAQ
338220,348.0,,,,-49.0,,,,,-241.86,783,5590,,건강관리기술,KOSDAQ
066700,2716.0,,,,102.0,,,,0.9024,6.93,784,2110,5.54,제약,KOSDAQ
246960,220.0,347.0,,,-34.0,0.0,,,,286.78,782,2300,,건강관리업체및서비스,KOSDAQ
263800,1038.0,,,,12.0,,,,,-71.83,780,4810,51.58,IT서비스,KOSDAQ
347890,623.0,,,,-58.0,,,,1.0,127.78,781,4590,20.48,전자장비와기기,KOSDAQ
058630,917.0,,,,176.0,,,,1.0,-633.77,773,4120,5.54,게임엔터테인먼트,KOSDAQ
073640,141.0,,,,-101.0,,,,,108.38,761,654,,기계,KOSDAQ
365330,974.0,,,,-27.0,,,,1.0,-331.75,783,1560,9.28,건축자재,KOSDAQ
290660,161.0,,,,-29.0,,,,,-60.78,770,1797,,건강관리장비와용품,KOSDAQ
475430,693.0,812.0,878.0,959.0,74.0,91.0,102.0,121.0,,-228.69,769,4310,8.88,전기장비,KOSDAQ
076610,1603.0,,,,-67.0,,,,,424.73,774,1307,,핸드셋,KOSDAQ
065510,1180.0,,,,56.0,,,,1.0,700.4,780,7170,22.97,건강관리장비와용품,KOSDAQ
024880,7439.0,,,,354.0,,,,1.0,2009.51,770,3860,4.96,기계,KOSDAQ
039980,436.0,,,,-47.0,,,,,-31.92,771,5360,53.52,IT서비스,KOSDAQ
067170,8521.0,,,,-23.0,,,,,2289.1,769,2800,,기계,KOSDAQ
047820,1722.0,,,,28.0,,,,0.9143,-1324.52,767,3135,,방송과엔터테인먼트,KOSDAQ
371950,324.0,,,,-199.0,,,,,473.14,765,3360,,디스플레이장비및부품,KOSDAQ
048910,3428.0,,,,100.0,,,,1.0,287.36,764,6070,24.35,방송과엔터테인먼트,KOSDAQ
067370,137.0,,,,50.0,,,,,254.36,761,6230,30.2,생물공학,KOSDAQ
389030,105.0,,,,-117.0,,,,,-232.02,761,1931,,생물공학,KOSDAQ
221800,256.0,,,,-24.0,,,,,-213.23,756,4630,84.36,건강관리업체및서비스,KOSDAQ
900260,7552.0,,,,112.0,,,,1.0,-1636.36,759,1650,1.83,통신장비,KOSDAQ
140070,2084.0,,,,-117.0,,,,0.9452,1890.04,753,2035,23.29,반도체와반도체장비,KOSDAQ
265560,1086.0,,,,180.0,,,,1.0,-162.21,758,7090,18.23,자동차부품,KOSDAQ
208140,1609.0,,,,68.0,,,,1.0,414.57,750,2295,2.8,식품,KOSDAQ
225530,385.0,,,,-49.0,,,,1.0,468.88,750,2065,11.82,건축자재,KOSDAQ
094860,310.0,,,,-46.0,,,,,-237.51,750,1413,,게임엔터테인먼트,KOSDAQ
457600,445.0,559.0,721.0,945.0,-34.0,1.0,23.0,43.0,0.9165,132.42,750,5470,,교육서비스,KOSDAQ
080010,1038.0,,,,229.0,,,,0.7078,-696.54,749,7620,8.61,다각화된소비자서비스,KOSDAQ
204840,353.0,,,,3.0,,,,1.0,176.25,746,4810,,제약,KOSDAQ
052900,1263.0,1515.0,,,54.0,254.0,,,1.0,-163.85,749,977,15.22,반도체와반도체장비,KOSDAQ
170030,3679.0,,,,123.0,,,,1.0,-369.24,749,4880,8.33,자동차부품,KOSDAQ
128660,3490.0,,,,122.0,,,,0.9019,707.81,749,3020,6.92,비철금속,KOSDAQ
060590,1238.0,,,,62.0,,,,1.0,221.11,748,3095,,제약,KOSDAQ
234300,1682.0,,,,90.0,,,,0.9784,64.8,748,2750,6.21,IT서비스,KOSDAQ
389140,337.0,,,,-74.0,,,,,-48.81,748,5240,,방송과엔터테인먼트,KOSDAQ
360070,231.0,,,,-352.0,,,,,575.91,742,9060,27.44,전자장비와기기,KOSDAQ
004590,1416.0,,,,175.0,,,,1.0,-79.79,739,4925,5.43,식품과기본식료품소매,KOSDAQ
085670,1541.0,1475.0,1855.0,2065.0,92.0,11.0,107.0,163.0,1.0,81.13,741,3025,23.46,전자장비와기기,KOSDAQ
205470,301.0,,,,-106.0,,,,,-1564.25,738,2990,,생명과학도구및서비스,KOSDAQ
294630,34.0,,,,-39.0,,,,,8.02,746,2815,,전기장비,KOSDAQ
253840,94.0,,,,-188.0,,,,,-129.83,744,4445,,건강관리장비와용품,KOSDAQ
173130,2333.0,,,,140.0,,,,1.0,-344.22,738,5660,14.63,IT서비스,KOSDAQ
041930,4034.0,,,,172.0,,,,1.0,73.36,738,4855,9.1,자동차부품,KOSDAQ
011320,4302.0,,,,144.0,,,,1.0,420.41,735,3805,15.71,자동차부품,KOSDAQ
084730,5366.0,,,,159.0,,,,0.575,726.74,735,6620,13.13,전자제품,KOSDAQ
054040,4178.0,,,,229.0,,,,1.0,565.02,733,4560,3.91,디스플레이장비및부품,KOSDAQ
142280,1084.0,,,,29.0,,,,1.0,149.63,732,3055,56.04,건강관리장비와용품,KOSDAQ
303810,1303.0,,,,130.0,,,,,294.71,734,2295,13.33,건강관리장비와용품,KOSDAQ
214260,310.0,338.0,,,-30.0,,,,,152.27,733,8220,,화장품,KOSDAQ
228670,1113.0,,,,-98.0,,,,1.0,278.08,731,4675,,건강관리장비와용품,KOSDAQ
217330,261.0,,,,-82.0,,,,,-81.28,727,3145,,건강관리업체및서비스,KOSDAQ
331380,453.0,,,,-102.0,,,,,0.04,730,1997,16.06,전자장비와기기,KOSDAQ
088390,591.0,,,,65.0,,,,1.0,36.31,730,7780,,레저용장비와제품,KOSDAQ
019540,8551.0,,,,480.0,,,,1.0,1830.49,727,5380,1.0,자동차부품,KOSDAQ
234030,1546.0,,,,25.0,,,,0.9751,-242.4,729,3090,111.91,반도체와반도체장비,KOSDAQ
212710,322.0,619.0,,,-58.0,90.0,,,1.0,227.47,726,7470,,반도체와반도체장비,KOSDAQ
020710,1684.0,,,,151.0,,,,1.0,-245.24,725,3615,10.5,"호텔,레스토랑,레저",KOSDAQ
417790,491.0,,,,133.0,,,,,-720.27,726,6940,10.87,전자장비와기기,KOSDAQ
171120,1303.0,,,,114.0,,,,1.0,-393.16,727,2025,17.43,건축자재,KOSDAQ
017480,2180.0,,,,51.0,,,,,-1165.59,726,4700,7.69,철강,KOSDAQ
234920,82.0,,,,-37.0,,,,,297.85,718,5310,,건강관리장비와용품,KOSDAQ
030960,559.0,494.93,,,-61.0,-63.61,,,,-935.0,722,4520,231.07,상업서비스와공급품,KOSDAQ
377480,98.0,,,,-64.0,,,,,83.85,725,10200,,IT서비스,KOSDAQ
010280,5720.0,6363.0,7066.0,7792.0,209.0,354.0,402.0,467.0,0.9813,-18.78,722,5540,10.69,IT서비스,KOSDAQ
067570,16239.0,,,,-219.0,,,,0.5757,7524.84,721,1710,20.49,자동차부품,KOSDAQ
261780,2.0,,,,-143.0,,,,,-94.52,721,2490,,제약,KOSDAQ
000440,496.0,,,,-17.0,,,,,-49.42,720,11570,,석유와가스,KOSDAQ
041910,555.0,,,,32.0,,,,,-60.1,717,5400,21.47,제약,KOSDAQ
012790,806.0,,,,74.0,,,,,-406.94,718,5990,6.77,제약,KOSDAQ
033130,399.0,,,,55.0,,,,1.0,-339.81,716,1929,24.22,IT서비스,KOSDAQ
332370,491.0,,,,109.0,,,,0.9986,-370.58,717,5400,7.54,컴퓨터와주변기기,KOSDAQ
024830,2116.0,,,,31.0,,,,,-1850.76,716,8570,4.26,자동차부품,KOSDAQ
054620,849.0,,,,-68.0,,,,0.9106,399.15,712,3870,10.69,반도체와반도체장비,KOSDAQ
061250,1008.0,,,,-23.0,,,,,-895.91,715,8500,37.97,제약,KOSDAQ
153710,223.0,,,,-24.0,,,,,14.49,710,4840,,제약,KOSDAQ
225190,214.0,,,,-169.0,,,,1.0,-37.93,712,1010,131.63,전자장비와기기,KOSDAQ
347000,367.0,,,,25.0,,,,1.0,-168.67,710,1877,,전자장비와기기,KOSDAQ
277880,2647.0,,,,82.0,,,,1.0,349.16,714,3600,,전자장비와기기,KOSDAQ
002800,1138.0,,,,108.0,,,,1.0,370.93,708,4665,20.23,제약,KOSDAQ
006140,1786.0,,,,110.0,,,,,33.94,708,4765,16.45,건강관리장비와용품,KOSDAQ
104040,285.0,,,,-79.0,,,,1.0,1142.26,711,2650,,자동차부품,KOSDAQ
196490,333.0,,,,-65.0,,,,,90.05,691,6090,,전기제품,KOSDAQ
483350,307.0,,,,16.0,,,,1.0,-265.96,707,3230,,IT서비스,KOSDAQ
096250,347.0,,,,1.0,,,,1.0,-456.03,703,5950,84.06,소프트웨어,KOSDAQ
457370,339.0,,,,49.0,,,,,-228.5,691,8570,10.51,디스플레이장비및부품,KOSDAQ
072950,1209.0,,,,90.0,,,,0.978,-129.5,701,8700,9.08,전자장비와기기,KOSDAQ
451220,329.0,500.0,,,2.0,40.0,,,1.0,5.42,705,8950,,반도체와반도체장비,KOSDAQ
137080,545.0,,,,-88.0,,,,1.0,-541.84,699,6530,,디스플레이장비및부품,KOSDAQ
096350,599.0,,,,-1.0,,,,0.8343,566.88,694,1884,30.56,조선,KOSDAQ
417970,765.0,,,,81.0,,,,1.0,-330.48,697,10900,38.9,기계,KOSDAQ
066310,233.0,,,,3.0,,,,1.0,-262.0,690,7440,33.92,반도체와반도체장비,KOSDAQ
024740,1266.0,,,,35.0,,,,0.7868,103.44,689,2095,9.66,자동차부품,KOSDAQ
110790,3119.0,,,,-47.0,,,,1.0,2329.25,687,2930,8.2,"섬유,의류,신발,호화품",KOSDAQ
049080,403.0,,,,-125.0,,,,,229.93,688,8100,,통신장비,KOSDAQ
303360,151.0,217.0,,,37.0,60.0,,,,-136.61,688,5340,85.77,건강관리장비와용품,KOSDAQ
026150,1490.0,,,,-316.0,,,,0.8652,236.44,684,3900,,건설,KOSDAQ
038460,4828.0,,,,226.0,,,,1.0,527.5,685,2710,3.91,전기장비,KOSDAQ
460940,76.0,90.0,,,10.0,15.0,,,1.0,-267.88,686,5100,26.21,건강관리장비와용품,KOSDAQ
049550,775.0,,,,8.0,,,,1.0,519.14,684,3490,21.76,컴퓨터와주변기기,KOSDAQ
100030,189.0,,,,23.0,,,,1.0,-1309.1,683,20800,10.31,소프트웨어,KOSDAQ
162300,3522.0,,,,30.0,,,,1.0,687.63,683,1647,19.05,철강,KOSDAQ
168330,222.0,,,,-33.0,,,,,84.16,683,2150,,화장품,KOSDAQ
041460,367.0,,,,67.0,,,,1.0,-182.42,682,3590,36.74,IT서비스,KOSDAQ
043610,3029.0,,,,162.0,,,,0.6356,-794.18,681,1172,14.43,방송과엔터테인먼트,KOSDAQ
179530,129.0,,,,-35.0,,,,,0.02,681,2510,,제약,KOSDAQ
048430,1973.0,,,,18.0,,,,1.0,-702.26,679,5890,5.59,자동차부품,KOSDAQ
109860,917.0,,,,14.0,,,,0.9994,-91.09,672,7390,270.45,기계,KOSDAQ
175140,555.0,,,,-116.0,,,,,-70.62,671,2690,,전자제품,KOSDAQ
222110,134.0,,,,15.0,,,,,-120.0,673,4980,,생물공학,KOSDAQ
083790,274.0,,,,-238.0,,,,,477.68,666,866,,생명과학도구및서비스,KOSDAQ
092040,420.0,,,,-171.0,,,,,491.74,677,958,,생물공학,KOSDAQ
396270,397.0,,,,-129.0,,,,,65.96,664,2020,,반도체와반도체장비,KOSDAQ
036000,103.0,,,,-14.0,,,,,-1728.48,675,2930,4.55,출판,KOSDAQ
032850,360.0,,,,59.0,,,,1.0,-251.41,665,4000,17.62,건강관리기술,KOSDAQ
950200,592.0,,,,-23.0,,,,,12.42,668,3475,,생명과학도구및서비스,KOSDAQ
388870,,,,,-115.07,,,,,-134.37,664,5130,,생물공학,KOSDAQ
439580,1859.0,,,,-20.0,,,,,295.73,664,1961,,건강관리업체및서비스,KOSDAQ
004780,2666.0,,,,103.0,,,,,-409.66,659,4145,4.99,포장재,KOSDAQ
424960,94.0,,,,-53.0,,,,,-253.11,658,3990,,자동차부품,KOSDAQ
081150,2092.0,,,,52.0,,,,,598.75,663,2730,,비철금속,KOSDAQ
014970,943.0,,,,65.0,,,,1.0,145.84,658,4440,26.57,포장재,KOSDAQ
061040,2660.0,,,,-252.0,,,,1.0,-196.17,657,7260,31.07,핸드셋,KOSDAQ
039010,1533.0,,,,70.0,,,,1.0,-193.74,657,7620,,통신장비,KOSDAQ
064240,980.0,,,,-29.0,,,,,-450.34,654,1886,,전문소매,KOSDAQ
032540,944.0,,,,33.0,,,,0.9995,130.95,654,3130,18.33,전자제품,KOSDAQ
123420,1253.0,,,,107.0,,,,0.8986,-376.39,656,6310,33.01,게임엔터테인먼트,KOSDAQ
241690,1072.0,,,,21.0,,,,1.0,537.16,646,2640,11.3,자동차부품,KOSDAQ
456070,53.0,,,,-179.0,,,,,-182.6,653,5920,,제약,KOSDAQ
382480,362.0,,,,11.0,,,,1.0,-60.13,645,1639,19.41,전기제품,KOSDAQ
321370,190.0,,,,-116.0,,,,,142.21,655,1268,,통신장비,KOSDAQ
111710,168.0,,,,41.0,,,,,-461.9,653,3170,7.47,"호텔,레스토랑,레저",KOSDAQ
365660,160.0,,,,-7.0,,,,,-188.51,644,4785,,건강관리업체및서비스,KOSDAQ
010240,1370.0,,,,149.0,,,,1.0,-411.34,640,5470,5.54,기계,KOSDAQ
216050,505.0,,,,115.0,,,,1.0,-1356.05,639,5240,10.87,광고,KOSDAQ
147760,253.0,,,,-204.0,,,,,22.52,641,3205,,반도체와반도체장비,KOSDAQ
412350,47.0,,,,-135.0,,,,,51.26,638,4370,,반도체와반도체장비,KOSDAQ
136150,296.0,,,,-18.0,,,,,-8.62,638,7610,,에너지장비및서비스,KOSDAQ
208370,308.0,,,,-2.0,,,,1.0,-249.83,636,2470,31.77,건강관리장비와용품,KOSDAQ
411080,116.0,,,,-18.0,,,,,-300.99,637,4170,264.85,소프트웨어,KOSDAQ
039420,476.0,,,,105.0,,,,0.9239,-401.32,637,2775,8.43,IT서비스,KOSDAQ
122350,5705.0,,,,83.0,,,,0.7676,4177.29,636,1659,13.17,자동차부품,KOSDAQ
443250,565.0,,,,89.0,,,,0.8294,-464.43,635,5870,41.68,양방향미디어와서비스,KOSDAQ
043650,675.0,,,,-8.0,,,,0.999,-504.85,636,3560,16.98,음료,KOSDAQ
005670,3203.0,,,,184.0,,,,0.8357,690.05,634,6340,7.79,식품,KOSDAQ
001840,1152.0,,,,33.0,,,,,16.75,626,2215,,건설,KOSDAQ
318160,511.0,,,,93.0,,,,1.0,90.67,632,6770,,화장품,KOSDAQ
294090,37.0,,,,-222.0,,,,,192.25,623,1490,,건강관리장비와용품,KOSDAQ
448710,681.0,,,,83.0,,,,,223.43,631,11930,9.46,우주항공과국방,KOSDAQ
331740,255.0,,,,-135.0,,,,,255.98,630,6460,,자동차부품,KOSDAQ
060310,290.0,284.0,,,-58.0,-51.0,,,1.0,-63.57,626,1180,54.96,기계,KOSDAQ
059270,151.0,,,,-6.0,,,,,-147.21,625,5600,,기계,KOSDAQ
187420,434.0,,,,12.0,,,,0.9866,60.14,627,1922,4.0,생물공학,KOSDAQ
203400,9.0,,,,-194.0,,,,,-46.86,609,676,,제약,KOSDAQ
070300,185.0,,,,19.0,,,,,11.1,627,1766,,핸드셋,KOSDAQ
049470,248.0,,,,-45.0,,,,,-102.6,622,2640,,소프트웨어,KOSDAQ
039020,4471.0,,,,-12.0,,,,,2070.23,621,2750,,건축자재,KOSDAQ
044340,3695.0,,,,-607.0,,,,1.0,2478.93,615,3440,18.91,가정용기기와용품,KOSDAQ
054300,672.0,,,,-28.0,,,,,433.33,619,1069,165.61,해운사,KOSDAQ
100590,1239.0,,,,-7.0,,,,1.0,-30.09,615,3590,20.13,통신장비,KOSDAQ
320000,115.0,,,,-50.0,,,,,478.65,612,8850,25.05,전자장비와기기,KOSDAQ
228340,559.0,,,,-47.0,,,,,-119.73,621,3105,9.7,건축자재,KOSDAQ
065170,65.0,,,,-28.0,,,,,-23.38,613,2195,,건강관리업체및서비스,KOSDAQ
419080,54.0,,,,-63.0,,,,,-36.77,613,5640,541.26,디스플레이장비및부품,KOSDAQ
016250,13420.0,,,,528.0,,,,,5639.79,611,12130,,건설,KOSDAQ
191420,59.0,,,,-44.0,,,,1.0,-271.92,608,7500,,생물공학,KOSDAQ
094850,921.0,,,,98.0,,,,,-861.38,610,4360,13.46,"호텔,레스토랑,레저",KOSDAQ
155650,1728.0,,,,46.0,,,,1.0,-68.51,607,3200,8.14,디스플레이장비및부품,KOSDAQ
008370,876.0,,,,66.0,,,,,-428.79,606,5050,7.94,화학,KOSDAQ
062970,36.0,,,,-34.0,,,,,-173.85,602,2110,,통신장비,KOSDAQ
003310,1010.0,,,,106.0,,,,1.0,-156.74,603,1704,5.95,식품,KOSDAQ
291230,272.0,,,,-30.0,,,,,36.41,604,2515,,광고,KOSDAQ
050960,307.0,,,,51.0,,,,,-336.74,606,8980,12.44,소프트웨어,KOSDAQ
033320,3138.0,,,,77.0,,,,0.9385,-283.59,602,3150,,컴퓨터와주변기기,KOSDAQ
370090,121.0,,,,-72.0,,,,,-278.02,597,6980,36.21,전자장비와기기,KOSDAQ
357580,1221.0,1270.0,1940.0,,53.0,50.0,210.0,,1.0,387.41,598,5070,,핸드셋,KOSDAQ
067920,1433.0,,,,160.0,,,,1.0,-486.14,601,5470,7.91,IT서비스,KOSDAQ
241790,1680.0,,,,90.0,,,,0.9869,79.92,601,6010,9.91,반도체와반도체장비,KOSDAQ
053620,1404.0,,,,24.0,,,,1.0,-889.54,595,6920,8.96,가정용품,KOSDAQ
420570,330.0,520.0,,,29.0,90.0,,,1.0,-88.64,595,10180,,화장품,KOSDAQ
089850,6679.0,,,,215.0,,,,0.5675,1688.68,598,4060,6.51,전자제품,KOSDAQ
214270,2723.0,,,,305.0,,,,,141.13,598,1322,,양방향미디어와서비스,KOSDAQ
215360,5320.0,,,,187.0,,,,0.9874,757.41,594,6510,7.26,자동차부품,KOSDAQ
082210,1957.0,2287.0,2630.0,,-31.0,140.0,237.0,,1.0,1191.2,594,1698,38.75,전자장비와기기,KOSDAQ
099520,252.0,,,,-33.0,,,,1.0,-23.66,581,1284,,통신장비,KOSDAQ
037440,2319.0,2509.0,2964.0,3140.0,91.0,95.0,133.0,135.0,1.0,60.51,593,4260,17.4,건설,KOSDAQ
323350,269.0,363.0,477.0,587.0,40.0,55.0,78.0,91.0,,-208.57,592,7390,990.32,반도체와반도체장비,KOSDAQ
045340,275.0,,,,94.0,,,,,-320.65,592,6920,10.01,운송인프라,KOSDAQ
049480,2331.0,,,,79.0,,,,0.9525,-254.76,593,1886,15.93,컴퓨터와주변기기,KOSDAQ
066670,1886.0,,,,-18.0,,,,1.0,-1406.03,589,3150,30.25,핸드셋,KOSDAQ
460870,558.0,664.0,761.0,,49.0,63.0,94.0,,,239.33,591,2945,54.22,포장재,KOSDAQ
352910,335.0,,,,-37.0,,,,1.0,-185.58,588,4650,317.78,소프트웨어,KOSDAQ
126880,1473.0,,,,32.0,,,,1.0,-270.22,588,2540,32.81,석유와가스,KOSDAQ
263600,1769.0,,,,16.0,,,,1.0,544.79,585,3670,,핸드셋,KOSDAQ
039610,814.0,,,,-16.0,,,,1.0,208.13,584,5610,7.14,기계,KOSDAQ
464490,107.0,,,,-64.0,,,,,-92.59,582,5070,,생물공학,KOSDAQ
294140,75.0,,,,-71.0,,,,,96.71,582,2335,,화학,KOSDAQ
459550,1129.0,,,,90.0,,,,1.0,-356.25,580,2300,17.59,핸드셋,KOSDAQ
024910,7053.0,,,,73.0,,,,0.8226,2055.72,583,1628,9.4,자동차부품,KOSDAQ
095270,805.0,,,,-16.0,,,,1.0,-92.29,580,4035,114.7,우주항공과국방,KOSDAQ
053160,231.0,,,,4.0,,,,1.0,-321.57,579,9650,113.63,기계,KOSDAQ
263690,1027.0,,,,90.0,,,,1.0,-62.49,578,5100,12.83,건강관리장비와용품,KOSDAQ
033310,865.0,,,,28.0,,,,1.0,144.82,578,1446,42.93,자동차부품,KOSDAQ
033230,3427.0,,,,-43.0,,,,,-65.85,578,1144,,IT서비스,KOSDAQ
333620,488.0,,,,-61.0,,,,1.0,2.59,576,5240,47.12,전자장비와기기,KOSDAQ
014470,3195.0,,,,18.0,,,,1.0,-91.03,576,960,,가정용기기와용품,KOSDAQ
065530,755.0,,,,55.0,,,,1.0,295.69,574,1199,42.08,무선통신서비스,KOSDAQ
024950,1756.0,,,,124.0,,,,0.5068,-751.38,575,4640,18.17,레저용장비와제품,KOSDAQ
347860,148.0,,,,-102.0,,,,,-118.92,574,1362,,소프트웨어,KOSDAQ
010470,2277.0,,,,89.0,,,,1.0,-860.36,566,4725,12.89,광고,KOSDAQ
007370,1207.0,,,,25.0,,,,,687.5,574,4060,6.02,제약,KOSDAQ
027050,737.0,,,,-44.0,,,,1.0,-102.77,569,1422,64.18,화장품,KOSDAQ
459100,1687.0,2427.0,2830.0,3212.0,26.0,86.0,122.0,195.0,0.8608,729.12,572,4245,66.78,핸드셋,KOSDAQ
340930,600.0,,,,-27.0,,,,,326.79,555,806,,전자장비와기기,KOSDAQ
348150,693.0,,,,-97.0,,,,,-313.59,570,2935,,건강관리업체및서비스,KOSDAQ
054930,3855.0,,,,92.0,,,,,-253.29,564,18790,4.93,건설,KOSDAQ
273640,291.0,,,,17.0,,,,,37.85,570,5200,24.75,전기제품,KOSDAQ
036090,4830.0,,,,258.0,,,,0.3249,1444.27,568,1335,,디스플레이장비및부품,KOSDAQ
251630,490.0,,,,-128.0,,,,,51.33,560,3510,57.62,기계,KOSDAQ
036120,413.0,,,,68.0,,,,1.0,-270.77,560,1592,262.37,상업서비스와공급품,KOSDAQ
053270,4262.0,,,,243.0,,,,1.0,3985.39,563,2055,4.22,자동차부품,KOSDAQ
025550,2194.0,,,,82.0,,,,0.2,1229.53,559,2190,,철강,KOSDAQ
453860,246.0,,,,-1.0,,,,,295.11,556,8620,22.66,화장품,KOSDAQ
036670,1168.0,,,,109.0,,,,,-431.43,556,5170,7.45,화학,KOSDAQ
217480,301.0,,,,-63.0,,,,,-170.39,548,499,,화장품,KOSDAQ
226340,460.0,,,,-83.0,,,,0.272,82.35,554,6600,457.59,화장품,KOSDAQ
408470,664.0,,,,82.0,,,,1.0,-362.09,554,5240,28.09,IT서비스,KOSDAQ
040610,477.0,,,,37.0,,,,,546.1,550,3230,0.58,자동차부품,KOSDAQ
053050,1701.0,,,,73.0,,,,,287.08,554,1849,17.87,가스유틸리티,KOSDAQ
097800,755.0,,,,-143.0,,,,,495.09,550,2015,,반도체와반도체장비,KOSDAQ
347740,228.0,,,,39.0,,,,1.0,-317.91,550,1832,15.34,생명과학도구및서비스,KOSDAQ
246690,196.0,,,,90.0,,,,1.0,,550,2315,5.53,창업투자,KOSDAQ
288180,539.0,,,,26.0,,,,1.0,141.76,548,7410,,우주항공과국방,KOSDAQ
046940,3763.0,,,,672.0,,,,1.0,-204.38,550,3045,1.1,건설,KOSDAQ
435570,356.0,,,,3.0,,,,1.0,260.41,548,7190,,식품,KOSDAQ
452400,1226.0,,,,-10.0,,,,1.0,-244.48,547,6030,81.19,전기제품,KOSDAQ
314140,1362.0,,,,51.0,,,,,-5.2,544,6280,13.75,제약,KOSDAQ
104540,1004.0,,,,91.0,,,,0.8981,32.79,546,4070,38.67,건강관리장비와용품,KOSDAQ
014950,600.0,665.0,751.0,886.0,33.0,33.0,38.0,45.0,1.0,-320.58,543,5390,,제약,KOSDAQ
262260,1471.0,,,,-58.0,,,,1.0,1211.96,541,3590,16.13,전자장비와기기,KOSDAQ
105760,914.0,,,,34.0,,,,1.0,-175.89,546,5360,10.18,상업서비스와공급품,KOSDAQ
238090,504.0,,,,48.0,,,,0.9977,47.59,540,1770,,핸드셋,KOSDAQ
170790,656.0,758.0,824.0,,54.0,115.0,140.0,,1.0,-354.97,537,8390,6.89,통신장비,KOSDAQ
104620,1197.0,,,,22.0,,,,1.0,39.15,540,3210,17.57,"호텔,레스토랑,레저",KOSDAQ
117670,823.0,,,,-20.0,,,,,-239.76,538,8080,,반도체와반도체장비,KOSDAQ
088910,3255.0,,,,132.0,,,,1.0,-428.19,535,2080,3.03,식품,KOSDAQ
192250,484.0,,,,29.0,,,,1.0,88.49,534,7560,20.03,소프트웨어,KOSDAQ
042110,2161.0,,,,63.0,,,,1.0,-687.08,535,1108,17.5,전기제품,KOSDAQ
311690,37.0,,,,-248.0,,,,,-321.75,532,4070,,생명과학도구및서비스,KOSDAQ
092300,2374.0,,,,110.0,,,,1.0,-222.79,529,2625,7.43,전자장비와기기,KOSDAQ
291650,35.0,,,,-78.0,,,,,-58.31,531,1740,,생명과학도구및서비스,KOSDAQ
094940,235.0,,,,-10.0,,,,1.0,-72.04,529,6330,27.78,컴퓨터와주변기기,KOSDAQ
260930,892.0,,,,-57.0,,,,1.0,756.43,522,2700,15.96,화장품,KOSDAQ
060570,2250.0,,,,6.0,,,,1.0,-501.37,520,3510,,방송과엔터테인먼트,KOSDAQ
056360,626.0,,,,3.0,,,,1.0,-327.57,527,5380,73.35,통신장비,KOSDAQ
039240,3571.0,,,,60.0,,,,,-134.99,522,1933,9.86,철강,KOSDAQ
299170,517.0,,,,39.0,,,,1.0,46.58,519,1250,23.12,제약,KOSDAQ
393970,845.0,,,,-204.0,,,,1.0,620.77,504,2825,,전기제품,KOSDAQ
376290,2165.0,,,,54.0,,,,1.0,-638.71,519,2940,67.85,핸드셋,KOSDAQ
340810,140.0,,,,-113.0,,,,,29.62,522,3740,,소프트웨어,KOSDAQ
015710,958.0,,,,30.0,,,,,-296.22,518,2955,27.19,통신장비,KOSDAQ
217500,271.0,,,,-52.0,,,,1.0,-141.42,511,1606,37.78,반도체와반도체장비,KOSDAQ
317530,57.0,,,,-36.0,,,,,185.1,516,2950,,양방향미디어와서비스,KOSDAQ
391710,301.0,,,,-27.0,,,,,-61.54,513,1203,46.06,IT서비스,KOSDAQ
043710,357.0,,,,-83.0,,,,1.0,1489.03,516,2980,,건강관리업체및서비스,KOSDAQ
027830,93.0,,,,8.0,,,,,,511,946,41.03,창업투자,KOSDAQ
256630,360.0,,,,8.0,,,,1.0,-183.29,510,4400,,디스플레이장비및부품,KOSDAQ
219550,449.0,,,,-5.0,,,,,98.15,506,1223,,화장품,KOSDAQ
046210,150.0,,,,-34.0,,,,,-183.23,507,1113,,생명과학도구및서비스,KOSDAQ
315640,75.0,,,,-106.0,,,,,-90.41,506,1724,,IT서비스,KOSDAQ
317830,616.0,,,,-8.0,,,,,-227.05,504,4675,,기계,KOSDAQ
060560,2988.0,,,,-185.0,,,,0.8196,2049.95,506,1993,7.75,건축자재,KOSDAQ
071670,3055.0,,,,6.0,,,,1.0,1049.92,502,5020,67.98,기계,KOSDAQ
463480,674.0,,,,-17.0,,,,1.0,0.02,501,4045,,자동차부품,KOSDAQ
038010,1336.0,,,,71.0,,,,0.9717,-426.46,494,5490,2.94,조선,KOSDAQ
019990,235.0,,,,-41.0,,,,1.0,-57.63,496,5080,,기계,KOSDAQ
382150,4.0,,,,-88.0,,,,,-162.29,495,3795,,생명과학도구및서비스,KOSDAQ
179900,200.0,,,,-483.0,,,,,788.1,492,2485,,핸드셋,KOSDAQ
037950,463.0,,,,22.0,,,,1.0,-88.78,486,2880,47.97,전자장비와기기,KOSDAQ
053980,1364.0,,,,110.0,,,,1.0,-485.48,484,2550,4.41,소프트웨어,KOSDAQ
109080,257.0,,,,45.0,,,,,-247.81,486,8620,25.75,통신장비,KOSDAQ
080720,364.0,,,,-172.0,,,,,-318.22,478,2410,,제약,KOSDAQ
063440,533.0,,,,46.0,,,,1.0,-232.18,481,1062,18.83,방송과엔터테인먼트,KOSDAQ
418250,12.0,,,,-43.0,,,,,-8.69,476,6550,,소프트웨어,KOSDAQ
317690,37.0,,,,-156.0,,,,,-242.37,482,2395,,생명과학도구및서비스,KOSDAQ
068330,145.0,,,,45.0,,,,,-474.24,490,1108,9.56,생명과학도구및서비스,KOSDAQ
317850,407.0,,,,19.0,,,,1.0,66.24,481,5780,,기계,KOSDAQ
122310,1080.0,,,,-2.0,,,,1.0,164.25,481,3305,8.16,건강관리장비와용품,KOSDAQ
065130,7985.0,,,,-352.0,,,,0.5681,256.78,480,3000,7.15,핸드셋,KOSDAQ
023440,411.0,,,,-85.0,,,,,371.31,470,521,,철강,KOSDAQ
199550,257.0,,,,-120.0,,,,1.0,-58.24,480,3230,,건강관리장비와용품,KOSDAQ
440290,174.0,,,,73.0,,,,,,479,1742,6.99,창업투자,KOSDAQ
189980,994.0,,,,85.0,,,,0.9725,1143.9,476,1185,9.41,음료,KOSDAQ
340360,632.0,,,,-19.0,,,,,102.23,475,913,,통신장비,KOSDAQ
321260,315.0,,,,28.0,,,,1.0,-334.21,475,1686,21.83,디스플레이장비및부품,KOSDAQ
145170,6022.0,,,,133.0,,,,1.0,2084.18,473,2795,,"섬유,의류,신발,호화품",KOSDAQ
053450,4349.0,,,,30.0,,,,0.9599,752.77,471,3185,9.12,전자장비와기기,KOSDAQ
198080,2952.0,,,,243.0,,,,1.0,-278.87,472,2190,14.43,핸드셋,KOSDAQ
094970,2002.0,,,,131.0,,,,0.8969,-662.47,470,2805,3.03,디스플레이장비및부품,KOSDAQ
384470,43.0,,,,-134.0,,,,,-62.42,470,2620,,건강관리기술,KOSDAQ
317870,143.0,,,,-62.0,,,,,238.38,470,5310,,가정용기기와용품,KOSDAQ
286750,60.0,,,,-66.0,,,,1.0,3.28,468,2925,,화학,KOSDAQ
072470,7050.0,,,,342.0,,,,0.5794,866.49,468,2480,8.57,자동차부품,KOSDAQ
163280,281.0,,,,31.0,,,,,-43.77,468,3440,48.84,화학,KOSDAQ
099410,419.0,,,,93.0,,,,,-66.63,466,3325,6.51,조선,KOSDAQ
229000,75.0,,,,-66.0,,,,,107.69,464,1980,,건강관리장비와용품,KOSDAQ
136410,603.0,,,,120.0,,,,0.9822,111.85,458,4160,24.03,화학,KOSDAQ
227950,288.0,,,,94.0,,,,1.0,0.92,462,1340,5.94,반도체와반도체장비,KOSDAQ
361570,465.0,,,,2.0,,,,,279.3,460,1600,,방송과엔터테인먼트,KOSDAQ
471820,222.0,,,,28.0,,,,1.0,-91.18,464,4105,14.99,제약,KOSDAQ
051390,165.0,,,,58.0,,,,1.0,-261.55,455,4010,8.12,판매업체,KOSDAQ
007680,1121.0,,,,-138.0,,,,1.0,952.67,458,3465,,건설,KOSDAQ
277070,74.0,,,,36.0,,,,1.0,,457,3335,18.08,창업투자,KOSDAQ
129890,834.0,,,,32.0,,,,1.0,266.99,465,1020,23.44,컴퓨터와주변기기,KOSDAQ
476040,24.0,,,,-162.0,,,,,-175.36,460,6980,,생물공학,KOSDAQ
059100,346.0,,,,60.0,,,,,-139.48,459,6490,8.0,디스플레이장비및부품,KOSDAQ
224110,643.0,,,,62.0,,,,,-257.14,454,8930,12.29,컴퓨터와주변기기,KOSDAQ
050120,139.0,,,,-128.0,,,,1.0,-24.78,450,3315,,레저용장비와제품,KOSDAQ
143540,805.0,,,,59.0,,,,1.0,-143.18,455,1020,,디스플레이장비및부품,KOSDAQ
127710,731.0,,,,55.0,,,,1.0,427.05,453,1029,,출판,KOSDAQ
082850,10440.0,,,,10.0,,,,0.5765,50.77,435,897,10.25,디스플레이장비및부품,KOSDAQ
178780,339.0,,,,20.0,,,,1.0,-205.65,448,2405,,전문소매,KOSDAQ
288330,0.09,,,,-152.0,,,,,19.92,441,416,,제약,KOSDAQ
081180,592.0,,,,-31.0,,,,,117.63,447,5060,,전자장비와기기,KOSDAQ
052790,699.0,,,,286.0,,,,1.0,-931.09,449,4110,2.9,게임엔터테인먼트,KOSDAQ
208860,1137.0,,,,28.0,,,,1.0,6.59,445,1312,,자동차부품,KOSDAQ
123010,384.0,,,,2.0,,,,,9.12,440,2175,,핸드셋,KOSDAQ
073110,696.0,,,,-96.0,,,,,614.94,444,4995,,디스플레이장비및부품,KOSDAQ
048770,863.0,,,,-23.0,,,,,329.65,443,2825,,기계,KOSDAQ
159580,710.0,,,,25.0,,,,1.0,-48.65,442,2205,132.79,화장품,KOSDAQ
114450,403.0,,,,2.0,,,,,-141.11,445,2225,,제약,KOSDAQ
066130,1769.0,,,,104.0,,,,,-100.69,444,3465,12.13,가정용기기와용품,KOSDAQ
072990,1075.0,,,,83.0,,,,1.0,575.06,438,3020,8.44,전자장비와기기,KOSDAQ
307280,352.0,,,,79.0,,,,1.0,-66.02,439,6190,11.32,건강관리장비와용품,KOSDAQ
131400,590.0,,,,-32.0,,,,1.0,-186.04,443,744,126.36,전자장비와기기,KOSDAQ
083550,1354.0,,,,-4.0,,,,1.0,112.16,436,3220,,"섬유,의류,신발,호화품",KOSDAQ
479960,312.0,,,,53.0,,,,,-142.52,435,6100,14.87,전기장비,KOSDAQ
190650,2514.0,2619.0,,,102.0,91.0,,,,,436,6820,5.75,증권,KOSDAQ
466410,135.0,,,,47.0,,,,,-346.01,434,8610,11.39,소프트웨어,KOSDAQ
261520,213.0,,,,-68.0,,,,,-78.79,434,4220,,IT서비스,KOSDAQ
218150,676.0,,,,-14.0,,,,1.0,-38.81,433,2120,198.69,식품,KOSDAQ
258610,817.0,,,,-8.0,,,,1.0,39.82,432,1185,,핸드셋,KOSDAQ
461030,53.0,,,,-87.0,,,,,-176.46,434,3030,,생명과학도구및서비스,KOSDAQ
238120,160.0,,,,24.0,,,,1.0,-4.7,432,3040,17.91,생명과학도구및서비스,KOSDAQ
263020,1426.0,,,,122.0,,,,0.9113,-236.69,432,3120,7.03,"섬유,의류,신발,호화품",KOSDAQ
460470,44.0,,,,-42.0,,,,,-129.14,430,2845,,생명과학도구및서비스,KOSDAQ
373200,101.0,,,,-52.0,,,,,232.64,427,1704,,핸드셋,KOSDAQ
065500,1571.0,,,,9.0,,,,1.0,351.52,425,1188,,자동차부품,KOSDAQ
900250,699.0,,,,107.0,,,,0.8251,-3311.63,426,1190,19.71,비철금속,KOSDAQ
273060,455.0,,,,76.0,,,,1.0,327.24,425,864,90.93,광고,KOSDAQ
189860,681.0,,,,-88.0,,,,,-1.65,425,4385,,전기장비,KOSDAQ
140520,3986.0,,,,34.0,,,,1.0,605.99,423,2005,22.25,철강,KOSDAQ
355690,704.0,,,,-65.0,,,,,210.23,423,4420,,전자장비와기기,KOSDAQ
014190,2848.0,,,,33.0,,,,1.0,25.68,423,1195,18.58,화학,KOSDAQ
043910,373.0,,,,-40.0,,,,1.0,198.98,422,3720,19.69,상업서비스와공급품,KOSDAQ
056700,2291.0,,,,91.0,,,,1.0,274.7,418,1433,,디스플레이장비및부품,KOSDAQ
037230,2241.0,,,,99.0,,,,,662.9,421,1414,14.57,포장재,KOSDAQ
450330,166.0,,,,9.0,,,,1.0,-77.78,418,5100,27.22,건강관리장비와용품,KOSDAQ
101240,565.0,,,,102.0,,,,,9.23,421,3705,14.7,화학,KOSDAQ
089790,384.0,,,,-22.0,,,,1.0,-428.72,418,4050,16.06,반도체와반도체장비,KOSDAQ
150900,467.0,,,,25.0,,,,0.9783,-80.56,417,3560,25.17,소프트웨어,KOSDAQ
373160,1239.0,,,,46.0,,,,1.0,-150.09,415,3005,14.76,교육서비스,KOSDAQ
199480,634.0,,,,-44.0,,,,,-125.77,416,4080,,IT서비스,KOSDAQ
189690,329.0,355.17,,,44.0,58.13,,,1.0,-303.23,417,1526,16.0,소프트웨어,KOSDAQ
263810,1291.0,,,,26.0,,,,1.0,87.51,414,2600,29.5,전자장비와기기,KOSDAQ
052220,400.0,,,,-76.0,,,,0.9727,-95.33,414,1800,34.8,방송과엔터테인먼트,KOSDAQ
072770,896.0,,,,-28.0,,,,,337.54,415,1000,,IT서비스,KOSDAQ
002290,852.0,,,,74.0,,,,,-821.9,415,3350,13.34,건설,KOSDAQ
038060,1755.0,,,,-50.0,,,,1.0,-615.94,415,862,15.53,디스플레이장비및부품,KOSDAQ
196300,50.0,,,,-73.0,,,,,-69.95,413,4345,,생물공학,KOSDAQ
234100,2426.0,,,,34.0,,,,0.2,-1248.21,412,2820,21.9,자동차부품,KOSDAQ
222420,356.0,,,,32.0,,,,,308.52,409,845,,화학,KOSDAQ
424980,222.0,,,,-34.0,,,,,-0.79,413,6970,,반도체와반도체장비,KOSDAQ
413640,314.0,,,,9.0,,,,1.0,-193.64,411,5700,,IT서비스,KOSDAQ
064090,72.0,,,,-61.0,,,,1.0,-220.09,397,798,,판매업체,KOSDAQ
042940,186.0,,,,-68.0,,,,1.0,944.48,410,6010,1.13,건설,KOSDAQ
278650,741.0,,,,-86.0,,,,,-39.99,411,2355,,생명과학도구및서비스,KOSDAQ
452200,210.0,,,,-88.0,,,,,-56.2,408,1677,,전기제품,KOSDAQ
256150,694.0,,,,28.0,,,,,-129.41,405,4820,11.86,가정용기기와용품,KOSDAQ
088280,182.0,,,,-67.0,,,,,4.75,408,2360,,핸드셋,KOSDAQ
250000,1023.0,,,,91.0,,,,1.0,-20.73,403,5970,7.87,식품과기본식료품소매,KOSDAQ
086060,908.0,,,,39.0,,,,1.0,-99.88,403,4680,14.49,제약,KOSDAQ
038070,771.0,,,,7.0,,,,1.0,-169.32,407,4380,,생물공학,KOSDAQ
290670,261.0,,,,-104.0,,,,,64.57,402,5110,,전자장비와기기,KOSDAQ
022220,647.0,,,,-108.0,,,,,420.38,404,780,11.19,건축제품,KOSDAQ
025880,1218.0,,,,122.0,,,,0.9776,-39.43,399,2385,6.28,식품,KOSDAQ
066900,5432.0,,,,-578.0,,,,,2336.98,401,1765,,전자장비와기기,KOSDAQ
086040,470.0,,,,-48.0,,,,,391.04,399,2500,,생명과학도구및서비스,KOSDAQ
044960,433.0,,,,43.0,,,,,-64.59,394,3120,23.36,제약,KOSDAQ
104200,449.0,,,,-7.0,,,,,-183.59,394,2655,,방송과엔터테인먼트,KOSDAQ
171010,427.0,,,,-10.0,,,,,491.62,396,2770,,반도체와반도체장비,KOSDAQ
261200,1142.0,,,,-104.0,,,,1.0,1021.6,394,2490,35.75,건강관리장비와용품,KOSDAQ
097870,244.0,219.74,,,35.0,24.16,,,0.9717,42.14,390,4595,57.69,화학,KOSDAQ
221840,846.0,,,,46.0,,,,0.8762,426.18,390,2085,,우주항공과국방,KOSDAQ
122690,29419.0,,,,268.0,,,,0.2,10565.01,394,1707,8.45,자동차부품,KOSDAQ
049830,1415.0,,,,23.0,,,,,-327.9,389,6350,151.3,포장재,KOSDAQ
043340,579.0,,,,20.0,,,,,349.4,390,820,,기계,KOSDAQ
100660,465.0,,,,0.0,,,,0.9884,-260.92,387,3070,29.72,기계,KOSDAQ
263770,580.0,,,,23.0,,,,,-174.83,387,1634,6.16,철강,KOSDAQ
046310,1489.0,,,,68.0,,,,0.5983,-168.66,387,2355,3.79,통신장비,KOSDAQ
090410,1065.0,,,,-1.0,,,,1.0,495.45,387,4195,3.79,건축자재,KOSDAQ
408900,164.0,,,,-21.0,,,,1.0,-218.84,386,1180,61.05,방송과엔터테인먼트,KOSDAQ
153460,192.0,,,,26.0,,,,,-229.06,385,5890,,소프트웨어,KOSDAQ
219420,170.0,,,,12.0,,,,0.9873,-318.74,384,3345,59.87,소프트웨어,KOSDAQ
019770,2071.0,,,,119.0,,,,,57.86,383,3290,6.05,자동차부품,KOSDAQ
051490,1846.0,,,,-1.0,,,,1.0,751.96,383,2695,10.22,기계,KOSDAQ
014570,625.0,,,,69.0,,,,,-363.15,382,3475,,제약,KOSDAQ
060850,799.0,,,,42.0,,,,1.0,-21.26,378,4650,19.72,소프트웨어,KOSDAQ
186230,1057.0,,,,-10.0,,,,1.0,372.73,382,3500,,건축자재,KOSDAQ
321820,467.0,,,,-40.0,,,,1.0,-71.71,381,2445,,방송과엔터테인먼트,KOSDAQ
065440,616.0,,,,15.0,,,,1.0,-170.55,376,1379,13.28,IT서비스,KOSDAQ
050860,1133.0,,,,40.0,,,,,230.47,380,1688,6.63,기계,KOSDAQ
177900,145.0,301.0,,,-27.0,41.0,,,,90.9,376,3905,6.69,통신장비,KOSDAQ
475460,1356.0,,,,29.0,,,,1.0,105.92,377,6670,27.4,인터넷과카탈로그소매,KOSDAQ
221980,629.0,,,,70.0,,,,1.0,-207.31,374,9260,9.34,화학,KOSDAQ
042040,769.0,,,,-172.0,,,,,329.51,378,4355,10.66,화학,KOSDAQ
084650,882.0,,,,-535.0,,,,,258.44,371,500,,생명과학도구및서비스,KOSDAQ
033340,726.0,,,,-61.0,,,,1.0,183.29,381,393,62.67,"섬유,의류,신발,호화품",KOSDAQ
352700,672.0,,,,-58.0,,,,1.0,-412.63,373,1420,28.34,"섬유,의류,신발,호화품",KOSDAQ
121890,288.0,,,,11.0,,,,,-46.01,371,2790,9.11,운송인프라,KOSDAQ
263700,817.0,,,,-29.0,,,,0.9829,-224.68,369,1902,,건강관리업체및서비스,KOSDAQ
057540,991.0,,,,10.0,,,,0.9985,-49.65,367,618,70.72,전자장비와기기,KOSDAQ
123570,323.0,,,,3.0,,,,1.0,-647.39,370,1661,20.22,광고,KOSDAQ
215380,376.0,,,,-39.0,,,,,197.3,369,2190,,생명과학도구및서비스,KOSDAQ
318410,516.0,,,,62.0,,,,1.0,-294.82,367,6600,8.57,가정용품,KOSDAQ
393210,273.0,,,,-24.0,,,,1.0,226.64,368,2360,18.07,IT서비스,KOSDAQ
260660,2012.0,,,,10.0,,,,,201.74,366,2390,28.54,제약,KOSDAQ
016600,201.0,,,,38.0,,,,,,368,2635,9.11,창업투자,KOSDAQ
446840,113.0,252.0,,,-66.0,40.0,,,,12.58,365,3315,,소프트웨어,KOSDAQ
046390,373.0,,,,-15.0,,,,1.0,-112.99,367,2125,,방송과엔터테인먼트,KOSDAQ
006920,812.0,,,,-30.0,,,,0.2832,-71.87,366,3350,5.19,건축자재,KOSDAQ
284620,12.0,,,,-64.0,,,,,-7.42,360,1087,,제약,KOSDAQ
387570,95.0,,,,-26.0,,,,1.0,-18.45,366,6500,,건강관리장비와용품,KOSDAQ
204020,2017.0,,,,79.0,,,,1.0,179.49,362,1862,7.24,"섬유,의류,신발,호화품",KOSDAQ
184230,616.0,,,,148.0,,,,1.0,264.98,364,1929,,소프트웨어,KOSDAQ
290120,3556.0,,,,219.0,,,,1.0,781.75,362,2290,,자동차부품,KOSDAQ
397810,306.0,,,,24.0,,,,0.9734,-207.34,360,6980,,광고,KOSDAQ
024120,2150.0,,,,85.0,,,,1.0,1021.63,362,3145,53.02,자동차부품,KOSDAQ
045060,1601.0,,,,56.0,,,,0.9922,-354.13,364,2150,6.05,화학,KOSDAQ
068940,355.0,,,,-34.0,,,,1.0,28.46,357,778,126.85,상업서비스와공급품,KOSDAQ
032960,216.0,,,,-1.0,,,,0.9911,-402.21,359,2040,21.89,전자장비와기기,KOSDAQ
196450,2582.0,3098.0,,,53.0,71.0,,,1.0,196.2,358,790,,핸드셋,KOSDAQ
035460,995.0,,,,81.0,,,,0.7303,-93.72,358,2400,11.39,통신장비,KOSDAQ
045510,2009.0,,,,19.0,,,,1.0,172.0,358,1136,24.43,IT서비스,KOSDAQ
052600,268.0,,,,44.0,,,,,-265.63,356,3080,23.41,IT서비스,KOSDAQ
263050,103.0,,,,-189.0,,,,,143.98,353,959,,생물공학,KOSDAQ
332290,1042.0,,,,41.0,,,,1.0,242.92,356,897,,화학,KOSDAQ
081580,1827.0,,,,40.0,,,,1.0,-138.71,355,2290,,핸드셋,KOSDAQ
203450,513.0,,,,10.0,,,,1.0,57.79,354,2515,15.98,전자장비와기기,KOSDAQ
465480,200.0,,,,26.0,,,,1.0,-126.57,353,3485,15.01,IT서비스,KOSDAQ
208710,1287.0,,,,-0.0,,,,,153.4,355,2695,,핸드셋,KOSDAQ
348080,25.0,,,,-103.0,,,,,-24.42,353,2750,,생물공학,KOSDAQ
033170,1030.0,,,,-238.0,,,,,396.98,353,2060,,반도체와반도체장비,KOSDAQ
133750,346.0,,,,18.0,,,,,-427.29,351,1498,,교육서비스,KOSDAQ
049120,658.0,,,,-41.0,,,,,309.96,350,3300,,디스플레이장비및부품,KOSDAQ
173940,1024.0,,,,-6.0,,,,,-43.86,349,2270,,방송과엔터테인먼트,KOSDAQ
057030,518.0,,,,10.0,,,,1.0,-253.73,349,2140,15.52,교육서비스,KOSDAQ
270870,1011.0,,,,-23.0,,,,1.0,-358.43,349,3880,14.17,건강관리업체및서비스,KOSDAQ
064520,181.0,,,,-56.0,,,,1.0,-408.07,344,1540,8.9,반도체와반도체장비,KOSDAQ
432430,371.0,,,,-87.0,,,,,17.46,348,2110,,출판,KOSDAQ
335810,199.0,,,,-54.0,,,,,42.51,346,1577,,생명과학도구및서비스,KOSDAQ
206400,48.0,,,,-54.0,,,,,-104.62,348,927,,건설,KOSDAQ
033540,1739.0,,,,-137.0,,,,1.0,393.04,344,3290,,기계,KOSDAQ
109820,106.0,,,,-7.0,,,,,-126.53,342,1675,,생물공학,KOSDAQ
060540,1597.0,,,,39.0,,,,1.0,190.12,341,1305,43.28,핸드셋,KOSDAQ
075130,456.0,,,,33.0,,,,1.0,-269.33,342,2120,25.8,소프트웨어,KOSDAQ
317240,260.0,,,,0.0,,,,,107.48,346,1186,,가정용품,KOSDAQ
363250,4.0,,,,-97.0,,,,,-9.32,344,4040,,건강관리장비와용품,KOSDAQ
039290,1351.0,,,,-42.0,,,,1.0,-131.15,340,3910,16.22,IT서비스,KOSDAQ
220180,314.0,,,,-5.0,,,,1.0,-453.86,340,1420,29.71,소프트웨어,KOSDAQ
239890,301.0,332.0,449.0,660.0,22.0,36.0,53.0,100.0,,-146.81,339,3410,40.19,디스플레이장비및부품,KOSDAQ
348030,397.0,,,,-89.0,,,,,-330.79,339,3530,,게임엔터테인먼트,KOSDAQ
007530,1771.0,,,,40.0,,,,1.0,521.69,339,1522,55.38,자동차부품,KOSDAQ
419120,200.0,,,,45.0,,,,0.983,-63.5,336,2365,18.95,소프트웨어,KOSDAQ
065950,2690.0,,,,-111.0,,,,,1600.88,338,1199,,건설,KOSDAQ
464280,276.0,,,,38.0,,,,,-138.67,335,6060,18.53,제약,KOSDAQ
026040,722.0,,,,7.0,,,,,-63.41,335,2030,46.66,"섬유,의류,신발,호화품",KOSDAQ
025440,4944.0,,,,-49.0,,,,1.0,1931.76,337,3450,90.72,자동차부품,KOSDAQ
127980,818.0,,,,-15.0,,,,0.9709,111.68,335,2830,20.82,전자장비와기기,KOSDAQ
064480,497.0,,,,3.0,,,,,-97.57,335,2800,22.74,IT서비스,KOSDAQ
159910,99.0,,,,-39.0,,,,,25.98,332,3175,,화장품,KOSDAQ
417860,240.0,,,,3.0,,,,,-102.13,334,7090,,소프트웨어,KOSDAQ
148930,301.0,,,,-32.0,,,,0.9997,-476.65,332,3265,12.15,전기제품,KOSDAQ
376980,382.0,,,,10.0,,,,1.0,-71.53,333,3410,72.7,상업서비스와공급품,KOSDAQ
021650,2272.0,,,,79.0,,,,1.0,19.93,330,2020,5.64,자동차부품,KOSDAQ
128540,1518.0,,,,-32.0,,,,1.0,-158.18,331,1240,35.95,자동차부품,KOSDAQ
476080,1324.0,,,,-90.0,,,,0.994,72.98,330,4085,35.3,방송과엔터테인먼트,KOSDAQ
434480,192.0,,,,9.0,,,,0.994,-152.18,329,2675,,소프트웨어,KOSDAQ
452300,75.0,,,,23.0,,,,,,331,2335,,창업투자,KOSDAQ
263920,523.0,,,,25.0,,,,1.0,27.41,331,3370,5.35,포장재,KOSDAQ
226330,34.0,,,,-108.0,,,,,-56.01,329,1355,,건강관리업체및서비스,KOSDAQ
066360,4054.0,,,,285.0,,,,0.8322,1319.64,328,1368,4.67,식품,KOSDAQ
318020,872.0,,,,30.0,,,,1.0,188.77,326,2650,30.06,전자장비와기기,KOSDAQ
089150,231.0,,,,40.0,,,,,113.69,325,1894,42.72,컴퓨터와주변기기,KOSDAQ
276730,139.0,,,,-49.0,,,,,240.81,322,1365,,음료,KOSDAQ
053950,559.0,,,,-17.0,,,,,-6.65,328,1670,,제약,KOSDAQ
469750,230.0,,,,-4.0,,,,,-86.11,326,945,,전기제품,KOSDAQ
105550,364.0,,,,-155.0,,,,1.0,298.38,323,2060,,자동차부품,KOSDAQ
200780,758.0,,,,20.0,,,,0.9108,710.35,323,3030,21.82,제약,KOSDAQ
131090,134.0,,,,43.0,,,,,-440.08,323,4215,7.82,소프트웨어,KOSDAQ
068050,352.0,,,,-35.0,,,,1.0,161.45,323,1165,14.09,방송과엔터테인먼트,KOSDAQ
099220,875.0,,,,5.0,,,,,495.05,322,511,,에너지장비및서비스,KOSDAQ
311390,819.0,,,,54.0,,,,0.5765,-281.29,321,2540,,식품,KOSDAQ
258830,185.0,,,,23.0,,,,,179.4,312,412,,건강관리장비와용품,KOSDAQ
207760,675.0,,,,-25.0,,,,,-207.61,319,384,,양방향미디어와서비스,KOSDAQ
099390,251.0,,,,21.0,,,,1.0,-463.87,321,3910,12.01,소프트웨어,KOSDAQ
254120,279.0,,,,-39.0,,,,1.0,-1.5,321,1044,,전자장비와기기,KOSDAQ
071850,1553.0,,,,-63.0,,,,,765.3,321,1324,,자동차부품,KOSDAQ
097780,2174.0,,,,11.0,,,,1.0,-909.68,320,1575,3.89,자동차부품,KOSDAQ
296640,229.0,,,,9.0,,,,1.0,-80.23,318,6150,1061.6,소프트웨어,KOSDAQ
089140,704.0,,,,23.0,,,,1.0,-391.99,319,2085,5.08,기계,KOSDAQ
037330,7218.0,,,,171.0,,,,0.6191,1712.97,315,718,8.33,디스플레이장비및부품,KOSDAQ
038950,629.0,,,,-46.0,,,,1.0,-585.56,317,3105,23.88,전자제품,KOSDAQ
033830,427.0,,,,15.0,,,,1.0,-815.34,316,1670,15.82,방송과엔터테인먼트,KOSDAQ
232830,2696.0,,,,-3.0,,,,,382.69,314,1900,,IT서비스,KOSDAQ
187270,534.0,,,,48.0,,,,1.0,-100.13,313,3085,11.84,핸드셋,KOSDAQ
462310,490.0,,,,7.0,,,,0.9848,-20.72,316,4000,,"섬유,의류,신발,호화품",KOSDAQ
050110,4899.0,,,,-113.0,,,,,538.27,316,1081,,핸드셋,KOSDAQ
290090,210.0,,,,-41.0,,,,1.0,-249.11,313,4205,32.07,소프트웨어,KOSDAQ
087600,427.0,,,,-56.0,,,,,-40.93,316,3865,,반도체와반도체장비,KOSDAQ
091970,501.0,,,,-3.0,,,,,124.01,312,4135,,화학,KOSDAQ
037370,628.0,,,,-22.0,,,,,1083.89,311,3610,,비철금속,KOSDAQ
020180,2029.0,2595.0,,,91.0,160.0,,,,246.52,308,4010,6.52,IT서비스,KOSDAQ
080520,380.0,,,,-23.0,,,,1.0,-452.56,310,2740,18.89,반도체와반도체장비,KOSDAQ
031510,1285.0,,,,41.0,,,,1.0,-242.13,309,1102,5.45,자동차부품,KOSDAQ
246250,40.0,,,,-41.0,,,,,-3.99,302,1969,25.34,제약,KOSDAQ
452160,149.0,,,,2.0,,,,1.0,219.43,310,3225,,반도체와반도체장비,KOSDAQ
012620,3981.0,,,,124.0,,,,1.0,785.49,308,7010,4.83,철강,KOSDAQ
407400,864.0,,,,-42.0,,,,,153.44,310,2115,,가정용기기와용품,KOSDAQ
215090,268.0,,,,13.0,,,,1.0,-171.18,308,1331,,우주항공과국방,KOSDAQ
106240,429.0,,,,-64.0,,,,,309.11,305,1149,,디스플레이장비및부품,KOSDAQ
197140,666.0,,,,-25.0,,,,,-142.12,308,2365,,소프트웨어,KOSDAQ
078590,644.0,,,,2.0,,,,,-125.05,307,3075,7.95,자동차부품,KOSDAQ
271830,387.0,,,,-41.0,,,,0.9997,178.65,307,1041,14.58,핸드셋,KOSDAQ
093380,903.0,,,,7.0,,,,1.0,-22.35,304,3080,7.17,자동차부품,KOSDAQ
193250,105.0,,,,-72.0,,,,,-71.03,305,2280,,핸드셋,KOSDAQ
464580,338.0,,,,1.0,,,,,116.43,303,1646,44.06,방송과엔터테인먼트,KOSDAQ
032790,286.0,,,,-103.0,,,,1.0,53.74,303,1180,,IT서비스,KOSDAQ
237820,402.0,,,,62.0,,,,1.0,-594.68,305,2375,29.02,광고,KOSDAQ
290560,140.0,,,,36.0,,,,,8.34,303,1353,,소프트웨어,KOSDAQ
079170,986.0,,,,79.0,,,,,-76.46,301,5790,27.63,비철금속,KOSDAQ
153490,1212.0,,,,3.0,,,,1.0,-7.8,297,2885,9.93,디스플레이장비및부품,KOSDAQ
297570,429.0,,,,65.0,,,,1.0,321.77,301,869,10.62,전자제품,KOSDAQ
336060,702.0,,,,20.0,,,,1.0,-201.69,296,3070,10.09,IT서비스,KOSDAQ
351870,665.0,,,,44.0,,,,0.4764,703.22,300,2685,,광고,KOSDAQ
088340,438.0,466.0,,,-68.0,-35.0,,,1.0,11.8,300,6880,20.93,소프트웨어,KOSDAQ
351330,790.0,,,,-72.0,,,,,57.85,299,3610,,IT서비스,KOSDAQ
444530,104.0,,,,-27.0,,,,,-67.69,299,4655,,IT서비스,KOSDAQ
101670,34.0,,,,-151.0,,,,,80.27,297,523,,전기제품,KOSDAQ
318010,127.0,,,,-7.0,,,,0.9955,-357.57,295,3725,20.72,건강관리업체및서비스,KOSDAQ
360350,134.0,,,,-15.0,,,,1.0,10.05,296,5440,43.74,전자장비와기기,KOSDAQ
458350,352.0,,,,25.0,,,,1.0,-220.04,295,3400,51.31,광고,KOSDAQ
066910,970.0,,,,-67.0,,,,1.0,231.18,295,1918,,레저용장비와제품,KOSDAQ
363260,444.0,,,,45.0,,,,0.9748,-185.06,295,916,,광고,KOSDAQ
079000,141.0,,,,-43.0,,,,,-499.8,294,4090,13.18,건축제품,KOSDAQ
195500,1068.0,,,,25.0,,,,,106.53,293,1833,23.49,식품,KOSDAQ
119500,660.0,,,,24.0,,,,,-35.21,294,2480,23.42,기계,KOSDAQ
305090,128.0,,,,-92.0,,,,,103.28,294,1567,188.97,건강관리장비와용품,KOSDAQ
115480,482.0,,,,108.0,,,,1.0,162.02,292,2410,,건강관리장비와용품,KOSDAQ
075970,1107.0,,,,34.0,,,,1.0,136.66,292,1586,137.68,비철금속,KOSDAQ
008470,1208.0,,,,18.0,,,,1.0,-295.86,287,1710,27.44,기계,KOSDAQ
262840,436.0,,,,43.0,,,,0.9408,297.55,292,2760,17.27,IT서비스,KOSDAQ
367000,389.0,,,,-45.0,,,,,-58.58,291,3465,,IT서비스,KOSDAQ
310870,1110.0,,,,51.0,,,,1.0,466.42,287,1311,8.05,자동차부품,KOSDAQ
239610,167.0,,,,-111.0,,,,,-241.58,290,5380,,건강관리업체및서비스,KOSDAQ
139670,123.0,,,,9.0,,,,1.0,-310.41,289,2050,25.21,소프트웨어,KOSDAQ
365590,18.0,,,,-117.0,,,,,43.88,288,783,,반도체와반도체장비,KOSDAQ
021880,251.0,220.0,,,-101.0,-22.0,,,0.9681,,287,1351,15.91,기타금융,KOSDAQ
038620,1126.0,,,,25.0,,,,0.9182,-467.76,291,1920,36.99,운송인프라,KOSDAQ
406820,549.0,,,,-32.0,,,,,333.7,290,2050,,화장품,KOSDAQ
043220,145.0,,,,-59.0,,,,1.0,48.45,282,1710,1729.06,기계,KOSDAQ
328380,637.0,,,,6.0,,,,1.0,-74.18,287,4190,65.73,IT서비스,KOSDAQ
096630,2787.0,,,,133.0,,,,1.0,198.87,287,1805,,핸드셋,KOSDAQ
462980,390.0,,,,33.0,,,,1.0,65.83,286,1570,14.74,IT서비스,KOSDAQ
069140,1176.0,,,,48.0,,,,0.2,411.46,286,1895,,건설,KOSDAQ
364950,869.0,1100.0,,,28.0,45.0,,,1.0,14.57,286,3450,,전자장비와기기,KOSDAQ
053290,627.0,,,,11.0,,,,,-386.34,283,1715,77.74,교육서비스,KOSDAQ
045300,409.0,,,,20.0,,,,0.9968,-39.53,284,2690,,반도체와반도체장비,KOSDAQ
026910,569.0,,,,-43.0,,,,1.0,651.79,285,3600,,철강,KOSDAQ
054940,1770.0,,,,25.0,,,,0.5462,196.82,285,4290,,반도체와반도체장비,KOSDAQ
031310,1944.0,,,,34.0,,,,1.0,409.44,283,950,,통신장비,KOSDAQ
376180,309.0,,,,-7.0,,,,,-56.91,284,1528,22.71,가정용기기와용품,KOSDAQ
069410,668.0,,,,22.0,,,,1.0,-237.43,283,2765,,IT서비스,KOSDAQ
900310,436.0,,,,2.0,,,,1.0,-1769.15,282,2200,10.84,화장품,KOSDAQ
388610,177.0,,,,4.0,,,,,28.66,281,5270,15.37,생물공학,KOSDAQ
109960,98.0,,,,-23.0,,,,1.0,-106.86,281,1860,9.34,제약,KOSDAQ
160550,1427.0,,,,27.0,,,,1.0,288.02,280,1005,,방송과엔터테인먼트,KOSDAQ
017000,2113.0,,,,86.0,,,,,192.86,280,2400,5.02,건설,KOSDAQ
450520,390.0,,,,-49.0,,,,1.0,-64.93,279,1900,15.53,소프트웨어,KOSDAQ
054780,157.0,,,,-39.0,,,,,-35.05,279,1420,,방송과엔터테인먼트,KOSDAQ
188260,154.0,,,,-44.0,,,,,-100.37,279,2005,,건강관리장비와용품,KOSDAQ
356890,337.0,,,,4.0,,,,0.7894,-273.71,279,2330,21.8,IT서비스,KOSDAQ
103840,1838.0,,,,47.0,,,,,711.36,278,1699,,식품,KOSDAQ
013720,249.0,,,,8.0,,,,,-37.95,277,2280,,자동차부품,KOSDAQ
131220,811.0,,,,55.0,,,,0.6865,-28.22,277,3720,12.17,생명과학도구및서비스,KOSDAQ
430690,263.0,,,,-19.0,,,,1.0,66.61,277,2545,25.65,소프트웨어,KOSDAQ
290270,377.0,,,,48.0,,,,0.9794,-137.38,276,2870,5.53,소프트웨어,KOSDAQ
236810,923.0,,,,-65.0,,,,,-90.88,278,1639,,광고,KOSDAQ
068100,177.0,,,,-17.0,,,,,-57.94,276,2315,,IT서비스,KOSDAQ
007770,1244.0,,,,-120.0,,,,1.0,256.31,275,7840,,화학,KOSDAQ
044480,253.0,,,,-8.0,,,,,18.52,273,820,,방송과엔터테인먼트,KOSDAQ
058110,113.0,,,,-28.0,,,,,85.53,274,1708,,건강관리장비와용품,KOSDAQ
032750,1483.0,,,,58.0,,,,1.0,-476.86,274,3035,434.25,전자제품,KOSDAQ
016920,1611.0,,,,20.0,,,,1.0,516.41,273,1061,22.97,전자장비와기기,KOSDAQ
057680,364.0,,,,3.0,,,,0.9712,-42.47,273,1730,,IT서비스,KOSDAQ
130500,876.0,,,,68.0,,,,0.8337,793.47,273,1877,19.74,자동차부품,KOSDAQ
043200,288.0,,,,-27.0,,,,,230.65,270,1293,,에너지장비및서비스,KOSDAQ
475660,221.0,,,,-20.0,,,,,-6.06,271,3420,38.14,디스플레이장비및부품,KOSDAQ
215790,437.0,,,,-92.0,,,,,134.94,272,674,,통신장비,KOSDAQ
067010,733.0,912.0,,,-27.0,3.0,,,,-288.53,272,2495,16.8,IT서비스,KOSDAQ
368970,254.0,,,,-13.0,,,,0.8855,51.14,270,2405,,식품,KOSDAQ
027040,337.0,,,,-16.0,,,,,39.93,270,1942,,전자장비와기기,KOSDAQ
019570,129.0,,,,33.0,,,,1.0,,269,2820,,창업투자,KOSDAQ
900070,1293.0,,,,83.0,,,,0.7446,-299.33,271,1008,13.69,자동차부품,KOSDAQ
033050,898.0,,,,41.0,,,,1.0,-39.1,268,843,15.28,가정용품,KOSDAQ
032860,509.0,,,,-17.0,,,,,-4.58,270,3340,,판매업체,KOSDAQ
138070,544.0,,,,-4.0,,,,1.0,43.5,267,1525,12.43,기계,KOSDAQ
115530,536.0,,,,4.0,,,,1.0,92.91,263,3070,60.71,에너지장비및서비스,KOSDAQ
080530,765.0,,,,38.0,,,,1.0,-204.28,268,2425,,화장품,KOSDAQ
070590,648.0,,,,10.0,,,,0.8862,-0.62,269,1936,,IT서비스,KOSDAQ
198940,2595.0,,,,13.0,,,,,1029.3,265,1330,,자동차부품,KOSDAQ
048470,1192.0,,,,-12.0,,,,,-417.18,266,2755,,철강,KOSDAQ
177830,1325.0,,,,26.0,,,,1.0,539.59,267,2360,338.03,디스플레이장비및부품,KOSDAQ
225220,94.0,,,,-86.0,,,,,-27.59,264,1375,,건강관리장비와용품,KOSDAQ
267790,592.0,,,,66.0,,,,1.0,-105.19,263,3425,10.1,"섬유,의류,신발,호화품",KOSDAQ
001810,2057.0,,,,18.0,,,,0.9919,450.15,263,1189,,종이와목재,KOSDAQ
091340,3102.0,,,,157.0,,,,,-149.54,261,2230,,전자장비와기기,KOSDAQ
238490,593.0,,,,-75.0,,,,,120.58,262,2320,14.0,디스플레이장비및부품,KOSDAQ
288620,158.0,,,,-150.0,,,,,-107.76,261,3745,,전기제품,KOSDAQ
007720,1629.0,,,,14.0,,,,,-41.67,261,1294,,판매업체,KOSDAQ
300120,2238.0,,,,-162.0,,,,,114.7,257,2600,,소프트웨어,KOSDAQ
134060,111.0,,,,9.0,,,,,-117.79,260,5450,18.31,교육서비스,KOSDAQ
096690,506.0,,,,-109.0,,,,,523.06,259,6440,,컴퓨터와주변기기,KOSDAQ
060380,1978.0,,,,18.0,,,,0.6963,370.86,259,1315,9.59,철강,KOSDAQ
038530,873.0,,,,15.0,,,,,-147.53,259,999,,IT서비스,KOSDAQ
464500,101.0,,,,-56.0,,,,,6.7,259,1852,,반도체와반도체장비,KOSDAQ
039740,1463.0,,,,4.0,,,,1.0,155.05,254,3165,14.67,판매업체,KOSDAQ
038870,172.0,,,,-27.0,,,,1.0,151.1,257,1831,29.99,에너지장비및서비스,KOSDAQ
373170,256.0,,,,9.0,,,,,-183.37,258,1707,25.21,IT서비스,KOSDAQ
114630,1018.0,,,,78.0,,,,1.0,-385.07,257,1490,5.51,"섬유,의류,신발,호화품",KOSDAQ
073540,253.0,,,,9.0,,,,0.9446,-166.39,254,2225,13.51,통신장비,KOSDAQ
377030,272.0,,,,-109.0,,,,,604.35,255,1781,,IT서비스,KOSDAQ
035200,252.0,,,,-4.0,,,,1.0,-144.5,252,2730,25.28,건축제품,KOSDAQ
462510,72.0,,,,-118.0,,,,,38.12,253,2870,,건강관리장비와용품,KOSDAQ
090150,1159.0,,,,69.0,,,,0.9643,94.78,253,6050,,자동차부품,KOSDAQ
146060,793.0,,,,51.0,,,,0.8889,438.55,252,1050,,자동차부품,KOSDAQ
044780,542.0,,,,-4.0,,,,1.0,-47.61,252,1360,17.66,기계,KOSDAQ
123840,482.0,,,,-134.0,,,,,-34.24,252,1621,,건강관리업체및서비스,KOSDAQ
039310,356.0,,,,-10.0,,,,,-308.57,252,1388,3.12,소프트웨어,KOSDAQ
200350,146.0,,,,-30.0,,,,,-242.14,251,2510,,방송과엔터테인먼트,KOSDAQ
424760,354.0,,,,9.0,,,,,-89.31,251,2500,,IT서비스,KOSDAQ
083640,508.0,,,,17.0,,,,,-164.44,250,1087,,전자장비와기기,KOSDAQ
076080,1667.0,,,,-181.0,,,,,181.35,249,1101,,건설,KOSDAQ
318000,239.0,,,,23.0,,,,1.0,-187.77,247,2830,15.19,화학,KOSDAQ
331520,378.0,,,,29.0,,,,1.0,-40.09,247,2525,54.76,게임엔터테인먼트,KOSDAQ
208350,389.0,,,,25.0,,,,1.0,-141.55,248,3055,3.18,소프트웨어,KOSDAQ
083660,279.0,,,,-56.0,,,,,8.4,245,1722,,화장품,KOSDAQ
054090,1363.0,,,,-20.0,,,,,351.01,247,990,,전자장비와기기,KOSDAQ
047080,379.0,,,,3.0,,,,0.9577,-108.15,247,996,,게임엔터테인먼트,KOSDAQ
333050,300.0,,,,20.0,,,,,-170.61,246,4990,29.53,IT서비스,KOSDAQ
101680,306.0,,,,-75.0,,,,,66.65,243,2895,,기계,KOSDAQ
052300,76.0,,,,-25.0,,,,0.4591,-1010.51,246,1516,,건축제품,KOSDAQ
257370,111.0,,,,-21.0,,,,,19.36,244,1951,,전기제품,KOSDAQ
440320,883.0,,,,-28.0,,,,0.8338,-4.69,246,2460,73.09,디스플레이패널,KOSDAQ
051380,3730.0,,,,43.0,,,,,279.65,240,1565,89.55,컴퓨터와주변기기,KOSDAQ
188040,709.0,,,,8.0,,,,1.0,-36.16,241,5160,,식품,KOSDAQ
016670,231.0,,,,41.0,,,,,-568.15,241,2365,,소프트웨어,KOSDAQ
085810,532.0,,,,32.0,,,,,27.54,240,1699,,건설,KOSDAQ
063760,273.0,,,,23.0,,,,1.0,-172.68,238,2550,57.88,디스플레이장비및부품,KOSDAQ
131180,323.0,,,,8.0,,,,,-151.92,239,4080,53.24,컴퓨터와주변기기,KOSDAQ
290520,319.0,,,,18.0,,,,1.0,-279.41,242,1535,,디스플레이장비및부품,KOSDAQ
065150,1109.0,,,,46.0,,,,,23.43,237,1484,,식품,KOSDAQ
036480,260.0,,,,7.0,,,,,102.74,238,6260,,제약,KOSDAQ
298060,238.0,,,,-45.0,,,,1.0,-54.3,238,2470,,생물공학,KOSDAQ
013810,380.0,,,,-5.0,,,,,-118.32,237,1620,,기계,KOSDAQ
222980,963.0,,,,-11.0,,,,,115.87,240,2175,,식품,KOSDAQ
169330,562.0,588.94,,,-13.0,27.0,,,0.7442,-104.18,236,1287,15.34,IT서비스,KOSDAQ
227610,424.0,,,,-18.0,,,,,158.56,237,1221,,화장품,KOSDAQ
123750,322.0,,,,2.0,,,,1.0,-71.55,235,1699,,레저용장비와제품,KOSDAQ
258790,257.0,,,,30.0,,,,1.0,173.87,237,4745,,소프트웨어,KOSDAQ
378800,2.0,,,,-158.0,,,,,-179.56,234,507,,제약,KOSDAQ
206560,554.0,,,,-65.0,,,,,221.3,234,919,,방송과엔터테인먼트,KOSDAQ
237750,276.0,,,,0.0,,,,,330.68,234,3600,10.0,전기장비,KOSDAQ
368600,469.0,,,,-145.0,,,,,447.85,235,910,,전자장비와기기,KOSDAQ
130740,794.0,,,,-33.0,,,,,-319.2,233,2070,,자동차부품,KOSDAQ
148780,170.0,,,,-11.0,,,,1.0,-87.54,231,3675,54.84,소프트웨어,KOSDAQ
018700,642.0,,,,-30.0,,,,,-10.44,235,1403,,화장품,KOSDAQ
033200,315.0,426.0,,,-32.0,-17.0,,,0.8235,-392.7,232,2525,927.48,전자장비와기기,KOSDAQ
032800,382.0,,,,-80.0,,,,,-79.75,233,1540,,방송과엔터테인먼트,KOSDAQ
241840,118.0,,,,-73.0,,,,1.0,-4.41,232,2435,26.32,방송과엔터테인먼트,KOSDAQ
060230,619.0,,,,-82.0,,,,,609.44,231,1183,,전자장비와기기,KOSDAQ
038880,412.0,,,,-73.0,,,,,432.04,232,3085,,자동차부품,KOSDAQ
095910,1024.0,,,,-187.0,,,,,417.46,231,635,,에너지장비및서비스,KOSDAQ
289220,367.0,,,,-190.0,,,,,-104.84,230,1031,,양방향미디어와서비스,KOSDAQ
154040,314.0,,,,17.0,,,,,179.47,231,1069,1.25,전자제품,KOSDAQ
115160,3942.0,,,,-292.0,,,,,693.37,230,5340,,전자제품,KOSDAQ
359090,650.0,,,,14.0,,,,1.0,3.19,229,1993,11.68,제약,KOSDAQ
301300,190.0,,,,-38.0,,,,1.0,90.55,229,1741,2.65,소프트웨어,KOSDAQ
429270,127.0,180.0,,,-76.0,-70.0,,,,66.21,229,3550,,반도체와반도체장비,KOSDAQ
084440,337.0,,,,14.0,,,,1.0,-4.49,229,1196,,교육서비스,KOSDAQ
032080,302.0,,,,5.0,,,,,-477.04,229,1064,,"섬유,의류,신발,호화품",KOSDAQ
238200,197.0,,,,14.0,,,,1.0,26.08,228,2790,41.53,건강관리업체및서비스,KOSDAQ
067770,119.0,,,,-2.0,,,,1.0,-352.19,228,2720,,디스플레이장비및부품,KOSDAQ
018680,521.0,,,,-13.0,,,,,-17.66,228,1955,12.7,제약,KOSDAQ
065690,535.0,,,,-127.0,,,,1.0,-235.32,225,1870,,컴퓨터와주변기기,KOSDAQ
415380,959.0,,,,28.0,,,,,-185.27,228,1991,9.82,가구,KOSDAQ
109670,1697.0,,,,2.0,,,,1.0,-62.76,225,3850,,"섬유,의류,신발,호화품",KOSDAQ
405920,821.0,,,,10.0,,,,1.0,389.1,227,1759,,음료,KOSDAQ
317120,75.0,,,,-61.0,,,,,147.44,224,1470,,통신장비,KOSDAQ
148250,187.0,,,,-34.0,,,,,-63.06,223,1641,,통신장비,KOSDAQ
016100,683.0,,,,-71.0,,,,1.0,296.08,224,1172,176.0,포장재,KOSDAQ
053060,1894.0,,,,91.0,,,,1.0,136.28,222,1257,3.37,자동차부품,KOSDAQ
432980,208.0,,,,3.0,,,,,-43.62,223,2595,,제약,KOSDAQ
277410,358.0,,,,23.0,,,,1.0,373.0,219,5690,13.07,식품,KOSDAQ
900110,705.0,,,,94.0,,,,0.9966,-2865.53,221,1201,16.84,"섬유,의류,신발,호화품",KOSDAQ
195990,319.0,,,,-93.0,,,,,74.67,220,1351,,기계,KOSDAQ
352940,340.0,,,,9.0,,,,,219.43,217,2000,,화학,KOSDAQ
192390,751.0,,,,-39.0,,,,1.0,484.83,218,1821,6.69,건축자재,KOSDAQ
187220,1258.0,,,,-6.0,,,,1.0,766.01,221,1915,,전자장비와기기,KOSDAQ
347770,634.0,,,,-61.0,,,,1.0,225.63,221,974,31.49,디스플레이장비및부품,KOSDAQ
200230,432.0,,,,7.0,,,,0.9969,265.69,217,2285,5.86,제약,KOSDAQ
101400,344.0,,,,-51.0,,,,1.0,-145.56,217,1846,34.28,반도체와반도체장비,KOSDAQ
067730,485.0,,,,29.0,,,,,-119.3,216,2230,67.77,IT서비스,KOSDAQ
017250,601.0,,,,40.0,,,,1.0,108.12,216,1028,3.83,전자장비와기기,KOSDAQ
398120,246.0,,,,15.0,,,,1.0,36.72,216,1827,,건강관리장비와용품,KOSDAQ
403490,637.0,,,,-9.0,,,,1.0,317.24,219,2380,82.68,식품,KOSDAQ
032280,1000.0,,,,21.0,,,,,267.87,215,1329,11.15,항공화물운송과물류,KOSDAQ
431190,166.0,,,,-35.0,,,,1.0,-98.56,216,2880,,IT서비스,KOSDAQ
353190,990.0,,,,19.0,,,,1.0,131.64,215,2725,13.42,건강관리업체및서비스,KOSDAQ
377330,132.0,,,,-186.0,,,,,97.73,215,2640,,전기제품,KOSDAQ
098660,715.0,,,,-14.0,,,,1.0,359.5,214,1713,13.67,"섬유,의류,신발,호화품",KOSDAQ
303530,707.0,,,,-29.0,,,,1.0,-74.23,214,2915,77.47,IT서비스,KOSDAQ
438700,31.0,,,,-85.0,,,,,37.36,214,1920,,소프트웨어,KOSDAQ
019660,129.0,,,,-48.0,,,,,68.71,215,1539,,판매업체,KOSDAQ
353590,591.0,,,,8.0,,,,,3.16,213,1655,,자동차부품,KOSDAQ
252500,376.0,,,,6.0,,,,,-187.19,207,2495,2.75,화장품,KOSDAQ
340440,480.0,,,,9.0,,,,,-90.83,213,750,14.03,포장재,KOSDAQ
215480,397.0,,,,0.0,,,,0.9798,-77.97,212,1972,15.5,"섬유,의류,신발,호화품",KOSDAQ
083470,184.0,,,,-19.0,,,,1.0,1.57,214,1001,,디스플레이장비및부품,KOSDAQ
065370,383.0,,,,8.0,,,,1.0,114.97,210,2845,,소프트웨어,KOSDAQ
219750,320.0,,,,-29.0,,,,,101.81,211,1615,,건강관리장비와용품,KOSDAQ
372800,781.0,,,,-54.0,,,,1.0,21.94,209,2965,,IT서비스,KOSDAQ
115570,987.0,,,,66.0,,,,1.0,55.83,208,2600,,화학,KOSDAQ
023770,347.0,,,,-47.0,,,,,-20.62,208,2320,,게임엔터테인먼트,KOSDAQ
362990,200.0,,,,-12.0,,,,1.0,-40.53,208,1237,33.92,광고,KOSDAQ
191410,448.0,,,,-15.0,,,,1.0,162.42,206,1840,,디스플레이패널,KOSDAQ
419540,171.0,,,,-11.0,,,,,-32.76,206,3450,60.85,건강관리장비와용품,KOSDAQ
275630,130.0,,,,3.0,,,,1.0,-180.36,205,3900,17.19,소프트웨어,KOSDAQ
373110,19.0,,,,-109.0,,,,,11.55,206,1192,,생물공학,KOSDAQ
361670,110.0,,,,-17.0,,,,,-91.42,205,3610,,전자장비와기기,KOSDAQ
455180,181.0,,,,-37.0,,,,1.0,478.52,205,1392,,전자장비와기기,KOSDAQ
274400,143.0,,,,-20.0,,,,,129.74,204,2250,,소프트웨어,KOSDAQ
080470,2435.0,,,,116.0,,,,0.7724,177.42,204,2800,6.68,자동차부품,KOSDAQ
073570,107.0,,,,-45.0,,,,,-104.38,204,1694,,핸드셋,KOSDAQ
021040,2774.0,,,,24.0,,,,,739.84,202,932,,철강,KOSDAQ
065060,1109.0,,,,-4.0,,,,,532.02,201,3355,,"섬유,의류,신발,호화품",KOSDAQ
342870,1033.0,,,,82.0,,,,1.0,398.13,200,3670,,가정용기기와용품,KOSDAQ
014100,488.0,,,,-11.0,,,,1.0,162.13,201,1700,5.47,화장품,KOSDAQ
196700,432.0,,,,56.0,,,,1.0,87.02,200,1391,27.35,화학,KOSDAQ
154030,35.0,,,,-10.0,,,,1.0,105.35,200,1657,,생물공학,KOSDAQ
069330,497.0,,,,13.0,,,,1.0,57.57,199,1172,,디스플레이장비및부품,KOSDAQ
224060,253.0,,,,-8.0,,,,,557.46,200,3870,,전기제품,KOSDAQ
054220,448.0,,,,1.0,,,,1.0,69.07,199,1577,,IT서비스,KOSDAQ
113810,804.0,,,,10.0,,,,0.996,-17.94,198,3035,12.95,자동차부품,KOSDAQ
032680,548.0,,,,-2.0,,,,,-479.02,198,950,,IT서비스,KOSDAQ
383930,477.0,,,,-57.0,,,,,404.22,198,1548,,생명과학도구및서비스,KOSDAQ
048830,838.0,,,,10.0,,,,1.0,-105.3,195,1044,20.52,화학,KOSDAQ
043590,214.0,,,,-21.0,,,,1.0,72.84,198,1460,3.85,전기제품,KOSDAQ
088290,566.0,,,,16.0,,,,,43.1,195,2440,,자동차부품,KOSDAQ
043360,213.0,,,,-8.0,,,,,-74.78,194,2160,,컴퓨터와주변기기,KOSDAQ
054410,399.0,,,,14.0,,,,,253.23,196,3425,9.28,비철금속,KOSDAQ
137940,1201.0,,,,-356.0,,,,,-263.02,194,1981,,화장품,KOSDAQ
073190,201.0,,,,-30.0,,,,,73.69,194,1622,,가구,KOSDAQ
214610,109.0,,,,-99.0,,,,,0.37,192,2290,4.0,건강관리장비와용품,KOSDAQ
050090,74.0,,,,-36.0,,,,,-70.29,194,826,,광고,KOSDAQ
355390,105.0,,,,-134.0,,,,,-34.52,194,1219,,IT서비스,KOSDAQ
051780,567.0,,,,-0.0,,,,,399.8,209,2750,,식품,KOSDAQ
405000,85.0,,,,-76.0,,,,,104.72,194,3610,,건강관리장비와용품,KOSDAQ
018620,548.0,,,,3.0,,,,,150.51,192,2775,,제약,KOSDAQ
031860,145.0,,,,-78.0,,,,,50.27,187,6930,,컴퓨터와주변기기,KOSDAQ
177350,166.0,,,,-26.0,,,,1.0,-33.59,193,1950,,화학,KOSDAQ
096870,110.0,,,,3.0,,,,,-115.83,193,2315,,디스플레이장비및부품,KOSDAQ
024940,560.0,,,,16.0,,,,1.0,-238.65,193,1934,40.94,가정용기기와용품,KOSDAQ
142760,112.0,,,,-65.0,,,,0.9919,51.39,191,907,8.64,제약,KOSDAQ
344860,82.0,,,,0.0,,,,,-68.5,190,1316,22.96,화장품,KOSDAQ
210120,40.0,,,,-15.0,,,,,224.79,185,1913,,방송과엔터테인먼트,KOSDAQ
027580,501.0,,,,-89.0,,,,1.0,27.91,192,1621,224.46,화학,KOSDAQ
365900,469.0,,,,-15.0,,,,,258.91,192,2625,,레저용장비와제품,KOSDAQ
900340,1922.0,,,,149.0,,,,1.0,-920.06,190,1507,2.4,식품,KOSDAQ
056730,475.0,,,,-113.0,,,,,-235.85,189,1275,6.87,건설,KOSDAQ
050760,668.0,,,,-48.0,,,,1.0,192.49,191,1171,,화학,KOSDAQ
223310,189.0,,,,-75.0,,,,,325.51,189,3640,,식품과기본식료품소매,KOSDAQ
303030,364.0,,,,-86.0,,,,,-18.96,188,2055,,반도체와반도체장비,KOSDAQ
417180,173.0,,,,8.0,,,,1.0,-219.56,185,4300,25.74,양방향미디어와서비스,KOSDAQ
140430,279.0,,,,-5.0,,,,,107.59,184,1719,,통신장비,KOSDAQ
279600,228.0,,,,-22.0,,,,,150.51,183,3910,,IT서비스,KOSDAQ
034940,593.0,,,,-66.0,,,,,245.85,182,2940,,제약,KOSDAQ
110020,137.0,,,,-3.0,,,,,-62.84,181,2000,,가정용품,KOSDAQ
306040,1634.0,,,,-159.0,,,,1.0,190.69,177,1902,7.05,"섬유,의류,신발,호화품",KOSDAQ
069920,240.0,,,,-59.0,,,,,127.57,178,1234,,건설,KOSDAQ
065650,762.0,,,,-43.0,,,,,165.33,178,1630,,컴퓨터와주변기기,KOSDAQ
060900,131.0,,,,-93.0,,,,,-17.07,177,3625,,에너지장비및서비스,KOSDAQ
020400,1018.0,,,,1.0,,,,,308.45,175,2875,56.32,자동차부품,KOSDAQ
103230,488.0,,,,9.0,,,,,128.07,176,2440,8.37,조선,KOSDAQ
037400,10652.0,,,,11.0,,,,0.2335,86.7,166,632,9.02,디스플레이장비및부품,KOSDAQ
900270,1088.0,,,,-2.0,,,,1.0,-3169.79,170,3325,,레저용장비와제품,KOSDAQ
115610,132.0,,,,-20.0,,,,,-55.32,176,1493,,핸드셋,KOSDAQ
023790,240.0,,,,-26.0,,,,,367.69,173,1327,,철강,KOSDAQ
900120,576.0,,,,97.0,,,,1.0,-462.5,173,1040,2.57,제약,KOSDAQ
377220,722.0,,,,-186.0,,,,,347.01,168,2960,,건강관리업체및서비스,KOSDAQ
309930,460.0,,,,-88.0,,,,1.0,104.92,173,900,38.93,가구,KOSDAQ
322780,329.0,,,,-71.0,,,,1.0,105.81,173,1925,22.26,방송과엔터테인먼트,KOSDAQ
006050,602.0,,,,9.0,,,,,-88.54,172,4930,62.45,건축제품,KOSDAQ
376930,51.0,,,,-201.0,,,,,-61.6,171,334,,건강관리장비와용품,KOSDAQ
225590,1063.0,,,,84.0,,,,1.0,-95.1,166,3245,5.22,"섬유,의류,신발,호화품",KOSDAQ
030350,159.0,,,,-19.0,,,,,4.44,152,973,,게임엔터테인먼트,KOSDAQ
002680,824.0,,,,29.0,,,,1.0,628.55,165,2560,,식품,KOSDAQ
131100,1183.0,,,,34.0,,,,,-75.13,149,2315,,방송과엔터테인먼트,KOSDAQ
352770,20.0,,,,-78.0,,,,,34.91,136,5250,,생물공학,KOSDAQ
304840,29.0,,,,-84.0,,,,,101.19,136,561,,건강관리장비와용품,KOSDAQ
354200,212.0,,,,-83.0,,,,,308.95,165,1846,,생명과학도구및서비스,KOSDAQ
045520,861.0,,,,-10.0,,,,1.0,282.53,156,2395,57.1,화학,KOSDAQ
335870,420.0,,,,-28.0,,,,,-37.41,161,4800,8.12,"섬유,의류,신발,호화품",KOSDAQ
131760,463.0,,,,-29.0,,,,1.0,272.31,163,1873,,디스플레이장비및부품,KOSDAQ
389680,32.0,,,,-36.0,,,,,-69.04,160,1928,,IT서비스,KOSDAQ
009730,920.0,,,,-139.0,,,,,394.56,155,1945,889.86,비철금속,KOSDAQ
244460,8.0,,,,-74.0,,,,,93.91,134,1651,,제약,KOSDAQ
009620,2857.0,,,,79.0,,,,,2101.66,152,870,,비철금속,KOSDAQ
060480,363.0,,,,-2.0,,,,,-20.83,155,1395,,비철금속,KOSDAQ
078860,122.0,,,,-80.0,,,,,74.87,159,2580,,방송과엔터테인먼트,KOSDAQ
054180,282.0,,,,-57.0,,,,,71.15,127,2295,,조선,KOSDAQ
291810,58.0,,,,-32.0,,,,,-61.8,148,1300,,소프트웨어,KOSDAQ
247660,53.0,,,,-20.0,,,,,-64.57,145,3330,,화학,KOSDAQ
289010,916.0,,,,14.0,,,,,-99.18,137,979,,교육서비스,KOSDAQ
079950,184.0,,,,-86.0,,,,,148.16,134,974,,디스플레이장비및부품,KOSDAQ
060260,435.0,,,,13.0,,,,,53.64,143,1070,,건축제품,KOSDAQ
008290,169.0,,,,-72.0,,,,,-7.76,141,692,,"섬유,의류,신발,호화품",KOSDAQ
240600,287.0,,,,-78.0,,,,,51.38,144,1741,,전기제품,KOSDAQ
239340,156.0,,,,-56.0,,,,,-238.85,136,504,,증권,KOSDAQ
285800,324.0,,,,-27.0,,,,,221.81,132,733,,화학,KOSDAQ
012340,828.0,,,,-72.0,,,,,210.78,132,599,,전기제품,KOSDAQ
065570,333.0,,,,-2.0,,,,,86.22,123,764,,조선,KOSDAQ
035620,116.0,,,,-23.0,,,,,310.3,130,699,,방송과엔터테인먼트,KOSDAQ
250930,379.0,,,,-8.0,,,,,281.02,121,1831,,디스플레이장비및부품,KOSDAQ
043100,168.0,,,,-57.0,,,,,322.07,105,520,,건강관리장비와용품,KOSDAQ
028080,4007.0,,,,-287.0,,,,,692.04,126,4990,,전자제품,KOSDAQ
106080,76.0,,,,-92.0,,,,,180.74,95,1650,,핸드셋,KOSDAQ
079190,441.0,,,,-27.0,,,,1.0,-30.44,107,1120,11.88,핸드셋,KOSDAQ
288980,232.0,,,,-59.0,,,,,489.22,120,330,327.72,소프트웨어,KOSDAQ
065770,236.0,,,,-12.0,,,,1.0,-76.72,126,1200,,통신장비,KOSDAQ
087260,349.0,,,,-9.0,,,,1.0,-115.97,80,247,44.27,자동차부품,KOSDAQ
084180,928.0,,,,52.0,,,,,452.57,108,600,,출판,KOSDAQ
001000,36.0,,,,5.0,,,,,140.73,112,462,,부동산,KOSDAQ
035290,90.0,,,,-19.0,,,,,10.39,120,2515,,교육서비스,KOSDAQ
079970,268.0,,,,7.0,,,,1.0,4.49,76,596,,소프트웨어,KOSDAQ
058450,63.0,,,,-60.0,,,,,82.85,100,1856,,방송과엔터테인먼트,KOSDAQ
308100,377.0,,,,-81.0,,,,,272.29,98,378,,"섬유,의류,신발,호화품",KOSDAQ
276040,68.0,,,,-122.0,,,,,-70.0,71,327,,소프트웨어,KOSDAQ
065420,209.0,,,,-29.0,,,,,46.02,73,940,,석유와가스,KOSDAQ
208640,60.0,,,,-79.0,,,,,-6.55,92,661,,게임엔터테인먼트,KOSDAQ
900100,63.0,,,,-84.0,,,,,28.68,95,1809,,"섬유,의류,신발,호화품",KOSDAQ
092600,1026.0,,,,-175.0,,,,1.0,95.87,94,1865,,전자제품,KOSDAQ
418620,17.0,,,,-112.0,,,,,28.81,102,515,,소프트웨어,KOSDAQ
044180,278.0,,,,-43.0,,,,1.0,757.3,55,205,,건설,KOSDAQ
025870,700.0,,,,-16.0,,,,1.0,181.96,92,2295,103.52,식품,KOSDAQ
225430,160.0,,,,-29.0,,,,,185.32,90,1389,,가정용품,KOSDAQ
052770,57.0,,,,-49.0,,,,,10.48,45,312,,게임엔터테인먼트,KOSDAQ
313760,75.0,,,,-49.0,,,,,190.83,52,468,,전기제품,KOSDAQ
199730,231.0,,,,-63.0,,,,,69.11,73,1495,28.43,생명과학도구및서비스,KOSDAQ
096610,245.0,,,,18.0,,,,1.0,-52.7,17,98,,반도체와반도체장비,KOSDAQ
101000,394.0,,,,-46.0,,,,1.0,192.84,77,775,7.37,조선,KOSDAQ
312610,137.0,,,,-95.0,,,,,114.77,64,315,,자동차부품,KOSDAQ
032685,548.0,,,,-2.0,,,,,-479.02,6,8720,,IT서비스,KOSDAQ
021045,2774.0,,,,24.0,,,,,739.84,22,2595,,철강,KOSDAQ
121850,127.0,,,,-81.0,,,,,173.06,30,598,,디스플레이장비및부품,KOSDAQ
011080,508.0,,,,-70.0,,,,,69.05,61,863,14.01,"섬유,의류,신발,호화품",KOSDAQ
