종목코드,종목명,지배비율,순차입금,매출액_2023,매출액_2024,매출액_2025,매출액_2026,매출액_2027,매출액_2028,영업이익_2023,영업이익_2024,영업이익_2025,영업이익_2026,영업이익_2027,영업이익_2028,매출액_성장률_2025,매출액_성장률_2026,매출액_성장률_2027,매출액_성장률_2028,매출액_최대성장률,영업이익_성장률_2025,영업이익_성장률_2026,영업이익_성장률_2027,영업이익_성장률_2028,영업이익_최대성장률,데이터_가용성,가용_연도수,PER,PBR,ROE,부채비율,평균거래량_20d,최근거래일_거래량,OBV_trend,RSI,저항선,지지선,MA_align,MACD_signal,외인_5d,외인_20d,기관_5d,기관_20d,시장,현재가,시가총액,Recent_Volume,거래량배수,업종,컨센_보강,컨센_보강일
005930,삼성전자,0.9879,-1675903.07,2589354.94,3008709.03,3336059.38,7155465.52,9570801.71,10785213.75,65669.76,327259.61,436010.51,3697394.86,5541112.62,6064514.31,10.88,114.49,33.76,12.69,114.49,33.23,748.01,49.87,9.45,748.01,4년치 존재,4,35.53,,31.39,31.1,16688002.0,16389555.0,up,51.3,286500.0,207000.0,up,bull,-6482919.0,-20648802.0,-1761740.0,12912550.0,KOSPI,269000,15726489,16389555,1.0,반도체와반도체장비,False,
000660,SK하이닉스,0.9981,-668447.84,327657.19,661929.6,971466.75,3424480.76,5114859.95,5726937.06,-77303.13,234673.19,472063.19,2632554.71,4016480.52,4311120.0,46.76,252.51,49.36,11.97,252.51,101.16,457.67,52.57,7.34,457.67,4년치 존재,4,29.19,,92.68,32.8,3179659.0,2607954.0,down,45.9,2186000.0,1322000.0,mixed,bear,-2154998.0,-7939489.0,-288450.0,-65992.0,KOSPI,1715000,12527944,2607954,0.8,반도체와반도체장비,False,
005935,삼성전자우,0.9879,-1675903.07,2589354.94,3008709.03,3336059.38,7155465.52,9570801.71,10785213.75,65669.76,327259.61,436010.51,3697394.86,5541112.62,6064514.31,10.88,114.49,33.76,12.69,114.49,33.23,748.01,49.87,9.45,748.01,4년치 존재,4,3.58,,31.39,31.1,3851529.0,2684886.0,down,49.6,222000.0,151000.0,mixed,bear,-218035.0,-4911937.0,-1150054.0,724145.0,KOSPI,197300,1583078,2684886,0.7,반도체와반도체장비,False,
402340,SK스퀘어,1.0,-13112.77,22784.55,58817.7,104555.53,290978.33,372068.33,381620.0,-23396.98,39206.47,87974.21,497020.33,614544.17,626111.67,77.76,178.3,27.87,2.57,178.3,124.39,464.96,23.65,1.88,464.96,4년치 존재,4,16.98,,85.62,6.62,517144.0,545346.0,up,53.3,1409000.0,799000.0,up,bull,-83136.0,435882.0,141259.0,-29636.0,KOSPI,1136000,1498657,545346,1.1,반도체와반도체장비,False,
373220,LG에너지솔루션,0.7738,250840.51,337454.7,256195.85,236717.59,321615.78,411001.44,488606.76,21632.34,5753.87,13461.2,8646.78,38838.94,59334.29,-7.6,35.86,27.79,18.88,35.86,133.95,-35.77,349.17,52.77,349.17,4년치 존재,4,,,-8.02,157.13,284307.0,354152.0,up,62.0,388500.0,300500.0,up,bull,35160.0,10083.0,360592.0,463968.0,KOSPI,387000,905580,354152,1.2,전기제품,False,
034020,두산에너빌리티,0.6722,45793.89,175898.88,162330.55,170578.76,183938.88,205839.2,230433.53,14673.18,10176.0,7627.12,11291.25,16367.73,20768.6,5.08,7.83,11.91,11.95,11.95,-25.05,48.04,44.96,26.89,48.04,4년치 존재,4,603.82,,2.3,136.43,2789820.0,2302133.0,down,44.0,91700.0,60200.0,mixed,bear,-1295594.0,-7050670.0,-356434.0,-1042110.0,KOSPI,79900,511808,2302133,0.8,기계,False,
032830,삼성생명,1.0,,309370.14,337860.29,371383.1,,,,23983.77,24997.51,25804.69,35887.11,73052.89,51979.22,9.92,,,,9.92,3.23,39.07,103.56,-28.85,103.56,4년치 존재,4,24.19,,3.34,,280667.0,171805.0,down,41.5,340500.0,264000.0,down,bear,-42994.0,-96842.0,-14914.0,-9734.0,KOSPI,278500,557000,171805,0.6,생명보험,False,
028260,삼성물산,0.7149,-38038.9,418956.81,421032.38,407422.41,456528.06,493817.5,516251.2,28701.74,29833.97,32927.47,37892.31,44032.56,47685.8,-3.23,12.05,8.17,4.54,12.05,10.37,15.08,16.2,8.3,16.2,4년치 존재,4,22.31,,3.99,44.02,311460.0,242598.0,down,39.7,395500.0,285500.0,mixed,bear,91688.0,-170614.0,-76372.0,108101.0,KOSPI,335500,544072,242598,0.8,복합기업,False,
329180,HD현대중공업,1.0,-49151.16,119639.26,144864.54,175806.33,247354.74,266140.84,285467.56,1786.4,7052.23,20375.1,40530.53,47390.63,55225.44,21.36,40.7,7.59,7.26,40.7,188.92,98.92,16.93,16.53,188.92,4년치 존재,4,29.62,,30.09,178.6,268113.0,332852.0,down,32.6,532000.0,399500.0,down,bear,63577.0,-162880.0,-244152.0,-155776.0,KOSPI,399500,419320,332852,1.2,조선,False,
068270,셀트리온,0.9945,26085.71,21764.32,35573.04,41624.95,55613.89,64438.44,71798.53,6514.81,4920.16,11684.71,18614.39,22956.83,25890.59,17.01,33.61,15.87,11.42,33.61,137.49,59.31,23.33,12.78,137.49,4년치 존재,4,41.25,,9.16,31.33,382162.0,254258.0,down,50.1,210500.0,170100.0,mixed,bull,-94946.0,-148246.0,31456.0,-667391.0,KOSPI,182600,424759,254258,0.7,제약,False,
034730,SK,0.3945,496014.83,1287984.68,1233996.69,1227033.38,1494201.64,1466420.18,1525220.11,47539.82,23960.02,18184.76,123439.18,110295.18,125112.78,-0.56,21.77,-1.86,4.01,21.77,-24.1,578.81,-10.65,13.43,578.81,4년치 존재,4,26.14,,25.41,107.92,122540.0,97345.0,up,49.9,657000.0,468500.0,up,bull,10657.0,6611.0,16117.0,88626.0,KOSPI,576000,417616,97345,0.8,석유와가스,False,
086790,하나금융지주,0.9848,,696935.71,816142.99,689436.35,,,,46934.07,48551.82,53508.98,59461.0,61712.33,64696.35,-15.53,,,,-15.53,10.21,11.12,3.79,4.84,11.12,4년치 존재,4,8.68,,9.11,,645730.0,440431.0,down,40.2,140400.0,120400.0,mixed,bear,91614.0,-35094.0,-266156.0,-137379.0,KOSPI,128200,347383,440431,0.7,은행,False,
000810,삼성화재,0.9944,,208247.07,226569.68,247785.2,,,,23572.83,26495.97,26591.43,32565.38,39419.62,38107.08,9.36,,,,9.36,0.36,22.47,21.05,-3.33,22.47,4년치 존재,4,13.83,,8.13,,83854.0,65178.0,down,41.6,702000.0,587000.0,mixed,bear,-11088.0,-68706.0,57.0,58112.0,KOSPI,625000,279047,65178,0.8,손해보험,False,
096770,SK이노베이션,0.8594,261185.73,772884.86,742696.47,802960.54,1049055.46,955034.46,941469.92,19038.86,3556.97,4486.84,95551.15,53073.23,48142.54,8.11,30.65,-8.96,-1.42,30.65,26.14,2029.59,-44.46,-9.29,2029.59,4년치 존재,4,,,-4.88,169.73,991512.0,987942.0,up,61.9,159500.0,99000.0,up,bull,745846.0,2289684.0,-155418.0,334055.0,KOSPI,159500,269639,987942,1.0,석유와가스,False,
042700,한미반도체,1.0,-862.95,1590.09,5589.17,5766.85,8196.0,11239.0,13148.0,345.71,2553.92,2513.9,3822.0,5617.0,6843.0,3.18,42.12,37.13,16.99,42.12,-1.57,52.03,46.96,21.83,52.03,4년치 존재,4,117.58,,33.24,18.03,658921.0,599751.0,up,60.7,279000.0,167600.0,up,bull,20418.0,-749969.0,207497.0,1503786.0,KOSPI,264000,251624,599751,0.9,반도체와반도체장비,False,
003490,대한항공,1.0,192096.56,161117.96,178707.18,252255.42,286822.4,284742.7,290897.9,17900.89,21102.0,11135.89,8264.9,21965.2,24899.9,41.16,13.7,-0.73,2.16,41.16,-47.23,-25.78,165.76,13.36,165.76,4년치 존재,4,14.48,,-2.39,390.69,2514969.0,1257789.0,up,56.1,32050.0,24650.0,up,bear_cross,-1172.0,7114747.0,101213.0,566935.0,KOSPI,30650,112860,1257789,0.5,항공사,False,
042660,한화오션,0.9999,47157.9,74083.12,107760.05,127835.12,158658.55,152596.64,163523.76,-1964.98,2378.76,11675.9,22551.32,24841.73,28243.24,18.63,24.11,-3.82,7.16,24.11,390.84,93.14,10.16,13.69,390.84,4년치 존재,4,18.22,,32.55,167.61,663442.0,820811.0,down,29.0,95800.0,74100.0,down,bear,-533267.0,-1677515.0,-608579.0,-1622761.0,KOSPI,74100,227052,820811,1.2,조선,False,
010130,고려아연,0.9992,60740.67,97045.21,120529.18,165878.51,238909.71,237444.86,245517.33,6599.35,7234.72,12319.27,22306.43,19680.29,21270.5,37.63,44.03,-0.61,3.4,44.03,70.28,81.07,-11.77,8.08,81.07,4년치 존재,4,28.71,,10.49,95.98,15740.0,13711.0,down,36.8,1427000.0,923000.0,down,bear,1066.0,1744.0,-13153.0,-66509.0,KOSPI,1066000,222506,13711,0.9,비철금속,False,
011200,HMM,1.0,-65426.06,84009.69,117002.24,108914.43,130134.38,120075.15,116550.31,5847.7,35128.47,14612.02,17729.54,11797.92,9418.08,-6.91,19.48,-7.73,-2.94,19.48,-58.4,21.34,-33.46,-20.17,21.34,4년치 존재,4,10.67,,5.2,29.42,753301.0,549943.0,up,51.7,22850.0,19320.0,up,bull,947392.0,1410534.0,-405560.0,-257423.0,KOSPI,21250,200438,549943,0.7,해운사,False,
000150,두산,0.5324,54570.67,191301.3,181328.74,197841.38,218669.42,252464.36,289670.67,14362.62,10037.59,10627.15,18054.5,25309.18,32375.67,9.11,10.53,15.45,14.74,15.45,5.87,69.89,40.18,27.92,69.89,4년치 존재,4,297.44,,17.75,161.3,94896.0,61307.0,down,53.3,1515000.0,900000.0,up,bear,-13140.0,-301401.0,-18115.0,167002.0,KOSPI,1392000,225418,61307,0.6,복합기업,False,
003550,LG,0.8043,-25430.26,74453.36,71755.05,72525.47,82189.18,91716.55,100533.0,15890.13,9668.42,9121.74,15643.36,19972.73,23142.1,1.07,13.32,11.59,9.61,13.32,-5.65,71.5,27.68,15.87,71.5,4년치 존재,4,22.66,,2.61,9.81,239768.0,111956.0,down,45.7,124500.0,92200.0,mixed,bear,-5056.0,-424364.0,11107.0,128020.0,KOSPI,110500,167067,111956,0.5,복합기업,False,
003670,포스코퓨처엠,0.8939,35152.63,47598.71,36999.44,29386.98,31599.4,41812.67,55151.27,358.82,7.21,328.27,926.47,1834.8,2903.4,-20.57,7.53,32.32,31.9,32.32,4452.98,182.23,98.04,58.24,4452.98,4년치 존재,4,524.11,,1.26,103.76,326705.0,779889.0,up,54.0,209000.0,122100.0,up,bull,20645.0,-398510.0,38572.0,197953.0,KOSPI,190100,169087,779889,2.4,화학,False,
010140,삼성중공업,1.0,-1987.7,80094.3,99030.78,106500.11,127684.2,147023.6,160234.95,2333.45,5026.99,8622.11,13636.25,19585.1,23445.95,7.54,19.89,15.15,8.99,19.89,71.52,58.15,43.63,19.71,71.52,4년치 존재,4,31.47,,13.42,281.27,2930425.0,2513129.0,down,39.4,23650.0,19400.0,down,bear,-633616.0,-7572724.0,-756075.0,-1587804.0,KOSPI,19510,171688,2513129,0.9,조선,False,
443060,HD현대마린솔루션,1.0,-5145.06,14304.63,17454.59,19827.01,23703.0,26345.64,30244.55,2014.72,2717.3,3501.41,4134.27,5238.64,6593.55,13.59,19.55,11.15,14.8,19.55,28.86,18.07,26.71,25.86,28.86,4년치 존재,4,36.34,,41.27,55.98,112272.0,83814.0,down,44.0,247000.0,180700.0,mixed,bear,85582.0,26025.0,-78602.0,65903.0,KOSPI,218500,97961,83814,0.7,조선,False,
035720,카카오,0.8913,-90183.57,75570.02,78640.33,80991.48,83283.67,89545.81,97071.78,4608.58,4952.78,7320.37,10300.71,11790.67,13500.33,2.99,2.83,7.52,8.4,8.4,47.8,40.71,14.46,14.5,47.8,4년치 존재,4,29.65,,3.1,83.59,1231528.0,1223719.0,down,34.8,40700.0,32900.0,down,bull,-422658.0,-1429955.0,-333753.0,-1289229.0,KOSPI,32900,145747,1223719,1.0,양방향미디어와서비스,False,
278470,에이피알,0.9987,-1952.48,5238.09,7227.54,15273.45,30860.68,42474.64,52567.57,1041.94,1227.06,3655.21,7668.91,10748.41,13466.62,111.32,102.05,37.63,23.76,111.32,197.88,109.81,40.16,25.29,197.88,4년치 존재,4,49.18,,81.84,70.07,238050.0,375758.0,up,52.8,464500.0,315000.0,mixed,bull,119845.0,104043.0,12883.0,-446381.0,KOSPI,380500,142452,375758,1.6,화장품,False,
005380,현대차,0.912,1025242.74,1626635.79,1752311.53,1862544.72,1918166.48,2001787.6,2105818.81,151269.01,142395.92,114678.51,110821.68,126991.24,138052.62,6.29,2.99,4.36,5.2,6.29,-19.47,-3.36,14.59,8.71,14.59,4년치 존재,4,7.25,,7.0,191.33,462473.0,565481.0,down,27.4,457500.0,336500.0,down,bear,-428885.0,-966408.0,-278520.0,-799975.0,KOSPI,336500,684665,565481,1.2,자동차,False,
011070,LG이노텍,1.0,9425.44,206052.9,212007.55,218966.03,250872.11,265244.53,278490.88,8308.24,7060.43,6650.07,11391.74,13876.0,16426.06,3.28,14.57,5.73,4.99,14.57,-5.81,71.3,21.81,18.38,71.3,4년치 존재,4,40.99,,11.39,87.15,208600.0,325129.0,up,52.8,742000.0,424000.0,mixed,bull,6976.0,60449.0,78415.0,35201.0,KOSPI,591000,139873,325129,1.6,전자장비와기기,False,
086280,현대글로비스,0.9984,-5446.09,256831.97,284073.74,295664.09,332171.41,346637.47,361019.38,15540.33,17528.67,20730.08,21536.65,23906.06,25158.75,4.08,12.35,4.35,4.15,12.35,18.26,3.89,11.0,5.24,18.26,4년치 존재,4,8.16,,15.23,90.32,142270.0,191435.0,down,36.2,213500.0,181700.0,mixed,bear,-4769.0,140363.0,-73088.0,-218874.0,KOSPI,188700,141525,191435,1.3,항공화물운송과물류,False,
105560,KB금융,0.9904,,775063.9,850764.19,812307.08,,,,63850.21,80452.61,85177.11,94283.59,96027.29,99504.94,-4.52,,,,-4.52,5.87,10.69,1.85,3.62,10.69,4년치 존재,4,10.23,,10.47,,887993.0,531894.0,down,43.7,186200.0,160000.0,mixed,bear,-390573.0,-1359017.0,146737.0,1357076.0,KOSPI,168300,596939,531894,0.6,은행,False,
009150,삼성전기,0.9613,-2270.93,88924.12,102941.03,113144.59,143890.5,184973.95,239629.33,6605.44,7350.06,9133.31,20142.4,39337.45,62483.72,9.91,27.17,28.55,29.55,29.55,24.26,120.54,95.3,58.84,120.54,4년치 존재,4,169.99,,10.6,57.34,578732.0,552591.0,up,60.9,1684000.0,879000.0,up,bull,140290.0,61046.0,63422.0,369233.0,KOSPI,1607000,1200328,552591,1.0,전자장비와기기,False,
005830,DB손해보험,0.7872,,197613.31,218349.91,230479.16,,,,22349.98,24249.26,23839.5,,,,5.55,,,,5.55,-1.69,,,,-1.69,1년치 존재,1,6.83,,15.91,,207973.0,154047.0,down,51.7,203000.0,146500.0,mixed,bear,49889.0,-137636.0,-53253.0,85798.0,KOSPI,186400,122093,154047,0.7,손해보험,False,
055550,신한지주,0.9927,,613326.29,740642.79,646819.6,,,,61008.5,64586.7,70233.57,80000.35,84053.76,88266.44,-12.67,,,,-12.67,8.74,13.91,5.07,5.01,13.91,4년치 존재,4,9.73,,9.17,,963263.0,666867.0,down,38.2,115000.0,98300.0,mixed,bear,-869048.0,-2189419.0,533191.0,1994296.0,KOSPI,103000,483534,666867,0.7,은행,False,
006260,LS,0.6211,104616.6,244807.43,275446.63,318700.31,415638.56,443960.89,470585.25,8996.74,10729.43,10525.54,20508.78,23029.78,26635.75,15.7,30.42,6.81,6.0,30.42,-1.9,94.85,12.29,15.66,94.85,4년치 존재,4,32.03,,8.43,269.71,122636.0,330540.0,down,36.6,343500.0,223500.0,mixed,bear,-70083.0,-84655.0,-230172.0,-144869.0,KOSPI,278000,86736,330540,2.7,전기장비,False,
066570,LG전자,0.8078,41258.6,822626.64,877281.82,892008.82,966994.67,1011195.39,1056280.81,36532.94,34196.75,24783.92,46688.78,49837.33,60812.19,1.68,8.41,4.57,4.46,8.41,-27.53,88.38,6.74,22.02,88.38,4년치 존재,4,35.44,,4.29,130.9,766989.0,1824551.0,up,50.9,233000.0,148000.0,up,bull,-523076.0,113318.0,376186.0,865068.0,KOSPI,209000,340429,1824551,2.4,전자제품,False,
012330,현대모비스,0.9806,-89091.2,592543.61,572369.95,611181.27,647889.88,690498.67,727367.9,22952.84,30734.56,33574.56,37680.0,41873.5,45480.19,6.78,6.01,6.58,5.34,6.78,9.24,12.23,11.13,8.61,12.23,4년치 존재,4,9.13,,7.39,45.99,260319.0,166167.0,down,33.3,547000.0,367500.0,down,bull,-205310.0,91812.0,129106.0,-437213.0,KOSPI,371500,333683,166167,0.6,자동차부품,False,
307950,현대오토에버,0.9761,-4619.81,30650.15,37136.17,42520.67,48400.06,54938.06,64165.14,1814.14,2244.34,2553.02,2820.38,3519.25,4493.71,14.5,13.83,13.51,16.8,16.8,13.75,10.47,24.78,27.69,27.69,4년치 존재,4,56.05,,10.52,83.21,41988.0,43839.0,up,43.7,489500.0,315500.0,mixed,bull,5955.0,30305.0,-15493.0,-60531.0,KOSPI,373000,102291,43839,1.0,IT서비스,False,
078930,GS,0.8262,61654.03,259784.94,252499.76,251841.27,286612.8,281332.2,283044.0,37218.02,30771.85,29360.61,51915.0,36700.0,36994.0,-0.26,13.81,-1.84,0.61,13.81,-4.59,76.82,-29.31,0.8,76.82,4년치 존재,4,12.77,,15.37,79.98,391052.0,455444.0,up,48.3,129200.0,75600.0,mixed,bear,65414.0,1575487.0,-211736.0,-1422957.0,KOSPI,109800,101999,455444,1.2,석유와가스,False,
010950,S-Oil,1.0,75316.31,357266.94,366370.31,342469.57,431418.08,420603.08,395283.38,13545.82,4221.77,2356.31,45842.0,36207.54,30171.38,-6.52,25.97,-2.51,-6.02,25.97,-44.19,1845.5,-21.02,-16.67,1845.5,4년치 존재,4,108.67,,16.33,199.86,395092.0,380552.0,up,62.3,170800.0,121700.0,up,bull,100002.0,487231.0,177897.0,74318.0,KOSPI,170800,192291,380552,1.0,석유와가스,False,
298040,효성중공업,0.9869,5156.8,43005.72,48949.8,59685.12,71693.12,86079.24,102264.63,2578.37,3624.79,7469.68,11213.41,15744.41,20783.38,21.93,20.12,20.07,18.8,21.93,106.07,50.12,40.41,32.0,106.07,4년치 존재,4,46.97,,25.34,213.51,39145.0,142285.0,down,39.1,3153000.0,1894000.0,mixed,bear,-81406.0,-52231.0,-30750.0,-50018.0,KOSPI,2619000,244210,142285,3.6,전기장비,False,
352820,하이브,0.9686,-7203.21,21780.88,22556.49,26498.7,48685.14,42651.48,45627.47,2956.43,1840.45,493.18,2832.76,4864.19,5374.47,17.48,83.73,-12.39,6.98,83.73,-73.2,474.39,71.71,10.49,474.39,4년치 존재,4,,,-11.26,63.48,192593.0,449257.0,up,49.3,225000.0,155400.0,down,bull_cross,12645.0,-217049.0,75838.0,-231638.0,KOSPI,167000,71988,449257,2.3,방송과엔터테인먼트,False,
009540,HD한국조선해양,0.7985,-110945.45,212962.06,255385.77,299332.15,348147.83,379485.92,408247.42,2822.61,14340.9,39044.9,61939.25,73845.83,84805.92,17.21,16.31,9.0,7.58,17.21,172.26,58.64,19.22,14.84,172.26,4년치 존재,4,9.81,,25.71,146.91,158291.0,285154.0,down,31.0,404000.0,300500.0,down,bear,7475.0,67951.0,-76927.0,-143896.0,KOSPI,300500,212673,285154,1.8,조선,False,
267260,HD현대일렉트릭,1.0,-8268.76,27027.99,33223.49,40794.98,46678.17,55118.67,64005.53,3152.18,6689.71,9953.13,12224.11,15439.5,18745.29,22.79,14.42,18.08,16.12,22.79,48.78,22.82,26.3,21.41,48.78,4년치 존재,4,31.0,,43.7,143.18,118084.0,234251.0,down,32.2,869000.0,583000.0,down,bear,-117826.0,-198240.0,-75309.0,-101065.0,KOSPI,630000,227097,234251,2.0,전기장비,False,
047040,대우건설,0.988,31023.76,116478.01,105036.09,80546.27,80752.3,90069.8,102067.17,6625.18,4031.26,-8154.31,8274.4,8209.3,9204.72,-23.32,0.26,11.54,13.32,13.32,-302.28,201.47,-0.79,12.13,201.47,4년치 존재,4,,,-14.26,266.54,8035267.0,3761046.0,up,44.9,20000.0,11200.0,mixed,bear,363756.0,-4665490.0,-647901.0,-3350733.0,KOSPI,17220,70758,3761046,0.5,건설,False,
005940,NH투자증권,0.9628,,103712.19,100341.54,136989.24,362679.33,339830.67,347040.67,7257.57,9010.69,14205.8,22910.47,20113.93,20934.23,36.52,164.75,-6.3,2.12,164.75,57.65,61.28,-12.21,4.08,61.28,4년치 존재,4,9.47,,16.12,955.37,427458.0,377370.0,down,49.2,31600.0,25550.0,mixed,bull,-179432.0,-1142251.0,487629.0,1363871.0,KOSPI,26450,97655,377370,0.9,증권,False,
028050,삼성E&A,0.9728,-36619.52,106249.18,99665.51,90287.69,106881.5,129261.41,141615.15,9931.29,9716.12,7920.79,9798.27,11941.86,13238.4,-9.41,18.38,20.94,9.56,20.94,-18.48,23.7,21.88,10.86,23.7,4년치 존재,4,15.47,,14.11,122.37,1812169.0,1885866.0,up,49.8,52200.0,39200.0,mixed,bear,64841.0,-722137.0,-142746.0,2116174.0,KOSPI,48750,95550,1885866,1.0,건설,False,
000720,현대건설,0.76,6231.61,296513.57,326702.68,310629.12,269460.9,284996.71,305450.11,7854.3,-12634.2,6530.06,8690.95,11399.43,13734.89,-4.92,-13.25,5.77,7.18,7.18,151.69,33.09,31.16,20.49,151.69,4년치 존재,4,32.95,,5.19,155.21,698652.0,445459.0,down,39.3,134900.0,81700.0,mixed,bear,-62534.0,-897113.0,-465676.0,-137930.0,KOSPI,110400,122937,445459,0.6,건설,False,
047810,한국항공우주,0.9894,27887.67,38193.44,36337.42,36963.79,53486.06,67246.72,75649.89,2475.1,2407.18,2691.9,3428.61,5771.61,7368.06,1.72,44.7,25.73,12.5,44.7,11.83,27.37,68.34,27.66,68.34,4년치 존재,4,63.61,,9.73,484.2,249290.0,436389.0,down,39.0,164100.0,117500.0,down,bull,-183669.0,-136028.0,-48740.0,106512.0,KOSPI,121300,118237,436389,1.8,우주항공과국방,False,
323410,카카오뱅크,,,24940.45,29456.21,30862.91,,,,4784.85,6068.8,6493.71,7308.17,8807.75,9747.27,4.78,,,,4.78,7.0,12.54,20.52,10.67,20.52,4년치 존재,4,,,8.18,,758967.0,413575.0,down,34.0,23300.0,19730.0,down,bear,-713806.0,-2367772.0,-136383.0,15970.0,KOSPI,19860,94756,413575,0.5,은행,False,
259960,크래프톤,0.9928,-21242.54,19105.76,27097.74,33265.54,48543.06,51771.94,55291.21,7680.46,11824.88,10543.81,14447.25,15435.88,16563.14,22.76,45.93,6.65,6.8,45.93,-10.83,37.02,6.84,7.3,37.02,4년치 존재,4,12.5,,11.88,32.16,73484.0,76850.0,up,38.3,259000.0,195500.0,down,bull,54149.0,78772.0,-57574.0,-165964.0,KOSPI,200000,91832,76850,1.0,게임엔터테인먼트,False,
018260,삼성에스디에스,0.9837,-57031.26,132768.44,138282.32,139298.68,144186.0,151439.73,159056.64,8082.31,9110.97,9571.03,8212.13,10636.33,11754.43,0.73,3.51,5.03,5.03,5.03,5.05,-14.2,29.52,10.51,29.52,4년치 존재,4,21.09,,6.6,42.35,138617.0,182058.0,down,38.0,245000.0,185800.0,mixed,bear,47814.0,351547.0,-71126.0,-314011.0,KOSPI,207000,160172,182058,1.3,IT서비스,False,
0126Z0,삼성에피스홀딩스,1.0,2467.96,,,2516.9,18577.33,20855.0,22952.67,,,-636.41,2468.0,3099.67,2558.33,,638.1,12.26,10.06,638.1,,487.8,25.59,-17.46,487.8,4년치 존재,4,105.87,,,30.64,34820.0,26170.0,up,53.6,433500.0,329500.0,mixed,bull,37721.0,-79749.0,8727.0,-2150.0,KOSPI,363000,90325,26170,0.8,제약,False,
003230,삼양식품,0.9998,424.07,11929.15,17280.15,23517.85,31388.14,37915.79,43264.5,1475.14,3445.69,5241.88,7316.43,8955.07,10577.1,36.1,33.47,20.8,14.11,36.1,52.13,39.58,22.4,18.11,52.13,4년치 존재,4,23.42,,38.77,77.53,46164.0,24784.0,down,39.2,1547000.0,1053000.0,down,bear,7086.0,11378.0,-5650.0,-81344.0,KOSPI,1211000,91225,24784,0.5,식품,False,
007660,이수페타시스,1.0,408.18,6753.33,8368.67,10880.25,16191.2,22704.4,26986.7,621.69,1018.79,2047.25,3478.0,5287.5,6488.0,30.01,48.81,40.23,18.86,48.81,100.95,69.89,52.03,22.7,100.95,4년치 존재,4,55.49,,26.37,70.59,773331.0,1372548.0,up,56.7,132200.0,59200.0,up,bull,119030.0,-227036.0,-71612.0,-74134.0,KOSPI,121300,89045,1372548,1.8,반도체와반도체장비,False,
024110,기업은행,0.9899,,286238.49,324300.37,292172.06,,,,34322.81,35940.87,36555.89,37387.57,40099.14,42048.23,-9.91,,,,-9.91,1.71,2.28,7.25,4.86,7.25,4년치 존재,4,5.91,,7.29,,789217.0,431610.0,down,43.2,21600.0,19950.0,down,bear,-1054404.0,-1919154.0,22951.0,250497.0,KOSPI,20100,160283,431610,0.5,은행,False,
000270,기아,0.9993,-211997.07,998084.2,1074487.52,1141409.19,1252392.28,1297179.52,1357268.05,116078.73,126671.39,90781.48,99642.52,107424.0,118192.14,6.23,9.72,3.58,4.63,9.72,-28.33,9.76,7.81,10.02,10.02,4년치 존재,4,5.64,,11.61,65.14,730163.0,749640.0,down,24.4,149800.0,109300.0,down,bear,-99138.0,-144681.0,-649810.0,-1556267.0,KOSPI,109300,426721,749640,1.0,자동차,False,
016360,삼성증권,0.9984,,131684.45,134666.21,148739.02,299385.0,281290.0,288540.0,7411.18,12057.5,13756.73,22740.12,20905.47,21884.56,10.45,101.28,-6.04,2.58,101.28,14.09,65.3,-8.07,4.68,65.3,4년치 존재,4,7.88,,18.11,1126.56,280575.0,238120.0,up,48.9,112000.0,85000.0,mixed,bull,5313.0,308752.0,111641.0,196323.0,KOSPI,88900,79388,238120,0.8,증권,False,
241560,두산밥캣,1.0,-3060.2,97589.07,85512.07,87918.88,94508.67,98813.67,102095.0,13899.0,8714.02,6861.32,8526.67,8900.33,9921.5,2.81,7.5,4.56,3.32,7.5,-21.26,24.27,4.38,11.47,24.27,4년치 존재,4,13.08,,6.85,72.88,153623.0,132710.0,down,33.2,69300.0,54700.0,down,bear,5973.0,-275504.0,-70933.0,-158984.0,KOSPI,54900,52625,132710,0.9,기계,False,
047050,포스코인터내셔널,0.963,67614.96,331328.21,322609.9,323736.04,353264.6,362209.87,373020.67,11631.12,11578.35,11653.16,14877.33,15714.07,16584.6,0.35,9.12,2.53,2.98,9.12,0.65,27.67,5.62,5.54,27.67,4년치 존재,4,16.27,,12.34,155.76,533762.0,380369.0,down,52.3,58300.0,48550.0,up,bear,-192799.0,-1305713.0,261478.0,1153424.0,KOSPI,56800,99924,380369,0.7,무역회사와판매업체,False,
021240,코웨이,1.0,25247.31,39665.2,43101.42,49635.66,56966.5,64071.25,71289.5,7312.55,7953.74,8786.52,10133.0,11836.0,12775.5,15.16,14.77,12.47,11.27,15.16,10.47,15.32,16.81,7.94,16.81,4년치 존재,4,11.58,,19.31,103.56,200527.0,116501.0,up,52.9,108400.0,85000.0,mixed,bear,-14723.0,-212093.0,12171.0,297973.0,KOSPI,101100,71546,116501,0.6,가정용기기와용품,False,
272210,한화시스템,1.0,17248.57,24524.95,28036.86,36641.51,45377.88,50775.29,57807.88,1225.75,2193.45,1198.99,2541.71,4536.12,5742.06,30.69,23.84,11.89,13.85,30.69,-45.34,111.99,78.47,26.59,111.99,4년치 존재,4,60.6,,4.28,159.15,692505.0,694543.0,down,54.0,82000.0,54200.0,up,bull,-643604.0,-1501919.0,1039839.0,1722783.0,KOSPI,77700,146790,694543,1.0,우주항공과국방,False,
015760,한국전력,0.9581,1306591.75,882194.61,933988.96,974293.46,976053.36,989070.07,1006913.46,-45416.48,83647.1,134905.57,77650.79,111501.07,133061.23,4.32,0.18,1.33,1.8,4.32,61.28,-42.44,43.59,19.34,61.28,4년치 존재,4,2.25,,16.82,406.43,1370772.0,888594.0,down,36.6,36200.0,29950.0,down,bear,-508992.0,-3186139.0,47299.0,-1027932.0,KOSPI,29950,192268,888594,0.6,전기유틸리티,False,
051910,LG화학,0.8157,307180.26,552497.85,486997.54,459321.67,559766.31,639702.54,710135.92,25291.96,8749.27,11809.0,14130.38,40102.62,56179.15,-5.68,21.87,14.28,11.01,21.87,34.97,19.66,183.8,40.09,183.8,4년치 존재,4,,,-4.52,129.6,190234.0,173596.0,down,54.5,287000.0,232500.0,mixed,bull,31031.0,-394680.0,87816.0,339733.0,KOSPI,274500,193776,173596,0.9,화학,False,
064400,LG씨엔에스,0.9971,-10425.1,56053.0,59826.27,61295.43,65701.69,71543.69,77913.17,4640.48,5128.64,5518.28,5829.77,6677.08,7368.17,2.46,7.19,8.89,8.9,8.9,7.6,5.64,14.53,10.35,14.53,4년치 존재,4,15.31,,16.74,61.87,458877.0,696414.0,down,44.5,79900.0,58200.0,mixed,bull,113130.0,139872.0,-151397.0,-614630.0,KOSPI,69200,67045,696414,1.5,IT서비스,False,
039490,키움증권,1.0,,95448.0,112803.07,171217.04,416349.0,395025.67,401472.33,5646.59,10982.4,14882.4,22692.39,18836.5,19903.76,51.78,143.17,-5.12,1.63,143.17,35.51,52.48,-16.99,5.67,52.48,4년치 존재,4,5.79,,25.41,1329.15,64969.0,79260.0,down,33.9,336000.0,246000.0,down,bear,19694.0,53986.0,-35924.0,-70331.0,KOSPI,246000,64522,79260,1.2,증권,False,
000880,한화,0.2906,46978.59,531348.13,556468.29,747854.4,916376.83,952499.33,1013182.17,24119.2,24161.09,41468.83,65523.33,75334.67,82104.83,34.39,22.53,3.94,6.37,34.39,71.63,58.01,14.97,8.99,71.63,4년치 존재,4,16.91,,6.69,458.35,98888.0,101229.0,down,37.1,154861.0,100600.0,mixed,bear,-16467.0,153741.0,-17578.0,-64855.0,KOSPI,118100,62981,101229,1.0,복합기업,False,
030200,KT,0.9332,95653.68,263762.73,264312.04,282441.61,273810.72,280173.22,286366.28,16497.74,8094.71,24691.33,21200.5,22636.61,23675.89,6.86,-3.06,2.32,2.21,6.86,205.03,-14.14,6.77,4.59,205.03,4년치 존재,4,7.44,,7.26,118.71,260160.0,181517.0,down,34.7,58000.0,51100.0,down,bear,-26145.0,-97682.0,-347872.0,-441315.0,KOSPI,51100,128783,181517,0.7,다각화된통신서비스,False,
032640,LG유플러스,1.0,45084.03,143726.26,146251.98,154517.45,153950.39,158116.56,161366.44,9980.31,8631.3,8921.31,11498.33,12363.61,13190.67,5.65,-0.37,2.71,2.06,5.65,3.36,28.89,7.53,6.69,28.89,4년치 존재,4,11.72,,5.99,114.08,864623.0,576463.0,down,43.5,15590.0,14190.0,down,bear,-325659.0,-1794776.0,214251.0,1425419.0,KOSPI,14470,61415,576463,0.7,무선통신서비스,False,
006800,미래에셋증권,0.9644,,203566.32,222423.27,292830.28,612958.0,555412.67,581729.0,5210.37,11880.76,19151.04,46449.88,25735.69,27993.07,31.65,109.32,-9.39,4.74,109.32,61.19,142.54,-44.59,8.77,142.54,4년치 존재,4,10.55,,26.88,1103.73,957973.0,1094459.0,down,36.9,42200.0,30200.0,down,bull,-172007.0,422271.0,-8818.0,-1575135.0,KOSPI,30500,165621,1094459,1.1,증권,False,
036570,NC,0.9699,-14930.01,17798.33,15781.23,15069.25,28110.83,31969.67,34162.13,1372.84,-1092.15,160.78,5315.56,5826.5,6018.93,-4.51,86.54,13.73,6.86,86.54,114.72,3206.11,9.61,3.3,3206.11,4년치 존재,4,14.67,,18.68,30.23,121290.0,209191.0,up,58.3,255500.0,201500.0,mixed,bull,-190776.0,-91804.0,205463.0,32588.0,KOSPI,236000,50844,209191,1.7,게임엔터테인먼트,False,
009830,한화솔루션,0.9842,128985.87,130785.36,123940.24,133330.55,183131.25,196616.42,204317.42,5792.37,-3002.38,-3647.59,8904.67,12961.08,14545.33,7.58,37.35,7.36,3.92,37.35,-21.49,344.12,45.55,12.22,344.12,4년치 존재,4,,,-1.82,183.71,3197373.0,2094828.0,up,63.4,37250.0,22850.0,up,bull,1049352.0,833229.0,1503646.0,736485.0,KOSPI,36050,81074,2094828,0.7,에너지장비및서비스,False,
090430,아모레퍼시픽,0.9548,-8086.94,36739.64,38851.11,42528.2,47437.11,52147.37,56689.06,1081.71,2204.81,3358.27,4889.89,5715.0,6516.94,9.46,11.54,9.93,8.71,11.54,52.32,45.61,16.87,14.03,52.32,4년치 존재,4,34.32,,5.26,25.85,207492.0,242450.0,down,48.5,150600.0,116300.0,mixed,bear,-7108.0,-293055.0,6699.0,471512.0,KOSPI,138300,80895,242450,1.2,화장품,False,
006400,삼성SDI,0.8684,106775.0,214367.88,165922.49,132667.31,158676.47,196366.68,242839.0,15454.89,3633.04,-17223.61,4380.0,14987.68,26120.88,-20.04,19.6,23.75,23.67,23.75,-574.08,125.43,242.18,74.28,242.18,4년치 존재,4,,,0.17,77.45,345922.0,341875.0,down,56.9,577000.0,358500.0,mixed,bear,172637.0,164725.0,200397.0,-269069.0,KOSPI,557000,448861,341875,1.0,전기제품,False,
326030,SK바이오팜,1.0,-3330.46,3548.92,5475.96,7067.41,9783.44,11815.75,13789.27,-375.22,963.4,2039.38,3506.63,4671.69,6034.07,29.06,38.43,20.77,16.7,38.43,111.69,71.95,33.22,29.16,111.69,4년치 존재,4,22.09,,49.59,38.86,109084.0,68396.0,down,36.8,91600.0,74600.0,down,bear,-99378.0,-412974.0,10168.0,-71706.0,KOSPI,75300,58970,68396,0.6,제약,False,
161390,한국타이어앤테크놀로지,0.951,35329.27,89396.21,94119.48,212022.99,225544.12,237789.29,248351.13,13279.45,17622.6,18410.76,21900.94,24523.41,26250.6,125.27,6.38,5.43,4.44,125.27,4.47,18.96,11.97,7.04,18.96,4년치 존재,4,6.86,,10.02,84.72,255370.0,150448.0,down,44.8,76700.0,57300.0,down,bull,48683.0,-61485.0,-80648.0,-411754.0,KOSPI,60300,74697,150448,0.6,자동차부품,False,
035420,NAVER,0.9985,-37918.97,96706.44,107377.19,120350.07,137724.67,158229.38,185231.76,14888.2,19792.63,22081.38,21367.13,25491.75,30552.57,12.08,14.44,14.89,17.07,17.07,11.56,-3.23,19.3,19.85,19.85,4년치 존재,4,14.65,,7.23,43.91,632442.0,514678.0,down,32.0,229000.0,183200.0,down,bear,-537491.0,-809852.0,-437164.0,-2117288.0,KOSPI,188100,286090,514678,0.8,양방향미디어와서비스,False,
000990,DB하이텍,0.9967,-9156.2,11542.24,11311.68,13972.33,16400.0,18585.0,20130.0,2654.37,1908.39,2772.95,4165.0,5525.0,7010.0,23.52,17.37,13.32,8.31,23.52,45.3,50.2,32.65,26.88,50.2,4년치 존재,4,22.65,,15.88,29.37,765947.0,550343.0,down,59.2,141900.0,71200.0,up,bull,15877.0,-2722255.0,-299922.0,1808970.0,KOSPI,133300,57992,550343,0.7,반도체와반도체장비,False,
175330,JB금융지주,0.9758,,41938.1,46237.66,46305.45,,,,7999.78,9060.79,9523.14,10318.17,11083.58,11698.0,0.15,,,,0.15,5.1,8.35,7.42,5.54,8.35,4년치 존재,4,7.38,,12.37,,456611.0,259023.0,down,40.3,32950.0,24900.0,mixed,bear,-168244.0,-1649085.0,16683.0,1842328.0,KOSPI,28100,52413,259023,0.6,은행,False,
051900,LG생활건강,0.9669,-11373.38,68048.39,68119.19,63554.9,64511.93,67117.13,69735.79,4869.81,4590.46,1706.89,3749.4,4456.73,4892.93,-6.7,1.51,4.04,3.9,4.04,-62.82,119.66,18.87,9.79,119.66,4년치 존재,4,,,-1.34,25.05,64944.0,53504.0,down,36.7,333500.0,238000.0,mixed,bear,4207.0,-33460.0,-31149.0,48015.0,KOSPI,270500,40509,53504,0.8,화장품,False,
316140,우리금융지주,0.9649,,419862.61,466167.2,415483.95,,,,34990.29,42551.9,36748.08,43627.18,47357.94,50124.69,-10.87,,,,-10.87,-13.64,18.72,8.55,5.84,18.72,4년치 존재,4,7.88,,8.71,,3532728.0,1448165.0,down,41.7,36800.0,30050.0,mixed,bear,17163611.0,19566704.0,1148684.0,2008282.0,KOSPI,33400,246087,1448165,0.4,은행,False,
062040,산일전기,1.0,-2155.58,,3339.97,5019.46,6810.0,8815.2,11239.33,,1092.32,1786.34,2538.9,3388.1,4393.67,50.28,35.67,29.44,27.5,50.28,63.54,42.13,33.45,29.68,63.54,4년치 존재,4,47.12,,31.06,14.24,293178.0,417822.0,up,64.8,235500.0,120800.0,up,bull,-117947.0,33627.0,207431.0,42688.0,KOSPI,229000,70172,417822,1.4,전기장비,False,
005385,현대차우,0.912,1025242.74,1626635.79,1752311.53,1862544.72,1918166.48,2001787.6,2105818.81,151269.01,142395.92,114678.51,110821.68,126991.24,138052.62,6.29,2.99,4.36,5.2,6.29,-19.47,-3.36,14.59,8.71,14.59,4년치 존재,4,0.42,,7.0,191.33,58670.0,61738.0,up,38.2,211000.0,172100.0,down,bull,-70326.0,-172971.0,17843.0,8243.0,KOSPI,173800,39694,61738,1.1,자동차,False,
005490,POSCO홀딩스,0.8881,179179.05,771271.97,726881.43,690948.86,738450.28,767087.83,792488.82,35314.23,21735.73,18270.63,30644.22,37734.56,43550.35,-4.94,6.87,3.88,3.31,6.87,-15.94,67.72,23.14,15.41,67.72,4년치 존재,4,37.11,,2.4,70.99,204681.0,209023.0,down,41.6,342000.0,288500.0,mixed,bear,-175190.0,-308323.0,-35431.0,-49397.0,KOSPI,308000,244064,209023,1.0,철강,False,
052690,한전기술,0.9851,-830.03,5450.92,5694.94,5187.68,5770.4,7483.78,9257.56,285.62,709.37,354.53,628.7,959.56,1514.89,-8.91,11.23,29.69,23.7,29.69,-50.02,77.33,52.63,57.87,77.33,4년치 존재,4,56.14,,6.02,33.54,745437.0,331971.0,up,50.0,152000.0,79900.0,mixed,bear,-16502.0,-668825.0,43872.0,-184922.0,KOSPI,125400,47928,331971,0.4,전기유틸리티,False,
066970,엘앤에프,1.0,14382.17,46440.9,19074.79,21549.39,35365.21,43227.71,51946.64,-2222.97,-5586.85,-1568.5,1937.36,2345.0,3178.93,12.97,64.11,22.23,20.17,64.11,71.93,223.52,21.04,35.56,223.52,4년치 존재,4,,,-51.02,372.75,520865.0,428577.0,up,52.7,146700.0,65600.0,up,bull,12636.0,-139008.0,127844.0,-521732.0,KOSPI,117100,47644,428577,0.8,전기제품,False,
088980,맥쿼리인프라,,,,,,,,,,,,3460.0,3570.0,3700.0,,,,,,,,3.18,3.64,3.64,3년치 존재,3,,,,,684378.0,632179.0,up,45.0,10230.0,9430.0,down,bull,-919309.0,-4203677.0,800546.0,4831696.0,KOSPI,9780,46839,632179,0.9,운송인프라,False,
161890,한국콜마,0.786,10641.17,21556.76,24520.64,27224.19,32097.75,36315.66,40018.74,1361.43,1938.5,2395.95,3484.68,4169.62,4755.32,11.03,17.9,13.14,10.2,17.9,23.6,45.44,19.66,14.05,45.44,4년치 존재,4,27.19,,20.19,104.86,306195.0,512440.0,up,52.6,161700.0,93200.0,mixed,bear,-49547.0,63691.0,-96849.0,-29873.0,KOSPI,144100,34015,512440,1.7,화장품,False,
207940,삼성바이오로직스,1.0,-9473.01,36945.89,34971.46,45569.72,55056.64,63997.54,69310.18,11136.8,13213.66,20692.21,24184.57,28376.15,31333.36,30.31,20.82,16.24,8.3,30.31,56.6,16.88,17.33,10.42,56.6,4년치 존재,4,33.15,,19.88,51.31,40959.0,62482.0,down,29.4,1596614.0,1278000.0,down,bear,-75880.0,-36656.0,-8481.0,-87008.0,KOSPI,1278000,591598,62482,1.5,제약,False,
001440,대한전선,0.9715,5639.37,28439.8,32912.99,36360.18,43973.86,46610.57,52846.71,798.24,1151.7,1286.13,2293.14,2609.14,3375.71,10.47,20.94,6.0,13.38,20.94,11.67,78.3,13.78,29.38,78.3,4년치 존재,4,69.23,,-0.92,109.58,2884834.0,3965040.0,up,49.8,31900.0,20800.0,up,bull,-1810919.0,-4667924.0,-68783.0,-629186.0,KOSPI,29750,58308,3965040,1.4,전기장비,False,
028670,팬오션,1.0,41405.81,43609.82,51612.18,54328.88,70145.79,70455.29,71883.29,3858.54,4711.8,4919.48,6875.5,7015.14,7126.21,5.26,29.11,0.44,2.03,29.11,4.41,39.76,2.03,1.58,39.76,4년치 존재,4,11.0,,5.82,103.08,2831894.0,4342261.0,up,59.1,6380.0,4935.0,up,bull,843549.0,-731356.0,1657318.0,2499720.0,KOSPI,6200,33143,4342261,1.5,해운사,False,
103590,일진전기,0.9999,-439.49,12467.32,15772.47,20445.52,23688.5,24906.25,26184.75,607.57,797.42,1512.27,2552.5,2761.0,3066.5,29.63,15.86,5.14,5.13,29.63,89.65,68.79,8.17,11.06,89.65,4년치 존재,4,39.93,,23.7,161.09,417948.0,702844.0,up,70.9,88000.0,45650.0,up,bull,-341614.0,-889806.0,339690.0,987406.0,KOSPI,87000,41486,702844,1.7,전기장비,False,
377300,카카오페이,0.8745,-44393.61,6153.63,7662.35,9583.71,12931.5,15015.17,17974.17,-565.9,-574.86,503.67,1700.5,2023.67,2468.67,25.08,34.93,16.11,19.71,34.93,187.62,237.62,19.0,21.99,237.62,4년치 존재,4,117.99,,4.56,236.54,237545.0,123426.0,up,37.2,48450.0,37450.0,down,bear,-34760.0,-335664.0,-32949.0,-376485.0,KOSPI,39450,53376,123426,0.5,IT서비스,False,
012750,에스원,0.9999,-1579.0,26208.11,28047.39,28894.12,29506.25,31310.75,32895.0,2126.09,2092.47,2345.66,2060.75,2536.75,2694.0,3.02,2.12,6.12,5.06,6.12,12.1,-12.15,23.1,6.2,23.1,4년치 존재,4,17.79,,9.04,38.8,65332.0,47425.0,up,55.6,85500.0,70100.0,up,bear,-8095.0,-99059.0,14828.0,97455.0,KOSPI,83600,31767,47425,0.7,상업서비스와공급품,False,
002380,KCC,1.0,42230.96,62884.43,66587.62,64838.19,68851.33,71830.0,74338.5,3125.3,4711.18,4276.15,4585.0,5192.17,5566.0,-2.63,6.19,4.33,3.49,6.19,-9.23,7.22,13.24,7.2,13.24,4년치 존재,4,2.61,,40.44,91.73,21556.0,12569.0,up,47.7,503000.0,352500.0,mixed,bear,6908.0,39891.0,-6814.0,-31359.0,KOSPI,467500,40172,12569,0.6,건축자재,False,
085620,미래에셋생명,1.0,,50534.19,47961.45,51884.29,,,,1487.26,1221.3,1945.12,2065.0,2393.0,2472.0,8.18,,,,8.18,59.27,6.16,15.88,3.3,59.27,4년치 존재,4,23.41,,5.17,,130850.0,619843.0,up,62.9,29150.0,14130.0,up,bull,106647.0,41744.0,11234.0,60850.0,KOSPI,22650,30618,619843,4.7,생명보험,False,
071050,한국금융지주,0.9883,,208933.71,183392.67,194661.43,461800.0,466500.0,468930.0,8204.05,11997.24,23453.29,39419.31,31638.06,32889.2,6.14,137.23,1.02,0.52,137.23,95.49,68.08,-19.74,3.95,95.49,4년치 존재,4,4.8,,24.44,,153470.0,137869.0,down,33.1,239000.0,174000.0,down,bear,79711.0,286397.0,-76427.0,-232144.0,KOSPI,174000,96963,137869,0.9,증권,False,
029780,삼성카드,1.0,,40042.23,43832.09,43828.54,47140.0,47733.33,49516.67,8100.07,8854.21,8536.95,7986.67,8145.0,8540.0,-0.01,7.56,1.26,3.74,7.56,-3.58,-6.45,1.98,4.85,4.85,4년치 존재,4,7.49,,7.12,,87434.0,65945.0,down,27.9,51700.0,41750.0,down,bear,-25704.0,-171990.0,-34145.0,-202238.0,KOSPI,41750,48371,65945,0.8,카드,False,
302440,SK바이오사이언스,1.0,-2892.36,3695.06,2675.45,6513.68,7095.0,7788.33,8352.0,-119.88,-1384.31,-1235.02,-1196.0,-620.33,-190.0,143.46,8.92,9.77,7.24,143.46,10.78,3.16,48.13,69.37,69.37,4년치 존재,4,,,-4.79,48.58,62783.0,82432.0,up,57.4,38950.0,32500.0,up,bull,39093.0,42260.0,-21096.0,-78392.0,KOSPI,37750,29617,82432,1.3,제약,False,
004020,현대제철,0.8904,81868.27,259147.6,232261.41,227332.37,239190.21,249275.0,254537.56,7983.25,1594.92,2192.35,3417.32,6745.32,7800.22,-2.12,5.22,4.22,2.11,5.22,37.46,55.87,97.39,15.64,97.39,4년치 존재,4,,,-0.09,75.6,797450.0,863835.0,down,36.4,35850.0,24500.0,mixed,bear,213915.0,-2036504.0,-978649.0,-620886.0,KOSPI,28350,37832,863835,1.1,철강,False,
138930,BNK금융지주,0.9675,,96642.36,100313.7,101525.1,,,,8011.74,8759.2,9026.81,9960.14,11080.86,11785.38,1.21,,,,1.21,3.06,10.34,11.25,6.36,11.25,4년치 존재,4,5.8,,6.98,,1010306.0,866086.0,down,43.9,18330.0,14300.0,down,bear_cross,-359241.0,-2043352.0,-41643.0,2354237.0,KOSPI,15400,47253,866086,0.9,은행,False,
064350,현대로템,0.9964,-24542.29,35873.82,43765.98,58390.32,67977.61,77175.0,88291.47,2100.47,4565.66,10056.41,10510.22,12800.39,15744.65,33.41,16.42,13.53,14.4,33.41,120.26,4.51,21.79,23.0,120.26,4년치 존재,4,15.3,,26.45,169.14,336271.0,343742.0,down,29.6,178900.0,107900.0,down,bear_cross,-71602.0,-340739.0,-227378.0,-577817.0,KOSPI,107900,117765,343742,1.0,우주항공과국방,False,
088350,한화생명,0.7668,,227823.99,245851.7,274363.51,,,,10570.44,10969.65,11472.5,17329.5,17680.0,18712.0,11.6,,,,11.6,4.58,51.05,2.02,5.84,51.05,4년치 존재,4,7.2,,8.78,,3004095.0,1649470.0,down,43.1,6110.0,4070.0,mixed,bear,-1568182.0,-959311.0,-148165.0,875411.0,KOSPI,5320,46206,1649470,0.5,생명보험,False,
008930,한미사이언스,1.0,856.68,12479.06,12834.32,13569.58,14791.0,,,1244.69,988.68,1387.27,1783.0,,,5.73,9.0,,,9.0,40.32,28.53,,,40.32,2년치 존재,2,38.25,,15.6,44.44,271292.0,702637.0,up,76.9,66200.0,32050.0,up,bull,74188.0,22523.0,62651.0,505497.0,KOSPI,66200,45275,702637,2.6,제약,False,
180640,한진칼,0.9738,823.32,2757.27,2921.57,2983.62,,,,428.43,491.93,-75.24,,,,2.12,,,,2.12,-115.29,,,,-115.29,1년치 존재,1,56.89,,-0.91,19.5,76296.0,31496.0,down,46.5,148900.0,101500.0,mixed,bear,19918.0,-3499.0,-18955.0,-9219.0,KOSPI,132100,88193,31496,0.4,항공사,False,
267250,HD현대,0.3631,7714.96,613313.03,677656.26,712594.38,850121.67,897564.0,956006.67,20315.64,29831.63,60996.36,132498.83,125525.5,135032.67,5.16,19.3,5.58,6.51,19.3,104.47,117.22,-5.26,7.57,117.22,4년치 존재,4,15.47,,25.2,160.15,166924.0,212050.0,down,31.8,255000.0,187700.0,mixed,bear,-49296.0,-266847.0,-106169.0,-28720.0,KOSPI,188500,148902,212050,1.3,조선,False,
005387,현대차2우B,0.912,1025242.74,1626635.79,1752311.53,1862544.72,1918166.48,2001787.6,2105818.81,151269.01,142395.92,114678.51,110821.68,126991.24,138052.62,6.29,2.99,4.36,5.2,6.29,-19.47,-3.36,14.59,8.71,14.59,4년치 존재,4,0.63,,7.0,191.33,110291.0,97051.0,up,39.8,213000.0,172200.0,down,bull,-132703.0,-330478.0,55599.0,71356.0,KOSPI,174900,59916,97051,0.9,자동차,False,
271560,오리온,0.9838,-12166.55,29123.58,31043.39,33324.43,37678.14,40180.64,42183.5,4923.91,5435.88,5582.58,6386.29,6984.79,7427.0,7.35,13.06,6.64,4.98,13.06,2.7,14.4,9.37,6.33,14.4,4년치 존재,4,10.96,,11.09,18.94,104585.0,68450.0,down,27.8,137600.0,105700.0,down,bear,8430.0,6084.0,-78448.0,-229492.0,KOSPI,106100,41940,68450,0.7,식품,False,
267270,HD건설기계,1.0,9841.04,38249.67,34380.62,37765.24,95467.33,105690.0,114089.0,2572.28,1904.22,1708.83,7932.83,9500.67,11644.0,9.84,152.79,10.71,7.95,152.79,-10.26,364.23,19.76,22.56,364.23,4년치 존재,4,54.34,,12.72,91.02,258390.0,473625.0,down,32.3,143800.0,113700.0,mixed,bear,5130.0,-343342.0,-552737.0,-491554.0,KOSPI,113700,54005,473625,1.8,기계,False,
011790,SKC,0.8883,22288.37,14934.75,17179.24,18400.36,24877.0,29587.5,34605.0,-2137.28,-2757.59,-3050.25,-688.0,762.5,2495.0,7.11,35.2,18.94,16.96,35.2,-10.61,77.44,210.83,227.21,227.21,4년치 존재,4,,,-48.9,156.69,224718.0,255399.0,up,69.8,112400.0,64200.0,up,bull,-153838.0,-407564.0,464191.0,596631.0,KOSPI,108100,53616,255399,1.1,화학,False,
375500,DL이앤씨,0.997,-10892.93,79910.64,83184.42,74024.25,70489.0,71734.0,77101.61,3306.59,2709.45,3869.53,5724.85,5789.35,6501.39,-11.01,-4.78,1.77,7.48,7.48,42.82,47.95,1.13,12.3,47.95,4년치 존재,4,7.53,,11.86,86.43,425790.0,191337.0,down,37.8,88500.0,52400.0,mixed,bear,11311.0,-162927.0,-122403.0,532151.0,KOSPI,72000,27859,191337,0.4,건설,False,
353200,대덕전자,0.999,-2162.12,9096.51,8921.36,10652.95,16087.69,20118.46,23433.0,237.32,112.59,490.61,2787.0,4158.15,5165.38,19.41,51.02,25.05,16.48,51.02,335.75,468.07,49.2,24.22,468.07,4년치 존재,4,155.5,,16.64,40.02,1073022.0,865457.0,up,70.7,158100.0,74500.0,up,bull,-486281.0,-9437.0,644516.0,439959.0,KOSPI,149800,74027,865457,0.8,전자장비와기기,False,
450080,에코프로머티,,6767.06,9525.23,2998.46,3925.06,,,,87.73,-647.2,-653.69,,,,30.9,,,,30.9,-1.0,,,,-1.0,1년치 존재,1,,,7.19,67.75,289951.0,345809.0,up,55.4,40150.0,28600.0,up,bull,291553.0,-4419.0,-152189.0,-197939.0,KOSPI,38100,26980,345809,1.2,전기제품,False,
010120,LS ELECTRIC,1.0,8044.96,42304.83,45518.37,49657.99,65469.0,80126.44,94565.41,3248.78,3897.17,4264.07,7216.28,10381.06,13649.94,9.09,31.84,22.39,18.02,31.84,9.41,69.23,43.86,31.49,69.23,4년치 존재,4,107.28,,19.3,172.12,403077.0,865767.0,down,49.7,223500.0,150300.0,up,bull,-1668.0,768288.0,7616.0,-111909.0,KOSPI,205000,307500,865767,2.1,전기장비,False,
128940,한미약품,0.9156,90.87,14908.87,14955.02,15475.31,17596.72,17945.44,19011.12,2206.91,2161.86,2577.99,3664.94,3151.89,3115.76,3.48,13.71,1.98,5.94,13.71,19.25,42.16,-14.0,-1.15,42.16,4년치 존재,4,40.35,,17.14,46.86,106836.0,191955.0,up,64.7,540000.0,311500.0,up,bull_cross,-16219.0,-156123.0,-450.0,266104.0,KOSPI,534000,68411,191955,1.8,제약,False,
011170,롯데케미칼,0.7973,77206.58,199463.97,198948.1,184830.05,208145.45,190391.09,193295.45,-3477.02,-9145.35,-9431.16,-791.36,643.0,3616.64,-7.1,12.61,-8.53,1.53,12.61,-3.13,91.61,181.25,462.46,462.46,4년치 존재,4,,,-8.79,76.76,190203.0,95347.0,down,47.2,67800.0,53700.0,mixed,bear,17767.0,-634123.0,-45386.0,766661.0,KOSPI,60400,25836,95347,0.5,화학,False,
001040,CJ,0.4674,168752.98,413526.88,436466.56,450188.29,473012.0,490691.67,513980.0,20390.58,25322.52,25277.38,24559.7,27443.33,30620.43,3.14,5.07,3.74,4.75,5.07,-0.18,-2.84,11.74,11.58,11.74,4년치 존재,4,26.63,,0.89,176.14,103596.0,67395.0,up,48.7,145900.0,121300.0,mixed,bull,-10391.0,141621.0,9656.0,-65537.0,KOSPI,130800,38164,67395,0.7,복합기업,False,
004800,효성,0.8386,13984.24,18472.07,22727.56,24317.09,26120.0,26903.33,29156.67,576.58,2211.33,3930.21,5440.0,5300.0,5786.67,6.99,7.41,3.0,8.38,8.38,77.73,38.41,-2.57,9.18,77.73,4년치 존재,4,7.72,,18.82,81.72,20144.0,27892.0,down,40.9,172500.0,122400.0,mixed,bear,-2291.0,7658.0,-1687.0,-5812.0,KOSPI,152100,25462,27892,1.4,복합기업,False,
082740,한화엔진,1.0,-1676.54,,12022.05,13710.57,15676.56,22241.56,25323.0,,715.32,1300.66,2258.89,3845.33,4780.33,14.05,14.34,41.88,13.85,41.88,81.83,73.67,70.23,24.32,81.83,4년치 존재,4,21.76,,36.6,234.09,785197.0,479483.0,down,42.5,53800.0,38000.0,mixed,bear,8762.0,-1075884.0,192105.0,1043583.0,KOSPI,45300,37802,479483,0.6,조선,False,
251270,넷마블,0.9741,1205.57,25020.56,26637.83,28350.74,29123.06,29720.39,30928.53,-684.68,2156.27,3524.78,3228.61,3695.94,3980.47,6.43,2.72,2.05,4.07,6.43,63.47,-8.4,14.47,7.7,63.47,4년치 존재,4,12.73,,6.97,35.79,691642.0,150710.0,up,41.9,40900.0,34250.0,down,bull,102241.0,-11089037.0,-88244.0,-205071.0,KOSPI,34450,28648,150710,0.2,게임엔터테인먼트,False,
014680,한솔케미칼,0.9689,948.65,7716.55,7763.57,8839.69,9864.83,11340.17,13477.8,1241.44,1288.25,1562.33,1805.17,2276.33,2956.0,13.86,11.6,14.96,18.85,18.85,21.28,15.54,26.1,29.86,29.86,4년치 존재,4,19.38,,14.52,38.39,54890.0,27333.0,up,68.7,277500.0,186800.0,up,bull,-107897.0,-182619.0,153379.0,303988.0,KOSPI,264500,28550,27333,0.5,화학,False,
007340,DN오토모티브,0.8907,15626.15,32692.43,34345.42,36757.04,45957.0,48911.0,52148.5,4903.9,5229.17,5279.08,6949.5,7449.0,8137.0,7.02,25.03,6.43,6.62,25.03,0.95,31.64,7.19,9.24,31.64,4년치 존재,4,10.13,,18.47,122.31,119055.0,96453.0,up,52.6,62800.0,34100.0,up,bull,77841.0,-150022.0,-35923.0,269186.0,KOSPI,48750,28524,96453,0.8,자동차부품,False,
139130,iM금융지주,0.9705,,82640.53,80504.91,80409.68,,,,5342.55,2634.33,5832.41,6249.08,6856.23,7250.25,-0.12,,,,-0.12,121.4,7.14,9.72,5.75,121.4,4년치 존재,4,6.43,,6.91,,389889.0,419152.0,down,46.7,19050.0,15720.0,up,bear_cross,-563948.0,-791242.0,488361.0,972504.0,KOSPI,18010,28521,419152,1.1,은행,False,
192820,코스맥스,0.9659,7500.21,17774.94,21660.9,23987.58,30375.32,35643.0,40349.22,1156.86,1753.95,1957.92,2660.63,3311.21,3892.17,10.74,26.63,17.34,13.2,26.63,11.63,35.89,24.45,17.55,35.89,4년치 존재,4,28.64,,34.01,276.14,106439.0,203211.0,up,70.5,310500.0,169200.0,up,bull_cross,-112308.0,-180762.0,128263.0,223431.0,KOSPI,310500,35240,203211,1.9,화장품,False,
017800,현대엘리베이터,1.0,3217.22,26020.99,28852.97,24673.78,26300.0,29100.0,31900.0,826.2,2257.38,2092.22,2140.0,2190.0,2300.0,-14.48,6.59,10.65,9.62,10.65,-7.32,2.28,2.34,5.02,5.02,4년치 존재,4,10.76,,32.43,191.18,77043.0,70639.0,down,41.6,75700.0,65000.0,mixed,bear,-37887.0,-193178.0,-41934.0,71848.0,KOSPI,72100,28186,70639,0.9,기계,False,
012450,한화에어로스페이스,0.6462,67515.16,78896.87,112401.21,267029.01,323795.48,346070.38,371408.67,5943.06,17318.79,30893.2,46483.14,57108.33,63686.71,137.57,21.26,6.88,7.32,137.57,78.38,50.46,22.86,11.52,78.38,4년치 존재,4,35.93,,22.95,190.27,132617.0,168907.0,down,40.0,1185000.0,810000.0,mixed,bear,-132833.0,-190017.0,8991.0,-5078.0,KOSPI,979000,504806,168907,1.3,우주항공과국방,False,
000100,유한양행,1.0,-959.87,18589.84,20677.91,21866.38,23471.94,25614.69,28602.69,570.32,548.8,1043.74,1289.25,2028.44,3026.56,5.75,7.34,9.13,11.67,11.67,90.19,23.52,57.33,49.21,90.19,4년치 존재,4,28.52,,10.45,34.77,199185.0,168036.0,down,44.5,86700.0,66700.0,down,bear,66175.0,-91542.0,-67727.0,-230059.0,KOSPI,75200,55359,168036,0.8,제약,False,
006360,GS건설,0.8669,40469.93,134366.85,128638.11,124503.47,109494.23,118716.82,127575.58,-3879.45,2859.54,4378.09,4101.0,5939.5,6942.16,-3.21,-12.06,8.42,7.46,8.42,53.1,-6.33,44.83,16.88,53.1,4년치 존재,4,30.02,,2.8,229.04,1556168.0,699214.0,down,42.3,38500.0,22200.0,mixed,bear,650253.0,478768.0,-991471.0,314121.0,KOSPI,32800,28071,699214,0.4,건설,False,
023530,롯데쇼핑,0.9286,119784.62,145558.64,139865.78,137383.55,143131.77,147360.0,151106.58,5084.05,4731.14,5470.37,7938.38,8639.31,9370.08,-1.77,4.18,2.95,2.54,4.18,15.62,45.12,8.83,8.46,45.12,4년치 존재,4,54.21,,1.19,124.87,147128.0,173778.0,down,36.6,158400.0,96200.0,down,bear,125826.0,-402741.0,-91661.0,-43848.0,KOSPI,98800,27949,173778,1.2,백화점과일반상점,False,
001450,현대해상,0.9812,,159150.82,173244.74,181103.79,,,,7434.83,12440.7,12609.94,15420.0,14900.0,15400.0,4.54,,,,4.54,1.36,22.28,-3.37,3.36,22.28,4년치 존재,4,4.02,,21.03,,405305.0,288204.0,down,49.6,53500.0,36050.0,mixed,bear,197361.0,895591.0,-161924.0,-494464.0,KOSPI,48050,40962,288204,0.7,손해보험,True,2026-08-27
097950,CJ제일제당,0.7533,115284.69,290234.73,272397.48,273425.89,293145.62,305359.46,317622.8,12915.82,14520.68,12336.05,11971.85,13931.08,15212.6,0.38,7.21,4.17,4.02,7.21,-15.04,-2.95,16.37,9.2,16.37,4년치 존재,4,,,-9.07,160.4,47936.0,65837.0,up,52.1,205500.0,174500.0,mixed,bull,10039.0,-85097.0,19956.0,-35227.0,KOSPI,181700,27353,65837,1.4,식품,False,
017670,SK텔레콤,1.0,82031.19,176085.11,179406.09,170992.13,176576.11,180299.47,186108.16,17532.04,18234.09,10732.15,19652.58,20835.95,22293.79,-4.69,3.27,2.11,3.22,3.27,-41.14,83.12,6.02,7.0,83.12,4년치 존재,4,45.7,,5.48,109.29,677497.0,258353.0,down,43.0,102300.0,78200.0,down,bull,298025.0,1140903.0,-152169.0,-963561.0,KOSPI,86900,186653,258353,0.4,무선통신서비스,False,
005440,현대지에프홀딩스,0.7583,-3765.19,26294.93,74092.77,80916.05,84555.6,88053.0,91923.2,-110.34,1981.0,2740.74,3437.4,3793.2,4139.2,9.21,4.5,4.14,4.4,9.21,38.35,25.42,10.35,9.12,38.35,4년치 존재,4,5.46,,7.81,44.92,346560.0,352568.0,down,43.8,14000.0,11180.0,mixed,bear,-799137.0,-2035343.0,29913.0,272021.0,KOSPI,12270,22503,352568,1.0,복합기업,False,
279570,케이뱅크,,,9465.48,12285.01,13348.3,,,,164.64,1329.67,1170.85,1164.0,1986.0,2838.0,8.66,,,,8.66,-11.94,-0.59,70.62,42.9,70.62,4년치 존재,4,,,3.83,,573034.0,237155.0,down,43.6,6390.0,5300.0,down,bull,134953.0,-745283.0,-133107.0,201390.0,KOSPI,5420,21989,237155,0.4,은행,False,
204320,HL만도,0.8888,13563.97,83930.87,88481.82,94548.13,98430.95,104356.5,109809.0,2792.77,3587.61,3571.21,4105.23,4713.95,5338.44,6.86,4.11,6.02,5.22,6.86,-0.46,14.95,14.83,13.25,14.95,4년치 존재,4,21.36,,6.46,142.58,252502.0,334481.0,down,40.6,57100.0,39100.0,down,bear_cross,75359.0,268388.0,-236444.0,-372449.0,KOSPI,45500,21365,334481,1.3,자동차부품,False,
079550,LIG디펜스앤에어로스페이스,1.0,16723.11,23085.71,32763.4,43069.36,51292.82,60901.53,71420.12,1863.78,2233.89,3194.42,4492.76,6244.88,8367.88,31.46,19.09,18.73,17.27,31.46,43.0,40.64,39.0,34.0,43.0,4년치 존재,4,57.66,,19.48,434.05,87867.0,180171.0,down,43.6,837000.0,620000.0,mixed,bull,-122895.0,-105561.0,46265.0,65116.0,KOSPI,664000,146080,180171,2.1,우주항공과국방,False,
018670,SK가스,0.8347,26026.17,69922.57,70959.02,76763.19,100881.25,94949.25,97460.25,3035.95,2871.77,4428.31,4569.5,5129.75,5222.75,8.18,31.42,-5.88,2.64,31.42,54.2,3.19,12.26,1.81,54.2,4년치 존재,4,10.66,,9.69,147.95,10929.0,31055.0,up,72.0,270500.0,198000.0,up,bull,10067.0,-1129.0,14250.0,32125.0,KOSPI,270500,25073,31055,2.8,가스유틸리티,False,
489790,한화비전,1.0,1530.85,,4933.22,17909.22,20334.0,23415.0,25948.67,,54.66,1622.67,2034.0,2967.33,3731.0,263.03,13.54,15.15,10.82,263.03,2868.66,25.35,45.89,25.74,2868.66,4년치 존재,4,54.32,,5.4,108.88,175473.0,123637.0,up,50.3,54700.0,33350.0,up,bull,-37718.0,130323.0,-65792.0,-350814.0,KOSPI,49050,24765,123637,0.7,통신장비,False,
454910,두산로보틱스,,-1686.94,530.38,468.3,329.78,,,,-191.68,-412.02,-594.72,,,,-29.58,,,,-29.58,-44.34,,,,-44.34,1년치 존재,1,,,-14.57,34.21,292391.0,333575.0,up,50.7,79200.0,55400.0,up,bull,167770.0,102427.0,-3657.0,-5493.0,KOSPI,71400,46281,333575,1.1,기계,False,
112610,씨에스윈드,0.9777,7948.04,15201.62,30725.29,29316.49,28367.64,32404.55,33191.63,1041.96,2554.82,3203.23,3035.36,3365.27,2642.75,-4.59,-3.24,14.23,2.43,14.23,25.38,-5.24,10.87,-21.47,25.38,4년치 존재,4,69.15,,0.35,161.71,377694.0,260590.0,up,66.1,57800.0,35050.0,up,bull,-154727.0,-520330.0,618584.0,1525005.0,KOSPI,56900,23996,260590,0.7,에너지장비및서비스,False,
457190,이수스페셜티케미컬,1.0,1556.56,,3320.7,4114.7,4273.0,4380.0,4818.0,,142.06,16.15,267.0,312.0,525.0,23.91,3.85,2.5,10.0,23.91,-88.63,1553.25,16.85,68.27,1553.25,4년치 존재,4,3116.1,,0.6,175.79,216142.0,227901.0,up,65.8,84000.0,47400.0,up,bull,-82826.0,-123404.0,44244.0,-80159.0,KOSPI,79400,23994,227901,1.1,화학,False,
139480,이마트,0.8221,114500.08,294722.48,290208.97,289703.88,291221.5,303260.5,309373.7,-469.35,470.98,3225.41,4109.58,5673.67,6108.5,-0.17,0.52,4.13,2.02,4.13,584.83,27.41,38.06,7.66,584.83,4년치 존재,4,14.41,,0.18,133.72,87653.0,66690.0,down,37.4,83400.0,71000.0,down,bear_cross,-32711.0,-256408.0,-7170.0,94443.0,KOSPI,71100,19621,66690,0.8,백화점과일반상점,False,
020150,롯데에너지머티리얼즈,0.8299,-375.89,8090.06,9022.52,6775.31,9066.57,13238.43,17299.67,118.05,-644.45,-1452.26,-529.57,309.43,1176.67,-24.91,33.82,46.01,30.68,46.01,-125.35,63.53,158.43,280.27,280.27,4년치 존재,4,,,-4.85,31.54,339651.0,330231.0,up,71.9,54400.0,24200.0,up,bull,-212245.0,-288804.0,743228.0,985038.0,KOSPI,53300,27911,330231,1.0,전자장비와기기,False,
034220,LG디스플레이,0.9407,119989.1,213308.19,266153.47,258100.82,249051.29,254033.43,262136.43,-25101.64,-5605.96,5169.77,7900.86,12451.86,15052.43,-3.03,-3.51,2.0,3.19,3.19,192.22,52.83,57.6,20.88,192.22,4년치 존재,4,18.25,,-21.15,259.5,2897032.0,2807479.0,down,33.5,11010.0,8260.0,down,bull,-661942.0,-8525712.0,-610576.0,-1450903.0,KOSPI,8260,41300,2807479,1.0,디스플레이패널,False,
005850,에스엘,0.9728,-7022.77,48388.47,49732.74,52399.39,55715.75,60058.38,63304.0,3861.86,3951.64,4070.99,4454.38,4863.0,5542.14,5.36,6.33,7.79,5.4,7.79,3.02,9.42,9.17,13.97,13.97,4년치 존재,4,7.56,,15.02,56.89,65528.0,35013.0,down,46.3,61600.0,48550.0,mixed,bull,29522.0,24021.0,4176.0,-37506.0,KOSPI,50600,23503,35013,0.5,자동차부품,False,
111770,영원무역,1.0,-7396.17,36043.77,35178.37,40635.84,45001.57,46813.86,49681.83,6371.46,3155.81,5144.39,6369.0,7059.14,7903.5,15.51,10.74,4.03,6.13,15.51,63.01,23.8,10.84,11.96,63.01,4년치 존재,4,6.33,,14.56,37.26,56906.0,69903.0,down,41.4,95000.0,67300.0,down,bull,-26728.0,-39836.0,-7117.0,-48780.0,KOSPI,70300,31151,69903,1.2,"섬유,의류,신발,호화품",False,
000155,두산우,0.5324,54570.67,191301.3,181328.74,197841.38,218669.42,252464.36,289670.67,14362.62,10037.59,10627.15,18054.5,25309.18,32375.67,9.11,10.53,15.45,14.74,15.45,5.87,69.89,40.18,27.92,69.89,4년치 존재,4,24.15,,17.75,161.3,10241.0,6795.0,down,51.0,492000.0,365000.0,up,bear_cross,-490.0,4655.0,1092.0,9164.0,KOSPI,458000,18304,6795,0.7,복합기업,False,
089860,롯데렌탈,1.0,44991.09,27522.92,27923.95,29187.52,30496.6,32314.5,34097.4,3051.92,2848.12,3125.03,3505.9,3833.0,4151.2,4.53,4.49,5.96,5.52,5.96,9.72,12.19,9.33,8.3,12.19,4년치 존재,4,14.54,,7.73,412.63,74924.0,59902.0,up,66.6,51400.0,32250.0,up,bear,37725.0,-25864.0,-34494.0,50586.0,KOSPI,51100,18554,59902,0.8,도로와철도운송,False,
483650,달바글로벌,0.9996,-1973.9,2008.02,3090.63,5197.35,7572.95,9806.42,11961.44,324.46,598.45,1014.69,1659.79,2216.58,2773.11,68.16,45.71,29.49,21.98,68.16,69.55,63.58,33.55,25.11,69.55,4년치 존재,4,28.97,,49.41,35.0,146315.0,128530.0,down,44.2,265000.0,159300.0,mixed,bull,55680.0,208418.0,-76930.0,-362011.0,KOSPI,182800,22900,128530,0.9,화장품,False,
009970,영원무역홀딩스,0.6063,-15021.19,43554.78,43060.38,48950.1,,,,8725.82,5170.45,7354.75,,,,13.68,,,,13.68,42.25,,,,42.25,1년치 존재,1,5.95,,14.5,29.63,9420.0,14980.0,down,49.6,206500.0,162000.0,down,bull,-3460.0,-11439.0,3557.0,9407.0,KOSPI,168900,21879,14980,1.6,"섬유,의류,신발,호화품",False,
004170,신세계,0.8302,39443.1,63570.89,65704.13,69294.99,73047.47,76126.29,79623.44,6397.81,4770.24,4799.62,7885.47,8691.29,9381.06,5.47,5.42,4.21,4.59,5.47,0.62,64.29,10.22,7.94,64.29,4년치 존재,4,215.51,,3.45,121.19,71368.0,70277.0,down,25.7,629000.0,318000.0,down,bear,48206.0,191645.0,-80340.0,-276265.0,KOSPI,318000,30036,70277,1.0,백화점과일반상점,False,
031210,서울보증보험,0.9999,,26102.39,27513.3,27587.2,,,,5241.0,2796.63,3757.02,,,,0.27,,,,0.27,34.34,,,,34.34,1년치 존재,1,11.14,,6.02,,42309.0,39518.0,down,50.7,44900.0,41250.0,down,bull_cross,-39828.0,-93895.0,2474.0,-68988.0,KOSPI,42800,29884,39518,0.9,손해보험,False,
000500,가온전선,1.0,4290.98,14986.07,17271.04,25456.98,33428.25,42643.67,50523.33,437.2,450.12,791.92,1449.5,2706.33,3940.0,47.4,31.31,27.57,18.48,47.4,75.94,83.04,86.71,45.58,86.71,4년치 존재,4,177.86,,13.13,213.29,323168.0,498458.0,down,60.9,331000.0,107600.0,up,bear_cross,-91727.0,258310.0,33582.0,125338.0,KOSPI,307000,91417,498458,1.5,전기장비,False,
336260,두산퓨얼셀,0.9963,5482.62,2608.86,4117.84,4547.95,5009.67,8336.17,9972.4,16.42,-17.29,-1056.73,-743.0,443.33,751.2,10.45,10.15,66.4,19.63,66.4,-6011.8,29.69,159.67,69.44,159.67,4년치 존재,4,,,-48.11,345.88,1015845.0,472951.0,down,48.4,53900.0,18900.0,mixed,bear,33100.0,510878.0,-11450.0,-1197409.0,KOSPI,45200,29603,472951,0.5,에너지장비및서비스,False,
011780,금호석유화학,0.9999,-853.11,63225.28,71550.04,69151.45,79878.08,78592.85,78517.08,3589.62,2728.04,2718.29,5428.62,4384.15,4698.77,-3.35,15.51,-1.61,-0.1,15.51,-0.36,99.71,-19.24,7.18,99.71,4년치 존재,4,10.0,,7.85,34.4,65219.0,57169.0,down,40.1,133100.0,110000.0,down,bear,12927.0,44262.0,-27782.0,-158952.0,KOSPI,115600,29082,57169,0.9,화학,False,
020560,아시아나항공,0.631,60195.1,76233.48,83185.67,72668.5,,,,6199.29,2756.9,-3451.9,,,,-12.64,,,,-12.64,-225.21,,,,-225.21,1년치 존재,1,,,-181.52,5496.47,133411.0,73467.0,up,58.4,8490.0,6670.0,up,bear_cross,-18503.0,302342.0,145621.0,884142.0,KOSPI,8230,16953,73467,0.6,항공사,False,
010060,OCI홀딩스,0.8007,9586.85,26496.92,35773.83,33800.6,40987.29,45476.86,50174.86,5312.17,1015.28,-576.27,3453.57,5525.43,6516.0,-5.52,21.26,10.95,10.33,21.26,-156.76,699.3,59.99,17.93,699.3,4년치 존재,4,,,0.95,71.37,265886.0,165142.0,up,54.7,290000.0,170100.0,mixed,bull,-123747.0,-136452.0,199114.0,-153450.0,KOSPI,237500,44342,165142,0.6,화학,False,
002790,아모레퍼시픽홀딩스,0.4246,-16403.41,40213.43,42598.87,46231.75,,,,1520.01,2492.78,3680.0,,,,8.53,,,,8.53,47.63,,,,47.63,1년치 존재,1,16.15,,4.01,21.02,115346.0,136353.0,down,51.1,28000.0,23500.0,mixed,bear,69239.0,127954.0,-78478.0,-4397.0,KOSPI,26200,20032,136353,1.2,화장품,False,
036460,한국가스공사,0.9964,330240.39,445559.95,383887.4,357273.36,371722.9,387206.1,379038.67,15534.19,30033.63,21011.51,25379.5,24033.5,24626.0,-6.93,4.04,4.17,-2.11,4.17,-30.04,20.79,-5.3,2.47,20.79,4년치 존재,4,25.05,,4.99,345.26,152930.0,115116.0,down,53.0,37700.0,31700.0,mixed,bear,66027.0,365315.0,-43655.0,-65184.0,KOSPI,36100,33325,115116,0.8,가스유틸리티,False,
022100,포스코DX,0.9898,-2469.25,14858.76,14732.91,10751.75,9993.0,11930.0,14487.0,1105.64,1089.92,603.89,404.0,735.0,1161.0,-27.02,-7.06,19.38,21.43,21.43,-44.59,-33.1,81.93,57.96,81.93,4년치 존재,4,61.59,,5.74,45.1,282707.0,201348.0,up,51.3,22150.0,17250.0,mixed,bull,130164.0,-593412.0,54819.0,721433.0,KOSPI,21100,32079,201348,0.7,IT서비스,False,
023590,다우기술,0.437,-482973.99,98551.42,116257.98,174950.04,,,,6398.8,11746.82,15592.84,,,,50.48,,,,50.48,32.74,,,,32.74,1년치 존재,1,3.23,,21.35,1212.39,44633.0,47951.0,down,42.4,40950.0,33450.0,mixed,bear,8551.0,1308.0,-12066.0,41481.0,KOSPI,37650,16298,47951,1.1,증권,False,
103140,풍산,1.0,10110.41,41252.64,45544.11,50485.8,61733.87,65038.33,67977.14,2286.36,3237.69,2974.27,4326.2,3955.4,4335.57,10.85,22.28,5.35,4.52,22.28,-8.14,45.45,-8.57,9.61,45.45,4년치 존재,4,13.01,,8.68,104.75,118305.0,457283.0,down,31.4,87600.0,57700.0,mixed,bear,-161315.0,-265396.0,-271968.0,-217255.0,KOSPI,68300,19141,457283,3.9,비철금속,False,
093370,후성,0.8701,2632.79,5231.92,4377.95,4715.64,6908.0,7659.0,8951.0,-461.06,-95.76,253.5,765.0,1057.0,1230.0,7.71,46.49,10.87,16.87,46.49,364.72,201.78,38.17,16.37,364.72,4년치 존재,4,305.5,,10.97,110.71,4658128.0,3140613.0,up,59.0,16400.0,6930.0,up,bull,-16720.0,-837803.0,507161.0,1534288.0,KOSPI,15130,16228,3140613,0.7,화학,False,
007070,GS리테일,1.0,19593.92,111341.49,115794.3,119574.22,124917.67,129261.87,133341.64,2917.82,2561.26,2921.2,3600.53,3886.47,4106.64,3.26,4.47,3.48,3.16,4.47,14.05,23.26,7.94,5.67,23.26,4년치 존재,4,43.02,,3.96,120.56,175530.0,60980.0,down,31.4,28400.0,22200.0,down,bear,15253.0,355476.0,-74875.0,-548848.0,KOSPI,22350,18686,60980,0.3,백화점과일반상점,False,
069960,현대백화점,0.9891,13062.4,42074.53,41876.14,42303.21,43120.0,46415.24,48652.5,3034.7,2840.42,3779.48,4088.88,5019.76,5473.31,1.02,1.93,7.64,4.82,7.64,33.06,8.19,22.77,9.04,33.06,4년치 존재,4,8.95,,5.09,87.6,113598.0,101607.0,down,28.2,167600.0,86200.0,down,bear,44471.0,-519938.0,-40873.0,-116826.0,KOSPI,86200,18589,101607,0.9,백화점과일반상점,False,
004990,롯데지주,0.5465,76316.01,151597.76,157569.76,155396.27,158221.5,163400.0,169965.0,4936.89,3404.69,2394.39,3218.0,4064.0,4920.0,-1.38,1.82,3.27,4.02,4.02,-29.67,34.4,26.29,21.06,34.4,4년치 존재,4,,,-6.49,139.05,124264.0,39311.0,down,37.7,25200.0,21650.0,mixed,bear,-113306.0,-442297.0,-8050.0,336037.0,KOSPI,23250,23172,39311,0.3,복합기업,False,
035250,강원랜드,1.0,-29273.88,13885.72,14268.63,14767.27,14639.63,14730.13,15951.57,2822.63,2857.9,2353.11,2101.0,2030.38,2653.14,3.49,-0.86,0.62,8.29,8.29,-17.66,-10.71,-3.36,30.67,30.67,4년치 존재,4,9.59,,8.59,18.13,216014.0,154726.0,down,39.1,14850.0,14110.0,mixed,bear,-233301.0,-736679.0,1649.0,163060.0,KOSPI,14270,30529,154726,0.7,"호텔,레스토랑,레저",False,
018880,한온시스템,0.9903,28264.69,95216.28,99987.23,108837.28,113206.7,117907.95,123199.72,2835.85,955.37,2703.72,4296.9,4969.2,5525.56,8.85,4.01,4.15,4.49,8.85,183.0,58.93,15.65,11.2,183.0,4년치 존재,4,,,-0.15,157.17,6180796.0,5377993.0,up,63.1,3945.0,3160.0,mixed,bull,-2189929.0,-7835264.0,8738016.0,10503249.0,KOSPI,3860,39613,5377993,0.9,자동차부품,False,
462870,시프트업,1.0,-5410.08,,2240.85,2945.46,2136.38,2116.0,3327.88,,1526.76,1814.18,1065.5,1013.38,2058.0,31.44,-27.47,-0.95,57.27,57.27,18.83,-41.27,-4.89,103.08,103.08,4년치 존재,4,9.51,,22.71,12.99,31142.0,29135.0,down,44.4,35150.0,29950.0,down,bear,-17459.0,-122438.0,7833.0,24511.0,KOSPI,31000,18210,29135,0.9,게임엔터테인먼트,False,
030000,제일기획,0.9947,-5074.79,41382.75,43442.57,45468.95,44559.08,46900.17,48918.9,3075.23,3207.21,3368.9,3016.58,3330.17,3533.1,4.66,-2.0,5.25,4.3,5.25,5.04,-10.46,10.4,6.09,10.4,4년치 존재,4,10.48,,14.67,112.53,445291.0,356662.0,up,58.5,19990.0,17430.0,mixed,bull,55648.0,-1158702.0,38970.0,-213545.0,KOSPI,18900,21743,356662,0.8,광고,False,
005070,코스모신소재,,888.66,6295.79,5697.29,4562.96,5792.0,8926.0,13130.0,323.25,250.02,23.78,212.0,608.0,1110.0,-19.91,26.94,54.11,47.1,54.11,-90.49,791.51,186.79,82.57,791.51,4년치 존재,4,,,-1.36,58.3,142034.0,133650.0,up,62.2,47850.0,28000.0,up,bull,-40799.0,-228062.0,38633.0,399932.0,KOSPI,46000,15279,133650,0.9,화학,False,
229640,LS에코에너지,0.8836,967.59,7310.68,8689.66,9600.56,12500.22,13738.67,15196.67,294.89,447.68,667.78,846.44,949.0,1125.56,10.48,30.2,9.91,10.61,30.2,49.16,26.75,12.12,18.6,49.16,4년치 존재,4,49.65,,20.27,114.83,261817.0,243392.0,up,73.1,68300.0,34050.0,up,bull,-180225.0,-669577.0,213521.0,756549.0,KOSPI,68200,20886,243392,0.9,전기장비,False,
475150,SK이터닉스,1.0,3383.52,,3321.52,3856.41,5591.2,1595.2,1658.0,,376.37,529.98,654.8,841.4,832.5,16.1,44.98,-71.47,3.94,44.98,40.81,23.55,28.5,-1.06,40.81,4년치 존재,4,54.34,,11.93,382.37,828793.0,481943.0,up,43.4,80900.0,41800.0,down,bear,-70289.0,430890.0,-65091.0,-410850.0,KOSPI,49000,16693,481943,0.6,에너지장비및서비스,False,
011210,현대위아,0.9549,-2845.84,81655.81,81808.86,84815.61,90657.75,95624.0,100668.79,2328.02,2188.1,2044.13,2194.13,2677.25,2996.93,3.68,6.89,5.48,5.28,6.89,-6.58,7.34,22.02,11.94,22.02,4년치 존재,4,14.28,,1.94,73.5,55500.0,58514.0,down,34.7,67800.0,52000.0,down,bull,-28448.0,-96002.0,-9666.0,-24180.0,KOSPI,52000,14141,58514,1.1,자동차부품,False,
294870,IPARK현대산업개발,1.0,12767.84,41907.88,42562.33,41470.07,38407.65,47679.24,48381.2,1953.13,1846.37,2486.14,5230.76,6995.59,6568.93,-2.57,-7.38,24.14,1.47,24.14,34.65,110.4,33.74,-6.1,110.4,4년치 존재,4,9.17,,5.71,128.48,139648.0,72499.0,down,39.3,24850.0,17210.0,mixed,bear,-134890.0,16773.0,9487.0,119385.0,KOSPI,22000,14500,72499,0.5,건설,False,
322000,HD현대에너지솔루션,1.0,-1668.73,5461.2,4223.71,4926.6,6959.0,8534.0,,175.43,35.03,412.23,1432.33,1665.0,,16.64,41.25,22.63,,41.25,1076.79,247.46,16.24,,1076.79,3년치 존재,3,39.29,,19.66,36.39,281054.0,236514.0,up,60.1,171500.0,99500.0,up,bull,223474.0,128736.0,144987.0,-124144.0,KOSPI,146200,16374,236514,0.8,에너지장비및서비스,False,
281820,케이씨텍,1.0,-2632.16,,3854.34,3828.57,6528.0,8724.0,9260.0,,497.83,599.66,1462.0,2011.0,2170.0,-0.67,70.51,33.64,6.14,70.51,20.45,143.8,37.55,7.91,143.8,4년치 존재,4,44.53,,16.32,14.1,256601.0,1122531.0,up,81.9,120100.0,55100.0,up,bull,2721.0,165007.0,186465.0,142735.0,KOSPI,120100,23778,1122531,4.4,반도체와반도체장비,True,2026-09-30
000120,CJ대한통운,0.9451,38229.46,117678.94,121167.61,122846.52,132513.55,137548.64,143196.27,4802.35,5306.63,5080.81,4698.18,5340.18,5899.18,1.39,7.87,3.8,4.11,7.87,-4.26,-7.53,13.66,10.47,13.66,4년치 존재,4,6.64,,5.46,142.21,43953.0,39838.0,down,42.9,79000.0,69800.0,down,bull_cross,-29755.0,-104449.0,-24748.0,-80745.0,KOSPI,70500,16083,39838,0.9,항공화물운송과물류,False,
066575,LG전자우,0.8078,41258.6,822626.64,877281.82,892008.82,966994.67,1011195.39,1056280.81,36532.94,34196.75,24783.92,46688.78,49837.33,60812.19,1.68,8.41,4.57,4.46,8.41,-27.53,88.38,6.74,22.02,88.38,4년치 존재,4,1.33,,4.29,130.9,75914.0,166830.0,up,53.0,82300.0,53000.0,up,bull,105490.0,67185.0,-1364.0,63415.0,KOSPI,74300,12766,166830,2.2,전자제품,False,
001740,SK네트웍스,0.9808,14693.46,74534.79,76572.81,67451.27,68913.5,70640.75,72342.5,805.41,1139.15,862.93,1077.75,1333.5,1466.25,-11.91,2.17,2.51,2.41,2.51,-24.25,24.89,23.73,9.96,24.89,4년치 존재,4,25.49,,5.81,147.89,695807.0,586371.0,up,44.3,8580.0,6060.0,mixed,bull,-23370.0,-781312.0,-10223.0,102103.0,KOSPI,6330,12698,586371,0.8,복합기업,False,
00680K,미래에셋증권2우B,0.9644,,203566.32,222423.27,292830.28,612958.0,555412.67,581729.0,5210.37,11880.76,19151.04,46449.88,25735.69,27993.07,31.65,109.32,-9.39,4.74,109.32,61.19,142.54,-44.59,8.77,142.54,4년치 존재,4,0.8,,26.88,1103.73,225963.0,312384.0,down,32.5,13240.0,9680.0,down,bear,-229194.0,-607392.0,59283.0,317702.0,KOSPI,9890,12587,312384,1.4,증권,False,
006280,녹십자,0.884,8941.9,16266.44,16798.92,19912.79,19881.08,21101.0,22768.77,344.36,321.07,691.5,725.62,980.77,1277.46,18.54,-0.16,6.14,7.9,18.54,115.37,4.93,35.16,30.25,115.37,4년치 존재,4,,,-3.97,112.44,23369.0,26923.0,up,59.1,133100.0,113200.0,up,bull,10141.0,-6375.0,6914.0,-1241.0,KOSPI,130400,15239,26923,1.2,제약,False,
001120,LX인터내셔널,0.8795,18965.43,145143.5,166375.73,167063.1,188728.0,187702.0,190441.33,4331.1,4891.85,2921.93,4766.67,4883.5,4909.83,0.41,12.97,-0.54,1.46,12.97,-40.27,63.13,2.45,0.54,63.13,4년치 존재,4,12.07,,4.24,165.42,106325.0,99654.0,up,64.9,44150.0,33550.0,up,bull,-146487.0,-499825.0,159886.0,591619.0,KOSPI,44150,17113,99654,0.9,무역회사와판매업체,False,
007810,코리아써키트,0.8916,1868.81,13322.34,14069.57,15097.25,17103.5,19450.5,20506.0,-321.01,-331.54,538.16,970.5,1594.0,1876.5,7.3,13.29,13.72,5.43,13.72,262.32,80.34,64.25,17.72,262.32,4년치 존재,4,43.9,,20.32,81.62,603297.0,720927.0,up,73.9,89300.0,38500.0,up,bull,-119874.0,-84024.0,150914.0,310289.0,KOSPI,86500,20745,720927,1.2,전자장비와기기,False,
120110,코오롱인더,0.951,22920.57,47349.07,48430.03,48733.99,53155.33,55417.5,57748.5,1996.55,1587.23,1088.96,2780.5,2985.83,3361.83,0.63,9.07,4.26,4.21,9.07,-31.39,155.34,7.38,12.59,155.34,4년치 존재,4,43.72,,3.35,86.54,185795.0,117073.0,up,50.4,59500.0,45950.0,up,bull,98343.0,76673.0,-152331.0,-596053.0,KOSPI,55900,16740,117073,0.6,화학,False,
298020,효성티앤씨,0.7788,22664.76,75269.19,77760.65,76948.44,87847.0,90427.17,95531.33,2133.93,2707.28,2515.03,5427.33,6025.0,6457.33,-1.04,14.16,2.94,5.64,14.16,-7.1,115.8,11.01,7.18,115.8,4년치 존재,4,112.24,,7.19,188.18,15438.0,13579.0,down,34.2,355500.0,272000.0,down,bear,6139.0,7362.0,-22585.0,-49167.0,KOSPI,280500,12139,13579,0.9,무역회사와판매업체,False,
003540,대신증권,1.0,,38545.91,40938.63,50638.9,,,,1613.17,835.93,3014.02,5836.67,3716.67,3853.33,23.69,,,,23.69,260.56,93.65,-36.32,3.68,260.56,4년치 존재,4,6.39,,10.91,834.68,60441.0,29329.0,down,34.1,27750.0,23550.0,mixed,bear,-65697.0,-248236.0,-13631.0,170866.0,KOSPI,25000,11917,29329,0.5,증권,False,
300720,한일시멘트,1.0,4969.89,17995.01,17416.71,14238.6,13854.5,14815.5,15530.0,2465.16,2713.9,1327.39,1343.0,1517.0,1723.5,-18.25,-2.7,6.94,4.82,6.94,-51.09,1.18,12.96,13.61,13.61,4년치 존재,4,15.95,,5.74,62.14,47679.0,35728.0,up,49.9,17070.0,13580.0,mixed,bear,217.0,14244.0,13138.0,89708.0,KOSPI,16090,11833,35728,0.7,건축자재,False,
003160,디아이,0.5562,359.69,2145.42,2139.57,4322.94,5897.6,7189.0,8223.67,61.4,30.81,365.08,1157.0,1427.0,1660.33,102.05,36.43,21.9,14.39,102.05,1084.94,216.92,23.34,16.35,1084.94,4년치 존재,4,226.3,,15.63,93.87,695108.0,564970.0,up,70.6,42800.0,16470.0,up,bull,906013.0,1115041.0,-682720.0,191166.0,KOSPI,40750,11532,564970,0.8,반도체와반도체장비,False,
280360,롯데웰푸드,1.0,11547.69,40663.92,40442.52,42159.53,44734.93,46672.29,48366.64,1770.18,1571.01,1095.19,2148.29,2409.29,2658.91,4.25,6.11,4.33,3.63,6.11,-30.29,96.16,12.15,10.36,96.16,4년치 존재,4,15.57,,3.91,99.54,17830.0,10328.0,down,41.1,148600.0,99500.0,mixed,bear,3308.0,55465.0,-9847.0,-24135.0,KOSPI,122300,11257,10328,0.6,식품,False,
004000,롯데정밀화학,1.0,-4418.46,17686.21,16705.45,17526.83,21190.86,20897.71,21641.57,1547.78,503.73,743.61,1631.29,1657.86,1807.71,4.92,20.91,-1.38,3.56,20.91,47.62,119.37,1.63,9.04,119.37,4년치 존재,4,10.36,,8.18,11.08,47031.0,34365.0,down,34.8,48700.0,42600.0,down,bear,2090.0,-10744.0,-32874.0,-161738.0,KOSPI,42600,10991,34365,0.7,화학,False,
026960,동서,0.9892,-7694.47,4896.96,4888.6,5328.79,,,,437.52,444.77,453.37,,,,9.0,,,,9.0,1.93,,,,1.93,1년치 존재,1,18.06,,8.5,4.05,65203.0,33081.0,up,53.8,27550.0,24750.0,mixed,bull,-8759.0,-3840.0,5462.0,5406.0,KOSPI,26250,26171,33081,0.5,식품,False,
017960,한국카본,1.0,-1635.39,5944.17,7417.41,9088.1,9571.25,10051.25,10803.0,164.66,454.46,1309.51,1832.25,1988.5,2195.0,22.52,5.32,5.02,7.48,22.52,188.15,39.92,8.53,10.38,188.15,4년치 존재,4,10.31,,17.11,68.86,154009.0,139331.0,up,38.3,25150.0,19300.0,down,bull,-169763.0,-165154.0,34636.0,-194757.0,KOSPI,20300,10490,139331,0.9,조선,False,
007310,오뚜기,0.9595,2748.22,34545.48,35391.21,36745.45,,,,2548.94,2220.15,1772.51,,,,3.83,,,,3.83,-20.16,,,,-20.16,1년치 존재,1,18.15,,3.48,69.83,2964.0,2440.0,down,40.6,341500.0,305000.0,down,bear,-2383.0,-6974.0,74.0,571.0,KOSPI,313500,12565,2440,0.8,식품,False,
361610,SK아이이테크놀로지,1.0,14498.73,6483.22,2178.65,2618.74,1634.25,2494.5,3977.75,501.27,-2909.94,-2463.64,-2308.5,-1015.75,-130.5,20.2,-37.59,52.64,59.46,59.46,15.34,6.3,56.0,87.15,87.15,4년치 존재,4,,,-87.2,151.83,568496.0,467303.0,up,57.8,19960.0,12540.0,up,bull,55064.0,608100.0,473775.0,2277060.0,KOSPI,18090,14795,467303,0.8,전기제품,False,
003240,태광산업,0.9721,-13030.56,22654.9,20275.35,18274.4,,,,-993.7,-3.95,-360.15,,,,-9.87,,,,-9.87,-9017.72,,,,-9017.72,1년치 존재,1,12.66,,2.9,13.42,940.0,1137.0,down,54.2,953000.0,806000.0,mixed,bear,920.0,1235.0,111.0,-394.0,KOSPI,919000,10232,1137,1.2,화학,False,
000210,DL,0.9294,45447.6,50178.16,56153.68,53267.21,55385.5,55391.5,56050.0,1506.96,4125.18,2985.46,6496.0,6105.0,6170.0,-5.14,3.98,0.01,1.19,3.98,-27.63,117.59,-6.02,1.06,117.59,4년치 존재,4,,,3.44,144.39,51178.0,36088.0,down,41.1,56000.0,41150.0,mixed,bear,7749.0,-149060.0,-12081.0,171028.0,KOSPI,48750,10216,36088,0.7,화학,False,
030190,NICE평가정보,1.0,-1481.99,4857.14,5350.32,6021.47,6610.0,7243.0,7863.0,653.29,867.88,1043.89,1190.5,1306.5,1428.0,12.54,9.77,9.58,8.56,12.54,20.28,14.04,9.74,9.3,20.28,4년치 존재,4,12.58,,19.08,32.2,61384.0,83773.0,up,63.3,16660.0,13470.0,up,bull,-25355.0,-71874.0,53595.0,130310.0,KOSPI,16660,9708,83773,1.4,상업서비스와공급품,False,
192400,쿠쿠홀딩스,1.0,-3466.13,7722.62,8338.02,9209.29,9950.0,10660.0,11230.0,866.33,1032.34,1140.09,1140.0,1230.0,1290.0,10.45,8.04,7.14,5.35,10.45,10.44,-0.01,7.89,4.88,10.44,4년치 존재,4,6.66,,13.58,18.99,11193.0,12669.0,up,51.2,28250.0,25150.0,mixed,bear,-6599.0,-41859.0,-5287.0,20687.0,KOSPI,27250,9691,12669,1.1,가정용기기와용품,True,2026-09-29
001720,신영증권,0.9554,,,27642.6,24663.81,31713.66,,,,1703.77,1361.46,1958.39,,,-10.78,28.58,,,28.58,-20.09,43.84,,,43.84,2년치 존재,2,21.17,,9.53,552.07,8377.0,4866.0,down,39.5,166100.0,128000.0,down,bull,26451.0,17395.0,-33341.0,-19882.0,KOSPI,139900,23000,4866,0.6,증권,False,
003530,한화투자증권,1.0,,19690.1,24957.93,30945.78,,,,314.52,39.66,1477.01,,,,23.99,,,,23.99,3624.18,,,,3624.18,1년치 존재,1,9.34,,4.04,855.57,1174406.0,922489.0,down,40.4,5100.0,3675.0,mixed,bear,-319690.0,-1738539.0,-124476.0,30054.0,KOSPI,4440,9526,922489,0.8,증권,False,
008770,호텔신라,1.0,9742.49,35684.66,39475.52,40683.06,40053.75,41346.5,43638.7,912.3,-51.84,135.13,1970.25,2369.42,2696.2,3.06,-1.55,3.23,5.54,5.54,360.67,1358.04,20.26,13.79,1358.04,4년치 존재,4,,,-11.48,207.04,172595.0,152137.0,down,32.5,50400.0,39250.0,down,bear,-280263.0,-790447.0,-127534.0,-361437.0,KOSPI,39350,15444,152137,0.9,백화점과일반상점,False,
006040,동원산업,0.9461,21050.03,89485.71,89442.32,95836.74,101784.0,105709.67,110070.0,4647.34,5013.2,5161.34,5748.67,6005.33,6220.0,7.15,6.21,3.86,4.12,7.15,2.95,11.38,4.46,3.57,11.38,4년치 존재,4,4.2,,12.9,99.63,29045.0,18057.0,down,36.7,38800.0,32900.0,mixed,bear,-2721.0,27275.0,-10695.0,-57714.0,KOSPI,34950,15427,18057,0.6,식품,False,
051915,LG화학우,0.8157,307180.26,552497.85,486997.54,459321.67,559766.31,639702.54,710135.92,25291.96,8749.27,11809.0,14130.38,40102.62,56179.15,-5.68,21.87,14.28,11.01,21.87,34.97,19.66,183.8,40.09,183.8,4년치 존재,4,,,-4.52,129.6,21583.0,33920.0,up,53.0,131100.0,107900.0,down,bull_cross,-6411.0,-78864.0,14808.0,29181.0,KOSPI,121800,9358,33920,1.6,화학,False,
003690,코리안리,1.0,,69633.04,69578.51,67044.02,,,,3636.73,4054.33,4709.39,,,,-3.64,,,,-3.64,16.16,,,,16.16,1년치 존재,1,8.0,,12.44,,193824.0,88345.0,down,48.4,15470.0,13290.0,mixed,bear,-235009.0,-231707.0,-20193.0,-5122.0,KOSPI,14580,25766,88345,0.5,손해보험,False,
081660,미스토홀딩스,0.6591,13756.9,40066.27,42687.43,44686.46,47469.5,48445.17,49578.0,3034.94,3608.04,4747.81,6213.0,6225.33,6392.0,4.68,6.23,2.06,2.34,6.23,31.59,30.86,0.2,2.68,31.59,4년치 존재,4,9.23,,13.54,111.5,127254.0,168197.0,up,44.6,52400.0,37700.0,down,bull,-155978.0,-272930.0,119274.0,113020.0,KOSPI,39000,20706,168197,1.3,"섬유,의류,신발,호화품",False,
006120,SK디스커버리,0.8941,41141.98,89392.17,90396.03,101640.14,132060.0,128730.0,133240.0,2567.02,1725.58,3613.54,4420.0,5970.0,6710.0,12.44,29.93,-2.52,3.5,29.93,109.41,22.32,35.07,12.4,109.41,4년치 존재,4,9.64,,5.87,135.01,34131.0,123976.0,up,80.3,71600.0,46500.0,up,bull,51291.0,39208.0,14951.0,31932.0,KOSPI,71600,12468,123976,3.6,석유와가스,False,
006340,대원전선,0.6795,162.83,5154.02,5527.77,6245.42,,,,131.3,143.39,93.51,,,,12.98,,,,12.98,-34.79,,,,-34.79,1년치 존재,1,115.26,,9.61,152.18,2518972.0,2349036.0,up,45.8,16030.0,9630.0,mixed,bear_cross,-340815.0,-318805.0,41762.0,320443.0,KOSPI,12900,10115,2349036,0.9,전기장비,False,
071320,지역난방공사,0.9941,37397.42,39536.98,35703.1,39981.87,39223.0,39382.33,38811.0,3147.2,3279.42,5296.24,5105.67,4246.0,4094.0,11.98,-1.9,0.41,-1.45,11.98,61.5,-3.6,-16.84,-3.58,61.5,4년치 존재,4,2.69,,14.5,219.08,12332.0,8613.0,up,62.8,79500.0,61800.0,up,bull,5692.0,-28611.0,-4941.0,18916.0,KOSPI,78800,9124,8613,0.7,복합유틸리티,False,
003570,SNT다이내믹스,1.0,-3243.33,4859.54,6144.53,7120.22,8077.0,9147.0,10260.0,415.96,1105.09,854.57,1121.0,1357.0,1544.0,15.88,13.44,13.25,12.17,15.88,-22.67,31.18,21.05,13.78,31.18,4년치 존재,4,16.34,,5.64,31.81,105310.0,59777.0,up,51.6,36500.0,26350.0,mixed,bull,-117038.0,-434435.0,122524.0,226229.0,KOSPI,30250,10059,59777,0.6,자동차부품,False,
077970,STX엔진,1.0,2185.47,6303.78,7246.1,7893.42,9044.0,9892.0,13208.5,188.68,422.37,695.93,1003.5,1190.0,1826.0,8.93,14.58,9.38,33.53,33.53,64.77,44.2,18.58,53.45,64.77,4년치 존재,4,12.87,,19.35,217.32,135884.0,122035.0,down,41.7,29650.0,19550.0,down,bull,-29030.0,-310789.0,26636.0,-12961.0,KOSPI,22100,8873,122035,0.9,조선,False,
005300,롯데칠성,0.9554,14544.81,32246.8,40245.03,39711.44,40973.42,42459.42,43849.56,2106.7,1849.27,1671.6,1990.08,2231.5,2400.33,-1.33,3.18,3.63,3.27,3.63,-9.61,19.05,12.13,7.57,19.05,4년치 존재,4,18.74,,4.3,166.73,12213.0,8498.0,down,43.5,104000.0,94600.0,down,bull,-5016.0,-43454.0,-2859.0,-17966.0,KOSPI,95400,8852,8498,0.7,음료,False,
012630,HDC,0.653,23786.06,59082.85,62002.6,65847.98,65503.5,72451.0,78230.0,3126.43,3446.99,6488.68,9498.5,11268.0,12280.0,6.2,-0.52,10.61,7.98,10.61,88.24,46.39,18.63,8.98,88.24,4년치 존재,4,4.5,,14.82,120.5,102901.0,46125.0,down,38.6,28450.0,18300.0,mixed,bear,18497.0,347441.0,-60339.0,18375.0,KOSPI,22650,13531,46125,0.4,건설,False,
097230,HJ중공업,1.0,2710.99,21620.73,18859.62,19997.05,26710.0,29510.0,,-1087.87,72.52,670.74,2180.0,3250.0,,6.03,33.57,10.48,,33.57,824.9,225.01,49.08,,824.9,3년치 존재,3,26.07,,25.63,251.21,243118.0,193211.0,down,40.3,17910.0,13680.0,down,bull,95603.0,-9622.0,2816.0,-52667.0,KOSPI,14850,13409,193211,0.8,건설,False,
181710,NHN,0.7846,-4584.32,22696.15,24561.08,25162.34,29820.73,33257.45,38176.78,555.98,-326.2,1324.34,1991.36,2543.36,3333.33,2.45,18.51,11.52,14.79,18.51,505.99,50.37,27.72,31.06,505.99,4년치 존재,4,56.82,,4.78,94.43,202047.0,73962.0,up,47.1,75200.0,33550.0,mixed,bear,-14811.0,533895.0,21903.0,-718478.0,KOSPI,56400,18234,73962,0.4,IT서비스,False,
248070,솔루엠,1.0,3728.47,19510.88,15944.42,17002.46,19450.0,20200.0,21250.0,1545.16,690.87,465.0,750.0,990.0,900.0,6.64,14.4,3.86,5.2,14.4,-32.69,61.29,32.0,-9.09,61.29,4년치 존재,4,62.46,,2.19,151.51,236815.0,918495.0,up,83.7,17560.0,12480.0,mixed,bull,287239.0,88744.0,-20376.0,82732.0,KOSPI,17560,8397,918495,3.9,전자장비와기기,False,
137310,에스디바이오센서,,-1229.65,6556.77,6945.74,7105.81,,,,-2480.85,-540.57,-809.45,,,,2.3,,,,2.3,-49.74,,,,-49.74,1년치 존재,1,,,-26.91,20.61,123170.0,509595.0,up,71.1,6810.0,5820.0,mixed,bull,120725.0,179420.0,27095.0,1930.0,KOSPI,6810,8223,509595,4.1,건강관리장비와용품,False,
071055,한국금융지주우,0.9883,,208933.71,183392.67,194661.43,461800.0,466500.0,468930.0,8204.05,11997.24,23453.29,39419.31,31638.06,32889.2,6.14,137.23,1.02,0.52,137.23,95.49,68.08,-19.74,3.95,95.49,4년치 존재,4,0.41,,24.44,,11029.0,10849.0,down,30.8,159500.0,133900.0,down,bear,-327.0,-25123.0,-232.0,-12727.0,KOSPI,139800,8190,10849,1.0,증권,False,
000080,하이트진로,1.0,7752.29,25201.82,25991.83,24985.67,24551.17,24952.33,25185.5,1239.2,2081.42,1723.39,1939.33,2023.17,2083.75,-3.87,-1.74,1.63,0.93,1.63,-17.2,12.53,4.32,2.99,12.53,4년치 존재,4,24.97,,4.09,172.65,70644.0,58731.0,down,36.1,15970.0,14550.0,down,bear,-43163.0,-86094.0,-25358.0,-36375.0,KOSPI,14770,10359,58731,0.8,음료,False,
003470,유안타증권,1.0,,28550.03,27127.27,34612.73,,,,1291.25,947.53,993.79,,,,27.59,,,,27.59,4.88,,,,4.88,1년치 존재,1,8.56,,10.67,1189.74,242234.0,181323.0,down,31.6,4815.0,3930.0,mixed,bear,-109366.0,-867414.0,-25265.0,274284.0,KOSPI,4250,8189,181323,0.7,증권,False,
415640,KB발해인프라,,,,,,,,,,,,560.0,620.0,660.0,,,,,,,,10.71,6.45,10.71,3년치 존재,3,,,,,247533.0,76155.0,down,36.4,11150.0,9970.0,down,bear,-44449.0,487966.0,-9196.0,-731385.0,KOSPI,9970,12218,76155,0.3,운송인프라,False,
001820,삼화콘덴서,1.0,-881.47,2807.69,2954.12,2944.92,3276.5,3984.5,4220.0,236.93,178.42,128.66,298.5,580.5,620.0,-0.31,11.26,21.61,5.91,21.61,-27.89,132.01,94.47,6.8,132.01,4년치 존재,4,131.71,,6.86,23.03,1098722.0,776066.0,up,67.9,160600.0,57800.0,up,bull,24978.0,446686.0,-74614.0,160258.0,KOSPI,158800,16507,776066,0.7,전기제품,False,
192080,더블유게임즈,0.8152,-10011.68,5823.34,6334.74,7198.97,8373.3,8748.3,9166.0,2132.92,2487.34,2321.34,2828.8,3056.8,3193.63,13.64,16.31,4.48,4.77,16.31,-6.67,21.86,8.06,4.48,21.86,4년치 존재,4,9.18,,14.71,10.55,43699.0,56380.0,down,42.6,63700.0,55900.0,down,bear_cross,13818.0,78370.0,-21520.0,-65749.0,KOSPI,56900,12048,56380,1.3,게임엔터테인먼트,False,
000240,한국앤컴퍼니,1.0,-351.78,10896.68,13909.96,14575.52,14411.0,15601.0,16860.0,2565.63,4182.68,4116.26,4211.0,4716.0,5340.0,4.78,-1.13,8.26,8.07,8.26,-1.59,2.3,11.99,13.23,13.23,4년치 존재,4,6.89,,8.27,9.72,62878.0,34941.0,up,55.2,26400.0,23250.0,mixed,bull,-9215.0,-213534.0,38883.0,284006.0,KOSPI,25200,23924,34941,0.6,자동차부품,False,
003090,대웅,0.7681,7061.41,18138.41,19369.17,20683.7,,,,1956.06,2819.13,2617.94,,,,6.79,,,,6.79,-7.14,,,,-7.14,1년치 존재,1,5.14,,15.62,85.23,65086.0,73421.0,up,39.3,18500.0,15170.0,down,bear,-37245.0,-152267.0,-7789.0,-71164.0,KOSPI,15480,9000,73421,1.1,제약,False,
006110,삼아알미늄,1.0,2331.11,2680.23,2517.33,2714.59,3936.2,4782.4,,37.71,-95.91,-176.47,44.0,316.5,,7.84,45.0,21.5,,45.0,-84.0,124.93,619.32,,619.32,3년치 존재,3,,,-9.87,139.91,162174.0,178062.0,up,58.5,71500.0,27000.0,up,bull,-125372.0,40135.0,309226.0,45860.0,KOSPI,65800,9951,178062,1.1,비철금속,False,
032350,롯데관광개발,1.0,11891.68,3135.48,4714.68,6534.48,7733.55,8549.09,9503.44,-606.06,390.07,1433.28,1903.18,2247.45,2635.33,38.6,18.35,10.55,11.16,38.6,267.44,32.78,18.09,17.26,267.44,4년치 존재,4,31.79,,14.76,484.44,296441.0,533774.0,down,31.9,14900.0,10910.0,down,bear,-266003.0,-417024.0,-135726.0,-249745.0,KOSPI,11070,8826,533774,1.8,"호텔,레스토랑,레저",False,
090460,비에이치,0.8977,-30.67,15919.92,17544.42,17926.6,18847.6,21344.0,22567.89,847.92,870.53,539.78,925.1,1267.7,1461.56,2.18,5.14,13.25,5.73,13.25,-37.99,71.38,37.03,15.29,71.38,4년치 존재,4,23.79,,11.35,71.32,948139.0,638356.0,up,59.7,22600.0,13100.0,up,bull,727621.0,1232770.0,-208294.0,-1811620.0,KOSPI,21900,7383,638356,0.7,전자장비와기기,False,
009240,한샘,0.9997,1895.95,19669.47,19083.91,17445.38,16687.11,17243.89,17757.38,19.47,312.29,184.91,380.44,424.89,521.75,-8.59,-4.35,3.34,2.98,3.34,-40.79,105.74,11.68,22.8,105.74,4년치 존재,4,20.47,,3.01,141.57,25065.0,24224.0,up,58.4,42300.0,34800.0,up,bull,-28316.0,-77542.0,58829.0,216458.0,KOSPI,40250,9472,24224,1.0,가구,False,
036530,SNT홀딩스,0.5914,-10191.21,18957.15,18205.14,22356.94,23240.0,25290.0,27360.0,1789.97,2311.59,3006.56,3170.0,3490.0,3850.0,22.81,3.95,8.82,8.19,22.81,30.06,5.44,10.09,10.32,30.06,4년치 존재,4,5.61,,7.38,33.06,12197.0,9458.0,down,40.2,52900.0,44700.0,down,bear,-9901.0,-22656.0,-12961.0,-20173.0,KOSPI,44700,7288,9458,0.8,자동차부품,True,2026-09-28
009155,삼성전기우,0.9613,-2270.93,88924.12,102941.03,113144.59,143890.5,184973.95,239629.33,6605.44,7350.06,9133.31,20142.4,39337.45,62483.72,9.91,27.17,28.55,29.55,29.55,24.26,120.54,95.3,58.84,120.54,4년치 존재,4,2.17,,10.6,57.34,29353.0,13219.0,up,56.3,565000.0,320000.0,up,bull,12886.0,54348.0,2012.0,3143.0,KOSPI,528000,15349,13219,0.5,전자장비와기기,False,
214320,이노션,0.875,-5212.93,20928.93,21205.78,21460.41,21601.44,22485.33,23350.25,1500.18,1556.63,1628.0,1836.22,1940.89,2072.88,1.2,0.66,4.09,3.85,4.09,4.58,12.79,5.7,6.8,12.79,4년치 존재,4,7.86,,12.05,153.59,52525.0,42027.0,down,35.0,19640.0,18030.0,down,bull,-64126.0,-296615.0,15176.0,116532.0,KOSPI,18030,7212,42027,0.8,광고,False,
004370,농심,0.9963,-10975.06,34105.59,34387.31,35143.16,37575.0,39609.71,40938.7,2120.65,1630.74,1839.33,2323.38,2490.0,2643.1,2.2,6.92,5.42,3.36,6.92,12.79,26.32,7.17,6.15,26.32,4년치 존재,4,14.27,,6.94,36.91,22920.0,15072.0,down,45.4,459000.0,342500.0,mixed,bear,-13261.0,18015.0,12295.0,-17954.0,KOSPI,399000,24270,15072,0.7,식품,False,
185750,종근당,0.9951,1081.44,16694.04,15864.31,16924.04,17939.0,18836.0,19778.0,2465.99,994.62,805.68,718.0,1319.0,1384.0,6.68,6.0,5.0,5.0,6.68,-19.0,-10.88,83.7,4.93,83.7,4년치 존재,4,11.72,,8.24,83.26,16456.0,14308.0,up,47.5,71100.0,64300.0,down,bull,6289.0,-50534.0,-8131.0,-5790.0,KOSPI,65800,9082,14308,0.9,제약,False,
000400,롯데손해보험,,,25590.94,31515.17,32206.71,,,,3754.35,310.61,647.36,,,,2.19,,,,2.19,108.42,,,,108.42,1년치 존재,1,,,-1.83,,330995.0,653767.0,up,62.3,2650.0,1884.0,mixed,bull,285238.0,495118.0,10268.0,-81254.0,KOSPI,2245,6967,653767,2.0,손해보험,False,
002960,한국쉘석유,,-301.51,3204.86,3271.69,3449.59,,,,422.97,459.55,527.81,,,,5.44,,,,5.44,14.85,,,,14.85,1년치 존재,1,,,42.42,51.14,895.0,1476.0,up,70.3,534000.0,493500.0,up,bull,-239.0,2297.0,455.0,410.0,KOSPI,534000,6942,1476,1.6,화학,False,
005180,빙그레,1.0,-1441.02,13943.16,14630.41,14895.87,15731.75,16392.5,16720.0,1122.45,1312.76,883.57,1634.25,1705.0,1630.0,1.81,5.61,4.2,2.0,5.61,-32.69,84.96,4.33,-4.4,84.96,4년치 존재,4,14.08,,11.51,44.91,53559.0,66593.0,down,57.6,94300.0,63700.0,mixed,bear,6198.0,180573.0,39760.0,-10875.0,KOSPI,88500,7825,66593,1.2,식품,False,
009420,한올바이오파마,0.7007,147.99,1349.1,1389.44,1551.85,1699.2,1925.0,2070.4,22.11,2.3,-9.16,56.8,120.8,79.0,11.69,9.5,13.29,7.55,13.29,-498.26,720.09,112.68,-34.6,720.09,4년치 존재,4,,,-15.68,48.81,239751.0,192166.0,up,40.8,64600.0,39000.0,down,bull,-40377.0,376990.0,-18441.0,-763699.0,KOSPI,45450,23743,192166,0.8,제약,False,
100090,SK오션플랜트,0.9968,1803.61,9258.36,6626.16,9653.88,6457.63,7437.5,11730.33,756.04,417.97,595.09,573.88,614.25,1166.33,45.69,-33.11,15.17,57.72,57.72,42.38,-3.56,7.03,89.88,89.88,4년치 존재,4,20.56,,6.16,44.33,526063.0,498781.0,up,49.9,18350.0,11370.0,mixed,bull,305056.0,-165952.0,-7860.0,-731278.0,KOSPI,12440,7772,498781,0.9,에너지장비및서비스,False,
073240,금호타이어,0.9334,12484.08,40414.12,45321.78,47012.82,50891.0,53360.7,56037.75,4110.1,5885.92,5758.59,6186.9,6481.5,7343.75,3.73,8.25,4.85,5.02,8.25,-2.16,7.44,4.76,13.3,13.3,4년치 존재,4,5.47,,23.14,138.84,1342572.0,660003.0,down,41.9,8140.0,5600.0,down,bear,60928.0,1051387.0,58334.0,1165199.0,KOSPI,6610,18988,660003,0.5,자동차부품,False,
001430,세아베스틸지주,0.9923,12059.87,40834.81,36360.63,36515.85,41193.83,44576.42,46597.45,1966.9,523.32,984.12,1677.83,2298.33,2683.91,0.43,12.81,8.21,4.53,12.81,88.05,70.49,36.98,16.78,88.05,4년치 존재,4,28.05,,4.59,115.23,139824.0,145374.0,up,50.4,47300.0,30250.0,up,bull,-156509.0,-429224.0,95307.0,445446.0,KOSPI,43950,15761,145374,1.0,철강,False,
005880,대한해운,1.0,10250.27,13973.65,17471.87,12769.68,12430.4,12370.4,12258.2,2499.57,3286.35,2071.64,2559.0,2477.0,2474.6,-26.91,-2.66,-0.48,-0.91,-0.48,-36.96,23.53,-3.2,-0.1,23.53,4년치 존재,4,3.7,,8.05,63.81,1297222.0,1133988.0,up,50.7,2160.0,1680.0,up,bear_cross,-69209.0,-935095.0,469415.0,662331.0,KOSPI,2065,6665,1133988,0.9,해운사,False,
000370,한화손해보험,1.0,,60728.64,65972.78,74497.36,,,,3065.24,4357.36,4295.93,,,,12.92,,,,12.92,-1.41,,,,-1.41,1년치 존재,1,2.87,,11.12,,565188.0,268380.0,down,43.2,8950.0,5270.0,mixed,bear,-130430.0,722197.0,22681.0,-140390.0,KOSPI,7340,8569,268380,0.5,손해보험,False,
456040,OCI,0.9577,5246.13,12888.26,22152.86,20094.29,21592.67,21135.67,21676.67,574.51,1104.93,4.4,1579.67,1798.0,1836.67,-9.29,7.46,-2.12,2.56,7.46,-99.6,35801.59,13.82,2.15,35801.59,4년치 존재,4,,,-5.37,95.38,28564.0,15448.0,up,39.8,92100.0,62000.0,down,bear,-7848.0,-37397.0,-24518.0,-12073.0,KOSPI,72400,6482,15448,0.5,화학,False,
298050,HS효성첨단소재,0.7612,26151.51,32023.31,33112.28,32830.45,35828.0,36612.0,37609.0,1740.79,2197.22,1574.33,2324.5,2749.25,2952.0,-0.85,9.13,2.19,2.72,9.13,-28.35,47.65,18.27,7.37,47.65,4년치 존재,4,,,3.98,347.84,7597.0,4974.0,down,43.5,184100.0,142200.0,mixed,bear,1966.0,-16852.0,-680.0,4368.0,KOSPI,162100,7262,4974,0.7,화학,False,
069260,TKG휴켐스,1.0,-2409.45,10526.89,11882.39,11276.91,13155.5,14230.0,15730.0,1212.3,808.02,656.15,890.0,960.0,1060.0,-5.1,16.66,8.17,10.54,16.66,-18.8,35.64,7.87,10.42,35.64,4년치 존재,4,10.8,,7.15,36.19,51467.0,40989.0,down,42.8,16610.0,14440.0,mixed,bear,-37574.0,-90473.0,2479.0,54522.0,KOSPI,15830,6471,40989,0.8,화학,False,
051600,한전KPS,1.0,-2782.69,15338.51,15570.86,15765.17,16274.82,16991.55,17621.45,1993.76,2094.99,1401.02,1724.82,1949.27,2072.09,1.25,3.23,4.4,3.71,4.4,-33.13,23.11,13.01,6.3,23.11,4년치 존재,4,16.01,,9.95,25.07,143269.0,95637.0,down,41.8,49300.0,42250.0,mixed,bear,-77620.0,-287331.0,-71368.0,125919.0,KOSPI,44200,19890,95637,0.7,전기유틸리티,False,
000640,동아쏘시오홀딩스,0.9871,4729.59,11320.03,13332.3,14297.67,15779.0,17024.33,18512.33,768.82,820.95,977.73,1104.33,1193.0,1396.0,7.24,10.36,7.89,8.74,10.36,19.1,12.95,8.03,17.02,19.1,4년치 존재,4,7.03,,7.44,82.93,9634.0,5254.0,down,56.1,97000.0,77000.0,up,bear,-741.0,4156.0,4735.0,-769.0,KOSPI,94900,6389,5254,0.5,제약,False,
268280,미원에스씨,1.0,-248.65,4376.73,5092.67,5321.23,,,,225.27,587.67,654.82,,,,4.49,,,,4.49,11.43,,,,11.43,1년치 존재,1,10.41,,19.13,26.61,1264.0,981.0,down,46.6,135000.0,101200.0,mixed,bear,-112.0,-653.0,-607.0,183.0,KOSPI,127600,6380,981,0.8,화학,False,
093050,LF,0.8414,4868.89,19007.26,19562.68,18824.3,,,,573.79,1261.4,1681.11,,,,-3.77,,,,-3.77,33.27,,,,33.27,1년치 존재,1,7.01,,6.93,71.26,24521.0,31332.0,up,60.8,24200.0,21500.0,mixed,bull,-17112.0,-105773.0,-7471.0,77137.0,KOSPI,23700,6930,31332,1.3,"섬유,의류,신발,호화품",False,
285130,SK케미칼,1.0,4854.61,17487.78,17367.79,23651.64,29278.5,31620.0,33405.0,833.02,-451.76,-2.07,587.0,1592.0,2230.0,36.18,23.79,8.0,5.65,36.18,99.54,28457.49,171.21,40.08,28457.49,4년치 존재,4,19.76,,0.31,89.06,43294.0,18247.0,down,49.2,55200.0,36650.0,mixed,bear,22802.0,3033.0,-18825.0,39359.0,KOSPI,51000,8822,18247,0.4,화학,False,
014820,동원시스템즈,0.999,2862.38,12766.51,13342.57,13728.74,,,,808.51,919.05,661.56,,,,2.89,,,,2.89,-28.02,,,,-28.02,1년치 존재,1,11.72,,7.26,71.91,23467.0,13793.0,down,53.8,23200.0,18640.0,up,bull,11832.0,-28823.0,-4681.0,15733.0,KOSPI,21700,6291,13793,0.6,포장재,False,
002840,미원상사,1.0,-119.71,4213.67,4357.98,4411.38,,,,672.39,599.46,436.08,,,,1.23,,,,1.23,-27.25,,,,-27.25,1년치 존재,1,14.22,,12.63,20.44,2134.0,2439.0,up,57.9,138800.0,118400.0,up,bear,903.0,4176.0,552.0,127.0,KOSPI,137500,6188,2439,1.1,화학,False,
004710,한솔테크닉스,0.2898,2338.93,13026.79,11994.83,12524.25,,,,489.37,333.55,204.16,,,,4.41,,,,4.41,-38.79,,,,-38.79,1년치 존재,1,,,-3.42,116.07,992748.0,750975.0,up,71.6,12070.0,5640.0,up,bull,-161356.0,-952769.0,-43973.0,242838.0,KOSPI,11640,6174,750975,0.8,전자장비와기기,False,
282330,BGF리테일,0.9994,-4201.09,81947.54,86987.57,90612.16,95097.33,99090.33,102877.92,2531.88,2516.41,2539.47,3058.6,3370.0,3640.54,4.17,4.95,4.2,3.82,4.95,0.92,20.44,10.18,8.03,20.44,4년치 존재,4,11.55,,17.2,170.11,42338.0,45161.0,down,40.3,153100.0,116500.0,mixed,bear,-3468.0,11504.0,3624.0,-27523.0,KOSPI,130500,22555,45161,1.1,백화점과일반상점,False,
195870,해성디에스,1.0,1298.53,6722.45,6029.94,6533.97,8824.0,10253.91,11639.64,1025.12,568.7,464.91,1026.82,1491.91,1809.55,8.36,35.05,16.2,13.51,35.05,-18.25,120.86,45.29,21.29,120.86,4년치 존재,4,45.82,,9.56,60.69,178343.0,262563.0,up,61.9,67200.0,38150.0,up,bull,21857.0,-90543.0,-29541.0,121574.0,KOSPI,64200,10914,262563,1.5,반도체와반도체장비,False,
100840,SNT에너지,1.0,-836.28,3219.56,2942.64,6061.2,4654.5,4450.0,5100.0,207.77,222.39,1113.14,936.5,760.0,990.0,105.98,-23.21,-4.39,14.61,105.98,400.54,-15.87,-18.85,30.26,400.54,4년치 존재,4,7.74,,30.82,46.08,269587.0,134188.0,down,43.1,38900.0,21800.0,mixed,bear,-9506.0,-9664.0,-64066.0,257026.0,KOSPI,33050,6531,134188,0.5,에너지장비및서비스,False,
439260,대한조선,1.0,-6298.42,8163.73,10753.12,12281.28,13363.8,13931.8,15325.8,359.0,1580.6,2941.03,3642.2,3819.0,4340.2,14.21,8.81,4.25,10.01,14.21,86.07,23.84,4.85,13.65,86.07,4년치 존재,4,7.18,,34.23,47.03,30826.0,34891.0,down,49.3,54700.0,43450.0,down,bull,-23989.0,27731.0,10968.0,-12609.0,KOSPI,46900,17864,34891,1.1,조선,False,
178920,PI첨단소재,,-200.79,2176.39,2512.95,2634.21,2924.0,3285.5,3679.0,-39.38,338.26,430.39,682.5,754.0,845.0,4.83,11.0,12.36,11.98,12.36,27.24,58.58,10.48,12.07,58.58,4년치 존재,4,,,11.41,29.24,35307.0,48859.0,up,59.8,20650.0,16350.0,up,bull,36324.0,29008.0,9227.0,-2577.0,KOSPI,20100,5903,48859,1.4,화학,False,
033240,자화전자,1.0,821.61,5033.3,6811.45,8489.2,10056.0,10064.0,10680.0,-163.56,449.61,419.97,921.0,923.0,970.0,24.63,18.46,0.08,6.12,24.63,-6.59,119.3,0.22,5.09,119.3,4년치 존재,4,12.51,,24.64,67.8,73416.0,71587.0,down,48.7,31200.0,19310.0,up,bull,7506.0,-121527.0,-12948.0,-98109.0,KOSPI,27300,5898,71587,1.0,통신장비,False,
006650,대한유화,0.6913,758.41,24999.73,28001.03,33478.22,34288.6,36427.2,36916.0,-623.21,-598.93,526.69,1199.0,1995.4,2342.2,19.56,2.42,6.24,1.34,19.56,187.94,127.65,66.42,17.38,187.94,4년치 존재,4,18.39,,4.0,35.58,49648.0,41355.0,down,42.8,110300.0,80300.0,mixed,bear,-1720.0,-177545.0,-25661.0,103979.0,KOSPI,89700,5831,41355,0.8,화학,False,
005690,파미셀,,-401.4,562.27,648.51,1140.62,1605.0,2219.0,3420.0,12.96,46.56,343.04,572.0,817.0,1540.0,75.88,40.71,38.26,54.12,75.88,636.77,66.74,42.83,88.49,636.77,4년치 존재,4,,,38.03,28.45,1629898.0,898263.0,up,62.0,13280.0,8760.0,up,bull,133732.0,66361.0,20141.0,565487.0,KOSPI,12950,7771,898263,0.6,화학,True,2026-09-10
019170,신풍제약,1.0,-190.16,2002.29,2210.94,2346.81,,,,-473.92,-204.55,142.55,,,,6.15,,,,6.15,169.69,,,,169.69,1년치 존재,1,64.92,,-0.3,31.82,446890.0,3637320.0,up,70.0,10930.0,7210.0,up,bull_cross,17023.0,6255.0,-16485.0,-84830.0,KOSPI,10930,5729,3637320,8.1,제약,False,
001570,금양,,3021.11,1520.31,1537.3,1027.81,,,,-146.08,-560.02,-446.61,,,,-33.14,,,,-33.14,20.25,,,,20.25,1년치 존재,1,,,-13.29,173.05,,,,,,,,,0.0,0.0,0.0,0.0,KOSPI,9900,6333,0,,화학,False,
004490,세방전지,1.0,-3132.96,16848.15,20595.43,21420.68,23967.0,29980.0,,1299.16,1796.68,1537.64,1732.0,2060.0,,4.01,11.89,25.09,,25.09,-14.42,12.64,18.94,,18.94,3년치 존재,3,6.16,,8.84,43.44,73524.0,34317.0,up,56.8,68200.0,47700.0,up,bull,4741.0,-97180.0,48579.0,69625.0,KOSPI,62700,8690,34317,0.5,자동차부품,False,
016380,KG스틸,1.0,2314.2,34298.48,33009.82,31934.44,34029.67,35459.67,36884.67,2804.11,2060.16,1507.47,1353.33,1605.33,1685.67,-3.26,6.56,4.2,4.02,6.56,-26.83,-10.23,18.62,5.0,18.62,4년치 존재,4,4.19,,8.88,63.21,252554.0,258639.0,up,53.2,5890.0,4990.0,up,bull,-305742.0,-142301.0,-50550.0,136272.0,KOSPI,5660,5661,258639,1.0,철강,False,
00088K,한화3우B,0.2906,46978.59,531348.13,556468.29,747854.4,916376.83,952499.33,1013182.17,24119.2,24161.09,41468.83,65523.33,75334.67,82104.83,34.39,22.53,3.94,6.37,34.39,71.63,58.01,14.97,8.99,71.63,4년치 존재,4,1.48,,6.69,458.35,26311.0,19566.0,down,42.9,44854.0,29248.0,mixed,bear,-3197.0,70095.0,2348.0,10009.0,KOSPI,37600,5518,19566,0.7,복합기업,False,
00104K,CJ4우(전환),0.4674,168752.98,413526.88,436466.56,450188.29,473012.0,490691.67,513980.0,20390.58,25322.52,25277.38,24559.7,27443.33,30620.43,3.14,5.07,3.74,4.75,5.07,-0.18,-2.84,11.74,11.58,11.74,4년치 존재,4,3.74,,0.89,176.14,6823.0,3625.0,up,46.3,139600.0,117500.0,mixed,bear_cross,-5227.0,-42047.0,6815.0,53864.0,KOSPI,126700,5355,3625,0.5,복합기업,False,
114090,GKL,0.9985,-3786.15,3966.94,3963.9,4229.47,4660.0,4915.13,5072.83,510.18,383.25,526.44,674.5,764.75,855.67,6.7,10.18,5.47,3.21,10.18,37.36,28.12,13.38,11.89,37.36,4년치 존재,4,11.31,,10.64,40.09,88342.0,172582.0,down,33.5,10350.0,8430.0,down,bear,-181850.0,-499447.0,-39823.0,-220398.0,KOSPI,8610,5326,172582,2.0,"호텔,레스토랑,레저",False,
003300,한일홀딩스,0.5097,7309.01,23630.57,22487.43,19304.89,,,,2620.27,2793.14,1232.24,,,,-14.15,,,,-14.15,-55.88,,,,-55.88,1년치 존재,1,16.85,,3.29,58.16,13888.0,7504.0,up,39.2,19160.0,16400.0,mixed,bear,-10207.0,33556.0,6805.0,-63347.0,KOSPI,17250,5318,7504,0.5,건축자재,False,
001060,JW중외제약,1.0,-303.34,7485.27,7193.76,7752.98,,,,1003.04,824.88,944.61,,,,7.77,,,,7.77,14.51,,,,14.51,1년치 존재,1,10.39,,27.63,60.98,39355.0,52359.0,up,54.2,30000.0,22000.0,up,bear,10850.0,83277.0,14300.0,2080.0,KOSPI,27450,6392,52359,1.3,제약,False,
161000,애경케미칼,0.4668,5107.06,17937.36,16422.45,14523.35,,,,450.6,154.59,-101.93,,,,-11.56,,,,-11.56,-165.94,,,,-165.94,1년치 존재,1,,,2.77,111.82,151945.0,206353.0,up,57.6,11270.0,7490.0,up,bull,14442.0,167665.0,296.0,-14914.0,KOSPI,10790,5249,206353,1.4,화학,False,
001800,오리온홀딩스,0.36,-12314.71,29538.06,31952.46,33931.26,39428.0,40128.0,42150.0,4054.63,5062.4,4877.29,6071.0,6291.0,6750.0,6.19,16.2,1.78,5.04,16.2,-3.66,24.47,3.62,7.3,24.47,4년치 존재,4,11.31,,5.73,21.37,63073.0,32611.0,down,25.7,27950.0,22750.0,down,bear,-57357.0,-151106.0,-15649.0,13168.0,KOSPI,22750,13686,32611,0.5,식품,False,
001530,DI동일,1.0,3868.49,6828.72,6517.26,6013.52,7106.0,7850.0,9156.0,63.05,78.11,-15.45,121.0,215.0,349.0,-7.73,18.17,10.47,16.64,18.17,-119.78,883.17,77.69,62.33,883.17,4년치 존재,4,,,1.21,111.32,26220.0,16179.0,down,46.0,28300.0,22350.0,mixed,bear,13824.0,-4617.0,-8649.0,75008.0,KOSPI,25300,5241,16179,0.6,"섬유,의류,신발,호화품",False,
003850,보령,1.0,2538.32,8596.26,10171.07,10174.27,,,,682.67,704.72,650.67,,,,0.03,,,,0.03,-7.67,,,,-7.67,1년치 존재,1,11.73,,14.38,71.04,116323.0,134217.0,up,55.5,9280.0,7570.0,down,bull_cross,46635.0,-150831.0,2193.0,210446.0,KOSPI,8790,7541,134217,1.2,제약,False,
030610,교보증권,1.0,,37430.19,31663.22,45067.95,,,,702.78,1139.26,1904.43,,,,42.34,,,,42.34,67.16,,,,67.16,1년치 존재,1,7.8,,8.95,866.78,33679.0,35118.0,down,39.4,10530.0,8580.0,mixed,bear,-18128.0,-31315.0,727.0,113209.0,KOSPI,9780,11146,35118,1.0,증권,False,
499790,GS피앤엘,0.6627,6224.65,,383.22,4816.83,6214.2,6797.2,7225.8,,-0.38,780.23,1383.0,1601.8,1783.4,1156.94,29.01,9.38,6.31,1156.94,205423.68,77.26,15.82,11.34,205423.68,4년치 존재,4,38.75,,2.29,95.34,44254.0,49155.0,down,42.0,45300.0,34450.0,down,bear,66410.0,64556.0,-88663.0,-191872.0,KOSPI,37850,7506,49155,1.1,"호텔,레스토랑,레저",False,
484870,엠앤씨솔루션,,-463.96,1834.5,2827.97,4033.49,4126.0,5013.0,5969.0,206.56,348.25,560.65,571.0,733.0,948.0,42.63,2.29,21.5,19.07,42.63,60.99,1.85,28.37,29.33,60.99,4년치 존재,4,,,23.92,94.42,126767.0,192678.0,down,56.8,29300.0,13180.0,mixed,bull,-47880.0,-199706.0,131918.0,399062.0,KOSPI,19040,5229,192678,1.5,우주항공과국방,False,
002350,넥센타이어,0.9967,12956.47,27017.2,28479.25,31896.1,34794.2,36191.4,37918.08,1869.91,1721.37,1702.97,1745.0,2099.07,2355.62,12.0,9.09,4.02,4.77,12.0,-1.07,2.47,20.29,12.22,20.29,4년치 존재,4,3.74,,7.59,131.44,144582.0,64317.0,up,45.3,7030.0,5490.0,mixed,bull,-44510.0,-419957.0,-30193.0,-414113.0,KOSPI,5780,5645,64317,0.4,자동차부품,False,
069620,대웅제약,1.0,7665.99,13753.29,14226.83,15708.91,16656.56,17606.56,19233.0,1225.92,1479.42,1967.82,2311.0,2420.33,2825.78,10.42,6.03,5.7,9.24,10.42,33.01,17.44,4.73,16.75,33.01,4년치 존재,4,6.53,,20.62,112.98,15014.0,10061.0,down,43.9,132500.0,106800.0,down,bull,1074.0,-40243.0,-526.0,-13012.0,KOSPI,110300,12780,10061,0.7,제약,False,
075580,세진중공업,0.8085,1544.16,3847.96,3523.77,4026.86,4151.0,4651.0,5051.0,335.55,359.79,733.89,827.0,940.0,1059.0,14.28,3.08,12.05,8.6,14.28,103.98,12.69,13.66,12.66,103.98,4년치 존재,4,11.02,,29.13,104.64,104510.0,87708.0,down,40.3,12300.0,9210.0,down,bull,86599.0,98917.0,58622.0,25049.0,KOSPI,9820,5583,87708,0.8,조선,False,
017900,광전자,1.0,-913.17,1257.05,1301.89,1326.85,,,,-44.05,14.73,12.05,,,,1.92,,,,1.92,-18.19,,,,-18.19,1년치 존재,1,143.88,,4.61,8.44,8455337.0,2246306.0,down,64.3,10980.0,4365.0,up,bear,18331.0,125062.0,-671.0,13270.0,KOSPI,10570,6125,2246306,0.3,전자장비와기기,False,
079160,CJ CGV,1.0,20116.61,15458.39,19578.84,22753.69,24988.0,26474.0,28083.33,490.66,759.34,962.17,1060.4,1281.6,1410.0,16.22,9.82,5.95,6.08,16.22,26.71,10.21,20.86,10.02,26.71,4년치 존재,4,,,-11.73,412.31,338255.0,186651.0,down,41.5,5670.0,4220.0,mixed,bear,-451714.0,124454.0,8477.0,97113.0,KOSPI,5030,8329,186651,0.6,방송과엔터테인먼트,False,
008060,대덕,0.5689,-3721.99,12792.57,12671.95,13849.9,,,,313.28,84.17,113.13,,,,9.3,,,,9.3,34.41,,,,34.41,1년치 존재,1,143.37,,6.23,32.23,79973.0,74767.0,up,62.8,17000.0,11490.0,up,bull,103160.0,258256.0,-4994.0,-72008.0,KOSPI,16230,5078,74767,0.9,전자장비와기기,False,
001680,대상,0.9844,10797.32,41074.94,42551.35,44013.05,44434.0,45805.0,47220.0,1237.17,1769.41,1692.82,1919.0,2028.0,2060.0,3.44,0.96,3.09,3.09,3.44,-4.33,13.36,5.68,1.58,13.36,4년치 존재,4,,,-23.89,203.41,61435.0,34599.0,down,40.7,19210.0,16900.0,mixed,bear,-60125.0,-137062.0,-9336.0,8186.0,KOSPI,17570,6088,34599,0.6,식품,True,2026-09-02
108320,LX세미콘,1.0,-4406.46,19014.45,18656.22,16390.71,16356.0,16587.0,17090.0,1290.36,1670.77,1088.56,781.0,770.0,950.0,-12.14,-0.21,1.41,3.03,3.03,-34.85,-28.25,-1.41,23.38,23.38,4년치 존재,4,7.34,,5.22,27.21,100080.0,55624.0,up,52.0,41500.0,30700.0,mixed,bull,-67775.0,393629.0,-3160.0,-569739.0,KOSPI,37300,6067,55624,0.6,디스플레이장비및부품,False,
192650,드림텍,0.7273,827.86,10303.81,11726.81,12306.21,11196.0,14022.0,17018.0,340.46,235.54,313.73,204.0,537.0,760.0,4.94,-9.02,25.24,21.37,25.24,33.2,-34.98,163.24,41.53,163.24,4년치 존재,4,6445.65,,-2.61,84.62,1406891.0,721547.0,up,66.9,9700.0,3730.0,up,bull,360411.0,-250059.0,794394.0,4202507.0,KOSPI,9000,5930,721547,0.5,핸드셋,False,
000815,삼성화재우,0.9944,,208247.07,226569.68,247785.2,,,,23572.83,26495.97,26591.43,32565.38,39419.62,38107.08,9.36,,,,9.36,0.36,22.47,21.05,-3.33,22.47,4년치 존재,4,0.59,,8.13,,8315.0,4870.0,down,38.3,441500.0,374500.0,mixed,bear,-15782.0,-34298.0,-2062.0,-7459.0,KOSPI,394500,11863,4870,0.6,손해보험,False,
377740,바이오노트,1.0,-3649.99,900.81,1027.8,1183.24,,,,-470.41,122.15,167.06,,,,15.12,,,,15.12,36.77,,,,36.77,1년치 존재,1,,,-7.79,4.09,38929.0,62116.0,down,48.1,4970.0,4385.0,down,bull_cross,7209.0,-39170.0,938.0,-8772.0,KOSPI,4695,4784,62116,1.6,건강관리장비와용품,False,
079900,전진건설로봇,1.0,-325.12,1583.7,1697.86,1906.61,1941.0,2146.67,2340.33,329.05,313.45,287.19,276.0,340.33,394.33,12.29,1.8,10.6,9.02,12.29,-8.38,-3.9,23.31,15.87,23.31,4년치 존재,4,18.02,,22.63,42.01,73545.0,28045.0,down,46.6,43100.0,26600.0,mixed,bear,-9674.0,15348.0,-2673.0,3942.0,KOSPI,38950,5684,28045,0.4,기계,False,
001500,현대차증권,1.0,,15821.98,17956.33,18204.93,,,,651.7,546.91,722.52,,,,1.38,,,,1.38,32.11,,,,32.11,1년치 존재,1,8.25,,5.33,794.17,62314.0,42752.0,down,39.8,8340.0,6900.0,mixed,bear,-40618.0,-165968.0,-6852.0,74376.0,KOSPI,7700,4761,42752,0.7,증권,False,
460860,동국제강,,13551.47,26321.04,35275.26,32034.31,37768.33,39734.0,41151.67,2354.9,1024.74,593.8,1174.67,1441.67,1585.0,-9.19,17.9,5.2,3.57,17.9,-42.05,97.82,22.73,9.94,97.82,4년치 존재,4,,,0.46,119.4,322346.0,211412.0,up,44.8,10840.0,8080.0,mixed,bear,-649310.0,-664158.0,-170912.0,-150968.0,KOSPI,9590,4757,211412,0.7,철강,False,
001270,부국증권,0.9998,,8150.41,7791.75,9654.64,,,,691.09,366.74,567.77,,,,23.91,,,,23.91,54.82,,,,54.82,1년치 존재,1,11.38,,5.5,770.46,6068.0,1511.0,down,38.3,57400.0,47550.0,down,bull,-2703.0,20774.0,-76.0,-49553.0,KOSPI,50100,5195,1511,0.2,증권,False,
004690,삼천리,0.8709,750.99,56640.41,51205.27,52754.61,54361.0,54856.0,55876.0,1744.91,1143.03,1596.31,1835.0,1786.0,1858.0,3.03,3.05,0.91,1.86,3.05,39.66,14.95,-2.67,4.03,39.66,4년치 존재,4,4.13,,7.72,119.64,5496.0,4933.0,down,39.6,138000.0,111100.0,mixed,bear,-4766.0,-10834.0,1852.0,6401.0,KOSPI,127000,4606,4933,0.9,가스유틸리티,False,
064960,SNT모티브,1.0,-3583.6,11362.8,9688.98,10063.74,10356.67,11439.11,12192.25,1166.29,981.28,1025.53,1044.78,1197.0,1361.0,3.87,2.91,10.45,6.58,10.45,4.51,1.88,14.57,13.7,14.57,4년치 존재,4,10.12,,8.16,26.89,56589.0,30945.0,up,50.3,28450.0,24650.0,mixed,bull,-58159.0,-106916.0,6426.0,-72732.0,KOSPI,26550,7046,30945,0.5,자동차부품,False,
002240,고려제강,1.0,-278.45,17888.78,17396.09,18091.83,,,,563.17,261.07,407.23,,,,4.0,,,,4.0,55.98,,,,55.98,1년치 존재,1,46.91,,2.64,38.86,36050.0,28126.0,up,43.7,17690.0,15860.0,down,bull,-26254.0,-126840.0,200.0,-384.0,KOSPI,16700,4509,28126,0.8,철강,False,
217590,티엠씨,1.0,303.51,3722.55,3756.76,3408.85,3840.0,4070.0,,119.85,108.66,64.29,120.0,170.0,,-9.26,12.65,5.99,,12.65,-40.83,86.65,41.67,,86.65,3년치 존재,3,,,1.97,103.12,2682391.0,4722224.0,up,71.8,19390.0,9230.0,up,bull,66466.0,512171.0,252383.0,384585.0,KOSPI,18510,4460,4722224,1.8,조선,True,2026-08-28
003280,흥아해운,1.0,150.96,1648.12,1880.01,1808.13,,,,245.63,275.41,112.76,,,,-3.82,,,,-3.82,-59.06,,,,-59.06,1년치 존재,1,14.56,,9.42,70.8,9324720.0,3369612.0,up,56.2,2035.0,1529.0,up,bull,1047489.0,2139516.0,19667.0,19833.0,KOSPI,1852,4453,3369612,0.4,해운사,False,
009900,명신산업,1.0,-545.5,17389.05,15738.18,16191.55,16900.0,17500.0,18340.0,2081.12,1481.2,1025.92,1140.0,1380.0,1510.0,2.88,4.38,3.55,4.8,4.8,-30.74,11.12,21.05,9.42,21.05,4년치 존재,4,6.47,,11.54,91.11,236037.0,117609.0,up,53.9,8730.0,5950.0,up,bull,98388.0,147738.0,4467.0,86174.0,KOSPI,8420,4418,117609,0.5,자동차부품,True,2026-09-09
317450,명인제약,1.0,-4466.9,2423.38,2694.35,2872.54,,,,836.18,927.54,924.98,,,,6.61,,,,6.61,-0.28,,,,-0.28,1년치 존재,1,7.78,,12.91,6.38,10765.0,6127.0,up,48.7,49550.0,40100.0,mixed,bull,3486.0,-6051.0,-6824.0,-26701.0,KOSPI,43400,6336,6127,0.6,제약,False,
005420,코스모화학,,3543.74,7989.84,7492.81,6641.55,,,,30.06,-20.01,-159.86,,,,-11.36,,,,-11.36,-698.9,,,,-698.9,1년치 존재,1,,,-8.55,107.27,98520.0,114976.0,up,59.7,12000.0,7760.0,up,bull,32054.0,-29915.0,25109.0,39832.0,KOSPI,11440,4394,114976,1.2,화학,False,
017940,E1,0.882,-6912.07,78277.37,111924.12,103925.23,154098.0,154079.0,150674.0,931.75,2234.43,3240.63,1651.0,4487.0,4531.0,-7.15,48.28,-0.01,-2.21,48.28,45.03,-49.05,171.77,0.98,171.77,4년치 존재,4,5.99,,9.12,643.64,8551.0,7662.0,up,45.0,99400.0,82400.0,mixed,bear,-74.0,28432.0,-2561.0,-19392.0,KOSPI,91500,6277,7662,0.9,가스유틸리티,False,
336370,솔루스첨단소재,0.707,8392.07,4294.22,5709.49,6160.83,5556.0,6899.5,10082.5,-732.08,-544.19,-733.36,-753.5,287.5,760.5,7.91,-9.82,24.18,46.13,46.13,-34.76,-2.75,138.16,164.52,164.52,4년치 존재,4,,,5.69,116.12,259940.0,122398.0,up,60.2,9390.0,5590.0,up,bull,101936.0,-258808.0,228170.0,990755.0,KOSPI,8820,6193,122398,0.5,전자장비와기기,False,
145990,삼양사,0.8903,6948.15,26514.39,26718.21,25625.0,,,,1132.0,1335.23,1117.25,,,,-4.09,,,,-4.09,-16.33,,,,-16.33,1년치 존재,1,,,-17.89,127.21,9504.0,4688.0,down,46.2,48200.0,42350.0,mixed,bear,-5056.0,-31149.0,3207.0,24201.0,KOSPI,45750,4718,4688,0.5,식품,False,
284740,쿠쿠홈시스,0.8898,-655.68,9545.52,10572.09,11213.43,,,,1448.73,1699.81,1693.63,,,,6.07,,,,6.07,-0.36,,,,-0.36,1년치 존재,1,4.67,,13.34,23.29,13448.0,35999.0,up,66.6,24850.0,20850.0,up,bull,28853.0,25035.0,9615.0,35579.0,KOSPI,24850,5576,35999,2.7,가정용기기와용품,False,
403550,쏘카,1.0,2788.21,3984.72,4317.63,4707.03,5080.0,5373.0,5570.0,-96.9,-98.01,232.49,294.0,353.0,405.0,9.02,7.92,5.77,3.67,9.02,337.21,26.46,20.07,14.73,337.21,4년치 존재,4,,,-7.74,209.7,14614.0,19146.0,up,66.3,11500.0,9080.0,up,bull,16316.0,-19094.0,10150.0,65303.0,KOSPI,11500,4363,19146,1.3,도로와철도운송,False,
039130,하나투어,0.7736,-1279.94,4116.12,6166.07,5869.03,5802.25,6378.25,6763.0,340.48,509.19,576.27,467.5,627.5,698.25,-4.82,-1.14,9.93,6.03,9.93,13.17,-18.87,34.22,11.27,34.22,4년치 존재,4,14.64,,26.11,256.37,28305.0,12309.0,down,38.5,34350.0,29050.0,mixed,bear,-28091.0,-83832.0,-7858.0,-3818.0,KOSPI,30150,4670,12309,0.4,"호텔,레스토랑,레저",False,
452260,한화갤러리아,1.0,5115.03,4344.95,5383.14,5751.66,,,,98.21,33.9,94.14,,,,6.85,,,,6.85,177.7,,,,177.7,1년치 존재,1,153.31,,0.41,144.61,2101377.0,1027336.0,down,55.4,2900.0,1669.0,up,bear,-635660.0,-1672736.0,-66950.0,30751.0,KOSPI,2620,5079,1027336,0.5,백화점과일반상점,False,
090435,아모레퍼시픽우,0.9548,-8086.94,36739.64,38851.11,42528.2,47437.11,52147.37,56689.06,1081.71,2204.81,3358.27,4889.89,5715.0,6516.94,9.46,11.54,9.93,8.71,11.54,52.32,45.61,16.87,14.03,52.32,4년치 존재,4,1.81,,5.26,25.85,35607.0,28285.0,down,37.8,46800.0,37050.0,down,bear,-15386.0,-147893.0,-6200.0,91875.0,KOSPI,40350,4260,28285,0.8,화장품,False,
034230,파라다이스,0.7501,6206.98,9941.99,10721.09,11498.67,12719.11,13808.0,14722.86,1457.7,1360.55,1558.16,1662.78,2036.78,2396.86,7.25,10.61,8.56,6.63,10.61,14.52,6.71,22.49,17.68,22.49,4년치 존재,4,9.76,,4.36,87.46,273278.0,721879.0,up,55.0,12660.0,9260.0,down,bull_cross,103255.0,-746105.0,15554.0,202677.0,KOSPI,9940,9207,721879,2.6,"호텔,레스토랑,레저",False,
005945,NH투자증권우,0.9628,,103712.19,100341.54,136989.24,362679.33,339830.67,347040.67,7257.57,9010.69,14205.8,22910.47,20113.93,20934.23,36.52,164.75,-6.3,2.12,164.75,57.65,61.28,-12.21,4.08,61.28,4년치 존재,4,0.41,,16.12,955.37,33858.0,32061.0,down,32.2,25300.0,22200.0,down,bear,-36003.0,-79193.0,-5626.0,-13996.0,KOSPI,22200,4189,32061,0.9,증권,False,
072710,농심홀딩스,1.0,1696.01,7694.96,7982.73,8588.16,,,,753.1,866.39,811.17,,,,7.58,,,,7.58,-6.37,,,,-6.37,1년치 존재,1,3.59,,10.09,44.65,1648.0,830.0,down,34.7,95400.0,87200.0,down,bear,-1454.0,-2017.0,-49.0,-1322.0,KOSPI,88800,4118,830,0.5,식품,False,
014830,유니드,1.0,1189.13,11337.15,11116.31,13387.58,16063.17,17101.33,17706.33,320.69,954.45,879.09,940.5,1124.67,1196.17,20.43,19.99,6.46,3.54,20.43,-7.9,6.99,19.58,6.36,19.58,4년치 존재,4,6.31,,7.81,42.63,10163.0,5213.0,down,44.5,66500.0,57600.0,down,bear,-12096.0,-45247.0,7901.0,14710.0,KOSPI,60800,4115,5213,0.5,화학,False,
000670,영풍,,1866.54,37617.33,27874.14,29089.74,,,,-1698.13,-1607.02,-2596.89,,,,4.36,,,,4.36,-61.6,,,,-61.6,1년치 존재,1,,,2.72,42.85,114582.0,24517.0,down,44.9,49950.0,32100.0,mixed,bear,4491.0,-136716.0,-14907.0,-114680.0,KOSPI,40200,7401,24517,0.2,핸드셋,False,
012030,DB,0.9943,3166.59,4585.84,5874.36,6434.64,,,,370.23,296.27,415.99,,,,9.54,,,,9.54,40.41,,,,40.41,1년치 존재,1,8.21,,14.5,113.01,1076475.0,412429.0,up,72.9,2060.0,1311.0,up,bull,492397.0,-583505.0,66898.0,761142.0,KOSPI,2005,4034,412429,0.4,IT서비스,False,
029460,케이씨,0.8698,-2101.88,7270.22,7384.88,7973.44,9368.0,10687.0,11756.0,663.81,279.78,464.63,756.0,973.0,1176.0,7.97,17.49,14.08,10.0,17.49,66.07,62.71,28.7,20.86,66.07,4년치 존재,4,11.88,,6.08,22.07,37290.0,64214.0,up,67.7,47300.0,25500.0,up,bull,10850.0,85416.0,7909.0,33283.0,KOSPI,47300,5213,64214,1.7,반도체와반도체장비,False,
005389,현대차3우B,0.912,1025242.74,1626635.79,1752311.53,1862544.72,1918166.48,2001787.6,2105818.81,151269.01,142395.92,114678.51,110821.68,126991.24,138052.62,6.29,2.99,4.36,5.2,6.29,-19.47,-3.36,14.59,8.71,14.59,4년치 존재,4,0.04,,7.0,191.33,6697.0,8943.0,up,34.7,204000.0,169400.0,down,bull,-6152.0,-2377.0,-321.0,-14957.0,KOSPI,170400,3957,8943,1.3,자동차,False,
130660,한전산업,1.0,63.51,3632.61,3675.27,3945.48,,,,260.38,161.44,65.75,,,,7.35,,,,7.35,-59.27,,,,-59.27,1년치 존재,1,97.32,,4.26,117.04,694496.0,171986.0,up,45.3,13570.0,9200.0,mixed,bear,20452.0,-67209.0,-2531.0,-24008.0,KOSPI,12120,3951,171986,0.2,전기유틸리티,False,
058650,세아홀딩스,0.8423,20358.81,64192.04,60168.26,66110.86,74867.0,78205.0,80300.5,2007.72,991.86,1754.67,3210.0,3962.0,4074.0,9.88,13.24,4.46,2.68,13.24,76.91,82.94,23.43,2.83,82.94,4년치 존재,4,7.93,,4.55,114.08,814.0,1135.0,down,41.8,138200.0,115000.0,mixed,bear,281.0,-174.0,85.0,1518.0,KOSPI,126300,5122,1135,1.4,철강,False,
383800,LX홀딩스,1.0,2009.41,1181.16,1945.05,1903.59,1580.0,1685.0,1775.0,731.76,1560.17,1333.98,1840.0,1935.0,2075.0,-2.13,-17.0,6.65,5.34,6.65,-14.5,37.93,5.16,7.24,37.93,4년치 존재,4,4.5,,5.7,17.1,71905.0,63167.0,up,45.4,8310.0,7420.0,mixed,bear,-57254.0,-116880.0,1774.0,1981.0,KOSPI,8000,6102,63167,0.9,무역회사와판매업체,False,
020000,한섬,1.0,-387.48,15286.41,14852.64,14917.64,16035.86,16950.43,17835.0,1004.83,634.72,521.79,919.86,1089.29,1247.71,0.44,7.5,5.7,5.22,7.5,-17.79,76.29,18.42,14.54,76.29,4년치 존재,4,10.06,,3.92,18.13,168849.0,91828.0,up,75.9,22650.0,15310.0,up,bull,29349.0,-560152.0,18718.0,644429.0,KOSPI,21650,4650,91828,0.5,"섬유,의류,신발,호화품",False,
071970,HD현대마린엔진,1.0,-4232.94,2443.68,3157.94,4023.96,6049.86,7683.29,8787.86,183.79,331.94,759.12,1535.71,2110.71,2562.86,27.42,50.35,27.0,14.38,50.35,128.69,102.3,37.44,21.42,128.69,4년치 존재,4,9.2,,44.29,89.11,179319.0,231119.0,down,34.3,67700.0,44800.0,down,bear,-105829.0,-211979.0,-74324.0,-207515.0,KOSPI,44800,15197,231119,1.3,조선,False,
271940,일진하이솔루스,1.0,-2379.76,,792.98,815.86,,,,,-95.16,-112.04,,,,2.89,,,,2.89,-17.74,,,,-17.74,1년치 존재,1,,,-0.63,8.22,57109.0,22727.0,up,57.9,11880.0,9190.0,up,bull,23405.0,56286.0,-491.0,-95554.0,KOSPI,11690,4245,22727,0.4,자동차부품,False,
002990,금호건설,1.0,14.34,22176.26,19141.91,20184.88,20763.0,23502.0,26418.0,218.04,-1818.28,470.84,709.0,1068.0,1246.0,5.45,2.86,13.19,12.41,13.19,125.89,50.58,50.63,16.67,125.89,4년치 존재,4,6.63,,30.01,405.51,1861116.0,841675.0,down,32.8,17310.0,7300.0,mixed,bear,599204.0,509871.0,-5809.0,-45536.0,KOSPI,11380,4240,841675,0.5,건설,False,
003545,대신증권우,1.0,,38545.91,40938.63,50638.9,,,,1613.17,835.93,3014.02,5836.67,3716.67,3853.33,23.69,,,,23.69,260.56,93.65,-36.32,3.68,260.56,4년치 존재,4,2.62,,10.91,834.68,34143.0,34399.0,down,42.6,20950.0,18610.0,mixed,bear,-95359.0,-210397.0,-599.0,18304.0,KOSPI,20050,4889,34399,1.0,증권,False,
317400,자이에스앤디,0.7643,-1450.69,23746.33,15781.73,13875.96,15188.4,20344.5,25507.33,1265.92,23.76,125.06,550.0,1011.25,1403.0,-12.08,9.46,33.95,25.38,33.95,426.35,339.79,83.86,38.74,426.35,4년치 존재,4,10.73,,8.04,79.97,936893.0,380245.0,up,49.0,11570.0,4525.0,mixed,bear,24937.0,720607.0,246935.0,1287744.0,KOSPI,9860,3824,380245,0.4,건설,False,
003620,KG모빌리티,0.9076,7372.5,37363.69,39050.69,43036.37,50812.0,56942.0,59231.0,125.48,14.33,361.56,361.0,853.0,1079.0,10.21,18.07,12.06,4.02,18.07,2423.1,-0.15,136.29,26.49,2423.1,4년치 존재,4,11.26,,6.29,154.01,431261.0,458273.0,down,47.4,2930.0,2485.0,down,bull,56071.0,-589063.0,217092.0,-142629.0,KOSPI,2590,5242,458273,1.1,자동차,False,
005090,SGC에너지,0.8591,17399.96,30240.52,23549.93,24606.88,25196.33,26166.0,25933.0,1068.23,1896.12,958.2,1609.67,1778.33,2483.0,4.49,2.4,3.85,-0.89,4.49,-49.47,67.99,10.48,39.63,67.99,4년치 존재,4,,,-6.53,336.96,104548.0,37287.0,down,38.0,64400.0,36150.0,mixed,bear,-61637.0,-77215.0,14566.0,-21897.0,KOSPI,47300,6816,37287,0.4,에너지장비및서비스,False,
344820,KCC글라스,1.0,3428.08,16800.56,19033.21,19006.06,19835.0,20731.0,21878.0,950.2,571.81,-752.07,4.0,510.0,732.0,-0.14,4.36,4.52,5.53,5.53,-231.52,100.53,12650.0,43.53,12650.0,4년치 존재,4,,,-4.05,78.1,12729.0,6911.0,up,43.9,25850.0,21400.0,mixed,bear,-1106.0,7516.0,2033.0,-56410.0,KOSPI,23750,3793,6911,0.5,건축자재,False,
010780,아이에스동서,0.9452,9568.09,20294.4,15145.73,12343.56,10917.5,14041.75,19599.25,3405.21,1696.72,681.23,1560.5,1701.0,3059.25,-18.5,-11.55,28.62,39.58,39.58,-59.85,129.07,9.0,79.85,129.07,4년치 존재,4,,,5.97,114.34,68369.0,25726.0,down,37.7,20600.0,14540.0,down,bull,-55430.0,-162487.0,6395.0,-31764.0,KOSPI,14730,4378,25726,0.4,건설,False,
029530,신도리코,1.0,-4183.27,4025.53,3409.95,3173.28,,,,301.09,201.57,62.48,,,,-6.94,,,,-6.94,-69.0,,,,-69.0,1년치 존재,1,18.49,,3.63,6.69,4174.0,4468.0,up,39.0,43150.0,38200.0,down,bull,-8400.0,-30027.0,-3829.0,477.0,KOSPI,38200,3711,4468,1.1,사무용전자제품,False,
089590,제주항공,0.9955,11477.37,17240.09,19357.92,15799.41,19927.0,19788.33,20193.67,1697.92,799.12,-1116.6,257.0,1274.0,1533.0,-18.38,26.12,-0.7,2.05,26.12,-239.73,123.02,395.72,20.33,395.72,4년치 존재,4,,,-38.69,1009.03,253589.0,236855.0,up,49.8,4970.0,4015.0,mixed,bear,-99552.0,-162641.0,96821.0,357500.0,KOSPI,4550,3669,236855,0.9,항공사,False,
011930,신성이엔지,0.8537,1935.6,5765.2,5823.01,5674.54,7600.0,8503.0,9693.0,73.57,49.92,12.81,195.0,276.0,501.0,-2.55,33.93,11.88,14.0,33.93,-74.34,1422.25,41.54,81.52,1422.25,4년치 존재,4,,,-2.04,193.97,215213.0,320671.0,up,66.6,20200.0,12050.0,up,bull,-56574.0,-11514.0,2862.0,1814.0,KOSPI,19450,3950,320671,1.5,반도체와반도체장비,False,
016590,신대양제지,1.0,-1048.58,6453.6,6585.02,6395.29,,,,585.14,292.84,222.41,,,,-2.88,,,,-2.88,-24.05,,,,-24.05,1년치 존재,1,15.98,,5.42,29.57,8171.0,4606.0,down,27.4,10550.0,9040.0,down,bear,-550.0,-7050.0,-4003.0,-6804.0,KOSPI,9040,3643,4606,0.6,포장재,False,
001940,KISCO홀딩스,1.0,-7896.36,15418.94,10131.78,8252.61,9220.0,9350.0,9990.0,1492.75,-36.28,-707.47,-170.0,260.0,340.0,-18.55,11.72,1.41,6.84,11.72,-1850.03,75.97,252.94,30.77,252.94,4년치 존재,4,,,-1.93,11.58,5998.0,3936.0,down,41.7,28350.0,24700.0,down,bear,-1920.0,-12225.0,-777.0,-18936.0,KOSPI,25500,3615,3936,0.7,철강,False,
950210,프레스티지바이오파마,1.0,428.86,,6.89,143.26,260.72,,,,-627.83,-673.51,-936.12,,,1979.25,81.99,,,1979.25,-7.28,-38.99,,,-7.28,2년치 존재,2,16.12,,-21.71,46.25,29479.0,27933.0,up,45.0,7200.0,5030.0,mixed,bear,3678.0,29011.0,-302.0,-2.0,KOSPI,5980,3594,27933,0.9,제약,False,
092790,넥스틸,1.0,693.01,6190.52,5523.65,5509.92,,,,1573.37,632.05,399.42,,,,-0.25,,,,-0.25,-36.81,,,,-36.81,1년치 존재,1,9.85,,1.98,79.29,1322388.0,265899.0,up,51.1,14680.0,10190.0,up,bear,-110415.0,-116936.0,-124441.0,-115024.0,KOSPI,13660,3552,265899,0.2,철강,False,
003000,부광약품,1.0,-884.29,1259.28,1600.87,2007.14,,,,-374.97,16.18,141.64,,,,25.38,,,,25.38,775.4,,,,775.4,1년치 존재,1,33.31,,3.0,39.67,402565.0,2523490.0,up,59.5,4565.0,3665.0,mixed,bull,-69376.0,390599.0,22345.0,-1084657.0,KOSPI,4240,4183,2523490,6.3,제약,False,
006405,삼성SDI우,0.8684,106775.0,214367.88,165922.49,132667.31,158676.47,196366.68,242839.0,15454.89,3633.04,-17223.61,4380.0,14987.68,26120.88,-20.04,19.6,23.75,23.67,23.75,-574.08,125.43,242.18,74.28,242.18,4년치 존재,4,,,0.17,77.45,4170.0,4907.0,down,55.2,229000.0,154300.0,mixed,bear,4925.0,3634.0,-72.0,-1419.0,KOSPI,219500,3551,4907,1.2,전기제품,False,
000070,삼양홀딩스,0.3159,11119.41,32108.53,34150.11,33482.87,,,,948.03,1080.28,1087.66,,,,-1.95,,,,-1.95,0.68,,,,0.68,1년치 존재,1,,,-9.61,115.73,7043.0,12561.0,down,30.6,61700.0,54500.0,mixed,bear,1101.0,-16769.0,-1461.0,9672.0,KOSPI,56600,4394,12561,1.8,화학,False,
003350,한국화장품제조,,-575.54,1093.38,1674.69,1846.28,2583.0,2967.0,,90.25,265.45,328.84,491.0,593.0,,10.25,39.9,14.87,,39.9,23.88,49.31,20.77,,49.31,3년치 존재,3,,,30.62,96.11,2065696.0,5829553.0,up,62.0,16720.0,7250.0,up,bear,231755.0,79756.0,10561.0,661155.0,KOSPI,16570,3755,5829553,2.8,화장품,False,
015860,일진홀딩스,0.3927,-5626.04,14718.96,18000.24,22827.24,,,,575.19,725.21,1455.91,,,,26.82,,,,26.82,100.76,,,,100.76,1년치 존재,1,10.03,,-3.99,97.44,86196.0,105870.0,up,57.1,7400.0,4980.0,up,bull,-19908.0,-55437.0,49172.0,196906.0,KOSPI,7150,3528,105870,1.2,전기장비,False,
034310,NICE,0.4916,5008.22,28189.17,30383.27,32425.6,,,,969.85,1742.64,1980.97,,,,6.72,,,,6.72,13.68,,,,13.68,1년치 존재,1,11.43,,2.76,170.69,27255.0,14535.0,down,36.3,13580.0,11220.0,down,bear,-8562.0,-60283.0,-2378.0,31484.0,KOSPI,11710,4304,14535,0.5,IT서비스,False,
025540,한국단자,1.0,-1336.32,12969.4,15097.91,14428.5,15003.0,15888.0,16785.0,1117.45,1713.13,1392.53,1102.0,1371.0,1533.0,-4.43,3.98,5.9,5.65,5.9,-18.71,-20.86,24.41,11.82,24.41,4년치 존재,4,5.23,,10.62,38.09,15684.0,13407.0,down,40.7,66300.0,54400.0,down,bull,-22784.0,-78599.0,7021.0,78701.0,KOSPI,54800,5543,13407,0.9,자동차부품,False,
170900,동아에스티,1.0,2744.76,6639.8,6978.69,8087.8,8771.0,9965.0,11215.0,111.78,-250.02,6.23,369.0,434.0,463.0,15.89,8.45,13.61,12.54,15.89,102.49,5822.95,17.62,6.68,5822.95,4년치 존재,4,,,1.35,100.97,7839.0,6160.0,down,46.7,39700.0,33350.0,down,bull_cross,594.0,-4657.0,-51.0,-11300.0,KOSPI,35450,3449,6160,0.8,제약,False,
145720,덴티움,1.0,2245.04,3931.89,4078.07,3464.52,3734.0,4275.0,4902.67,1382.79,984.97,641.11,713.0,821.33,1019.33,-15.05,7.78,14.49,14.68,14.68,-34.91,11.21,15.19,24.11,24.11,4년치 존재,4,20.94,,5.27,65.96,13015.0,17850.0,up,61.3,43850.0,36350.0,mixed,bull,-865.0,-29440.0,26275.0,40566.0,KOSPI,39850,3437,17850,1.4,건강관리장비와용품,False,
003030,세아제강지주,0.9453,20507.16,39133.42,36750.87,37595.75,44341.0,49231.5,53827.5,5909.46,2116.11,2058.26,823.0,3034.0,3620.0,2.3,17.94,11.03,9.34,17.94,-2.73,-60.01,268.65,19.31,268.65,4년치 존재,4,7.07,,-5.76,144.09,20069.0,11828.0,down,49.6,120000.0,96500.0,up,bull,-32023.0,-17978.0,27049.0,14202.0,KOSPI,108000,4473,11828,0.6,철강,False,
104700,한국철강,,-3323.8,9050.96,6000.04,4866.05,5490.0,5520.0,5900.0,865.52,18.14,-386.99,-160.0,160.0,210.0,-18.9,12.82,0.55,6.88,12.82,-2233.35,58.66,200.0,31.25,200.0,4년치 존재,4,,,-2.06,14.84,22881.0,12521.0,up,43.6,10120.0,9040.0,down,bear,14897.0,-40259.0,-11632.0,-34962.0,KOSPI,9380,3419,12521,0.5,철강,False,
007690,국도화학,0.9956,4401.52,13117.76,13057.75,13955.56,19038.0,18911.0,19023.0,191.53,253.34,531.7,1133.0,1185.0,1350.0,6.88,36.42,-0.67,0.59,36.42,109.88,113.09,4.59,13.92,113.09,4년치 존재,4,16.3,,6.04,125.19,14826.0,3494.0,up,50.9,40750.0,34700.0,up,bull_cross,4867.0,-20107.0,-1012.0,13926.0,KOSPI,38350,3552,3494,0.2,화학,False,
004700,조광피혁,,-520.6,1265.67,902.48,978.8,,,,63.44,72.26,87.9,,,,8.46,,,,8.46,21.64,,,,21.64,1년치 존재,1,,,1.76,15.36,735.0,1737.0,down,52.4,68200.0,61900.0,up,bear,418.0,894.0,-1268.0,-1643.0,KOSPI,66500,4422,1737,2.4,"섬유,의류,신발,호화품",False,
005250,녹십자홀딩스,,15833.53,20579.36,22048.55,24514.76,,,,-164.38,-107.16,362.27,,,,11.19,,,,11.19,438.06,,,,438.06,1년치 존재,1,,,-13.11,139.77,56262.0,260446.0,up,60.9,10750.0,9040.0,mixed,bull,-104.0,-64704.0,4605.0,-4986.0,KOSPI,10150,4773,260446,4.6,제약,False,
092230,KPX홀딩스,0.6795,-6678.85,12070.1,12239.42,11637.26,,,,653.75,511.33,429.64,,,,-4.92,,,,-4.92,-15.98,,,,-15.98,1년치 존재,1,4.78,,25.57,35.75,1736.0,867.0,up,49.6,104300.0,82000.0,mixed,bear,-694.0,-1353.0,-233.0,294.0,KOSPI,96000,3791,867,0.5,화학,False,
453340,현대그린푸드,0.9947,-1200.06,18269.98,22704.2,23296.23,25087.5,26724.0,28165.0,648.42,966.76,1067.95,1372.5,1498.5,1630.0,2.61,7.69,6.52,5.39,7.69,10.47,28.52,9.18,8.78,28.52,4년치 존재,4,7.07,,12.46,41.13,37156.0,35995.0,down,51.8,19550.0,17830.0,up,bear,-7132.0,-68004.0,-2090.0,35210.0,KOSPI,18990,6166,35995,1.0,식품,False,
002710,TCC스틸,0.9969,2084.53,6244.19,5820.75,6115.14,,,,112.51,122.72,-109.09,,,,5.06,,,,5.06,-188.89,,,,-188.89,1년치 존재,1,,,-6.98,130.31,637914.0,429198.0,up,61.7,15100.0,7390.0,up,bull,-377316.0,-688039.0,206769.0,185107.0,KOSPI,14090,3694,429198,0.7,철강,False,
126560,현대퓨처넷,1.0,-3232.02,1636.44,2158.16,2645.15,,,,88.33,69.45,63.09,,,,22.57,,,,22.57,-9.16,,,,-9.16,1년치 존재,1,48.95,,1.27,5.72,58788.0,26289.0,up,56.4,3425.0,2830.0,up,bear,-15854.0,-128988.0,-2096.0,3563.0,KOSPI,3375,3686,26289,0.4,화장품,False,
016610,DB증권,0.8528,,12069.86,13185.38,19219.88,,,,212.96,618.59,1166.98,,,,45.77,,,,45.77,88.65,,,,88.65,1년치 존재,1,5.28,,9.16,1006.08,53436.0,31240.0,up,50.4,10500.0,7920.0,up,bear_cross,-49551.0,-265893.0,63425.0,465885.0,KOSPI,10120,4296,31240,0.6,증권,False,
096760,JW홀딩스,0.5066,2581.64,9280.72,8877.1,9695.65,,,,1448.99,1465.23,1678.99,,,,9.22,,,,9.22,14.59,,,,14.59,1년치 존재,1,5.43,,32.69,97.55,68148.0,51518.0,up,54.2,4395.0,3590.0,up,bear,-6011.0,77637.0,1384.0,-2880.0,KOSPI,4300,3179,51518,0.8,제약,False,
024720,콜마홀딩스,1.0,1364.24,6372.74,6766.63,6301.12,,,,168.71,381.19,477.43,,,,-6.88,,,,-6.88,25.25,,,,25.25,1년치 존재,1,13.54,,7.19,47.11,18682.0,9754.0,down,40.2,10660.0,8250.0,down,bear,9751.0,-4910.0,-8779.0,-45915.0,KOSPI,9250,3172,9754,0.5,화장품,False,
02826K,삼성물산우B,0.7149,-38038.9,418956.81,421032.38,407422.41,456528.06,493817.5,516251.2,28701.74,29833.97,32927.47,37892.31,44032.56,47685.8,-3.23,12.05,8.17,4.54,12.05,10.37,15.08,16.2,8.3,16.2,4년치 존재,4,0.13,,3.99,44.02,4438.0,2334.0,down,38.2,248500.0,177000.0,mixed,bear,-1597.0,-12860.0,-1041.0,10540.0,KOSPI,214500,3148,2334,0.5,복합기업,False,
015360,INVENI,1.0,2038.45,11421.29,11603.52,13275.99,,,,131.84,242.7,1117.15,,,,14.41,,,,14.41,360.3,,,,360.3,1년치 존재,1,4.42,,12.47,102.64,13186.0,10117.0,up,54.7,14840.0,13570.0,up,bear_cross,-6315.0,-4513.0,-644.0,23278.0,KOSPI,14610,3835,10117,0.8,가스유틸리티,False,
084010,대한제강,0.8717,-2726.36,14478.32,12245.35,12470.59,14273.33,15110.0,15643.33,1099.35,103.17,-28.73,276.67,286.67,330.0,1.84,14.46,5.86,3.53,14.46,-127.85,1063.0,3.61,15.11,1063.0,4년치 존재,4,21.35,,0.58,40.84,197837.0,100737.0,up,62.8,9280.0,7080.0,up,bull,-395186.0,-466329.0,-13152.0,-35863.0,KOSPI,9130,3138,100737,0.5,철강,False,
017810,풀무원,0.8843,10639.49,29934.68,32136.97,33801.89,35677.0,37527.0,39914.0,619.81,918.29,931.73,1081.0,1216.0,1559.5,5.18,5.55,5.19,6.36,6.36,1.46,16.02,12.49,28.25,28.25,4년치 존재,4,18.65,,14.51,274.25,21919.0,13910.0,down,41.8,9910.0,8610.0,down,bear,-36340.0,-124976.0,57.0,8485.0,KOSPI,8850,3374,13910,0.6,식품,True,2026-09-10
001510,SK증권,1.0,,11444.82,11017.42,14046.72,,,,130.98,-1078.76,77.86,,,,27.5,,,,27.5,107.22,,,,107.22,1년치 존재,1,18.18,,11.32,1191.67,2149282.0,1787805.0,down,41.2,2955.0,1765.0,mixed,bear,519581.0,4602431.0,-30810.0,-3434154.0,KOSPI,2265,5239,1787805,0.8,증권,False,
126720,수산인더스트리,1.0,-1802.89,3247.4,3167.91,3376.55,3523.0,3702.0,,502.31,435.0,430.79,494.0,555.0,,6.59,4.34,5.08,,6.59,-0.97,14.67,12.35,,14.67,3년치 존재,3,6.34,,13.74,23.01,22407.0,20379.0,up,51.3,23250.0,19630.0,mixed,bull_cross,-13153.0,-6525.0,-968.0,-42827.0,KOSPI,21700,3100,20379,0.9,에너지장비및서비스,True,2026-08-27
097520,엠씨넥스,1.0,79.46,9324.9,10570.58,12792.37,11865.0,13451.0,14377.0,182.24,443.85,520.15,250.0,386.0,424.0,21.02,-7.25,13.37,6.88,21.02,17.19,-51.94,54.4,9.84,54.4,4년치 존재,4,6.45,,8.94,58.77,27448.0,29520.0,up,49.2,20900.0,16480.0,mixed,bull,23902.0,22483.0,-11230.0,-31249.0,KOSPI,19120,3327,29520,1.1,핸드셋,False,
249420,일동제약,1.0,816.88,6007.58,6149.41,5669.34,,,,-539.44,131.19,194.77,,,,-7.81,,,,-7.81,48.46,,,,48.46,1년치 존재,1,17.05,,20.71,124.6,230606.0,213675.0,up,53.4,16490.0,12150.0,mixed,bull,131331.0,-135684.0,1204.0,-82744.0,KOSPI,14910,4717,213675,0.9,제약,False,
105630,한세실업,0.9982,5226.53,17087.56,17977.96,19417.77,21196.29,22085.14,22816.67,1682.25,1421.98,834.16,1010.57,1055.86,1193.33,8.01,9.16,4.19,3.31,9.16,-41.34,21.15,4.48,13.02,21.15,4년치 존재,4,6.14,,4.9,133.17,42705.0,20838.0,down,47.0,9970.0,8550.0,down,bull,-8575.0,-121977.0,-27023.0,-107608.0,KOSPI,8790,3516,20838,0.5,"섬유,의류,신발,호화품",False,
009290,광동제약,0.9831,1232.25,15144.54,16407.19,16595.12,,,,420.7,300.97,310.46,,,,1.15,,,,1.15,3.15,,,,3.15,1년치 존재,1,16.63,,3.58,85.87,133738.0,287649.0,up,69.8,7000.0,5620.0,up,bull,-35635.0,-161511.0,-3384.0,-22971.0,KOSPI,7000,3486,287649,2.2,제약,False,
025860,남해화학,1.0,2097.05,15880.78,15191.09,16044.21,,,,110.53,362.64,431.29,,,,5.62,,,,5.62,18.93,,,,18.93,1년치 존재,1,10.33,,2.13,101.99,255445.0,124109.0,down,47.4,6510.0,5340.0,mixed,bear,119359.0,61054.0,-6902.0,125270.0,KOSPI,6060,3011,124109,0.5,화학,False,
002020,코오롱,1.0,23440.16,58784.32,59200.11,58861.33,,,,993.33,-920.08,605.01,,,,-0.57,,,,-0.57,165.76,,,,165.76,1년치 존재,1,,,-3.74,191.59,22741.0,24985.0,down,33.3,43900.0,21300.0,down,bull,-25405.0,-54202.0,-966.0,-687.0,KOSPI,23050,2975,24985,1.1,복합기업,False,
123890,한국자산신탁,1.0,,2590.72,2264.48,2042.88,2485.0,2450.0,2660.0,1167.06,517.65,342.27,715.0,1015.0,1240.0,-9.79,21.64,-1.41,8.57,21.64,-33.88,108.9,41.96,22.17,108.9,4년치 존재,4,6.01,,5.67,,131678.0,64347.0,down,43.5,2640.0,2180.0,mixed,bear,-12623.0,561710.0,-27216.0,-916375.0,KOSPI,2425,2968,64347,0.5,부동산,False,
009450,경동나비엔,0.9989,2040.46,12043.13,13538.79,15022.4,16926.0,18994.0,21342.0,1059.11,1325.76,1433.77,2679.0,2668.0,3145.0,10.96,12.67,12.22,12.36,12.67,8.15,86.85,-0.41,17.88,86.85,4년치 존재,4,10.02,,19.41,86.67,27216.0,21841.0,up,50.9,77000.0,59000.0,mixed,bull,42584.0,68760.0,-27954.0,-89286.0,KOSPI,61700,8989,21841,0.8,가정용기기와용품,False,
200880,서연이화,0.9819,6745.21,35742.66,40415.29,45052.5,,,,1931.1,1544.04,1618.0,,,,11.47,,,,11.47,4.79,,,,4.79,1년치 존재,1,4.94,,10.75,151.92,23972.0,19922.0,down,43.7,13050.0,9820.0,down,bull,21920.0,57975.0,-1414.0,-47991.0,KOSPI,10970,2965,19922,0.8,자동차부품,False,
001230,동국홀딩스,0.7758,1121.2,18411.14,19994.26,19852.65,22750.0,23270.0,23980.0,600.63,580.03,394.57,380.0,470.0,510.0,-0.71,14.59,2.29,3.05,14.59,-31.97,-3.69,23.68,8.51,23.68,4년치 존재,4,19.45,,6.33,45.85,818509.0,391732.0,down,45.6,2190.0,1622.0,mixed,bear,-88945.0,-1856.0,-19951.0,53241.0,KOSPI,2010,3126,391732,0.5,철강,True,2026-08-28
003120,일성아이에스,,-2118.44,780.53,690.18,642.92,,,,-79.93,-95.18,-61.61,,,,-6.85,,,,-6.85,35.27,,,,35.27,1년치 존재,1,,,1.47,3.76,4973.0,4373.0,up,64.8,22250.0,19530.0,up,bull,-5275.0,-10050.0,-360.0,-111.0,KOSPI,22200,2953,4373,0.9,제약,False,
060980,HL홀딩스,0.9918,8148.21,12855.33,13710.86,13350.36,13630.0,14660.0,15840.0,921.74,904.43,886.9,1230.0,1380.0,1600.0,-2.63,2.09,7.56,8.05,8.05,-1.94,38.69,12.2,15.94,38.69,4년치 존재,4,16.18,,5.1,116.53,11940.0,6646.0,down,33.0,41100.0,36050.0,mixed,bear,-11907.0,-14022.0,-13169.0,-28065.0,KOSPI,37650,3372,6646,0.6,자동차부품,False,
009410,태영건설,0.666,9516.19,33529.22,26861.74,21744.84,,,,-4045.32,206.42,527.89,,,,-19.05,,,,-19.05,155.74,,,,155.74,1년치 존재,1,8.18,,33.71,510.14,282008.0,294744.0,up,44.7,1723.0,1560.0,mixed,bear,21964.0,-250516.0,6669.0,506.0,KOSPI,1635,5223,294744,1.0,건설,False,
000157,두산2우B,0.5324,54570.67,191301.3,181328.74,197841.38,218669.42,252464.36,289670.67,14362.62,10037.59,10627.15,18054.5,25309.18,32375.67,9.11,10.53,15.45,14.74,15.45,5.87,69.89,40.18,27.92,69.89,4년치 존재,4,4.38,,17.75,161.3,365.0,367.0,up,52.8,415000.0,255000.0,up,bear_cross,-142.0,-441.0,1.0,1.0,KOSPI,372000,3322,367,1.0,복합기업,False,
194370,제이에스코퍼레이션,0.8927,7780.91,8627.65,11174.99,12882.33,16597.0,18344.0,19658.0,840.42,1212.56,1405.12,1767.0,1886.0,2033.0,15.28,28.84,10.53,7.16,28.84,15.88,25.75,6.73,7.79,25.75,4년치 존재,4,4.57,,15.89,226.25,42914.0,34617.0,down,37.6,14090.0,11250.0,mixed,bear,-22526.0,-66259.0,-20517.0,-125577.0,KOSPI,12050,3497,34617,0.8,"섬유,의류,신발,호화품",True,2026-09-30
005430,한국공항,1.0,-617.87,5447.25,6265.37,6631.93,7050.0,,,339.69,450.1,470.15,635.0,,,5.85,6.3,,,6.3,4.45,35.06,,,35.06,2년치 존재,2,7.43,,11.24,34.89,5891.0,2761.0,up,65.6,101500.0,77300.0,up,bull,8803.0,15967.0,349.0,2847.0,KOSPI,95200,3014,2761,0.5,운송인프라,False,
034830,한국토지신탁,0.9993,,2700.86,2363.38,1843.6,2254.25,2409.0,2815.0,312.35,339.43,-208.8,249.8,422.5,505.0,-21.99,22.27,6.86,16.85,22.27,-161.51,219.64,69.14,19.53,219.64,4년치 존재,4,13.42,,4.06,,234889.0,294156.0,down,37.5,1200.0,1081.0,mixed,bear,-208626.0,-597945.0,-454237.0,-638319.0,KOSPI,1115,2815,294156,1.3,부동산,False,
005950,이수화학,,2848.65,19954.88,19162.31,16594.77,,,,-560.18,-514.45,68.84,,,,-13.4,,,,-13.4,113.38,,,,113.38,1년치 존재,1,,,58.08,151.09,304898.0,184013.0,up,48.4,15650.0,10570.0,mixed,bull,165981.0,183994.0,-958.0,-45222.0,KOSPI,11390,2995,184013,0.6,화학,False,
044450,KSS해운,1.0,12107.05,4726.03,5179.29,5613.95,,,,883.61,1040.83,1103.33,,,,8.39,,,,8.39,6.0,,,,6.0,1년치 존재,1,7.55,,19.49,229.98,155225.0,43379.0,up,71.4,12520.0,9290.0,up,bull,25582.0,284709.0,-3115.0,-187668.0,KOSPI,12220,2759,43379,0.3,해운사,False,
122900,아이마켓코리아,0.8394,515.43,34255.96,33183.35,30544.23,39470.0,42650.0,45530.0,511.07,447.85,203.2,710.0,860.0,970.0,-7.95,29.22,8.06,6.75,29.22,-54.63,249.41,21.13,12.79,249.41,4년치 존재,4,13.12,,8.04,240.45,46320.0,50619.0,down,53.2,8410.0,7090.0,mixed,bear,-11261.0,-61151.0,5545.0,65578.0,KOSPI,8220,2748,50619,1.1,상업서비스와공급품,False,
306200,세아제강,1.0,2511.76,18609.05,18094.33,14847.97,18667.5,19906.33,20521.0,2319.1,2029.09,496.01,1136.67,1326.33,1480.4,-17.94,25.72,6.64,3.09,25.72,-75.56,129.16,16.69,11.62,129.16,4년치 존재,4,13.93,,4.9,81.42,13244.0,6474.0,up,51.9,156000.0,118500.0,up,bull,4339.0,29999.0,-7566.0,-23322.0,KOSPI,147300,4178,6474,0.5,철강,False,
078520,에이블씨엔씨,1.0,-38.21,2736.45,2392.43,2420.02,2545.0,2900.0,,114.22,181.94,179.53,344.0,406.0,,1.15,5.16,13.95,,13.95,-1.32,91.61,18.02,,91.61,3년치 존재,3,20.83,,28.07,110.79,84863.0,154696.0,up,61.2,13430.0,9460.0,mixed,bull,-40529.0,2975.0,181498.0,266682.0,KOSPI,11790,2943,154696,1.8,화장품,False,
002900,TYM,1.0,1164.5,8364.75,7887.9,9293.61,9972.0,,,764.62,160.8,640.82,833.0,,,17.82,7.3,,,17.82,298.52,29.99,,,298.52,2년치 존재,2,6.78,,16.72,92.04,184092.0,113699.0,down,45.3,7520.0,5640.0,mixed,bear,385705.0,800660.0,-563728.0,-1269250.0,KOSPI,6570,2720,113699,0.6,기계,False,
058430,포스코스틸리온,0.9803,-576.43,11585.4,12098.65,11254.4,11780.0,12255.0,12545.0,306.32,519.23,244.59,285.0,320.0,335.0,-6.98,4.67,4.03,2.37,4.67,-52.89,16.52,12.28,4.69,16.52,4년치 존재,4,15.86,,4.57,33.44,216511.0,230471.0,down,42.8,4865.0,3975.0,mixed,bear,-64867.0,-12653.0,-34511.0,12767.0,KOSPI,4505,2703,230471,1.1,비철금속,False,
005720,넥센,0.5127,12586.84,30360.62,32143.04,35865.18,,,,2210.38,2096.64,2042.1,,,,11.58,,,,11.58,-2.6,,,,-2.6,1년치 존재,1,3.57,,8.36,114.9,53350.0,104680.0,up,58.9,6490.0,5430.0,mixed,bull,67047.0,44992.0,128810.0,110192.0,KOSPI,6200,3258,104680,2.0,자동차부품,False,
0120G0,삼양바이오팜,,-194.85,,,285.94,,,,,,26.91,,,,,,,,,,,,,,1년치 존재,1,,,,44.54,33939.0,40958.0,down,51.7,62100.0,33900.0,up,bull,30636.0,58252.0,-501.0,-4460.0,KOSPI,49400,3673,40958,1.2,건강관리장비와용품,False,
033270,유나이티드제약,,-1636.96,2789.43,2887.07,2887.65,3035.0,3203.0,3384.0,549.5,562.83,495.85,478.0,496.0,508.0,0.02,5.1,5.54,5.65,5.65,-11.9,-3.6,3.77,2.42,3.77,4년치 존재,4,,,16.72,14.81,27634.0,22755.0,up,53.5,18500.0,16980.0,mixed,bear,1949.0,-32771.0,-800.0,6172.0,KOSPI,18020,2867,22755,0.8,제약,False,
017390,서울가스,0.9984,-6613.98,17174.23,17037.89,18279.97,,,,-32.01,-102.85,174.06,,,,7.29,,,,7.29,269.24,,,,269.24,1년치 존재,1,8.66,,1.98,42.71,5007.0,1964.0,down,41.6,57200.0,52000.0,mixed,bear,-1961.0,-9572.0,-4027.0,-22644.0,KOSPI,54100,2678,1964,0.4,가스유틸리티,False,
002810,삼영무역,0.9555,-3143.9,4768.1,4801.91,4468.68,,,,171.82,183.6,127.62,,,,-6.94,,,,-6.94,-30.49,,,,-30.49,1년치 존재,1,6.73,,11.05,15.57,15952.0,14389.0,down,44.0,23700.0,18750.0,down,bull,5337.0,53234.0,-11190.0,-49941.0,KOSPI,21350,3943,14389,0.9,화학,False,
105840,우진,0.788,-57.61,1290.59,1407.27,1503.79,,,,153.65,161.05,141.78,,,,6.86,,,,6.86,-11.97,,,,-11.97,1년치 존재,1,29.83,,6.04,26.13,464263.0,321321.0,down,40.4,15660.0,11090.0,mixed,bear,-56629.0,-824903.0,-191799.0,-6884.0,KOSPI,12860,2597,321321,0.7,기계,False,
004310,현대약품,,311.95,1807.63,1757.35,1917.9,,,,69.27,1.81,41.61,,,,9.14,,,,9.14,2198.9,,,,2198.9,1년치 존재,1,,,4.31,75.47,7229346.0,1069040.0,down,44.8,10500.0,4595.0,mixed,bear,-26856.0,-23726.0,270.0,-1667.0,KOSPI,8080,2586,1069040,0.1,제약,False,
183190,아세아시멘트,0.9817,5963.24,12004.55,11103.38,10227.9,10701.33,11606.67,12226.0,1468.87,1407.51,771.34,739.0,1162.67,1425.33,-7.88,4.63,8.46,5.34,8.46,-45.2,-4.19,57.33,22.59,57.33,4년치 존재,4,21.36,,1.06,93.56,33188.0,34214.0,down,42.9,11430.0,8580.0,mixed,bear,-10615.0,32550.0,-25300.0,-120656.0,KOSPI,10030,3609,34214,1.0,건축자재,False,
031430,신세계인터내셔날,1.0,2720.61,13543.27,10735.88,11099.69,12780.33,13616.4,14316.67,487.33,72.41,-114.97,551.5,757.6,830.0,3.39,15.14,6.54,5.14,15.14,-258.78,579.69,37.37,9.56,579.69,4년치 존재,4,88.8,,2.47,57.31,51624.0,84228.0,up,59.2,12640.0,10190.0,mixed,bull,-66594.0,-236478.0,108020.0,165220.0,KOSPI,10850,3796,84228,1.6,"섬유,의류,신발,호화품",False,
004360,세방,1.0,-97.25,11419.5,13733.89,12417.87,,,,286.56,244.96,273.01,,,,-9.58,,,,-9.58,11.45,,,,11.45,1년치 존재,1,3.93,,5.12,24.66,14304.0,25643.0,up,54.3,13670.0,12410.0,mixed,bear,24926.0,36915.0,-156.0,-13096.0,KOSPI,13490,2579,25643,1.8,항공화물운송과물류,False,
000650,천일고속,,173.73,439.98,447.17,455.5,,,,-51.48,-52.69,-59.41,,,,1.86,,,,1.86,-12.75,,,,-12.75,1년치 존재,1,,,-78.65,707.28,2248.0,25162.0,up,78.2,180300.0,127700.0,mixed,bull,-3639.0,-2125.0,-15.0,-47.0,KOSPI,180300,2577,25162,11.2,도로와철도운송,False,
226320,잇츠한불,0.5129,-3656.63,1354.5,1424.31,1533.87,,,,112.07,178.84,192.15,,,,7.69,,,,7.69,7.44,,,,7.44,1년치 존재,1,15.38,,8.55,5.86,25827.0,99483.0,up,68.2,11730.0,8770.0,up,bull,60731.0,79910.0,2152.0,-30933.0,KOSPI,11730,2572,99483,3.9,화장품,False,
244920,에이플러스에셋,0.8964,-978.63,3508.73,5157.86,6824.67,,,,125.53,315.51,293.14,,,,32.32,,,,32.32,-7.09,,,,-7.09,1년치 존재,1,13.22,,18.03,98.02,22698.0,11543.0,down,49.4,14170.0,10180.0,mixed,bear,-11463.0,20663.0,15188.0,49458.0,KOSPI,12940,2925,11543,0.5,손해보험,False,
091810,트리니티항공,1.0,4891.38,13487.59,15367.8,17981.81,21655.0,22065.0,23035.0,1394.12,-122.71,-2654.68,-2390.0,265.0,1355.0,17.01,20.43,1.89,4.4,20.43,-2063.38,9.97,111.09,411.32,411.32,4년치 존재,4,,,-1837.94,2311.6,59240.0,46974.0,up,40.4,4305.0,2565.0,down,bull,-33426.0,-176684.0,155.0,3839.0,KOSPI,2640,2696,46974,0.8,항공사,False,
272450,진에어,,266.44,12772.22,14612.63,13810.81,15677.0,16058.67,16439.67,1821.63,1631.14,-191.58,-308.33,961.33,1364.33,-5.49,13.51,2.43,2.37,13.51,-111.75,-60.94,411.79,41.92,411.79,4년치 존재,4,,,-38.9,635.72,96911.0,37926.0,down,48.4,6500.0,4815.0,mixed,bear,-36284.0,-4922.0,-1042.0,31164.0,KOSPI,5830,3043,37926,0.4,항공사,False,
005680,삼영전자,1.0,-3101.26,1772.9,1629.78,1497.29,1516.0,1600.0,1674.0,64.57,73.0,92.4,73.0,79.0,85.0,-8.13,1.25,5.54,4.62,5.54,26.58,-21.0,8.22,7.59,26.58,4년치 존재,4,48.82,,0.74,8.64,21793.0,18618.0,up,47.8,14770.0,12040.0,mixed,bull,-5727.0,-12323.0,-544.0,5685.0,KOSPI,12500,2500,18618,0.9,전기제품,False,
006220,제주은행,1.0,,3712.11,3797.43,3658.75,,,,26.23,114.22,99.34,,,,-3.65,,,,-3.65,-13.03,,,,-13.03,1년치 존재,1,26.21,,2.29,,165386.0,43762.0,up,47.1,10350.0,8250.0,mixed,bear,-9331.0,-8685.0,-205.0,-28540.0,KOSPI,9660,3651,43762,0.3,은행,False,
003960,사조대림,0.9584,5647.46,20630.75,26429.56,34998.13,,,,1286.37,1330.17,946.83,,,,32.42,,,,32.42,-28.82,,,,-28.82,1년치 존재,1,,,-31.04,216.95,2877.0,1821.0,down,39.5,32800.0,26650.0,down,bull,2157.0,-4871.0,-3673.0,-8705.0,KOSPI,27250,2497,1821,0.6,식품,False,
027410,BGF,1.0,-422.26,3563.93,4340.85,4694.68,4740.0,4840.0,4940.0,605.7,552.29,611.74,590.0,650.0,700.0,8.15,0.97,2.11,2.07,8.15,10.76,-3.55,10.17,7.69,10.76,4년치 존재,4,6.13,,3.74,21.3,59424.0,216810.0,up,47.6,4195.0,3710.0,down,bull,18449.0,-82336.0,-1859.0,18251.0,KOSPI,3785,3623,216810,3.6,화학,False,
011760,현대코퍼레이션,0.9992,8648.6,65804.48,69956.63,75542.86,96652.5,94450.0,93896.75,993.31,1335.29,1401.31,2058.0,1965.25,2013.75,7.99,27.94,-2.28,-0.59,27.94,4.94,46.86,-4.51,2.47,46.86,4년치 존재,4,3.7,,13.9,319.57,29428.0,15383.0,down,34.9,27750.0,21750.0,mixed,bear,-6326.0,-13495.0,-6201.0,-7575.0,KOSPI,24250,3208,15383,0.5,무역회사와판매업체,False,
010690,화신,1.0,5823.72,18027.6,17123.16,19624.84,20255.0,21879.0,23515.0,837.29,653.11,1024.48,560.5,851.5,961.0,14.61,3.21,8.02,7.48,14.61,56.86,-45.29,51.92,12.86,56.86,4년치 존재,4,3.95,,12.78,199.37,113663.0,94767.0,up,45.4,9070.0,6720.0,mixed,bull,-5500.0,-53898.0,-5832.0,-36848.0,KOSPI,7550,2636,94767,0.8,자동차부품,False,
002310,아세아제지,1.0,-635.58,9083.34,8910.65,8551.26,,,,875.83,265.66,272.16,,,,-4.03,,,,-4.03,2.45,,,,2.45,1년치 존재,1,10.11,,3.21,23.39,70942.0,40766.0,down,31.2,8980.0,6990.0,mixed,bear,44835.0,12375.0,-7438.0,-22975.0,KOSPI,7590,2994,40766,0.6,포장재,False,
002320,한진,0.971,19780.82,28075.29,30154.79,30649.25,31975.0,33205.0,34215.0,1225.27,1000.88,1121.96,745.0,1225.0,1350.0,1.64,4.33,3.85,3.04,4.33,12.1,-33.6,64.43,10.2,64.43,4년치 존재,4,,,-0.78,185.92,35900.0,74286.0,up,76.1,16670.0,14250.0,mixed,bull,12343.0,-65725.0,4584.0,-11371.0,KOSPI,16670,2587,74286,2.1,항공화물운송과물류,False,
026890,스틱인베스트먼트,1.0,,937.6,794.66,912.18,,,,330.98,134.18,171.84,,,,14.79,,,,14.79,28.07,,,,28.07,1년치 존재,1,21.18,,8.62,,38797.0,65070.0,up,54.8,8660.0,7150.0,down,bull_cross,5052.0,-53508.0,20999.0,95292.0,KOSPI,8220,3187,65070,1.7,창업투자,False,
008730,율촌화학,1.0,2884.98,4144.91,4570.78,4853.83,5376.0,6481.0,,-162.0,-183.55,85.14,131.0,454.0,,6.19,10.76,20.55,,20.55,146.39,53.86,246.56,,246.56,3년치 존재,3,93.13,,1.71,140.65,51600.0,51299.0,down,54.9,16870.0,11950.0,mixed,bull,15744.0,-19148.0,15096.0,28852.0,KOSPI,15640,3879,51299,1.0,포장재,True,2026-09-10
007160,사조산업,0.3026,3738.59,6322.4,6352.01,7062.1,,,,-239.12,-93.78,331.52,,,,11.18,,,,11.18,453.51,,,,453.51,1년치 존재,1,,,-18.97,111.48,1745.0,3138.0,up,45.5,55200.0,44400.0,down,bear,194.0,-1425.0,-1902.0,-2618.0,KOSPI,48300,2415,3138,1.8,식품,False,
030210,다올투자증권,0.9241,,15083.71,14425.67,17144.51,,,,-620.05,-749.3,337.23,,,,18.85,,,,18.85,145.01,,,,145.01,1년치 존재,1,5.9,,5.97,1159.95,70309.0,109010.0,down,53.3,4080.0,3125.0,mixed,bear,-67968.0,-68573.0,165799.0,422851.0,KOSPI,3925,2391,109010,1.6,증권,False,
381970,KG모빌리티플랫폼,,2172.61,20475.66,23015.3,24388.39,24837.0,26178.0,27317.0,590.13,681.09,759.74,778.0,843.0,903.0,5.97,1.84,5.4,4.35,5.97,11.55,2.4,8.35,7.12,11.55,4년치 존재,4,,,3.76,179.83,56709.0,56398.0,up,42.2,7930.0,6100.0,down,bull,-37917.0,-83590.0,10987.0,133663.0,KOSPI,6300,3076,56398,1.0,자동차,True,2026-08-31
003920,남양유업,1.0,-71.08,9967.63,9527.94,9141.49,,,,-715.05,-98.07,51.74,,,,-4.06,,,,-4.06,152.76,,,,152.76,1년치 존재,1,33.33,,1.68,16.96,3037.0,1112.0,down,37.2,45550.0,40850.0,down,bear,-919.0,-6644.0,3882.0,6050.0,KOSPI,41750,2369,1112,0.4,식품,False,
017860,DS단석,1.0,5104.66,10704.4,9617.22,9548.74,,,,762.4,121.88,79.82,,,,-0.71,,,,-0.71,-34.51,,,,-34.51,1년치 존재,1,,,-4.43,257.03,87418.0,105124.0,up,61.2,13070.0,10300.0,up,bull,21948.0,-6899.0,-5477.0,-4077.0,KOSPI,13070,2307,105124,1.2,화학,False,
001390,KG케미칼,0.2855,14328.88,89330.57,88631.42,91016.47,,,,4425.84,3188.02,3056.79,,,,2.69,,,,2.69,-4.12,,,,-4.12,1년치 존재,1,4.0,,9.14,127.04,97433.0,116108.0,down,41.1,4805.0,3825.0,mixed,bear,-5827.0,50126.0,-2300.0,-98539.0,KOSPI,4200,2789,116108,1.2,자동차,False,
128820,대성산업,0.7677,6261.38,16080.89,14767.72,15659.23,,,,294.5,217.81,108.33,,,,6.04,,,,6.04,-50.26,,,,-50.26,1년치 존재,1,,,-7.85,169.98,479763.0,6992816.0,up,81.0,5060.0,3700.0,up,bull,-465115.0,-468911.0,-749.0,-2738.0,KOSPI,5060,2289,6992816,14.6,석유와가스,False,
001340,PKC,1.0,3032.2,2335.22,2452.28,2721.37,2981.0,3281.0,3630.0,177.39,97.48,121.51,186.0,208.0,237.0,10.97,9.54,10.06,10.64,10.97,24.65,53.07,11.83,13.94,53.07,4년치 존재,4,22.6,,3.4,177.8,85598.0,73660.0,up,50.4,5590.0,4235.0,up,bull,133788.0,96747.0,-241.0,-1208.0,KOSPI,5070,2283,73660,0.9,화학,True,2026-08-26
001470,삼부토건,,-517.29,5749.76,4442.28,1109.93,,,,-781.52,-1424.85,-266.1,,,,-75.01,,,,-75.01,81.32,,,,81.32,1년치 존재,1,,,4646.34,181.7,,,,,,,,,0.0,0.0,0.0,0.0,KOSPI,5820,2278,0,,건설,False,
000430,대원강업,0.792,2263.31,11067.57,13675.85,15990.72,,,,591.72,225.65,470.07,,,,16.93,,,,16.93,108.32,,,,108.32,1년치 존재,1,7.57,,12.53,94.88,117946.0,60173.0,down,44.8,5060.0,3210.0,mixed,bear,-340.0,56364.0,-13630.0,-15959.0,KOSPI,4445,2756,60173,0.5,자동차부품,False,
136490,선진,0.9437,4209.68,19060.05,16813.71,18957.42,,,,975.23,1240.86,1791.91,,,,12.75,,,,12.75,44.41,,,,44.41,1년치 존재,1,2.03,,14.87,140.28,61621.0,39153.0,down,46.8,11260.0,8970.0,mixed,bear,-12380.0,-30068.0,6526.0,-37708.0,KOSPI,10160,2416,39153,0.6,식품,False,
002030,아세아,0.6036,4845.88,21158.87,20074.23,18844.65,,,,2403.95,1724.22,1110.3,,,,-6.13,,,,-6.13,-35.61,,,,-35.61,1년치 존재,1,13.64,,2.36,61.33,1821.0,1492.0,down,48.6,226500.0,174700.0,mixed,bear,-263.0,-6228.0,1029.0,6403.0,KOSPI,205000,4221,1492,0.8,건축자재,False,
016800,퍼시스,1.0,-1053.58,3629.06,3857.05,3582.0,,,,352.36,214.76,57.37,,,,-7.13,,,,-7.13,-73.29,,,,-73.29,1년치 존재,1,7.69,,10.02,12.81,824.0,210.0,down,29.8,28450.0,23800.0,down,bear,76.0,-165.0,-163.0,-2471.0,KOSPI,23800,2737,210,0.3,가구,False,
001790,대한제당,0.9985,893.29,13323.5,13738.29,13562.76,,,,472.17,369.97,565.56,,,,-1.28,,,,-1.28,52.87,,,,52.87,1년치 존재,1,,,-15.46,148.2,119096.0,69193.0,down,43.6,2925.0,2530.0,mixed,bear,-154663.0,-554296.0,170857.0,935556.0,KOSPI,2785,2402,69193,0.6,식품,False,
108670,LX하우시스,1.0,4705.06,35258.07,35720.36,31786.89,34039.4,34659.8,35893.6,1098.22,974.65,130.6,1381.2,1235.4,1391.6,-11.01,7.09,1.82,3.56,7.09,-86.6,957.58,-10.56,12.64,957.58,4년치 존재,4,,,4.09,160.85,15923.0,7886.0,up,42.0,35800.0,31050.0,mixed,bear,-18.0,-14518.0,-9751.0,-12692.0,KOSPI,32750,2937,7886,0.5,건축자재,False,
037710,광주신세계,,2168.37,1795.87,1835.75,1842.11,,,,549.01,523.28,524.72,,,,0.35,,,,0.35,0.28,,,,0.28,1년치 존재,1,,,5.76,38.94,16355.0,11132.0,down,35.3,49800.0,33350.0,down,bull,-7488.0,-13847.0,-285.0,-403.0,KOSPI,33600,2563,11132,0.7,백화점과일반상점,False,
005810,풍산홀딩스,0.9995,526.02,4067.29,4493.94,4325.3,5635.0,5670.0,5815.0,678.38,1047.5,668.01,1387.5,1183.0,1220.0,-3.75,30.28,0.62,2.56,30.28,-36.23,107.71,-14.74,3.13,107.71,4년치 존재,4,6.88,,8.93,14.35,10958.0,23304.0,down,35.3,39450.0,31700.0,mixed,bear,-2096.0,-7224.0,-6081.0,9632.0,KOSPI,35550,5125,23304,2.1,비철금속,False,
003200,일신방직,0.9785,-1438.81,5394.09,5236.51,5171.78,,,,-10.21,90.64,124.07,,,,-1.24,,,,-1.24,36.88,,,,36.88,1년치 존재,1,7.69,,5.07,19.4,122324.0,45093.0,down,53.2,11980.0,9510.0,mixed,bear,9553.0,-21880.0,-10902.0,-12165.0,KOSPI,11120,2553,45093,0.4,"섬유,의류,신발,호화품",False,
000050,경방,1.0,1341.84,3935.19,3972.77,4124.76,,,,159.69,334.49,459.93,,,,3.83,,,,3.83,37.5,,,,37.5,1년치 존재,1,4.65,,6.57,54.32,25046.0,134137.0,up,45.1,8960.0,7850.0,down,bull_cross,-48478.0,-127782.0,-568.0,-33957.0,KOSPI,8030,2201,134137,5.4,"섬유,의류,신발,호화품",False,
286940,롯데이노베이트,1.0,-36.38,11967.22,11803.72,11698.25,11885.25,12648.25,13516.67,569.46,257.24,313.93,458.0,555.5,660.0,-0.89,1.6,6.42,6.87,6.87,22.04,45.89,21.29,18.81,45.89,4년치 존재,4,26.79,,4.09,87.23,8495.0,13675.0,up,45.1,19670.0,16030.0,mixed,bear,710.0,-28367.0,-4693.0,-13163.0,KOSPI,17600,2663,13675,1.6,IT서비스,False,
000680,LS네트웍스,1.0,46691.75,3796.32,19338.14,26152.45,,,,116.18,301.88,222.87,,,,35.24,,,,35.24,-26.17,,,,-26.17,1년치 존재,1,,,-0.77,1083.24,49088.0,33122.0,down,47.6,3145.0,2650.0,up,bull,-22389.0,-30621.0,-486.0,319.0,KOSPI,2945,2321,33122,0.7,증권,False,
009160,SIMPAC,0.9209,2911.42,6094.5,8160.42,11790.41,,,,175.02,195.82,459.56,,,,44.48,,,,44.48,134.68,,,,134.68,1년치 존재,1,15.61,,3.88,105.47,56288.0,39561.0,up,52.6,5440.0,4335.0,mixed,bull,-48442.0,-44263.0,-11279.0,-13015.0,KOSPI,4915,3213,39561,0.7,비철금속,False,
000540,흥국화재,,,33236.87,33740.16,35328.42,,,,3810.25,1487.79,1875.04,,,,4.71,,,,4.71,26.03,,,,26.03,1년치 존재,1,,,4.6,,44706.0,21906.0,down,44.3,3960.0,2910.0,mixed,bear,-44335.0,5264.0,-1257.0,-53599.0,KOSPI,3405,2187,21906,0.5,손해보험,False,
005500,삼진제약,,1090.07,2921.29,3083.5,3091.34,,,,204.84,316.38,267.84,,,,0.25,,,,0.25,-15.34,,,,-15.34,1년치 존재,1,,,8.35,59.61,22917.0,39601.0,up,70.8,19830.0,17010.0,up,bull,-5847.0,8935.0,-259.0,-8115.0,KOSPI,19830,2641,39601,1.7,제약,False,
010580,에스엠벡셀,,-56.85,2027.21,1725.48,1502.71,,,,94.83,52.17,15.74,,,,-12.91,,,,-12.91,-69.83,,,,-69.83,1년치 존재,1,,,-1.21,43.8,5025447.0,362956.0,down,47.3,2790.0,1349.0,mixed,bear,251709.0,95123.0,-8936.0,-29721.0,KOSPI,2175,2420,362956,0.1,자동차부품,False,
025000,KPX케미칼,0.9807,-1110.31,9111.2,8685.71,8083.51,,,,583.87,389.37,273.96,,,,-6.93,,,,-6.93,-29.64,,,,-29.64,1년치 존재,1,4.75,,14.23,38.46,4940.0,9595.0,up,65.3,58000.0,48600.0,up,bull_cross,-2732.0,3935.0,1475.0,6628.0,KOSPI,58000,2405,9595,1.9,화학,False,
003650,미창석유,,-3383.87,4092.35,4319.42,4054.87,,,,479.9,456.39,345.52,,,,-6.12,,,,-6.12,-24.29,,,,-24.29,1년치 존재,1,,,23.98,14.55,2250.0,999.0,down,33.3,153300.0,122000.0,down,bear,-2214.0,-4418.0,-491.0,-1231.0,KOSPI,122200,2126,999,0.4,화학,False,
001460,BYC,0.9995,-523.46,1684.02,1652.08,1631.67,,,,274.98,238.33,265.74,,,,-1.24,,,,-1.24,11.5,,,,11.5,1년치 존재,1,12.07,,4.06,38.0,3031.0,6487.0,up,58.2,39000.0,30400.0,mixed,bull_cross,-2698.0,2738.0,3477.0,7794.0,KOSPI,37850,2364,6487,2.1,"섬유,의류,신발,호화품",False,
077500,유니퀘스트,1.0,1616.01,6659.26,7104.82,7300.43,,,,339.86,341.38,366.87,,,,2.75,,,,2.75,7.47,,,,7.47,1년치 존재,1,10.16,,11.96,182.53,340439.0,355160.0,up,65.0,10620.0,4275.0,up,bull,88651.0,652684.0,157052.0,520118.0,KOSPI,9700,2095,355160,1.0,반도체와반도체장비,False,
000320,노루홀딩스,0.5537,-1102.96,12144.76,12478.78,12392.68,,,,678.24,725.55,645.08,,,,-0.69,,,,-0.69,-11.09,,,,-11.09,1년치 존재,1,6.43,,7.49,64.66,4670.0,6230.0,down,40.4,17610.0,14350.0,down,bear,-6531.0,-17962.0,-314.0,-9523.0,KOSPI,15690,2085,6230,1.3,건축자재,False,
025560,미래산업,1.0,36.81,217.39,270.42,507.78,,,,-159.75,121.21,91.43,,,,87.77,,,,87.77,-24.57,,,,-24.57,1년치 존재,1,21.71,,19.41,36.26,495017.0,695487.0,up,58.3,12060.0,5590.0,mixed,bull,198011.0,-40427.0,25768.0,-1152.0,KOSPI,7900,2195,695487,1.4,반도체와반도체장비,False,
003720,삼영,0.8751,562.19,1225.87,1260.4,1532.08,2084.0,,,60.3,91.02,149.21,268.0,,,21.56,36.02,,,36.02,63.93,79.61,,,79.61,2년치 존재,2,16.63,,23.88,117.98,140475.0,148888.0,down,50.4,7680.0,5300.0,mixed,bull,-41105.0,-175493.0,-243.0,-5723.0,KOSPI,6440,2190,148888,1.1,화학,False,
009680,모토닉,1.0,-3838.42,2442.59,2906.05,2796.97,,,,151.5,237.79,185.35,,,,-3.75,,,,-3.75,-22.05,,,,-22.05,1년치 존재,1,8.09,,5.64,10.3,12107.0,5149.0,down,41.9,10420.0,9610.0,mixed,bear,-3313.0,-629.0,-5720.0,2548.0,KOSPI,10050,2184,5149,0.4,자동차부품,False,
035150,백산,1.0,519.38,4177.22,4969.58,5049.22,5371.0,5664.0,5892.0,531.46,765.31,536.01,649.0,703.0,746.0,1.6,6.37,5.46,4.03,6.37,-29.96,21.08,8.32,6.12,21.08,4년치 존재,4,6.13,,13.54,67.4,13483.0,17968.0,down,43.6,10950.0,9420.0,mixed,bear,8053.0,3437.0,10260.0,-8489.0,KOSPI,10380,2052,17968,1.3,"섬유,의류,신발,호화품",False,
011500,한농화성,,339.39,2123.96,2474.73,2144.93,,,,-24.28,60.86,35.77,,,,-13.33,,,,-13.33,-41.23,,,,-41.23,1년치 존재,1,,,5.49,46.94,69288.0,68062.0,up,59.6,15180.0,10080.0,up,bull,-37078.0,-30847.0,5504.0,1254.0,KOSPI,14510,2269,68062,1.0,화학,False,
900140,엘브이엠씨홀딩스,0.8356,608.14,2604.66,2858.31,3929.99,4858.0,5737.0,7033.0,-156.08,185.77,385.49,481.0,581.0,726.0,37.49,23.61,18.09,22.59,37.49,107.51,24.78,20.79,24.96,107.51,4년치 존재,4,71.81,,4.14,31.5,391822.0,277389.0,up,46.8,1281.0,1100.0,mixed,bull,-99503.0,-505754.0,2120.0,25721.0,KOSPI,1168,2257,277389,0.7,자동차,False,
000480,CR홀딩스,0.2,4208.34,8169.04,8108.32,8277.52,,,,394.15,174.38,278.24,,,,2.09,,,,2.09,59.56,,,,59.56,1년치 존재,1,,,-4.78,96.7,37396.0,10394.0,down,38.5,4950.0,4280.0,down,bull,-5671.0,-124901.0,-1568.0,-6647.0,KOSPI,4330,2030,10394,0.3,비철금속,False,
051905,LG생활건강우,0.9669,-11373.38,68048.39,68119.19,63554.9,64511.93,67117.13,69735.79,4869.81,4590.46,1706.89,3749.4,4456.73,4892.93,-6.7,1.51,4.04,3.9,4.04,-62.82,119.66,18.87,9.79,119.66,4년치 존재,4,,,-1.34,25.05,11168.0,3518.0,down,31.9,118000.0,90500.0,down,bear,-64.0,-59117.0,-331.0,27913.0,KOSPI,93900,1968,3518,0.3,화장품,False,
298000,효성화학,1.0,14453.99,26232.69,24522.2,23407.18,,,,-2137.07,-1748.1,-1605.0,,,,-4.55,,,,-4.55,8.19,,,,8.19,1년치 존재,1,0.5,,4.79,193.08,18119.0,7896.0,up,35.9,76300.0,51700.0,down,bull,3306.0,-6223.0,-3001.0,11815.0,KOSPI,51800,1964,7896,0.4,화학,False,
092200,디아이씨,0.8595,3034.89,7286.65,7191.28,7573.1,,,,361.08,218.32,185.5,,,,5.31,,,,5.31,-15.03,,,,-15.03,1년치 존재,1,,,-5.87,301.32,208914.0,178344.0,down,51.0,6740.0,3855.0,up,bull,39970.0,222551.0,6005.0,6104.0,KOSPI,5700,2217,178344,0.9,자동차부품,False,
005010,휴스틸,1.0,748.47,7648.42,7230.68,6124.9,,,,1232.15,170.8,34.9,,,,-15.29,,,,-15.29,-79.57,,,,-79.57,1년치 존재,1,,,-3.21,34.88,750369.0,260709.0,up,49.6,4270.0,3380.0,up,bear_cross,-482369.0,-823358.0,-11663.0,-35290.0,KOSPI,3930,2208,260709,0.3,철강,False,
053690,한미글로벌,0.9474,425.89,4129.15,4247.72,4488.34,4918.5,5353.0,5140.0,296.31,339.17,306.14,289.0,416.0,430.0,5.66,9.58,8.83,-3.98,9.58,-9.74,-5.6,43.94,3.37,43.94,4년치 존재,4,11.88,,6.37,84.24,213825.0,109231.0,down,42.5,24200.0,14190.0,mixed,bear,28594.0,-90923.0,2143.0,142886.0,KOSPI,20100,2202,109231,0.5,건설,False,
033920,무학,1.0,852.26,1465.74,1520.59,1438.3,,,,161.63,168.76,102.35,,,,-5.41,,,,-5.41,-39.35,,,,-39.35,1년치 존재,1,4.14,,5.49,25.77,17079.0,5103.0,down,32.2,8030.0,7210.0,down,bear,-18757.0,-81883.0,249.0,-29499.0,KOSPI,7300,2081,5103,0.3,음료,False,
095570,AJ네트웍스,1.0,10799.48,9365.25,9646.42,10701.14,12083.0,12862.0,13865.67,784.72,762.56,715.48,834.0,939.67,1042.0,10.93,12.91,6.45,7.8,12.91,-6.17,16.57,12.67,10.89,16.57,4년치 존재,4,6.84,,11.99,276.18,69516.0,41462.0,up,53.3,4565.0,4090.0,mixed,bull,-59760.0,-315637.0,16224.0,-23594.0,KOSPI,4295,1944,41462,0.6,도로와철도운송,False,
001200,유진투자증권,1.0,,16476.63,16526.0,16940.75,,,,270.39,583.38,844.41,,,,2.51,,,,2.51,44.74,,,,44.74,1년치 존재,1,6.06,,12.46,1137.05,400181.0,206292.0,down,37.6,4510.0,3705.0,down,bear,-114385.0,106601.0,5499.0,-1174412.0,KOSPI,4035,3909,206292,0.5,증권,False,
053210,스카이라이프,0.977,276.72,10255.95,10229.27,9842.16,9962.5,10456.0,10753.5,140.67,-10.76,229.8,345.5,500.5,566.5,-3.78,1.22,4.95,2.85,4.95,2235.69,50.35,44.86,13.19,2235.69,4년치 존재,4,27.71,,0.44,85.28,26697.0,36167.0,up,50.6,4260.0,3980.0,down,bull,-23347.0,-115523.0,-3808.0,-37493.0,KOSPI,4045,1922,36167,1.4,방송과엔터테인먼트,False,
013580,계룡건설,1.0,7451.91,29770.05,31270.55,28874.41,29740.0,32950.0,36150.0,1006.97,871.43,1668.7,1780.0,2130.0,2410.0,-7.66,3.0,10.79,9.71,10.79,91.49,6.67,19.66,13.15,91.49,4년치 존재,4,1.92,,13.27,232.48,49314.0,19057.0,down,41.2,23500.0,16900.0,mixed,bear,9768.0,36438.0,263.0,25368.0,KOSPI,21450,1916,19057,0.4,건설,True,2026-08-31
018250,애경산업,1.0,-1091.17,6688.67,6790.77,6545.28,7374.0,7817.0,,619.38,468.25,211.46,74.0,214.0,,-3.62,12.66,6.01,,12.66,-54.84,-65.01,189.19,,189.19,3년치 존재,3,19.64,,4.26,29.29,18540.0,19703.0,down,48.6,12250.0,10760.0,down,bull_cross,17901.0,-13949.0,1939.0,-10182.0,KOSPI,11310,2987,19703,1.1,화장품,False,
001130,대한제분,0.9982,-780.07,14414.59,13747.35,13752.0,,,,548.59,723.07,622.57,,,,0.03,,,,0.03,-13.9,,,,-13.9,1년치 존재,1,,,-3.88,53.18,12851.0,16271.0,up,48.5,11850.0,10670.0,down,bull_cross,-418.0,-16251.0,722.0,-14255.0,KOSPI,11210,1894,16271,1.3,식품,False,
487570,HS효성,0.9773,1284.73,,7218.44,14098.97,,,,,213.85,464.34,,,,95.32,,,,95.32,117.13,,,,117.13,1년치 존재,1,9.56,,3.68,73.91,3370.0,1292.0,up,59.1,52200.0,39150.0,up,bull,-5091.0,690.0,302.0,195.0,KOSPI,50300,1874,1292,0.4,복합기업,False,
102260,동성케미컬,0.4401,778.02,9930.04,10663.18,12116.0,,,,740.71,910.3,1120.43,,,,13.62,,,,13.62,23.08,,,,23.08,1년치 존재,1,5.63,,9.06,73.22,63134.0,55472.0,up,50.9,3800.0,3315.0,up,bull,-43752.0,-80414.0,-1023.0,-41307.0,KOSPI,3695,1872,55472,0.9,화학,False,
475560,더본코리아,1.0,-1373.73,4106.58,4641.51,3612.39,,,,255.94,360.24,-236.79,,,,-22.17,,,,-22.17,-165.73,,,,-165.73,1년치 존재,1,,,-2.74,29.64,23221.0,11612.0,down,38.9,19360.0,12700.0,down,bear,-661.0,-23393.0,-847.0,-2166.0,KOSPI,14200,2106,11612,0.5,"호텔,레스토랑,레저",False,
003520,영진약품,,736.56,2349.02,2520.4,2542.56,,,,31.17,87.22,34.16,,,,0.88,,,,0.88,-60.83,,,,-60.83,1년치 존재,1,,,-7.06,163.93,400213.0,326688.0,down,47.8,1308.0,1024.0,down,bull,-86886.0,-730508.0,-62202.0,-111603.0,KOSPI,1070,1957,326688,0.8,제약,False,
084690,대상홀딩스,0.2547,14733.49,52594.0,53578.9,56287.99,,,,1146.15,1840.3,1998.28,,,,5.06,,,,5.06,8.58,,,,8.58,1년치 존재,1,,,-11.32,222.54,26724.0,29440.0,down,50.0,8230.0,7070.0,mixed,bear,-4674.0,8334.0,-63.0,12914.0,KOSPI,7870,2850,29440,1.1,식품,False,
117580,대성에너지,,119.79,9985.39,9951.3,10179.39,,,,202.13,204.76,303.49,,,,2.29,,,,2.29,48.22,,,,48.22,1년치 존재,1,,,8.32,84.53,402604.0,70373.0,down,51.9,7510.0,6530.0,mixed,bear,-6761.0,-176601.0,5.0,-61048.0,KOSPI,7100,1953,70373,0.2,가스유틸리티,False,
003220,대원제약,0.9781,1229.66,5269.52,5981.62,6054.35,6305.0,6584.0,6960.0,322.33,282.2,34.83,107.0,186.0,299.0,1.22,4.14,4.43,5.71,5.71,-87.66,207.21,73.83,60.75,207.21,4년치 존재,4,,,0.98,107.93,38481.0,337471.0,up,62.5,8250.0,7240.0,mixed,bull_cross,-41719.0,-36014.0,-11181.0,-71538.0,KOSPI,8200,1839,337471,8.8,제약,False,
100250,진양홀딩스,0.8241,-1354.15,2711.04,2868.46,2798.16,,,,35.15,49.14,57.84,,,,-2.45,,,,-2.45,17.7,,,,17.7,1년치 존재,1,10.6,,27.83,51.55,35682.0,192724.0,down,34.8,3185.0,2895.0,mixed,bear,-52371.0,-118289.0,-11193.0,-5577.0,KOSPI,3015,1927,192724,5.4,자동차부품,False,
044820,코스맥스비티아이,1.0,4226.5,6285.97,5976.3,6452.06,,,,202.49,167.94,269.84,,,,7.96,,,,7.96,60.68,,,,60.68,1년치 존재,1,8.42,,22.45,204.41,31363.0,104886.0,up,56.0,28000.0,18670.0,up,bear,32282.0,-16636.0,44684.0,91092.0,KOSPI,25600,2459,104886,3.3,건강관리업체및서비스,False,
005960,동부건설,0.9794,4260.97,18999.8,16883.69,17586.26,21183.0,21321.0,23902.0,301.99,-969.4,426.28,807.5,836.0,1021.0,4.16,20.45,0.65,12.11,20.45,143.97,89.43,3.53,22.13,143.97,4년치 존재,4,3.67,,15.09,205.01,53718.0,16910.0,down,57.7,8670.0,5840.0,up,bear,-2647.0,22030.0,-2524.0,72413.0,KOSPI,8350,1916,16910,0.3,건설,False,
016580,환인제약,1.0,-658.49,2303.94,2595.96,2552.14,2833.0,3112.0,3404.0,301.7,214.95,130.19,246.0,289.0,335.0,-1.69,11.0,9.85,9.38,11.0,-39.43,88.95,17.48,15.92,88.95,4년치 존재,4,13.92,,5.08,13.43,21860.0,5945.0,up,52.9,10440.0,9730.0,mixed,bull,132.0,-8602.0,22128.0,55614.0,KOSPI,10180,1893,5945,0.3,제약,False,
002420,우양피앤엘,,164.25,303.25,320.32,292.45,,,,-7.37,-19.76,-5.7,,,,-8.7,,,,-8.7,71.15,,,,71.15,1년치 존재,1,,,-3.18,103.84,14540.0,9110.0,down,45.5,6400.0,5050.0,up,bear,-2025.0,-4561.0,1961.0,-665.0,KOSPI,5750,1792,9110,0.6,석유와가스,False,
037270,YG PLUS,0.949,-206.75,2236.37,1849.03,2360.47,,,,212.48,-7.32,323.35,,,,27.66,,,,27.66,4517.35,,,,4517.35,1년치 존재,1,8.93,,10.93,48.86,100524.0,231151.0,up,48.9,3635.0,2930.0,down,bull,-33833.0,-132550.0,7481.0,10765.0,KOSPI,3145,2002,231151,2.3,방송과엔터테인먼트,False,
134380,미원화학,,-800.92,2326.16,2561.1,2845.12,,,,249.13,286.35,291.54,,,,11.09,,,,11.09,1.81,,,,1.81,1년치 존재,1,,,22.46,31.2,4379.0,679.0,down,50.3,11160.0,9800.0,mixed,bull,46.0,2844.0,-118.0,-1591.0,KOSPI,10260,2256,679,0.2,화학,False,
002100,경농,0.9519,1582.59,3474.08,3251.86,3392.37,,,,252.1,267.2,286.98,,,,4.32,,,,4.32,7.4,,,,7.4,1년치 존재,1,9.44,,5.29,75.99,16247.0,7849.0,down,42.1,9330.0,8960.0,down,bull,-17302.0,-70217.0,-265.0,-32956.0,KOSPI,9020,1761,7849,0.5,화학,False,
010820,퍼스텍,,-963.77,1731.03,2072.73,2948.42,,,,25.08,43.48,106.63,,,,42.25,,,,42.25,145.24,,,,145.24,1년치 존재,1,,,18.4,406.27,439099.0,414051.0,down,44.9,6590.0,4695.0,up,bear_cross,-337306.0,-552498.0,66895.0,260522.0,KOSPI,5980,2917,414051,0.9,우주항공과국방,False,
007860,서연,0.5958,5708.62,40207.25,44987.8,49160.73,,,,2568.6,2419.38,1995.9,,,,9.28,,,,9.28,-17.5,,,,-17.5,1년치 존재,1,3.14,,10.17,123.32,23254.0,14892.0,up,43.4,8470.0,6840.0,mixed,bull,-4404.0,-46518.0,-637.0,-21669.0,KOSPI,7480,1756,14892,0.6,자동차부품,False,
339770,교촌에프앤비,0.9986,378.73,4449.51,4808.1,5173.53,5340.0,5493.0,5670.0,248.38,154.37,350.38,320.0,423.0,440.0,7.6,3.22,2.87,3.22,7.6,126.97,-8.67,32.19,4.02,126.97,4년치 존재,4,11.14,,8.18,90.07,30686.0,20036.0,up,64.9,3915.0,3500.0,up,bull,24613.0,-35882.0,-262.0,1208.0,KOSPI,3915,1956,20036,0.7,식품,False,
000390,SP삼화,0.9865,828.18,6313.82,6283.48,6170.68,,,,258.27,189.82,95.49,,,,-1.8,,,,-1.8,-49.69,,,,-49.69,1년치 존재,1,25.38,,4.04,98.35,73896.0,106898.0,down,64.4,7160.0,5360.0,up,bear,-7386.0,-85692.0,-603.0,8414.0,KOSPI,7160,1948,106898,1.4,건축자재,False,
028100,동아지질,1.0,-1366.24,3449.64,3934.93,4677.26,,,,76.93,96.12,180.69,,,,18.87,,,,18.87,87.98,,,,87.98,1년치 존재,1,11.69,,9.5,101.49,125690.0,17144.0,up,60.4,19900.0,14300.0,up,bull,12590.0,13757.0,23062.0,222173.0,KOSPI,19510,2189,17144,0.1,건설,False,
016450,한세예스24홀딩스,0.2,13067.42,27807.52,28308.55,34098.3,,,,1897.45,1522.55,654.67,,,,20.45,,,,20.45,-57.0,,,,-57.0,1년치 존재,1,,,-0.53,240.48,9628.0,12846.0,down,43.0,4625.0,4180.0,down,bear,-7971.0,-33626.0,-14459.0,-35509.0,KOSPI,4300,1720,12846,1.3,"섬유,의류,신발,호화품",False,
000490,대동,1.0,10268.32,14333.91,14155.82,14847.22,,,,654.03,184.57,312.25,,,,4.88,,,,4.88,69.18,,,,69.18,1년치 존재,1,,,-3.2,237.61,124200.0,105082.0,down,43.7,8480.0,5890.0,mixed,bear,10916.0,92626.0,509.0,-5978.0,KOSPI,7550,2176,105082,0.8,기계,False,
003555,LG우,0.8043,-25430.26,74453.36,71755.05,72525.47,82189.18,91716.55,100533.0,15890.13,9668.42,9121.74,15643.36,19972.73,23142.1,1.07,13.32,11.59,9.61,13.32,-5.65,71.5,27.68,15.87,71.5,4년치 존재,4,0.28,,2.61,9.81,5171.0,2588.0,down,49.5,72100.0,61800.0,mixed,bear,1285.0,-1605.0,-148.0,9983.0,KOSPI,68100,2051,2588,0.5,복합기업,False,
298690,에어부산,,7174.91,8904.4,10067.63,8325.85,9910.0,9560.0,9200.0,1597.54,1462.8,-45.21,-70.0,560.0,670.0,-17.3,19.03,-3.53,-3.77,19.03,-103.09,-54.83,900.0,19.64,900.0,4년치 존재,4,,,-97.53,1646.66,62628.0,23419.0,up,47.6,1625.0,1413.0,mixed,bear,-1275.0,-128424.0,-29022.0,-13479.0,KOSPI,1509,2458,23419,0.4,항공사,False,
213500,한솔제지,1.0,8419.84,21941.03,22157.92,22900.4,23754.5,24891.0,26178.0,472.44,219.91,499.32,1188.0,1227.0,1329.0,3.35,3.73,4.78,5.17,5.17,127.06,137.92,3.28,8.31,137.92,4년치 존재,4,43.66,,3.07,192.43,25193.0,10557.0,down,33.9,7880.0,6570.0,mixed,bear,-56272.0,-109522.0,-562.0,-3345.0,KOSPI,7130,1697,10557,0.4,종이와목재,False,
000140,하이트진로홀딩스,0.4896,13971.48,25068.69,25850.69,24845.04,,,,1380.73,2217.95,1832.53,,,,-3.89,,,,-3.89,-17.38,,,,-17.38,1년치 존재,1,,,-0.44,228.35,5163.0,1346.0,down,37.9,8440.0,7720.0,down,bear,-2912.0,-15552.0,-436.0,1610.0,KOSPI,7720,1792,1346,0.3,음료,False,
004560,현대비앤지스틸,1.0,-210.98,10453.06,7953.76,7412.5,,,,-352.28,306.27,258.93,,,,-6.81,,,,-6.81,-15.46,,,,-15.46,1년치 존재,1,12.08,,3.68,41.56,44332.0,35136.0,down,42.1,12870.0,9910.0,mixed,bear,-24666.0,-142060.0,-558.0,-1699.0,KOSPI,11880,1791,35136,0.8,비철금속,False,
001630,종근당홀딩스,0.7443,4486.33,8797.81,9577.53,9590.12,,,,170.05,354.86,582.81,,,,0.13,,,,0.13,64.24,,,,64.24,1년치 존재,1,4.65,,8.55,87.24,1877.0,4523.0,up,38.6,41000.0,37200.0,down,bear,-92.0,-9227.0,-2092.0,-5796.0,KOSPI,37550,1881,4523,2.4,제약,False,
101530,해태제과식품,0.9956,2002.02,6248.66,6291.96,6413.87,,,,457.24,490.72,423.28,,,,1.94,,,,1.94,-13.74,,,,-13.74,1년치 존재,1,6.91,,7.15,127.42,23223.0,25162.0,down,46.4,6220.0,5420.0,down,bear,0.0,-34505.0,0.0,-2873.0,KOSPI,5530,1610,25162,1.1,식품,False,
241590,화승엔터프라이즈,0.9636,5319.7,12138.32,16096.17,15643.79,16290.0,19398.5,,129.62,825.66,356.92,470.0,885.5,,-2.81,4.13,19.08,,19.08,-56.77,31.68,88.4,,88.4,3년치 존재,3,,,-6.6,201.27,39665.0,25278.0,down,35.6,3270.0,2655.0,down,bull,17574.0,-75524.0,-37702.0,-113351.0,KOSPI,2655,1609,25278,0.6,"섬유,의류,신발,호화품",True,2026-08-25
004380,삼익THK,1.0,1370.25,3156.4,3044.26,2221.75,,,,69.35,5.65,-354.6,,,,-27.02,,,,-27.02,-6376.11,,,,-6376.11,1년치 존재,1,,,-9.72,159.44,22247.0,12025.0,up,46.0,8990.0,7020.0,down,bull,-2261.0,-76447.0,-142.0,-556.0,KOSPI,7690,1592,12025,0.5,기계,False,
033530,SJG세종,0.9853,911.54,17923.24,18165.95,18968.83,20161.0,21442.0,22914.0,518.64,606.12,853.95,1020.0,1147.0,1292.0,4.42,6.28,6.35,6.87,6.87,40.89,19.44,12.45,12.64,40.89,4년치 존재,4,2.67,,17.68,141.0,31220.0,27292.0,up,51.5,7170.0,5590.0,up,bull,42868.0,85056.0,1429.0,3780.0,KOSPI,6790,1837,27292,0.9,자동차부품,False,
000300,DH오토넥스,0.7235,-66.96,327.9,300.1,401.71,,,,-299.46,-51.48,32.28,,,,33.86,,,,33.86,162.7,,,,162.7,1년치 존재,1,41.79,,-2.3,66.54,,,,,,,,,0.0,0.0,0.0,0.0,KOSPI,4200,1740,0,,자동차부품,False,
234080,JW생명과학,1.0,233.61,2068.6,2224.78,2578.29,,,,308.62,358.58,332.44,,,,15.89,,,,15.89,-7.29,,,,-7.29,1년치 존재,1,6.05,,11.92,34.85,10224.0,18396.0,down,41.6,11740.0,10720.0,down,bull,1869.0,-20984.0,-584.0,-1104.0,KOSPI,10940,1732,18396,1.8,제약,False,
014710,사조씨푸드,1.0,1757.0,1760.24,1882.82,2380.2,,,,-348.49,95.21,121.75,,,,26.42,,,,26.42,27.88,,,,27.88,1년치 존재,1,,,-14.45,106.06,4905.0,5003.0,up,49.3,11070.0,8800.0,mixed,bear,-185.0,3217.0,-119.0,-1132.0,KOSPI,9950,1713,5003,1.0,식품,False,
034120,SBS,0.9856,-317.23,9967.64,10466.51,10084.58,9767.0,10348.5,10846.0,583.23,-191.85,181.51,29.0,338.0,445.5,-3.65,-3.15,5.95,4.81,5.95,194.61,-84.02,1065.52,31.8,1065.52,4년치 존재,4,27.1,,0.21,69.63,5461.0,1042.0,down,42.3,12740.0,10700.0,down,bear,0.0,0.0,360.0,-8289.0,KOSPI,11730,2176,1042,0.2,방송과엔터테인먼트,False,
000700,유수홀딩스,0.2728,-1913.37,3417.69,4358.67,4184.74,,,,219.85,183.15,212.2,,,,-3.99,,,,-3.99,15.86,,,,15.86,1년치 존재,1,37.44,,4.59,19.94,23735.0,19744.0,down,50.5,6830.0,5610.0,up,bear,-9370.0,-1449.0,-848.0,-18835.0,KOSPI,6570,1711,19744,0.8,항공화물운송과물류,False,
003460,유화증권,,,323.25,376.55,359.84,,,,-4.3,122.01,59.17,,,,-4.44,,,,-4.44,-51.5,,,,-51.5,1년치 존재,1,,,3.35,81.78,27790.0,27473.0,down,43.3,3240.0,2925.0,down,bull,-17589.0,-96970.0,-1015.0,-19403.0,KOSPI,2995,1698,27473,1.0,증권,False,
00279K,아모레퍼시픽홀딩스3우C,0.4246,-16403.41,40213.43,42598.87,46231.75,,,,1520.01,2492.78,3680.0,,,,8.53,,,,8.53,47.63,,,,47.63,1년치 존재,1,1.23,,4.01,21.02,3200.0,7743.0,up,51.0,22700.0,20100.0,mixed,bear,-656.0,-6128.0,719.0,-431.0,KOSPI,21550,1528,7743,2.4,화장품,False,
007570,일양약품,0.968,868.05,2666.69,2686.78,2724.22,,,,163.79,96.22,49.63,,,,1.39,,,,1.39,-48.42,,,,-48.42,1년치 존재,1,22.03,,7.07,75.81,16399.0,24989.0,down,42.5,8990.0,7810.0,down,bull,-2531.0,-55175.0,-219.0,-110.0,KOSPI,7970,1521,24989,1.5,제약,False,
293480,하나제약,,577.43,2244.57,2253.4,2395.04,,,,270.31,251.54,258.16,,,,6.29,,,,6.29,2.63,,,,2.63,1년치 존재,1,,,5.44,34.65,14055.0,10293.0,up,57.4,9030.0,8160.0,mixed,bull,3943.0,-53936.0,-597.0,-13701.0,KOSPI,8520,1514,10293,0.7,제약,False,
001045,CJ우,0.4674,168752.98,413526.88,436466.56,450188.29,473012.0,490691.67,513980.0,20390.58,25322.52,25277.38,24559.7,27443.33,30620.43,3.14,5.07,3.74,4.75,5.07,-0.18,-2.84,11.74,11.58,11.74,4년치 존재,4,1.05,,0.89,176.14,5966.0,838.0,up,43.6,76600.0,64300.0,down,bull,-710.0,-55107.0,-47.0,-13503.0,KOSPI,66500,1503,838,0.1,복합기업,False,
004430,송원산업,1.0,613.6,10299.75,10702.0,10391.62,,,,584.69,628.14,218.45,,,,-2.9,,,,-2.9,-65.22,,,,-65.22,1년치 존재,1,120.97,,5.97,60.92,92207.0,126340.0,up,55.5,13000.0,10970.0,down,bull_cross,55820.0,-121601.0,25283.0,164763.0,KOSPI,11780,2827,126340,1.4,화학,False,
004090,한국석유,0.9677,1318.54,6792.33,7261.96,6969.26,8184.0,8505.0,9016.0,151.86,187.75,118.44,273.0,249.0,267.0,-4.03,17.43,3.92,6.01,17.43,-36.92,130.5,-8.79,7.23,130.5,4년치 존재,4,28.81,,7.11,108.64,665365.0,73318.0,up,53.2,12740.0,9850.0,mixed,bear,42692.0,-63814.0,-2905.0,-2576.0,KOSPI,11830,1502,73318,0.1,화학,False,
272550,삼양패키징,1.0,1736.45,4216.69,4481.12,4202.18,,,,324.68,337.57,246.47,,,,-6.22,,,,-6.22,-26.99,,,,-26.99,1년치 존재,1,8.45,,5.32,81.25,11730.0,8462.0,up,57.9,10060.0,8450.0,up,bear,-243.0,-12999.0,-81.0,-349.0,KOSPI,9900,1492,8462,0.7,포장재,False,
03473K,SK우,0.3945,496014.83,1287984.68,1233996.69,1227033.38,1494201.64,1466420.18,1525220.11,47539.82,23960.02,18184.76,123439.18,110295.18,125112.78,-0.56,21.77,-1.86,4.01,21.77,-24.1,578.81,-10.65,13.43,578.81,4년치 존재,4,0.13,,25.41,107.92,804.0,463.0,up,42.6,437500.0,281500.0,mixed,bear,459.0,-564.0,227.0,0.0,KOSPI,364000,2061,463,0.6,석유와가스,False,
003547,대신증권2우B,1.0,,38545.91,40938.63,50638.9,,,,1613.17,835.93,3014.02,5836.67,3716.67,3853.33,23.69,,,,23.69,260.56,93.65,-36.32,3.68,260.56,4년치 존재,4,0.98,,10.91,834.68,10126.0,5754.0,down,39.7,20050.0,18100.0,mixed,bear,-22262.0,-75787.0,8.0,21.0,KOSPI,19050,1830,5754,0.6,증권,False,
460850,동국씨엠,1.0,8229.57,,21637.61,27687.03,,,,,773.3,-388.28,,,,27.96,,,,27.96,-150.21,,,,-150.21,1년치 존재,1,,,-5.3,159.06,64388.0,31506.0,down,48.1,5400.0,4480.0,up,bear_cross,-3476.0,-46037.0,3063.0,59568.0,KOSPI,5260,1573,31506,0.5,철강,False,
015230,대창단조,1.0,-1129.55,3721.23,3222.37,3462.67,,,,464.43,300.74,380.34,,,,7.46,,,,7.46,26.47,,,,26.47,1년치 존재,1,6.24,,12.07,27.18,60988.0,38125.0,down,54.5,6870.0,5450.0,mixed,bear,-40568.0,-26207.0,80842.0,260033.0,KOSPI,6620,1797,38125,0.6,기계,False,
010955,S-Oil우,1.0,75316.31,357266.94,366370.31,342469.57,431418.08,420603.08,395283.38,13545.82,4221.77,2356.31,45842.0,36207.54,30171.38,-6.52,25.97,-2.51,-6.02,25.97,-44.19,1845.5,-21.02,-16.67,1845.5,4년치 존재,4,2.04,,16.33,199.86,28472.0,23961.0,up,68.1,89900.0,59300.0,up,bull,19819.0,48337.0,5095.0,86553.0,KOSPI,89900,3616,23961,0.8,석유와가스,False,
097955,CJ제일제당 우,0.7533,115284.69,290234.73,272397.48,273425.89,293145.62,305359.46,317622.8,12915.82,14520.68,12336.05,11971.85,13931.08,15212.6,0.38,7.21,4.17,4.02,7.21,-15.04,-2.95,16.37,9.2,16.37,4년치 존재,4,,,-9.07,160.4,10133.0,2733.0,up,28.8,127300.0,109000.0,down,bear,-7413.0,-96614.0,-999.0,-1635.0,KOSPI,109500,1454,2733,0.3,식품,False,
012610,경인양행,1.0,1686.08,3454.08,3742.31,3797.02,,,,-22.47,242.26,162.66,,,,1.46,,,,1.46,-32.86,,,,-32.86,1년치 존재,1,25.53,,8.21,104.28,110380.0,92142.0,up,70.6,3460.0,2620.0,up,bull,61100.0,46253.0,-2787.0,10547.0,KOSPI,3460,1440,92142,0.8,화학,False,
008490,서흥,0.9225,3749.63,5945.67,6532.64,7223.09,,,,429.95,338.43,502.06,,,,10.57,,,,10.57,48.35,,,,48.35,1년치 존재,1,5.48,,7.92,91.76,13798.0,18456.0,up,47.7,28650.0,19190.0,down,bull,-1304.0,-11857.0,-5496.0,-51702.0,KOSPI,20600,2383,18456,1.3,제약,False,
462520,조선내화,0.7164,1344.8,2793.67,5006.4,5320.33,,,,318.52,200.19,238.6,,,,6.27,,,,6.27,19.19,,,,19.19,1년치 존재,1,68.33,,1.01,116.28,39156.0,41274.0,up,45.3,15540.0,12620.0,mixed,bull,-3520.0,-13622.0,-26.0,-8267.0,KOSPI,12810,1519,41274,1.1,비철금속,False,
001750,한양증권,,,9990.32,8333.09,9090.22,,,,462.95,544.49,753.11,,,,9.09,,,,9.09,38.31,,,,38.31,1년치 존재,1,,,9.91,962.34,6545.0,6935.0,down,40.4,20850.0,18660.0,down,bear_cross,-15430.0,-39348.0,-560.0,-898.0,KOSPI,19120,2889,6935,1.1,증권,False,
004970,신라교역,0.8748,-1741.4,4341.86,4705.11,4547.41,,,,139.26,168.24,-15.66,,,,-3.35,,,,-3.35,-109.31,,,,-109.31,1년치 존재,1,30.81,,7.84,17.49,8979.0,7463.0,down,37.7,9500.0,8940.0,down,bear,-10710.0,-23984.0,-1941.0,-10543.0,KOSPI,8940,1430,7463,0.8,식품,False,
003070,코오롱글로벌,0.9925,7995.13,26450.38,29119.61,26844.31,29268.0,32974.0,35060.0,76.14,-566.69,36.51,1313.0,1531.0,1770.0,-7.81,9.03,12.66,6.33,12.66,106.44,3496.27,16.6,15.61,3496.27,4년치 존재,4,,,-14.33,321.87,8438.0,6660.0,down,44.7,10500.0,8150.0,down,bear,18.0,-22625.0,-425.0,-5278.0,KOSPI,9150,2326,6660,0.8,건설,False,
000520,삼일제약,1.0,1699.43,1963.46,2197.0,2102.53,2350.0,2670.0,2980.0,64.71,1.13,-222.12,-77.0,6.0,52.0,-4.3,11.77,13.62,11.61,13.62,-19756.64,65.33,107.79,766.67,766.67,4년치 존재,4,,,-27.37,198.47,105009.0,46608.0,up,69.1,8700.0,5830.0,up,bull,-25315.0,-90666.0,-133.0,-4505.0,KOSPI,8440,1831,46608,0.4,제약,True,2026-08-28
013890,지누스,1.0,1501.94,9522.83,9203.99,9131.8,5810.0,6010.0,6330.0,183.42,-54.46,254.79,-670.0,140.0,150.0,-0.78,-36.38,3.44,5.32,5.32,567.85,-362.96,120.9,7.14,567.85,4년치 존재,4,,,-13.76,66.48,15891.0,10166.0,down,28.0,8970.0,6750.0,down,bear,-8981.0,-45550.0,-162.0,-6710.0,KOSPI,6750,1480,10166,0.6,가구,False,
003480,한진중공업홀딩스,0.9446,3833.86,12426.08,11648.53,12017.3,,,,393.75,458.75,732.54,,,,3.17,,,,3.17,59.68,,,,59.68,1년치 존재,1,2.34,,15.11,232.19,22016.0,20321.0,down,45.2,4860.0,4325.0,mixed,bear,-7175.0,-30364.0,-11574.0,-12382.0,KOSPI,4685,1383,20321,0.9,가스유틸리티,False,
011690,와이투솔루션,1.0,330.57,1369.38,1545.14,1650.65,,,,19.08,28.86,-25.66,,,,6.83,,,,6.83,-188.91,,,,-188.91,1년치 존재,1,,,-9.23,120.95,166309.0,218821.0,up,64.7,3850.0,2640.0,up,bull,-11059.0,17552.0,-130.0,-492.0,KOSPI,3755,1378,218821,1.3,전자장비와기기,False,
004980,성신양회,0.9988,4230.66,11132.82,11626.33,12162.66,,,,733.32,532.39,436.56,,,,4.61,,,,4.61,-18.0,,,,-18.0,1년치 존재,1,7.65,,5.39,122.65,52619.0,53501.0,down,44.5,9260.0,7090.0,mixed,bear,32882.0,14100.0,-78.0,-13234.0,KOSPI,8110,1988,53501,1.0,건축자재,False,
001080,만호제강,1.0,181.1,,,1529.53,1495.52,,,,,-119.77,2.27,,,,-2.22,,,-2.22,,101.9,,,101.9,2년치 존재,2,,,0.43,28.09,47672.0,34286.0,down,48.8,4610.0,3670.0,mixed,bull,-21612.0,15168.0,26717.0,-15487.0,KOSPI,3920,1377,34286,0.7,철강,False,
009470,삼화전기,0.8483,-369.8,2024.51,2331.16,2300.68,,,,78.29,247.89,120.37,,,,-1.31,,,,-1.31,-51.44,,,,-51.44,1년치 존재,1,18.93,,5.9,45.26,71288.0,39741.0,down,58.5,27850.0,18560.0,up,bull,11664.0,22693.0,-8116.0,-24074.0,KOSPI,27000,1786,39741,0.6,전기제품,False,
102460,이연제약,1.0,2098.16,1510.71,1483.0,1459.29,,,,40.34,0.79,-302.69,,,,-1.6,,,,-1.6,-38415.19,,,,-38415.19,1년치 존재,1,,,-15.86,128.03,21274.0,44191.0,up,54.4,11080.0,9770.0,up,bull,21836.0,50581.0,-105.0,-95.0,KOSPI,10120,1881,44191,2.1,제약,False,
107590,미원홀딩스,0.8598,540.54,4431.62,4765.76,4927.18,,,,155.64,230.33,203.46,,,,3.39,,,,3.39,-11.67,,,,-11.67,1년치 존재,1,5.25,,17.19,63.63,80.0,43.0,down,40.9,64400.0,52500.0,mixed,bear,4.0,-1.0,-21.0,-92.0,KOSPI,59200,1373,43,0.5,화학,False,
005610,삼립,1.0,3036.29,34333.22,34279.2,33704.81,34341.0,35868.0,38254.5,917.34,949.69,387.39,120.5,570.0,938.0,-1.68,1.89,4.45,6.65,6.65,-59.21,-68.89,373.03,64.56,373.03,4년치 존재,4,25.3,,-1.98,153.63,2788.0,3247.0,up,54.8,42250.0,36700.0,up,bull,-1237.0,-1040.0,562.0,-4526.0,KOSPI,41150,3551,3247,1.2,식품,False,
000860,강남제비스코,0.7312,131.05,6387.89,6431.37,5985.53,,,,231.68,205.3,82.95,,,,-6.93,,,,-6.93,-59.6,,,,-59.6,1년치 존재,1,,,-0.39,43.95,6406.0,6075.0,down,52.2,14000.0,11600.0,mixed,bear,-5689.0,-20055.0,-1732.0,-9292.0,KOSPI,12480,1622,6075,0.9,건축자재,False,
003610,방림,1.0,-351.27,1319.22,1105.96,1225.27,,,,-41.19,-32.7,11.21,,,,10.79,,,,10.79,134.28,,,,134.28,1년치 존재,1,26.18,,7.58,37.12,68557.0,60247.0,down,45.2,5880.0,5070.0,mixed,bear,-72015.0,-69469.0,-19894.0,-86244.0,KOSPI,5480,1760,60247,0.9,"섬유,의류,신발,호화품",False,
003830,대한화섬,,-583.32,1344.07,1237.86,1082.26,,,,23.92,-15.42,-72.55,,,,-12.57,,,,-12.57,-370.49,,,,-370.49,1년치 존재,1,,,2.19,17.75,143.0,13.0,down,39.9,122000.0,107400.0,down,bear,-82.0,-171.0,-5.0,-84.0,KOSPI,107700,1430,13,0.1,화학,False,
001250,GS글로벌,1.0,5293.87,39164.93,40664.94,41092.65,43731.0,48550.0,,765.19,778.8,523.0,487.0,630.0,,1.05,6.42,11.02,,11.02,-32.85,-6.88,29.36,,29.36,3년치 존재,3,12.77,,2.74,187.53,565163.0,948560.0,up,69.4,3155.0,2365.0,up,bull,-331111.0,-673286.0,990785.0,1178204.0,KOSPI,3080,2542,948560,1.7,무역회사와판매업체,True,2026-08-28
001360,삼성제약,,90.42,519.55,442.94,460.74,,,,-180.37,-148.29,-180.68,,,,4.02,,,,4.02,-21.84,,,,-21.84,1년치 존재,1,,,-98.22,67.55,463409.0,1051254.0,up,56.6,1500.0,1180.0,up,bull,202012.0,52992.0,-1506.0,-1940.0,KOSPI,1424,1341,1051254,2.3,제약,False,
020120,키다리스튜디오,1.0,-332.31,1710.42,2052.13,2174.75,,,,-57.45,21.89,123.83,,,,5.98,,,,5.98,465.69,,,,465.69,1년치 존재,1,37.29,,6.04,68.51,601572.0,988223.0,down,43.8,9250.0,3215.0,mixed,bear,84844.0,386321.0,-142086.0,124918.0,KOSPI,6670,2472,988223,1.6,양방향미디어와서비스,False,
071840,롯데하이마트,,4655.0,26101.37,23566.57,23000.96,22430.0,23080.0,23740.0,82.23,17.21,96.39,70.0,220.0,260.0,-2.4,-2.48,2.9,2.86,2.9,460.08,-27.38,214.29,18.18,460.08,4년치 존재,4,,,-2.69,106.52,11113.0,10919.0,up,42.2,6560.0,5950.0,down,bear,-5577.0,-36509.0,-1025.0,-2949.0,KOSPI,6030,1424,10919,1.0,전문소매,False,
015890,태경산업,0.4356,983.53,6560.27,6756.92,7770.96,,,,441.28,556.84,554.32,,,,15.01,,,,15.01,-0.45,,,,-0.45,1년치 존재,1,8.41,,9.75,67.7,15515.0,26162.0,down,55.4,4880.0,4485.0,up,bull_cross,-16699.0,-92859.0,388.0,-811.0,KOSPI,4825,1410,26162,1.7,비철금속,False,
214390,경보제약,,1441.73,2163.57,2385.56,2641.04,,,,55.45,104.54,35.19,,,,10.71,,,,10.71,-66.34,,,,-66.34,1년치 존재,1,,,3.49,150.06,18103.0,24927.0,down,51.3,5580.0,4990.0,up,bear,12305.0,8090.0,24.0,-23435.0,KOSPI,5430,1298,24927,1.4,제약,False,
025820,이구산업,,1652.86,4333.73,4722.92,5077.84,,,,102.13,251.63,244.07,,,,7.51,,,,7.51,-3.0,,,,-3.0,1년치 존재,1,,,15.74,176.17,169636.0,128698.0,down,42.8,4630.0,3415.0,mixed,bear,-37135.0,-238944.0,-229.0,-591.0,KOSPI,4185,1400,128698,0.8,비철금속,False,
000970,한국주철관,0.9919,-1128.32,4563.26,4194.17,4066.2,,,,203.84,154.46,132.96,,,,-3.05,,,,-3.05,-13.92,,,,-13.92,1년치 존재,1,8.71,,4.77,20.7,15869.0,30860.0,down,33.2,6810.0,6310.0,down,bear,-45211.0,-70374.0,-153.0,-34560.0,KOSPI,6480,1477,30860,1.9,철강,False,
011785,금호석유화학우,0.9999,-853.11,63225.28,71550.04,69151.45,79878.08,78592.85,78517.08,3589.62,2728.04,2718.29,5428.62,4384.15,4698.77,-3.35,15.51,-1.61,-0.1,15.51,-0.36,99.71,-19.24,7.18,99.71,4년치 존재,4,0.51,,7.85,34.4,2926.0,2820.0,down,36.3,53000.0,47900.0,mixed,bear,-1322.0,-9465.0,-3394.0,-15483.0,KOSPI,48800,1475,2820,1.0,화학,False,
016880,웅진,1.0,6206.54,10185.77,10081.11,11506.91,,,,223.6,310.85,781.14,,,,14.14,,,,14.14,151.29,,,,151.29,1년치 존재,1,1.21,,27.79,1504.08,93929.0,55865.0,down,42.7,2220.0,1740.0,down,bull,3749.0,-96845.0,-11246.0,-229821.0,KOSPI,1828,1461,55865,0.6,출판,False,
008970,KBI동양철관,,301.84,2783.0,2502.97,2347.84,,,,21.98,66.77,-16.22,,,,-6.2,,,,-6.2,-124.29,,,,-124.29,1년치 존재,1,,,-3.48,75.16,4216215.0,2453053.0,up,62.9,1483.0,982.0,up,bull,-1030509.0,-1908021.0,3200.0,2014.0,KOSPI,1402,1455,2453053,0.6,철강,False,
004150,한솔홀딩스,0.8645,2176.23,4431.35,7916.4,10983.07,19750.0,26210.0,27230.0,39.99,74.79,226.09,560.0,780.0,860.0,38.74,79.82,32.71,3.89,79.82,202.3,147.69,39.29,10.26,202.3,4년치 존재,4,,,7.4,81.92,65785.0,33274.0,up,54.5,3635.0,2870.0,up,bear,-15964.0,-11239.0,5256.0,64409.0,KOSPI,3545,1454,33274,0.5,복합기업,False,
006060,화승인더,1.0,6221.21,14665.51,18677.34,17810.41,,,,247.45,1182.25,765.8,,,,-4.64,,,,-4.64,-35.23,,,,-35.23,1년치 존재,1,6.45,,8.99,201.74,56530.0,31296.0,down,35.4,2620.0,2210.0,down,bear,2352.0,-354922.0,-2816.0,-52706.0,KOSPI,2255,1247,31296,0.6,"섬유,의류,신발,호화품",False,
092220,KEC,,-124.28,2069.35,2431.7,2296.17,,,,-330.01,-132.71,-217.62,,,,-5.57,,,,-5.57,-63.98,,,,-63.98,1년치 존재,1,,,-8.58,42.39,724270.0,442964.0,up,54.1,3290.0,2205.0,up,bull,53527.0,-779917.0,-6935.0,911.0,KOSPI,3065,1231,442964,0.6,반도체와반도체장비,False,
005800,신영와코루,1.0,-849.41,2027.75,1966.78,1851.55,,,,21.57,27.56,12.89,,,,-5.86,,,,-5.86,-53.23,,,,-53.23,1년치 존재,1,19.51,,0.43,10.79,3848.0,7244.0,up,50.3,13970.0,12360.0,mixed,bear,-1804.0,-26525.0,785.0,-839.0,KOSPI,13600,1224,7244,1.9,"섬유,의류,신발,호화품",False,
089470,HDC현대EP,1.0,1143.73,10081.2,9905.66,9926.62,,,,330.4,326.76,496.89,,,,0.21,,,,0.21,52.07,,,,52.07,1년치 존재,1,3.68,,9.09,100.97,39246.0,39990.0,up,46.9,4150.0,3455.0,mixed,bear,49042.0,3282.0,-14825.0,-39079.0,KOSPI,3820,1219,39990,1.0,자동차부품,False,
214420,토니모리,0.976,461.95,1510.92,1769.96,2202.74,2146.0,2397.0,3450.0,96.17,121.02,143.65,107.0,144.0,400.0,24.45,-2.58,11.7,43.93,43.93,18.7,-25.51,34.58,177.78,177.78,4년치 존재,4,10.93,,9.67,82.6,48826.0,75432.0,down,43.6,6250.0,4585.0,down,bull,362.0,2343.0,-2911.0,-45658.0,KOSPI,5060,1217,75432,1.5,화장품,True,2026-08-28
000020,동화약품,1.0,911.84,3611.09,4648.75,4963.94,,,,187.76,134.11,2.57,,,,6.78,,,,6.78,-98.08,,,,-98.08,1년치 존재,1,17.79,,4.69,57.34,465206.0,2421088.0,up,69.6,6010.0,4550.0,up,bull,-86154.0,-124516.0,7199.0,-6322.0,KOSPI,5530,1545,2421088,5.2,제약,False,
002390,한독,,3508.6,5227.41,5073.58,5351.38,,,,125.79,5.39,32.91,,,,5.48,,,,5.48,510.58,,,,510.58,1년치 존재,1,,,-3.65,205.66,8525.0,11168.0,up,46.4,9690.0,7800.0,down,bull_cross,969.0,-26288.0,-99.0,126.0,KOSPI,8780,1208,11168,1.3,제약,False,
037560,LG헬로비전,1.0,3971.55,11902.57,11964.35,12656.52,13330.0,13900.0,11860.0,473.52,134.73,187.3,460.0,550.0,970.0,5.79,5.32,4.28,-14.68,5.79,39.02,145.6,19.57,76.36,145.6,4년치 존재,4,67.32,,-0.93,171.93,91187.0,70264.0,down,41.5,1757.0,1487.0,down,bear,-83351.0,-405383.0,1361.0,-282.0,KOSPI,1548,1199,70264,0.8,방송과엔터테인먼트,False,
001520,동양,0.9903,3461.53,8663.27,7504.08,6306.28,,,,265.49,-9.21,-207.44,,,,-15.96,,,,-15.96,-2152.33,,,,-2152.33,1년치 존재,1,5.97,,1.65,95.33,1156222.0,266205.0,down,49.8,1353.0,980.0,up,bear,67663.0,-1001069.0,-1965.0,-395.0,KOSPI,1118,1198,266205,0.2,건축자재,False,
078000,텔코웨어,1.0,-485.89,406.38,448.53,383.51,,,,30.43,33.75,32.86,,,,-14.5,,,,-14.5,-2.64,,,,-2.64,1년치 존재,1,20.3,,14.4,16.54,1876.0,498.0,down,54.7,13650.0,12070.0,up,bear,-1242.0,-9343.0,-51.0,-229.0,KOSPI,13550,1252,498,0.3,소프트웨어,False,
094280,효성ITX,1.0,231.97,5037.75,5063.54,5190.14,,,,191.9,187.5,189.59,,,,2.5,,,,2.5,1.11,,,,1.11,1년치 존재,1,8.85,,19.38,182.17,5150.0,15711.0,down,38.1,12180.0,11780.0,down,bear,-2974.0,-8629.0,-327.0,-1716.0,KOSPI,11840,1368,15711,3.1,상업서비스와공급품,False,
014530,극동유화,0.8717,2540.59,11579.99,10628.34,10217.28,,,,278.42,228.79,154.47,,,,-3.87,,,,-3.87,-32.48,,,,-32.48,1년치 존재,1,103.96,,5.44,131.56,486005.0,45300.0,down,58.4,3430.0,3035.0,up,bear,-482.0,-92217.0,-199.0,-1486.0,KOSPI,3385,1180,45300,0.1,석유와가스,False,
004100,태양금속,1.0,2328.18,6171.72,6200.21,6201.69,,,,221.63,160.53,224.19,,,,0.02,,,,0.02,39.66,,,,39.66,1년치 존재,1,33.72,,12.47,259.04,401885.0,304079.0,up,67.1,3265.0,2175.0,up,bull,90871.0,-47179.0,-11010.0,-10354.0,KOSPI,3205,1176,304079,0.8,자동차부품,False,
271980,제일약품,0.7307,448.7,7263.94,7045.42,5672.44,,,,87.31,-189.27,206.95,,,,-19.49,,,,-19.49,209.34,,,,209.34,1년치 존재,1,6.44,,4.66,107.73,19311.0,86064.0,up,53.6,11410.0,9230.0,down,bull_cross,6500.0,-18927.0,-112.0,-434.0,KOSPI,10250,1507,86064,4.5,제약,False,
009270,신원,1.0,2829.1,8344.78,9395.37,10922.54,,,,234.3,253.18,187.79,,,,16.25,,,,16.25,-25.83,,,,-25.83,1년치 존재,1,,,1.97,197.54,263434.0,114448.0,down,41.9,1177.0,950.0,mixed,bear,81686.0,133990.0,-479.0,-2096.0,KOSPI,1072,1230,114448,0.4,"섬유,의류,신발,호화품",False,
016740,두올,0.921,-2.59,7298.63,7732.59,7961.39,,,,449.74,429.18,485.95,,,,2.96,,,,2.96,13.23,,,,13.23,1년치 존재,1,4.01,,7.79,97.34,84071.0,32124.0,down,61.8,4055.0,3115.0,up,bear,-8443.0,-45245.0,-6493.0,115664.0,KOSPI,4035,1157,32124,0.4,자동차부품,False,
083420,그린케미칼,,399.16,2823.46,3303.39,3040.57,,,,49.52,106.87,101.49,,,,-7.96,,,,-7.96,-5.03,,,,-5.03,1년치 존재,1,,,15.62,76.75,16713.0,21262.0,up,53.9,5030.0,4290.0,up,bull,5961.0,-27898.0,3858.0,3485.0,KOSPI,4765,1144,21262,1.3,화학,False,
210540,디와이파워,1.0,-668.82,4300.35,3845.85,3827.51,,,,363.24,255.29,304.29,,,,-0.48,,,,-0.48,19.19,,,,19.19,1년치 존재,1,4.82,,10.13,25.6,20108.0,19434.0,down,38.2,12000.0,10140.0,mixed,bear,-18569.0,-29292.0,-12577.0,-58951.0,KOSPI,10990,1213,19434,1.0,기계,False,
002460,HS화성,0.893,706.43,9080.69,6127.8,6594.79,,,,252.54,237.34,432.45,,,,7.62,,,,7.62,82.21,,,,82.21,1년치 존재,1,4.08,,6.09,71.04,5684.0,2401.0,up,53.2,12000.0,10400.0,mixed,bull,-1468.0,-770.0,-545.0,-90.0,KOSPI,11090,1126,2401,0.4,건설,False,
016710,대성홀딩스,0.7686,-879.48,12168.17,12123.55,12226.34,,,,99.64,232.98,280.63,,,,0.85,,,,0.85,20.45,,,,20.45,1년치 존재,1,6.48,,5.34,76.21,11704.0,8775.0,down,44.6,7110.0,6630.0,mixed,bear,-5445.0,-5170.0,330.0,62.0,KOSPI,6910,1112,8775,0.7,가스유틸리티,False,
013570,디와이,0.4683,710.55,11911.71,11682.78,12448.37,,,,432.99,356.22,480.56,,,,6.55,,,,6.55,34.91,,,,34.91,1년치 존재,1,7.88,,5.61,76.39,31761.0,13430.0,up,48.8,4510.0,3735.0,mixed,bear,-8239.0,-89534.0,-314.0,4062.0,KOSPI,4210,1108,13430,0.4,자동차부품,False,
023450,동남합성,,213.42,1667.22,1863.99,1942.65,,,,80.63,89.35,93.65,,,,4.22,,,,4.22,4.81,,,,4.81,1년치 존재,1,,,21.28,96.67,875.0,116.0,down,49.2,32300.0,27850.0,up,bear,-55.0,-97.0,244.0,138.0,KOSPI,31500,1103,116,0.1,화학,False,
011810,STX,,2639.98,8949.52,8278.0,6413.12,,,,-149.68,-87.09,-619.45,,,,-22.53,,,,-22.53,-611.28,,,,-611.28,1년치 존재,1,,,-62.71,385.78,,,,,,,,,0.0,0.0,0.0,0.0,KOSPI,3530,1095,0,,무역회사와판매업체,False,
011280,태림포장,0.491,2747.1,7195.98,7153.75,7538.96,,,,221.84,-165.91,-49.82,,,,5.38,,,,5.38,69.97,,,,69.97,1년치 존재,1,,,-2.5,120.12,57048.0,49877.0,down,52.1,1756.0,1374.0,down,bull,54372.0,149382.0,-515.0,-3138.0,KOSPI,1535,1087,49877,0.9,포장재,False,
039570,HDC랩스,1.0,-734.18,6062.82,6288.08,6457.28,,,,105.13,64.02,106.37,,,,2.69,,,,2.69,66.15,,,,66.15,1년치 존재,1,15.71,,7.22,55.59,6005.0,4836.0,down,39.0,7800.0,7330.0,down,bear,-3064.0,-9162.0,-2789.0,-12051.0,KOSPI,7420,1926,4836,0.8,건설,False,
002620,제일파마홀딩스,0.4224,972.34,8040.43,7798.22,6576.14,,,,208.2,-115.59,386.86,,,,-15.67,,,,-15.67,434.68,,,,434.68,1년치 존재,1,8.33,,2.7,89.47,2054.0,8177.0,down,55.0,7710.0,6350.0,mixed,bear,812.0,-1240.0,-2610.0,-3202.0,KOSPI,7630,1219,8177,4.0,제약,False,
034590,인천도시가스,,-1728.98,7813.37,9436.13,9629.94,,,,165.18,194.22,191.49,,,,2.05,,,,2.05,-1.41,,,,-1.41,1년치 존재,1,,,8.32,100.96,781.0,807.0,down,44.8,26850.0,25900.0,mixed,bear,-694.0,-2137.0,40.0,35.0,KOSPI,26250,1148,807,1.0,가스유틸리티,False,
004250,NPC,1.0,895.37,5087.21,4582.65,4503.2,,,,295.61,104.95,235.74,,,,-1.73,,,,-1.73,124.62,,,,124.62,1년치 존재,1,8.3,,3.5,42.47,15745.0,29748.0,down,51.7,3085.0,2680.0,down,bull_cross,5653.0,-12461.0,-949.0,-9920.0,KOSPI,2925,1074,29748,1.9,포장재,False,
024090,디씨엠,,-686.97,2182.59,2409.13,2270.53,,,,90.56,169.67,95.61,,,,-5.75,,,,-5.75,-43.65,,,,-43.65,1년치 존재,1,,,4.3,12.2,1913.0,3757.0,down,44.6,11790.0,10740.0,mixed,bear,-3100.0,-7636.0,-459.0,-2229.0,KOSPI,11360,1295,3757,2.0,비철금속,False,
017550,수산세보틱스,1.0,169.87,2265.41,1978.92,2293.88,,,,163.98,120.68,189.64,,,,15.92,,,,15.92,57.14,,,,57.14,1년치 존재,1,7.15,,9.32,41.56,178329.0,118875.0,down,46.6,1977.0,1440.0,up,bear_cross,118650.0,135354.0,-399.0,-1942.0,KOSPI,1815,1133,118875,0.7,기계,False,
078935,GS우,0.8262,61654.03,259784.94,252499.76,251841.27,286612.8,281332.2,283044.0,37218.02,30771.85,29360.61,51915.0,36700.0,36994.0,-0.26,13.81,-1.84,0.61,13.81,-4.59,76.82,-29.31,0.8,76.82,4년치 존재,4,0.13,,15.37,79.98,4932.0,3174.0,down,47.5,65900.0,52300.0,mixed,bear,914.0,-2464.0,1399.0,3824.0,KOSPI,60000,1068,3174,0.6,석유와가스,False,
012320,경동인베스트,0.987,-722.97,3053.45,2937.12,2761.63,,,,217.18,243.95,188.21,,,,-5.97,,,,-5.97,-22.85,,,,-22.85,1년치 존재,1,6.12,,3.66,23.16,9414.0,32335.0,up,56.9,52300.0,39900.0,mixed,bull_cross,525.0,-7771.0,-21.0,-122.0,KOSPI,47850,1132,32335,3.4,비철금속,False,
079430,현대리바트,1.0,769.3,15857.05,18706.57,15462.06,15041.0,15509.0,16231.0,-198.52,240.37,157.17,129.0,232.0,369.0,-17.34,-2.72,3.11,4.66,4.66,-34.61,-17.92,79.84,59.05,79.84,4년치 존재,4,15.12,,1.34,95.63,12116.0,9540.0,down,37.1,6140.0,5370.0,down,bear,6007.0,-16329.0,-559.0,-5221.0,KOSPI,5570,1120,9540,0.8,가구,False,
006660,삼성공조,0.9847,-2120.02,1258.91,1157.73,1177.36,,,,54.39,64.81,32.45,,,,1.7,,,,1.7,-49.93,,,,-49.93,1년치 존재,1,14.64,,3.93,14.39,309717.0,124387.0,up,51.1,15110.0,9150.0,up,bull,27369.0,-71279.0,-57.0,6269.0,KOSPI,12850,1044,124387,0.4,자동차부품,False,
090350,노루페인트,1.0,-445.63,7803.67,7938.47,7710.52,,,,422.7,436.65,301.81,,,,-2.87,,,,-2.87,-30.88,,,,-30.88,1년치 존재,1,10.11,,7.79,78.68,34146.0,155160.0,up,69.1,8320.0,7070.0,up,bull,32304.0,67632.0,-417.0,-20821.0,KOSPI,8320,1664,155160,4.5,건축자재,False,
267850,아시아나IDT,,-1038.79,1883.54,1940.24,1940.59,,,,91.12,92.26,121.28,,,,0.02,,,,0.02,31.45,,,,31.45,1년치 존재,1,,,8.11,19.87,12523.0,6887.0,up,57.0,9600.0,8880.0,mixed,bull,3779.0,-19576.0,274.0,2444.0,KOSPI,9400,1043,6887,0.5,IT서비스,False,
021820,세원정공,0.8959,-3264.54,,1625.33,1793.54,1780.05,,,,192.08,170.28,236.22,,,10.35,-0.75,,,10.35,-11.35,38.72,,,38.72,2년치 존재,2,2.24,,7.36,9.87,5579.0,6396.0,down,46.0,10740.0,9510.0,mixed,bear,-6568.0,-10910.0,2892.0,762.0,KOSPI,10400,1040,6396,1.1,자동차부품,False,
001210,금호전기,,10.05,533.73,531.72,443.38,,,,-82.29,-49.57,-11.84,,,,-16.61,,,,-16.61,76.11,,,,76.11,1년치 존재,1,,,-0.18,122.81,2853919.0,751635.0,down,39.7,13300.0,2500.0,mixed,bear,77851.0,-508979.0,-20.0,-125662.0,KOSPI,8680,1096,751635,0.3,디스플레이장비및부품,False,
014580,태경비케이,0.7278,351.0,2941.62,3085.95,3859.43,,,,400.77,422.23,407.83,,,,25.06,,,,25.06,-3.41,,,,-3.41,1년치 존재,1,4.58,,12.43,52.62,36680.0,44394.0,up,63.8,4160.0,3720.0,mixed,bull,-19565.0,-158539.0,-147.0,-1319.0,KOSPI,3970,1095,44394,1.2,비철금속,False,
227840,현대코퍼레이션홀딩스,1.0,-86.0,1883.46,2156.04,2502.26,,,,187.31,195.05,213.7,,,,16.06,,,,16.06,9.56,,,,9.56,1년치 존재,1,3.18,,16.06,22.94,7295.0,4313.0,down,46.6,13680.0,11550.0,mixed,bear,-13750.0,-25099.0,3136.0,15645.0,KOSPI,12790,1164,4313,0.6,식품과기본식료품소매,False,
003580,HLB글로벌,,159.99,798.66,929.43,1002.86,,,,-129.04,-22.49,-98.83,,,,7.9,,,,7.9,-339.44,,,,-339.44,1년치 존재,1,,,-2.09,58.55,705226.0,980647.0,down,63.3,2070.0,1090.0,up,bull,-200583.0,-420596.0,-3256.0,-28783.0,KOSPI,2015,1021,980647,1.4,판매업체,False,
002170,SYTS,1.0,-2391.68,1792.58,1913.1,1746.85,,,,176.84,199.92,184.42,,,,-8.69,,,,-8.69,-7.75,,,,-7.75,1년치 존재,1,6.51,,5.62,5.8,963.0,3414.0,down,42.5,59000.0,51600.0,down,bear,-106.0,-928.0,1787.0,1196.0,KOSPI,52000,1560,3414,3.5,"섬유,의류,신발,호화품",False,
008350,남선알미늄,1.0,226.09,3104.99,2895.39,2589.22,,,,64.46,48.25,-32.66,,,,-10.57,,,,-10.57,-167.69,,,,-167.69,1년치 존재,1,37.96,,-3.82,54.69,683481.0,608472.0,down,52.0,1126.0,952.0,up,bear,-213961.0,-1522850.0,-747.0,-63526.0,KOSPI,1069,1380,608472,0.9,비철금속,False,
248170,샘표식품,1.0,-199.15,3834.26,4048.82,4089.27,,,,98.46,64.61,244.76,,,,1.0,,,,1.0,278.83,,,,278.83,1년치 존재,1,5.01,,9.71,40.92,245424.0,10200.0,down,42.9,30150.0,21800.0,down,bear,-13911.0,-72836.0,-30.0,415.0,KOSPI,21900,1000,10200,0.0,식품,False,
123690,한국화장품,0.9834,-134.63,787.13,927.88,850.32,,,,30.55,37.13,5.28,,,,-8.36,,,,-8.36,-85.78,,,,-85.78,1년치 존재,1,93.97,,2.61,73.51,271610.0,385234.0,up,56.9,6940.0,5380.0,up,bull,33596.0,-59206.0,-119.0,-487.0,KOSPI,6590,1059,385234,1.4,화장품,False,
009070,KCTC,0.9078,3097.9,8231.25,8821.48,9867.05,,,,368.21,389.91,388.18,,,,11.85,,,,11.85,-0.44,,,,-0.44,1년치 존재,1,5.95,,8.97,130.73,117042.0,449028.0,up,58.9,4195.0,3495.0,up,bull,-8824.0,-201313.0,-405.0,30396.0,KOSPI,4195,1259,449028,3.8,항공화물운송과물류,False,
002450,삼익악기,1.0,1515.1,2479.29,2303.8,2244.39,,,,64.65,59.34,22.82,,,,-2.58,,,,-2.58,-61.54,,,,-61.54,1년치 존재,1,5.56,,13.68,96.89,95223.0,232619.0,down,38.2,1167.0,1077.0,down,bear,-83603.0,-419553.0,-2897.0,16751.0,KOSPI,1082,980,232619,2.4,레저용장비와제품,False,
008700,아남전자,1.0,-313.72,3336.56,2584.38,2152.55,,,,93.72,98.98,47.93,,,,-16.71,,,,-16.71,-51.58,,,,-51.58,1년치 존재,1,16.31,,-0.25,80.78,182376.0,126291.0,down,49.1,1294.0,1028.0,mixed,bear,-93247.0,-180989.0,38052.0,624485.0,KOSPI,1246,961,126291,0.7,전자제품,False,
012200,계양전기,,1119.45,3816.34,3691.25,3897.99,,,,-38.95,-152.61,-271.0,,,,5.6,,,,5.6,-77.58,,,,-77.58,1년치 존재,1,,,-106.96,1358.83,764217.0,339880.0,down,34.1,4555.0,3015.0,down,bear,-25525.0,-332004.0,-109108.0,-379843.0,KOSPI,3045,1079,339880,0.4,자동차부품,False,
264900,크라운제과,,-252.47,4347.29,4381.02,4448.38,,,,284.4,210.47,152.65,,,,1.54,,,,1.54,-27.47,,,,-27.47,1년치 존재,1,,,4.54,55.56,7888.0,1822.0,down,30.2,8350.0,7640.0,down,bear,-12198.0,-39497.0,-1475.0,-20757.0,KOSPI,7670,961,1822,0.2,식품,False,
007210,벽산,0.8334,457.09,6207.2,6430.93,6106.88,,,,447.49,257.23,232.73,,,,-5.04,,,,-5.04,-9.52,,,,-9.52,1년치 존재,1,4.19,,4.7,79.22,55491.0,99792.0,up,56.6,1530.0,1347.0,mixed,bull,61546.0,-30267.0,-230.0,-2523.0,KOSPI,1461,955,99792,1.8,건축자재,False,
006805,미래에셋증권우,0.9644,,203566.32,222423.27,292830.28,612958.0,555412.67,581729.0,5210.37,11880.76,19151.04,46449.88,25735.69,27993.07,31.65,109.32,-9.39,4.74,109.32,61.19,142.54,-44.59,8.77,142.54,4년치 존재,4,0.09,,26.88,1103.73,27838.0,29407.0,down,33.0,14920.0,10620.0,down,bear,-7029.0,-74441.0,10.0,-32363.0,KOSPI,10930,1471,29407,1.1,증권,False,
032560,황금에스티,0.8488,-864.96,3551.43,3210.91,3165.29,,,,292.8,193.72,179.89,,,,-1.42,,,,-1.42,-7.14,,,,-7.14,1년치 존재,1,5.26,,6.78,27.96,12723.0,7730.0,down,51.4,5870.0,5000.0,mixed,bear,-7930.0,-65935.0,53.0,1152.0,KOSPI,5570,947,7730,0.6,비철금속,False,
025620,차AI헬스케어,1.0,255.53,160.89,156.75,73.05,,,,-93.88,-54.46,-74.56,,,,-53.4,,,,-53.4,-36.91,,,,-36.91,1년치 존재,1,73.08,,13.48,50.22,10202.0,5201.0,up,66.5,7060.0,3925.0,mixed,bull,6923.0,13642.0,-21.0,-209.0,KOSPI,5490,999,5201,0.5,화장품,False,
007540,샘표,0.5181,-596.14,3839.26,4049.56,4089.64,,,,81.31,58.75,241.43,,,,0.99,,,,0.99,310.94,,,,310.94,1년치 존재,1,9.68,,4.28,34.19,75633.0,9408.0,down,50.3,57500.0,42000.0,mixed,bear,-1309.0,-21198.0,42.0,-176.0,KOSPI,46800,943,9408,0.1,식품,False,
002200,한국수출포장,1.0,-584.65,3123.04,3017.61,2896.0,,,,228.81,-5.86,-65.57,,,,-4.03,,,,-4.03,-1018.94,,,,-1018.94,1년치 존재,1,,,-3.38,30.37,41904.0,30950.0,down,55.0,2925.0,2235.0,mixed,bear,-73249.0,-148713.0,-210.0,-2.0,KOSPI,2785,933,30950,0.7,포장재,False,
363280,티와이홀딩스,,1337.39,813.64,793.73,792.27,,,,-3437.56,-809.09,-345.64,,,,-0.18,,,,-0.18,57.28,,,,57.28,1년치 존재,1,,,-9.48,87.74,21719.0,15133.0,down,53.8,2135.0,1681.0,mixed,bear,-8252.0,-8729.0,61.0,-81.0,KOSPI,2050,933,15133,0.7,"호텔,레스토랑,레저",False,
070960,모나용평,1.0,2951.66,2116.48,2677.83,2501.5,2426.0,3096.0,,214.05,269.75,232.8,237.0,357.0,,-6.58,-3.02,27.62,,27.62,-13.7,1.8,50.63,,50.63,3년치 존재,3,,,-11.39,176.25,41826.0,68571.0,down,35.6,2290.0,1911.0,mixed,bull,-14095.0,-52676.0,-5187.0,-147.0,KOSPI,1911,920,68571,1.6,"호텔,레스토랑,레저",True,2026-08-27
004080,신흥,0.9622,157.24,1124.43,1017.56,1026.07,,,,113.56,62.78,70.91,,,,0.84,,,,0.84,12.95,,,,12.95,1년치 존재,1,47.45,,4.6,33.96,4227.0,1126.0,down,53.7,14780.0,13940.0,up,bear_cross,-161.0,-1654.0,-1113.0,1568.0,KOSPI,14400,1339,1126,0.3,건강관리장비와용품,False,
035000,HS애드,1.0,-489.88,5483.34,5547.3,4838.51,,,,264.44,295.73,274.95,,,,-12.78,,,,-12.78,-7.03,,,,-7.03,1년치 존재,1,5.96,,9.65,126.88,184344.0,131010.0,up,54.3,6930.0,5800.0,down,bull_cross,-850727.0,-2108269.0,75467.0,229088.0,KOSPI,6390,1036,131010,0.7,광고,False,
058860,KTis,,31.78,5929.6,5444.1,5887.6,,,,205.25,236.38,247.4,,,,8.15,,,,8.15,4.66,,,,4.66,1년치 존재,1,,,16.05,85.49,320618.0,78305.0,up,62.5,2620.0,2405.0,up,bull,-21530.0,-279907.0,-8215.0,-7465.0,KOSPI,2620,912,78305,0.2,상업서비스와공급품,False,
001290,상상인증권,1.0,,1821.89,3226.75,1817.34,,,,9.62,-497.08,-90.89,,,,-43.68,,,,-43.68,81.72,,,,81.72,1년치 존재,1,,,6.45,700.3,100534.0,39612.0,up,47.5,6025.0,2935.0,mixed,bear,-988.0,21434.0,-6.0,-6.0,KOSPI,4180,906,39612,0.4,증권,False,
119650,KC코트렐,,432.95,4319.49,3409.4,1928.73,,,,69.12,-678.2,-88.65,,,,-43.43,,,,-43.43,86.93,,,,86.93,1년치 존재,1,,,16.5,253.27,,,,,,,,,0.0,0.0,0.0,0.0,KOSPI,918,1008,0,,상업서비스와공급품,False,
036580,팜스코,0.9792,5564.36,18545.48,15746.35,15541.35,,,,314.8,539.39,802.07,,,,-1.3,,,,-1.3,48.7,,,,48.7,1년치 존재,1,2.2,,-8.29,445.61,35532.0,22641.0,down,42.5,2950.0,2305.0,down,bear,-11520.0,-41906.0,1942.0,6635.0,KOSPI,2450,900,22641,0.6,식품,False,
013700,까뮤이앤씨,1.0,531.85,2788.28,2603.8,2974.53,,,,66.51,-180.97,238.47,,,,14.24,,,,14.24,231.77,,,,231.77,1년치 존재,1,4.46,,25.06,132.83,145942.0,131319.0,down,39.2,1849.0,1203.0,mixed,bear,-18300.0,46774.0,2459.0,1909.0,KOSPI,1500,896,131319,0.9,건설,False,
081000,일진다이아,1.0,-3431.55,1544.58,1570.51,1624.0,,,,-43.7,-46.44,-67.85,,,,3.41,,,,3.41,-46.1,,,,-46.1,1년치 존재,1,20.06,,3.5,12.12,24119.0,7337.0,down,55.5,10620.0,7750.0,mixed,bull_cross,1674.0,-67014.0,123.0,-662.0,KOSPI,9690,1376,7337,0.3,비철금속,False,
139990,아주스틸,,5728.11,9385.44,9996.72,10856.03,,,,-133.22,-423.99,-255.66,,,,8.6,,,,8.6,39.7,,,,39.7,1년치 존재,1,,,-25.96,709.95,23920.0,16389.0,up,57.0,2430.0,2000.0,up,bull,2021.0,-22572.0,556.0,-2362.0,KOSPI,2285,886,16389,0.7,철강,False,
004140,동방,0.9895,3268.65,7677.95,8716.5,9155.53,,,,351.9,390.39,319.57,,,,5.04,,,,5.04,-18.14,,,,-18.14,1년치 존재,1,5.06,,4.06,289.54,97660.0,128083.0,up,52.5,1917.0,1653.0,mixed,bull,96858.0,38026.0,-347.0,-1411.0,KOSPI,1818,872,128083,1.3,항공화물운송과물류,False,
006090,사조오양,,1144.48,3915.38,4006.97,4173.64,,,,162.82,208.99,135.17,,,,4.16,,,,4.16,-35.32,,,,-35.32,1년치 존재,1,,,4.09,76.51,4866.0,3266.0,up,58.1,9270.0,8100.0,up,bear,-1308.0,-25864.0,35.0,-123.0,KOSPI,9050,853,3266,0.7,식품,False,
084670,동양고속,1.0,708.01,1199.71,1217.21,1251.83,,,,-2.88,-15.31,50.98,,,,2.84,,,,2.84,432.98,,,,432.98,1년치 존재,1,28.57,,-0.11,192.74,13921.0,100481.0,up,70.2,29250.0,20450.0,mixed,bull_cross,-12465.0,-2915.0,7194.0,7194.0,KOSPI,29250,847,100481,7.2,도로와철도운송,False,
008040,사조동아원,,669.1,6784.98,6781.49,6742.64,,,,386.37,500.21,424.69,,,,-0.57,,,,-0.57,-15.1,,,,-15.1,1년치 존재,1,,,-81.96,320.35,19519.0,32956.0,up,47.3,9050.0,6420.0,mixed,bear,-12749.0,-41455.0,-32.0,-15.0,KOSPI,7590,1071,32956,1.7,식품,False,
007980,TP,1.0,3188.61,9201.75,10641.51,10289.89,,,,405.75,489.32,620.06,,,,-3.3,,,,-3.3,26.72,,,,26.72,1년치 존재,1,2.19,,13.19,188.96,193114.0,457985.0,up,56.4,1904.0,1572.0,up,bull,-208509.0,-405459.0,405408.0,731453.0,KOSPI,1785,837,457985,2.4,"섬유,의류,신발,호화품",False,
004890,동일산업,1.0,-1386.31,4411.61,4157.97,3479.22,,,,-42.39,-41.59,-27.5,,,,-16.32,,,,-16.32,33.88,,,,33.88,1년치 존재,1,,,0.84,14.38,450.0,220.0,down,43.6,37000.0,33200.0,mixed,bear,-991.0,-2084.0,-25.0,-53.0,KOSPI,34350,833,220,0.5,철강,False,
019180,티에이치엔,1.0,66.15,5862.98,6510.79,9891.34,,,,430.63,309.64,700.6,,,,51.92,,,,51.92,126.26,,,,126.26,1년치 존재,1,1.3,,35.14,153.8,61259.0,55855.0,down,37.7,6520.0,4930.0,down,bull,-8255.0,-48537.0,-11707.0,-24717.0,KOSPI,4945,890,55855,0.9,자동차부품,False,
011700,한신기계,1.0,19.52,612.55,630.85,527.19,,,,-0.57,-5.67,-14.78,,,,-16.43,,,,-16.43,-160.67,,,,-160.67,1년치 존재,1,,,-0.3,37.04,315913.0,637718.0,down,52.6,2650.0,1949.0,up,bull,1053.0,-339392.0,-174.0,-815.0,KOSPI,2530,821,637718,2.0,기계,False,
055490,테이팩스,1.0,113.01,1458.4,1359.55,1411.39,,,,66.21,14.28,25.08,,,,3.81,,,,3.81,75.63,,,,75.63,1년치 존재,1,40.6,,5.82,30.03,16236.0,8057.0,up,66.7,17260.0,10520.0,up,bull,6292.0,-5837.0,-3435.0,-207.0,KOSPI,17100,819,8057,0.5,전자장비와기기,False,
096775,SK이노베이션우,0.8594,261185.73,772884.86,742696.47,802960.54,1049055.46,955034.46,941469.92,19038.86,3556.97,4486.84,95551.15,53073.23,48142.54,8.11,30.65,-8.96,-1.42,30.65,26.14,2029.59,-44.46,-9.29,2029.59,4년치 존재,4,,,-4.88,169.73,5392.0,8937.0,up,62.5,74800.0,56600.0,up,bull,817.0,7068.0,2667.0,1172.0,KOSPI,74800,934,8937,1.7,석유와가스,False,
023000,삼원강재,,-608.36,3590.58,3435.59,3592.87,,,,165.05,117.56,98.79,,,,4.58,,,,4.58,-15.97,,,,-15.97,1년치 존재,1,,,5.14,20.1,12482.0,12584.0,down,47.1,2260.0,2130.0,mixed,bull,-940.0,4449.0,5188.0,-17650.0,KOSPI,2195,872,12584,1.0,자동차부품,False,
37550L,DL이앤씨2우(전환),0.997,-10892.93,79910.64,83184.42,74024.25,70489.0,71734.0,77101.61,3306.59,2709.45,3869.53,5724.85,5789.35,6501.39,-11.01,-4.78,1.77,7.48,7.48,42.82,47.95,1.13,12.3,47.95,4년치 존재,4,0.26,,11.86,86.43,5542.0,1189.0,down,37.7,56100.0,34000.0,mixed,bear,-460.0,-5323.0,-2901.0,27220.0,KOSPI,45950,970,1189,0.2,건설,False,
000850,화천기공,1.0,-322.18,2257.2,2222.01,2217.56,,,,45.6,-7.41,42.17,,,,-0.2,,,,-0.2,669.1,,,,669.1,1년치 존재,1,7.12,,6.0,28.91,7317.0,3139.0,down,49.6,42000.0,30000.0,mixed,bear,-1897.0,-6289.0,-10.0,-73.0,KOSPI,36800,810,3139,0.4,기계,False,
069730,DSR제강,1.0,75.93,,2155.82,2265.5,,,,,195.11,280.35,,,,5.09,,,,5.09,43.69,,,,43.69,1년치 존재,1,3.21,,17.73,41.97,26141.0,21807.0,up,52.1,5990.0,5230.0,mixed,bull,-10706.0,-14522.0,-74.0,-323.0,KOSPI,5500,792,21807,0.8,철강,False,
111380,동인기연,1.0,848.8,2160.57,2266.91,2441.45,2699.0,2824.0,2998.0,282.54,211.19,225.91,265.0,284.0,308.0,7.7,10.55,4.63,6.16,10.55,6.97,17.3,7.17,8.45,17.3,4년치 존재,4,6.82,,16.43,92.57,3798.0,2487.0,down,44.3,14410.0,12000.0,down,bear,-3252.0,-6167.0,-231.0,-196.0,KOSPI,12820,786,2487,0.7,"섬유,의류,신발,호화품",True,2026-08-31
013520,화승코퍼레이션,0.7565,4030.04,16340.52,15643.34,16397.77,,,,782.07,857.86,830.64,,,,4.82,,,,4.82,-3.17,,,,-3.17,1년치 존재,1,1.63,,27.0,191.33,59564.0,56552.0,up,49.9,2780.0,2305.0,mixed,bull,-28005.0,-174345.0,175.0,-35561.0,KOSPI,2540,1271,56552,0.9,자동차부품,False,
005740,크라운해태홀딩스,0.5442,2039.07,10355.41,10468.96,10698.82,,,,710.34,675.79,572.51,,,,2.2,,,,2.2,-15.28,,,,-15.28,1년치 존재,1,4.27,,4.96,95.37,23824.0,1529.0,up,37.7,6010.0,5160.0,down,bear,-2470.0,-23829.0,-49.0,-31733.0,KOSPI,5260,781,1529,0.1,식품,False,
33626K,두산퓨얼셀1우,0.9963,5482.62,2608.86,4117.84,4547.95,5009.67,8336.17,9972.4,16.42,-17.29,-1056.73,-743.0,443.33,751.2,10.45,10.15,66.4,19.63,66.4,-6011.8,29.69,159.67,69.44,159.67,4년치 존재,4,,,-48.11,345.88,39219.0,6164.0,down,48.8,6770.0,3920.0,mixed,bear,-1479.0,-105177.0,0.0,1401.0,KOSPI,6190,827,6164,0.2,에너지장비및서비스,False,
002720,국제약품,0.9988,156.65,1353.73,1564.63,1754.96,,,,-19.89,67.02,61.85,,,,12.16,,,,12.16,-7.71,,,,-7.71,1년치 존재,1,16.44,,5.19,86.38,333906.0,6113624.0,up,87.8,4430.0,3045.0,up,bull,207716.0,182439.0,1371.0,1061.0,KOSPI,4430,937,6113624,18.3,제약,False,
002220,한일철강,0.2,757.3,2162.55,2058.42,1964.04,,,,48.6,6.67,31.79,,,,-4.59,,,,-4.59,376.61,,,,376.61,1년치 존재,1,,,-1.14,122.89,115670.0,87283.0,down,45.5,4445.0,2550.0,down,bull,28619.0,225777.0,-4193.0,-838.0,KOSPI,2905,776,87283,0.8,철강,False,
001780,알루코,0.9774,4808.75,5911.87,6229.44,5756.58,,,,376.32,380.53,349.0,,,,-7.59,,,,-7.59,-8.29,,,,-8.29,1년치 존재,1,10.48,,5.88,150.88,251336.0,395204.0,up,60.3,1910.0,1496.0,mixed,bull,88430.0,-277690.0,-1028.0,-10877.0,KOSPI,1679,1626,395204,1.6,비철금속,False,
002210,동성제약,,11.35,885.94,884.48,871.69,,,,6.65,-57.32,-101.18,,,,-1.45,,,,-1.45,-76.52,,,,-76.52,1년치 존재,1,,,-18.0,82.61,94668.0,49811.0,down,32.8,1846.0,1260.0,,bull,60213.0,-36388.0,-98.0,378.0,KOSPI,1290,1246,49811,0.5,제약,False,
004840,DRB동일,0.497,1850.59,7377.78,7526.88,8027.46,,,,358.46,218.7,248.94,,,,6.65,,,,6.65,13.83,,,,13.83,1년치 존재,1,17.19,,2.94,88.04,19611.0,44485.0,down,40.8,4485.0,3890.0,down,bull,-10027.0,-59493.0,-39697.0,-123225.0,KOSPI,3985,768,44485,2.3,화학,False,
267290,경동도시가스,1.0,-3111.88,17994.54,17919.08,17594.65,,,,282.85,269.74,330.46,,,,-1.81,,,,-1.81,22.51,,,,22.51,1년치 존재,1,3.73,,7.74,87.97,4800.0,4257.0,down,32.7,22300.0,18950.0,mixed,bear,-5119.0,-24489.0,-253.0,128.0,KOSPI,20800,1226,4257,0.9,가스유틸리티,False,
007610,선도전기,1.0,76.93,416.42,239.84,381.71,,,,-72.14,-57.48,12.49,,,,59.15,,,,59.15,121.73,,,,121.73,1년치 존재,1,14.36,,-3.98,129.44,901819.0,515188.0,down,48.6,5550.0,3405.0,mixed,bull,-206556.0,-160376.0,-64.0,-382.0,KOSPI,4220,760,515188,0.6,전기장비,False,
010960,삼호개발,1.0,-833.59,3619.17,4017.77,4097.27,,,,105.32,11.72,144.86,,,,1.98,,,,1.98,1136.01,,,,1136.01,1년치 존재,1,3.96,,5.79,48.01,67910.0,19901.0,down,47.0,4285.0,2850.0,mixed,bull,-5905.0,-8375.0,-137.0,-229.0,KOSPI,3080,743,19901,0.3,건설,False,
009180,한솔로지스틱스,1.0,149.94,7265.37,6870.31,6745.62,7565.0,8280.0,8830.0,262.57,167.78,206.93,257.0,280.0,300.0,-1.81,12.15,9.45,6.64,12.15,23.33,24.2,8.95,7.14,24.2,4년치 존재,4,5.01,,8.2,103.0,19651.0,9641.0,up,58.9,2825.0,2650.0,up,bull,13555.0,-14253.0,-159.0,-1033.0,KOSPI,2815,793,9641,0.5,항공화물운송과물류,False,
002780,진흥기업,,-641.95,7594.4,7261.91,5763.82,,,,517.26,-47.47,-230.04,,,,-20.63,,,,-20.63,-384.6,,,,-384.6,1년치 존재,1,,,-4.89,121.91,97078.0,46479.0,up,35.8,11420.0,6530.0,down,bull_cross,7116.0,-157436.0,-247.0,-705.0,KOSPI,6560,954,46479,0.5,건설,False,
003010,혜인,,148.62,2760.81,2488.26,2417.13,,,,91.42,141.58,175.52,,,,-2.86,,,,-2.86,23.97,,,,23.97,1년치 존재,1,,,13.89,92.61,546484.0,469433.0,down,42.3,12680.0,3995.0,mixed,bear,50046.0,-41538.0,-44.0,-12150.0,KOSPI,8350,1062,469433,0.9,기계,False,
013870,지엠비코리아,1.0,1941.98,6909.06,7267.08,7872.72,,,,205.67,226.85,242.2,,,,8.33,,,,8.33,6.77,,,,6.77,1년치 존재,1,4.99,,7.41,127.59,13255.0,4610.0,up,44.8,4015.0,3670.0,down,bear,-12842.0,-71729.0,-1591.0,-917.0,KOSPI,3800,725,4610,0.3,자동차부품,False,
000230,일동홀딩스,0.5065,1161.08,6384.48,6346.55,5908.9,,,,-795.62,-40.35,149.25,,,,-6.9,,,,-6.9,469.89,,,,469.89,1년치 존재,1,6.61,,14.29,121.83,11283.0,13068.0,up,55.0,6720.0,5660.0,mixed,bull,2276.0,-28539.0,-2061.0,-2085.0,KOSPI,6260,722,13068,1.2,제약,False,
001560,제일연마,0.9992,-342.61,852.39,819.74,788.99,,,,78.92,57.54,42.42,,,,-3.75,,,,-3.75,-26.28,,,,-26.28,1년치 존재,1,5.28,,6.27,10.67,1708.0,3019.0,down,57.4,9650.0,8320.0,up,bull_cross,-568.0,3215.0,1192.0,2430.0,KOSPI,9480,720,3019,1.8,비철금속,False,
024900,디와이덕양,1.0,-296.09,18758.9,18832.86,17380.72,,,,277.28,82.3,32.04,,,,-7.71,,,,-7.71,-61.07,,,,-61.07,1년치 존재,1,57.6,,2.36,425.17,273260.0,82062.0,up,74.4,2260.0,1662.0,up,bull,-27716.0,-47957.0,-8029.0,-2461.0,KOSPI,2200,716,82062,0.3,자동차부품,False,
027970,한국제지,1.0,1601.4,7120.27,7920.89,7536.79,,,,135.02,193.2,31.23,,,,-4.85,,,,-4.85,-83.84,,,,-83.84,1년치 존재,1,,,-21.32,93.35,17448.0,12258.0,up,45.7,2950.0,2600.0,mixed,bear,1183.0,-221.0,-807.0,3639.0,KOSPI,2720,1034,12258,0.7,종이와목재,False,
002795,아모레퍼시픽홀딩스우,0.4246,-16403.41,40213.43,42598.87,46231.75,,,,1520.01,2492.78,3680.0,,,,8.53,,,,8.53,47.63,,,,47.63,1년치 존재,1,0.58,,4.01,21.02,6312.0,3531.0,up,53.3,11440.0,10390.0,up,bear,1632.0,39563.0,-168.0,-694.0,KOSPI,11210,715,3531,0.6,화장품,False,
018470,조일알미늄,,1565.04,4657.84,4983.72,4866.79,,,,84.73,201.07,137.95,,,,-2.35,,,,-2.35,-31.39,,,,-31.39,1년치 존재,1,,,8.35,107.22,124614.0,60455.0,up,55.8,5605.0,4430.0,up,bull,1075.0,-93665.0,48655.0,155371.0,KOSPI,5240,1327,60455,0.5,비철금속,False,
120115,코오롱인더우,0.951,22920.57,47349.07,48430.03,48733.99,53155.33,55417.5,57748.5,1996.55,1587.23,1088.96,2780.5,2985.83,3361.83,0.63,9.07,4.26,4.21,9.07,-31.39,155.34,7.38,12.59,155.34,4년치 존재,4,1.85,,3.35,86.54,4941.0,1926.0,up,57.2,25750.0,22250.0,up,bull,2724.0,-8494.0,-744.0,-8114.0,KOSPI,25600,709,1926,0.4,화학,False,
058850,KTcs,0.9267,-729.03,10353.66,11213.41,10427.17,,,,187.24,69.71,298.06,,,,-7.01,,,,-7.01,327.57,,,,327.57,1년치 존재,1,3.9,,11.32,88.87,100507.0,46502.0,up,53.4,2290.0,2100.0,mixed,bull,419.0,-389177.0,-302.0,-1217.0,KOSPI,2200,911,46502,0.5,상업서비스와공급품,False,
000105,유한양행우,1.0,-959.87,18589.84,20677.91,21866.38,23471.94,25614.69,28602.69,570.32,548.8,1043.74,1289.25,2028.44,3026.56,5.75,7.34,9.13,11.67,11.67,90.19,23.52,57.33,49.21,90.19,4년치 존재,4,0.38,,10.45,34.77,475.0,329.0,down,38.1,72000.0,57000.0,mixed,bear,-447.0,-2410.0,0.0,178.0,KOSPI,64100,736,329,0.7,제약,False,
005750,대림바스,0.9904,480.02,2662.81,2810.55,3005.68,,,,40.59,100.97,186.17,,,,6.94,,,,6.94,84.38,,,,84.38,1년치 존재,1,5.25,,9.8,89.1,24971.0,19576.0,down,38.5,4800.0,3980.0,mixed,bear,11256.0,12160.0,1824.0,7361.0,KOSPI,4230,702,19576,0.8,건축제품,False,
013360,일성건설,0.9992,1384.7,6077.15,5003.84,4526.73,,,,72.66,-435.9,103.76,,,,-9.53,,,,-9.53,123.8,,,,123.8,1년치 존재,1,19.52,,5.14,446.45,164380.0,149268.0,down,39.1,1739.0,1194.0,down,bear,12082.0,-116294.0,-690.0,-805.0,KOSPI,1354,731,149268,0.9,건설,False,
214330,금호에이치티,,-356.4,3643.2,4448.75,3854.04,,,,107.74,118.88,62.47,,,,-13.37,,,,-13.37,-47.45,,,,-47.45,1년치 존재,1,,,-5.76,37.06,119179.0,14621.0,up,55.4,8930.0,4735.0,up,bull,3179.0,112512.0,170.0,-3256.0,KOSPI,6930,725,14621,0.1,자동차부품,False,
010040,한국내화,1.0,238.88,4118.1,4160.08,4063.41,,,,-75.39,85.86,27.76,,,,-2.32,,,,-2.32,-67.67,,,,-67.67,1년치 존재,1,,,4.76,55.33,28077.0,53256.0,up,57.9,1748.0,1362.0,up,bull,-6491.0,-23761.0,5416.0,-4339.0,KOSPI,1691,694,53256,1.9,비철금속,False,
071090,하이스틸,1.0,533.61,2566.56,2462.64,2566.23,,,,33.86,9.12,-33.25,,,,4.21,,,,4.21,-464.58,,,,-464.58,1년치 존재,1,,,0.61,99.4,1749792.0,396073.0,up,52.5,4050.0,2610.0,up,bull,-245649.0,-174767.0,-80.0,-3135.0,KOSPI,3415,690,396073,0.2,철강,False,
155660,DSR,1.0,614.63,2910.95,2998.09,3023.9,,,,242.62,153.41,192.92,,,,0.86,,,,0.86,25.75,,,,25.75,1년치 존재,1,4.56,,12.69,60.05,14097.0,30864.0,down,39.7,4790.0,4265.0,down,bear,-13144.0,-36828.0,-3569.0,-2466.0,KOSPI,4265,682,30864,2.2,비철금속,False,
007280,한국특강,,2136.58,8303.92,7687.78,7671.41,,,,473.16,106.12,117.4,,,,-0.21,,,,-0.21,10.63,,,,10.63,1년치 존재,1,,,-1.88,165.19,15572.0,44463.0,up,54.0,2440.0,1753.0,mixed,bear,-5172.0,-49282.0,1029.0,-2120.0,KOSPI,2365,677,44463,2.9,철강,False,
095720,웅진씽크빅,,2156.75,8900.55,8671.8,7973.57,,,,55.72,92.47,-104.56,,,,-8.05,,,,-8.05,-213.07,,,,-213.07,1년치 존재,1,,,-5.71,181.49,31726.0,24551.0,down,32.6,1318.0,1072.0,mixed,bear,-46418.0,-112839.0,-240.0,-895.0,KOSPI,1195,679,24551,0.8,교육서비스,False,
004720,팜젠사이언스,,-193.54,1667.81,1712.87,1730.73,,,,91.34,106.43,59.87,,,,1.04,,,,1.04,-43.75,,,,-43.75,1년치 존재,1,,,-69.72,31.53,14715.0,32821.0,up,48.5,3480.0,2825.0,down,bull,-1796.0,-32269.0,-101.0,-693.0,KOSPI,2975,674,32821,2.2,제약,False,
001260,남광토건,1.0,23.47,5476.84,5042.49,3574.46,,,,43.47,73.04,114.4,,,,-29.11,,,,-29.11,56.63,,,,56.63,1년치 존재,1,14.98,,4.39,219.74,77364.0,28737.0,up,53.1,10520.0,6610.0,up,bull,20624.0,10029.0,-52.0,-187.0,KOSPI,8060,793,28737,0.4,건설,False,
002150,도화엔지니어링,1.0,1182.77,5749.91,5827.87,6984.75,,,,218.92,-133.87,301.17,,,,19.85,,,,19.85,324.97,,,,324.97,1년치 존재,1,22.94,,3.54,202.69,29505.0,11296.0,down,38.2,5380.0,4600.0,mixed,bear,10189.0,-33596.0,7746.0,-18477.0,KOSPI,4985,1681,11296,0.4,건설,False,
000180,성창기업지주,,315.79,1662.54,1431.06,1272.18,,,,-167.01,-72.93,-69.28,,,,-11.1,,,,-11.1,5.0,,,,5.0,1년치 존재,1,,,-2.63,27.1,15113.0,7432.0,up,21.0,5460.0,4800.0,down,bear,-1026.0,-18212.0,-1287.0,-1182.0,KOSPI,4800,670,7432,0.5,종이와목재,False,
010660,화천기계,,-177.07,1618.84,2323.87,2145.14,,,,-30.38,20.33,2.28,,,,-7.69,,,,-7.69,-88.79,,,,-88.79,1년치 존재,1,,,3.83,33.12,64262.0,27908.0,up,49.2,3270.0,2530.0,mixed,bear,-32159.0,-16051.0,194.0,-625.0,KOSPI,3025,666,27908,0.4,기계,False,
079980,휴비스,1.0,3229.71,9276.79,9394.28,8895.28,,,,-716.29,-382.55,197.62,,,,-5.31,,,,-5.31,151.66,,,,151.66,1년치 존재,1,28.53,,-5.0,223.06,29885.0,23743.0,up,44.9,2125.0,1869.0,mixed,bull,2689.0,-79994.0,-8330.0,11272.0,KOSPI,1925,664,23743,0.8,"섬유,의류,신발,호화품",False,
004960,한신공영,1.0,5385.47,13090.09,14904.48,11491.91,,,,147.55,372.55,645.21,,,,-22.9,,,,-22.9,73.19,,,,73.19,1년치 존재,1,2.1,,10.15,162.76,20307.0,14276.0,down,40.6,12550.0,9060.0,mixed,bear,-1177.0,-27681.0,867.0,-4284.0,KOSPI,10880,1259,14276,0.7,건설,False,
000590,CS홀딩스,0.823,-2373.77,1719.65,1419.51,1348.71,,,,191.29,223.14,202.15,,,,-4.99,,,,-4.99,-9.41,,,,-9.41,1년치 존재,1,4.73,,7.07,8.33,555.0,408.0,up,65.1,70900.0,61000.0,up,bull,267.0,2939.0,113.0,16.0,KOSPI,70800,817,408,0.7,철강,False,
015590,DKME,1.0,-197.97,1372.51,1366.24,1334.12,,,,128.84,94.75,100.26,,,,-2.35,,,,-2.35,5.82,,,,5.82,1년치 존재,1,,,-3.02,46.86,134610.0,119748.0,down,59.8,2425.0,1341.0,up,bull,19964.0,20863.0,-7180.0,-7251.0,KOSPI,2200,1175,119748,0.9,기계,False,
002700,신일전자,,-204.25,1843.0,1783.15,1939.9,,,,20.1,40.33,52.37,,,,8.79,,,,8.79,29.85,,,,29.85,1년치 존재,1,,,6.74,92.97,526861.0,892043.0,up,66.6,1195.0,925.0,mixed,bull,814065.0,1160884.0,87353.0,120044.0,KOSPI,1052,721,892043,1.7,가정용기기와용품,False,
084680,이월드,,1366.15,1152.76,1084.54,887.27,,,,79.23,-4.2,-31.77,,,,-18.19,,,,-18.19,-656.43,,,,-656.43,1년치 존재,1,,,-6.5,89.34,157983.0,47702.0,down,37.1,5865.0,2170.0,down,bear_cross,-40604.0,-141907.0,1176.0,454.0,KOSPI,2260,641,47702,0.3,"섬유,의류,신발,호화품",False,
016090,대현,,-530.45,2953.04,2592.85,2405.44,,,,213.32,143.73,70.78,,,,-7.23,,,,-7.23,-50.75,,,,-50.75,1년치 존재,1,,,4.76,12.84,39371.0,53693.0,up,44.9,1519.0,1391.0,down,bull,3355.0,-152284.0,7336.0,-19808.0,KOSPI,1416,627,53693,1.4,"섬유,의류,신발,호화품",False,
004770,써니전자,,-572.03,127.6,128.1,123.61,,,,9.02,25.76,22.01,,,,-3.51,,,,-3.51,-14.56,,,,-14.56,1년치 존재,1,,,3.77,2.37,2180620.0,554682.0,down,38.5,2375.0,1518.0,mixed,bear,3074.0,-434353.0,15498.0,17488.0,KOSPI,1764,626,554682,0.3,전자장비와기기,False,
068290,삼성출판사,,-160.87,418.06,405.66,402.91,,,,-13.12,-1.81,-7.95,,,,-0.68,,,,-0.68,-339.23,,,,-339.23,1년치 존재,1,,,4.7,17.78,7958.0,9461.0,up,50.2,6460.0,6000.0,down,bull_cross,-1338.0,-9325.0,8084.0,37393.0,KOSPI,6230,623,9461,1.2,출판,False,
031820,아이티센씨티에스,0.5705,259.39,8925.73,9953.21,10952.14,,,,155.29,210.1,235.5,,,,10.04,,,,10.04,12.09,,,,12.09,1년치 존재,1,1.34,,35.81,103.66,32379.0,50875.0,up,54.4,6340.0,4875.0,up,bull,7868.0,99.0,-8264.0,591.0,KOSPI,5830,706,50875,1.6,IT서비스,False,
011150,CJ씨푸드,1.0,411.51,1483.49,1937.17,1921.18,,,,41.39,43.58,-9.1,,,,-0.83,,,,-0.83,-120.88,,,,-120.88,1년치 존재,1,23.81,,2.04,93.36,33373.0,43631.0,down,35.0,2075.0,1860.0,down,bear,-24075.0,-125932.0,-211.0,-743.0,KOSPI,1872,673,43631,1.3,식품,False,
005870,휴니드,,-24.32,2288.44,2308.01,1371.86,,,,173.61,91.34,-120.33,,,,-40.56,,,,-40.56,-231.74,,,,-231.74,1년치 존재,1,,,-3.28,114.72,39527.0,44369.0,up,43.9,4745.0,3875.0,up,bull,-28747.0,-17813.0,-94.0,-389.0,KOSPI,4380,618,44369,1.1,우주항공과국방,False,
085310,엔케이,1.0,-570.05,915.35,1109.37,1301.02,,,,-11.04,-48.25,-6.48,,,,17.28,,,,17.28,86.57,,,,86.57,1년치 존재,1,,,2.89,31.72,10227.0,14588.0,up,50.0,9790.0,7200.0,mixed,bull_cross,-7454.0,-23994.0,0.0,43479.0,KOSPI,8990,667,14588,1.4,조선,False,
480370,씨케이솔루션,1.0,-147.82,2152.98,2957.73,2910.1,,,,176.67,165.24,-366.05,,,,-1.61,,,,-1.61,-321.53,,,,-321.53,1년치 존재,1,,,-43.89,193.07,789220.0,458995.0,down,65.4,2250.0,1086.0,up,bull,-42665.0,-214565.0,-8504.0,122072.0,KOSPI,2145,697,458995,0.6,기계,False,
004450,삼화왕관,1.0,516.57,1579.04,1671.42,1628.98,,,,69.45,106.28,67.57,,,,-2.54,,,,-2.54,-36.42,,,,-36.42,1년치 존재,1,13.92,,4.26,81.18,1326.0,755.0,up,51.5,28850.0,24350.0,up,bear,-113.0,7518.0,576.0,770.0,KOSPI,27700,597,755,0.6,포장재,False,
019680,대교,0.2,1202.38,6562.17,6635.02,6500.05,,,,-278.28,-15.63,-34.0,,,,-2.03,,,,-2.03,-117.53,,,,-117.53,1년치 존재,1,,,-13.29,115.39,31128.0,11269.0,up,38.0,2300.0,1619.0,down,bear,-5242.0,-41289.0,-172.0,-257.0,KOSPI,1623,653,11269,0.4,교육서비스,False,
372910,한컴라이프케어,0.9771,-398.17,1127.8,1047.76,920.88,1322.0,1407.0,1454.0,18.32,74.89,-7.27,54.0,68.0,74.0,-12.11,43.56,6.43,3.34,43.56,-109.71,842.78,25.93,8.82,842.78,4년치 존재,4,,,-0.31,44.61,1220773.0,101998.0,down,58.3,2270.0,1608.0,up,bear_cross,44619.0,72063.0,-10.0,-57.0,KOSPI,2130,589,101998,0.1,건강관리장비와용품,False,
001465,BYC우,0.9995,-523.46,1684.02,1652.08,1631.67,,,,274.98,238.33,265.74,,,,-1.24,,,,-1.24,11.5,,,,11.5,1년치 존재,1,2.98,,4.06,38.0,2254.0,1802.0,up,59.8,27150.0,21200.0,mixed,bear,-406.0,-1985.0,4946.0,19791.0,KOSPI,27100,584,1802,0.8,"섬유,의류,신발,호화품",False,
058730,다스코,0.986,758.83,3780.93,3120.11,2731.93,,,,224.79,-17.55,20.7,,,,-12.44,,,,-12.44,217.95,,,,217.95,1년치 존재,1,,,-7.79,153.94,460925.0,176385.0,up,43.2,5220.0,2975.0,down,bull_cross,79847.0,29552.0,-107.0,-135.0,KOSPI,3160,640,176385,0.4,건축자재,False,
023800,인지컨트롤스,0.9069,2732.72,6340.18,6492.71,7179.02,,,,209.26,263.97,396.36,,,,10.57,,,,10.57,50.15,,,,50.15,1년치 존재,1,4.96,,9.88,171.65,23465.0,17737.0,up,42.6,5500.0,4895.0,down,bull,-2812.0,-123217.0,-3787.0,-675.0,KOSPI,5050,798,17737,0.8,자동차부품,False,
009200,무림페이퍼,0.8243,11898.49,13218.85,13843.8,12649.12,,,,677.84,893.94,59.51,,,,-8.63,,,,-8.63,-93.34,,,,-93.34,1년치 존재,1,,,-15.23,333.36,109845.0,13736.0,up,50.5,1582.0,1399.0,up,bull,4409.0,89520.0,-238.0,-783.0,KOSPI,1511,629,13736,0.1,종이와목재,False,
001275,부국증권우,0.9998,,8150.41,7791.75,9654.64,,,,691.09,366.74,567.77,,,,23.91,,,,23.91,54.82,,,,54.82,1년치 존재,1,2.0,,5.5,770.46,488.0,316.0,up,59.3,30850.0,29600.0,mixed,bull,-6.0,100.0,0.0,0.0,KOSPI,30450,914,316,0.6,증권,False,
075180,새론오토모티브,1.0,-1237.56,1403.07,1420.09,1386.95,,,,-76.21,-57.83,-7.39,,,,-2.33,,,,-2.33,87.22,,,,87.22,1년치 존재,1,,,4.18,12.66,24860.0,9507.0,up,56.7,3030.0,2790.0,mixed,bear,-9999.0,-6789.0,2620.0,2916.0,KOSPI,3000,576,9507,0.4,자동차부품,False,
006840,AK홀딩스,0.2641,27371.0,44796.6,38101.34,32357.21,,,,2791.24,511.03,-1478.54,,,,-15.08,,,,-15.08,-389.33,,,,-389.33,1년치 존재,1,,,3.18,473.91,6727.0,2814.0,down,41.1,8000.0,5590.0,mixed,bear,-3091.0,-30142.0,1099.0,422.0,KOSPI,6830,905,2814,0.4,화학,False,
014990,인디에프,,423.85,1265.0,1147.38,1045.91,,,,-26.98,-8.27,11.91,,,,-8.84,,,,-8.84,244.01,,,,244.01,1년치 존재,1,,,4.02,184.25,496402.0,130980.0,up,51.5,4415.0,1746.0,mixed,bear,3649.0,-101435.0,-6.0,3370.0,KOSPI,3810,572,130980,0.3,"섬유,의류,신발,호화품",False,
018500,동원모빌리티,1.0,2031.28,,5682.41,6262.36,6595.38,,,,356.74,419.86,350.08,,,10.21,5.32,,,10.21,17.69,-16.62,,,17.69,2년치 존재,2,2.92,,29.27,243.58,52858.0,181786.0,down,36.2,1519.0,1322.0,down,bull,-63211.0,-162608.0,1569.0,1562.0,KOSPI,1322,618,181786,3.4,자동차부품,False,
37550K,DL이앤씨우,0.997,-10892.93,79910.64,83184.42,74024.25,70489.0,71734.0,77101.61,3306.59,2709.45,3869.53,5724.85,5789.35,6501.39,-11.01,-4.78,1.77,7.48,7.48,42.82,47.95,1.13,12.3,47.95,4년치 존재,4,0.15,,11.86,86.43,6188.0,1856.0,up,57.6,27450.0,20600.0,up,bear,-1137.0,-4354.0,-41.0,-1934.0,KOSPI,26950,570,1856,0.3,건설,False,
009770,삼정펄프,,-1453.09,1783.08,1638.84,1485.66,,,,64.6,48.68,-14.4,,,,-9.35,,,,-9.35,-129.58,,,,-129.58,1년치 존재,1,,,5.51,11.07,1332.0,515.0,up,48.9,31200.0,26450.0,mixed,bear,-250.0,-86.0,255.0,-2.0,KOSPI,27800,695,515,0.4,가정용품,False,
129260,인터지스,0.9374,756.35,6116.39,7011.72,7089.79,,,,230.29,238.64,197.61,,,,1.11,,,,1.11,-17.19,,,,-17.19,1년치 존재,1,5.77,,2.4,77.97,20818.0,12316.0,up,48.8,1977.0,1815.0,mixed,bull,-14225.0,-106805.0,-172.0,-613.0,KOSPI,1907,567,12316,0.6,해운사,False,
002760,보락,,-64.13,467.74,476.0,501.16,,,,5.06,-17.92,22.3,,,,5.29,,,,5.29,224.44,,,,224.44,1년치 존재,1,,,5.19,17.64,54970.0,51019.0,down,48.7,1027.0,921.0,mixed,bear,-78286.0,-189446.0,79651.0,365936.0,KOSPI,999,598,51019,0.9,식품,False,
072130,유엔젤,0.9993,-86.14,366.39,530.46,615.67,,,,-17.77,7.89,34.2,,,,16.06,,,,16.06,333.46,,,,333.46,1년치 존재,1,13.69,,10.25,22.83,25718.0,31151.0,down,40.3,5470.0,4595.0,mixed,bear,-21104.0,-28672.0,-76.0,-470.0,KOSPI,4700,597,31151,1.2,IT서비스,False,
163560,동일고무벨트,1.0,145.16,3577.76,3369.83,3646.03,,,,136.89,95.87,185.65,,,,8.2,,,,8.2,93.65,,,,93.65,1년치 존재,1,7.16,,10.75,48.41,15280.0,30324.0,down,44.0,6110.0,5380.0,mixed,bull,-4722.0,-42421.0,-20117.0,-20534.0,KOSPI,5490,763,30324,2.0,화학,False,
100220,비상교육,1.0,725.22,2523.71,2464.6,2687.76,,,,-58.11,102.22,216.18,,,,9.05,,,,9.05,111.49,,,,111.49,1년치 존재,1,3.05,,16.6,78.58,22818.0,14491.0,down,49.1,5250.0,4565.0,mixed,bear_cross,-1567.0,-10339.0,-9315.0,-39788.0,KOSPI,4990,649,14491,0.6,교육서비스,False,
020760,일진디스플,1.0,141.25,543.35,665.51,578.47,,,,-79.63,-14.08,-48.8,,,,-13.08,,,,-13.08,-246.59,,,,-246.59,1년치 존재,1,,,-10.74,86.9,,,,,,,,,0.0,0.0,0.0,0.0,KOSPI,902,555,0,,디스플레이패널,False,
010100,한국무브넥스,1.0,960.96,15108.06,15674.11,16993.16,,,,593.38,436.74,253.17,,,,8.42,,,,8.42,-42.03,,,,-42.03,1년치 존재,1,4.99,,5.36,155.04,48999.0,49565.0,up,43.2,3865.0,3205.0,mixed,bull,5677.0,-31080.0,-1077.0,5017.0,KOSPI,3415,1040,49565,1.0,자동차부품,False,
109070,주성코퍼레이션,1.0,-119.65,239.47,688.46,854.03,,,,-13.35,37.64,31.66,,,,24.05,,,,24.05,-15.89,,,,-15.89,1년치 존재,1,37.21,,8.22,51.04,64568.0,15213.0,down,44.1,8910.0,6420.0,mixed,bear,-12283.0,-11941.0,0.0,1.0,KOSPI,7190,759,15213,0.2,해운사,False,
090080,평화산업,1.0,442.24,5640.39,5883.77,6260.62,,,,99.38,140.61,133.43,,,,6.4,,,,6.4,-5.11,,,,-5.11,1년치 존재,1,3.5,,42.99,242.8,106868.0,98113.0,up,48.2,1081.0,830.0,up,bear_cross,-26716.0,-20749.0,-223.0,-814.0,KOSPI,1000,549,98113,0.9,자동차부품,False,
35320K,대덕전자1우,0.999,-2162.12,9096.51,8921.36,10652.95,16087.69,20118.46,23433.0,237.32,112.59,490.61,2787.0,4158.15,5165.38,19.41,51.02,25.05,16.48,51.02,335.75,468.07,49.2,24.22,468.07,4년치 존재,4,1.21,,16.64,40.02,7903.0,8265.0,up,65.8,29100.0,16730.0,up,bull,-6124.0,-245.0,218.0,141.0,KOSPI,27550,577,8265,1.0,전자장비와기기,False,
092440,기신정기,1.0,-453.0,,1378.6,1313.16,1192.66,,,,24.98,10.18,-37.06,,,-4.75,-9.18,,,-4.75,-59.25,-464.05,,,-59.25,2년치 존재,2,17.54,,-0.17,5.88,88944.0,10051.0,down,44.5,2045.0,1815.0,down,bear,-39102.0,-75816.0,4783.0,6808.0,KOSPI,1870,546,10051,0.1,기계,False,
025530,SJM홀딩스,0.5779,-1334.69,2028.41,2061.95,2057.99,,,,146.56,137.19,105.51,,,,-0.19,,,,-0.19,-23.09,,,,-23.09,1년치 존재,1,6.47,,9.2,21.54,5192.0,3403.0,down,53.2,3695.0,3375.0,up,bear,489.0,1291.0,-32.0,-124.0,KOSPI,3650,545,3403,0.7,자동차부품,False,
28513K,SK케미칼우,1.0,4854.61,17487.78,17367.79,23651.64,29278.5,31620.0,33405.0,833.02,-451.76,-2.07,587.0,1592.0,2230.0,36.18,23.79,8.0,5.65,36.18,99.54,28457.49,171.21,40.08,28457.49,4년치 존재,4,1.22,,0.31,89.06,3326.0,290.0,up,62.0,25800.0,20300.0,up,bear,-125.0,4761.0,-485.0,-2342.0,KOSPI,25650,543,290,0.1,화학,False,
004830,덕성,1.0,87.73,1079.33,1254.53,1464.76,,,,50.9,89.11,62.36,,,,16.76,,,,16.76,-30.02,,,,-30.02,1년치 존재,1,9.89,,3.77,55.06,33964.0,67643.0,up,64.5,3550.0,2865.0,up,bull,13314.0,-19400.0,-557.0,-331.0,KOSPI,3460,543,67643,2.0,"섬유,의류,신발,호화품",False,
000220,유유제약,0.8944,1.91,1372.1,1331.47,1408.85,,,,3.65,116.97,110.19,,,,5.81,,,,5.81,-5.8,,,,-5.8,1년치 존재,1,7.4,,9.66,42.21,96989.0,141906.0,up,54.5,3955.0,3435.0,mixed,bear,-8616.0,76489.0,20535.0,19247.0,KOSPI,3830,603,141906,1.5,제약,False,
023810,인팩,0.6611,3554.51,5428.93,5638.73,5864.44,,,,235.21,200.19,197.84,,,,4.0,,,,4.0,-1.17,,,,-1.17,1년치 존재,1,4.5,,4.27,333.56,12254.0,9900.0,down,58.3,5500.0,4460.0,up,bull,-2603.0,-25267.0,159.0,-1947.0,KOSPI,5380,538,9900,0.8,자동차부품,False,
006890,태경케미컬,1.0,159.27,707.48,711.16,613.48,,,,178.77,137.06,20.63,,,,-13.74,,,,-13.74,-84.95,,,,-84.95,1년치 존재,1,6.44,,4.23,29.15,21387.0,15055.0,down,37.4,6270.0,4815.0,down,bull,20562.0,-56858.0,543.0,160.0,KOSPI,4850,563,15055,0.7,화학,False,
001020,페이퍼코리아,1.0,1090.62,3620.72,2901.84,2666.69,,,,311.57,20.38,-52.79,,,,-8.1,,,,-8.1,-359.03,,,,-359.03,1년치 존재,1,,,-4.3,77.57,10183.0,20021.0,down,40.1,2675.0,1733.0,mixed,bear,959.0,6410.0,-1056.0,1446.0,KOSPI,1933,688,20021,2.0,종이와목재,False,
002410,범양건영,,871.4,1207.63,1013.57,718.43,,,,-104.34,-382.32,-513.09,,,,-29.12,,,,-29.12,-34.2,,,,-34.2,1년치 존재,1,,,-114.79,892.98,,,,,,,,,0.0,0.0,0.0,0.0,KOSPI,1935,532,0,,건설,False,
001550,조비,,529.92,1147.18,1024.48,997.37,,,,-55.82,48.27,38.2,,,,-2.65,,,,-2.65,-20.86,,,,-20.86,1년치 존재,1,,,4.24,142.49,34956.0,11225.0,up,42.7,12410.0,9080.0,mixed,bear,5950.0,6342.0,-237.0,108.0,KOSPI,10240,532,11225,0.3,화학,False,
000725,현대건설우,0.76,6231.61,296513.57,326702.68,310629.12,269460.9,284996.71,305450.11,7854.3,-12634.2,6530.06,8690.95,11399.43,13734.89,-4.92,-13.25,5.77,7.18,7.18,151.69,33.09,31.16,20.49,151.69,4년치 존재,4,0.15,,5.19,155.21,2116.0,2012.0,down,44.2,57400.0,43900.0,mixed,bear,363.0,1918.0,6.0,100.0,KOSPI,52000,548,2012,1.0,건설,False,
111110,호전실업,1.0,1981.24,4415.49,4639.73,5208.78,,,,351.18,295.2,250.22,,,,12.26,,,,12.26,-15.24,,,,-15.24,1년치 존재,1,4.64,,11.3,177.1,5379.0,1466.0,up,43.7,6820.0,6350.0,mixed,bull,-2500.0,-4635.0,-32.0,-1062.0,KOSPI,6390,579,1466,0.3,"섬유,의류,신발,호화품",False,
006980,우성,1.0,881.9,6348.38,6061.99,6130.24,,,,56.81,85.92,193.73,,,,1.13,,,,1.13,125.48,,,,125.48,1년치 존재,1,3.98,,0.69,143.32,10250.0,582.0,down,46.5,18340.0,15120.0,mixed,bear,399.0,8766.0,-147.0,6429.0,KOSPI,16660,515,582,0.1,식품,False,
005305,롯데칠성우,0.9554,14544.81,32246.8,40245.03,39711.44,40973.42,42459.42,43849.56,2106.7,1849.27,1671.6,1990.08,2231.5,2400.33,-1.33,3.18,3.63,3.27,3.63,-9.61,19.05,12.13,7.57,19.05,4년치 존재,4,1.09,,4.3,166.73,555.0,156.0,up,50.2,70900.0,64700.0,mixed,bull,-327.0,-2551.0,-3.0,-182.0,KOSPI,66200,513,156,0.3,음료,False,
101140,인바이오젠,,17.1,62.41,70.41,62.97,,,,-61.52,-60.93,-43.33,,,,-10.57,,,,-10.57,28.89,,,,28.89,1년치 존재,1,,,-13.63,3.8,7203.0,2137.0,down,49.8,5730.0,4430.0,down,bull,-2101.0,3364.0,-22.0,-68.0,KOSPI,5080,510,2137,0.3,전자장비와기기,False,
004440,삼일씨엔에스,,527.25,2164.48,2212.96,2231.29,,,,51.7,-16.75,49.96,,,,0.83,,,,0.83,398.27,,,,398.27,1년치 존재,1,,,1.5,71.99,97697.0,25336.0,up,56.5,5770.0,4525.0,up,bull,6415.0,7126.0,-6157.0,-5506.0,KOSPI,5440,693,25336,0.3,건축자재,False,
003925,남양유업우,1.0,-71.08,9967.63,9527.94,9141.49,,,,-715.05,-98.07,51.74,,,,-4.06,,,,-4.06,152.76,,,,152.76,1년치 존재,1,7.93,,1.68,16.96,2101.0,851.0,down,45.5,32400.0,29300.0,mixed,bull,197.0,16.0,3800.0,15689.0,KOSPI,29800,564,851,0.4,식품,False,
014280,금강공업,0.3276,4530.75,8568.93,8013.52,8021.56,,,,665.82,330.48,104.97,,,,0.1,,,,0.1,-68.24,,,,-68.24,1년치 존재,1,,,-4.58,146.99,921414.0,186269.0,up,53.8,4850.0,3680.0,up,bear_cross,-128838.0,-455332.0,-174.0,-994.0,KOSPI,4595,1348,186269,0.2,건축제품,False,
378850,화승알앤에이,1.0,1413.43,6806.52,7071.31,7145.6,,,,317.81,313.46,270.82,,,,1.05,,,,1.05,-13.6,,,,-13.6,1년치 존재,1,2.93,,20.95,178.25,20079.0,7676.0,down,37.7,3105.0,2620.0,mixed,bear,-22279.0,-75572.0,-87.0,-737.0,KOSPI,2810,534,7676,0.4,자동차부품,False,
006880,신송홀딩스,1.0,1023.0,1934.2,1645.81,1877.59,,,,83.81,84.02,103.11,,,,14.08,,,,14.08,22.72,,,,22.72,1년치 존재,1,13.74,,6.73,131.88,102252.0,14566.0,up,42.0,4880.0,4130.0,down,bear,-8327.0,-98761.0,-8382.0,-34290.0,KOSPI,4230,500,14566,0.1,식품과기본식료품소매,False,
002630,오리엔트바이오,,-368.88,,280.05,293.98,297.54,,,,-6.46,-30.76,-41.32,,,4.97,1.21,,,4.97,-376.16,-34.33,,,-34.33,2년치 존재,2,,,3.25,15.43,80144.0,24072.0,down,34.6,2268.0,1644.0,down,bear,6787.0,-15076.0,-24.0,-35.0,KOSPI,1659,492,24072,0.3,생물공학,False,
001620,케이비아이동국실업,0.9997,2200.83,6494.18,6684.0,8080.08,,,,45.03,-63.27,185.58,,,,20.89,,,,20.89,393.31,,,,393.31,1년치 존재,1,1.55,,17.21,224.12,13432.0,10850.0,down,52.4,2295.0,1988.0,up,bull,-21383.0,-79005.0,-373.0,-909.0,KOSPI,2200,490,10850,0.8,자동차부품,False,
011000,진원생명과학,,343.75,402.03,357.2,230.45,,,,-483.68,-430.39,-440.36,,,,-35.48,,,,-35.48,-2.32,,,,-2.32,1년치 존재,1,,,-99.68,248.63,812855.0,498486.0,down,26.8,8170.0,2670.0,,bear,0.0,0.0,0.0,0.0,KOSPI,2670,485,498486,0.6,생물공학,False,
012800,대창,0.6467,4458.77,13230.46,13368.71,14702.37,19561.0,,,-92.66,313.49,515.28,823.0,,,9.98,33.05,,,33.05,64.37,59.72,,,64.37,2년치 존재,2,49.69,,7.54,199.69,321288.0,460065.0,up,42.8,1222.0,975.0,up,bear_cross,-52278.0,-196806.0,-2345.0,127.0,KOSPI,1160,1057,460065,1.4,비철금속,False,
063160,종근당바이오,,1473.5,1603.53,1717.56,1600.71,,,,-201.53,109.54,36.05,,,,-6.8,,,,-6.8,-67.09,,,,-67.09,1년치 존재,1,,,-8.58,145.09,33612.0,519586.0,up,74.5,15000.0,12200.0,mixed,bull,19197.0,11540.0,37.0,-99.0,KOSPI,15000,823,519586,15.5,제약,False,
041650,상신브레이크,0.9354,1918.08,5754.91,5785.55,5422.61,,,,275.44,206.46,-13.58,,,,-6.27,,,,-6.27,-106.58,,,,-106.58,1년치 존재,1,,,2.21,152.04,7119.0,7688.0,up,53.7,2280.0,1936.0,up,bull,-1340.0,11472.0,3095.0,18990.0,KOSPI,2220,477,7688,1.1,자동차부품,False,
009320,아진전자부품,1.0,449.14,1134.44,1434.97,1518.32,,,,20.38,59.4,62.98,,,,5.81,,,,5.81,6.03,,,,6.03,1년치 존재,1,10.92,,4.43,243.35,69630.0,262758.0,down,47.5,1064.0,935.0,mixed,bull,-100263.0,-139905.0,-277.0,-968.0,KOSPI,964,475,262758,3.8,자동차부품,False,
009835,한화솔루션우,0.9842,128985.87,130785.36,123940.24,133330.55,183131.25,196616.42,204317.42,5792.37,-3002.38,-3647.59,8904.67,12961.08,14545.33,7.58,37.35,7.36,3.92,37.35,-21.49,344.12,45.55,12.22,344.12,4년치 존재,4,,,-1.82,183.71,9226.0,6669.0,up,60.0,19090.0,15190.0,up,bull,4585.0,1132.0,1.0,1.0,KOSPI,18670,475,6669,0.7,에너지장비및서비스,False,
000950,전방,1.0,-908.29,947.72,572.36,407.76,,,,-325.48,-84.83,-73.15,,,,-28.76,,,,-28.76,13.77,,,,13.77,1년치 존재,1,1.7,,0.22,3.55,705.0,234.0,up,47.5,37350.0,25400.0,mixed,bear,-481.0,-2326.0,-7.0,-76.0,KOSPI,30100,506,234,0.3,"섬유,의류,신발,호화품",False,
003475,유안타증권우,1.0,,28550.03,27127.27,34612.73,,,,1291.25,947.53,993.79,,,,27.59,,,,27.59,4.88,,,,4.88,1년치 존재,1,0.56,,10.67,1189.74,9754.0,5367.0,down,37.1,4390.0,3870.0,mixed,bear,-9929.0,-22133.0,-5016.0,1321.0,KOSPI,4150,532,5367,0.6,증권,False,
002920,유성기업,0.7096,-1106.75,3114.7,3246.03,3045.75,,,,80.19,-4.74,-300.23,,,,-6.17,,,,-6.17,-6233.97,,,,-6233.97,1년치 존재,1,,,-11.02,47.03,78947.0,59232.0,down,54.6,1875.0,1675.0,mixed,bear,5072.0,-24651.0,-30952.0,3008.0,KOSPI,1829,475,59232,0.8,자동차부품,False,
011230,삼화전자,,326.27,419.07,333.97,296.32,,,,-50.03,-72.73,-77.76,,,,-11.27,,,,-11.27,-6.92,,,,-6.92,1년치 존재,1,,,-52.52,272.43,437237.0,103690.0,down,44.9,3475.0,2485.0,mixed,bear_cross,13239.0,70523.0,-63.0,-224.0,KOSPI,2615,501,103690,0.2,전자장비와기기,False,
014160,대영포장,,352.59,2834.62,2808.35,2837.02,,,,110.78,9.23,8.82,,,,1.02,,,,1.02,-4.44,,,,-4.44,1년치 존재,1,,,-0.14,42.89,264763.0,203761.0,down,39.4,820.0,640.0,down,bear,0.0,32044.0,0.0,-142.0,KOSPI,655,710,203761,0.8,포장재,False,
012690,모나리자,,-148.75,1297.6,1263.38,1240.21,,,,64.86,9.83,3.17,,,,-1.83,,,,-1.83,-67.75,,,,-67.75,1년치 존재,1,,,2.54,19.48,78774.0,96085.0,up,44.5,2170.0,1317.0,down,bear,-712.0,-221282.0,6348.0,5716.0,KOSPI,1424,521,96085,1.2,가정용품,False,
002600,조흥,1.0,2099.41,4059.46,4281.63,4882.46,,,,156.48,208.35,186.3,,,,14.03,,,,14.03,-10.58,,,,-10.58,1년치 존재,1,10.32,,1.49,238.76,25.0,21.0,down,57.5,139900.0,134300.0,up,bull,-1.0,4.0,0.0,-1.0,KOSPI,139000,834,21,0.8,식품,False,
004540,깨끗한나라,,3351.1,5148.54,5370.5,5082.01,,,,-189.15,-9.02,-226.38,,,,-5.37,,,,-5.37,-2409.76,,,,-2409.76,1년치 존재,1,,,-21.21,295.63,26072.0,14146.0,down,49.4,1907.0,1110.0,mixed,bull,10016.0,-14767.0,-218.0,-825.0,KOSPI,1232,459,14146,0.5,종이와목재,False,
003080,SB성보,1.0,149.33,626.12,598.38,643.34,,,,2.01,-29.3,-81.43,,,,7.51,,,,7.51,-177.92,,,,-177.92,1년치 존재,1,1.3,,-8.38,39.38,17977.0,4039.0,up,51.8,2335.0,2120.0,mixed,bull_cross,-4563.0,-30541.0,-15455.0,-23075.0,KOSPI,2245,449,4039,0.2,화학,False,
074610,이엔플러스,1.0,146.57,448.88,202.0,295.04,,,,-239.21,-172.83,-28.26,,,,46.06,,,,46.06,83.65,,,,83.65,1년치 존재,1,55.24,,-59.29,141.78,,,,,,,,,0.0,0.0,0.0,0.0,KOSPI,5110,448,0,,기계,False,
002140,고려산업,0.9984,939.25,3190.59,3076.56,2973.22,,,,79.89,142.7,137.48,,,,-3.36,,,,-3.36,-3.66,,,,-3.66,1년치 존재,1,4.96,,6.25,145.83,280749.0,53599.0,down,39.7,2375.0,1699.0,down,bear,17790.0,-15798.0,-1349.0,-1394.0,KOSPI,1920,479,53599,0.2,식품,False,
084870,TBH글로벌,0.5706,116.44,1971.03,1784.65,1824.19,,,,78.6,33.6,31.5,,,,2.22,,,,2.22,-6.25,,,,-6.25,1년치 존재,1,50.51,,-0.21,78.66,31631.0,4464.0,down,48.1,2410.0,1849.0,mixed,bear,-2263.0,-66782.0,-24.0,151557.0,KOSPI,2185,447,4464,0.1,"섬유,의류,신발,호화품",False,
005320,온타이드,,143.41,2244.39,2659.15,2314.94,,,,-35.81,-43.46,-18.56,,,,-12.94,,,,-12.94,57.29,,,,57.29,1년치 존재,1,,,-5.43,68.86,200607.0,354881.0,up,77.3,1556.0,655.0,up,bull,102856.0,284776.0,0.0,0.0,KOSPI,1556,532,354881,1.8,"섬유,의류,신발,호화품",False,
008260,NI스틸,,1891.99,3829.11,2752.74,2479.43,,,,706.61,371.33,301.15,,,,-9.93,,,,-9.93,-18.9,,,,-18.9,1년치 존재,1,,,6.89,99.08,68579.0,52071.0,down,42.4,3595.0,2965.0,mixed,bear,-38364.0,-36711.0,6657.0,5690.0,KOSPI,3205,917,52071,0.8,건축자재,False,
004910,조광페인트,1.0,1444.53,2528.18,2480.2,2026.68,,,,37.06,24.05,-194.98,,,,-18.29,,,,-18.29,-910.73,,,,-910.73,1년치 존재,1,,,-6.96,112.99,8674.0,10175.0,up,44.2,3800.0,3345.0,down,bear,-3181.0,-38299.0,-442.0,200.0,KOSPI,3425,438,10175,1.2,건축자재,False,
011330,유니켐,,744.0,,682.16,1062.43,,,,,-62.68,-5.73,,,,55.74,,,,55.74,90.86,,,,90.86,1년치 존재,1,,,-5.16,79.59,109835.0,90634.0,up,50.9,5910.0,3260.0,down,bull,9864.0,-20430.0,12482.0,-2327.0,KOSPI,4275,428,90634,0.8,자동차부품,False,
014910,성문전자,0.9921,211.19,450.64,480.62,536.75,,,,5.14,11.03,16.73,,,,11.68,,,,11.68,51.68,,,,51.68,1년치 존재,1,21.32,,7.05,84.49,217491.0,137898.0,down,45.2,2480.0,1401.0,mixed,bear,69031.0,165135.0,-122.0,-485.0,KOSPI,1954,427,137898,0.6,전기제품,False,
446070,유니드비티플러스,,-636.38,1687.86,1948.94,1575.31,,,,-40.72,30.54,-91.52,,,,-19.17,,,,-19.17,-399.67,,,,-399.67,1년치 존재,1,,,-1.74,21.68,52737.0,37932.0,down,57.7,4070.0,2925.0,up,bear,1954.0,-120357.0,107969.0,597703.0,KOSPI,3975,422,37932,0.7,건축자재,False,
000910,유니온,0.9136,1402.65,2246.5,2181.59,2024.01,,,,-19.92,-114.57,54.99,,,,-7.22,,,,-7.22,148.0,,,,148.0,1년치 존재,1,1.97,,51.22,135.04,44724.0,39028.0,up,49.6,3010.0,2535.0,up,bear,-2434.0,-43242.0,-58.0,-253.0,KOSPI,2950,461,39028,0.9,건축자재,False,
002870,신풍,1.0,-477.88,268.96,227.78,242.28,,,,-39.99,-43.66,-22.93,,,,6.37,,,,6.37,47.48,,,,47.48,1년치 존재,1,20.44,,11.26,2.52,265843.0,143463.0,down,55.8,1257.0,955.0,up,bear,53221.0,-457202.0,1305.0,824.0,KOSPI,1169,409,143463,0.5,포장재,False,
000215,DL우,0.9294,45447.6,50178.16,56153.68,53267.21,55385.5,55391.5,56050.0,1506.96,4125.18,2985.46,6496.0,6105.0,6170.0,-5.14,3.98,0.01,1.19,3.98,-27.63,117.59,-6.02,1.06,117.59,4년치 존재,4,,,3.44,144.39,2069.0,1144.0,up,46.6,26100.0,19990.0,mixed,bear,409.0,-1849.0,26.0,5312.0,KOSPI,24200,408,1144,0.6,화학,False,
123700,SJM,1.0,-987.22,1988.8,2019.12,2014.15,,,,132.31,142.38,113.15,,,,-0.25,,,,-0.25,-20.53,,,,-20.53,1년치 존재,1,4.2,,7.7,21.65,9494.0,16637.0,down,38.0,3480.0,3170.0,mixed,bear,-8027.0,-28584.0,-919.0,-5290.0,KOSPI,3265,509,16637,1.8,자동차부품,False,
023350,한국종합기술,1.0,-310.47,,3989.13,4129.09,,,,,9.02,60.4,,,,3.51,,,,3.51,569.62,,,,569.62,1년치 존재,1,4.77,,8.06,153.72,15418.0,24991.0,down,33.0,4300.0,3715.0,down,bear,-42910.0,-83378.0,-63.0,-393.0,KOSPI,3715,407,24991,1.6,건설,False,
017180,명문제약,1.0,628.42,1695.67,1864.43,1952.47,,,,9.64,19.29,68.35,,,,4.72,,,,4.72,254.33,,,,254.33,1년치 존재,1,23.59,,-1.7,192.44,335633.0,231000.0,up,60.5,1372.0,1057.0,up,bull_cross,68386.0,-165625.0,-180.0,-239.0,KOSPI,1316,447,231000,0.7,제약,False,
017040,광명전기,,212.08,1612.2,1424.06,958.69,,,,-22.73,-87.71,-99.68,,,,-32.68,,,,-32.68,-13.65,,,,-13.65,1년치 존재,1,,,-173.6,2050.67,,,,,,,,,0.0,0.0,0.0,0.0,KOSPI,932,404,0,,전기장비,False,
092780,DYP,0.9657,1672.87,4217.32,4310.25,4593.33,,,,132.99,96.97,166.59,,,,6.57,,,,6.57,71.8,,,,71.8,1년치 존재,1,5.61,,8.96,240.81,127602.0,28727.0,down,47.5,4100.0,2900.0,up,bear,-15585.0,-136775.0,-681.0,11394.0,KOSPI,3320,437,28727,0.2,자동차부품,False,
120030,조선선재,,-1312.16,666.14,509.08,517.62,,,,105.81,86.83,77.86,,,,1.68,,,,1.68,-10.33,,,,-10.33,1년치 존재,1,,,8.26,6.83,337.0,240.0,down,34.4,86500.0,79500.0,down,bear,-261.0,-652.0,28.0,52.0,KOSPI,81000,1019,240,0.7,철강,False,
009810,MDS스피어,,-188.61,2144.2,2683.44,2509.22,,,,-25.92,-50.99,-43.97,,,,-6.49,,,,-6.49,13.77,,,,13.77,1년치 존재,1,,,-10.89,56.82,9342.0,2293.0,down,52.0,2045.0,1707.0,up,bear,1985.0,9325.0,0.0,0.0,KOSPI,1947,396,2293,0.2,판매업체,False,
069460,대호에이엘,1.0,431.07,,1685.33,2156.42,,,,,58.27,34.72,,,,27.95,,,,27.95,-40.42,,,,-40.42,1년치 존재,1,,,-46.55,89.7,,,,,,,,,0.0,0.0,0.0,0.0,KOSPI,2660,463,0,,비철금속,False,
008420,문배철강,,39.76,1636.34,1402.07,1378.75,,,,-34.37,-21.31,-9.59,,,,-1.66,,,,-1.66,55.0,,,,55.0,1년치 존재,1,,,4.07,23.83,101947.0,42872.0,down,37.2,2260.0,1941.0,mixed,bear,-86946.0,-136843.0,-112.0,-426.0,KOSPI,2065,423,42872,0.4,철강,False,
023960,에쓰씨엔지니어링,1.0,321.06,1359.82,1798.79,1723.18,,,,9.83,65.63,-49.59,,,,-4.2,,,,-4.2,-175.56,,,,-175.56,1년치 존재,1,,,-26.63,179.61,26592.0,20648.0,down,49.0,1062.0,888.0,mixed,bear,-15379.0,-46578.0,-15.0,-19.0,KOSPI,1025,390,20648,0.8,건설,False,
007110,일신석재,,50.98,1012.37,787.27,545.03,,,,46.06,38.03,6.81,,,,-30.77,,,,-30.77,-82.09,,,,-82.09,1년치 존재,1,,,-1.16,54.58,727371.0,78908.0,up,31.2,6215.0,2505.0,down,bear_cross,-114467.0,-114467.0,-45.0,-45.0,KOSPI,2505,388,78908,0.1,건축자재,False,
019490,엑시큐어하이트론,,14.61,55.04,65.8,53.0,,,,-65.51,-63.3,-59.71,,,,-19.45,,,,-19.45,5.67,,,,5.67,1년치 존재,1,,,-144.2,302.25,,,,,,,,,0.0,0.0,0.0,0.0,KOSPI,541,413,0,,통신장비,False,
011300,우성머티리얼스,,390.89,337.9,254.87,246.93,,,,-93.3,-100.59,-23.35,,,,-3.12,,,,-3.12,76.79,,,,76.79,1년치 존재,1,,,-23.69,188.44,113624.0,32342.0,up,52.9,3690.0,2200.0,mixed,bull,-51553.0,-20270.0,0.0,-15.0,KOSPI,2795,482,32342,0.3,"섬유,의류,신발,호화품",False,
012280,영화금속,,737.46,2923.12,3016.99,3514.24,,,,93.96,98.8,152.26,,,,16.48,,,,16.48,54.11,,,,54.11,1년치 존재,1,,,16.2,179.38,18052.0,22361.0,down,53.1,4400.0,3450.0,down,bull,13289.0,-11009.0,-692.0,7204.0,KOSPI,3835,380,22361,1.2,자동차부품,False,
002360,SH에너지화학,,20.91,1340.38,1260.47,986.27,,,,-41.16,-96.94,-122.5,,,,-21.75,,,,-21.75,-26.37,,,,-26.37,1년치 존재,1,,,-7.41,46.06,253730.0,61441.0,up,75.7,3620.0,1515.0,up,bull,-10795.0,-29109.0,-3.0,-5.0,KOSPI,3400,378,61441,0.2,화학,False,
004920,씨아이테크,1.0,96.54,566.86,337.56,414.5,,,,-69.71,-12.74,20.02,,,,22.79,,,,22.79,257.14,,,,257.14,1년치 존재,1,2.58,,26.34,38.22,21193.0,7529.0,down,12.4,10020.0,7220.0,down,bear,-8146.0,-20641.0,-759.0,-760.0,KOSPI,7220,377,7529,0.4,컴퓨터와주변기기,False,
003465,유화증권우,,,323.25,376.55,359.84,,,,-4.3,122.01,59.17,,,,-4.44,,,,-4.44,-51.5,,,,-51.5,1년치 존재,1,,,3.35,81.78,368.0,36.0,up,53.8,3250.0,2905.0,up,bull,-3.0,10.0,0.0,0.0,KOSPI,3155,551,36,0.1,증권,False,
011390,부산산업,0.6458,1026.3,1404.83,1241.06,1075.31,,,,71.51,33.57,-27.71,,,,-13.36,,,,-13.36,-182.54,,,,-182.54,1년치 존재,1,,,-1.58,97.56,4634.0,1559.0,down,48.8,55200.0,35700.0,mixed,bear,693.0,187.0,-3.0,-24.0,KOSPI,47900,506,1559,0.3,건축자재,False,
049800,우진플라임,1.0,1248.52,2121.26,2095.95,2116.23,,,,90.59,13.9,29.3,,,,0.97,,,,0.97,110.79,,,,110.79,1년치 존재,1,17.74,,2.37,215.53,26424.0,35079.0,up,62.2,2030.0,1653.0,up,bull,-6185.0,-57804.0,-114.0,-773.0,KOSPI,2030,406,35079,1.3,기계,False,
133820,화인베스틸,,878.52,1321.98,1191.72,1861.71,,,,-197.77,-191.38,-16.71,,,,56.22,,,,56.22,91.27,,,,91.27,1년치 존재,1,,,-11.07,288.64,41455.0,16280.0,down,46.8,1179.0,899.0,mixed,bear,-4119.0,-62368.0,-76.0,-7318.0,KOSPI,989,367,16280,0.4,철강,False,
000890,보해양조,,177.46,930.85,876.24,898.79,,,,-28.04,23.01,38.12,,,,2.57,,,,2.57,65.67,,,,65.67,1년치 존재,1,,,3.98,66.71,221432.0,79784.0,down,44.0,1748.0,1261.0,down,bull,-13505.0,-54421.0,37976.0,152868.0,KOSPI,1309,362,79784,0.4,음료,False,
051630,진양화학,,-26.96,282.81,245.27,185.64,,,,-21.47,-41.4,-7.43,,,,-24.31,,,,-24.31,82.05,,,,82.05,1년치 존재,1,,,4.58,17.06,696633.0,2037368.0,up,58.1,1815.0,919.0,up,bear,-59089.0,-18038.0,-117.0,-995.0,KOSPI,1686,357,2037368,2.9,화학,False,
000760,이화산업,,-10.62,471.88,494.88,462.55,,,,-18.14,7.72,-1.64,,,,-6.53,,,,-6.53,-121.24,,,,-121.24,1년치 존재,1,,,-0.87,31.31,1073.0,732.0,up,40.3,14610.0,11450.0,down,bear,424.0,-164.0,4.0,35.0,KOSPI,12330,345,732,0.7,화학,False,
134790,시디즈,1.0,-50.02,2001.36,2084.08,1957.2,,,,-19.27,-33.64,-66.83,,,,-6.09,,,,-6.09,-98.66,,,,-98.66,1년치 존재,1,,,6.01,48.56,250.0,354.0,down,39.1,21150.0,18450.0,down,bear,-312.0,-611.0,-6.0,-32.0,KOSPI,18560,371,354,1.4,가구,False,
010640,진양폴리,,491.53,545.12,540.38,466.28,,,,39.6,39.7,18.26,,,,-13.71,,,,-13.71,-54.01,,,,-54.01,1년치 존재,1,,,6.67,132.4,116019.0,258316.0,up,51.9,2210.0,1483.0,up,bear,-63681.0,-56098.0,1602.0,-1358.0,KOSPI,2050,342,258316,2.2,화학,False,
047400,유니온머티리얼,1.0,953.01,1164.7,1083.66,1019.37,,,,-46.68,-165.01,54.3,,,,-5.93,,,,-5.93,132.91,,,,132.91,1년치 존재,1,13.86,,29.92,685.6,341191.0,276159.0,up,31.6,1035.0,813.0,down,bear,-48423.0,-210982.0,-244.0,-1159.0,KOSPI,813,341,276159,0.8,자동차부품,False,
143210,핸즈코퍼레이션,,4153.8,7369.94,7644.36,7847.51,,,,-173.4,-464.79,-387.37,,,,2.66,,,,2.66,16.66,,,,16.66,1년치 존재,1,,,-91.33,681.62,,,,,,,,,0.0,0.0,0.0,0.0,KOSPI,1199,336,0,,자동차부품,False,
026940,부국철강,,-219.32,1914.35,1818.18,1799.11,,,,24.16,0.96,2.62,,,,-1.05,,,,-1.05,172.92,,,,172.92,1년치 존재,1,,,1.58,20.38,333031.0,133672.0,down,43.1,2450.0,1762.0,mixed,bear,-53322.0,42556.0,1849.0,1760.0,KOSPI,2070,414,133672,0.4,철강,False,
014130,한익스프레스,0.9762,2230.68,6684.11,7123.0,6298.22,,,,87.25,33.71,-36.2,,,,-11.58,,,,-11.58,-207.39,,,,-207.39,1년치 존재,1,,,-13.95,375.43,18164.0,41911.0,up,74.3,2825.0,2105.0,up,bull,13695.0,3950.0,-435.0,-1357.0,KOSPI,2825,334,41911,2.3,항공화물운송과물류,False,
005820,원림,0.7194,-412.05,844.22,823.87,896.82,,,,50.66,17.34,44.26,,,,8.85,,,,8.85,155.25,,,,155.25,1년치 존재,1,8.88,,3.64,20.95,1534.0,1755.0,up,46.0,16000.0,13070.0,mixed,bear,114.0,201.0,1.0,-35.0,KOSPI,14420,331,1755,1.1,포장재,False,
006370,대구백화점,,2575.17,676.45,598.71,530.87,,,,-151.47,-149.96,-149.73,,,,-11.33,,,,-11.33,0.15,,,,0.15,1년치 존재,1,,,-23.89,239.51,78032.0,52879.0,down,34.0,5870.0,2905.0,down,bull,-20421.0,-32921.0,-62.0,-222.0,KOSPI,2985,323,52879,0.7,백화점과일반상점,False,
027740,마니커,,456.98,3396.12,3327.88,3688.91,,,,22.15,-90.51,20.11,,,,10.85,,,,10.85,122.22,,,,122.22,1년치 존재,1,,,-5.09,358.67,113351.0,29072.0,down,31.7,1566.0,973.0,mixed,bear,-54351.0,-279841.0,-11.0,-20.0,KOSPI,1140,362,29072,0.3,식품,False,
090370,메타랩스,,896.89,215.99,383.59,813.23,,,,-38.6,-32.02,-72.43,,,,112.01,,,,112.01,-126.2,,,,-126.2,1년치 존재,1,,,-7.4,88.59,65149.0,28212.0,down,45.6,1257.0,941.0,mixed,bear,-12688.0,-27742.0,4412.0,24840.0,KOSPI,1148,313,28212,0.4,상업서비스와공급품,False,
004410,서울식품,,208.29,647.85,585.89,686.03,,,,5.87,-22.32,-4.6,,,,17.09,,,,17.09,79.39,,,,79.39,1년치 존재,1,,,-3.69,176.71,110724.0,126837.0,up,56.7,1276.0,951.0,up,bear,15569.0,32718.0,-151.0,-592.0,KOSPI,1226,484,126837,1.1,식품,False,
004060,SG세계물산,1.0,-128.36,1430.8,1388.02,1323.48,,,,18.38,-27.57,-15.16,,,,-4.65,,,,-4.65,45.01,,,,45.01,1년치 존재,1,50.57,,1.52,10.11,87767.0,756174.0,up,51.2,2760.0,2065.0,down,bull_cross,-37028.0,-198440.0,16936.0,20056.0,KOSPI,2210,447,756174,8.6,"섬유,의류,신발,호화품",False,
003535,한화투자증권우,1.0,,19690.1,24957.93,30945.78,,,,314.52,39.66,1477.01,,,,23.99,,,,23.99,3624.18,,,,3624.18,1년치 존재,1,0.3,,4.04,855.57,13308.0,7094.0,down,49.0,7020.0,4815.0,mixed,bear,998.0,-6068.0,200.0,200.0,KOSPI,6460,310,7094,0.5,증권,False,
024070,WISCOM,1.0,-261.74,1123.19,985.37,1032.76,,,,-28.55,-88.63,-6.98,,,,4.81,,,,4.81,92.12,,,,92.12,1년치 존재,1,22.58,,3.58,21.93,13837.0,4400.0,down,49.0,2035.0,1756.0,up,bear,-435.0,16920.0,-87.0,-289.0,KOSPI,1974,303,4400,0.3,화학,False,
001070,대한방직,1.0,270.51,1494.04,1339.09,1582.86,,,,-18.12,24.19,6.97,,,,18.2,,,,18.2,-71.19,,,,-71.19,1년치 존재,1,,,0.03,53.85,3453.0,2333.0,down,37.8,6310.0,5650.0,down,bear,-4483.0,-15452.0,401.0,2924.0,KOSPI,5650,299,2333,0.7,"섬유,의류,신발,호화품",False,
025750,한솔홈데코,,701.81,2965.55,3272.59,2798.17,,,,36.3,114.2,23.33,,,,-14.5,,,,-14.5,-79.57,,,,-79.57,1년치 존재,1,,,-19.6,131.28,17340.0,57617.0,down,38.1,1932.0,1795.0,mixed,bear,215.0,-61947.0,-68.0,-270.0,KOSPI,1848,298,57617,3.3,건축자재,False,
036420,콘텐트리중앙,,12504.69,9930.36,8794.63,10832.88,11730.0,13570.0,15720.0,-679.67,-473.79,88.45,260.0,460.0,490.0,23.18,8.28,15.69,15.84,23.18,118.67,193.95,76.92,6.52,193.95,4년치 존재,4,,,-289.6,1964.17,36232.0,20178.0,down,40.2,1976.0,1300.0,down,bull,-14635.0,-17173.0,4.0,16.0,KOSPI,1528,294,20178,0.6,방송과엔터테인먼트,True,2026-08-25
009190,대양금속,1.0,115.99,,2155.63,2234.85,,,,,18.9,56.21,,,,3.68,,,,3.68,197.41,,,,197.41,1년치 존재,1,3.13,,9.87,57.91,1814610.0,13583119.0,down,24.2,2195.0,595.0,down,bear,-355132.0,135856.0,-152.0,-329317.0,KOSPI,654,294,13583119,7.5,철강,False,
014440,영보화학,1.0,-472.72,902.79,1175.67,1201.11,,,,69.51,194.02,192.89,,,,2.16,,,,2.16,-0.58,,,,-0.58,1년치 존재,1,5.49,,9.71,9.65,9678.0,11707.0,down,42.7,4795.0,4450.0,mixed,bear,-1989.0,2843.0,-114.0,-403.0,KOSPI,4620,924,11707,1.2,화학,False,
006570,대림통상,,812.64,1457.21,1369.66,1261.71,,,,-49.33,-34.15,-95.66,,,,-7.88,,,,-7.88,-180.12,,,,-180.12,1년치 존재,1,,,-31.52,354.64,24283.0,7205.0,down,45.7,2240.0,1810.0,down,bear,-4891.0,-28763.0,1330.0,3145.0,KOSPI,1890,288,7205,0.3,건축제품,False,
210980,SK디앤디,1.0,8675.39,3850.82,8708.77,4458.24,,,,1775.95,536.7,377.95,,,,-48.81,,,,-48.81,-29.58,,,,-29.58,1년치 존재,1,8.07,,-15.47,219.73,307342.0,170676.0,down,35.2,7647.0,2639.0,down,bear,-69897.0,-23659.0,-41508.0,-76179.0,KOSPI,3080,573,170676,0.6,부동산,False,
088790,진도,,-66.95,563.71,441.53,476.08,,,,37.62,11.44,39.83,,,,7.83,,,,7.83,248.16,,,,248.16,1년치 존재,1,,,5.58,32.59,43828.0,40198.0,down,44.2,2600.0,2090.0,up,bear_cross,-14538.0,-2738.0,6006.0,154578.0,KOSPI,2290,285,40198,0.9,"섬유,의류,신발,호화품",False,
023150,MH에탄올,0.8955,525.97,1054.84,1004.19,947.19,,,,189.18,106.68,94.86,,,,-5.68,,,,-5.68,-11.08,,,,-11.08,1년치 존재,1,,,-6.84,285.51,12773.0,11883.0,up,67.5,4570.0,3935.0,up,bull,-14766.0,-25810.0,808.0,717.0,KOSPI,4570,283,11883,0.9,음료,False,
010770,평화홀딩스,0.769,1264.29,7970.53,8351.9,8836.77,,,,167.71,288.11,348.82,,,,5.81,,,,5.81,21.07,,,,21.07,1년치 존재,1,1.49,,36.41,222.09,18717.0,13012.0,up,46.6,3955.0,3490.0,mixed,bull,11437.0,-85.0,-14576.0,-78557.0,KOSPI,3540,518,13012,0.7,자동차부품,False,
008250,이건산업,,1201.29,3115.6,3269.73,2973.1,,,,91.16,137.91,-38.29,,,,-9.07,,,,-9.07,-127.76,,,,-127.76,1년치 존재,1,,,-6.64,110.62,33700.0,59608.0,up,62.5,3470.0,2500.0,up,bull_cross,17311.0,18751.0,17240.0,89708.0,KOSPI,3280,359,59608,1.8,건축자재,False,
003780,진양산업,1.0,259.79,868.72,882.2,906.55,,,,75.7,81.96,84.44,,,,2.76,,,,2.76,3.03,,,,3.03,1년치 존재,1,7.82,,8.86,67.57,198607.0,1607557.0,up,51.8,4860.0,3715.0,up,bear,-236434.0,-191735.0,-69.0,-266.0,KOSPI,4175,543,1607557,8.1,화학,False,
013000,세우글로벌,,-438.69,361.28,358.75,326.8,,,,23.69,24.53,24.33,,,,-8.91,,,,-8.91,-0.82,,,,-0.82,1년치 존재,1,,,9.96,13.34,40780.0,19024.0,up,60.1,1305.0,1154.0,mixed,bull,12239.0,-27333.0,-79.0,-491.0,KOSPI,1245,357,19024,0.5,화학,False,
003680,한성기업,,993.82,3206.0,3324.87,3184.45,,,,82.12,110.04,58.31,,,,-4.22,,,,-4.22,-47.01,,,,-47.01,1년치 존재,1,,,5.01,242.8,72310.0,46804.0,down,34.7,14520.0,4435.0,down,bull,-5488.0,-96226.0,1783.0,1695.0,KOSPI,4435,275,46804,0.6,식품,False,
006740,블루산업개발,,1001.39,825.68,881.13,932.52,,,,-29.92,-138.63,-158.06,,,,5.83,,,,5.83,-14.02,,,,-14.02,1년치 존재,1,,,-21.77,144.02,8139.0,46175.0,down,29.4,7060.0,4325.0,down,bear,-4518.0,-515.0,259.0,-43.0,KOSPI,4450,265,46175,5.7,종이와목재,False,
002690,동일제강,,-603.2,1808.13,1511.16,1473.46,,,,-29.13,-57.99,-35.11,,,,-2.49,,,,-2.49,39.46,,,,39.46,1년치 존재,1,,,0.51,12.15,70558.0,38816.0,down,30.2,1556.0,1303.0,down,bear,-54425.0,-105038.0,-4521.0,-4784.0,KOSPI,1303,265,38816,0.6,철강,False,
009140,케이아이이,1.0,-544.71,211.36,229.42,360.74,,,,2.16,-12.71,10.24,,,,57.24,,,,57.24,180.57,,,,180.57,1년치 존재,1,9.8,,8.23,11.16,6818.0,21518.0,up,62.1,23950.0,19700.0,mixed,bull_cross,-6124.0,-12566.0,2492.0,2449.0,KOSPI,23850,375,21518,3.2,전자제품,False,
33637K,솔루스첨단소재1우,0.707,8392.07,4294.22,5709.49,6160.83,5556.0,6899.5,10082.5,-732.08,-544.19,-733.36,-753.5,287.5,760.5,7.91,-9.82,24.18,46.13,46.13,-34.76,-2.75,138.16,164.52,164.52,4년치 존재,4,,,5.69,116.12,11947.0,3478.0,up,57.1,1675.0,1400.0,mixed,bull,2157.0,3657.0,63.0,63.0,KOSPI,1542,261,3478,0.3,전자장비와기기,False,
006490,프리티,1.0,64.31,998.11,1005.34,1055.58,,,,4.47,-37.86,40.79,,,,5.0,,,,5.0,207.74,,,,207.74,1년치 존재,1,,,-75.61,142.14,286881.0,37077.0,down,43.7,3106.0,1306.0,down,bear,17870.0,-29678.0,-9.0,-62.0,KOSPI,1461,259,37077,0.1,무선통신서비스,False,
002355,넥센타이어1우B,0.9967,12956.47,27017.2,28479.25,31896.1,34794.2,36191.4,37918.08,1869.91,1721.37,1702.97,1745.0,2099.07,2355.62,12.0,9.09,4.02,4.77,12.0,-1.07,2.47,20.29,12.22,20.29,4년치 존재,4,0.17,,7.59,131.44,14247.0,101.0,up,56.6,4040.0,3705.0,up,bear,2854.0,271440.0,-31.0,-1150.0,KOSPI,3960,257,101,0.0,자동차부품,False,
033250,체시스,1.0,111.65,490.04,902.63,938.39,,,,45.66,46.76,75.28,,,,3.96,,,,3.96,60.99,,,,60.99,1년치 존재,1,4.08,,14.53,98.37,52673.0,31099.0,up,42.4,4825.0,2880.0,mixed,bear,-35321.0,-65102.0,-4771.0,-5482.0,KOSPI,4010,257,31099,0.6,자동차부품,False,
004270,남성,1.0,685.54,696.75,745.78,775.41,,,,-60.78,-18.1,1.88,,,,3.97,,,,3.97,110.39,,,,110.39,1년치 존재,1,,,4.77,156.61,8880.0,10924.0,up,60.8,6470.0,4805.0,mixed,bull,-2617.0,4133.0,-8.0,-32.0,KOSPI,5590,255,10924,1.2,전자장비와기기,False,
017370,우신시스템,1.0,898.84,2421.96,5635.97,3886.13,,,,124.1,360.67,208.58,,,,-31.05,,,,-31.05,-42.17,,,,-42.17,1년치 존재,1,4.36,,9.44,142.0,12008.0,7326.0,up,48.9,4495.0,3385.0,mixed,bull,6737.0,-17993.0,-9582.0,-25993.0,KOSPI,3575,655,7326,0.6,자동차부품,False,
003060,에이프로젠바이오로직스,,1881.39,873.64,673.78,732.26,,,,-574.78,-528.23,-603.55,,,,8.68,,,,8.68,-14.26,,,,-14.26,1년치 존재,1,,,-33.9,104.85,205074.0,138497.0,down,37.6,2260.0,1480.0,down,bull,25103.0,-32603.0,985.0,47020.0,KOSPI,1560,254,138497,0.7,제약,False,
003495,대한항공우,1.0,192096.56,161117.96,178707.18,252255.42,286822.4,284742.7,290897.9,17900.89,21102.0,11135.89,8264.9,21965.2,24899.9,41.16,13.7,-0.73,2.16,41.16,-47.23,-25.78,165.76,13.36,165.76,4년치 존재,4,0.03,,-2.39,390.69,1991.0,1351.0,up,52.1,22300.0,20800.0,up,bear,-332.0,-1920.0,0.0,0.0,KOSPI,22000,244,1351,0.7,항공사,False,
009310,참엔지니어링,,-1965.41,762.55,648.96,598.44,,,,-280.9,-358.38,-75.31,,,,-7.78,,,,-7.78,78.99,,,,78.99,1년치 존재,1,,,-8.75,987.14,,,,,,,,,0.0,0.0,0.0,0.0,KOSPI,5330,233,0,,디스플레이장비및부품,False,
007590,동방아그로,0.9983,300.9,1642.75,1702.48,1789.97,,,,135.89,146.11,126.52,,,,5.14,,,,5.14,-13.41,,,,-13.41,1년치 존재,1,7.76,,5.06,44.53,2454.0,1572.0,down,45.6,5670.0,5450.0,down,bear,195.0,-23.0,1110.0,745.0,KOSPI,5560,757,1572,0.6,화학,False,
012170,아센디오,,-111.51,53.99,134.66,59.22,,,,-105.0,-41.22,-43.25,,,,-56.02,,,,-56.02,-4.92,,,,-4.92,1년치 존재,1,,,-37.18,15.75,24792.0,74258.0,up,64.6,3705.0,615.0,up,bear,11359.0,8016.0,0.0,-8.0,KOSPI,3140,229,74258,3.0,방송과엔터테인먼트,False,
33626L,두산퓨얼셀2우B,0.9963,5482.62,2608.86,4117.84,4547.95,5009.67,8336.17,9972.4,16.42,-17.29,-1056.73,-743.0,443.33,751.2,10.45,10.15,66.4,19.63,66.4,-6011.8,29.69,159.67,69.44,159.67,4년치 존재,4,,,-48.11,345.88,3626.0,1132.0,down,42.2,8030.0,6000.0,mixed,bear,-1435.0,-3592.0,0.0,0.0,KOSPI,7410,221,1132,0.3,에너지장비및서비스,False,
004870,티웨이홀딩스,,89.15,77.74,52.43,50.35,,,,-30.06,-52.2,-36.06,,,,-3.97,,,,-3.97,30.92,,,,30.92,1년치 존재,1,,,-66.5,24.47,110090.0,59099.0,up,39.6,1812.0,739.0,down,bear,11478.0,116594.0,0.0,-64.0,KOSPI,973,220,59099,0.5,건축자재,False,
008870,금비,0.5636,908.25,2509.58,2594.57,2524.04,,,,58.9,123.62,33.69,,,,-2.72,,,,-2.72,-72.75,,,,-72.75,1년치 존재,1,17.93,,-0.07,114.71,231.0,53.0,down,40.8,41550.0,37200.0,mixed,bear,-109.0,-190.0,172.0,149.0,KOSPI,38700,387,53,0.2,포장재,False,
308170,씨티알모빌리티,,1873.26,4441.74,4322.71,4614.59,,,,5.25,39.2,58.14,,,,6.75,,,,6.75,48.32,,,,48.32,1년치 존재,1,,,-5.53,306.51,5234.0,3262.0,down,43.1,3980.0,3300.0,down,bear,-5519.0,-14907.0,-54.0,-176.0,KOSPI,3395,292,3262,0.6,자동차부품,False,
007120,미래아이앤지,,-98.97,130.26,117.03,141.29,,,,32.33,20.13,37.99,,,,20.73,,,,20.73,88.72,,,,88.72,1년치 존재,1,,,-6.15,43.3,49626.0,41017.0,down,36.0,1417.0,974.0,down,bear,-30347.0,-48531.0,-128.0,-633.0,KOSPI,974,266,41017,0.8,IT서비스,False,
001380,SG글로벌,1.0,-15.58,965.77,994.35,934.81,,,,66.06,61.54,49.64,,,,-5.99,,,,-5.99,-19.34,,,,-19.34,1년치 존재,1,8.84,,2.36,28.28,91236.0,337159.0,down,32.7,1413.0,1045.0,down,bear,-50098.0,-404539.0,-1302.0,577.0,KOSPI,1105,248,337159,3.7,자동차부품,False,
008775,호텔신라우,1.0,9742.49,35684.66,39475.52,40683.06,40053.75,41346.5,43638.7,912.3,-51.84,135.13,1970.25,2369.42,2696.2,3.06,-1.55,3.23,5.54,5.54,360.67,1358.04,20.26,13.79,1358.04,4년치 존재,4,,,-11.48,207.04,729.0,822.0,up,41.3,30050.0,27500.0,down,bull,-650.0,-806.0,9.0,-1179.0,KOSPI,28100,211,822,1.1,백화점과일반상점,False,
002880,디와이에이,1.0,1078.11,5669.31,5649.16,6333.98,,,,360.96,374.69,302.06,,,,12.12,,,,12.12,-19.38,,,,-19.38,1년치 존재,1,,,23.19,704.29,22693.0,4584.0,up,47.9,5315.0,3400.0,mixed,bull,9026.0,-22867.0,-1418.0,-817.0,KOSPI,3655,342,4584,0.2,자동차부품,False,
030720,동원수산,1.0,390.11,1419.45,1836.5,1725.92,,,,-194.0,53.24,88.26,,,,-6.02,,,,-6.02,65.78,,,,65.78,1년치 존재,1,2.69,,18.01,137.96,36121.0,55708.0,down,28.2,7000.0,4460.0,down,bear,-11860.0,-48514.0,-2058.0,-139.0,KOSPI,4460,208,55708,1.5,식품,False,
001685,대상우,0.9844,10797.32,41074.94,42551.35,44013.05,44434.0,45805.0,47220.0,1237.17,1769.41,1692.82,1919.0,2028.0,2060.0,3.44,0.96,3.09,3.09,3.44,-4.33,13.36,5.68,1.58,13.36,4년치 존재,4,,,-23.89,203.41,1118.0,236.0,down,52.1,14860.0,13880.0,up,bull,-26.0,-5675.0,1.0,2.0,KOSPI,14670,201,236,0.2,식품,True,2026-09-02
001420,태원물산,,-346.27,92.12,115.71,148.65,,,,-8.11,-8.94,-9.78,,,,28.47,,,,28.47,-9.4,,,,-9.4,1년치 존재,1,,,-7.16,11.12,28870.0,33056.0,down,38.2,3105.0,2010.0,mixed,bear,-2235.0,-19900.0,98.0,201.0,KOSPI,2625,200,33056,1.1,자동차부품,False,
015020,이스타코,,315.28,132.71,114.92,164.28,,,,-16.61,-32.86,-4.07,,,,42.95,,,,42.95,87.61,,,,87.61,1년치 존재,1,,,-9.67,123.24,,,,,,,,,0.0,0.0,0.0,0.0,KOSPI,928,199,0,,부동산,False,
118000,메타케어,1.0,628.98,172.57,202.08,328.22,,,,9.56,15.05,13.25,,,,62.42,,,,62.42,-11.96,,,,-11.96,1년치 존재,1,53.61,,-1.29,77.19,23354.0,23748.0,up,37.2,1432.0,1145.0,down,bear,-29105.0,-66445.0,0.0,0.0,KOSPI,1210,267,23748,1.0,제약,False,
025890,한국주강,,59.3,538.11,472.84,398.72,,,,24.19,10.75,-1.77,,,,-15.68,,,,-15.68,-116.47,,,,-116.47,1년치 존재,1,,,-1.46,29.65,30683.0,12050.0,up,51.8,2730.0,2190.0,up,bear,-3175.0,-11755.0,-43.0,-157.0,KOSPI,2620,292,12050,0.4,철강,False,
019175,신풍제약우,1.0,-190.16,2002.29,2210.94,2346.81,,,,-473.92,-204.55,142.55,,,,6.15,,,,6.15,169.69,,,,169.69,1년치 존재,1,3.48,,-0.3,31.82,4019.0,11102.0,up,62.4,15870.0,10690.0,up,bull_cross,0.0,1447.0,0.0,-171.0,KOSPI,15400,307,11102,2.8,제약,False,
000040,KR모터스,,577.08,132.86,160.25,138.21,,,,-61.86,-49.37,-28.92,,,,-13.75,,,,-13.75,41.42,,,,41.42,1년치 존재,1,,,54.83,134.07,42567.0,26970.0,down,30.2,1715.0,997.0,down,bull_cross,3778.0,-36279.0,0.0,-306.0,KOSPI,997,196,26970,0.6,자동차,False,
00499K,롯데지주우,0.5465,76316.01,151597.76,157569.76,155396.27,158221.5,163400.0,169965.0,4936.89,3404.69,2394.39,3218.0,4064.0,4920.0,-1.38,1.82,3.27,4.02,4.02,-29.67,34.4,26.29,21.06,34.4,4년치 존재,4,,,-6.49,139.05,258.0,153.0,up,42.5,25100.0,21400.0,mixed,bear,-485.0,-850.0,100.0,395.0,KOSPI,24100,194,153,0.6,복합기업,False,
012160,영흥,,1174.84,4975.0,4803.48,4334.85,,,,11.68,30.73,-131.69,,,,-9.76,,,,-9.76,-528.54,,,,-528.54,1년치 존재,1,,,-19.82,136.52,31905.0,6228.0,down,45.6,2650.0,1860.0,down,bull,-7802.0,75866.0,-85.0,-185246.0,KOSPI,2175,340,6228,0.2,철강,False,
011090,에넥스,0.9903,282.75,2306.17,2641.08,2152.43,,,,-69.93,50.97,5.45,,,,-18.5,,,,-18.5,-89.31,,,,-89.31,1년치 존재,1,,,-27.02,241.69,238590.0,261842.0,down,49.2,2755.0,930.0,down,bear,67986.0,168815.0,-23.0,-153.0,KOSPI,1539,182,261842,1.1,가구,False,
093240,형지엘리트,1.0,373.11,,1327.48,1666.5,1778.04,,,,70.09,66.41,84.15,,,25.54,6.69,,,25.54,-5.25,26.71,,,26.71,2년치 존재,2,,,7.19,71.87,712128.0,1056336.0,down,30.4,735.0,296.0,down,bear,0.0,384965.0,0.0,-4149.0,KOSPI,296,182,1056336,1.5,"섬유,의류,신발,호화품",False,
002070,비비안,,852.93,2172.98,2217.43,2224.45,,,,48.6,5.69,-50.04,,,,0.32,,,,0.32,-979.44,,,,-979.44,1년치 존재,1,,,-26.05,160.61,107647.0,18978.0,down,36.5,6908.0,2993.0,down,bear,-19259.0,-55358.0,0.0,0.0,KOSPI,3715,178,18978,0.2,"섬유,의류,신발,호화품",False,
008600,윌비스,,1445.61,2161.19,2173.77,1883.23,,,,-41.83,-125.38,-210.04,,,,-13.37,,,,-13.37,-67.52,,,,-67.52,1년치 존재,1,,,-153.82,1909.7,,,,,,,,,0.0,0.0,0.0,0.0,KOSPI,2620,176,0,,"섬유,의류,신발,호화품",False,
009440,KC그린홀딩스,1.0,46.45,6420.54,4295.44,859.6,,,,-238.58,-653.47,-15.74,,,,-79.99,,,,-79.99,97.59,,,,97.59,1년치 존재,1,,,-33.38,54.34,,,,,,,,,0.0,0.0,0.0,0.0,KOSPI,756,176,0,,상업서비스와공급품,False,
005725,넥센우,0.5127,12586.84,30360.62,32143.04,35865.18,,,,2210.38,2096.64,2042.1,,,,11.58,,,,11.58,-2.6,,,,-2.6,1년치 존재,1,0.18,,8.36,114.9,1030.0,121.0,up,62.5,4570.0,4105.0,up,bull,5.0,12.0,-1883.0,-6000.0,KOSPI,4490,162,121,0.1,자동차부품,False,
005257,녹십자홀딩스2우,,15833.53,20579.36,22048.55,24514.76,,,,-164.38,-107.16,362.27,,,,11.19,,,,11.19,438.06,,,,438.06,1년치 존재,1,,,-13.11,139.77,407.0,518.0,up,57.7,18750.0,13800.0,up,bear,0.0,-974.0,0.0,0.0,KOSPI,18750,159,518,1.3,제약,False,
18064K,한진칼우,0.9738,823.32,2757.27,2921.57,2983.62,,,,428.43,491.93,-75.24,,,,2.12,,,,2.12,-115.29,,,,-115.29,1년치 존재,1,0.1,,-0.91,19.5,1229.0,1358.0,up,47.6,32350.0,25950.0,mixed,bear,-656.0,-1765.0,0.0,350.0,KOSPI,29950,159,1358,1.1,항공사,False,
006200,한국전자홀딩스,,-300.65,2668.06,2943.04,2758.87,,,,-246.77,-41.26,-140.51,,,,-6.26,,,,-6.26,-240.55,,,,-240.55,1년치 존재,1,,,-2.32,44.71,39507.0,43891.0,down,31.3,2545.0,1620.0,down,bear,-12149.0,-312.0,-1139.0,-88.0,KOSPI,1629,152,43891,1.1,반도체와반도체장비,False,
002025,코오롱우,1.0,23440.16,58784.32,59200.11,58861.33,,,,993.33,-920.08,605.01,,,,-0.57,,,,-0.57,165.76,,,,165.76,1년치 존재,1,,,-3.74,191.59,1230.0,687.0,up,43.3,21400.0,11980.0,down,bull,-1974.0,-9200.0,0.0,1.0,KOSPI,12980,151,687,0.6,복합기업,False,
000087,하이트진로2우B,1.0,7752.29,25201.82,25991.83,24985.67,24551.17,24952.33,25185.5,1239.2,2081.42,1723.39,1939.33,2023.17,2083.75,-3.87,-1.74,1.63,0.93,1.63,-17.2,12.53,4.32,2.99,12.53,4년치 존재,4,0.34,,4.09,172.65,586.0,85.0,up,49.2,12460.0,12110.0,mixed,bull,-28.0,-150.0,-293.0,-241.0,KOSPI,12310,139,85,0.1,음료,False,
001795,대한제당우,0.9985,893.29,13323.5,13738.29,13562.76,,,,472.17,369.97,565.56,,,,-1.28,,,,-1.28,52.87,,,,52.87,1년치 존재,1,,,-15.46,148.2,8160.0,3654.0,up,48.3,2205.0,1983.0,mixed,bear,-5727.0,-18363.0,0.0,0.0,KOSPI,2135,138,3654,0.4,식품,False,
45226K,한화갤러리아우,1.0,5115.03,4344.95,5383.14,5751.66,,,,98.21,33.9,94.14,,,,6.85,,,,6.85,177.7,,,,177.7,1년치 존재,1,3.86,,0.41,144.61,5591.0,6050.0,down,52.5,4635.0,2745.0,up,bear,-40.0,-40.0,0.0,0.0,KOSPI,4415,128,6050,1.1,백화점과일반상점,False,
084695,대상홀딩스우,0.2547,14733.49,52594.0,53578.9,56287.99,,,,1146.15,1840.3,1998.28,,,,5.06,,,,5.06,8.58,,,,8.58,1년치 존재,1,,,-11.32,222.54,3472.0,2619.0,up,71.9,14090.0,10150.0,up,bull,-2.0,-88.0,0.0,0.0,KOSPI,14010,128,2619,0.8,식품,False,
00781K,코리아써키트2우B,0.8916,1868.81,13322.34,14069.57,15097.25,17103.5,19450.5,20506.0,-321.01,-331.54,538.16,970.5,1594.0,1876.5,7.3,13.29,13.72,5.43,13.72,262.32,80.34,64.25,17.72,262.32,4년치 존재,4,0.27,,20.32,81.62,1180.0,321.0,up,75.0,16500.0,10050.0,up,bull,16.0,19.0,0.0,0.0,KOSPI,16120,126,321,0.3,전자장비와기기,False,
145995,삼양사우,0.8903,6948.15,26514.39,26718.21,25625.0,,,,1132.0,1335.23,1117.25,,,,-4.09,,,,-4.09,-16.33,,,,-16.33,1년치 존재,1,,,-17.89,127.21,660.0,234.0,up,37.9,33950.0,32000.0,down,bear,-3.0,-5.0,0.0,0.0,KOSPI,32150,119,234,0.4,식품,False,
024890,대원화성,0.996,728.69,1211.51,1259.5,1264.24,,,,-59.22,-61.14,8.71,,,,0.38,,,,0.38,114.25,,,,114.25,1년치 존재,1,3.22,,6.32,151.21,43116.0,22220.0,down,17.3,3415.0,1368.0,down,bear_cross,-5085.0,-2486.0,5955.0,4641.0,KOSPI,1368,113,22220,0.5,"섬유,의류,신발,호화품",False,
38380K,LX홀딩스1우,1.0,2009.41,1181.16,1945.05,1903.59,1580.0,1685.0,1775.0,731.76,1560.17,1333.98,1840.0,1935.0,2075.0,-2.13,-17.0,6.65,5.34,6.65,-14.5,37.93,5.16,7.24,37.93,4년치 존재,4,0.08,,5.7,17.1,1031.0,219.0,down,54.0,8300.0,7030.0,mixed,bear,-96.0,227.0,-340.0,-112.0,KOSPI,7670,112,219,0.2,무역회사와판매업체,False,
001067,JW중외제약2우B,1.0,-303.34,7485.27,7193.76,7752.98,,,,1003.04,824.88,944.61,,,,7.77,,,,7.77,14.51,,,,14.51,1년치 존재,1,0.17,,27.63,60.98,50.0,4.0,down,57.8,51000.0,41550.0,up,bear,0.0,0.0,0.0,0.0,KOSPI,50000,105,4,0.1,제약,False,
108675,LX하우시스우,1.0,4705.06,35258.07,35720.36,31786.89,34039.4,34659.8,35893.6,1098.22,974.65,130.6,1381.2,1235.4,1391.6,-11.01,7.09,1.82,3.56,7.09,-86.6,957.58,-10.56,12.64,957.58,4년치 존재,4,,,4.09,160.85,748.0,1184.0,up,46.4,19110.0,15640.0,mixed,bear,-460.0,-960.0,0.0,0.0,KOSPI,18270,189,1184,1.6,건축자재,False,
019685,대교우B,0.2,1202.38,6562.17,6635.02,6500.05,,,,-278.28,-15.63,-34.0,,,,-2.03,,,,-2.03,-117.53,,,,-117.53,1년치 존재,1,,,-13.29,115.39,27167.0,10719.0,down,28.9,1488.0,966.0,down,bull,-797.0,-3821.0,-1132.0,-1553.0,KOSPI,989,96,10719,0.4,교육서비스,False,
145210,다이나믹디자인,,395.49,569.59,625.74,801.9,,,,-80.45,-25.48,-5.7,,,,28.15,,,,28.15,77.63,,,,77.63,1년치 존재,1,,,-13.75,164.84,,,,,,,,,0.0,0.0,0.0,0.0,KOSPI,2240,95,0,,자동차부품,False,
004255,NPC우,1.0,895.37,5087.21,4582.65,4503.2,,,,295.61,104.95,235.74,,,,-1.73,,,,-1.73,124.62,,,,124.62,1년치 존재,1,0.77,,3.5,42.47,8590.0,1993.0,up,50.8,2030.0,1800.0,mixed,bull,307.0,-364.0,4977.0,2516.0,KOSPI,1895,100,1993,0.2,포장재,False,
006125,SK디스커버리우,0.8941,41141.98,89392.17,90396.03,101640.14,132060.0,128730.0,133240.0,2567.02,1725.58,3613.54,4420.0,5970.0,6710.0,12.44,29.93,-2.52,3.5,29.93,109.41,22.32,35.07,12.4,109.41,4년치 존재,4,0.42,,5.87,135.01,2127.0,4936.0,up,70.2,44150.0,36600.0,up,bull_cross,-1708.0,-3112.0,0.0,0.0,KOSPI,44150,544,4936,2.3,석유와가스,False,
001755,한양증권우,,,9990.32,8333.09,9090.22,,,,462.95,544.49,753.11,,,,9.09,,,,9.09,38.31,,,,38.31,1년치 존재,1,,,9.91,962.34,2345.0,101.0,down,45.0,20800.0,18820.0,down,bull,-38.0,-35314.0,1.0,1.0,KOSPI,19290,91,101,0.0,증권,False,
071950,코아스,,213.32,737.46,779.52,622.29,,,,-30.34,-72.45,-56.8,,,,-20.17,,,,-20.17,21.6,,,,21.6,1년치 존재,1,,,-191.32,117.28,132978.0,135568.0,down,32.2,2760.0,1415.0,down,bear,101789.0,133946.0,667.0,651.0,KOSPI,1435,207,135568,1.0,가구,False,
009460,한창제지,,1354.52,2760.34,2942.58,2669.52,,,,-114.75,11.42,-51.93,,,,-9.28,,,,-9.28,-554.73,,,,-554.73,1년치 존재,1,,,-5.15,156.82,8189.0,7265.0,up,44.9,3490.0,2535.0,mixed,bull,-743.0,-3995.0,-5881.0,-22080.0,KOSPI,2710,334,7265,0.9,포장재,False,
011420,갤럭시아에스엠,,-23.19,329.5,324.87,403.44,,,,45.82,32.25,39.88,,,,24.19,,,,24.19,23.66,,,,23.66,1년치 존재,1,,,5.34,8.29,21439.0,26034.0,down,43.9,1527.0,1280.0,down,bear_cross,-10550.0,-32960.0,-112.0,-664.0,KOSPI,1419,391,26034,1.2,레저용장비와제품,False,
33637L,솔루스첨단소재2우B,0.707,8392.07,4294.22,5709.49,6160.83,5556.0,6899.5,10082.5,-732.08,-544.19,-733.36,-753.5,287.5,760.5,7.91,-9.82,24.18,46.13,46.13,-34.76,-2.75,138.16,164.52,164.52,4년치 존재,4,,,5.69,116.12,1617.0,691.0,down,47.7,2500.0,1637.0,mixed,bear,-68.0,513.0,0.0,0.0,KOSPI,2270,86,691,0.4,전자장비와기기,False,
000225,유유제약1우,0.8944,1.91,1372.1,1331.47,1408.85,,,,3.65,116.97,110.19,,,,5.81,,,,5.81,-5.8,,,,-5.8,1년치 존재,1,1.02,,9.66,42.21,4087.0,6268.0,up,46.9,3785.0,3375.0,down,bear,-1297.0,-10304.0,0.0,0.0,KOSPI,3640,83,6268,1.5,제약,False,
006345,대원전선우,0.6795,162.83,5154.02,5527.77,6245.42,,,,131.3,143.39,93.51,,,,12.98,,,,12.98,-34.79,,,,-34.79,1년치 존재,1,2.93,,9.61,152.18,43958.0,31911.0,down,46.2,11950.0,8550.0,down,bull,3499.0,14472.0,0.0,-33.0,KOSPI,9820,257,31911,0.7,전기장비,False,
001515,SK증권우,1.0,,11444.82,11017.42,14046.72,,,,130.98,-1078.76,77.86,,,,27.5,,,,27.5,107.22,,,,107.22,1년치 존재,1,0.27,,11.32,1191.67,5246.0,4752.0,down,41.2,5260.0,3400.0,down,bull,-5.0,512.0,0.0,1000.0,KOSPI,3985,78,4752,0.9,증권,False,
465770,STX그린로지스,1.0,866.05,283.1,705.44,1913.84,,,,18.47,71.58,-124.73,,,,171.3,,,,171.3,-274.25,,,,-274.25,1년치 존재,1,,,-75.41,427.8,1024682.0,560733.0,down,31.7,4955.0,1902.0,down,bear,-45298.0,98991.0,0.0,-55.0,KOSPI,2155,156,560733,0.5,해운사,False,
001065,JW중외제약우,1.0,-303.34,7485.27,7193.76,7752.98,,,,1003.04,824.88,944.61,,,,7.77,,,,7.77,14.51,,,,14.51,1년치 존재,1,0.12,,27.63,60.98,98.0,579.0,down,41.1,23400.0,20100.0,mixed,bear_cross,0.0,0.0,0.0,0.0,KOSPI,21600,74,579,5.9,제약,False,
000325,노루홀딩스우,0.5537,-1102.96,12144.76,12478.78,12392.68,,,,678.24,725.55,645.08,,,,-0.69,,,,-0.69,-11.09,,,,-11.09,1년치 존재,1,0.22,,7.49,64.66,117.0,56.0,down,60.1,28950.0,20200.0,up,bear,0.0,0.0,0.0,0.0,KOSPI,28950,71,56,0.5,건축자재,False,
004835,덕성우,1.0,87.73,1079.33,1254.53,1464.76,,,,50.9,89.11,62.36,,,,16.76,,,,16.76,-30.02,,,,-30.02,1년치 존재,1,1.24,,3.77,55.06,10170.0,36534.0,up,70.4,4870.0,3425.0,up,bull,5487.0,7674.0,0.0,0.0,KOSPI,4870,68,36534,3.6,"섬유,의류,신발,호화품",False,
004985,성신양회우,0.9988,4230.66,11132.82,11626.33,12162.66,,,,733.32,532.39,436.56,,,,4.61,,,,4.61,-18.0,,,,-18.0,1년치 존재,1,0.25,,5.39,122.65,1180.0,914.0,up,51.4,9780.0,7650.0,up,bull,-295.0,-1448.0,0.0,0.0,KOSPI,8880,65,914,0.8,건축자재,False,
26490K,크라운제과우,,-252.47,4347.29,4381.02,4448.38,,,,284.4,210.47,152.65,,,,1.54,,,,1.54,-27.47,,,,-27.47,1년치 존재,1,,,4.54,55.56,395.0,101.0,up,58.6,7890.0,7100.0,mixed,bull,-16.0,-539.0,0.0,0.0,KOSPI,7890,61,101,0.3,식품,False,
044380,주연테크,,-102.53,435.05,530.68,626.29,,,,-46.56,-29.02,-16.77,,,,18.02,,,,18.02,42.21,,,,42.21,1년치 존재,1,,,0.45,17.73,883802.0,1588454.0,up,28.4,1352.0,405.0,down,bear,0.0,223628.0,0.0,-811.0,KOSPI,436,61,1588454,1.8,컴퓨터와주변기기,False,
012205,계양전기우,,1119.45,3816.34,3691.25,3897.99,,,,-38.95,-152.61,-271.0,,,,5.6,,,,5.6,-77.58,,,,-77.58,1년치 존재,1,,,-106.96,1358.83,10875.0,2627.0,down,36.2,7270.0,4900.0,down,bull,-110.0,-770.0,0.0,0.0,KOSPI,4940,58,2627,0.2,자동차부품,False,
090355,노루페인트우,1.0,-445.63,7803.67,7938.47,7710.52,,,,422.7,436.65,301.81,,,,-2.87,,,,-2.87,-30.88,,,,-30.88,1년치 존재,1,0.35,,7.79,78.68,139.0,4.0,up,59.5,12400.0,10100.0,up,bull,-1.0,-4.0,0.0,0.0,KOSPI,12220,57,4,0.0,건축자재,False,
001770,SHD,,32.25,1062.94,1066.05,1003.98,,,,6.73,-40.26,27.38,,,,-5.82,,,,-5.82,168.01,,,,168.01,1년치 존재,1,,,1.23,59.08,133093.0,65628.0,down,32.8,16410.0,3925.0,mixed,bear,-4588.0,11415.0,1646.0,1646.0,KOSPI,3925,48,65628,0.5,철강,False,
000545,흥국화재우,,,33236.87,33740.16,35328.42,,,,3810.25,1487.79,1875.04,,,,4.71,,,,4.71,26.03,,,,26.03,1년치 존재,1,,,4.6,,227.0,73.0,down,54.5,5940.0,4880.0,mixed,bear,-31.0,-71.0,0.0,0.0,KOSPI,5760,44,73,0.3,손해보험,False,
000145,하이트진로홀딩스우,0.4896,13971.48,25068.69,25850.69,24845.04,,,,1380.73,2217.95,1832.53,,,,-3.89,,,,-3.89,-17.38,,,,-17.38,1년치 존재,1,,,-0.44,228.35,168.0,8.0,down,41.6,9690.0,9090.0,down,bull,0.0,0.0,0.0,0.0,KOSPI,9140,43,8,0.0,음료,False,
005965,동부건설우,0.9794,4260.97,18999.8,16883.69,17586.26,21183.0,21321.0,23902.0,301.99,-969.4,426.28,807.5,836.0,1021.0,4.16,20.45,0.65,12.11,20.45,143.97,89.43,3.53,22.13,143.97,4년치 존재,4,0.07,,15.09,205.01,222.0,58.0,down,46.4,17790.0,16000.0,mixed,bear,-6.0,-458.0,0.0,10.0,KOSPI,17100,39,58,0.3,건설,False,
009415,태영건설우,0.666,9516.19,33529.22,26861.74,21744.84,,,,-4045.32,206.42,527.89,,,,-19.05,,,,-19.05,155.74,,,,155.74,1년치 존재,1,0.06,,33.71,510.14,1141.0,2839.0,down,38.2,7250.0,5750.0,down,bear,1639.0,1639.0,0.0,0.0,KOSPI,6010,39,2839,2.5,건설,False,
002995,금호건설우,1.0,14.34,22176.26,19141.91,20184.88,20763.0,23502.0,26418.0,218.04,-1818.28,470.84,709.0,1068.0,1246.0,5.45,2.86,13.19,12.41,13.19,125.89,50.58,50.63,16.67,125.89,4년치 존재,4,0.07,,30.01,405.51,7164.0,5105.0,down,29.6,45200.0,14200.0,down,bear,-1534.0,-1467.0,0.0,0.0,KOSPI,14270,42,5105,0.7,건설,False,
004105,태양금속우,1.0,2328.18,6171.72,6200.21,6201.69,,,,221.63,160.53,224.19,,,,0.02,,,,0.02,39.66,,,,39.66,1년치 존재,1,4.24,,12.47,259.04,60212.0,86844.0,up,75.0,4650.0,2710.0,up,bull,-17689.0,-290.0,855.0,855.0,KOSPI,4470,148,86844,1.4,자동차부품,False,
36328K,티와이홀딩스우,,1337.39,813.64,793.73,792.27,,,,-3437.56,-809.09,-345.64,,,,-0.18,,,,-0.18,57.28,,,,57.28,1년치 존재,1,,,-9.48,87.74,16394.0,1456.0,up,54.4,3200.0,2255.0,up,bear,-412.0,2856.0,0.0,0.0,KOSPI,2910,34,1456,0.1,"호텔,레스토랑,레저",False,
010400,우진아이엔에스,1.0,0.87,1001.69,1375.88,1644.58,,,,-33.16,-178.6,49.78,,,,19.53,,,,19.53,127.87,,,,127.87,1년치 존재,1,4.13,,5.51,47.91,16070.0,33926.0,up,45.3,5350.0,3995.0,down,bear,-16970.0,-18855.0,3784.0,18675.0,KOSPI,4120,314,33926,2.1,건설,False,
005745,크라운해태홀딩스우,0.5442,2039.07,10355.41,10468.96,10698.82,,,,710.34,675.79,572.51,,,,2.2,,,,2.2,-15.28,,,,-15.28,1년치 존재,1,0.16,,4.96,95.37,1337.0,2307.0,down,41.3,5500.0,4970.0,down,bear,-17.0,-7.0,0.0,0.0,KOSPI,5000,30,2307,1.7,식품,False,
014915,성문전자우,0.9921,211.19,450.64,480.62,536.75,,,,5.14,11.03,16.73,,,,11.68,,,,11.68,51.68,,,,51.68,1년치 존재,1,1.45,,7.05,84.49,823.0,2.0,down,51.9,5380.0,4210.0,up,bull,0.0,-22.0,0.0,0.0,KOSPI,4900,29,2,0.0,전기제품,False,
005030,부산주공,,1111.15,2417.21,2130.3,1954.06,,,,3.64,73.34,5.78,,,,-8.27,,,,-8.27,-92.12,,,,-92.12,1년치 존재,1,,,-2.95,942.66,19565162.0,11689418.0,,,44.0,25.0,,,-1099401.0,-2339108.0,-1640.0,-2028.0,KOSPI,25,23,11689418,0.6,자동차부품,False,
001525,동양우,0.9903,3461.53,8663.27,7504.08,6306.28,,,,265.49,-9.21,-207.44,,,,-15.96,,,,-15.96,-2152.33,,,,-2152.33,1년치 존재,1,0.1,,1.65,95.33,4054.0,1860.0,down,42.1,10670.0,7500.0,down,bear,2.0,-44.0,0.0,0.0,KOSPI,7500,20,1860,0.5,건축자재,False,
011155,CJ씨푸드1우,1.0,411.51,1483.49,1937.17,1921.18,,,,41.39,43.58,-9.1,,,,-0.83,,,,-0.83,-120.88,,,,-120.88,1년치 존재,1,0.39,,2.04,93.36,1385.0,870.0,down,36.5,8270.0,4020.0,down,bear,2.0,1627.0,12.0,65.0,KOSPI,5440,11,870,0.6,식품,False,
001527,동양2우B,0.9903,3461.53,8663.27,7504.08,6306.28,,,,265.49,-9.21,-207.44,,,,-15.96,,,,-15.96,-2152.33,,,,-2152.33,1년치 존재,1,0.05,,1.65,95.33,2759.0,619.0,down,39.2,12980.0,4760.0,down,bull,9.0,-14.0,0.0,0.0,KOSPI,4900,10,619,0.2,건축자재,False,
002785,진흥기업우B,,-641.95,7594.4,7261.91,5763.82,,,,517.26,-47.47,-230.04,,,,-20.63,,,,-20.63,-384.6,,,,-384.6,1년치 존재,1,,,-4.89,121.91,2363.0,1771.0,down,26.4,34950.0,6660.0,down,bear,211.0,284.0,0.0,-2.0,KOSPI,6840,6,1771,0.7,건설,False,
002787,진흥기업2우B,,-641.95,7594.4,7261.91,5763.82,,,,517.26,-47.47,-230.04,,,,-20.63,,,,-20.63,-384.6,,,,-384.6,1년치 존재,1,,,-4.89,121.91,2218.0,955.0,down,27.4,71700.0,9000.0,down,bear,175.0,49.0,0.0,0.0,KOSPI,9930,3,955,0.4,건설,False,
004365,세방우,1.0,-97.25,11419.5,13733.89,12417.87,,,,286.56,244.96,273.01,,,,-9.58,,,,-9.58,11.45,,,,11.45,1년치 존재,1,0.51,,5.12,24.66,2493.0,1222.0,down,36.1,9430.0,8900.0,mixed,bear,891.0,2279.0,-700.0,-47.0,KOSPI,9100,336,1222,0.5,항공화물운송과물류,False,
247540,에코프로비엠,0.6389,24138.84,69008.68,27668.38,25315.76,24742.08,34179.75,46524.55,1560.3,-341.09,1433.1,803.0,1553.42,2669.91,-8.5,-2.27,38.14,36.12,38.14,520.15,-43.97,93.45,71.87,520.15,4년치 존재,4,309.11,,2.56,159.07,375793.0,409545.0,up,61.0,130600.0,91142.0,up,bull,155569.0,233109.0,94200.0,-407377.0,KOSDAQ,124400,121701,409545,1.1,전기제품,False,
277810,레인보우로보틱스,1.0,-555.04,152.58,193.47,341.23,710.0,1590.0,3140.0,-445.9,-29.79,-24.8,120.0,670.0,1310.0,76.37,108.07,123.94,97.48,123.94,16.75,583.87,458.33,95.52,583.87,4년치 존재,4,6105.06,,1.29,9.07,64071.0,40516.0,up,51.5,508000.0,373000.0,mixed,bull,57396.0,22457.0,34806.0,-21546.0,KOSDAQ,447500,86814,40516,0.6,기계,False,
240810,원익IPS,1.0,-3952.03,6903.38,7481.76,9097.96,12432.57,16195.43,19267.14,-180.75,106.42,738.14,1793.86,2744.67,3484.17,21.6,36.65,30.27,18.97,36.65,593.61,143.02,53.0,26.94,593.61,4년치 존재,4,76.7,,17.5,39.12,1177943.0,1195213.0,up,55.3,143100.0,76300.0,up,bull,-498257.0,-1815436.0,138783.0,1263948.0,KOSDAQ,131300,64447,1195213,1.0,반도체와반도체장비,False,
403870,HPSP,,-2108.04,1790.87,1814.02,1729.65,2494.0,3786.83,4558.8,952.06,939.46,899.02,1391.0,2150.33,2629.8,-4.65,44.19,51.84,20.39,51.84,-4.3,54.72,54.59,22.3,54.72,4년치 존재,4,,,29.44,29.85,2452834.0,2113429.0,up,64.8,69600.0,28550.0,up,bull,-30806.0,492892.0,897308.0,3902882.0,KOSDAQ,65600,53989,2113429,0.9,반도체와반도체장비,False,
108490,로보티즈,0.9687,-2343.16,291.28,300.38,389.43,637.89,1179.63,2059.57,-52.99,-29.74,33.46,-22.22,237.88,510.14,29.65,63.8,84.93,74.59,84.93,212.51,-166.41,1170.57,114.45,1170.57,4년치 존재,4,878.75,,-1.64,3.04,361620.0,160006.0,up,54.9,329500.0,158400.0,mixed,bear,123940.0,272264.0,76304.0,55708.0,KOSDAQ,304000,44588,160006,0.4,기계,False,
031980,피에스케이홀딩스,1.0,-2002.49,947.17,2155.08,2077.64,2836.8,4108.6,4661.5,269.71,884.83,734.01,1101.2,1657.4,1895.5,-3.59,36.54,44.83,13.46,44.83,-17.05,50.03,50.51,14.37,50.51,4년치 존재,4,47.39,,21.08,19.64,191474.0,243032.0,up,73.9,201500.0,77200.0,up,bull,71156.0,188422.0,-89876.0,-142246.0,KOSDAQ,201500,43448,243032,1.3,반도체와반도체장비,False,
058470,리노공업,,-4266.01,2555.73,2781.86,3725.34,4518.17,5325.17,6252.0,1143.78,1242.01,1769.97,2205.33,2599.17,3057.4,33.92,21.28,17.86,17.4,33.92,42.51,24.6,17.86,17.63,42.51,4년치 존재,4,,,26.37,10.31,956012.0,1079066.0,up,68.8,87300.0,55200.0,up,bull,-1959707.0,-4723531.0,1959767.0,4024938.0,KOSDAQ,85100,64856,1079066,1.1,반도체와반도체장비,False,
005110,한창,0.9805,219.04,225.19,30.89,80.45,,,,-84.02,-94.44,-77.76,,,,160.44,,,,160.44,17.66,,,,17.66,1년치 존재,1,0.02,,-64.98,1051.64,8385321.0,7093515.0,,,112.0,58.0,,,-58732.0,-58732.0,-1809.0,-1809.0,KOSPI,58,12,7093515,0.8,부동산,False,
440110,파두,0.9986,-155.41,224.71,435.03,924.19,3923.5,7396.0,9689.5,-585.69,-950.48,-654.7,928.5,2266.0,3103.0,112.44,324.53,88.51,31.01,324.53,31.12,241.82,144.05,36.94,241.82,4년치 존재,4,,,-147.34,200.67,599432.0,454907.0,up,57.8,89200.0,48800.0,up,bull,-361262.0,-1796975.0,287681.0,2354965.0,KOSDAQ,81900,41041,454907,0.8,반도체와반도체장비,False,
00806K,대덕1우,0.5689,-3721.99,12792.57,12671.95,13849.9,,,,313.28,84.17,113.13,,,,9.3,,,,9.3,34.41,,,,34.41,1년치 존재,1,3.75,,6.23,32.23,2995.0,1774.0,up,58.2,11140.0,9780.0,mixed,bull,-572.0,-2332.0,383.0,694.0,KOSPI,10950,133,1774,0.6,전자장비와기기,False,
015260,에이엔피,,495.43,1409.06,1134.9,1174.9,,,,-18.25,-59.92,-72.91,,,,3.52,,,,3.52,-21.68,,,,-21.68,1년치 존재,1,,,-59.61,432.09,1872646.0,10995727.0,up,34.4,509.0,164.0,down,bear,512130.0,404877.0,-19.0,-23.0,KOSPI,192,90,10995727,5.9,전자장비와기기,False,
086520,에코프로,0.3772,36725.13,72602.0,31278.53,34130.22,,,,2981.72,-2930.39,2137.64,,,,9.12,,,,9.12,172.95,,,,172.95,1년치 존재,1,,,7.52,124.55,621162.0,655664.0,up,58.2,95900.0,67400.0,up,bull,768757.0,257183.0,451194.0,330413.0,KOSDAQ,91000,123556,655664,1.1,화학,False,
014285,금강공업우,0.3276,4530.75,8568.93,8013.52,8021.56,,,,665.82,330.48,104.97,,,,0.1,,,,0.1,-68.24,,,,-68.24,1년치 존재,1,,,-4.58,146.99,1936.0,902.0,up,56.0,5890.0,5110.0,up,bull,52.0,92.0,0.0,0.0,KOSPI,5890,35,902,0.5,건축제품,False,
298380,에이비엘바이오,,-1116.35,655.47,334.03,793.5,392.0,981.0,1177.0,-26.17,-593.77,-403.9,-635.0,-87.0,-138.0,137.55,-50.6,150.26,19.98,150.26,31.98,-57.22,86.3,-58.62,86.3,4년치 존재,4,,,-44.26,57.37,372028.0,285829.0,down,32.5,93600.0,48600.0,down,bull,-221959.0,509552.0,46421.0,-1018446.0,KOSDAQ,50400,28218,285829,0.8,생물공학,True,2026-09-03
131290,티에스이,0.9034,-732.88,2491.48,3480.53,4289.01,7099.0,8857.0,10575.33,-23.8,398.99,491.72,1918.33,2469.67,3054.0,23.23,65.52,24.76,19.4,65.52,23.24,290.13,28.74,23.66,290.13,4년치 존재,4,88.97,,25.6,35.7,148199.0,259207.0,up,61.3,311000.0,143600.0,up,bull,24192.0,-347302.0,15259.0,383750.0,KOSDAQ,307500,34014,259207,1.7,반도체와반도체장비,False,
007460,에이프로젠,,1382.82,1505.78,1501.14,1179.74,,,,-888.66,-868.07,-955.71,,,,-21.41,,,,-21.41,-10.1,,,,-10.1,1년치 존재,1,,,-82.23,62.81,178263.0,617191.0,up,56.0,2700.0,1933.0,mixed,bull,71273.0,-66319.0,-54.0,-534.0,KOSPI,2205,566,617191,3.5,제약,False,
141080,리가켐바이오,1.0,-3790.96,341.46,1258.98,1415.53,1893.5,2357.0,3702.0,-808.22,-209.13,-1064.86,-1214.0,-771.5,522.5,12.43,33.77,24.48,57.06,57.06,-409.19,-14.01,36.45,167.73,167.73,4년치 존재,4,,,-36.81,34.73,199011.0,275838.0,up,37.2,120300.0,77900.0,down,bull,-195578.0,231811.0,41819.0,-650989.0,KOSDAQ,79400,29393,275838,1.4,제약,False,
310210,보로노이,,-588.45,,,75.12,55.0,130.0,250.0,-313.36,-363.39,-543.85,-875.0,-595.0,-530.0,,-26.78,136.36,92.31,136.36,-49.66,-60.89,32.0,10.92,32.0,4년치 존재,4,,,-119.39,93.3,79794.0,56854.0,down,48.3,180700.0,100800.0,mixed,bull,-12613.0,-68674.0,27119.0,-102958.0,KOSDAQ,145300,27050,56854,0.7,제약,False,
039030,이오테크닉스,0.9954,-3307.95,3163.4,3209.45,3808.91,4913.0,6484.0,7113.5,309.43,312.01,807.53,1332.0,2143.5,2373.0,18.68,28.99,31.98,9.71,31.98,158.82,64.95,60.92,10.71,158.82,4년치 존재,4,111.32,,16.01,11.12,118562.0,143776.0,up,59.8,559000.0,240000.0,up,bull,-17341.0,-276460.0,34207.0,347820.0,KOSDAQ,517000,63692,143776,1.2,반도체와반도체장비,False,
178320,서진시스템,0.9947,12855.38,7786.94,12137.53,10663.31,18406.67,24342.33,28006.0,489.98,1087.01,11.46,634.67,2904.0,3491.5,-12.15,72.62,32.25,15.05,72.62,-98.95,5438.13,357.56,20.23,5438.13,4년치 존재,4,,,-9.59,206.16,1137329.0,863301.0,up,57.9,47350.0,27900.0,mixed,bull,-560412.0,-1030721.0,284227.0,737868.0,KOSDAQ,40700,25935,863301,0.8,전기장비,False,
005290,동진쎄미켐,1.0,1638.29,13099.24,11128.13,11941.45,,,,1761.74,1754.13,1724.49,,,,7.31,,,,7.31,-1.69,,,,-1.69,1년치 존재,1,25.88,,18.76,81.59,437296.0,455447.0,up,63.0,53000.0,33150.0,up,bull,-226104.0,-454131.0,425695.0,882038.0,KOSDAQ,50300,25638,455447,1.0,반도체와반도체장비,False,
003075,코오롱글로벌우,0.9925,7995.13,26450.38,29119.61,26844.31,29268.0,32974.0,35060.0,76.14,-566.69,36.51,1313.0,1531.0,1770.0,-7.81,9.03,12.66,6.33,12.66,106.44,3496.27,16.6,15.61,3496.27,4년치 존재,4,,,-14.33,321.87,336.0,109.0,down,37.5,13880.0,12120.0,mixed,bear,60.0,-59.0,0.0,0.0,KOSPI,12380,92,109,0.3,건설,False,
004545,깨끗한나라우,,3351.1,5148.54,5370.5,5082.01,,,,-189.15,-9.02,-226.38,,,,-5.37,,,,-5.37,-2409.76,,,,-2409.76,1년치 존재,1,,,-21.21,295.63,2272.0,490.0,down,40.1,6320.0,3110.0,down,bull,34.0,228.0,-5.0,42.0,KOSPI,3395,12,490,0.2,종이와목재,False,
095340,ISC,0.9969,-3589.93,1402.22,1744.8,2201.95,3143.5,4036.86,4951.67,107.37,447.84,600.54,1033.5,1430.14,1766.5,26.2,42.76,28.42,22.66,42.76,34.1,72.1,38.38,23.52,72.1,4년치 존재,4,75.72,,14.38,11.98,164167.0,158509.0,up,54.5,224000.0,106500.0,up,bear_cross,-29082.0,-591360.0,-84676.0,528256.0,KOSDAQ,200500,42500,158509,1.0,반도체와반도체장비,False,
319660,피에스케이,1.0,-2703.36,3518.64,3980.51,4572.13,6935.25,8440.25,8942.0,541.19,839.24,884.94,1897.25,2325.25,2393.0,14.86,51.69,21.7,5.94,51.69,5.45,114.39,22.56,2.91,114.39,4년치 존재,4,50.6,,22.54,22.06,369787.0,509212.0,down,49.6,204500.0,101400.0,mixed,bull,-250396.0,-698960.0,-234314.0,351458.0,KOSDAQ,137200,39742,509212,1.4,반도체와반도체장비,False,
036930,주성엔지니어링,1.0,-786.83,2847.45,4093.93,3106.93,3644.0,4970.0,7889.0,289.37,971.96,312.58,408.0,1401.0,3164.0,-24.11,17.29,36.39,58.73,58.73,-67.84,30.53,243.38,125.84,243.38,4년치 존재,4,327.52,,1.23,46.37,1594242.0,2421826.0,up,63.9,283000.0,98300.0,up,bull,463045.0,414513.0,137118.0,1069847.0,KOSDAQ,251500,116900,2421826,1.5,반도체와반도체장비,False,
214150,클래시스,1.0,122.67,1801.23,2429.39,3368.2,4379.53,5492.47,6716.4,896.22,1224.43,1706.01,1912.4,2516.67,3169.4,38.64,30.03,25.41,22.28,38.64,39.33,12.1,31.6,25.94,39.33,4년치 존재,4,15.23,,26.32,39.57,141325.0,111355.0,up,39.5,50100.0,30350.0,down,bull,-16452.0,-188491.0,-63332.0,-41917.0,KOSDAQ,30800,20093,111355,0.8,건강관리장비와용품,False,
131970,두산테스나,,1144.96,3386.52,3731.18,3038.74,3376.75,4929.75,5521.0,607.79,379.23,-9.41,375.75,1098.25,1356.0,-18.56,11.12,45.99,11.99,45.99,-102.48,4093.09,192.28,23.47,4093.09,4년치 존재,4,,,7.88,62.32,384287.0,435050.0,up,63.2,120500.0,51800.0,up,bull,-136279.0,-676285.0,91005.0,569595.0,KOSDAQ,109800,21221,435050,1.1,반도체와반도체장비,False,
226950,올릭스,,-1933.29,170.64,56.77,146.67,,,,-181.85,-309.19,-299.72,,,,158.36,,,,158.36,3.06,,,,3.06,1년치 존재,1,,,-10.82,15.43,239802.0,220899.0,up,60.7,137800.0,89500.0,mixed,bull,-210268.0,-259890.0,393060.0,522944.0,KOSDAQ,120600,27587,220899,0.9,생명과학도구및서비스,False,
237690,에스티팜,0.9958,-901.33,2849.92,2737.51,3316.81,4176.69,5185.77,6217.31,335.12,276.93,549.33,752.92,1028.46,1336.31,21.16,25.92,24.16,19.89,25.92,98.36,37.06,36.6,29.93,98.36,4년치 존재,4,36.48,,13.59,34.81,100826.0,90822.0,up,50.7,128100.0,84700.0,mixed,bull,29394.0,100436.0,8913.0,-327044.0,KOSDAQ,96100,20062,90822,0.9,제약,False,
263750,펄어비스,1.0,-6477.65,3334.85,3423.85,3655.65,7523.0,4385.8,5883.25,-163.5,-122.93,-148.08,3495.2,1170.2,1980.5,6.77,105.79,-41.7,34.14,105.79,-20.46,2460.35,-66.52,69.24,2460.35,4년치 존재,4,,,29.77,22.41,230364.0,115144.0,down,47.6,37050.0,30550.0,mixed,bear,87083.0,-309923.0,23805.0,367533.0,KOSDAQ,33200,20864,115144,0.5,게임엔터테인먼트,False,
140410,메지온,,-229.92,317.21,86.12,79.1,,,,-144.89,-143.0,-167.69,,,,-8.15,,,,-8.15,-17.27,,,,-17.27,1년치 존재,1,,,-68.28,220.78,99430.0,72963.0,down,44.9,82200.0,51000.0,mixed,bear,-124438.0,-449329.0,-8670.0,2367.0,KOSDAQ,67500,20756,72963,0.7,식품,False,
089030,테크윙,1.0,2756.07,1336.04,1855.07,1591.28,3718.0,5597.0,,31.6,234.11,158.38,985.0,1729.0,,-14.22,133.65,50.54,,133.65,-32.35,521.92,75.53,,521.92,3년치 존재,3,209.26,,-5.64,213.89,720405.0,601279.0,up,56.1,57800.0,31900.0,up,bull,326174.0,1791230.0,12177.0,-1644903.0,KOSDAQ,53100,19675,601279,0.8,반도체와반도체장비,True,2026-09-10
000250,삼천당제약,0.4374,-505.42,1926.69,2109.24,2318.05,,,,95.6,26.42,84.67,,,,9.9,,,,9.9,220.48,,,,220.48,1년치 존재,1,1063.21,,6.34,43.57,138325.0,456608.0,up,76.4,246500.0,126500.0,up,bull,-275935.0,-367551.0,50321.0,90812.0,KOSDAQ,238500,55946,456608,3.3,제약,False,
096530,씨젠,1.0,-4522.55,3673.75,4142.52,4742.32,5486.0,6201.5,7082.0,-300.53,-164.79,345.5,900.0,1113.5,1308.0,14.48,15.68,13.04,14.2,15.68,309.66,160.49,23.72,17.47,309.66,4년치 존재,4,37.56,,7.9,21.81,308872.0,867570.0,up,75.0,38800.0,25150.0,up,bull,400152.0,890239.0,167545.0,53375.0,KOSDAQ,38800,18133,867570,2.8,생명과학도구및서비스,False,
098460,고영,0.9997,-1345.74,2256.31,2025.38,2326.47,3467.54,4031.05,4452.0,203.72,33.22,173.42,579.66,735.99,871.5,14.87,49.05,16.25,10.44,49.05,422.03,234.25,26.97,18.41,422.03,4년치 존재,4,165.7,,14.13,26.16,1379410.0,1295023.0,up,70.5,36600.0,22550.0,up,bull,1375646.0,3778880.0,271226.0,-2181938.0,KOSDAQ,35850,24451,1295023,0.9,전자장비와기기,False,
214370,케어젠,1.0,-355.61,792.1,825.86,728.08,,,,403.78,342.5,204.0,,,,-11.84,,,,-11.84,-40.44,,,,-40.44,1년치 존재,1,118.26,,10.5,10.34,63206.0,99099.0,up,47.9,70000.0,39050.0,mixed,bull,-38097.0,47753.0,36547.0,2064.0,KOSDAQ,44250,23769,99099,1.6,건강관리업체및서비스,False,
145020,휴젤,0.9659,-5775.76,3197.0,3730.47,4251.1,5219.71,6583.0,8110.64,1177.82,1662.29,2008.51,2002.57,2694.0,3534.57,13.96,22.78,26.12,23.21,26.12,20.83,-0.3,34.53,31.2,34.53,4년치 존재,4,16.38,,16.5,9.57,58946.0,32479.0,down,27.3,282500.0,179600.0,down,bear,-4998.0,-172327.0,-3595.0,-59167.0,KOSDAQ,184400,23078,32479,0.6,생물공학,False,
420770,기가비스,0.9995,-1146.44,,261.33,524.35,1016.28,2158.68,1981.2,,-17.87,121.01,344.3,955.18,839.8,100.65,93.82,112.41,-8.22,112.41,777.17,184.52,177.43,-12.08,777.17,4년치 존재,4,110.99,,7.42,17.72,153890.0,137004.0,up,66.0,167100.0,84200.0,mixed,bull,22752.0,90347.0,-25789.0,17.0,KOSDAQ,135300,17150,137004,0.9,반도체와반도체장비,False,
0009K0,에임드바이오,1.0,-910.94,1.71,117.6,472.78,,,,-64.16,-4.08,207.69,,,,302.02,,,,302.02,5190.44,,,,5190.44,1년치 존재,1,333.92,,41.1,3.68,106371.0,108074.0,up,61.5,27450.0,17900.0,mixed,bull,62181.0,151709.0,51004.0,-89063.0,KOSDAQ,25750,16773,108074,1.0,생물공학,False,
058610,에스피지,0.942,302.52,3937.86,3884.77,3416.7,3596.8,3990.4,4706.5,159.7,123.35,179.39,212.2,283.2,343.25,-12.05,5.27,10.94,17.95,17.95,45.43,18.29,33.46,21.2,45.43,4년치 존재,4,242.58,,3.65,67.89,354860.0,202238.0,up,51.8,118600.0,62600.0,up,bull,173684.0,264282.0,-6665.0,-102471.0,KOSDAQ,99900,22155,202238,0.6,전기제품,False,
140860,파크시스템스,0.9994,-346.99,1448.06,1750.6,2056.13,2455.0,2964.38,3494.71,275.6,385.3,421.91,502.38,694.75,858.29,17.45,19.4,20.75,17.89,20.75,9.5,19.07,38.29,23.54,38.29,4년치 존재,4,62.25,,8.47,39.26,30867.0,44388.0,up,73.8,307500.0,227000.0,up,bull,-5176.0,34347.0,49843.0,15839.0,KOSDAQ,306500,21463,44388,1.4,전자장비와기기,False,
214450,파마리서치,0.993,-3746.45,2610.11,3501.15,5362.89,6997.13,8538.53,10218.14,922.58,1260.51,2143.96,2726.87,3411.0,4102.93,53.18,30.47,22.03,19.67,53.18,70.09,27.19,25.09,20.29,70.09,4년치 존재,4,19.44,,27.2,40.35,99058.0,89185.0,down,32.6,461500.0,306000.0,down,bear,118844.0,421634.0,-178353.0,-577239.0,KOSDAQ,309000,32104,89185,0.9,건강관리장비와용품,False,
007575,일양약품우,0.968,868.05,2666.69,2686.78,2724.22,,,,163.79,96.22,49.63,,,,1.39,,,,1.39,-48.42,,,,-48.42,1년치 존재,1,0.51,,7.07,75.81,305.0,526.0,down,53.7,8380.0,7000.0,up,bull,-1.0,-60.0,0.0,0.0,KOSPI,7890,35,526,1.7,제약,False,
357780,솔브레인,0.9612,-2201.36,8440.29,8633.56,9233.82,12087.75,14768.5,17366.29,1334.88,1679.49,1336.42,2030.5,2748.88,3590.57,6.95,30.91,22.18,17.59,30.91,-20.43,51.94,35.38,30.62,51.94,4년치 존재,4,40.05,,11.81,21.99,33029.0,31845.0,up,66.3,428000.0,224500.0,up,bull,-33604.0,-50556.0,92636.0,159040.0,KOSDAQ,407000,31659,31845,1.0,반도체와반도체장비,False,
064760,티씨케이,,-2920.01,2266.53,2757.25,3013.34,4114.83,5076.17,6182.83,667.03,807.48,838.87,1243.33,1676.83,2082.17,9.29,36.55,23.36,21.8,36.55,3.89,48.21,34.87,24.17,48.21,4년치 존재,4,,,15.7,9.7,70511.0,74756.0,up,55.2,310500.0,138200.0,up,bear_cross,45386.0,-151280.0,-41580.0,199952.0,KOSDAQ,281500,31470,74756,1.1,반도체와반도체장비,False,
080220,제주반도체,1.0,-135.3,1459.0,1623.5,3022.31,,,,178.38,95.81,358.74,,,,86.16,,,,86.16,274.43,,,,274.43,1년치 존재,1,73.32,,82.02,63.58,1426128.0,2033028.0,up,55.3,94100.0,50100.0,up,bull,114908.0,-223652.0,395373.0,1214837.0,KOSDAQ,84100,28966,2033028,1.4,반도체와반도체장비,False,
036540,SFA반도체,0.997,-36.31,4167.39,4004.83,3673.89,5593.8,8085.0,8705.0,-132.76,-0.31,-196.27,-55.8,795.2,780.0,-8.26,52.26,44.54,7.67,52.26,-63212.9,71.57,1525.09,-1.91,1525.09,4년치 존재,4,,,-2.17,20.41,8433692.0,4278435.0,up,81.5,11590.0,3885.0,up,bull,3064168.0,15606321.0,-2891520.0,-5616150.0,KOSDAQ,11370,18699,4278435,0.5,반도체와반도체장비,False,
323280,태성,1.0,196.6,333.39,592.12,378.59,,,,-6.86,60.38,-25.06,,,,-36.06,,,,-36.06,-141.5,,,,-141.5,1년치 존재,1,,,1.93,59.83,397839.0,338230.0,up,65.8,63000.0,24050.0,up,bull,-95383.0,641383.0,116396.0,-1059301.0,KOSDAQ,59600,18201,338230,0.9,전자장비와기기,False,
043260,성호전자,0.9237,6168.31,2080.61,2073.27,2315.77,2674.0,5014.0,8955.5,258.57,63.12,75.51,410.0,1081.0,2372.0,11.7,15.47,87.51,78.61,87.51,19.63,442.97,163.66,119.43,442.97,4년치 존재,4,26.34,,127.87,223.13,5180523.0,5477695.0,up,73.5,32550.0,11850.0,up,bull,260722.0,-63125.0,223406.0,74607.0,KOSDAQ,31750,23956,5477695,1.1,전기제품,False,
083650,비에이치아이,1.0,59.88,3673.99,4047.41,7741.17,11733.5,14322.33,17089.5,150.87,219.27,754.97,1443.5,1764.0,2224.0,91.26,51.57,22.06,19.32,91.26,244.31,91.2,22.2,26.08,244.31,4년치 존재,4,26.86,,29.45,444.61,435453.0,259369.0,down,41.2,68400.0,34600.0,mixed,bear,-145030.0,-1055190.0,-143085.0,-257029.0,KOSDAQ,56600,17515,259369,0.6,에너지장비및서비스,False,
166090,하나머티리얼즈,1.0,716.46,2335.77,2516.46,2734.82,3776.0,4574.0,5344.0,412.83,434.12,500.81,990.6,1298.4,1640.0,8.68,38.07,21.13,16.83,38.07,15.36,97.8,31.07,26.31,97.8,4년치 존재,4,31.44,,13.11,40.67,159727.0,118379.0,up,57.3,65600.0,43150.0,up,bull,8778.0,432085.0,19042.0,-336494.0,KOSDAQ,61000,12064,118379,0.7,반도체와반도체장비,False,
204270,제이앤티씨,1.0,2295.93,3234.37,2732.39,1856.53,2000.0,5149.0,6055.0,285.39,-460.91,-779.96,-432.0,1080.0,1404.0,-32.05,7.73,157.45,17.6,157.45,-69.22,44.61,350.0,30.0,350.0,4년치 존재,4,,,-27.13,174.88,1443109.0,4307125.0,down,64.4,26350.0,11210.0,up,bull_cross,571018.0,140068.0,-152993.0,-307422.0,KOSDAQ,25650,14838,4307125,3.0,핸드셋,False,
021050,서원,1.0,5839.26,2331.79,12295.27,17136.11,,,,4.53,276.48,533.23,,,,39.37,,,,39.37,92.86,,,,92.86,1년치 존재,1,,,5.8,224.8,143811.0,99854.0,up,55.0,1150.0,910.0,up,bull,-27419.0,-407258.0,5983.0,7097.0,KOSPI,1122,533,99854,0.7,비철금속,False,
005360,모나미,,683.29,1414.53,1330.8,1310.24,,,,-22.68,-38.13,-58.54,,,,-1.54,,,,-1.54,-53.53,,,,-53.53,1년치 존재,1,,,-13.37,152.16,262422.0,299016.0,down,23.3,3730.0,1034.0,down,bear,294199.0,379941.0,-76.0,-343.0,KOSPI,1034,195,299016,1.1,문구류,False,
087010,펩트론,,-440.15,33.42,31.52,56.35,,,,-158.84,-165.28,-212.57,,,,78.78,,,,78.78,-28.61,,,,-28.61,1년치 존재,1,,,-15.02,29.74,190770.0,1151621.0,down,27.9,196700.0,96900.0,down,bear,23093.0,29146.0,-38611.0,-253946.0,KOSDAQ,96900,22595,1151621,6.0,생물공학,False,
319400,현대무벡스,1.0,409.52,2678.38,3413.83,3939.41,,,,41.43,245.71,182.13,,,,15.4,,,,15.4,-25.88,,,,-25.88,1년치 존재,1,198.22,,10.99,105.84,1037064.0,608851.0,down,39.6,28000.0,18550.0,down,bear_cross,-571622.0,2114139.0,31179.0,-74426.0,KOSDAQ,20100,22387,608851,0.6,기계,False,
101490,에스앤에스텍,1.0,-419.28,1503.2,1760.14,2437.33,,,,250.39,294.79,503.9,,,,38.47,,,,38.47,70.94,,,,70.94,1년치 존재,1,19.37,,20.96,23.92,290433.0,425941.0,up,68.2,54300.0,34050.0,up,bull,-591886.0,-222697.0,40311.0,-832287.0,KOSDAQ,52900,11286,425941,1.5,반도체와반도체장비,False,
437730,삼현,1.0,-167.8,998.49,1004.48,950.42,,,,97.96,55.17,8.05,,,,-5.38,,,,-5.38,-85.41,,,,-85.41,1년치 존재,1,153.24,,-3.94,63.93,578459.0,357892.0,down,59.4,55600.0,26600.0,up,bear_cross,-15371.0,-88965.0,-74408.0,120493.0,KOSDAQ,50300,15949,357892,0.6,자동차부품,False,
007390,네이처셀,1.0,-15.12,193.51,323.34,207.35,,,,-102.73,5.98,-36.46,,,,-35.87,,,,-35.87,-709.7,,,,-709.7,1년치 존재,1,,,-4.28,40.69,171467.0,110688.0,down,49.9,28250.0,21150.0,mixed,bear,39025.0,292087.0,64700.0,-24018.0,KOSDAQ,24650,15883,110688,0.6,생물공학,False,
293490,카카오게임즈,1.0,386.6,7258.21,6272.27,4650.19,3426.89,6353.33,6127.71,753.89,191.49,-395.91,-876.11,579.89,288.14,-25.86,-26.31,85.4,-3.55,85.4,-306.75,-121.29,166.19,-50.31,166.19,4년치 존재,4,,,-9.86,114.93,330656.0,289156.0,up,61.8,10180.0,7350.0,up,bull,302661.0,329213.0,-17095.0,-198828.0,KOSDAQ,10090,10771,289156,0.9,게임엔터테인먼트,False,
196170,알테오젠,0.9743,-3420.94,965.23,1028.55,2158.59,4924.4,6635.2,8465.8,-97.37,254.04,1069.0,3126.8,4225.6,5785.0,109.87,128.13,34.74,27.59,128.13,320.8,192.5,35.14,36.9,320.8,4년치 존재,4,125.13,,43.57,35.21,343389.0,235563.0,up,41.9,348000.0,206213.0,down,bull,-10178.0,398395.0,107377.0,-541140.0,KOSDAQ,254500,177272,235563,0.7,생물공학,False,
218410,RFHIC,0.9056,-1392.21,1114.33,1148.76,1858.04,2624.25,3514.33,3806.0,3.03,15.3,308.89,550.5,797.67,899.5,61.74,41.24,33.92,8.3,61.74,1918.89,78.22,44.9,12.77,1918.89,4년치 존재,4,53.97,,9.67,33.59,606752.0,436868.0,up,55.8,62900.0,35300.0,up,bull,-176926.0,-711079.0,96555.0,-396674.0,KOSDAQ,58200,15467,436868,0.7,통신장비,False,
095610,테스,1.0,-1629.64,1469.38,2400.78,3511.16,4824.14,6142.86,7846.0,-58.62,384.74,578.38,1037.57,1409.83,1950.2,46.25,37.39,27.34,27.73,46.25,50.33,79.39,35.88,38.33,79.39,4년치 존재,4,55.31,,19.64,21.02,373104.0,408005.0,down,54.5,217500.0,100000.0,up,bull,-60695.0,-524574.0,-101839.0,883201.0,KOSDAQ,162600,31479,408005,1.1,반도체와반도체장비,False,
950160,코오롱티슈진,,-325.66,37.06,50.73,51.59,60.0,60.0,1010.0,-205.04,-219.97,-223.23,-290.0,-450.0,-300.0,1.7,16.3,0.0,1583.33,1583.33,-1.48,-29.91,-55.17,33.33,33.33,4년치 존재,4,,,-112.71,151.42,635575.0,611058.0,up,42.2,90000.0,11670.0,mixed,bull,378884.0,159004.0,-17259.0,7862.0,KOSDAQ,16820,14292,611058,1.0,생물공학,False,
232140,와이씨,0.6484,-630.51,2551.82,2112.41,2726.3,3800.83,4655.33,5772.5,85.72,106.0,169.9,551.33,730.0,1025.25,29.06,39.41,22.48,24.0,39.41,60.28,224.5,32.41,40.45,224.5,4년치 존재,4,71.84,,8.79,26.81,2806140.0,2331100.0,up,69.0,18130.0,7140.0,up,bull,23118.0,2435396.0,276385.0,-2032771.0,KOSDAQ,16890,13857,2331100,0.8,반도체와반도체장비,False,
000227,유유제약2우B,0.8944,1.91,1372.1,1331.47,1408.85,,,,3.65,116.97,110.19,,,,5.81,,,,5.81,-5.8,,,,-5.8,1년치 존재,1,0.32,,9.66,42.21,1183.0,99.0,down,60.7,8760.0,6300.0,up,bull,26.0,99.0,0.0,0.0,KOSPI,8120,26,99,0.1,제약,False,
028300,HLB,,2425.88,429.01,681.26,841.73,,,,-1250.25,-1185.16,-1042.17,,,,23.55,,,,23.55,12.07,,,,12.07,1년치 존재,1,,,-54.43,114.94,1327526.0,1070602.0,up,69.3,52200.0,25650.0,mixed,bull,-363330.0,-4219088.0,478185.0,-328498.0,KOSDAQ,45750,60938,1070602,0.8,건강관리장비와용품,False,
041510,에스엠,0.9347,-4490.5,9610.7,9897.25,11749.35,12527.78,13634.0,14624.13,1134.63,872.97,1830.34,1865.94,2153.94,2402.13,18.71,6.63,8.83,7.26,18.71,109.67,1.94,15.43,11.52,109.67,4년치 존재,4,5.22,,13.4,44.99,126105.0,78309.0,down,48.2,87700.0,66600.0,mixed,bear,-32498.0,-336295.0,14259.0,3363.0,KOSDAQ,79200,18133,78309,0.6,방송과엔터테인먼트,False,
003380,하림지주,0.4472,80504.36,120623.63,122729.59,132148.84,147130.0,155530.0,163450.0,5675.45,7654.8,8874.27,10240.0,11010.0,11740.0,7.67,11.34,5.71,5.09,11.34,15.93,15.39,7.52,6.63,15.93,4년치 존재,4,5.61,,5.07,182.58,378711.0,692370.0,up,59.0,11620.0,8820.0,up,bull,-19386.0,-242668.0,207198.0,604520.0,KOSDAQ,11510,12892,692370,1.8,식품,True,2026-09-30
065350,신성델타테크,0.8971,3139.82,8337.04,8819.82,9453.64,,,,298.67,264.67,276.9,,,,7.19,,,,7.19,4.62,,,,4.62,1년치 존재,1,41.01,,12.33,186.1,87255.0,69167.0,up,56.4,33800.0,24050.0,up,bull,28426.0,33492.0,19747.0,-18755.0,KOSDAQ,32400,8905,69167,0.8,가정용기기와용품,False,
069640,한세엠케이,,1675.14,3167.66,2450.74,2488.89,,,,-42.19,-176.29,-121.39,,,,1.56,,,,1.56,31.14,,,,31.14,1년치 존재,1,,,-106.27,2154.33,35264.0,25000.0,up,53.5,1490.0,903.0,up,bear,-15866.0,-25536.0,832.0,585.0,KOSPI,1424,310,25000,0.7,"섬유,의류,신발,호화품",False,
089970,브이엠,1.0,-1895.97,260.09,702.77,1444.12,3155.0,4223.0,5357.0,-109.63,-86.0,246.73,926.0,1358.0,1854.0,105.49,118.47,33.85,26.85,118.47,386.9,275.31,46.65,36.52,386.9,4년치 존재,4,65.85,,33.92,21.04,693489.0,687563.0,up,55.2,115900.0,46950.0,mixed,bull,-455144.0,-1281009.0,99359.0,361723.0,KOSDAQ,64800,17208,687563,1.0,반도체와반도체장비,False,
356860,티엘비,1.0,817.37,1713.07,1800.01,2584.98,3708.18,4733.64,6523.56,30.45,33.58,259.63,580.73,843.55,1213.33,43.61,43.45,27.65,37.81,43.61,673.17,123.68,45.26,43.84,673.17,4년치 존재,4,61.96,,25.44,90.37,643235.0,680988.0,up,71.2,51000.0,20550.0,up,bull,103302.0,332908.0,61855.0,-169446.0,KOSDAQ,49800,11803,680988,1.1,반도체와반도체장비,False,
195940,HK이노엔,,3357.6,8289.08,8971.42,10631.51,10981.07,11711.27,12496.77,659.3,882.24,1108.77,1307.2,1480.47,1688.62,18.5,3.29,6.65,6.71,18.5,25.68,17.9,13.26,14.06,25.68,4년치 존재,4,,,6.54,49.74,87420.0,88580.0,up,52.5,44150.0,34900.0,mixed,bull,-48128.0,-192058.0,28224.0,15101.0,KOSDAQ,40650,11516,88580,1.0,제약,False,
032500,케이엠더블유,1.0,156.42,1000.68,873.57,975.19,1036.5,2703.0,5522.0,-628.58,-454.81,-237.66,-202.5,577.5,1897.0,11.63,6.29,160.78,104.29,160.78,47.75,14.79,385.19,228.48,385.19,4년치 존재,4,,,-20.06,62.95,287014.0,188904.0,up,62.3,21400.0,12360.0,up,bull,-45893.0,-238595.0,90970.0,49834.0,KOSDAQ,20050,8459,188904,0.7,통신장비,False,
030530,원익홀딩스,0.543,3696.65,7495.27,6454.73,6229.92,,,,457.75,306.14,-4.18,,,,-3.48,,,,-3.48,-101.37,,,,-101.37,1년치 존재,1,81.51,,5.53,53.52,2648021.0,791629.0,up,63.0,30900.0,13400.0,up,bull,234007.0,-215911.0,96521.0,186377.0,KOSDAQ,28900,22322,791629,0.3,반도체와반도체장비,False,
067310,하나마이크론,0.8224,9297.05,9679.71,12506.93,15344.19,24934.0,28086.5,31338.5,579.05,1067.93,1276.89,4170.5,4299.0,4811.0,22.69,62.5,12.64,11.58,62.5,19.57,226.61,3.08,11.91,226.61,4년치 존재,4,86.62,,37.84,194.44,2044414.0,1405683.0,up,66.7,52900.0,24750.0,up,bull,1002123.0,534192.0,-24875.0,1907884.0,KOSDAQ,49650,33013,1405683,0.7,반도체와반도체장비,False,
032820,우리기술,0.9994,1661.95,631.66,712.5,871.35,,,,66.79,5.54,-54.87,,,,22.29,,,,22.29,-1090.43,,,,-1090.43,1년치 존재,1,2685.61,,21.93,123.87,6883489.0,3145779.0,down,47.3,14600.0,7740.0,mixed,bear,-491231.0,-3073270.0,62999.0,-641147.0,KOSDAQ,12310,21270,3145779,0.5,우주항공과국방,False,
127120,제이에스링크,,-86.33,219.49,159.08,193.16,,,,-43.42,-91.12,-124.87,,,,21.42,,,,21.42,-37.04,,,,-37.04,1년치 존재,1,,,-7.44,81.35,205518.0,173364.0,down,35.0,41600.0,27750.0,down,bear,-107408.0,91712.0,121680.0,416365.0,KOSDAQ,27900,10405,173364,0.8,생명과학도구및서비스,False,
290650,엘앤씨바이오,1.0,222.33,659.27,720.32,854.76,1667.5,2473.0,3202.0,81.29,38.69,44.16,372.75,664.0,911.0,18.66,95.08,48.31,29.48,95.08,14.14,744.09,78.14,37.2,744.09,4년치 존재,4,,,-46.84,42.44,228492.0,407214.0,up,62.2,70411.0,45400.0,mixed,bull,-378825.0,476482.0,234171.0,170552.0,KOSDAQ,57400,15481,407214,1.8,건강관리장비와용품,False,
347850,디앤디파마텍,1.0,-371.64,186.77,114.37,42.98,,,,-134.86,-250.17,-339.93,,,,-62.42,,,,-62.42,-35.88,,,,-35.88,1년치 존재,1,,,-20.24,138.59,532820.0,814627.0,down,43.8,86600.0,41850.0,down,bull,-292904.0,214941.0,85839.0,-594727.0,KOSDAQ,44950,20675,814627,1.5,생물공학,False,
039200,오스코텍,0.5492,-1928.59,49.51,340.08,998.39,750.0,680.0,1210.0,-326.55,-27.34,520.81,220.0,130.0,620.0,193.58,-24.88,-9.33,77.94,193.58,2004.94,-57.76,-40.91,376.92,2004.94,4년치 존재,4,28.91,,56.04,19.21,106749.0,149742.0,up,62.8,39550.0,28000.0,up,bull,-88250.0,-109859.0,219027.0,288641.0,KOSDAQ,39550,15131,149742,1.4,제약,False,
222800,심텍,0.9992,6473.13,10418.96,12314.21,14105.6,20908.5,25296.1,29263.33,-881.24,-469.69,118.69,2582.9,4385.0,5657.56,14.55,48.23,20.98,15.68,48.23,125.27,2076.17,69.77,29.02,2076.17,4년치 존재,4,,,-9.33,183.1,725311.0,619928.0,up,70.0,173900.0,63800.0,up,bull,344731.0,378515.0,-236973.0,346008.0,KOSDAQ,169200,65116,619928,0.9,전자장비와기기,False,
458870,씨어스,1.0,-207.13,,81.0,481.71,1290.77,1724.15,2150.5,,-86.82,163.27,563.53,781.28,1000.83,494.7,167.96,33.58,24.73,494.7,288.06,245.15,38.64,28.1,288.06,4년치 존재,4,61.37,,92.04,25.65,181693.0,101066.0,up,54.3,36000.0,20700.0,mixed,bull,-54223.0,-411350.0,-80446.0,35122.0,KOSDAQ,25750,9874,101066,0.6,건강관리기술,False,
010170,대한광통신,1.0,729.23,1802.63,1527.17,1394.47,2035.25,2591.75,3307.0,-232.23,-297.05,-214.11,58.0,170.0,227.33,-8.69,45.95,27.34,27.6,45.95,27.92,127.09,193.1,33.72,193.1,4년치 존재,4,,,-27.86,155.22,15800992.0,16404602.0,down,61.1,18780.0,7160.0,up,bull,-162943.0,3021957.0,-113027.0,809278.0,KOSDAQ,17720,27552,16404602,1.0,통신장비,False,
036830,솔브레인홀딩스,0.9835,2251.22,6615.55,4337.49,5566.47,,,,1209.61,318.1,88.6,,,,28.33,,,,28.33,-72.15,,,,-72.15,1년치 존재,1,2.01,,36.5,35.3,66206.0,53303.0,up,63.8,49650.0,27000.0,up,bull,-72195.0,-85695.0,22219.0,59808.0,KOSDAQ,47750,9791,53303,0.8,전기제품,False,
161580,필옵틱스,0.7447,279.09,3000.01,4108.94,1034.41,,,,102.65,137.96,-348.92,,,,-74.83,,,,-74.83,-352.91,,,,-352.91,1년치 존재,1,,,-15.23,121.0,562551.0,362258.0,up,66.2,43850.0,20150.0,up,bull,171420.0,345163.0,123235.0,-811707.0,KOSDAQ,40600,9518,362258,0.6,전자장비와기기,False,
347700,스피어,1.0,2533.02,16.51,854.28,956.39,2941.67,4644.67,6076.0,-90.74,151.78,90.52,137.33,436.67,706.5,11.95,207.58,57.89,30.82,207.58,-40.36,51.71,217.97,61.79,217.97,4년치 존재,4,7687.06,,-7.41,258.28,1434798.0,2660358.0,up,59.0,27050.0,12950.0,up,bull,-274206.0,-1409008.0,724408.0,1007164.0,KOSDAQ,25350,13068,2660358,1.9,우주항공과국방,False,
082920,비츠로셀,1.0,-1487.02,1762.2,2107.79,2430.83,3073.0,3618.0,4129.0,376.9,519.11,692.68,896.0,1048.33,1216.0,15.33,26.42,17.74,14.12,26.42,33.44,29.35,17.0,15.99,33.44,4년치 존재,4,23.35,,21.79,18.98,290695.0,184510.0,down,51.2,34950.0,24500.0,mixed,bull,-34824.0,-271418.0,20143.0,372160.0,KOSDAQ,29450,13294,184510,0.6,전기제품,False,
115180,큐리언트,,110.43,90.32,91.8,69.83,,,,-232.13,-274.78,-297.64,,,,-23.93,,,,-23.93,-8.32,,,,-8.32,1년치 존재,1,,,-107.69,108.97,113189.0,72412.0,up,54.4,27000.0,14850.0,up,bull,48580.0,25857.0,44208.0,131228.0,KOSDAQ,23800,8933,72412,0.6,제약,False,
068760,셀트리온제약,,363.36,3887.94,4778.35,5364.0,6110.0,7030.0,8010.0,360.71,372.23,560.92,700.0,860.0,1000.0,12.26,13.91,15.06,13.94,15.06,50.69,24.79,22.86,16.28,50.69,4년치 존재,4,,,9.93,73.46,82824.0,45381.0,up,50.7,46100.0,38000.0,down,bull,92679.0,19277.0,-100405.0,-243074.0,KOSDAQ,39950,17739,45381,0.5,제약,False,
295310,에이치브이엠,,-134.68,414.57,451.4,665.32,1127.6,1813.4,2448.0,37.28,-67.89,58.37,151.6,303.8,446.0,47.39,69.48,60.82,35.0,69.48,185.98,159.72,100.4,46.81,185.98,4년치 존재,4,,,3.27,109.64,186540.0,219369.0,up,64.3,75900.0,30650.0,up,bull,-82643.0,-327386.0,238484.0,333627.0,KOSDAQ,70000,8783,219369,1.2,비철금속,False,
078600,대주전자재료,0.9886,2444.42,1849.89,2193.16,2546.13,4116.0,5463.0,7180.0,62.09,293.54,206.86,397.0,519.0,660.0,16.09,61.66,32.73,31.43,61.66,-29.53,91.92,30.73,27.17,91.92,4년치 존재,4,84.52,,3.9,138.37,150461.0,210417.0,up,73.8,112200.0,62400.0,up,bull,-23648.0,71175.0,139827.0,9393.0,KOSDAQ,111200,17463,210417,1.4,전자장비와기기,True,2026-09-30
060370,LS마린솔루션,1.0,-1998.23,707.79,1302.79,2442.05,3131.67,4406.33,5169.67,130.87,123.93,70.09,166.67,483.0,718.67,87.45,28.24,40.7,17.32,87.45,-43.44,137.79,189.79,48.79,189.79,4년치 존재,4,208.81,,4.12,24.12,145920.0,210934.0,up,54.5,34800.0,23600.0,up,bull,61595.0,121990.0,-272979.0,-311961.0,KOSDAQ,33400,17448,210934,1.4,건설,False,
183300,코미코,0.6403,5404.46,3072.67,5071.39,6041.1,7160.0,8510.0,10050.0,330.28,1124.62,1109.92,1200.0,1630.0,2030.0,19.12,18.52,18.85,18.1,19.12,-1.31,8.12,35.83,24.54,35.83,4년치 존재,4,33.79,,11.46,222.35,571708.0,357644.0,down,56.5,43800.0,21800.0,mixed,bull,-66746.0,896305.0,-250823.0,-1372350.0,KOSDAQ,32800,16847,357644,0.6,반도체와반도체장비,False,
252990,샘씨엔에스,,-186.89,309.35,533.16,779.85,1240.0,1578.33,1909.0,-29.12,52.01,146.66,348.67,468.67,584.0,46.27,59.0,27.28,20.95,59.0,181.98,137.74,34.42,24.61,181.98,4년치 존재,4,,,17.3,40.18,830648.0,768539.0,down,61.3,20300.0,9070.0,up,bull,961461.0,1523362.0,-874878.0,-197417.0,KOSDAQ,18750,11291,768539,0.9,반도체와반도체장비,False,
084370,유진테크,0.9804,-3301.69,2765.33,3380.68,3503.24,5000.0,6717.0,7240.0,243.26,611.77,516.72,1023.0,1669.0,1800.0,3.63,42.73,34.34,7.79,42.73,-15.54,97.98,63.15,7.85,97.98,4년치 존재,4,90.67,,23.14,17.94,183198.0,261456.0,up,59.9,182900.0,88600.0,up,bull,-227893.0,-613100.0,176322.0,664006.0,KOSDAQ,168000,38499,261456,1.4,반도체와반도체장비,False,
033790,피노,,-681.81,69.67,306.76,2647.61,,,,-21.24,0.08,88.47,,,,763.09,,,,763.09,110487.5,,,,110487.5,1년치 존재,1,,,7.66,19.51,2188656.0,1484285.0,up,64.0,10250.0,4600.0,up,bull,-63582.0,-1038118.0,128660.0,-1413505.0,KOSDAQ,9800,8429,1484285,0.7,전기제품,False,
014825,동원시스템즈우,0.999,2862.38,12766.51,13342.57,13728.74,,,,808.51,919.05,661.56,,,,2.89,,,,2.89,-28.02,,,,-28.02,1년치 존재,1,0.07,,7.26,71.91,128.0,65.0,up,46.8,14520.0,12830.0,mixed,bear,1.0,2.0,21.0,91.0,KOSPI,13510,36,65,0.5,포장재,False,
251970,펌텍코리아,0.8006,-1209.86,2844.81,3374.83,3719.61,4484.13,5148.29,5758.13,352.89,483.97,565.15,736.06,874.07,1004.38,10.22,20.55,14.81,11.85,20.55,16.77,30.24,18.75,14.91,30.24,4년치 존재,4,24.34,,14.49,33.92,100821.0,185167.0,up,66.0,67600.0,38350.0,up,bull,-34864.0,-115686.0,77237.0,208329.0,KOSDAQ,67600,8382,185167,1.8,포장재,False,
417200,LS머트리얼즈,1.0,90.69,1368.85,1420.76,1535.82,1920.0,2191.0,,135.68,61.97,-1.42,12.0,91.0,,8.1,25.01,14.11,,25.01,-102.29,945.07,658.33,,945.07,3년치 존재,3,2387.36,,0.65,47.75,1458598.0,1221202.0,up,68.8,15860.0,9020.0,up,bull,-630801.0,-2133956.0,733207.0,1042341.0,KOSDAQ,15350,10385,1221202,0.8,전기제품,False,
086450,동국제약,0.9548,-512.75,7309.94,8121.66,9268.84,10480.5,11796.5,13112.33,668.73,804.2,965.54,1100.5,1275.25,1398.33,14.12,13.07,12.56,11.15,14.12,20.06,13.98,15.88,9.65,20.06,4년치 존재,4,15.69,,11.54,40.12,438340.0,644655.0,up,62.3,22900.0,17040.0,up,bull,-568843.0,-723125.0,568060.0,1365814.0,KOSDAQ,22900,10358,644655,1.5,제약,False,
099320,쎄트렉아이,0.729,-606.71,1254.33,1712.79,2069.17,2449.33,3155.33,3624.0,-43.54,-30.72,101.8,183.33,354.33,407.0,20.81,18.37,28.82,14.85,28.82,431.38,80.09,93.27,14.86,431.38,4년치 존재,4,54.0,,3.84,74.19,58137.0,137957.0,up,47.9,88100.0,57600.0,up,bull,-145439.0,-219479.0,13617.0,25919.0,KOSDAQ,75400,8257,137957,2.4,우주항공과국방,False,
074600,원익QnC,0.9458,7630.57,8059.48,8915.39,9436.41,10971.0,12512.0,14229.0,829.83,906.12,596.1,1166.33,1503.67,1701.67,5.84,16.26,14.05,13.72,16.26,-34.21,95.66,28.92,13.17,95.66,4년치 존재,4,36.51,,9.56,161.18,190766.0,164461.0,up,60.2,32900.0,20650.0,up,bull,-158325.0,67267.0,304922.0,141347.0,KOSDAQ,31250,8215,164461,0.9,반도체와반도체장비,False,
035900,JYP Ent.,1.0,-3545.21,5665.01,6017.88,8218.55,8186.42,8814.63,8953.56,1694.44,1282.62,1552.46,1494.26,1668.63,1681.06,36.57,-0.39,7.67,1.58,36.57,21.04,-3.75,11.67,0.74,21.04,4년치 존재,4,8.56,,17.89,34.01,155068.0,205130.0,up,45.8,50700.0,37500.0,down,bull,-75563.0,-367564.0,40418.0,153142.0,KOSDAQ,38700,13751,205130,1.3,방송과엔터테인먼트,False,
491000,리브스메드,1.0,-509.08,172.67,271.21,511.92,697.0,1639.0,2708.0,-239.12,-265.04,-226.42,-331.0,-65.0,364.0,88.75,36.15,135.15,65.22,135.15,14.57,-46.19,80.36,660.0,660.0,4년치 존재,4,,,-24.04,14.61,209812.0,155019.0,up,60.1,49900.0,27650.0,mixed,bull,-6355.0,-263798.0,-31217.0,-205803.0,KOSDAQ,37750,9534,155019,0.7,건강관리장비와용품,False,
950260,인제니아테라퓨틱스(Reg.S),1.0,-120.49,,,,154.0,,1595.0,,,-331.92,-136.0,-291.0,1293.0,,,,,,,59.03,-113.97,544.33,544.33,4년치 존재,4,,,-81.5,66.89,2201908.0,434606.0,up,67.0,29350.0,14100.0,,,-14443.0,271096.0,21851.0,16347.0,KOSDAQ,27550,13622,434606,0.2,생물공학,False,
014620,성광벤드,1.0,-1382.0,2546.93,2276.83,2456.7,2810.0,3594.5,4377.0,448.33,419.88,419.56,488.0,701.5,831.0,7.9,14.38,27.92,21.77,27.92,-0.08,16.31,43.75,18.46,43.75,4년치 존재,4,22.64,,6.74,6.8,193147.0,126029.0,down,42.3,34600.0,22950.0,mixed,bear,-124316.0,-359996.0,-103405.0,203297.0,KOSDAQ,29350,7795,126029,0.7,기계,False,
257720,실리콘투,1.0,505.01,3428.61,6915.22,11162.87,16101.31,20516.0,24901.91,478.09,1375.75,2053.62,2959.92,3781.85,4627.0,61.42,44.24,27.42,21.38,61.42,49.27,44.13,27.77,22.35,49.27,4년치 존재,4,14.7,,42.22,40.0,750643.0,738374.0,down,36.0,54200.0,33050.0,down,bear,-460754.0,-557034.0,115207.0,-1296897.0,KOSDAQ,37800,24788,738374,1.0,인터넷과카탈로그소매,False,
100790,미래에셋벤처투자,1.0,,2170.47,2338.72,2398.48,,,,319.25,157.04,351.16,,,,2.56,,,,2.56,123.61,,,,123.61,1년치 존재,1,28.8,,14.23,,576042.0,576481.0,up,49.5,18400.0,10530.0,up,bull,-182129.0,-275425.0,25108.0,-16808.0,KOSDAQ,16770,8908,576481,1.0,창업투자,False,
102710,이엔에프테크놀로지,0.9896,998.82,5311.03,5824.34,6708.96,7460.0,8647.0,9739.0,238.74,593.32,780.77,969.67,1222.67,1477.0,15.19,11.19,15.91,12.63,15.91,31.59,24.19,26.09,20.8,31.59,4년치 존재,4,13.67,,12.65,60.77,74197.0,89153.0,up,64.3,51600.0,34900.0,up,bull,96563.0,192699.0,-69549.0,-281057.0,KOSDAQ,49700,7101,89153,1.2,반도체와반도체장비,False,
122870,와이지엔터테인먼트,0.8275,-2460.68,5691.95,3649.49,5454.04,6253.22,5728.78,6146.67,869.32,-205.58,713.42,755.28,723.0,820.07,49.45,14.65,-8.39,7.29,49.45,447.03,5.87,-4.27,13.43,447.03,4년치 존재,4,21.02,,6.69,27.12,109940.0,76243.0,down,46.2,44750.0,37050.0,mixed,bear,-66500.0,-273974.0,-4573.0,-279921.0,KOSDAQ,41500,7757,76243,0.7,방송과엔터테인먼트,False,
388210,씨엠티엑스,0.9431,-378.41,708.29,1086.66,1605.56,2045.0,2831.2,3464.75,45.79,236.39,517.82,666.0,946.8,1208.25,47.75,27.37,38.44,22.38,47.75,119.05,28.62,42.16,27.61,119.05,4년치 존재,4,,,27.94,43.55,62282.0,72601.0,up,58.6,94300.0,59900.0,up,bull,-49509.0,-124748.0,8697.0,84321.0,KOSDAQ,88900,8583,72601,1.2,반도체와반도체장비,False,
031330,에스에이엠티,1.0,8764.27,21450.68,28894.73,37565.94,,,,535.43,673.7,1139.01,,,,30.01,,,,30.01,69.07,,,,69.07,1년치 존재,1,11.3,,63.05,178.91,385541.0,366228.0,down,51.2,11840.0,7550.0,mixed,bull,-20795.0,32416.0,-1538.0,12561.0,KOSDAQ,8570,8570,366228,0.9,전자장비와기기,False,
064290,인텍플러스,0.9962,170.81,748.02,838.73,897.65,1058.6,1909.8,2343.5,-110.92,-155.87,-37.35,72.8,542.6,732.75,7.02,17.93,80.41,22.71,80.41,76.04,294.91,645.33,35.04,645.33,4년치 존재,4,,,-16.44,183.29,409388.0,260955.0,up,65.1,60400.0,22200.0,up,bull,173507.0,764155.0,-191964.0,-172164.0,KOSDAQ,58500,7604,260955,0.6,반도체와반도체장비,False,
038500,삼표시멘트,1.0,4112.72,8237.29,7907.87,6769.27,,,,847.01,1039.3,765.83,,,,-14.4,,,,-14.4,-26.31,,,,-26.31,1년치 존재,1,20.71,,4.63,79.05,1254729.0,19643368.0,up,65.8,8340.0,6310.0,mixed,bull,-2128285.0,-2257584.0,50836.0,28521.0,KOSDAQ,7830,8450,19643368,15.7,건축자재,False,
056190,SFA,0.8997,-1321.51,18603.51,20453.62,16309.5,16906.33,19794.0,21640.0,889.09,-483.99,858.61,1184.67,1795.0,2100.0,-20.26,3.66,17.08,9.33,17.08,277.4,37.98,51.52,16.99,277.4,4년치 존재,4,20.17,,6.72,47.29,150559.0,146085.0,up,70.2,31500.0,17930.0,up,bull,64614.0,-1006.0,9154.0,158993.0,KOSDAQ,30950,11114,146085,1.0,기계,False,
126340,비나텍,1.0,1115.56,549.64,595.92,822.29,1388.5,2310.0,3700.0,30.36,-80.68,17.74,38.0,285.0,640.0,37.99,68.86,66.37,60.17,68.86,121.99,114.21,650.0,124.56,650.0,4년치 존재,4,,,-48.59,194.72,160646.0,103143.0,up,66.6,95900.0,44100.0,up,bull,-46700.0,-335287.0,-25307.0,144471.0,KOSDAQ,93200,6692,103143,0.6,전기장비,False,
090710,휴림로봇,,-77.4,826.65,1330.98,1683.05,,,,-18.62,-49.38,-173.22,,,,26.45,,,,26.45,-250.79,,,,-250.79,1년치 존재,1,,,-16.97,29.52,1232158.0,940843.0,down,47.0,7720.0,5550.0,mixed,bull,462072.0,142038.0,-1307.0,-404946.0,KOSDAQ,6280,7508,940843,0.8,기계,False,
328130,루닛,,-731.65,250.8,541.8,831.29,1145.0,1410.0,,-422.17,-679.47,-831.04,-350.0,-140.0,,53.43,37.74,23.14,,53.43,-22.31,57.88,60.0,,60.0,3년치 존재,3,,,-23.52,64.42,889729.0,569886.0,up,60.2,11820.0,8250.0,mixed,bull,-103849.0,-1832094.0,-320056.0,-43928.0,KOSDAQ,11160,8310,569886,0.6,건강관리기술,True,2026-08-26
083450,GST,0.9988,-1230.35,2792.15,3334.46,3471.59,4399.5,5227.5,5845.0,425.38,585.72,591.72,759.0,945.5,1080.5,4.11,26.73,18.82,11.81,26.73,1.02,28.27,24.57,14.28,28.27,4년치 존재,4,22.51,,18.67,29.73,141719.0,145214.0,up,64.9,56300.0,35950.0,up,bull,-131231.0,-67380.0,244139.0,383029.0,KOSDAQ,55300,10192,145214,1.0,반도체와반도체장비,False,
189300,인텔리안테크,1.0,1416.05,3050.43,2577.69,3196.28,4018.5,4850.23,5842.75,107.26,-194.44,119.54,367.63,567.1,907.25,24.0,25.72,20.7,20.46,25.72,161.48,207.54,54.26,59.98,207.54,4년치 존재,4,98.54,,16.58,89.63,65350.0,117066.0,up,51.1,79000.0,49250.0,up,bull,-113130.0,-182261.0,34123.0,18509.0,KOSDAQ,68500,7355,117066,1.8,통신장비,False,
213420,덕산네오룩스,0.9325,-308.98,1637.02,2122.52,3443.1,4497.0,5307.75,5898.0,329.2,524.72,607.42,943.25,1091.0,1274.25,62.22,30.61,18.03,11.12,62.22,15.76,55.29,15.66,16.8,55.29,4년치 존재,4,13.82,,15.78,53.4,174247.0,74356.0,up,44.4,36350.0,25900.0,down,bull,14960.0,469523.0,-64886.0,-855002.0,KOSDAQ,29600,7350,74356,0.4,디스플레이장비및부품,False,
171090,선익시스템,1.0,-858.36,624.13,1129.25,5157.61,4205.0,6342.0,6990.0,-40.57,79.07,1115.26,961.0,1489.0,1740.0,356.73,-18.47,50.82,10.22,356.73,1310.47,-13.83,54.94,16.86,1310.47,4년치 존재,4,7.59,,9.32,196.83,42530.0,42790.0,down,54.7,76500.0,49500.0,up,bull,4578.0,53806.0,556.0,18486.0,KOSDAQ,72300,7322,42790,1.0,디스플레이장비및부품,False,
032190,다우데이타,0.2,-483882.0,103340.25,121361.23,180519.61,,,,6679.43,12058.7,15998.81,,,,48.75,,,,48.75,32.67,,,,32.67,1년치 존재,1,3.33,,20.39,1186.18,51110.0,37458.0,down,42.3,20500.0,16740.0,mixed,bear,-19337.0,38333.0,1158.0,-51863.0,KOSDAQ,19000,7277,37458,0.7,증권,False,
425420,티에프이,1.0,-568.41,803.25,736.27,1117.42,1733.5,2189.0,2650.0,92.24,43.91,190.56,360.0,535.5,674.0,51.77,55.13,26.28,21.06,55.13,333.98,88.92,48.75,25.86,333.98,4년치 존재,4,43.98,,18.12,31.79,147444.0,186935.0,up,59.3,73400.0,24850.0,up,bull,117275.0,240827.0,-63814.0,-74458.0,KOSDAQ,64500,7964,186935,1.3,반도체와반도체장비,False,
327260,RF머트리얼즈,0.8314,-467.19,479.12,444.97,640.84,1011.4,1499.6,1954.0,-0.35,-14.53,73.7,181.0,305.0,428.8,44.02,57.82,48.27,30.3,57.82,607.23,145.59,68.51,40.59,607.23,4년치 존재,4,133.46,,18.66,33.4,1181183.0,864956.0,up,62.2,58800.0,17220.0,up,bull,-184039.0,-589084.0,110740.0,649685.0,KOSDAQ,52400,9425,864956,0.7,우주항공과국방,False,
044490,태웅,,457.06,4437.6,3863.24,3496.54,3898.75,4350.33,4966.5,395.27,228.16,50.22,262.25,391.67,494.5,-9.49,11.5,11.58,14.16,14.16,-77.99,422.2,49.35,26.25,422.2,4년치 존재,4,,,1.66,35.02,253971.0,103518.0,up,49.7,40250.0,20950.0,up,bear,-10755.0,-45957.0,22655.0,183837.0,KOSDAQ,36150,7233,103518,0.4,에너지장비및서비스,False,
466100,클로봇,,-372.16,242.04,333.95,414.06,,,,-57.65,-74.91,-31.81,,,,23.99,,,,23.99,57.54,,,,57.54,1년치 존재,1,,,-4.54,24.14,239812.0,150426.0,up,45.0,32700.0,20400.0,mixed,bull,219625.0,-532850.0,-42471.0,-93237.0,KOSDAQ,23150,7166,150426,0.6,기계,False,
241710,코스메카코리아,0.879,1419.95,4707.19,5243.29,6409.29,8482.64,9913.18,11361.2,491.54,603.62,835.37,1142.45,1401.09,1656.3,22.24,32.35,16.86,14.61,32.35,38.39,36.76,22.64,18.22,38.39,4년치 존재,4,27.5,,25.85,119.56,134285.0,185878.0,down,45.1,153900.0,76400.0,mixed,bear,-23090.0,-48553.0,-2941.0,35305.0,KOSDAQ,117000,12496,185878,1.4,화장품,False,
048410,현대바이오,,-197.81,94.81,150.5,35.17,,,,-97.85,8.34,-181.61,,,,-76.63,,,,-76.63,-2277.58,,,,-2277.58,1년치 존재,1,,,-26.27,27.1,1590001.0,1314546.0,up,59.9,8250.0,5270.0,up,bull,211482.0,-1235569.0,8979.0,-170150.0,KOSDAQ,7300,7045,1314546,0.8,화장품,False,
476060,온코닉테라퓨틱스,,-623.45,210.56,148.38,533.92,1112.0,1533.0,1973.0,22.31,-47.98,126.19,258.0,483.0,733.0,259.83,108.27,37.86,28.7,259.83,363.01,104.45,87.21,51.76,363.01,4년치 존재,4,,,33.51,8.4,248401.0,157586.0,up,51.0,18030.0,9510.0,up,bear_cross,77048.0,177280.0,6970.0,-74678.0,KOSDAQ,15370,6979,157586,0.6,제약,False,
225570,넥슨게임즈,0.9999,-552.43,1932.72,2560.71,1793.17,,,,120.14,387.34,-602.4,,,,-29.97,,,,-29.97,-255.52,,,,-255.52,1년치 존재,1,,,-20.11,68.21,138705.0,291699.0,down,44.4,11690.0,8100.0,mixed,bear,-31914.0,-565107.0,122965.0,814572.0,KOSDAQ,10510,6922,291699,2.1,게임엔터테인먼트,False,
023160,태광,0.9927,-2775.83,3120.67,2668.1,2969.66,3285.0,4299.5,4477.0,577.24,398.73,387.35,452.5,890.5,766.0,11.3,10.62,30.88,4.13,30.88,-2.85,16.82,96.8,-13.98,96.8,4년치 존재,4,10.79,,19.34,11.68,222581.0,147534.0,down,50.2,28550.0,20050.0,up,bear,-247491.0,-916390.0,8018.0,567727.0,KOSDAQ,26650,6894,147534,0.7,기계,False,
253590,네오셈,1.0,-362.79,1009.31,1052.37,639.37,1257.95,1678.85,2300.0,80.87,164.67,40.55,279.4,389.4,536.0,-39.24,96.75,33.46,37.0,96.75,-75.37,589.03,39.37,37.65,589.03,4년치 존재,4,128.92,,13.22,35.66,923520.0,789190.0,up,70.7,16380.0,6900.0,up,bull,255994.0,211404.0,440178.0,632383.0,KOSDAQ,15700,6887,789190,0.9,반도체와반도체장비,False,
122640,예스티,0.9913,430.58,798.08,1000.95,870.56,1435.0,2431.0,3222.0,-4.11,112.62,37.93,254.0,656.0,1004.0,-13.03,64.84,69.41,32.54,69.41,-66.32,569.65,158.27,53.05,569.65,4년치 존재,4,,,4.62,68.44,367556.0,353083.0,up,53.6,34500.0,17200.0,up,bull,128743.0,125121.0,-148632.0,65355.0,KOSDAQ,31700,6863,353083,1.0,반도체와반도체장비,False,
092870,엑시콘,0.9999,-176.49,822.96,316.11,660.27,1335.67,1982.0,2782.5,14.65,-158.97,0.8,212.67,383.0,673.5,108.87,102.29,48.39,40.39,108.87,100.5,26483.75,80.09,75.85,26483.75,4년치 존재,4,76.29,,11.08,23.6,372506.0,331527.0,up,79.5,54300.0,10960.0,up,bull,152166.0,681823.0,7633.0,98036.0,KOSDAQ,52400,6839,331527,0.9,반도체와반도체장비,False,
042000,카페24,1.0,-1719.73,2710.83,3024.77,3147.64,,,,15.37,319.44,402.27,,,,4.06,,,,4.06,25.93,,,,25.93,1년치 존재,1,13.83,,13.89,56.92,300348.0,386097.0,up,73.7,22850.0,15070.0,up,bull,-318028.0,-312749.0,205275.0,113935.0,KOSDAQ,22350,5404,386097,1.3,IT서비스,False,
456160,지투지바이오,,-1743.1,7.4,7.69,4.23,,,,-131.44,-107.64,-122.02,,,,-44.99,,,,-44.99,-13.36,,,,-13.36,1년치 존재,1,,,-23.68,69.08,216310.0,264507.0,up,68.7,44450.0,22950.0,up,bull,-139791.0,-90315.0,308551.0,155436.0,KOSDAQ,44400,7383,264507,1.2,제약,False,
124500,아이티센글로벌,0.2387,-865.01,28151.45,49618.47,88708.45,103309.0,104090.0,108560.0,305.19,585.65,2799.26,2926.5,3240.0,3400.0,78.78,16.46,0.76,4.29,78.78,377.97,4.55,10.71,4.94,377.97,4년치 존재,4,13.83,,54.7,145.52,251215.0,216907.0,down,42.0,40500.0,18460.0,mixed,bear,61969.0,47294.0,-84943.0,-362629.0,KOSDAQ,27800,6451,216907,0.9,IT서비스,False,
093320,케이아이엔엑스,0.9056,98.98,1226.86,1389.03,1592.44,1762.0,1914.0,2039.0,265.66,237.32,238.83,360.0,392.0,426.0,14.64,10.65,8.63,6.53,14.64,0.64,50.73,8.89,8.67,50.73,4년치 존재,4,37.22,,11.83,36.78,10756.0,6491.0,down,44.3,163000.0,124300.0,down,bear,-2278.0,28552.0,794.0,-21885.0,KOSDAQ,130400,6364,6491,0.6,IT서비스,False,
281740,레이크머티리얼즈,0.9853,1714.88,1177.9,1387.26,1412.34,,,,295.26,221.66,132.71,,,,1.81,,,,1.81,-40.13,,,,-40.13,1년치 존재,1,107.99,,9.74,165.62,411978.0,405546.0,up,60.7,13750.0,9650.0,mixed,bull,-238502.0,-645741.0,93385.0,-344556.0,KOSDAQ,12630,8302,405546,1.0,화학,False,
253450,스튜디오드래곤,1.0,110.4,7531.46,5500.81,5306.85,5874.0,6477.83,6970.0,558.71,363.94,303.59,475.33,585.17,681.0,-3.53,10.69,10.28,7.6,10.69,-16.58,56.57,23.11,16.38,56.57,4년치 존재,4,60.0,,4.04,32.51,40678.0,29857.0,up,42.7,25400.0,19700.0,down,bull_cross,-9799.0,-35253.0,11978.0,-47309.0,KOSDAQ,20600,6192,29857,0.7,방송과엔터테인먼트,False,
219130,타이거일렉,,-151.58,485.7,618.22,806.79,1337.0,1790.0,2535.0,-30.76,-19.17,72.19,287.0,466.0,704.0,30.5,65.72,33.88,41.62,65.72,476.58,297.56,62.37,51.07,476.58,4년치 존재,4,,,17.68,97.44,47358.0,125500.0,up,81.4,98000.0,55500.0,up,bull,-10075.0,16169.0,79992.0,59747.0,KOSDAQ,98000,6188,125500,2.7,반도체와반도체장비,False,
041960,코미팜,0.8926,139.81,426.47,587.79,524.65,,,,-62.73,61.93,19.6,,,,-10.74,,,,-10.74,-68.35,,,,-68.35,1년치 존재,1,,,-3.7,87.59,261604.0,731843.0,up,72.7,10960.0,6680.0,up,bull,323609.0,224011.0,-62184.0,-50426.0,KOSDAQ,10960,8178,731843,2.8,제약,False,
053610,프로텍,1.0,-1301.82,1560.71,1702.89,2305.43,2825.0,3055.0,3210.0,174.33,134.43,463.07,746.0,800.0,855.0,35.38,22.54,8.14,5.07,35.38,244.47,61.1,7.24,6.88,244.47,4년치 존재,4,15.19,,24.51,23.72,37920.0,81015.0,up,64.2,85400.0,48300.0,up,bull,19098.0,6434.0,-34531.0,-36876.0,KOSDAQ,80400,7236,81015,2.1,반도체와반도체장비,False,
046890,서울반도체,0.7649,796.21,10323.81,10904.86,10135.24,11334.0,11976.0,12510.0,-493.52,-108.25,-315.16,148.0,281.0,360.0,-7.06,11.83,5.66,4.46,11.83,-191.14,146.96,89.86,28.11,146.96,4년치 존재,4,,,-0.27,71.63,264692.0,157614.0,up,52.7,11000.0,7380.0,up,bull,258116.0,-107550.0,-360.0,50691.0,KOSDAQ,10380,6052,157614,0.6,디스플레이장비및부품,False,
080580,오킨스전자,0.9976,178.21,568.5,666.8,943.74,1461.0,2411.0,3735.0,-2.63,19.04,110.86,296.5,558.5,872.0,41.53,54.81,65.02,54.91,65.02,482.25,167.45,88.36,56.13,482.25,4년치 존재,4,75.44,,30.44,79.5,449356.0,366921.0,up,70.4,29150.0,8610.0,up,bull,354177.0,319762.0,-64965.0,482949.0,KOSDAQ,27700,5842,366921,0.8,반도체와반도체장비,False,
033100,제룡전기,,-1533.75,1839.41,2627.36,2240.17,,,,701.52,978.45,670.27,,,,-14.74,,,,-14.74,-31.5,,,,-31.5,1년치 존재,1,,,23.98,14.39,73910.0,160566.0,up,56.1,50900.0,36500.0,up,bull,44558.0,191808.0,35496.0,15479.0,KOSDAQ,49000,7871,160566,2.2,전기장비,False,
033640,네패스,0.7294,2104.86,4689.83,4643.32,5214.39,6079.5,7069.0,8110.0,100.69,34.02,237.61,575.0,858.5,1210.0,12.3,16.59,16.28,14.73,16.59,598.44,141.99,49.3,40.94,598.44,4년치 존재,4,42.97,,9.76,177.76,251174.0,253028.0,up,67.6,32800.0,11980.0,up,bull,119102.0,98778.0,87994.0,433052.0,KOSDAQ,30900,7125,253028,1.0,반도체와반도체장비,False,
035760,CJ ENM,1.0,18985.16,43683.61,52313.6,51345.11,52328.67,55894.5,57552.38,-146.0,1044.78,1328.88,1307.58,2084.17,2501.88,-1.85,1.92,6.81,2.97,6.81,27.19,-1.6,59.39,20.04,59.39,4년치 존재,4,26.35,,-0.16,152.53,78527.0,49768.0,down,48.8,39200.0,28850.0,mixed,bear,-40475.0,-150019.0,-10018.0,-56575.0,KOSDAQ,35450,7774,49768,0.6,방송과엔터테인먼트,False,
358570,지아이이노베이션,,-373.18,53.19,0.24,58.38,,,,-533.05,-482.6,-406.55,,,,24225.0,,,,24225.0,15.76,,,,15.76,1년치 존재,1,,,-36.23,9.2,334248.0,192027.0,down,52.0,9450.0,6820.0,up,bull,-22865.0,292180.0,202278.0,-154796.0,KOSDAQ,8870,5723,192027,0.6,생물공학,False,
121600,나노신소재,1.0,-655.77,831.7,877.67,1117.45,1483.0,2219.0,3612.0,118.92,29.88,46.81,183.0,302.0,550.0,27.32,32.71,49.63,62.78,62.78,56.66,290.94,65.03,82.12,290.94,4년치 존재,4,472.48,,6.13,47.85,78851.0,53741.0,up,73.1,64200.0,35350.0,up,bull,-44284.0,-60992.0,138924.0,229808.0,KOSDAQ,63000,7725,53741,0.7,화학,False,
144960,뉴파워프라즈마,0.8596,1686.62,3506.67,5198.36,5779.9,7059.33,8068.0,9158.0,160.89,261.28,286.69,691.67,819.67,921.0,11.19,22.14,14.29,13.51,22.14,9.73,141.26,18.51,12.36,141.26,4년치 존재,4,66.44,,11.91,115.41,1071427.0,1308711.0,up,64.9,13800.0,7800.0,up,bull,251969.0,1165242.0,207084.0,232096.0,KOSDAQ,12960,5663,1308711,1.2,반도체와반도체장비,False,
009520,포스코엠텍,,-390.98,3414.1,3466.28,3574.32,,,,44.88,14.23,10.34,,,,3.12,,,,3.12,-27.34,,,,-27.34,1년치 존재,1,,,13.71,33.8,138372.0,128768.0,up,56.9,13630.0,9180.0,up,bull,80921.0,106990.0,24601.0,12046.0,KOSDAQ,13140,5472,128768,0.9,철강,False,
047920,HLB제약,1.0,8.93,,1370.82,2055.82,,,,,14.74,10.64,,,,49.97,,,,49.97,-27.82,,,,-27.82,1년치 존재,1,119.58,,2.17,36.15,1190912.0,4084391.0,down,67.3,13010.0,5685.0,up,bull,198354.0,255077.0,-416170.0,-948088.0,KOSDAQ,12550,5467,4084391,3.4,제약,False,
399720,가온칩스,1.0,-376.14,635.97,964.92,685.1,,,,43.52,35.25,-167.21,,,,-29.0,,,,-29.0,-574.35,,,,-574.35,1년치 존재,1,,,-8.3,132.79,129197.0,69556.0,up,52.5,57200.0,39350.0,mixed,bull,81922.0,272966.0,6300.0,-315128.0,KOSDAQ,46000,5455,69556,0.5,반도체와반도체장비,False,
059090,미코,0.3936,9044.79,3816.55,5405.05,9770.37,,,,298.99,946.34,1010.04,,,,80.76,,,,80.76,6.73,,,,6.73,1년치 존재,1,25.77,,10.8,259.69,404744.0,250668.0,up,60.5,23950.0,11910.0,up,bull,-190474.0,-82397.0,565664.0,831462.0,KOSDAQ,22750,7602,250668,0.6,반도체와반도체장비,False,
119850,지엔씨에너지,0.997,-816.73,1664.17,2263.16,2626.34,2945.75,3951.25,5011.75,110.23,317.04,493.72,463.0,713.5,1000.0,16.05,12.16,34.13,26.84,34.13,55.73,-6.22,54.1,40.15,55.73,4년치 존재,4,21.0,,20.51,65.81,665971.0,397129.0,down,50.0,56400.0,26400.0,up,bear,214037.0,152422.0,-485572.0,-223159.0,KOSDAQ,51000,8389,397129,0.6,전기장비,False,
222080,SFA넥셀,1.0,-2279.32,3101.64,5085.41,4071.81,,,,389.43,593.46,335.1,,,,-19.93,,,,-19.93,-43.53,,,,-43.53,1년치 존재,1,22.74,,5.83,30.04,456939.0,654824.0,up,58.9,8920.0,5940.0,up,bull,-259197.0,-81326.0,70226.0,-109281.0,KOSDAQ,8400,6534,654824,1.4,전기제품,False,
112040,위메이드,1.0,-1325.67,6052.52,7118.71,6140.4,,,,-1104.41,70.62,106.78,,,,-13.74,,,,-13.74,51.2,,,,51.2,1년치 존재,1,,,16.19,108.18,195922.0,201981.0,up,54.1,19010.0,14160.0,mixed,bull,27313.0,-188903.0,7521.0,53616.0,KOSDAQ,15840,5377,201981,1.0,게임엔터테인먼트,False,
174900,앱클론,,-289.37,28.77,23.4,47.14,,,,-116.45,-155.89,-176.36,,,,101.45,,,,101.45,-13.13,,,,-13.13,1년치 존재,1,,,-40.78,21.54,160488.0,165163.0,up,60.5,34700.0,16820.0,mixed,bull,-282842.0,-314588.0,185695.0,146431.0,KOSDAQ,26800,5347,165163,1.0,생물공학,False,
077360,덕산하이메탈,0.9835,2422.87,1444.53,2358.92,2364.05,3566.6,4421.8,5118.33,-109.66,186.39,28.13,343.4,577.2,775.67,0.22,50.87,23.98,15.75,50.87,-84.91,1120.76,68.08,34.38,1120.76,4년치 존재,4,,,-32.82,99.16,942559.0,809978.0,up,63.3,14500.0,6900.0,up,bull,-129945.0,-929993.0,-122904.0,753424.0,KOSDAQ,13720,6234,809978,0.9,반도체와반도체장비,False,
388720,유일로보틱스,,-93.69,294.54,351.69,369.18,,,,-64.37,3.95,-126.2,,,,4.97,,,,4.97,-3294.94,,,,-3294.94,1년치 존재,1,,,-18.44,23.04,32422.0,18234.0,up,51.9,74100.0,56000.0,up,bull,36289.0,16279.0,-6559.0,-32749.0,KOSDAQ,69500,8188,18234,0.6,기계,False,
024850,HLB이노베이션,,-153.62,205.81,253.56,322.64,390.0,440.0,530.0,-9.38,-118.83,-375.51,-370.0,-330.0,-320.0,27.24,20.88,12.82,20.45,27.24,-216.01,1.47,10.81,3.03,10.81,4년치 존재,4,,,-14.3,20.64,407661.0,340333.0,up,59.1,19680.0,7580.0,up,bull,111707.0,-110200.0,-124013.0,-423602.0,KOSDAQ,17840,6162,340333,0.8,반도체와반도체장비,False,
383310,에코프로에이치엔,1.0,-373.1,2289.46,2345.0,1410.57,2057.0,3060.0,3519.0,417.81,242.26,117.1,336.0,627.0,792.0,-39.85,45.83,48.76,15.0,48.76,-51.66,186.93,86.61,26.32,186.93,4년치 존재,4,39.98,,5.18,46.93,143133.0,130210.0,up,57.9,28000.0,20700.0,mixed,bull,163286.0,42709.0,30575.0,46143.0,KOSDAQ,25200,5286,130210,0.9,상업서비스와공급품,True,2026-10-07
052020,에스티큐브,,-490.76,58.27,112.98,69.84,,,,-260.41,-226.16,-234.73,,,,-38.18,,,,-38.18,-3.79,,,,-3.79,1년치 존재,1,,,-33.41,30.7,162957.0,88665.0,down,47.8,9380.0,6490.0,mixed,bull,-17592.0,-221300.0,-2148.0,-5300.0,KOSDAQ,7730,5255,88665,0.5,판매업체,False,
085660,차바이오텍,,4524.05,9539.51,10450.49,12682.54,,,,-95.67,-596.84,-487.75,,,,21.36,,,,21.36,18.28,,,,18.28,1년치 존재,1,,,3.66,178.44,185881.0,149500.0,up,55.5,10200.0,7780.0,mixed,bull,-101776.0,-575137.0,76000.0,7756.0,KOSDAQ,8560,7958,149500,0.8,건강관리업체및서비스,False,
094170,동운아나텍,,-571.58,1114.87,1382.61,1276.31,1280.0,1401.0,1509.0,251.08,174.68,24.19,15.0,96.0,111.0,-7.69,0.29,9.45,7.71,9.45,-86.15,-37.99,540.0,15.62,540.0,4년치 존재,4,,,33.02,52.89,73327.0,84248.0,down,33.9,35750.0,23350.0,down,bear_cross,42240.0,65428.0,-10.0,-9007.0,KOSDAQ,24950,5217,84248,1.1,반도체와반도체장비,True,2026-09-29
045100,한양이엔지,1.0,-1968.87,10261.67,11862.93,11181.81,,,,851.1,861.92,537.11,,,,-5.74,,,,-5.74,-37.68,,,,-37.68,1년치 존재,1,13.92,,9.73,40.49,82444.0,64361.0,up,56.3,35350.0,26700.0,up,bull,95577.0,192197.0,24795.0,23274.0,KOSDAQ,33200,5810,64361,0.8,반도체와반도체장비,False,
214430,아이쓰리시스템,,-514.69,1215.39,1207.02,1242.76,1461.0,1770.0,1974.0,122.04,147.6,164.58,203.67,263.33,309.5,2.96,17.56,21.15,11.53,21.15,11.5,23.75,29.29,17.53,29.29,4년치 존재,4,,,13.13,39.7,28239.0,24134.0,up,65.5,83800.0,53000.0,up,bull,-33636.0,-58187.0,15356.0,11972.0,KOSDAQ,79000,5773,24134,0.9,우주항공과국방,False,
069540,빛과전자,,-57.55,216.94,181.33,317.7,,,,-93.54,-102.71,-165.31,,,,75.21,,,,75.21,-60.95,,,,-60.95,1년치 존재,1,,,-17.45,24.44,25648681.0,47620986.0,up,76.4,5140.0,1678.0,up,bull,4378897.0,4455115.0,9364.0,-1524.0,KOSDAQ,5120,5770,47620986,1.9,통신장비,False,
348370,엔켐,,2450.6,4246.91,3657.09,3127.94,,,,51.21,-504.03,-783.87,,,,-14.47,,,,-14.47,-55.52,,,,-55.52,1년치 존재,1,,,-30.81,137.56,187088.0,160624.0,up,56.9,27900.0,14790.0,up,bull,92260.0,139347.0,44337.0,-196121.0,KOSDAQ,23050,5050,160624,0.9,전기제품,False,
078350,한양디지텍,1.0,-191.32,4788.38,5951.67,6510.51,,,,190.97,350.43,238.71,,,,9.39,,,,9.39,-31.88,,,,-31.88,1년치 존재,1,37.05,,17.37,86.45,526273.0,369710.0,up,80.8,36400.0,14610.0,up,bull,-107571.0,-118568.0,239527.0,1451066.0,KOSDAQ,36400,5549,369710,0.7,반도체와반도체장비,False,
082270,젬백스,,406.8,722.09,626.92,815.31,,,,-78.68,-383.37,37.93,,,,30.05,,,,30.05,109.89,,,,109.89,1년치 존재,1,,,-21.3,120.67,109827.0,96949.0,down,56.9,13030.0,9190.0,mixed,bull,45269.0,-37197.0,40046.0,-5061.0,KOSDAQ,11090,5044,96949,0.9,반도체와반도체장비,False,
090360,로보스타,1.0,-309.73,1026.79,891.4,757.35,,,,11.36,1.49,-56.61,,,,-15.04,,,,-15.04,-3899.33,,,,-3899.33,1년치 존재,1,,,0.44,29.35,100040.0,55960.0,up,50.9,87100.0,51400.0,up,bull,60756.0,135997.0,5285.0,-88378.0,KOSDAQ,78400,7644,55960,0.6,기계,False,
348340,뉴로메카,,356.17,137.43,252.69,189.54,,,,-148.25,-190.15,-148.57,,,,-24.99,,,,-24.99,21.87,,,,21.87,1년치 존재,1,,,-146.78,148.1,367001.0,358920.0,up,57.1,23600.0,15366.0,up,bull,42854.0,-326939.0,-90622.0,121080.0,KOSDAQ,21200,4963,358920,1.0,기계,False,
089890,코세스,1.0,-264.81,956.51,691.84,823.79,1790.0,2500.0,,80.17,-56.09,173.92,390.0,650.0,,19.07,117.29,39.66,,117.29,410.07,124.24,66.67,,410.07,3년치 존재,3,41.32,,19.18,69.99,210397.0,252055.0,up,61.2,36450.0,16170.0,up,bull,-11587.0,8728.0,9660.0,169580.0,KOSDAQ,32900,5456,252055,1.2,반도체와반도체장비,False,
086900,메디톡스,1.0,766.53,2211.21,2286.22,2472.9,2717.0,3006.67,3323.0,173.22,203.49,170.04,294.0,386.33,522.0,8.17,9.87,10.66,10.52,10.66,-16.44,72.9,31.4,35.12,72.9,4년치 존재,4,29.69,,3.66,50.75,14860.0,9953.0,down,43.8,80900.0,66900.0,down,bull,-3206.0,-50085.0,-1106.0,4567.0,KOSDAQ,67500,4926,9953,0.7,생물공학,False,
060250,NHN KCP,0.9954,-3073.46,9720.16,11053.26,12348.83,15164.25,17078.75,18808.75,419.59,437.82,546.88,604.0,720.25,809.0,11.72,22.8,12.63,10.13,22.8,24.91,10.44,19.25,12.32,24.91,4년치 존재,4,11.92,,18.91,118.03,235418.0,155156.0,down,45.4,16150.0,11240.0,mixed,bear,1818.0,17889.0,-1910.0,-133592.0,KOSDAQ,13450,5402,155156,0.7,IT서비스,False,
376900,로킷헬스케어,0.9984,-133.9,124.18,131.11,262.47,535.0,,,-73.78,-55.72,4.53,-74.0,,,100.19,103.83,,,103.83,108.13,-1733.55,,,108.13,2년치 존재,2,,,-166.42,1509.9,149870.0,115569.0,up,46.1,61400.0,24600.0,down,bull,24680.0,-12700.0,-1239.0,-16102.0,KOSDAQ,27750,4841,115569,0.8,건강관리장비와용품,False,
490470,세미파이브,1.0,-924.55,708.37,1118.13,1209.52,2168.0,3064.0,4348.0,-427.93,-229.27,-533.94,-35.0,358.0,690.0,8.17,79.24,41.33,41.91,79.24,-132.89,93.44,1122.86,92.74,1122.86,4년치 존재,4,,,-22.98,56.54,1864216.0,2129308.0,up,76.2,22150.0,12810.0,up,bull,-739.0,-697338.0,-360167.0,-1595566.0,KOSDAQ,22150,7537,2129308,1.1,반도체와반도체장비,False,
365340,성일하이텍,0.8914,4102.47,2473.68,1362.15,1946.29,3290.0,4191.5,4837.5,-83.38,-713.93,-545.34,189.0,270.5,357.0,42.88,69.04,27.4,15.41,69.04,23.61,134.66,43.12,31.98,134.66,4년치 존재,4,,,-27.06,308.14,33226.0,26544.0,up,55.0,39500.0,24750.0,up,bull,14479.0,-18007.0,-9856.0,-31678.0,KOSDAQ,37400,4832,26544,0.8,전기제품,False,
445680,큐리옥스바이오시스템즈,,-99.84,67.88,45.88,51.52,61.0,,,-105.57,-133.78,-123.14,-122.0,,,12.29,18.4,,,18.4,7.95,0.93,,,7.95,2년치 존재,2,,,-33.53,8.87,69416.0,69502.0,up,61.8,62100.0,34300.0,up,bull,-61427.0,-115139.0,37448.0,60332.0,KOSDAQ,58500,10076,69502,1.0,생명과학도구및서비스,False,
101160,월덱스,1.0,-1961.41,2880.87,3067.91,2917.65,,,,648.29,703.05,585.44,,,,-4.9,,,,-4.9,-16.73,,,,-16.73,1년치 존재,1,12.98,,22.23,22.08,44501.0,36379.0,up,58.9,33150.0,25300.0,up,bull,14447.0,80496.0,21645.0,123990.0,KOSDAQ,32200,5317,36379,0.8,반도체와반도체장비,False,
468530,프로티나,,-186.44,5.78,23.01,29.51,,,,-72.56,-91.21,-113.68,,,,28.25,,,,28.25,-24.64,,,,-24.64,1년치 존재,1,,,-68.13,16.61,146930.0,296850.0,up,54.3,54200.0,15860.0,up,bull,-19661.0,-100109.0,50642.0,321859.0,KOSDAQ,42900,4764,296850,2.0,생물공학,False,
018290,브이티,0.9565,-680.69,2955.01,4316.97,4371.84,5220.67,6088.0,6870.0,455.47,1108.99,828.69,602.67,817.0,1030.0,1.27,19.42,16.61,12.84,19.42,-25.28,-27.27,35.56,26.07,35.56,4년치 존재,4,7.82,,14.73,36.81,181006.0,504237.0,up,68.2,14910.0,10780.0,mixed,bull,138706.0,-219741.0,83575.0,-38015.0,KOSDAQ,13630,4763,504237,2.8,화장품,False,
041830,인바디,1.0,-1370.02,1703.51,2044.65,2339.48,2871.67,3396.83,3946.4,383.48,367.39,367.53,576.17,710.67,855.8,14.42,22.75,18.29,16.18,22.75,0.04,56.77,23.34,20.42,56.77,4년치 존재,4,23.41,,15.2,12.09,71202.0,74199.0,down,40.2,70800.0,46200.0,down,bear,-12985.0,106563.0,-10578.0,-11559.0,KOSDAQ,53200,7172,74199,1.0,건강관리장비와용품,False,
278280,천보,0.9299,2124.06,1826.98,1449.13,1338.5,2042.5,2600.5,3251.0,-80.45,-227.52,37.11,-102.0,223.5,372.5,-7.63,52.6,27.32,25.01,52.6,116.31,-374.86,319.12,66.67,319.12,4년치 존재,4,,,-15.88,88.2,26725.0,17233.0,up,54.9,43200.0,28250.0,up,bull,24822.0,58290.0,5296.0,-54713.0,KOSDAQ,38600,4730,17233,0.6,전기제품,False,
079940,가비아,0.5075,858.45,2615.91,2824.18,3356.81,,,,426.03,351.1,404.86,,,,18.86,,,,18.86,15.31,,,,15.31,1년치 존재,1,33.06,,10.43,68.07,93784.0,12718.0,down,38.9,47550.0,30950.0,down,bear,-6847.0,-1180448.0,-5183.0,1158059.0,KOSDAQ,38900,5221,12718,0.1,IT서비스,False,
056080,유진로봇,,-197.8,192.71,242.08,281.89,,,,-53.41,-26.67,-50.33,,,,16.44,,,,16.44,-88.71,,,,-88.71,1년치 존재,1,,,-24.48,53.99,451942.0,364856.0,up,50.5,14260.0,9370.0,up,bull,857444.0,657273.0,131457.0,618106.0,KOSDAQ,12320,4711,364856,0.8,기계,False,
476830,알지노믹스,,-342.25,1.44,,79.2,,,,-155.22,-128.62,-145.97,,,,,,,,,-13.49,,,,-13.49,1년치 존재,1,,,40.53,10.62,287088.0,386703.0,down,49.5,36900.0,20600.0,mixed,bull,-35069.0,-150325.0,-8946.0,-233030.0,KOSDAQ,27750,7785,386703,1.3,생물공학,False,
033500,동성화인텍,1.0,-499.7,5337.62,5974.1,7421.86,8223.0,8962.0,9606.0,399.54,539.89,725.59,1133.5,1332.0,1565.0,24.23,10.79,8.99,7.19,24.23,34.4,56.22,17.51,17.49,56.22,4년치 존재,4,8.41,,30.95,74.62,77871.0,97709.0,down,38.8,18360.0,14700.0,down,bear,9295.0,-22917.0,-274.0,-181587.0,KOSDAQ,15670,4699,97709,1.3,화학,False,
037460,삼지전자,0.6393,8288.76,25262.08,33596.81,42910.97,,,,783.43,1156.13,1624.48,,,,27.72,,,,27.72,40.51,,,,40.51,1년치 존재,1,6.69,,44.04,152.14,46626.0,38953.0,down,47.3,39600.0,29150.0,mixed,bull,9252.0,33942.0,-3680.0,16704.0,KOSDAQ,31000,5059,38953,0.8,통신장비,False,
034950,한국기업평가,0.8587,-954.91,955.94,1040.57,1097.81,,,,258.4,326.8,343.4,,,,5.5,,,,5.5,5.08,,,,5.08,1년치 존재,1,18.61,,21.72,37.15,721.0,1153.0,up,51.0,105000.0,100500.0,mixed,bear,-592.0,-2360.0,11.0,330.0,KOSDAQ,103400,4695,1153,1.6,상업서비스와공급품,False,
004415,서울식품우,,208.29,647.85,585.89,686.03,,,,5.87,-22.32,-4.6,,,,17.09,,,,17.09,79.39,,,,79.39,1년치 존재,1,,,-3.69,176.71,3874.0,1362.0,down,36.6,7580.0,3790.0,down,bear,-78.0,-164.0,0.0,-323.0,KOSPI,3915,9,1362,0.4,식품,False,
340570,티앤엘,0.9838,-1021.16,1154.61,1748.92,1641.58,1921.67,2239.0,2594.0,308.39,569.57,463.51,719.33,837.0,1015.0,-6.14,17.06,16.51,15.86,17.06,-18.62,55.19,16.36,21.27,55.19,4년치 존재,4,12.05,,24.59,12.94,62903.0,51626.0,down,50.4,33500.0,25456.0,mixed,bull,21762.0,-143399.0,10394.0,178374.0,KOSDAQ,28550,4588,51626,0.8,건강관리장비와용품,False,
099190,아이센스,1.0,988.15,2651.2,2911.38,3154.45,3384.0,3831.0,4294.0,109.29,26.58,78.87,142.5,238.0,325.0,8.35,7.28,13.21,12.09,13.21,196.73,80.68,67.02,36.55,196.73,4년치 존재,4,,,-0.83,64.61,35793.0,25220.0,down,52.9,19140.0,14740.0,mixed,bull,6856.0,-48578.0,15841.0,-21755.0,KOSDAQ,16800,4968,25220,0.7,건강관리장비와용품,False,
368770,파이버프로,0.9864,-49.81,193.86,329.44,434.72,589.0,,,26.17,72.07,101.17,159.0,,,31.96,35.49,,,35.49,40.38,57.16,,,57.16,2년치 존재,2,49.26,,30.11,43.54,202477.0,197211.0,down,57.3,14720.0,9630.0,up,bull,-189633.0,-221721.0,25603.0,37318.0,KOSDAQ,13960,4586,197211,1.0,전자장비와기기,False,
137400,피엔티,0.9003,2517.07,5454.14,10350.43,7448.89,7600.0,9520.0,10770.0,769.24,1639.57,956.48,750.0,1180.0,1400.0,-28.03,2.03,25.26,13.13,25.26,-41.66,-21.59,57.33,18.64,57.33,4년치 존재,4,10.21,,12.3,169.96,119515.0,117448.0,up,58.5,33750.0,25200.0,mixed,bull,1265.0,-135027.0,28044.0,-94639.0,KOSDAQ,32050,7593,117448,1.0,전기제품,False,
376300,디어유,1.0,-1522.22,756.92,748.64,838.35,958.0,1036.73,1100.0,286.26,254.13,313.92,384.82,439.27,492.56,11.98,14.27,8.22,6.1,14.27,23.53,22.59,14.15,12.13,23.53,4년치 존재,4,24.11,,17.73,26.45,66357.0,81263.0,up,58.6,22500.0,16700.0,mixed,bull,-33995.0,-50818.0,34546.0,-55757.0,KOSDAQ,18920,4491,81263,1.2,양방향미디어와서비스,False,
211050,인카금융서비스,1.0,106.39,5568.22,8322.59,10217.69,,,,465.76,862.67,948.44,,,,22.77,,,,22.77,9.94,,,,9.94,1년치 존재,1,6.76,,39.74,357.11,66370.0,39604.0,down,44.8,11310.0,9430.0,down,bear,-50033.0,-107735.0,33579.0,-4501.0,KOSDAQ,9920,4887,39604,0.6,손해보험,False,
078340,컴투스,1.0,516.61,7396.39,6939.43,6964.24,7303.67,7938.56,8314.0,-331.9,61.28,26.34,500.78,771.33,876.5,0.36,4.87,8.69,4.73,8.69,-57.02,1801.21,54.03,13.63,1801.21,4년치 존재,4,12.24,,1.27,48.6,102630.0,40565.0,up,62.0,37600.0,24500.0,up,bull,-60606.0,240993.0,56424.0,28641.0,KOSDAQ,36950,4468,40565,0.4,게임엔터테인먼트,False,
356680,엑스게이트,,-64.63,428.21,432.16,481.36,,,,41.02,34.85,37.53,,,,11.38,,,,11.38,7.69,,,,7.69,1년치 존재,1,,,12.6,40.59,5899928.0,2308743.0,up,62.0,20500.0,8300.0,up,bull,-12568.0,-648849.0,10962.0,13963.0,KOSDAQ,18700,5338,2308743,0.4,소프트웨어,False,
041190,우리기술투자,1.0,,1707.41,1922.51,1628.67,,,,1539.3,1756.84,1380.76,,,,-15.28,,,,-15.28,-21.41,,,,-21.41,1년치 존재,1,4.33,,4.79,,3166042.0,1617343.0,down,53.4,6800.0,3930.0,up,bull,1052220.0,-696259.0,392345.0,121094.0,KOSDAQ,6000,4788,1617343,0.5,창업투자,False,
475830,오름테라퓨틱,1.0,-1557.02,1354.18,209.06,0.24,,,,956.07,-83.35,-517.59,,,,-99.89,,,,-99.89,-520.98,,,,-520.98,1년치 존재,1,,,10.79,56.98,536570.0,248354.0,down,21.5,72500.0,20200.0,down,bear,126550.0,125382.0,-307498.0,-785821.0,KOSDAQ,20200,4394,248354,0.5,제약,False,
272290,이녹스첨단소재,1.0,1004.0,3870.03,4228.09,4396.34,4585.0,6222.0,8293.0,421.62,868.04,819.21,519.0,728.0,1086.0,3.98,4.29,35.7,33.29,35.7,-5.63,-36.65,40.27,49.18,49.18,4년치 존재,4,7.56,,13.12,109.24,83762.0,71852.0,up,56.5,22850.0,17280.0,up,bull,-45773.0,-19835.0,7987.0,-9499.0,KOSDAQ,22000,4386,71852,0.9,디스플레이장비및부품,False,
052400,코나아이,1.0,-2478.78,2802.22,2363.08,3091.64,3478.75,4068.33,4613.67,336.84,334.14,888.99,1098.0,1310.0,1529.33,30.83,12.52,16.95,13.4,30.83,166.05,23.51,19.31,16.74,166.05,4년치 존재,4,7.0,,39.06,109.43,61782.0,38888.0,down,40.3,44900.0,35000.0,mixed,bull,4595.0,-17431.0,-31338.0,-118116.0,KOSDAQ,35850,5221,38888,0.6,IT서비스,False,
200470,에이팩트,,864.87,937.42,867.23,1109.99,,,,-228.8,-215.33,52.67,,,,27.99,,,,27.99,124.46,,,,124.46,1년치 존재,1,,,15.63,212.36,1073275.0,767367.0,up,73.2,10320.0,3880.0,up,bull,345552.0,934278.0,610358.0,1176944.0,KOSDAQ,9970,4369,767367,0.7,반도체와반도체장비,False,
015750,성우하이텍,0.949,12602.2,43219.87,42450.93,43826.7,,,,2567.29,2058.83,2426.83,,,,3.24,,,,3.24,17.87,,,,17.87,1년치 존재,1,2.81,,10.46,147.2,168727.0,111465.0,down,49.5,6270.0,5150.0,mixed,bull,119135.0,120712.0,-16188.0,-46133.0,KOSDAQ,5920,4736,111465,0.7,자동차부품,False,
159010,아스플로,1.0,414.75,868.74,836.1,679.24,,,,63.53,-18.64,-70.15,,,,-18.76,,,,-18.76,-276.34,,,,-276.34,1년치 존재,1,,,13.7,143.66,176484.0,114770.0,up,76.0,32600.0,10940.0,up,bull,-89976.0,-260931.0,100415.0,303436.0,KOSDAQ,32600,4347,114770,0.7,기계,False,
104830,원익머트리얼즈,1.0,92.96,3916.75,3107.15,3224.67,3841.67,4647.0,5590.0,246.9,519.19,564.98,679.0,931.0,1269.5,3.78,19.13,20.96,20.29,20.96,8.82,20.18,37.11,36.36,37.11,4년치 존재,4,10.43,,10.37,22.9,76129.0,112546.0,up,64.5,41950.0,26400.0,up,bull,-117335.0,-265266.0,132506.0,237344.0,KOSDAQ,40300,5081,112546,1.5,화학,False,
417840,저스템,1.0,138.93,359.34,387.01,482.89,1193.3,1555.14,,3.11,-46.09,46.35,355.61,516.47,,24.77,147.12,30.32,,147.12,200.56,667.23,45.23,,667.23,3년치 존재,3,123.86,,19.15,65.3,1057874.0,735545.0,up,67.8,19640.0,7220.0,up,bull,617881.0,1012814.0,-311901.0,-192420.0,KOSDAQ,18730,4298,735545,0.7,반도체와반도체장비,False,
290550,디케이티,1.0,167.24,2802.18,4033.5,4257.76,5366.0,7344.0,,146.87,230.86,215.74,344.5,575.25,,5.56,26.03,36.86,,36.86,-6.55,59.68,66.98,,66.98,3년치 존재,3,20.28,,17.81,75.27,385938.0,287352.0,up,66.1,24500.0,14400.0,up,bull,-137231.0,-575617.0,232479.0,985276.0,KOSDAQ,23500,4700,287352,0.7,핸드셋,False,
187660,페니트리움바이오,,49.44,137.9,97.45,92.73,,,,-19.11,-159.32,-73.76,,,,-4.84,,,,-4.84,53.7,,,,53.7,1년치 존재,1,,,-104.28,48.83,2407162.0,596985.0,up,52.4,8320.0,3350.0,up,bear,-484816.0,-1190497.0,-1299.0,3533.0,KOSDAQ,6680,4273,596985,0.2,제약,False,
098120,마이크로컨텍솔,0.9951,-232.19,648.17,696.64,1003.14,,,,74.29,102.04,177.45,,,,44.0,,,,44.0,73.9,,,,73.9,1년치 존재,1,29.78,,32.24,26.71,174261.0,136498.0,up,70.5,60800.0,17120.0,up,bear,-28306.0,145547.0,75165.0,95830.0,KOSDAQ,60500,5029,136498,0.8,반도체와반도체장비,False,
160190,하이젠알앤엠,0.9936,-375.23,772.47,758.86,735.44,,,,43.36,-3.69,-89.09,,,,-3.09,,,,-3.09,-2314.36,,,,-2314.36,1년치 존재,1,,,-8.51,50.82,435147.0,263362.0,up,74.6,33950.0,12150.0,up,bull,-2980.0,-539844.0,161992.0,759683.0,KOSDAQ,33700,10409,263362,0.6,기계,False,
030520,한컴,1.0,-1085.14,2711.0,3047.73,3267.45,3855.0,4171.6,4409.4,341.5,404.23,363.97,492.8,580.6,631.6,7.21,17.98,8.21,5.7,17.98,-9.96,35.4,17.82,8.78,35.4,4년치 존재,4,12.37,,10.45,45.19,139896.0,147309.0,up,51.9,19100.0,15170.0,mixed,bull,-152820.0,-216758.0,12322.0,-32062.0,KOSDAQ,17580,4251,147309,1.1,소프트웨어,False,
336570,원텍,1.0,-858.24,1156.29,1152.55,1568.38,1888.5,2182.0,2615.0,460.37,347.9,516.85,477.5,559.0,675.0,36.08,20.41,15.54,19.84,36.08,48.56,-7.61,17.07,20.75,48.56,4년치 존재,4,12.88,,24.85,61.12,388596.0,382959.0,up,53.8,5740.0,4380.0,mixed,bull,244763.0,139793.0,10121.0,292337.0,KOSDAQ,5080,4535,382959,1.0,건강관리장비와용품,False,
025900,동화기업,,10010.7,9632.23,8428.23,8295.62,9449.0,10762.0,12040.0,-165.72,75.37,-137.95,-11.0,85.0,380.0,-1.57,13.9,13.9,11.88,13.9,-283.03,92.03,872.73,347.06,872.73,4년치 존재,4,,,-4.85,165.22,64285.0,61135.0,up,54.8,8100.0,5000.0,up,bull,44722.0,49010.0,549.0,-31648.0,KOSDAQ,7340,3711,61135,1.0,건축자재,True,2026-09-30
036810,에프에스티,0.971,2291.71,1976.09,2374.08,2802.63,3363.0,3915.0,4307.0,-107.82,22.87,-5.47,277.0,427.0,586.0,18.05,19.99,16.41,10.01,19.99,-123.92,5163.99,54.15,37.24,5163.99,4년치 존재,4,,,-1.79,111.63,134484.0,127157.0,up,65.4,35950.0,15390.0,up,bull,-76361.0,-126854.0,147902.0,241546.0,KOSDAQ,34000,7361,127157,0.9,반도체와반도체장비,False,
052710,아모텍,1.0,1026.78,1868.14,2294.45,2537.65,2643.5,3361.0,4450.0,-259.73,-239.01,55.05,80.0,316.5,520.0,10.6,4.17,27.14,32.4,32.4,123.03,45.32,295.62,64.3,295.62,4년치 존재,4,50.95,,-2.21,128.97,1211494.0,673380.0,up,69.5,22700.0,9492.0,up,bull,-272809.0,-1170165.0,348063.0,729017.0,KOSDAQ,21600,4035,673380,0.6,핸드셋,False,
025980,아난티,0.4757,5657.45,8972.97,2851.59,2580.71,,,,2670.48,8.0,83.16,,,,-9.5,,,,-9.5,939.5,,,,939.5,1년치 존재,1,,,-4.31,115.97,1643226.0,685661.0,down,48.2,5710.0,3345.0,mixed,bear,510492.0,267646.0,69284.0,-65524.0,KOSDAQ,4950,4816,685661,0.4,"호텔,레스토랑,레저",False,
372320,큐로셀,,-223.46,,,,,,,-311.3,-366.24,-362.9,,,,,,,,,0.91,,,,0.91,1년치 존재,1,,,-106.15,126.98,31124.0,206383.0,up,69.7,27750.0,20850.0,mixed,bull,-14558.0,-52361.0,-174.0,-20143.0,KOSDAQ,26150,3982,206383,6.6,생물공학,False,
050890,쏠리드,1.0,57.03,3213.65,3310.68,2948.3,3352.0,3798.0,4436.0,362.68,351.4,332.83,361.0,454.0,634.0,-10.95,13.69,13.31,16.8,16.8,-5.28,8.46,25.76,39.65,39.65,4년치 존재,4,16.64,,15.73,59.98,1676181.0,1245734.0,up,56.3,10690.0,7410.0,up,bull,-513367.0,-2758906.0,98824.0,320202.0,KOSDAQ,9980,6064,1245734,0.7,통신장비,False,
241770,메카로,1.0,-553.22,385.86,628.58,946.14,,,,-76.23,41.18,153.6,,,,50.52,,,,50.52,273.0,,,,273.0,1년치 존재,1,31.51,,7.33,8.7,19655.0,12136.0,up,47.5,42350.0,30050.0,up,bear_cross,3446.0,65159.0,-4361.0,-3169.0,KOSDAQ,39000,3975,12136,0.6,반도체와반도체장비,False,
215200,메가스터디교육,0.9548,-15.02,9352.25,9422.49,8849.45,8989.5,9177.0,9369.5,1274.41,1236.24,1210.2,1197.0,1230.5,1261.0,-6.08,1.58,2.09,2.1,2.1,-2.11,-1.09,2.8,2.48,2.8,4년치 존재,4,4.64,,17.33,81.18,33834.0,25344.0,up,65.7,41650.0,34150.0,mixed,bull,19889.0,2965.0,31349.0,96358.0,KOSDAQ,38150,3954,25344,0.7,교육서비스,False,
078160,메디포스트,1.0,-333.15,686.43,706.57,736.57,,,,-251.31,-485.44,-679.84,,,,4.25,,,,4.25,-40.05,,,,-40.05,1년치 존재,1,,,-9.6,104.21,45002.0,64673.0,up,64.8,10400.0,7520.0,up,bull,44796.0,48827.0,17519.0,7515.0,KOSDAQ,10070,3948,64673,1.4,생물공학,False,
067630,HLB생명과학,0.9889,1490.9,979.9,327.71,457.52,,,,-245.33,-237.64,-220.27,,,,39.61,,,,39.61,7.31,,,,7.31,1년치 존재,1,,,-11.11,65.83,1121372.0,498339.0,up,69.1,4470.0,1640.0,up,bull,304276.0,193491.0,9116.0,-72189.0,KOSDAQ,4185,5102,498339,0.4,건강관리장비와용품,False,
348210,넥스틴,0.9898,603.27,879.31,1137.2,669.14,826.67,1187.0,1503.0,361.66,469.75,-11.61,66.67,281.33,455.33,-41.16,23.54,43.59,26.62,43.59,-102.47,674.25,321.97,61.85,674.25,4년치 존재,4,,,-3.32,76.13,94437.0,74772.0,up,58.5,41200.0,25300.0,up,bull,-90857.0,239781.0,5116.0,-392958.0,KOSDAQ,37600,3939,74772,0.8,반도체와반도체장비,False,
089010,켐트로닉스,0.9886,3817.36,5422.57,5752.22,6374.86,7820.0,8610.0,9320.0,191.15,373.2,232.01,440.0,590.0,840.0,10.82,22.67,10.1,8.25,22.67,-37.83,89.65,34.09,42.37,89.65,4년치 존재,4,45.87,,4.27,213.36,163024.0,239156.0,up,67.7,29400.0,16700.0,up,bull,6819.0,-128074.0,39705.0,12202.0,KOSDAQ,28050,4704,239156,1.5,전자장비와기기,False,
138080,오이솔루션,1.0,99.16,460.03,320.27,573.77,791.67,1150.33,1731.67,-310.81,-303.58,-159.99,8.67,159.0,408.67,79.15,37.98,45.3,50.54,79.15,47.3,105.42,1733.91,157.03,1733.91,4년치 존재,4,,,-24.31,52.63,498111.0,265766.0,up,66.2,33400.0,13300.0,up,bull,147402.0,-84033.0,119181.0,356930.0,KOSDAQ,31600,3911,265766,0.5,통신장비,False,
053800,안랩,1.0,-2977.41,2392.01,2605.69,2676.57,,,,264.23,276.82,332.77,,,,2.72,,,,2.72,20.21,,,,20.21,1년치 존재,1,15.74,,13.4,37.29,129960.0,249607.0,up,60.6,90200.0,52000.0,up,bull,-90957.0,71765.0,14912.0,200630.0,KOSDAQ,76800,8545,249607,1.9,소프트웨어,False,
092730,네오팜,1.0,-1398.24,971.05,1190.14,1321.84,1584.0,,,253.07,246.53,287.75,341.0,,,11.07,19.83,,,19.83,16.72,18.51,,,18.51,2년치 존재,2,14.0,,14.95,11.49,55255.0,78027.0,down,59.1,25450.0,18550.0,up,bull_cross,-18596.0,-165796.0,29466.0,205533.0,KOSDAQ,24300,3895,78027,1.4,화장품,False,
200710,에이디테크놀로지,0.9879,101.24,1001.72,1065.45,1645.12,2378.0,3052.0,3492.0,-174.07,-169.54,28.53,95.0,307.0,349.0,54.41,44.55,28.34,14.42,54.41,116.83,232.98,223.16,13.68,232.98,4년치 존재,4,105.24,,1.5,133.29,93245.0,88501.0,up,56.4,35450.0,21750.0,mixed,bull,14286.0,76275.0,9024.0,-30039.0,KOSDAQ,28200,3796,88501,0.9,반도체와반도체장비,False,
107640,한중엔시에스,0.7127,1049.81,1215.51,1772.58,1752.65,2276.5,3755.0,4645.0,-126.73,95.74,40.26,-22.0,185.5,415.0,-1.12,29.89,64.95,23.7,64.95,-57.95,-154.64,943.18,123.72,943.18,4년치 존재,4,104.44,,3.74,203.42,100679.0,282400.0,up,69.9,46950.0,24650.0,up,bull,95994.0,23254.0,75209.0,271879.0,KOSDAQ,46950,4256,282400,2.8,전기장비,False,
477850,마키나락스,1.0,-438.61,52.06,82.94,114.59,232.0,434.0,,-111.58,-108.97,-80.41,-5.0,128.0,,38.16,102.46,87.07,,102.46,26.21,93.78,2660.0,,2660.0,3년치 존재,3,,,-160.84,11.98,451825.0,394900.0,up,43.2,32850.0,19500.0,mixed,bull,31752.0,128519.0,36651.0,14024.0,KOSDAQ,21300,3782,394900,0.9,소프트웨어,False,
236200,슈프리마,1.0,-1306.12,946.3,1082.32,1373.02,1577.0,1779.0,2069.0,166.61,232.85,327.45,395.0,452.0,535.0,26.86,14.86,12.81,16.3,26.86,40.63,20.63,14.43,18.36,40.63,4년치 존재,4,11.67,,19.3,9.49,27298.0,46673.0,up,49.7,63700.0,45000.0,up,bull,-27583.0,38120.0,7921.0,7433.0,KOSDAQ,54200,3780,46673,1.7,전자장비와기기,False,
114810,한솔아이원스,0.9727,-39.84,1239.33,1571.38,1988.3,2333.0,2786.0,,82.17,230.66,333.17,427.0,613.0,,26.53,17.34,19.42,,26.53,44.44,28.16,43.56,,44.44,3년치 존재,3,14.44,,10.05,21.29,216646.0,177642.0,up,57.5,15620.0,7250.0,up,bull,18648.0,17151.0,-19560.0,-215435.0,KOSDAQ,14590,4106,177642,0.8,반도체와반도체장비,False,
036800,나이스정보통신,0.9629,-2043.91,8916.29,9751.37,10946.84,13796.0,16634.0,18254.67,367.34,398.75,552.93,758.67,968.67,1076.67,12.26,26.03,20.57,9.74,26.03,38.67,37.21,27.68,11.15,38.67,4년치 존재,4,8.72,,14.72,179.15,136895.0,79607.0,up,61.4,8480.0,5510.0,up,bull,24663.0,145604.0,10402.0,213494.0,KOSDAQ,8220,3740,79607,0.6,상업서비스와공급품,False,
013030,하이록코리아,0.9905,-2230.76,1888.39,1905.12,2145.66,2362.0,2483.0,2622.0,518.92,501.31,589.11,667.0,745.0,774.0,12.63,10.08,5.12,5.6,12.63,17.51,13.22,11.69,3.89,17.51,4년치 존재,4,8.14,,12.83,7.9,31772.0,13891.0,up,47.0,38000.0,29250.0,up,bear,-17910.0,17518.0,-2214.0,77696.0,KOSDAQ,34800,4095,13891,0.4,기계,True,2026-08-26
460930,현대힘스,1.0,-50.57,1891.88,2231.64,2482.04,,,,144.64,215.49,287.64,,,,11.22,,,,11.22,33.48,,,,33.48,1년치 존재,1,21.19,,9.85,26.85,108319.0,71530.0,up,42.5,15950.0,10800.0,down,bear_cross,62195.0,102488.0,-334.0,30.0,KOSDAQ,12770,4535,71530,0.7,조선,False,
456010,아이씨티케이,1.0,-442.16,61.88,66.84,40.2,135.0,449.0,493.0,-23.65,-66.86,-88.64,-70.0,12.0,36.0,-39.86,235.82,232.59,9.8,235.82,-32.58,21.03,117.14,200.0,200.0,4년치 존재,4,,,-34.09,47.56,1236619.0,1023748.0,up,60.6,28500.0,11090.0,up,bull,88567.0,-409462.0,5833.0,-43276.0,KOSDAQ,24850,3604,1023748,0.8,통신장비,False,
003800,에이스침대,1.0,-1872.33,3064.15,3259.92,3172.67,,,,570.3,662.35,540.91,,,,-2.68,,,,-2.68,-18.33,,,,-18.33,1년치 존재,1,6.42,,8.22,9.39,1612.0,2101.0,down,46.9,33350.0,31650.0,down,bear,-2078.0,-7212.0,4.0,13.0,KOSDAQ,32400,3593,2101,1.3,가구,False,
035890,서희건설,1.0,-4931.72,14419.08,14736.06,11001.3,9170.0,11230.0,12690.0,2282.15,2357.43,1443.89,990.0,1450.0,1690.0,-25.34,-16.65,22.46,13.0,22.46,-38.75,-31.44,46.46,16.55,46.46,4년치 존재,4,3.65,,21.74,47.3,238528.0,177507.0,down,38.2,2440.0,1910.0,mixed,bear,62014.0,156253.0,-21067.0,53432.0,KOSDAQ,2145,4453,177507,0.7,건설,False,
101730,위메이드맥스,1.0,-732.87,697.64,749.91,1488.4,,,,37.64,-80.94,-487.45,,,,98.48,,,,98.48,-502.24,,,,-502.24,1년치 존재,1,,,-9.78,24.59,826595.0,4656881.0,up,64.6,5310.0,3005.0,up,bull_cross,38930.0,-13522.0,23026.0,-18165.0,KOSDAQ,5310,4450,4656881,5.6,게임엔터테인먼트,False,
332570,PS일렉트로닉스,0.9952,-511.43,681.49,1221.3,1254.77,3178.0,4484.0,5593.0,64.24,107.71,39.09,308.0,473.0,631.0,2.74,153.27,41.1,24.73,153.27,-63.71,687.93,53.57,33.4,687.93,4년치 존재,4,23.03,,28.29,141.64,2497192.0,1337429.0,down,50.8,11160.0,5120.0,up,bull,303458.0,853960.0,-229352.0,359003.0,KOSDAQ,8640,3969,1337429,0.5,핸드셋,False,
060280,큐렉소,1.0,-245.41,,555.31,745.32,807.0,,,,-58.22,23.62,31.0,,,34.22,8.28,,,34.22,140.57,31.24,,,140.57,2년치 존재,2,128.37,,5.67,10.48,199124.0,242882.0,up,54.8,9670.0,7260.0,mixed,bull,-41413.0,-292154.0,-10445.0,-78734.0,KOSDAQ,8620,3557,242882,1.2,건강관리장비와용품,False,
125490,한라캐스트,0.9961,797.46,1219.8,1444.42,1558.82,2045.0,2505.0,2600.0,147.6,122.75,102.93,142.67,215.0,230.0,7.92,31.19,22.49,3.79,31.19,-16.15,38.61,50.7,6.98,50.7,4년치 존재,4,129.52,,6.76,123.71,2018972.0,1089556.0,up,60.4,13790.0,6160.0,up,bull,393053.0,14534.0,168496.0,324212.0,KOSDAQ,12980,4738,1089556,0.5,자동차부품,False,
006910,보성파워텍,,-533.29,784.95,770.62,1474.86,,,,33.49,48.24,268.06,,,,91.39,,,,91.39,455.68,,,,455.68,1년치 존재,1,,,15.63,14.49,1159908.0,865479.0,up,48.6,7910.0,4935.0,mixed,bear,75737.0,-735201.0,-13.0,-20239.0,KOSDAQ,7220,3547,865479,0.7,전기장비,False,
110990,디아이티,1.0,-1948.76,1070.61,1166.55,1079.1,,,,86.44,240.89,230.62,,,,-7.5,,,,-7.5,-4.26,,,,-4.26,1년치 존재,1,11.55,,18.41,15.32,75839.0,68201.0,up,59.4,19500.0,12750.0,up,bull,-83491.0,12104.0,857.0,-24834.0,KOSDAQ,18560,3508,68201,0.9,반도체와반도체장비,False,
393890,더블유씨피,1.0,8853.52,3049.86,3220.73,1108.13,2426.0,3788.0,5999.0,463.91,-709.38,-1276.43,-443.0,206.0,643.0,-65.59,118.93,56.14,58.37,118.93,-79.94,65.29,146.5,212.14,212.14,4년치 존재,4,,,-16.11,116.62,238048.0,297041.0,up,53.7,10960.0,5790.0,up,bull,36657.0,69281.0,-60609.0,-160094.0,KOSDAQ,10310,3489,297041,1.2,전기제품,True,2026-08-26
095660,네오위즈,1.0,-2864.96,3655.94,3668.13,4327.26,4164.8,4787.2,5303.75,315.93,329.2,599.8,332.6,482.0,639.0,17.97,-3.75,14.94,10.79,17.97,82.2,-44.55,44.92,32.57,82.2,4년치 존재,4,7.85,,11.99,16.35,37313.0,29062.0,up,52.3,19640.0,17010.0,mixed,bull,-60060.0,-118246.0,38666.0,54590.0,KOSDAQ,18120,3921,29062,0.8,게임엔터테인먼트,False,
036620,감성코퍼레이션,,-119.75,1779.49,2203.97,2501.95,2890.0,3410.0,3820.0,322.43,360.53,446.31,530.0,660.0,770.0,13.52,15.51,17.99,12.02,17.99,23.79,18.75,24.53,16.67,24.53,4년치 존재,4,,,31.61,28.48,197339.0,196910.0,up,52.2,4690.0,3655.0,down,bull,36599.0,76847.0,10517.0,-412393.0,KOSDAQ,3840,3451,196910,1.0,"섬유,의류,신발,호화품",False,
455900,엔젤로보틱스,,-236.9,51.46,42.11,46.41,,,,-64.97,-108.42,-102.76,,,,10.21,,,,10.21,5.22,,,,5.22,1년치 존재,1,,,-26.33,17.06,46585.0,47372.0,up,58.2,23100.0,15140.0,up,bull,26346.0,16796.0,14030.0,97766.0,KOSDAQ,22250,3425,47372,1.0,건강관리장비와용품,False,
064260,다날,1.0,1643.99,2954.68,2609.37,2253.77,,,,34.98,13.93,23.12,,,,-13.63,,,,-13.63,65.97,,,,65.97,1년치 존재,1,,,-17.21,134.83,1057770.0,500110.0,down,44.9,5550.0,3900.0,down,bull,439909.0,-130538.0,5072.0,-137024.0,KOSDAQ,4480,3389,500110,0.5,IT서비스,False,
475960,토모큐브,1.0,-274.52,37.47,59.39,113.07,200.0,346.0,660.0,-67.33,-87.8,-55.69,-22.0,18.0,195.0,90.39,76.88,73.0,90.75,90.75,36.57,60.5,181.82,983.33,983.33,4년치 존재,4,,,-6.42,9.53,41761.0,66040.0,up,60.2,39100.0,26600.0,mixed,bull,22839.0,58875.0,34294.0,33185.0,KOSDAQ,34450,4643,66040,1.6,생명과학도구및서비스,False,
093520,매커스,0.9974,-494.09,1754.14,1995.79,2272.42,2851.0,2851.0,3126.0,263.5,268.88,290.95,423.0,423.0,471.0,13.86,25.46,0.0,9.65,25.46,8.21,45.39,0.0,11.35,45.39,4년치 존재,4,14.59,,23.5,133.0,17249.0,17655.0,up,55.4,29750.0,16300.0,up,bear_cross,18250.0,34242.0,16605.0,43327.0,KOSDAQ,28250,3362,17655,1.0,반도체와반도체장비,False,
039440,에스티아이,1.0,-696.61,3194.63,3340.22,3280.59,,,,239.46,272.87,197.19,,,,-1.79,,,,-1.79,-27.73,,,,-27.73,1년치 존재,1,24.29,,6.97,18.53,107827.0,193413.0,up,59.8,26850.0,17980.0,mixed,bull,-74764.0,-80203.0,77297.0,90118.0,KOSDAQ,24150,3745,193413,1.8,반도체와반도체장비,False,
482630,삼양엔씨켐,,-93.84,986.03,1105.16,1253.86,1599.5,1896.0,2088.5,73.68,107.48,176.32,242.5,326.0,382.0,13.46,27.57,18.54,10.15,27.57,64.05,37.53,34.43,17.18,64.05,4년치 존재,4,,,16.81,19.28,179953.0,162879.0,up,61.2,15700.0,9370.0,up,bull,-29719.0,-21840.0,115991.0,123950.0,KOSDAQ,15110,3307,162879,0.9,반도체와반도체장비,False,
033160,엠케이전자,0.7114,11783.65,11169.75,11706.0,14038.23,19903.0,28376.5,36760.0,464.51,560.76,141.86,1139.33,1744.0,2095.0,19.92,41.78,42.57,29.54,42.57,-74.7,703.14,53.07,20.13,703.14,4년치 존재,4,369.17,,5.65,152.08,1005091.0,1846426.0,up,71.9,20000.0,11150.0,up,bull,-670949.0,-324136.0,68982.0,-296568.0,KOSDAQ,19990,4910,1846426,1.8,반도체와반도체장비,False,
448900,한국피아이엠,1.0,105.08,379.63,374.47,369.31,,,,42.72,36.07,14.56,,,,-1.38,,,,-1.38,-59.63,,,,-59.63,1년치 존재,1,,,3.81,65.83,61832.0,35397.0,down,50.7,72600.0,40050.0,mixed,bull,6604.0,-22617.0,18188.0,77315.0,KOSDAQ,54400,3305,35397,0.6,자동차부품,False,
025320,시노펙스,1.0,17.75,2621.73,2383.39,2615.38,2623.0,2915.0,3254.0,241.77,212.29,67.59,85.0,111.0,155.0,9.73,0.29,11.13,11.63,11.63,-68.16,25.76,30.59,39.64,39.64,4년치 존재,4,49.59,,-0.02,53.5,294796.0,191233.0,up,53.9,4650.0,3125.0,mixed,bull,242266.0,672024.0,75926.0,-170054.0,KOSDAQ,3965,3657,191233,0.6,핸드셋,True,2026-08-26
389470,인벤티지랩,,-809.46,,17.83,29.39,,,,,-189.64,-283.81,,,,64.83,,,,64.83,-49.66,,,,-49.66,1년치 존재,1,,,-4.84,74.77,114574.0,402634.0,up,60.5,36850.0,24050.0,mixed,bull,-41622.0,-59620.0,124832.0,-128467.0,KOSDAQ,29950,3986,402634,3.5,제약,False,
215600,신라젠,,-659.39,39.4,39.27,92.25,,,,-213.46,-267.68,-255.88,,,,134.91,,,,134.91,4.41,,,,4.41,1년치 존재,1,,,-21.5,6.61,648779.0,595932.0,up,54.7,2960.0,1844.0,up,bull,146610.0,-414960.0,-1.0,-186445.0,KOSDAQ,2380,3298,595932,0.9,제약,False,
061970,LB세미콘,,2441.72,4168.71,4508.65,4797.82,,,,-127.05,-188.23,-398.0,,,,6.41,,,,6.41,-111.44,,,,-111.44,1년치 존재,1,,,-38.83,132.02,353710.0,300937.0,down,57.9,5930.0,2970.0,up,bull,52868.0,107771.0,-57527.0,-147397.0,KOSDAQ,4675,3276,300937,0.9,반도체와반도체장비,False,
078020,LS증권,1.0,,13222.08,16536.73,22953.4,,,,331.93,218.08,222.21,,,,38.8,,,,38.8,1.89,,,,1.89,1년치 존재,1,15.59,,6.93,1466.13,36556.0,25383.0,up,44.2,6900.0,5760.0,mixed,bear,-19906.0,-980.0,-853.0,-4448.0,KOSDAQ,6450,3579,25383,0.7,증권,False,
027360,아주IB투자,1.0,,737.91,656.08,507.49,,,,177.29,83.85,118.86,,,,-22.65,,,,-22.65,41.75,,,,41.75,1년치 존재,1,52.64,,14.89,,3822486.0,2712751.0,up,47.7,4585.0,2560.0,up,bull,-482427.0,-2565209.0,17065.0,35057.0,KOSDAQ,3615,4379,2712751,0.7,창업투자,False,
079370,제우스,0.9712,-12.47,4028.71,4907.86,3833.08,,,,71.45,491.72,-44.65,,,,-21.9,,,,-21.9,-109.08,,,,-109.08,1년치 존재,1,,,-3.47,66.16,520931.0,297307.0,up,68.9,14560.0,6970.0,up,bull,-76017.0,-316666.0,5114.0,404036.0,KOSDAQ,14090,4370,297307,0.6,반도체와반도체장비,False,
042520,한스바이오메드,1.0,225.21,780.32,811.37,897.8,1399.0,1731.0,1961.0,-41.55,6.26,-258.91,155.0,274.0,349.0,10.65,55.83,23.73,13.29,55.83,-4235.94,159.87,76.77,27.37,159.87,4년치 존재,4,,,-27.94,94.29,113216.0,113619.0,up,61.6,25650.0,17010.0,mixed,bull,1816.0,-40625.0,106414.0,187868.0,KOSDAQ,22300,3180,113619,1.0,건강관리장비와용품,False,
168360,펨트론,1.0,62.46,737.16,570.05,698.62,1019.0,1257.0,1425.0,80.62,-36.23,31.84,203.0,336.0,426.0,22.55,45.86,23.36,13.37,45.86,187.88,537.56,65.52,26.79,537.56,4년치 존재,4,,,0.35,137.0,139322.0,192483.0,up,60.8,16820.0,9220.0,up,bull,-328874.0,-233671.0,-8503.0,-8844.0,KOSDAQ,15700,3516,192483,1.4,전자장비와기기,False,
486990,노타,,-102.29,35.81,84.37,131.01,280.0,340.0,370.0,-113.24,-120.19,-152.79,-40.0,20.0,60.0,55.28,113.72,21.43,8.82,113.72,-27.12,73.82,150.0,200.0,200.0,4년치 존재,4,,,-132.79,87.82,394192.0,171287.0,up,55.1,22550.0,15680.0,mixed,bull,75840.0,-15138.0,-20920.0,-658817.0,KOSDAQ,20200,4321,171287,0.4,IT서비스,True,2026-09-14
170920,엘티씨,0.489,-460.06,1133.59,2769.73,3103.85,4585.5,6687.5,8598.0,-160.45,241.84,296.29,733.5,1174.0,1545.0,12.06,47.74,45.84,28.57,47.74,22.51,147.56,60.05,31.6,147.56,4년치 존재,4,89.32,,16.48,55.37,201319.0,238128.0,up,56.1,56500.0,26600.0,mixed,bull,91442.0,206946.0,-64765.0,-200013.0,KOSDAQ,40700,4300,238128,1.2,반도체와반도체장비,False,
234340,헥토파이낸셜,1.0,-2716.88,1530.76,1593.08,1874.36,2222.67,2506.5,2807.5,125.71,132.93,155.78,260.0,303.5,367.5,17.66,18.58,12.77,12.01,18.58,17.19,66.9,16.73,21.09,66.9,4년치 존재,4,33.89,,8.73,187.54,501758.0,205500.0,down,51.7,25250.0,15110.0,up,bull,-22964.0,-48740.0,83429.0,-14185.0,KOSDAQ,22500,3143,205500,0.4,IT서비스,False,
018000,유니슨,,1036.33,1077.39,257.33,402.68,,,,-195.7,-125.12,-95.33,,,,56.48,,,,56.48,23.81,,,,23.81,1년치 존재,1,,,-30.27,171.33,1439364.0,920274.0,down,51.5,1282.0,697.0,mixed,bear,741990.0,1037166.0,2994.0,-14894.0,KOSDAQ,1174,3427,920274,0.6,에너지장비및서비스,False,
488900,비츠로넥스텍,,-79.3,455.23,303.76,367.91,,,,-79.04,-140.65,-73.64,,,,21.12,,,,21.12,47.64,,,,47.64,1년치 존재,1,,,-13.92,121.62,174066.0,490469.0,up,51.6,12150.0,6860.0,up,bull,-3325.0,18974.0,-16148.0,-46710.0,KOSDAQ,10680,3095,490469,2.8,우주항공과국방,False,
019210,와이지-원,0.9983,6598.94,5531.82,5749.9,6393.83,8890.0,,,546.86,558.16,665.28,1910.0,,,11.2,39.04,,,39.04,19.19,187.1,,,187.1,2년치 존재,2,18.3,,16.84,197.65,479728.0,444908.0,down,39.7,23900.0,12180.0,down,bull,296911.0,321108.0,-40820.0,-229138.0,KOSDAQ,12440,4627,444908,0.9,기계,False,
086390,유니테스트,0.8805,199.93,1677.69,924.34,1101.95,1922.3,3090.55,4002.0,71.43,-234.39,-210.89,218.7,459.8,660.0,19.21,74.45,60.77,29.49,74.45,10.03,203.7,110.24,43.54,203.7,4년치 존재,4,,,-3.71,94.73,211750.0,305931.0,up,64.6,15500.0,6580.0,up,bull,37936.0,43963.0,-36308.0,12470.0,KOSDAQ,14450,3054,305931,1.4,반도체와반도체장비,False,
084110,휴온스글로벌,0.3525,1112.43,7583.8,8134.61,8474.53,,,,1139.5,969.91,905.52,,,,4.18,,,,4.18,-6.64,,,,-6.64,1년치 존재,1,10.45,,4.16,41.41,31242.0,26776.0,up,55.0,30900.0,20600.0,mixed,bull,7636.0,-67675.0,4203.0,-7138.0,KOSDAQ,23800,3013,26776,0.9,제약,False,
265520,AP시스템,1.0,-929.12,5335.79,5166.98,4601.45,,,,601.21,471.9,333.28,,,,-10.95,,,,-10.95,-29.37,,,,-29.37,1년치 존재,1,12.64,,14.76,82.64,42769.0,30743.0,up,55.6,21200.0,16020.0,mixed,bull,-29170.0,-52078.0,-2095.0,-22427.0,KOSDAQ,19970,3006,30743,0.7,디스플레이장비및부품,False,
067160,SOOP,0.9795,-4802.39,3440.16,4131.78,4665.7,4468.25,4582.5,4907.33,903.09,1135.06,1248.4,908.25,964.5,1093.0,12.92,-4.23,2.56,7.09,12.92,9.99,-27.25,6.19,13.32,13.32,4년치 존재,4,4.0,,20.13,69.18,31719.0,21214.0,down,36.6,49750.0,36200.0,down,bull,-3260.0,-9388.0,-7893.0,-57630.0,KOSDAQ,36400,4073,21214,0.7,양방향미디어와서비스,False,
160980,싸이맥스,1.0,-1026.16,1566.27,1650.58,1644.05,2320.0,2780.0,3150.0,71.13,234.05,233.46,359.0,457.0,536.0,-0.4,41.11,19.83,13.31,41.11,-0.25,53.77,27.3,17.29,53.77,4년치 존재,4,19.89,,8.71,26.22,125628.0,150614.0,up,52.4,41000.0,21400.0,mixed,bull,13953.0,147813.0,-44120.0,-234638.0,KOSDAQ,27200,2971,150614,1.2,반도체와반도체장비,False,
117730,티로보틱스,,-45.76,667.17,607.05,438.13,,,,-82.1,-70.02,-119.08,,,,-27.83,,,,-27.83,-70.07,,,,-70.07,1년치 존재,1,,,-63.12,60.58,135286.0,71942.0,up,58.5,15240.0,10980.0,up,bull,89202.0,100854.0,-521.0,-17647.0,KOSDAQ,14640,3302,71942,0.5,기계,False,
425040,티이엠씨,0.9014,485.91,2007.83,3102.35,2797.08,,,,211.2,197.01,248.38,,,,-9.84,,,,-9.84,26.07,,,,26.07,1년치 존재,1,20.68,,9.13,55.84,1147566.0,907418.0,up,78.2,15460.0,6600.0,up,bull,-73700.0,-1227292.0,-14112.0,161165.0,KOSDAQ,15050,3299,907418,0.8,반도체와반도체장비,False,
484590,삼양컴텍,,239.31,839.89,1415.95,1546.07,1583.0,1764.0,1880.0,59.23,180.59,266.31,288.0,331.0,360.0,9.19,2.39,11.43,6.58,11.43,47.47,8.14,14.93,8.76,47.47,4년치 존재,4,,,21.34,68.55,199518.0,113135.0,up,54.8,7540.0,5220.0,up,bull,-41786.0,7337.0,32537.0,-60807.0,KOSDAQ,7120,2934,113135,0.6,우주항공과국방,False,
203650,드림시큐리티,1.0,3352.24,2327.39,2688.39,3188.51,,,,332.79,256.46,224.85,,,,18.6,,,,18.6,-12.33,,,,-12.33,1년치 존재,1,35.43,,10.99,292.38,10003353.0,4348933.0,up,61.9,3090.0,1554.0,up,bull,837834.0,-2596546.0,-6465.0,19760.0,KOSDAQ,2885,2934,4348933,0.4,상업서비스와공급품,False,
091580,상신이디피,1.0,696.31,3016.36,2451.44,2500.84,3432.0,3980.0,4760.0,302.03,-65.13,86.55,260.0,331.0,440.0,2.02,37.23,15.97,19.6,37.23,232.89,200.4,27.31,32.93,232.89,4년치 존재,4,161.98,,10.69,120.28,305413.0,344778.0,up,64.4,25000.0,11620.0,up,bull,122464.0,-322580.0,85342.0,267828.0,KOSDAQ,24450,3259,344778,1.1,전기제품,False,
092460,한라IMS,1.0,236.14,789.44,1042.36,1334.77,,,,53.65,159.63,222.72,,,,28.05,,,,28.05,39.52,,,,39.52,1년치 존재,1,11.49,,14.58,46.43,13444.0,14551.0,up,55.8,18600.0,14220.0,mixed,bull,12544.0,34847.0,2589.0,-9871.0,KOSDAQ,17120,2929,14551,1.1,조선,False,
446540,메가터치,,-242.2,501.43,529.92,432.4,,,,-2.53,39.97,-41.75,,,,-18.4,,,,-18.4,-204.45,,,,-204.45,1년치 존재,1,,,10.95,15.06,1062059.0,436928.0,up,64.4,11650.0,5300.0,up,bull,-108708.0,-184762.0,-3369.0,257408.0,KOSDAQ,11000,3199,436928,0.4,전자장비와기기,False,
200670,휴메딕스,,-458.47,1522.74,1618.73,1700.53,2015.0,2203.0,2523.0,373.1,431.41,423.29,463.0,503.0,566.0,5.05,18.49,9.33,14.53,18.49,-1.88,9.38,8.64,12.52,12.52,4년치 존재,4,,,16.5,8.6,27358.0,15862.0,up,54.9,28350.0,22600.0,mixed,bull,14477.0,-24071.0,4118.0,-10987.0,KOSDAQ,26000,2920,15862,0.6,제약,True,2026-09-29
354320,알멕,1.0,938.26,2160.25,1568.65,1878.25,2030.0,2719.0,3189.0,158.53,-27.43,62.21,36.0,227.0,341.0,19.74,8.08,33.94,17.29,33.94,326.8,-42.13,530.56,50.22,530.56,4년치 존재,4,,,2.17,124.31,195732.0,210307.0,up,68.4,50800.0,21100.0,up,bull,-38100.0,-363942.0,47056.0,206481.0,KOSDAQ,49650,3173,210307,1.1,자동차부품,False,
304360,에스바이오메딕스,,-284.69,131.08,137.34,165.48,167.0,169.0,,-59.88,-54.45,-83.44,-84.0,-85.0,,20.49,0.92,1.2,,20.49,-53.24,-0.67,-1.19,,-0.67,3년치 존재,3,,,-63.62,92.26,27280.0,35604.0,up,66.6,23200.0,15100.0,up,bull,3016.0,-44431.0,9581.0,-7236.0,KOSDAQ,23000,2871,35604,1.3,생물공학,True,2026-09-17
441270,파인엠텍,0.9668,1569.58,3800.3,3821.69,2391.21,4318.43,6391.67,7863.5,203.34,-79.1,19.35,297.0,553.33,697.0,-37.43,80.6,48.01,23.03,80.6,124.46,1434.88,86.31,25.96,1434.88,4년치 존재,4,,,-6.46,113.96,1243324.0,402917.0,up,58.0,9510.0,5900.0,up,bull,513842.0,498811.0,-121035.0,306837.0,KOSDAQ,9310,3937,402917,0.3,핸드셋,False,
352480,씨앤씨인터내셔널,1.0,-1133.85,2203.27,2828.84,2884.78,2982.0,3211.0,,320.9,289.63,221.71,125.0,142.0,,1.98,3.37,7.68,,7.68,-23.45,-43.62,13.6,,13.6,3년치 존재,3,20.08,,2.86,20.04,12660.0,17090.0,down,46.6,23600.0,16910.0,mixed,bear,1428.0,-14102.0,-5684.0,37400.0,KOSDAQ,21050,2869,17090,1.3,화장품,False,
206650,유바이오로직스,,-627.03,693.66,960.35,1491.95,1350.0,,,76.99,343.21,606.63,450.0,,,55.35,-9.51,,,55.35,76.75,-25.82,,,76.75,2년치 존재,2,,,17.19,31.72,78232.0,75024.0,down,49.3,9510.0,7390.0,up,bull,8118.0,-69037.0,31.0,-45269.0,KOSDAQ,8520,3131,75024,1.0,생물공학,False,
136480,하림,0.9948,3152.97,14108.38,12854.19,14399.95,,,,404.47,285.13,476.81,,,,12.03,,,,12.03,67.23,,,,67.23,1년치 존재,1,7.39,,5.61,169.48,160127.0,271540.0,up,54.8,2790.0,2595.0,mixed,bull,-54160.0,-206843.0,-3478.0,-3491.0,KOSDAQ,2680,2846,271540,1.7,식품,False,
330860,네패스아크,,301.79,1229.33,1192.62,1140.9,1320.0,1457.0,1670.0,6.84,-26.34,47.56,257.33,381.5,578.5,-4.34,15.7,10.38,14.62,15.7,280.56,441.06,48.25,51.64,441.06,4년치 존재,4,,,8.63,66.15,234049.0,355622.0,up,58.8,39750.0,18650.0,mixed,bull,-73350.0,38606.0,-16272.0,-105249.0,KOSDAQ,31400,3826,355622,1.5,반도체와반도체장비,False,
042370,비츠로테크,0.2,-1751.18,3528.93,4283.25,4322.87,,,,288.36,511.44,557.21,,,,0.92,,,,0.92,8.95,,,,8.95,1년치 존재,1,42.88,,3.73,40.38,1549836.0,1271567.0,up,57.2,11870.0,6680.0,up,bull,-385526.0,-1833617.0,2004.0,2003.0,KOSDAQ,10830,2837,1271567,0.8,전기제품,False,
199800,툴젠,1.0,-188.9,11.03,8.91,13.06,,,,-170.88,-217.98,-232.94,,,,46.58,,,,46.58,-6.86,,,,-6.86,1년치 존재,1,,,-77.36,10.35,34234.0,35481.0,up,46.4,43273.0,30450.0,mixed,bull,7907.0,47690.0,-18885.0,-118194.0,KOSDAQ,33700,3032,35481,1.0,생물공학,False,
317330,덕산테코피아,,2533.72,940.77,996.94,1120.79,,,,-62.25,-302.19,-430.26,,,,12.42,,,,12.42,-42.38,,,,-42.38,1년치 존재,1,,,-60.41,702.26,124286.0,123730.0,up,59.0,14020.0,8610.0,up,bull_cross,55693.0,-71837.0,-68343.0,7623.0,KOSDAQ,13670,2799,123730,1.0,반도체와반도체장비,False,
069080,웹젠,1.0,-614.08,1962.9,2147.47,1744.37,1560.0,1750.5,1930.25,499.03,545.53,297.28,221.0,282.0,309.0,-18.77,-10.57,12.21,10.27,12.21,-45.51,-25.66,27.6,9.57,27.6,4년치 존재,4,15.69,,4.65,12.93,80942.0,111362.0,up,69.5,12470.0,10800.0,mixed,bull,-140680.0,-157377.0,18311.0,-20917.0,KOSDAQ,12170,3769,111362,1.4,게임엔터테인먼트,False,
071200,인피니트헬스케어,0.987,-2124.79,858.6,957.5,1023.92,,,,39.42,77.24,142.17,,,,6.94,,,,6.94,84.06,,,,84.06,1년치 존재,1,10.55,,32.06,27.19,200318.0,124180.0,down,53.7,13410.0,7470.0,up,bear,-10009.0,-91515.0,-2754.0,779753.0,KOSDAQ,11420,2786,124180,0.6,건강관리기술,False,
049070,인탑스,1.0,-2764.2,5773.76,6146.67,5907.82,6022.0,6631.0,,183.06,37.84,-113.04,166.0,332.0,,-3.89,1.93,10.11,,10.11,-398.73,246.85,100.0,,246.85,3년치 존재,3,18.2,,4.81,15.35,88714.0,36710.0,up,53.7,19810.0,15650.0,up,bull,114372.0,41990.0,1.0,193.0,KOSDAQ,18730,2949,36710,0.4,핸드셋,True,2026-09-10
314130,지놈앤컴퍼니,,-386.68,142.96,277.45,245.87,285.0,322.0,,-550.92,-241.99,-292.34,-302.0,-290.0,,-11.38,15.91,12.98,,15.91,-20.81,-3.3,3.97,,3.97,3년치 존재,3,,,-55.53,51.28,657871.0,866590.0,up,63.9,5990.0,2990.0,up,bull,-47155.0,-572133.0,-519554.0,-484025.0,KOSDAQ,5290,2767,866590,1.3,제약,False,
204620,글로벌텍스프리,0.9786,-1474.55,816.76,1083.59,1540.57,1921.0,2094.0,,98.12,215.84,289.85,350.0,407.0,,42.17,24.69,9.01,,42.17,34.29,20.75,16.29,,34.29,3년치 존재,3,11.62,,25.43,24.3,684455.0,896232.0,up,53.4,6040.0,4085.0,mixed,bear,896930.0,1434898.0,-905390.0,-1133073.0,KOSDAQ,5740,4034,896232,1.3,기타금융,False,
378340,필에너지,1.0,156.59,1967.15,2854.0,331.94,,,,153.12,142.02,-221.74,,,,-88.37,,,,-88.37,-256.13,,,,-256.13,1년치 존재,1,,,-11.9,78.45,44519.0,36090.0,up,58.9,13540.0,7870.0,up,bull,30724.0,74797.0,8.0,-1290.0,KOSDAQ,12770,2764,36090,0.8,전기제품,False,
228760,지노믹트리,,-791.37,34.18,23.62,37.6,,,,-173.03,-153.13,-112.98,,,,59.19,,,,59.19,26.22,,,,26.22,1년치 존재,1,,,-7.56,2.03,102986.0,66124.0,up,53.8,14860.0,10030.0,mixed,bull,16709.0,-136570.0,-38988.0,-37460.0,KOSDAQ,11800,2933,66124,0.6,건강관리장비와용품,False,
060720,KH바텍,0.9983,420.75,3635.72,3110.12,4249.04,3782.0,4274.67,4777.0,336.08,218.58,317.52,224.0,309.0,359.33,36.62,-10.99,13.03,11.75,36.62,45.26,-29.45,37.95,16.29,45.26,4년치 존재,4,13.34,,6.14,78.79,89080.0,61073.0,up,60.7,11940.0,8680.0,up,bull,79285.0,134347.0,-3983.0,-2783.0,KOSDAQ,11490,2721,61073,0.7,핸드셋,False,
046970,우리로,,-72.58,546.1,473.72,424.75,,,,-34.5,-30.02,-6.77,,,,-10.34,,,,-10.34,77.45,,,,77.45,1년치 존재,1,,,9.08,42.18,6941245.0,2852357.0,up,65.8,8630.0,3390.0,up,bull,184786.0,-750928.0,37252.0,91884.0,KOSDAQ,8170,3581,2852357,0.4,컴퓨터와주변기기,False,
115450,HLB테라퓨틱스,,273.38,525.91,549.32,695.61,,,,-87.26,-76.24,-35.34,,,,26.63,,,,26.63,53.65,,,,53.65,1년치 존재,1,,,-12.23,30.54,720737.0,1701738.0,up,76.1,2870.0,1451.0,up,bull,-136738.0,-811745.0,14419.0,-125426.0,KOSDAQ,2870,2717,1701738,2.4,제약,False,
452430,사피엔반도체,,51.07,32.1,79.92,173.12,317.33,727.67,2178.0,-69.22,-34.46,-45.65,12.33,133.67,459.0,116.62,83.3,129.31,199.31,199.31,-32.47,127.01,984.1,243.38,984.1,4년치 존재,4,,,-2.72,93.92,55177.0,26101.0,down,47.6,41100.0,20000.0,mixed,bear,28654.0,26884.0,-5828.0,-35510.0,KOSDAQ,34950,2885,26101,0.5,반도체와반도체장비,False,
309710,아이티켐,1.0,685.73,449.59,621.74,619.67,,,,6.98,63.99,-18.51,,,,-0.33,,,,-0.33,-128.93,,,,-128.93,1년치 존재,1,,,-32.84,206.07,,,,,,,,,0.0,0.0,0.0,0.0,KOSDAQ,21000,2684,0,,제약,False,
424870,이뮨온시아,,-931.28,1.1,6.55,1.11,,,,-117.97,-125.99,-280.05,,,,-83.05,,,,-83.05,-122.28,,,,-122.28,1년치 존재,1,,,-39.66,4.85,1455841.0,547068.0,up,57.3,3625.0,2445.0,up,bull,-68320.0,-1966607.0,345.0,-1065925.0,KOSDAQ,3470,3172,547068,0.4,제약,False,
472850,폰드그룹,0.7709,997.87,27.81,3686.53,4855.69,5787.33,6487.5,7337.0,6.68,413.23,573.77,758.33,917.0,1222.0,31.71,19.19,12.1,13.09,31.71,38.85,32.17,20.92,33.26,38.85,4년치 존재,4,7.77,,15.46,79.12,28047.0,47473.0,down,39.0,5550.0,3680.0,mixed,bear,-37601.0,-117938.0,-16592.0,18494.0,KOSDAQ,4660,2683,47473,1.7,"섬유,의류,신발,호화품",False,
035600,KG이니시스,0.8673,2750.86,13447.92,13543.37,13588.85,14805.0,16009.0,17115.0,1062.75,609.93,985.58,1028.5,1226.5,1342.0,0.34,8.95,8.13,6.91,8.95,61.59,4.35,19.25,9.42,61.59,4년치 존재,4,5.58,,10.06,160.0,32753.0,13413.0,down,34.3,10640.0,9070.0,mixed,bear,-62087.0,-154948.0,469.0,292.0,KOSDAQ,9690,2670,13413,0.4,IT서비스,False,
036710,심텍홀딩스,,7611.28,10929.58,13021.12,15280.84,,,,-2063.11,-1315.13,-342.64,,,,17.35,,,,17.35,73.95,,,,73.95,1년치 존재,1,,,-95.1,349.54,366911.0,214475.0,up,67.1,5220.0,2615.0,up,bull,232391.0,763227.0,-2208.0,-126207.0,KOSDAQ,5050,2668,214475,0.6,반도체와반도체장비,False,
012210,삼미금속,,474.4,768.43,764.41,737.97,817.0,,,59.64,44.54,58.12,80.0,,,-3.46,10.71,,,10.71,30.49,37.65,,,37.65,2년치 존재,2,,,2.48,122.63,6643652.0,18061287.0,up,65.6,13510.0,4810.0,up,bear,164385.0,234935.0,162080.0,-1907036.0,KOSDAQ,13510,3114,18061287,2.7,기계,False,
267980,매일유업,0.9978,-832.68,17829.79,18114.36,18435.39,18962.0,19676.0,20116.0,722.29,703.36,600.29,744.0,796.0,829.0,1.77,2.86,3.77,2.24,3.77,-14.65,23.94,6.99,4.15,23.94,4년치 존재,4,4.75,,10.67,53.67,4124.0,4056.0,up,59.3,35100.0,32300.0,mixed,bull,-13728.0,-18091.0,30096.0,32475.0,KOSDAQ,34750,2663,4056,1.0,식품,True,2026-09-10
182400,엔케이젠바이오텍코리아,,28.52,99.48,88.0,78.63,,,,-674.82,-40.65,-25.32,,,,-10.65,,,,-10.65,37.71,,,,37.71,1년치 존재,1,,,-25.7,92.64,,,,,,,,,0.0,0.0,0.0,0.0,KOSDAQ,3670,2655,0,,생명과학도구및서비스,False,
017890,한국알콜,0.8102,-577.62,4382.74,4210.14,4238.83,,,,218.82,274.35,318.17,,,,0.68,,,,0.68,15.97,,,,15.97,1년치 존재,1,10.92,,7.31,18.06,72738.0,87295.0,up,69.6,16180.0,12470.0,up,bull,110408.0,397528.0,-38135.0,-68955.0,KOSDAQ,16180,3345,87295,1.2,화학,False,
085910,네오티스,0.8018,30.53,542.92,542.87,686.77,974.9,1568.5,2330.0,-0.84,31.79,77.8,180.73,330.5,540.0,26.51,41.95,60.89,48.55,60.89,144.73,132.3,82.87,63.39,144.73,4년치 존재,4,62.39,,14.19,75.25,233658.0,196488.0,up,64.2,22150.0,12850.0,mixed,bull,-27702.0,86933.0,-28699.0,228975.0,KOSDAQ,19200,2649,196488,0.8,자동차부품,False,
254490,미래반도체,,804.44,3805.1,4876.31,6355.82,,,,94.07,102.34,190.76,,,,30.34,,,,30.34,86.4,,,,86.4,1년치 존재,1,,,40.14,124.66,91784.0,85900.0,up,63.1,19080.0,11310.0,up,bull,-10218.0,-15471.0,-110.0,1600.0,KOSDAQ,18290,2641,85900,0.9,반도체와반도체장비,False,
101930,인화정공,1.0,-962.79,1039.51,927.84,1079.58,1187.0,1304.0,,48.86,102.61,155.34,202.0,231.0,,16.35,9.95,9.86,,16.35,51.39,30.04,14.36,,51.39,3년치 존재,3,10.89,,7.48,21.73,23068.0,34629.0,up,37.0,8280.0,5860.0,down,bull,-24864.0,-37254.0,118.0,135.0,KOSDAQ,6090,2783,34629,1.5,조선,False,
025770,한국정보통신,1.0,-1749.25,7251.18,7909.68,8363.3,,,,356.77,391.25,452.28,,,,5.73,,,,5.73,15.6,,,,15.6,1년치 존재,1,8.02,,10.87,82.89,23169.0,10544.0,up,46.4,8290.0,7400.0,mixed,bear,-30871.0,-49351.0,0.0,11661.0,KOSDAQ,7840,2936,10544,0.5,IT서비스,False,
024840,KBI메탈,0.4939,1232.2,6850.35,7026.92,7585.67,,,,78.19,174.95,243.45,,,,7.95,,,,7.95,39.15,,,,39.15,1년치 존재,1,,,11.47,147.52,2686370.0,2768291.0,up,53.5,6450.0,3165.0,up,bear_cross,-106654.0,1239488.0,-9500.0,-297550.0,KOSDAQ,6050,2630,2768291,1.0,전기장비,False,
089980,상아프론테크,1.0,670.6,1835.99,1717.52,1959.88,2258.0,2859.0,3707.0,89.58,58.5,67.12,112.0,177.0,246.0,14.11,15.21,26.62,29.66,29.66,14.74,66.87,58.04,38.98,66.87,4년치 존재,4,38.68,,4.85,92.51,46386.0,26083.0,up,58.4,17000.0,11500.0,up,bull,11512.0,-80767.0,-296.0,-38051.0,KOSDAQ,16340,2613,26083,0.6,전자장비와기기,False,
287840,인투셀,,-134.21,16.16,29.05,22.99,,,,-173.9,-97.9,-103.0,,,,-20.86,,,,-20.86,-5.21,,,,-5.21,1년치 존재,1,,,-42.15,85.72,31024.0,19613.0,up,51.7,23400.0,13850.0,mixed,bull,607.0,-16874.0,1072.0,-32973.0,KOSDAQ,18150,2726,19613,0.6,제약,False,
054950,제이브이엠,0.9836,-1145.75,1570.85,1594.34,1731.29,1883.67,2057.0,2213.0,297.71,306.75,332.76,390.0,413.0,453.0,8.59,8.8,9.2,7.58,9.2,8.48,17.2,5.9,9.69,17.2,4년치 존재,4,10.34,,13.44,36.94,14813.0,12329.0,up,62.3,24950.0,20500.0,up,bull,2385.0,9096.0,1116.0,11686.0,KOSDAQ,24250,2932,12329,0.8,건강관리장비와용품,False,
091700,파트론,0.9609,-135.21,11724.05,14864.22,13495.28,15340.0,15940.0,16750.0,416.81,617.07,447.48,333.0,392.0,470.0,-9.21,13.67,3.91,5.08,13.67,-27.48,-25.58,17.72,19.9,19.9,4년치 존재,4,7.73,,8.41,40.69,82489.0,51677.0,up,38.7,5980.0,5150.0,down,bull,-86867.0,-337084.0,-6228.0,-10625.0,KOSDAQ,5210,2605,51677,0.6,핸드셋,False,
043150,바텍,1.0,-1091.28,3849.45,3851.95,4264.16,4553.0,4905.67,5332.33,640.42,539.63,547.79,615.33,680.33,803.33,10.7,6.77,7.75,8.7,10.7,1.51,12.33,10.56,18.08,18.08,4년치 존재,4,6.47,,11.4,38.25,21367.0,18835.0,down,41.7,22150.0,16330.0,down,bull,-25046.0,-85525.0,-1607.0,-3554.0,KOSDAQ,17490,2598,18835,0.9,건강관리장비와용품,False,
0035S0,빅웨이브로보틱스,,-23.64,68.54,138.51,207.43,,,,-11.99,-6.59,6.73,,,,49.76,,,,49.76,202.12,,,,202.12,1년치 존재,1,,,7.99,67.66,8074514.0,1602673.0,,,38850.0,26400.0,,,-23074.0,-145984.0,327.0,-237457.0,KOSDAQ,26400,2711,1602673,0.2,IT서비스,False,
035810,이지홀딩스,0.3865,7901.78,31191.6,32849.76,33889.04,,,,1037.81,1233.96,1513.5,,,,3.16,,,,3.16,22.65,,,,22.65,1년치 존재,1,10.78,,3.33,146.78,125196.0,133410.0,down,43.0,4745.0,4035.0,mixed,bear,-93620.0,-266428.0,-45623.0,-35707.0,KOSDAQ,4470,2884,133410,1.1,식품,False,
900290,GRT,0.7613,5324.61,7677.09,8424.34,9592.56,12011.22,,,787.37,1469.82,1373.16,1840.52,,,13.87,25.21,,,25.21,-6.58,34.04,,,34.04,2년치 존재,2,4.29,,7.43,83.5,246650.0,128658.0,down,44.8,4210.0,2190.0,mixed,bear,-245084.0,-497634.0,-52026.0,-57815.0,KOSDAQ,3390,3144,128658,0.5,화학,False,
121800,비덴트,1.0,-589.83,100.17,96.35,101.5,,,,-98.87,-110.5,-72.17,,,,5.35,,,,5.35,34.69,,,,34.69,1년치 존재,1,29.25,,-7.75,9.3,,,,,,,,,0.0,0.0,0.0,0.0,KOSDAQ,3320,2563,0,,디스플레이패널,False,
394280,오픈엣지테크놀로지,,-171.92,195.95,153.28,160.59,,,,-158.64,-246.12,-289.07,,,,4.77,,,,4.77,-17.45,,,,-17.45,1년치 존재,1,,,-88.98,128.2,107901.0,57776.0,up,59.3,11710.0,7950.0,mixed,bull,27563.0,41543.0,-5050.0,-15903.0,KOSDAQ,10140,2672,57776,0.5,반도체와반도체장비,False,
448280,에코아이,1.0,-2.78,648.21,257.69,309.16,509.0,,,182.32,1.99,9.53,80.0,,,19.97,64.64,,,64.64,378.89,739.45,,,739.45,2년치 존재,2,159.72,,4.29,15.49,7598.0,12224.0,up,64.3,9640.0,6300.0,up,bear,9901.0,18899.0,-6.0,-5288.0,KOSDAQ,9620,2851,12224,1.6,상업서비스와공급품,False,
397030,에이프릴바이오,,-801.97,,275.14,21.72,80.0,310.0,260.0,-133.88,168.69,-72.64,-50.0,170.0,110.0,-92.11,268.32,287.5,-16.13,287.5,-143.06,31.17,440.0,-35.29,440.0,4년치 존재,4,,,-9.65,1.51,266899.0,237260.0,down,35.8,30650.0,15480.0,mixed,bull,-509894.0,-880366.0,-382644.0,-569.0,KOSDAQ,15480,4266,237260,0.9,제약,False,
032580,피델릭스,,-41.06,527.84,448.1,536.16,,,,7.1,-45.28,-20.66,,,,19.65,,,,19.65,54.37,,,,54.37,1년치 존재,1,,,30.05,40.5,807464.0,610110.0,up,69.6,7920.0,2840.0,up,bull,52973.0,1008021.0,65583.0,149431.0,KOSDAQ,7620,2525,610110,0.8,반도체와반도체장비,False,
100120,뷰웍스,1.0,109.99,2202.51,2228.98,2393.35,2515.5,2623.5,2721.0,187.36,223.31,214.2,382.5,425.5,453.5,7.37,5.1,4.29,3.72,7.37,-4.08,78.57,11.24,6.58,78.57,4년치 존재,4,12.09,,17.71,41.99,16391.0,24147.0,up,70.2,29900.0,20150.0,up,bull,20122.0,9097.0,3068.0,3618.0,KOSDAQ,29600,2656,24147,1.5,건강관리장비와용품,False,
468670,브릴스,,77.95,157.08,187.32,237.59,,,,28.53,-14.46,24.3,,,,26.84,,,,26.84,268.05,,,,268.05,1년치 존재,1,,,7.63,68.98,8843468.0,2591878.0,,,34150.0,24950.0,,,18808.0,18808.0,-1328161.0,-1328161.0,KOSDAQ,24950,2835,2591878,0.3,기계,False,
266690,덕산넵코어스,,-39.77,314.0,452.42,485.04,,,,-58.31,20.04,40.8,,,,7.21,,,,7.21,103.59,,,,103.59,1년치 존재,1,,,10.14,98.94,14602922.0,2480188.0,,,16830.0,13280.0,,,-35212.0,-35212.0,-985691.0,-985691.0,KOSDAQ,13280,2509,2480188,0.2,우주항공과국방,False,
121440,골프존홀딩스,0.9982,1637.33,4241.22,3861.9,3543.19,,,,536.71,394.47,280.26,,,,-8.25,,,,-8.25,-28.95,,,,-28.95,1년치 존재,1,13.78,,2.1,46.5,43233.0,5039.0,up,52.4,8250.0,6580.0,mixed,bear,31094.0,140602.0,-3830.0,-10801.0,KOSDAQ,7730,3311,5039,0.1,레저용장비와제품,False,
294570,쿠콘,,-1631.35,683.66,730.38,694.6,715.0,745.0,774.0,165.86,165.89,188.6,200.0,211.0,221.0,-4.9,2.94,4.2,3.89,4.2,13.69,6.04,5.5,4.74,13.69,4년치 존재,4,,,12.19,92.56,162088.0,39521.0,up,48.6,30950.0,15860.0,mixed,bear,7274.0,-3793.0,-226.0,-102622.0,KOSDAQ,26150,2639,39521,0.2,IT서비스,False,
416180,신성에스티,0.2353,1016.01,1246.73,1270.28,1169.13,2725.0,3810.0,,83.73,88.05,22.71,90.0,200.0,,-7.96,133.08,39.82,,133.08,-74.21,296.3,122.22,,296.3,3년치 존재,3,445.49,,-1.09,161.89,36450.0,56165.0,up,66.7,27600.0,14500.0,up,bull,29733.0,-14082.0,19205.0,22689.0,KOSDAQ,27300,2468,56165,1.5,전기제품,False,
092190,서울바이오시스,0.3929,2229.08,5039.61,6992.33,7638.09,,,,-729.5,34.88,2.26,,,,9.24,,,,9.24,-93.52,,,,-93.52,1년치 존재,1,,,30.38,280.29,184500.0,203651.0,down,48.1,9210.0,4155.0,up,bear_cross,15401.0,-34889.0,9918.0,56099.0,KOSDAQ,8000,3669,203651,1.1,디스플레이장비및부품,False,
036030,케이티알파,,-1470.36,3927.82,3881.7,3958.86,,,,96.05,245.95,441.62,,,,1.99,,,,1.99,79.56,,,,79.56,1년치 존재,1,,,14.82,54.57,33104.0,31591.0,up,68.0,5030.0,4345.0,up,bull,61996.0,126392.0,-13582.0,1250.0,KOSDAQ,5030,2466,31591,1.0,인터넷과카탈로그소매,False,
099440,스맥,1.0,1565.61,1766.29,2012.99,1535.9,2179.0,2554.0,2843.0,220.36,239.55,-168.1,234.0,299.0,328.0,-23.7,41.87,17.21,11.32,41.87,-170.17,239.2,27.78,9.7,239.2,4년치 존재,4,,,-17.64,221.52,296197.0,124929.0,down,42.3,4560.0,2535.0,mixed,bear,-87621.0,-396952.0,-446.0,-27723.0,KOSDAQ,3825,2610,124929,0.4,기계,False,
112290,와이씨켐,,549.39,622.72,703.03,830.89,1152.0,1705.0,,-78.26,-81.62,-17.66,95.0,214.0,,18.19,38.65,48.0,,48.0,78.36,637.94,125.26,,637.94,3년치 존재,3,,,6.74,239.35,207106.0,198845.0,up,62.7,12830.0,7720.0,up,bull,72541.0,29139.0,70505.0,67524.0,KOSDAQ,12100,2447,198845,1.0,반도체와반도체장비,False,
036200,유니셈,1.0,-541.46,2321.12,2181.61,2733.3,3462.0,4030.0,4379.0,173.88,99.74,109.02,280.0,422.0,502.0,25.29,26.66,16.41,8.66,26.66,9.3,156.83,50.71,18.96,156.83,4년치 존재,4,36.06,,6.8,17.47,282531.0,176471.0,up,62.5,11070.0,6300.0,up,bull,91739.0,147625.0,52028.0,124900.0,KOSDAQ,10560,3238,176471,0.6,반도체와반도체장비,False,
108860,셀바스AI,,-934.51,530.12,1124.54,1147.81,,,,40.87,8.0,14.82,,,,2.07,,,,2.07,85.25,,,,85.25,1년치 존재,1,,,-2.6,19.78,208945.0,218016.0,up,51.2,10950.0,6230.0,up,bull,100707.0,205672.0,2716.0,-282965.0,KOSDAQ,9070,2441,218016,1.0,건강관리장비와용품,False,
272110,케이엔제이,1.0,823.8,473.61,622.17,844.45,1520.0,1804.0,2161.0,104.76,141.49,222.43,312.0,444.0,553.0,35.73,80.0,18.68,19.79,80.0,57.21,40.27,42.31,24.55,57.21,4년치 존재,4,10.16,,26.43,153.73,87152.0,201868.0,down,68.2,32850.0,20050.0,up,bull,9526.0,-47134.0,-24051.0,46070.0,KOSDAQ,32350,2596,201868,2.3,반도체와반도체장비,False,
340450,지씨지놈,,-382.78,272.92,258.88,315.34,382.0,470.0,638.0,1.6,-12.34,12.36,33.0,65.0,138.0,21.81,21.14,23.04,35.74,35.74,200.16,166.99,96.97,112.31,200.16,4년치 존재,4,,,7.05,9.97,556277.0,1047932.0,up,82.8,10220.0,4310.0,up,bull,168409.0,484236.0,545892.0,790569.0,KOSDAQ,10160,2403,1047932,1.9,생명과학도구및서비스,False,
051500,CJ프레시웨이,1.0,4811.48,30742.42,32247.79,34810.82,37149.43,40074.57,43109.75,992.56,940.25,1016.53,1006.14,1145.71,1244.25,7.95,6.72,7.87,7.57,7.95,8.11,-1.02,13.87,8.6,13.87,4년치 존재,4,5.13,,11.27,319.38,5967.0,3490.0,down,34.0,24850.0,21600.0,down,bear,-522.0,16450.0,-1101.0,-16533.0,KOSDAQ,21650,2570,3490,0.6,식품과기본식료품소매,False,
064820,케이프,0.9248,-7235.45,5906.6,5165.02,5797.74,,,,409.54,389.92,499.64,,,,12.25,,,,12.25,28.14,,,,28.14,1년치 존재,1,4.04,,23.46,1348.03,34619.0,21795.0,down,47.6,9570.0,7230.0,mixed,bull,31735.0,37996.0,5241.0,5902.0,KOSDAQ,7780,2401,21795,0.6,증권,False,
151860,KG에코솔루션,0.4486,11552.93,72571.7,72848.62,75771.97,,,,3097.78,2265.35,1912.56,,,,4.01,,,,4.01,-15.57,,,,-15.57,1년치 존재,1,3.11,,8.71,118.98,91884.0,28901.0,down,43.8,5940.0,4990.0,mixed,bear,33054.0,143277.0,-8307.0,-30539.0,KOSDAQ,5380,2561,28901,0.3,자동차,False,
011560,세보엠이씨,1.0,-783.29,8804.4,7887.87,7157.93,9801.0,9830.0,9665.0,466.15,286.14,403.68,559.0,580.0,590.0,-9.25,36.93,0.3,-1.68,36.93,41.08,38.48,3.76,1.72,41.08,4년치 존재,4,6.69,,16.39,70.05,65297.0,59256.0,up,47.6,26500.0,18130.0,up,bear,82930.0,101907.0,-34433.0,-37674.0,KOSDAQ,23600,2380,59256,0.9,건설,False,
386380,스카이랩스,,-74.39,5.89,40.91,79.36,,,,-78.0,-117.29,-147.25,,,,93.99,,,,93.99,-25.54,,,,-25.54,1년치 존재,1,,,,25.44,7108218.0,1104029.0,down,36.6,30550.0,15280.0,,,2854.0,-40976.0,-187786.0,-539313.0,KOSDAQ,15280,2867,1104029,0.2,건강관리기술,False,
067390,아스트,,1473.67,1684.84,1713.8,2543.86,,,,-363.83,-63.97,73.59,,,,48.43,,,,48.43,215.04,,,,215.04,1년치 존재,1,,,-2.93,82.69,83898.0,32731.0,up,48.8,6300.0,4200.0,mixed,bear,-23150.0,-97126.0,544.0,111.0,KOSDAQ,5650,2380,32731,0.4,우주항공과국방,False,
073490,LIG아큐버,1.0,-330.02,1373.71,1897.2,1861.01,2354.33,3037.33,4285.5,102.82,24.38,-11.2,190.67,367.33,629.5,-1.91,26.51,29.01,41.09,41.09,-145.94,1802.41,92.65,71.37,1802.41,4년치 존재,4,,,6.12,46.22,52637.0,54713.0,up,57.2,35200.0,23150.0,up,bull,-2487.0,-46648.0,1922.0,6169.0,KOSDAQ,33200,2524,54713,1.0,통신장비,False,
484120,도우인시스,1.0,-187.25,950.63,1417.08,1397.91,1765.0,2206.0,,78.11,96.96,33.85,138.0,254.0,,-1.35,26.26,24.99,,26.26,-65.09,307.68,84.06,,307.68,3년치 존재,3,514.29,,16.45,32.07,66001.0,35371.0,up,58.1,24250.0,12220.0,up,bull,12748.0,-17473.0,7369.0,177635.0,KOSDAQ,23000,2520,35371,0.5,디스플레이장비및부품,False,
0011T0,채비,,-168.04,,850.82,1017.39,1220.0,,,,-275.97,-296.34,-175.0,,,19.58,19.91,,,19.91,-7.38,40.95,,,40.95,2년치 존재,2,,,-40.81,63.46,269936.0,124858.0,down,51.5,5900.0,3620.0,up,bear_cross,-57897.0,-271951.0,459.0,9162.0,KOSDAQ,5350,2512,124858,0.5,전기제품,False,
376270,HEM파마,1.0,99.47,,150.67,129.79,456.3,865.9,,,-76.82,-155.83,-17.7,163.7,,-13.86,251.57,89.77,,251.57,-102.85,88.64,1024.86,,1024.86,3년치 존재,3,,,-115.05,250.12,8490.0,11902.0,down,37.1,45350.0,32600.0,down,bull,307.0,-20654.0,134.0,-11319.0,KOSDAQ,32600,2353,11902,1.4,건강관리업체및서비스,False,
445090,에이직랜드,1.0,225.09,741.54,940.58,728.5,1819.0,2016.0,3954.0,38.6,-169.69,-275.78,50.0,92.0,207.0,-22.55,149.69,10.83,96.13,149.69,-62.52,118.13,84.0,125.0,125.0,4년치 존재,4,,,-8.69,170.49,23680.0,30044.0,up,59.7,25000.0,14720.0,up,bull,19848.0,95106.0,-1931.0,488.0,KOSDAQ,22900,2502,30044,1.3,반도체와반도체장비,False,
098070,한텍,1.0,-613.88,1786.17,1558.81,1719.03,1985.0,2340.0,,151.87,167.67,381.82,385.0,400.0,,10.28,15.47,17.88,,17.88,127.72,0.83,3.9,,127.72,3년치 존재,3,8.55,,19.95,36.22,101050.0,82204.0,up,45.6,28600.0,21250.0,down,bear,8068.0,-147965.0,-84.0,-59657.0,KOSDAQ,23650,2630,82204,0.8,에너지장비및서비스,False,
200130,콜마비앤에이치,1.0,217.31,5795.52,6156.42,5748.85,,,,302.56,246.23,266.46,,,,-6.62,,,,-6.62,8.22,,,,8.22,1년치 존재,1,,,-0.4,49.13,56707.0,31858.0,up,47.3,10580.0,7720.0,mixed,bull,-28046.0,-183258.0,-521.0,-269779.0,KOSDAQ,8140,2342,31858,0.6,건강관리업체및서비스,False,
243070,휴온스,1.0,1011.81,5520.07,5902.31,6207.68,,,,560.02,396.95,456.0,,,,5.17,,,,5.17,14.88,,,,14.88,1년치 존재,1,5.46,,5.17,60.45,23409.0,11847.0,down,32.9,27600.0,18800.0,down,bull,-1989.0,-61343.0,684.0,-2897.0,KOSDAQ,19440,2329,11847,0.5,제약,False,
036890,진성티이씨,1.0,-88.33,4851.19,3905.15,4638.2,5645.5,5880.0,6145.0,395.89,244.42,479.43,474.5,525.0,590.0,18.77,21.72,4.15,4.51,21.72,96.15,-1.03,10.64,12.38,96.15,4년치 존재,4,7.55,,21.77,71.95,62050.0,39089.0,down,28.1,14530.0,11190.0,down,bear,-66982.0,-33296.0,-28116.0,-262775.0,KOSDAQ,11190,2465,39089,0.6,기계,False,
439090,마녀공장,1.0,-986.58,1050.01,1279.19,1130.16,1085.0,1408.0,,158.62,185.57,104.55,131.0,169.0,,-11.65,-4.0,29.77,,29.77,-43.66,25.3,29.01,,29.01,3년치 존재,3,28.6,,11.33,13.54,144623.0,162416.0,up,50.0,19600.0,14460.0,down,bull,84197.0,23548.0,6037.0,-11874.0,KOSDAQ,15920,2610,162416,1.1,화장품,False,
298830,슈어소프트테크,0.8911,-184.86,632.9,888.03,939.38,,,,114.73,78.91,126.0,,,,5.78,,,,5.78,59.68,,,,59.68,1년치 존재,1,26.79,,11.25,38.42,164796.0,183506.0,up,52.2,4505.0,3225.0,up,bull,17390.0,-100319.0,121.0,-1905.0,KOSDAQ,4300,2299,183506,1.1,소프트웨어,False,
452280,한선엔지니어링,,335.94,477.53,485.41,632.16,920.0,,,61.92,49.23,97.5,220.0,,,30.23,45.53,,,45.53,98.05,125.64,,,125.64,2년치 존재,2,,,-0.34,64.33,1259456.0,569567.0,up,61.7,15070.0,8930.0,up,bull,29660.0,-1108192.0,190616.0,201214.0,KOSDAQ,14150,2724,569567,0.5,기계,False,
486510,글로벌테크놀로지,,-215.93,135.96,242.77,296.89,,,,26.82,-20.04,-59.56,,,,22.29,,,,22.29,-197.21,,,,-197.21,1년치 존재,1,,,-47.19,41.63,17479048.0,1983801.0,,,18230.0,12420.0,,,-41071.0,-523937.0,3439.0,-1417037.0,KOSDAQ,12420,2440,1983801,0.1,반도체와반도체장비,False,
389650,넥스트바이오메디컬,,-280.38,48.82,95.43,164.77,209.0,307.5,430.5,-52.27,-35.75,-7.2,-76.5,-24.0,48.0,72.66,26.84,47.13,40.0,72.66,79.86,-962.5,68.63,300.0,300.0,4년치 존재,4,,,0.49,29.32,25562.0,7526.0,up,47.2,42650.0,28450.0,mixed,bull,-30735.0,-18902.0,-4160.0,7456.0,KOSDAQ,31100,2574,7526,0.3,건강관리장비와용품,False,
067080,대화제약,0.7099,944.03,1413.59,1494.09,1430.6,,,,19.64,67.13,31.62,,,,-4.25,,,,-4.25,-52.9,,,,-52.9,1년치 존재,1,137.12,,5.94,157.03,54853.0,55505.0,up,68.1,12180.0,7870.0,up,bull,35083.0,60316.0,-7.0,7824.0,KOSDAQ,12180,2268,55505,1.0,제약,False,
237880,클리오,1.0,-1549.61,3305.84,3513.66,3289.03,3392.67,3634.5,3690.0,338.1,246.03,164.36,301.0,368.0,360.0,-6.39,3.15,7.13,1.53,7.13,-33.2,83.13,22.26,-2.17,83.13,4년치 존재,4,16.64,,11.93,29.67,56352.0,90292.0,down,55.1,14230.0,9800.0,mixed,bear,-11745.0,5787.0,13289.0,11041.0,KOSDAQ,12490,2257,90292,1.6,화장품,False,
114190,강원에너지,0.8354,111.52,1392.11,2244.22,2122.52,,,,69.28,67.72,-60.96,,,,-5.42,,,,-5.42,-190.02,,,,-190.02,1년치 존재,1,,,-24.68,150.37,99318.0,115067.0,up,55.5,10090.0,6510.0,up,bull,82909.0,105605.0,16913.0,2275.0,KOSDAQ,9160,2393,115067,1.2,전자장비와기기,False,
068930,디지털대성,0.8597,300.48,2115.49,2177.22,2538.22,2811.0,3105.0,3354.0,250.23,237.03,315.59,445.67,497.5,541.5,16.58,10.75,10.46,8.02,16.58,33.14,41.22,11.63,8.84,41.22,4년치 존재,4,12.21,,26.3,86.31,94370.0,29451.0,up,57.8,9830.0,7050.0,up,bear,-7717.0,-151266.0,-5058.0,342125.0,KOSDAQ,9230,2554,29451,0.3,교육서비스,False,
365270,큐라클,,-117.83,102.94,16.33,0.07,39.0,,,-105.08,-126.35,-165.03,-136.0,,,-99.57,55614.29,,,55614.29,-30.61,17.59,,,17.59,2년치 존재,2,,,-22.56,27.3,49829.0,29604.0,up,53.4,12220.0,7270.0,mixed,bull,3535.0,8263.0,9356.0,-32947.0,KOSDAQ,10140,2247,29604,0.6,제약,False,
216080,제테마,1.0,961.77,587.16,685.2,769.03,861.0,,,26.34,41.11,38.19,76.0,,,12.23,11.96,,,12.23,-7.1,99.0,,,99.0,2년치 존재,2,,,-1.8,201.88,207741.0,52777.0,down,45.9,7350.0,4050.0,mixed,bear,29288.0,-117210.0,-101195.0,-116166.0,KOSDAQ,6010,2241,52777,0.3,건강관리장비와용품,False,
061090,세나테크놀로지,1.0,-885.35,1536.02,1675.02,1792.88,2332.0,2728.0,3797.0,128.41,215.54,162.9,403.0,544.0,977.0,7.04,30.07,16.98,39.19,39.19,-24.42,147.39,34.99,79.6,147.39,4년치 존재,4,14.23,,14.02,21.13,16474.0,46147.0,up,64.4,47550.0,34300.0,mixed,bull,9787.0,3970.0,-1409.0,-9291.0,KOSDAQ,43500,2378,46147,2.8,통신장비,False,
461300,아이스크림미디어,,-1262.84,1230.55,1521.8,1959.11,,,,340.45,461.01,617.63,,,,28.74,,,,28.74,33.97,,,,33.97,1년치 존재,1,,,33.99,28.02,21956.0,13121.0,down,39.8,19560.0,15360.0,mixed,bear,-16697.0,-4839.0,23330.0,108672.0,KOSDAQ,17710,2361,13121,0.6,교육서비스,False,
382800,지앤비에스 에코,1.0,-134.45,893.2,707.63,919.19,1431.0,1902.0,2160.0,182.9,116.49,77.56,265.0,321.5,360.0,29.9,55.68,32.91,13.56,55.68,-33.42,241.67,21.32,11.98,241.67,4년치 존재,4,35.32,,17.95,24.79,1144034.0,3492269.0,up,77.9,7010.0,3575.0,up,bull,-539500.0,-1063101.0,11457.0,-104193.0,KOSDAQ,7010,2231,3492269,3.1,반도체와반도체장비,False,
256840,한국비엔씨,1.0,-675.12,809.97,892.3,958.99,,,,60.46,107.06,16.3,,,,7.47,,,,7.47,-84.77,,,,-84.77,1년치 존재,1,78.46,,-2.04,17.61,5210159.0,9650072.0,down,62.2,3425.0,2170.0,up,bull,-1035396.0,-3429286.0,1850.0,3524.0,KOSDAQ,3255,2226,9650072,1.9,건강관리장비와용품,False,
043370,피에이치에이,1.0,-1890.94,11346.18,11528.8,12006.73,12528.0,13138.0,13818.0,482.93,514.78,484.39,451.0,480.0,570.0,4.15,4.34,4.87,5.18,5.18,-5.9,-6.89,6.43,18.75,18.75,4년치 존재,4,5.08,,6.81,37.44,14942.0,28456.0,up,49.7,11550.0,10010.0,up,bull,-78.0,-2854.0,-20079.0,-31296.0,KOSDAQ,11200,2352,28456,1.9,자동차부품,False,
023410,유진기업,0.9486,4134.07,14734.26,13933.01,13326.88,,,,844.43,550.03,323.74,,,,-4.35,,,,-4.35,-41.14,,,,-41.14,1년치 존재,1,,,-5.1,180.63,202584.0,163424.0,down,46.9,3725.0,3025.0,mixed,bull,39959.0,-101534.0,4842.0,-34625.0,KOSDAQ,3235,2501,163424,0.8,건축자재,False,
023760,한국캐피탈,1.0,,3820.35,4625.81,5384.09,,,,821.4,968.67,1279.22,,,,16.39,,,,16.39,32.06,,,,32.06,1년치 존재,1,2.21,,13.9,,45015.0,39644.0,down,47.4,1520.0,1322.0,mixed,bear_cross,-5059.0,-73619.0,2079.0,3406.0,KOSDAQ,1407,2220,39644,0.9,기타금융,False,
065710,서호전기,1.0,-615.93,661.69,464.67,1166.26,,,,129.8,16.46,253.26,,,,150.99,,,,150.99,1438.64,,,,1438.64,1년치 존재,1,10.69,,23.19,32.49,7213.0,3083.0,down,35.4,46200.0,40500.0,mixed,bear,-7006.0,-13910.0,-540.0,-1988.0,KOSDAQ,43050,2217,3083,0.4,운송인프라,False,
450950,아스테라시스,1.0,-155.06,174.98,288.33,379.44,476.0,734.0,913.0,15.55,66.64,103.92,44.5,193.0,268.5,31.6,25.45,54.2,24.39,54.2,55.94,-57.18,333.71,39.12,333.71,4년치 존재,4,25.21,,14.14,12.9,57084.0,73289.0,up,62.7,6390.0,4940.0,mixed,bull,-90612.0,-54396.0,-3923.0,-29296.0,KOSDAQ,6170,2322,73289,1.3,건강관리장비와용품,False,
377450,리파인,,-1910.99,664.84,678.48,615.72,,,,225.52,205.05,189.41,,,,-9.25,,,,-9.25,-7.63,,,,-7.63,1년치 존재,1,,,4.66,4.64,93084.0,7133.0,up,40.6,17200.0,9930.0,mixed,bear,-24833.0,-89345.0,9814.0,-4877.0,KOSDAQ,14170,2456,7133,0.1,상업서비스와공급품,False,
094480,갤럭시아머니트리,1.0,945.32,1323.9,1287.72,1297.0,,,,92.41,132.21,183.94,,,,0.72,,,,0.72,39.13,,,,39.13,1년치 존재,1,26.47,,7.18,240.11,365553.0,264386.0,down,48.2,6270.0,4230.0,up,bull,177937.0,-530039.0,2080.0,2582.0,KOSDAQ,5600,2197,264386,0.7,IT서비스,False,
018310,삼목에스폼,1.0,-239.24,4393.87,4019.01,3169.86,,,,1241.32,753.17,64.45,,,,-21.13,,,,-21.13,-91.44,,,,-91.44,1년치 존재,1,21.45,,0.8,20.51,16695.0,15196.0,down,61.1,15180.0,12620.0,up,bull,-13911.0,-33252.0,22679.0,91967.0,KOSDAQ,14930,2195,15196,0.9,건축제품,False,
083310,엘오티베큠,0.7005,-626.2,4730.28,2659.69,2448.93,,,,671.51,-41.72,-80.54,,,,-7.92,,,,-7.92,-93.05,,,,-93.05,1년치 존재,1,,,0.53,35.5,96893.0,101036.0,up,70.5,13300.0,6390.0,up,bull,95914.0,62332.0,66615.0,70394.0,KOSDAQ,12750,2271,101036,1.0,반도체와반도체장비,False,
389260,대명에너지,1.0,466.29,616.4,677.62,1309.71,1665.0,1843.0,,167.41,97.05,167.99,339.0,362.0,,93.28,27.13,10.69,,93.28,73.1,101.8,6.78,,101.8,3년치 존재,3,17.14,,17.72,127.05,87758.0,67394.0,up,53.3,16580.0,11130.0,mixed,bull,88346.0,104653.0,-4929.0,-18731.0,KOSDAQ,13530,2424,67394,0.8,에너지장비및서비스,False,
405100,큐알티,0.9799,35.24,532.57,652.51,688.61,850.0,1100.0,,7.52,47.67,47.83,122.0,215.0,,5.53,23.44,29.41,,29.41,0.34,155.07,76.23,,155.07,3년치 존재,3,75.54,,6.26,66.8,55244.0,95117.0,up,81.1,17790.0,8670.0,up,bull,31437.0,-44604.0,-3630.0,-7833.0,KOSDAQ,17790,2186,95117,1.7,반도체와반도체장비,False,
094360,칩스앤미디어,0.9941,-408.23,275.69,270.75,284.67,311.0,354.5,362.0,77.74,52.81,69.64,70.0,93.0,96.0,5.14,9.25,13.99,2.12,13.99,31.87,0.52,32.86,3.23,32.86,4년치 존재,4,45.5,,11.38,23.07,134748.0,119351.0,up,63.9,12990.0,8290.0,up,bull,71706.0,-3143.0,116021.0,117524.0,KOSDAQ,12620,2695,119351,0.9,반도체와반도체장비,False,
419530,SAMG엔터,1.0,-205.8,951.23,1164.38,1412.52,1645.0,1788.5,2033.0,-94.18,-61.09,226.33,233.0,302.0,375.0,21.31,16.46,8.72,13.67,21.31,470.49,2.95,29.61,24.17,470.49,4년치 존재,4,7.48,,4.26,45.05,86237.0,853697.0,up,68.6,32300.0,16890.0,mixed,bull,6696.0,46118.0,108122.0,10281.0,KOSDAQ,22050,2251,853697,9.9,방송과엔터테인먼트,False,
144510,지씨셀,,1068.53,1875.44,1744.51,1655.23,1722.0,,,40.77,-199.99,-137.94,-129.0,,,-5.12,4.03,,,4.03,31.03,6.48,,,31.03,2년치 존재,2,,,-80.06,77.03,42687.0,59072.0,up,60.4,15350.0,12710.0,up,bull,20712.0,-54475.0,-1573.0,635.0,KOSDAQ,15080,2383,59072,1.4,건강관리업체및서비스,False,
241520,DSC인베스트먼트,0.9716,,335.65,386.27,451.38,,,,175.45,149.54,223.39,,,,16.86,,,,16.86,49.38,,,,49.38,1년치 존재,1,12.56,,20.68,,107264.0,94964.0,up,48.7,8610.0,6300.0,up,bull,-2836.0,23873.0,-3885.0,5105.0,KOSDAQ,8150,2168,94964,0.9,창업투자,False,
377460,큐에이드,,799.0,2704.73,1163.04,916.49,,,,-1062.47,-9.27,-19.14,,,,-21.2,,,,-21.2,-106.47,,,,-106.47,1년치 존재,1,,,-1.04,187.69,,,,,,,,,0.0,0.0,0.0,0.0,KOSDAQ,4080,2532,0,,상업서비스와공급품,False,
126600,BGF에코머티리얼즈,1.0,1364.79,2856.59,3643.14,3978.86,,,,171.93,140.11,173.46,,,,9.22,,,,9.22,23.8,,,,23.8,1년치 존재,1,16.01,,3.87,67.44,214192.0,3178648.0,up,77.0,3565.0,2580.0,up,bull,34599.0,-46741.0,12233.0,15234.0,KOSDAQ,3565,2238,3178648,14.8,화학,False,
053030,바이넥스,0.9787,863.02,1548.25,1300.51,1684.75,1705.0,2144.0,2584.0,10.42,-307.55,-45.35,-71.0,131.0,249.0,29.55,1.2,25.75,20.52,29.55,85.25,-56.56,284.51,90.08,284.51,4년치 존재,4,,,-16.86,93.67,57720.0,33953.0,up,52.0,7660.0,5940.0,mixed,bull,52278.0,-40428.0,2587.0,-46457.0,KOSDAQ,6580,2151,33953,0.6,제약,False,
099430,바이오플러스,0.7502,363.08,650.43,664.1,908.96,,,,280.26,236.67,150.05,,,,36.87,,,,36.87,-36.6,,,,-36.6,1년치 존재,1,15.78,,8.32,48.06,165665.0,170582.0,up,71.0,4000.0,3210.0,mixed,bull,-81311.0,-140596.0,3007.0,-75058.0,KOSDAQ,3840,2367,170582,1.0,건강관리장비와용품,False,
389500,에스비비테크,,50.51,51.34,54.66,71.99,118.0,205.0,290.0,-55.72,-68.93,-68.63,-71.0,-17.0,19.0,31.71,63.91,73.73,41.46,73.73,0.44,-3.45,76.06,211.76,211.76,4년치 존재,4,,,-117.15,41.37,114031.0,58841.0,up,54.4,45500.0,25100.0,up,bull,6781.0,-104197.0,461.0,45055.0,KOSDAQ,42550,2835,58841,0.5,기계,False,
462350,이노스페이스,,-633.93,2.31,0.15,27.46,,,,-159.29,-329.04,-722.46,,,,18206.67,,,,18206.67,-119.57,,,,-119.57,1년치 존재,1,,,-95.34,17.66,387297.0,3217316.0,up,53.3,8730.0,4945.0,mixed,bull,-266198.0,-355415.0,121602.0,90322.0,KOSDAQ,6560,2223,3217316,8.3,우주항공과국방,False,
064850,에프앤가이드,1.0,-140.68,295.83,316.08,354.02,586.0,692.0,780.0,60.69,76.48,106.63,293.0,364.0,414.0,12.0,65.53,18.09,12.72,65.53,39.42,174.78,24.23,13.74,174.78,4년치 존재,4,23.78,,22.88,16.59,37581.0,50678.0,up,60.7,24600.0,14740.0,up,bull,2725.0,-58821.0,27450.0,79806.0,KOSDAQ,20600,2351,50678,1.3,IT서비스,False,
125020,티씨머티리얼즈,,202.62,2520.6,3038.95,2991.19,4799.0,6328.0,,86.89,109.27,67.99,213.0,367.0,,-1.57,60.44,31.86,,60.44,-37.78,213.28,72.3,,213.28,3년치 존재,3,,,13.31,80.72,847645.0,1594588.0,down,50.6,6410.0,3930.0,up,bear,-53472.0,-781532.0,-73414.0,-305949.0,KOSDAQ,6030,2113,1594588,1.9,전기장비,False,
307180,아이엘,0.4805,721.41,390.78,832.16,1028.64,,,,-167.43,53.27,-85.02,,,,23.61,,,,23.61,-259.6,,,,-259.6,1년치 존재,1,,,-38.54,288.19,251451.0,297517.0,down,52.0,6080.0,3870.0,up,bear,141961.0,239476.0,1141.0,4317.0,KOSDAQ,5690,2101,297517,1.2,디스플레이장비및부품,False,
293780,압타바이오,,-105.98,3.24,33.61,36.98,,,,-163.74,-188.54,-158.43,,,,10.03,,,,10.03,15.97,,,,15.97,1년치 존재,1,,,-33.15,28.9,51820.0,44627.0,up,73.6,8000.0,4090.0,up,bull,-18401.0,33887.0,9.0,-15162.0,KOSDAQ,7860,2208,44627,0.9,건강관리업체및서비스,False,
243840,신흥에스이씨,1.0,3439.15,5398.52,4328.31,4082.34,5188.0,6200.5,6873.5,436.52,131.73,59.27,201.0,323.5,394.0,-5.68,27.08,19.52,10.85,27.08,-55.01,239.13,60.95,21.79,239.13,4년치 존재,4,,,5.54,146.98,152363.0,279194.0,up,58.5,6290.0,3640.0,up,bull,69180.0,-171476.0,-1710.0,26191.0,KOSDAQ,5980,2306,279194,1.8,전기제품,False,
263860,지니언스,1.0,-362.71,428.92,496.05,483.81,566.5,610.0,679.0,64.67,98.4,70.07,115.0,131.0,149.0,-2.47,17.09,7.68,11.31,17.09,-28.79,64.12,13.91,13.74,64.12,4년치 존재,4,27.92,,17.23,30.77,571059.0,705421.0,up,69.9,24500.0,11510.0,up,bull,-104959.0,-185885.0,-8135.0,69535.0,KOSDAQ,23050,2093,705421,1.2,소프트웨어,False,
439960,코스모로보틱스,,-162.25,62.29,70.19,88.63,,,,-46.79,-88.75,-81.51,,,,26.27,,,,26.27,8.16,,,,8.16,1년치 존재,1,,,-659.24,14.52,2465237.0,1701063.0,up,25.7,19000.0,7040.0,down,bear,749090.0,669425.0,-443300.0,-331962.0,KOSDAQ,7040,2285,1701063,0.7,기계,False,
0001A0,덕양에너젠,1.0,27.52,,1373.7,1431.95,,,,,60.22,66.8,,,,4.24,,,,4.24,10.93,,,,10.93,1년치 존재,1,48.49,,11.41,62.09,134338.0,46018.0,up,48.1,9910.0,6800.0,mixed,bear,50170.0,-90813.0,-36547.0,-144452.0,KOSDAQ,8600,2190,46018,0.3,석유와가스,False,
180400,DXVX,,-352.15,412.44,339.47,293.57,,,,-154.49,-215.97,-243.17,,,,-13.52,,,,-13.52,-12.59,,,,-12.59,1년치 존재,1,,,-60.81,28.14,36037.0,18214.0,up,44.0,2760.0,1983.0,down,bull,-14067.0,-31409.0,0.0,0.0,KOSDAQ,2310,2274,18214,0.5,건강관리업체및서비스,False,
380540,옵티코어,,163.48,263.32,233.02,215.12,,,,-40.57,-65.23,-59.27,,,,-7.68,,,,-7.68,9.14,,,,9.14,1년치 존재,1,,,-103.03,403.9,,,,,,,,,0.0,0.0,0.0,0.0,KOSDAQ,8450,2067,0,,통신장비,False,
190510,나무가,1.0,-1122.24,3656.09,4503.63,4598.8,3587.0,4628.0,,227.25,209.49,281.85,151.0,278.0,,2.11,-22.0,29.02,,29.02,34.54,-46.43,84.11,,84.11,3년치 존재,3,8.69,,11.55,38.8,221540.0,61526.0,up,53.2,16480.0,11850.0,up,bear,-1330.0,-298777.0,2204.0,41934.0,KOSDAQ,15500,2183,61526,0.3,핸드셋,True,2026-09-10
078150,HB테크놀러지,1.0,-273.49,1116.47,1623.69,1603.11,,,,-220.63,-165.12,62.41,,,,-1.27,,,,-1.27,137.8,,,,137.8,1년치 존재,1,7.67,,17.11,30.44,1913206.0,1517468.0,up,60.9,2460.0,1601.0,up,bull,-99078.0,-1344741.0,8522.0,8529.0,KOSDAQ,2295,2178,1517468,0.8,디스플레이장비및부품,False,
215000,골프존,1.0,-972.27,6851.11,6199.81,4832.61,4361.0,4662.0,5074.0,1145.49,958.27,680.71,380.0,518.0,590.0,-22.05,-9.76,6.9,8.84,8.84,-28.96,-44.18,36.32,13.9,36.32,4년치 존재,4,8.79,,4.46,41.12,14526.0,7515.0,up,47.7,40450.0,34450.0,mixed,bull,-13771.0,-53465.0,-57.0,-2455.0,KOSDAQ,35900,2253,7515,0.5,"호텔,레스토랑,레저",False,
459510,나우로보틱스,,173.71,104.06,120.6,125.26,,,,-54.72,-28.56,-82.06,,,,3.86,,,,3.86,-187.32,,,,-187.32,1년치 존재,1,,,-63.77,231.62,110776.0,30199.0,up,50.3,17820.0,11210.0,up,bull,30463.0,-11065.0,1640.0,157590.0,KOSDAQ,15710,2039,30199,0.3,기계,False,
095500,미래나노텍,1.0,915.39,6940.26,6223.15,5385.33,,,,137.04,248.6,209.29,,,,-13.46,,,,-13.46,-15.81,,,,-15.81,1년치 존재,1,15.69,,3.35,94.57,68168.0,87459.0,up,55.0,7620.0,5730.0,mixed,bull,147582.0,140763.0,1898.0,3353.0,KOSDAQ,6990,2168,87459,1.3,디스플레이장비및부품,False,
475400,씨메스로보틱스,,-327.17,76.39,68.88,130.56,239.0,399.0,528.0,-99.88,-142.88,-184.11,-132.0,-44.0,37.0,89.55,83.06,66.95,32.33,89.55,-28.86,28.3,66.67,184.09,184.09,4년치 존재,4,,,-29.93,23.04,101915.0,36066.0,up,47.8,21550.0,14190.0,up,bull,37607.0,1991.0,-10975.0,-130702.0,KOSDAQ,18250,2155,36066,0.4,기계,True,2026-09-10
0008Z0,에스엔시스,1.0,-711.01,,1381.28,1444.25,1610.0,1900.0,2090.0,,154.78,177.39,220.0,280.0,310.0,4.56,11.48,18.01,10.0,18.01,14.61,24.02,27.27,10.71,27.27,4년치 존재,4,12.37,,12.56,36.24,15293.0,21424.0,down,50.4,25050.0,19510.0,mixed,bear,4855.0,18994.0,6387.0,10095.0,KOSDAQ,23650,2232,21424,1.4,조선,False,
314930,바이오다인,1.0,-147.47,,52.71,70.28,,,,,-17.3,6.52,,,,33.33,,,,33.33,137.69,,,,137.69,1년치 존재,1,233.33,,1.95,0.86,22303.0,10192.0,down,40.2,8580.0,6530.0,down,bull,-1230.0,-36700.0,-40.0,-37969.0,KOSDAQ,6680,1988,10192,0.5,건강관리장비와용품,False,
065680,우주일렉트로,1.0,-1297.61,1598.98,1761.82,1864.2,,,,80.14,201.25,218.1,,,,5.81,,,,5.81,8.37,,,,8.37,1년치 존재,1,9.95,,8.97,30.27,20250.0,8569.0,up,47.5,31700.0,19740.0,mixed,bull,-3031.0,44937.0,105.0,4108.0,KOSDAQ,23750,2147,8569,0.4,핸드셋,False,
194700,노바렉스,0.9848,-137.65,3021.67,2977.25,4042.6,4816.0,,,255.0,231.89,430.5,542.0,,,35.78,19.13,,,35.78,85.65,25.9,,,85.65,2년치 존재,2,5.48,,14.99,41.2,44569.0,47010.0,up,47.4,16800.0,10080.0,mixed,bull,12518.0,-64986.0,-54931.0,-73553.0,KOSDAQ,10630,1940,47010,1.1,건강관리업체및서비스,False,
064550,바이오니아,,202.99,2632.37,2939.75,3301.11,,,,7.92,-134.17,152.25,,,,12.29,,,,12.29,213.48,,,,213.48,1년치 존재,1,,,-3.19,69.74,571691.0,217901.0,down,48.4,11000.0,5790.0,mixed,bear,-2329.0,-584541.0,-2285.0,-6899.0,KOSDAQ,8610,2222,217901,0.4,생물공학,False,
353810,이지바이오,0.949,1283.84,1653.85,3843.31,4769.39,,,,206.31,323.91,449.9,,,,24.1,,,,24.1,38.9,,,,38.9,1년치 존재,1,6.97,,37.86,192.18,73418.0,106843.0,down,34.7,6830.0,5730.0,down,bear,-101936.0,-308931.0,16197.0,151236.0,KOSDAQ,5850,1935,106843,1.5,식품,False,
493280,아이엠바이오로직스,,-1227.12,,275.94,116.19,,,,-86.37,139.98,2.98,,,,-57.89,,,,-57.89,-97.87,,,,-97.87,1년치 존재,1,,,,1.95,189997.0,187048.0,up,58.7,21500.0,13800.0,mixed,bull,-21806.0,-236714.0,-88401.0,78539.0,KOSDAQ,18700,2776,187048,1.0,제약,False,
217730,강스템바이오텍,,-182.25,127.04,77.46,35.72,,,,-227.77,-148.42,-176.68,,,,-53.89,,,,-53.89,-19.04,,,,-19.04,1년치 존재,1,,,-18.75,20.98,228438.0,240776.0,up,50.3,2895.0,1949.0,mixed,bull,-3519.0,248191.0,158.0,43513.0,KOSDAQ,2230,2097,240776,1.1,생물공학,False,
176750,듀켐바이오,1.0,17.19,346.95,356.01,385.72,,,,52.56,50.76,74.43,,,,8.35,,,,8.35,46.63,,,,46.63,1년치 존재,1,33.98,,14.17,50.47,78034.0,204643.0,up,72.1,7730.0,5440.0,up,bull,-17716.0,7864.0,129.0,80.0,KOSDAQ,7730,2202,204643,2.6,제약,False,
199430,케이엔알시스템,,81.8,213.99,185.33,159.13,,,,-43.41,-77.22,-75.38,,,,-14.14,,,,-14.14,2.38,,,,2.38,1년치 존재,1,,,-33.15,105.14,152110.0,67624.0,up,47.9,20500.0,8890.0,mixed,bear,19135.0,-17760.0,1.0,-503.0,KOSDAQ,17120,1917,67624,0.4,기계,False,
005160,동국산업,,2327.58,7570.1,7902.88,7277.64,,,,-271.09,119.82,70.25,,,,-7.91,,,,-7.91,-41.37,,,,-41.37,1년치 존재,1,,,-5.74,94.69,3242470.0,609834.0,up,66.9,4105.0,2235.0,up,bull,15948.0,-299690.0,302128.0,309822.0,KOSDAQ,3855,2091,609834,0.2,철강,False,
005710,대원산업,1.0,-4449.34,7776.89,9314.73,10589.26,,,,472.41,749.82,707.54,,,,13.68,,,,13.68,-5.64,,,,-5.64,1년치 존재,1,2.72,,11.93,30.5,10990.0,19134.0,down,42.7,11670.0,10180.0,down,bear,-9363.0,23778.0,-2343.0,-8730.0,KOSDAQ,10420,2088,19134,1.7,자동차부품,False,
206640,바디텍메드,0.9905,-351.5,1342.19,1381.6,1620.93,,,,284.77,261.51,289.4,,,,17.32,,,,17.32,10.66,,,,10.66,1년치 존재,1,9.24,,11.1,16.13,26406.0,59051.0,up,56.8,11570.0,9340.0,mixed,bull,23419.0,-12529.0,-253.0,10789.0,KOSDAQ,9980,2186,59051,2.2,생명과학도구및서비스,False,
388050,지투파워,1.0,-330.49,494.13,554.23,773.78,1050.0,,,-9.45,36.7,88.07,133.0,,,39.61,35.7,,,39.61,139.97,51.02,,,139.97,2년치 존재,2,33.96,,18.86,96.2,1672926.0,980686.0,up,50.5,11180.0,5630.0,mixed,bear,25848.0,-31552.0,-738.0,-42918.0,KOSDAQ,10080,1886,980686,0.6,전기장비,False,
452450,피아이이,1.0,-2.55,858.38,1240.48,650.88,,,,39.94,94.33,-212.17,,,,-47.53,,,,-47.53,-324.92,,,,-324.92,1년치 존재,1,,,-50.77,202.21,824687.0,1363085.0,down,70.5,5880.0,2315.0,up,bull,17294.0,-228494.0,0.0,-5012.0,KOSDAQ,5730,2064,1363085,1.7,IT서비스,False,
014940,오리엔탈정공,1.0,-267.53,1575.33,2073.05,2072.56,,,,127.63,248.68,242.78,,,,-0.02,,,,-0.02,-2.37,,,,-2.37,1년치 존재,1,10.68,,16.52,66.9,115704.0,106929.0,up,45.3,5060.0,3820.0,down,bull,43231.0,39541.0,48.0,-93.0,KOSDAQ,4485,2044,106929,0.9,조선,False,
382900,범한퓨얼셀,1.0,992.05,305.16,361.95,433.61,760.0,1160.0,,-52.4,24.11,8.58,40.0,100.0,,19.8,75.27,52.63,,75.27,-64.41,366.2,150.0,,366.2,3년치 존재,3,136.67,,-2.17,114.29,270463.0,144014.0,up,58.3,26700.0,12450.0,up,bear,22047.0,51514.0,311.0,-8392.0,KOSDAQ,24800,2173,144014,0.5,전기제품,True,2026-09-24
143240,사람인,1.0,-1754.22,1315.44,1283.81,1212.36,,,,252.64,212.64,167.75,,,,-5.57,,,,-5.57,-21.11,,,,-21.11,1년치 존재,1,2.04,,43.98,15.23,10105.0,5703.0,up,55.5,17680.0,15540.0,up,bear,-18335.0,-48094.0,19836.0,49230.0,KOSDAQ,17500,1878,5703,0.6,상업서비스와공급품,False,
019010,베뉴지,0.9269,-3529.87,650.47,478.85,482.43,,,,92.17,184.34,150.45,,,,0.75,,,,0.75,-18.38,,,,-18.38,1년치 존재,1,2.17,,69.94,49.01,221714.0,49461.0,down,35.6,5550.0,3495.0,mixed,bear,-154237.0,-171472.0,10593.0,-16742.0,KOSDAQ,4225,2036,49461,0.2,"호텔,레스토랑,레저",False,
036190,금화피에스시,1.0,-1369.03,3376.1,3402.27,4234.34,,,,434.58,361.98,438.01,,,,24.46,,,,24.46,21.0,,,,21.0,1년치 존재,1,6.57,,7.85,26.84,3611.0,4551.0,down,46.2,34950.0,30200.0,mixed,bear,-1623.0,-7022.0,-1049.0,2916.0,KOSDAQ,33500,2010,4551,1.3,건설,False,
126730,코칩,1.0,-242.16,329.12,333.71,382.85,709.0,,,41.89,28.99,11.39,127.0,,,14.73,85.19,,,85.19,-60.71,1015.01,,,1015.01,2년치 존재,2,75.57,,12.23,17.82,712715.0,298208.0,down,62.5,25500.0,9880.0,up,bull,-8063.0,9243.0,737.0,3228.0,KOSDAQ,24550,2153,298208,0.4,전기제품,False,
355150,코스텍시스,,215.76,115.49,142.13,152.2,229.5,576.5,,-13.2,-18.95,1.84,53.0,175.0,,7.09,50.79,151.2,,151.2,109.71,2780.43,230.19,,2780.43,3년치 존재,3,,,8.29,94.57,129348.0,222355.0,up,59.7,25350.0,12450.0,up,bull,-112623.0,-212871.0,33737.0,17170.0,KOSDAQ,23900,1864,222355,1.7,반도체와반도체장비,False,
049430,코메론,0.9996,-1237.01,705.81,739.49,722.74,,,,89.75,199.32,179.87,,,,-2.27,,,,-2.27,-9.76,,,,-9.76,1년치 존재,1,8.73,,12.44,5.21,31249.0,24991.0,down,47.0,23350.0,18270.0,mixed,bear,-34470.0,-42290.0,59726.0,177408.0,KOSDAQ,21750,1968,24991,0.8,기계,False,
036170,에이치엠넥스,1.0,-7.71,,151.63,317.07,,,,,3.18,23.67,,,,109.11,,,,109.11,644.34,,,,644.34,1년치 존재,1,18.0,,8.5,21.22,293103.0,192420.0,up,70.9,3200.0,2165.0,up,bull,2624.0,-212125.0,-1229.0,23736.0,KOSDAQ,3200,1964,192420,0.7,디스플레이장비및부품,False,
045390,대아티아이,1.0,-7.48,1123.35,1491.49,1531.89,,,,35.62,78.0,75.59,,,,2.71,,,,2.71,-3.09,,,,-3.09,1년치 존재,1,10.33,,9.47,83.47,840901.0,410207.0,down,43.4,3795.0,2205.0,mixed,bear,-243502.0,-963597.0,815.0,37476.0,KOSDAQ,3000,2114,410207,0.5,도로와철도운송,False,
083930,아바코,1.0,-56.51,1868.52,3055.15,3928.96,,,,44.08,203.98,346.18,,,,28.6,,,,28.6,69.71,,,,69.71,1년치 존재,1,6.49,,8.34,103.08,30765.0,31578.0,up,71.2,12740.0,9580.0,up,bull,13777.0,3220.0,-766.0,-297.0,KOSDAQ,12670,1860,31578,1.0,전기제품,False,
234690,녹십자웰빙,0.8435,857.96,1205.35,1338.05,1646.8,1997.5,2494.0,2923.0,104.57,129.64,172.94,200.5,353.5,497.5,23.07,21.3,24.86,17.2,24.86,33.4,15.94,76.31,40.74,76.31,4년치 존재,4,19.31,,4.94,113.39,341110.0,357239.0,up,64.6,11150.0,7250.0,up,bull,314036.0,245706.0,69973.0,41458.0,KOSDAQ,10760,1933,357239,1.0,제약,False,
024060,흥구석유,,-17.12,1266.95,1168.52,1078.52,,,,0.87,-2.83,-9.95,,,,-7.7,,,,-7.7,-251.59,,,,-251.59,1년치 존재,1,,,0.52,21.74,3992452.0,651050.0,up,50.8,15250.0,9750.0,mixed,bear,113395.0,260531.0,-399.0,1897.0,KOSDAQ,12350,1853,651050,0.2,석유와가스,False,
950170,JTC,1.0,769.35,,1499.93,3086.21,3017.33,,,,219.01,475.52,59.16,,,105.76,-2.23,,,105.76,117.12,-87.56,,,117.12,2년치 존재,2,2.72,,-1.2,98.74,8472.0,2313.0,up,48.2,5090.0,4085.0,down,bull_cross,5941.0,26617.0,0.0,-885.0,KOSDAQ,4300,2097,2313,0.3,백화점과일반상점,False,
187870,디바이스,1.0,-619.0,571.52,471.6,840.83,1044.0,1345.0,1680.0,43.09,42.22,173.34,340.0,391.0,495.0,78.29,24.16,28.83,24.91,78.29,310.56,96.15,15.0,26.6,310.56,4년치 존재,4,10.94,,22.24,37.64,97699.0,175123.0,up,68.0,14510.0,9110.0,mixed,bull,-96486.0,-159903.0,24620.0,26190.0,KOSDAQ,13360,1852,175123,1.8,디스플레이장비및부품,False,
119610,인터로조,0.9935,285.02,1192.97,1158.4,1184.4,1379.0,1578.83,1826.2,51.92,58.16,194.83,287.83,350.33,431.0,2.24,16.43,14.49,15.67,16.43,234.99,47.73,21.71,23.03,234.99,4년치 존재,4,14.8,,11.35,60.16,37764.0,80903.0,up,68.4,17070.0,12760.0,up,bull,-58100.0,-136767.0,51111.0,54977.0,KOSDAQ,16780,1915,80903,2.1,건강관리장비와용품,False,
041920,메디아나,1.0,-859.22,784.21,570.39,649.45,940.0,1258.0,,94.02,13.09,59.5,160.0,234.0,,13.86,44.74,33.83,,44.74,354.55,168.91,46.25,,354.55,3년치 존재,3,36.29,,7.09,10.28,70865.0,71972.0,up,70.5,10300.0,7280.0,mixed,bull,9902.0,-72657.0,10569.0,11552.0,KOSDAQ,10290,1914,71972,1.0,건강관리장비와용품,False,
481070,에이유브랜즈,0.966,-266.65,418.86,446.01,600.09,,,,162.15,124.29,100.81,,,,34.55,,,,34.55,-18.89,,,,-18.89,1년치 존재,1,24.46,,16.47,46.3,13112.0,8689.0,down,40.0,21550.0,14000.0,down,bear,1549.0,-46464.0,-13890.0,-8337.0,KOSDAQ,14410,2070,8689,0.7,"섬유,의류,신발,호화품",False,
484810,티엑스알로보틱스,,-107.58,262.28,572.27,566.33,,,,35.96,52.68,-7.72,,,,-1.04,,,,-1.04,-114.65,,,,-114.65,1년치 존재,1,,,-27.21,65.79,161522.0,62932.0,down,41.2,17830.0,7800.0,down,bull,5867.0,-88164.0,-169.0,-103511.0,KOSDAQ,11930,1843,62932,0.4,기계,False,
163730,핑거,0.8889,-396.96,831.27,716.06,916.07,1347.0,1948.0,3325.0,36.7,-4.7,14.68,78.0,177.0,296.0,27.93,47.04,44.62,70.69,70.69,412.34,431.34,126.92,67.23,431.34,4년치 존재,4,640.54,,8.55,84.82,153795.0,165030.0,up,78.6,14900.0,6630.0,up,bull,-46061.0,-78323.0,-3181.0,-10827.0,KOSDAQ,14850,1896,165030,1.1,IT서비스,True,2026-09-30
036560,KZ정밀,,-120.03,1387.02,1127.13,1105.13,,,,208.1,152.03,101.8,,,,-1.95,,,,-1.95,-33.04,,,,-33.04,1년치 존재,1,,,3.9,25.6,4544.0,4558.0,down,43.2,12570.0,11360.0,mixed,bear,-11551.0,-33886.0,203.0,612.0,KOSDAQ,11970,1885,4558,1.0,기계,False,
058970,엠로,1.0,-238.36,631.74,794.56,839.8,849.0,1076.0,1284.0,46.63,86.06,9.1,16.0,103.0,172.0,5.69,1.1,26.74,19.33,26.74,-89.43,75.82,543.75,66.99,543.75,4년치 존재,4,69.65,,3.19,18.66,20310.0,18973.0,up,51.7,17880.0,12500.0,up,bull,-2039.0,-26317.0,-803.0,19108.0,KOSDAQ,16500,2040,18973,0.9,소프트웨어,True,2026-08-24
068790,DMS,0.9245,315.45,3070.57,1095.94,1554.71,,,,727.76,-39.25,42.36,,,,41.86,,,,41.86,207.92,,,,207.92,1년치 존재,1,1.39,,37.53,34.82,52314.0,69096.0,up,68.2,8530.0,6260.0,mixed,bull,72679.0,166448.0,74.0,-222.0,KOSDAQ,8250,1830,69096,1.3,디스플레이장비및부품,False,
464080,에스오에스랩,,83.19,41.03,49.36,60.86,,,,-83.27,-128.31,-161.31,,,,23.3,,,,23.3,-25.72,,,,-25.72,1년치 존재,1,,,-112.46,391.85,100524.0,100401.0,up,54.9,11020.0,6790.0,up,bull,5814.0,98202.0,17967.0,-62126.0,KOSDAQ,10410,1875,100401,1.0,전자장비와기기,False,
251370,와이엠티,,442.69,1274.1,1372.31,1446.04,,,,-31.7,35.94,129.25,,,,5.37,,,,5.37,259.63,,,,259.63,1년치 존재,1,,,-2.17,64.18,122554.0,287710.0,up,75.0,10120.0,6540.0,mixed,bull,-123015.0,-178063.0,-4206.0,-66838.0,KOSDAQ,10120,1823,287710,2.3,화학,False,
462860,더즌,1.0,-1704.73,420.63,626.58,599.71,,,,106.71,100.23,136.28,,,,-4.29,,,,-4.29,35.97,,,,35.97,1년치 존재,1,18.14,,16.3,180.38,3645324.0,486343.0,down,47.6,3375.0,1652.0,mixed,bear,-20708.0,163490.0,0.0,-76046.0,KOSDAQ,2785,1999,486343,0.1,IT서비스,False,
260970,에스앤디,,-585.31,882.76,1161.39,1509.37,,,,128.79,201.16,230.06,,,,29.96,,,,29.96,14.37,,,,14.37,1년치 존재,1,,,28.67,39.05,13634.0,27734.0,up,68.8,63000.0,46700.0,up,bull,-5206.0,-9915.0,3084.0,18078.0,KOSDAQ,63000,1822,27734,2.0,식품,False,
304100,솔트룩스,,-327.28,308.29,459.44,416.36,,,,-92.92,-66.32,-80.42,,,,-9.38,,,,-9.38,-21.26,,,,-21.26,1년치 존재,1,,,-15.99,61.85,71187.0,66676.0,up,45.7,18600.0,10250.0,mixed,bear_cross,74115.0,185764.0,75.0,-64186.0,KOSDAQ,14820,1866,66676,0.9,IT서비스,False,
054210,이랜텍,1.0,2009.3,7511.65,5560.14,7531.6,,,,304.43,161.01,431.66,,,,35.46,,,,35.46,168.1,,,,168.1,1년치 존재,1,6.78,,17.44,128.68,105482.0,127735.0,up,56.5,8180.0,6020.0,mixed,bull,101407.0,167034.0,-138007.0,-368783.0,KOSDAQ,7150,1808,127735,1.2,핸드셋,False,
053300,한국정보인증,0.9319,-723.45,922.19,1218.93,1384.66,,,,139.67,188.59,270.61,,,,13.6,,,,13.6,43.49,,,,43.49,1년치 존재,1,8.12,,9.8,70.44,588169.0,295383.0,up,57.9,5630.0,3970.0,up,bull,81337.0,-205748.0,78008.0,211167.0,KOSDAQ,5370,2125,295383,0.5,IT서비스,False,
0015G0,그린광학,1.0,82.19,267.38,317.32,417.52,,,,-16.0,1.95,22.02,,,,31.58,,,,31.58,1029.23,,,,1029.23,1년치 존재,1,87.94,,9.8,58.29,63017.0,78376.0,up,53.4,17760.0,11500.0,mixed,bull,-33412.0,-27937.0,1130.0,736.0,KOSDAQ,15390,1801,78376,1.2,우주항공과국방,False,
082800,비보존 제약,,227.68,713.18,876.01,593.43,,,,25.85,28.53,-191.66,,,,-32.26,,,,-32.26,-771.78,,,,-771.78,1년치 존재,1,,,-33.76,71.59,158375.0,197810.0,up,57.5,3355.0,2155.0,up,bull,59811.0,21733.0,-1027.0,0.0,KOSDAQ,3055,1855,197810,1.2,제약,False,
318060,그래피,1.0,101.95,104.48,161.25,205.33,351.0,484.0,694.0,-69.78,-91.7,-110.54,-34.0,70.0,224.0,27.34,70.94,37.89,43.39,70.94,-20.55,69.24,305.88,220.0,305.88,4년치 존재,4,,,-182.49,107.11,47709.0,75553.0,down,41.3,22300.0,15410.0,down,bull,-27121.0,-122948.0,2781.0,-11543.0,KOSDAQ,16050,1797,75553,1.6,건강관리장비와용품,False,
102940,코오롱생명과학,1.0,1256.38,1246.39,1613.87,2089.82,,,,-240.95,-220.84,175.72,,,,29.49,,,,29.49,179.57,,,,179.57,1년치 존재,1,7.69,,7.12,55.55,46864.0,66650.0,up,43.8,42100.0,13300.0,mixed,bull,33838.0,-29927.0,-1170.0,8053.0,KOSDAQ,14670,1920,66650,1.4,제약,False,
141000,비아트론,1.0,-784.79,280.14,580.35,651.19,716.3,,,-16.83,67.58,91.8,55.4,,,12.21,10.0,,,12.21,35.84,-39.65,,,35.84,2년치 존재,2,16.53,,5.72,13.26,193588.0,2812021.0,up,92.6,14670.0,6780.0,up,bull,16227.0,41850.0,19946.0,-15391.0,KOSDAQ,14670,1777,2812021,14.5,디스플레이장비및부품,False,
220100,퓨쳐켐,,-163.35,139.68,172.93,186.71,,,,-84.12,-94.67,-77.53,,,,7.97,,,,7.97,18.1,,,,18.1,1년치 존재,1,,,-20.36,24.14,124197.0,65676.0,up,57.2,7600.0,5758.0,mixed,bull,-5400.0,-311692.0,-39259.0,-254655.0,KOSDAQ,7170,1851,65676,0.5,제약,False,
034810,해성산업,,7041.81,23084.06,22204.28,22600.79,,,,1062.86,714.18,418.41,,,,1.79,,,,1.79,-41.41,,,,-41.41,1년치 존재,1,,,-7.85,114.59,9841.0,5854.0,down,39.1,6490.0,5750.0,down,bear_cross,-9082.0,-39198.0,-1759.0,-1046.0,KOSDAQ,5860,1851,5854,0.6,종이와목재,False,
013120,동원개발,1.0,1317.35,7365.57,5203.74,3873.45,3570.0,4070.0,4920.0,300.0,210.11,170.96,210.0,250.0,380.0,-25.56,-7.83,14.01,20.88,20.88,-18.63,22.84,19.05,52.0,52.0,4년치 존재,4,7.25,,2.45,37.07,60906.0,39981.0,down,43.3,2635.0,2010.0,down,bull,-104065.0,-303943.0,-236.0,95.0,KOSDAQ,2090,1898,39981,0.7,건설,True,2026-08-27
192440,슈피겐코리아,1.0,-2095.52,4473.99,4652.94,4636.98,,,,353.16,217.49,332.13,,,,-0.34,,,,-0.34,52.71,,,,52.71,1년치 존재,1,6.08,,9.73,7.94,4614.0,5409.0,down,39.9,30600.0,27900.0,mixed,bear,-3987.0,4711.0,0.0,-6677.0,KOSDAQ,28400,1765,5409,1.2,핸드셋,False,
230240,에치에프알,1.0,430.15,1641.84,1570.94,1419.83,1193.0,2257.0,2806.0,-84.18,-202.37,-15.82,-244.0,225.0,540.0,-9.62,-15.98,89.19,24.32,89.19,92.18,-1442.35,192.21,140.0,192.21,4년치 존재,4,,,-12.31,79.55,198998.0,121641.0,up,52.8,18000.0,11230.0,mixed,bull,-100773.0,-261717.0,-1364.0,164987.0,KOSDAQ,13830,1841,121641,0.6,통신장비,False,
214180,헥토이노베이션,0.815,-3433.95,2884.89,3194.72,3758.23,4481.0,5180.5,5906.5,380.28,488.56,501.81,588.0,764.0,900.5,17.64,19.23,15.61,14.01,19.23,2.71,17.18,29.93,17.87,29.93,4년치 존재,4,6.0,,11.56,114.99,43211.0,31659.0,up,49.5,15590.0,12420.0,down,bull,19635.0,-37302.0,1426.0,1699.0,KOSDAQ,14110,1833,31659,0.7,IT서비스,False,
394800,쓰리빌리언,,-90.76,,57.72,117.09,,,,,-74.19,-58.89,,,,102.86,,,,102.86,20.62,,,,20.62,1년치 존재,1,,,-20.87,98.08,955300.0,569014.0,up,53.9,7190.0,4105.0,mixed,bull,68700.0,-1392804.0,-264406.0,-653413.0,KOSDAQ,5910,1881,569014,0.6,건강관리기술,False,
086820,바이오솔루션,1.0,75.28,,128.89,152.0,,,,,-50.69,-43.41,,,,17.93,,,,17.93,14.36,,,,14.36,1년치 존재,1,638.1,,2.5,60.42,56035.0,23542.0,up,54.0,7300.0,5610.0,up,bull,60164.0,70917.0,1.0,-43.0,KOSDAQ,6720,1742,23542,0.4,생물공학,False,
138610,나이벡,,-123.22,157.04,245.5,327.19,,,,-22.3,-49.27,50.26,,,,33.27,,,,33.27,202.01,,,,202.01,1년치 존재,1,,,-0.05,34.62,35516.0,20787.0,up,55.4,19100.0,12200.0,mixed,bull,61460.0,47203.0,13.0,95.0,KOSDAQ,16040,1823,20787,0.6,건강관리장비와용품,False,
094820,일진파워,0.9492,287.08,1908.27,1930.88,2519.85,,,,131.2,102.73,241.21,,,,30.5,,,,30.5,134.8,,,,134.8,1년치 존재,1,9.82,,15.79,113.92,106181.0,111287.0,up,50.8,13070.0,9430.0,up,bull,29315.0,-76866.0,-473.0,-4399.0,KOSDAQ,12090,1823,111287,1.0,건설,False,
016790,현대사료,1.0,-108.07,1606.01,1284.62,1130.27,,,,-96.12,26.56,49.91,,,,-12.02,,,,-12.02,87.91,,,,87.91,1년치 존재,1,42.72,,2.6,48.04,,,,,,,,,0.0,0.0,0.0,0.0,KOSDAQ,994,1873,0,,식품,False,
108380,대양전기공업,1.0,-1083.48,1543.47,1962.79,2300.95,2451.0,2563.0,2656.0,37.34,156.86,270.6,295.0,320.0,336.0,17.23,6.52,4.57,3.63,17.23,72.51,9.02,8.47,5.0,72.51,4년치 존재,4,7.0,,11.1,24.64,26213.0,16001.0,down,46.1,19190.0,14610.0,mixed,bear,-2948.0,18104.0,1075.0,23753.0,KOSDAQ,18130,1735,16001,0.6,조선,False,
042510,라온시큐어,0.9992,-18.92,518.41,624.93,637.51,625.0,718.0,814.0,-16.53,19.67,27.82,32.0,68.0,90.0,2.01,-1.96,14.88,13.37,14.88,41.43,15.03,112.5,32.35,112.5,4년치 존재,4,53.7,,8.95,35.21,2604974.0,18485888.0,up,81.5,16350.0,6820.0,up,bull,-7969.0,-131605.0,14901.0,23046.0,KOSDAQ,16350,1816,18485888,7.1,소프트웨어,False,
403850,더핑크퐁컴퍼니,1.0,-1696.7,878.45,973.68,938.62,,,,39.89,188.11,193.62,,,,-3.6,,,,-3.6,2.93,,,,2.93,1년치 존재,1,9.99,,27.03,10.46,79491.0,286874.0,up,54.7,13960.0,9600.0,mixed,bear,40619.0,63303.0,-4510.0,73561.0,KOSDAQ,12640,1814,286874,3.6,방송과엔터테인먼트,False,
066620,국보디자인,1.0,-3282.89,4012.68,4216.41,4388.87,,,,324.1,417.0,457.62,,,,4.09,,,,4.09,9.74,,,,9.74,1년치 존재,1,4.69,,28.61,36.79,3980.0,16272.0,up,47.8,26500.0,23000.0,mixed,bear,-2597.0,460.0,-428.0,377.0,KOSDAQ,24800,1860,16272,4.1,건설,False,
119830,아이텍,1.0,-1426.23,522.34,486.32,485.18,,,,-73.04,-21.88,-2.57,,,,-0.23,,,,-0.23,88.25,,,,88.25,1년치 존재,1,,,-5.82,36.56,131511.0,115849.0,up,53.6,7560.0,4790.0,up,bull,-33533.0,10518.0,16967.0,-21843.0,KOSDAQ,6500,1725,115849,0.9,반도체와반도체장비,False,
084990,헬릭스미스,,-533.0,42.02,49.74,25.98,,,,-352.45,-179.55,-98.98,,,,-47.77,,,,-47.77,44.87,,,,44.87,1년치 존재,1,,,-1.15,1.13,232272.0,454762.0,up,74.1,3920.0,2805.0,mixed,bull,-238655.0,-267804.0,1556.0,-3277.0,KOSDAQ,3920,1807,454762,2.0,생물공학,False,
012860,모베이스전자,0.9579,2204.76,9393.53,9715.49,10440.89,,,,277.49,343.89,367.89,,,,7.47,,,,7.47,6.98,,,,6.98,1년치 존재,1,9.03,,10.03,215.03,491898.0,888642.0,up,55.7,2630.0,1979.0,up,bull,-266568.0,-525793.0,-3689.0,-7277.0,KOSDAQ,2455,1798,888642,1.8,자동차부품,False,
080720,한국유니온제약,,-318.22,631.69,512.8,363.78,,,,-52.33,-134.94,-172.32,,,,-29.06,,,,-29.06,-27.7,,,,-27.7,1년치 존재,1,,,-137.86,130.41,,,,,,,,,0.0,0.0,0.0,0.0,KOSDAQ,2410,1924,0,,제약,False,
092130,이크레더블,1.0,-398.75,410.99,450.86,500.19,533.0,559.0,584.0,126.06,149.61,155.81,160.0,169.0,178.0,10.94,6.56,4.88,4.47,10.94,4.14,2.69,5.62,5.33,5.62,4년치 존재,4,13.27,,31.63,36.01,2870.0,3572.0,down,46.7,14510.0,13940.0,mixed,bear,-4820.0,-3736.0,2.0,15.0,KOSDAQ,14190,1709,3572,1.2,상업서비스와공급품,False,
308430,셀비온,,-373.14,14.71,22.9,19.45,,,,-50.43,-71.37,-82.45,,,,-15.07,,,,-15.07,-15.52,,,,-15.52,1년치 존재,1,,,24.8,130.61,34318.0,21375.0,up,50.5,15000.0,10570.0,up,bull,-9612.0,-90192.0,3025.0,6467.0,KOSDAQ,13800,1781,21375,0.6,제약,False,
478340,나라스페이스테크놀로지,,-267.24,16.28,42.99,132.37,,,,-30.02,-44.33,-54.61,,,,207.91,,,,207.91,-23.19,,,,-23.19,1년치 존재,1,,,-28.35,38.38,1677749.0,404743.0,up,62.6,17090.0,7970.0,up,bull,-13760.0,-301782.0,1631.0,-668449.0,KOSDAQ,15290,1775,404743,0.2,우주항공과국방,False,
052330,코텍,0.9999,-930.53,3271.07,3079.89,3968.4,,,,47.96,235.48,377.86,,,,28.85,,,,28.85,60.46,,,,60.46,1년치 존재,1,6.53,,13.3,22.14,13595.0,9516.0,down,29.6,12620.0,10270.0,down,bear,-10855.0,-52913.0,-1792.0,-2473.0,KOSDAQ,10410,1849,9516,0.7,디스플레이패널,False,
088800,에이스테크,,621.37,1400.47,1450.76,1784.26,,,,-622.91,-311.49,-221.53,,,,22.99,,,,22.99,28.88,,,,28.88,1년치 존재,1,,,-37.27,332.94,683190.0,319919.0,up,58.2,2510.0,1434.0,up,bull,-136735.0,-441341.0,7.0,44.0,KOSDAQ,2340,1767,319919,0.5,통신장비,False,
264450,유비쿼스,1.0,-698.33,1502.78,1037.93,1164.38,1277.0,1452.0,1613.0,290.39,123.71,231.04,278.0,293.0,350.0,12.18,9.67,13.7,11.09,13.7,86.76,20.33,5.4,19.45,86.76,4년치 존재,4,7.07,,16.79,16.4,73374.0,32587.0,up,65.4,11810.0,9140.0,up,bull,-5672.0,-84445.0,3893.0,100386.0,KOSDAQ,11600,1701,32587,0.4,통신장비,False,
264850,이랜시스,1.0,-71.5,684.49,715.58,695.75,,,,54.48,58.55,38.86,,,,-2.77,,,,-2.77,-33.63,,,,-33.63,1년치 존재,1,41.57,,7.75,26.48,541293.0,334237.0,up,51.9,6900.0,3620.0,up,bull,-35582.0,-213021.0,0.0,0.0,KOSDAQ,5820,1763,334237,0.6,전자장비와기기,False,
051160,지어소프트,0.6576,-1519.53,5089.05,5471.75,5871.3,,,,152.07,290.93,251.29,,,,7.3,,,,7.3,-13.63,,,,-13.63,1년치 존재,1,14.5,,10.74,37.55,402483.0,218284.0,up,67.2,13770.0,7120.0,up,bull,82857.0,491450.0,34591.0,8079.0,KOSDAQ,13590,1832,218284,0.5,판매업체,False,
489460,바이오비쥬,1.0,-150.68,,296.33,284.91,380.0,,,,92.27,42.27,100.0,,,-3.85,33.38,,,33.38,-54.19,136.57,,,136.57,2년치 존재,2,42.08,,10.42,5.49,67434.0,99899.0,up,57.9,12400.0,5990.0,up,bear,-6804.0,59203.0,0.0,-5673.0,KOSDAQ,11840,1747,99899,1.5,화장품,False,
032620,GC메디아이,0.9777,55.28,1540.41,1905.97,1976.96,,,,35.09,51.63,75.22,,,,3.72,,,,3.72,45.69,,,,45.69,1년치 존재,1,4.55,,-1.19,43.71,36272.0,33418.0,up,62.2,3250.0,2740.0,up,bull,-6158.0,-30291.0,-7267.0,554.0,KOSDAQ,3220,1681,33418,0.9,건강관리기술,False,
274090,켄코아에어로스페이스,,180.77,911.43,861.54,763.94,,,,8.77,-53.52,-92.31,,,,-11.33,,,,-11.33,-72.48,,,,-72.48,1년치 존재,1,,,-6.49,38.93,1443010.0,4585198.0,up,54.1,13700.0,7600.0,up,bull,-399278.0,-1157248.0,993.0,-8929.0,KOSDAQ,12180,1678,4585198,3.2,우주항공과국방,False,
086670,비엠티,1.0,809.49,1496.06,1328.09,1469.91,1840.0,,,174.32,64.66,153.14,200.0,,,10.68,25.18,,,25.18,136.84,30.6,,,136.84,2년치 존재,2,9.86,,16.6,79.82,51748.0,39414.0,up,59.2,19620.0,13410.0,up,bull,-5859.0,90851.0,931.0,14415.0,KOSDAQ,18890,1875,39414,0.8,기계,False,
445180,퓨릿,,-285.13,1204.59,1225.37,1425.47,1691.0,1859.0,2035.0,128.38,139.59,172.18,227.0,245.0,280.0,16.33,18.63,9.93,9.47,18.63,23.35,31.84,7.93,14.29,31.84,4년치 존재,4,,,17.07,13.65,69244.0,37338.0,up,67.2,10130.0,6160.0,up,bull,-75490.0,-70924.0,41285.0,75199.0,KOSDAQ,9720,1671,37338,0.5,반도체와반도체장비,False,
0082N0,카나프테라퓨틱스,,-449.95,3.48,42.52,55.61,,,,-104.8,-47.23,-42.73,,,,30.79,,,,30.79,9.53,,,,9.53,1년치 존재,1,,,,4.36,72651.0,42960.0,up,49.0,17400.0,9240.0,mixed,bull,-22976.0,143360.0,-55810.0,-359559.0,KOSDAQ,13060,1737,42960,0.6,제약,False,
051370,인터플렉스,1.0,-655.77,4381.58,4974.66,4679.64,4395.0,4519.0,4730.0,216.46,343.71,286.46,70.0,222.0,260.0,-5.93,-6.08,2.82,4.67,4.67,-16.66,-75.56,217.14,17.12,217.14,4년치 존재,4,5.06,,10.21,22.98,258524.0,198144.0,up,56.7,7610.0,5690.0,up,bull,-98410.0,-288487.0,276.0,-1153.0,KOSDAQ,7130,1663,198144,0.8,전자장비와기기,False,
372170,윤성에프앤씨,1.0,-529.84,3128.81,2713.33,1001.75,,,,264.74,319.14,-316.42,,,,-63.08,,,,-63.08,-199.15,,,,-199.15,1년치 존재,1,,,3.51,52.54,13512.0,85992.0,up,66.5,23350.0,12460.0,up,bull,6220.0,-1122.0,-155.0,534.0,KOSDAQ,23350,1863,85992,6.4,전자장비와기기,False,
013990,아가방컴퍼니,1.0,-213.4,1864.13,1827.43,1890.78,,,,165.76,152.06,139.87,,,,3.47,,,,3.47,-8.02,,,,-8.02,1년치 존재,1,14.95,,11.96,32.14,81815.0,200423.0,up,70.4,5290.0,3400.0,up,bull,2385.0,4200.0,0.0,1.0,KOSDAQ,5250,1727,200423,2.4,"섬유,의류,신발,호화품",False,
086890,이수앱지스,,-19.21,543.06,602.58,566.72,,,,38.86,134.02,16.34,,,,-5.95,,,,-5.95,-87.81,,,,-87.81,1년치 존재,1,,,-7.25,29.99,85227.0,65000.0,up,76.9,4040.0,2975.0,up,bull,7171.0,-61850.0,-7242.0,-4695.0,KOSDAQ,4040,1647,65000,0.8,제약,False,
432720,퀄리타스반도체,,-334.01,107.75,60.75,53.5,,,,-111.86,-226.94,-244.72,,,,-11.93,,,,-11.93,-7.83,,,,-7.83,1년치 존재,1,,,-52.67,166.06,272641.0,166037.0,up,61.6,12580.0,6160.0,up,bull,-8761.0,-100351.0,2524.0,15048.0,KOSDAQ,11610,1647,166037,0.6,반도체와반도체장비,False,
126700,하이비젼시스템,1.0,-708.12,3482.81,3120.12,1710.97,2789.0,4022.0,4877.0,587.96,309.87,-325.54,163.0,440.0,584.0,-45.16,63.01,44.21,21.26,63.01,-205.06,150.07,169.94,32.73,169.94,4년치 존재,4,,,-5.82,45.44,39899.0,98244.0,up,69.7,12410.0,8450.0,up,bull,16693.0,-3374.0,4857.0,-2729.0,KOSDAQ,12410,1854,98244,2.5,핸드셋,False,
950140,잉글우드랩,1.0,-316.98,2067.84,1822.2,2167.9,2035.0,2340.0,,288.55,187.95,373.68,274.0,326.0,,18.97,-6.13,14.99,,18.97,98.82,-26.68,18.98,,98.82,3년치 존재,3,6.59,,20.16,31.16,12642.0,12658.0,down,46.7,9940.0,7720.0,down,bull,10206.0,-25468.0,-346.0,-3551.0,KOSDAQ,8230,1635,12658,1.0,화장품,False,
143160,아이디스,0.7318,-911.64,2781.89,3136.46,3275.96,,,,226.46,160.87,212.42,,,,4.45,,,,4.45,32.04,,,,32.04,1년치 존재,1,10.05,,8.19,31.57,3319.0,2459.0,up,48.9,16330.0,14900.0,mixed,bear,-1274.0,-27256.0,9.0,-17.0,KOSDAQ,15990,1714,2459,0.7,전자장비와기기,False,
065660,안트로젠,,-426.85,65.0,69.33,75.36,,,,-50.74,-37.5,-24.33,,,,8.7,,,,8.7,35.12,,,,35.12,1년치 존재,1,,,-1.89,2.75,19822.0,86829.0,up,62.3,19530.0,14300.0,mixed,bull,-9293.0,-13110.0,36801.0,40627.0,KOSDAQ,16250,1626,86829,4.4,제약,False,
357550,석경에이티,1.0,-126.49,121.97,138.16,175.47,,,,35.02,20.19,38.98,,,,27.0,,,,27.0,93.07,,,,93.07,1년치 존재,1,46.68,,10.18,22.96,2326.0,1515.0,up,52.0,37500.0,30150.0,mixed,bull,1093.0,-1501.0,-200.0,739.0,KOSDAQ,32500,1773,1515,0.7,화학,False,
388790,라이콤,,-49.06,194.63,131.37,176.88,,,,-21.22,-53.42,5.82,,,,34.64,,,,34.64,110.89,,,,110.89,1년치 존재,1,,,3.17,42.57,1122876.0,911704.0,up,57.0,5800.0,2985.0,up,bull,9638.0,-405361.0,-42253.0,-54152.0,KOSDAQ,5290,1619,911704,0.8,통신장비,False,
194480,데브시스터즈,0.9939,-420.23,1611.43,2361.87,2955.78,2556.0,3017.0,3334.5,-479.93,271.85,63.5,-297.0,136.0,211.5,25.15,-13.53,18.04,10.52,25.15,-76.64,-567.72,145.79,55.51,145.79,4년치 존재,4,16.22,,-25.6,100.24,49466.0,23636.0,down,38.5,22450.0,13950.0,down,bull,-28431.0,50314.0,5700.0,-151910.0,KOSDAQ,13990,1702,23636,0.5,게임엔터테인먼트,False,
067290,JW신약,1.0,33.37,1042.35,930.14,810.44,,,,56.28,99.53,74.55,,,,-12.87,,,,-12.87,-25.1,,,,-25.1,1년치 존재,1,10.27,,46.3,43.0,14906181.0,7448000.0,down,45.0,3890.0,1376.0,mixed,bear,-85812.0,16082.0,1733.0,-31287.0,KOSDAQ,2870,1608,7448000,0.5,제약,False,
402030,코난테크놀로지,,-167.68,244.28,263.19,339.8,,,,-109.95,-141.06,-98.65,,,,29.11,,,,29.11,30.07,,,,30.07,1년치 존재,1,,,-51.04,76.46,17619.0,12141.0,up,44.6,16700.0,10120.0,down,bull,10662.0,38845.0,-268.0,-46253.0,KOSDAQ,12820,1605,12141,0.7,소프트웨어,False,
066410,버킷스튜디오,,18.04,171.85,174.61,172.73,,,,-74.19,-82.62,-61.83,,,,-1.08,,,,-1.08,25.16,,,,25.16,1년치 존재,1,,,-35.41,9.56,,,,,,,,,0.0,0.0,0.0,0.0,KOSDAQ,1153,1596,0,,IT서비스,False,
290690,아리바이오홀딩스,,549.83,598.28,506.89,382.68,,,,5.16,-66.19,-67.17,,,,-24.5,,,,-24.5,-1.48,,,,-1.48,1년치 존재,1,,,14.29,72.98,1004718.0,618140.0,down,34.7,5080.0,2970.0,down,bear,498595.0,534389.0,875.0,875.0,KOSDAQ,3175,1685,618140,0.6,디스플레이장비및부품,False,
078070,유비쿼스홀딩스,0.6055,-1088.16,1716.0,1256.49,1556.62,,,,325.98,143.48,306.05,,,,23.89,,,,23.89,113.3,,,,113.3,1년치 존재,1,7.77,,12.23,9.51,20323.0,17126.0,up,63.6,9710.0,7590.0,up,bull,8571.0,-38581.0,2090.0,1887.0,KOSDAQ,9280,1583,17126,0.8,통신장비,False,
204610,티쓰리,0.8236,-634.56,509.64,593.18,695.12,,,,75.6,105.23,170.14,,,,17.19,,,,17.19,61.68,,,,61.68,1년치 존재,1,9.35,,17.96,12.82,87010.0,57070.0,down,30.3,3440.0,2805.0,down,bear,-37625.0,-68480.0,-12206.0,-20281.0,KOSDAQ,2840,1583,57070,0.7,게임엔터테인먼트,False,
093190,빅솔론,0.9995,-434.4,1081.28,1134.92,1334.68,,,,92.72,94.25,159.13,,,,17.6,,,,17.6,68.84,,,,68.84,1년치 존재,1,8.63,,14.56,19.53,11652.0,14248.0,up,46.9,9250.0,7790.0,down,bear,-20440.0,-35168.0,1170.0,220.0,KOSDAQ,8220,1581,14248,1.2,컴퓨터와주변기기,False,
245620,EDGC,1.0,34.89,884.57,309.42,78.86,,,,-93.59,-126.31,-15.97,,,,-74.51,,,,-74.51,87.36,,,,87.36,1년치 존재,1,5.92,,296.46,69.19,,,,,,,,,0.0,0.0,0.0,0.0,KOSDAQ,741,1671,0,,생명과학도구및서비스,False,
494120,큐리오시스,,-144.65,32.14,54.15,73.03,152.0,,,-65.59,-62.08,-75.26,-17.0,,,34.87,108.13,,,108.13,-21.23,77.41,,,77.41,2년치 존재,2,,,-50.35,29.21,103738.0,50567.0,up,60.8,15420.0,7750.0,mixed,bull,48027.0,91578.0,11531.0,-67792.0,KOSDAQ,10350,1579,50567,0.5,생명과학도구및서비스,False,
084850,아이티엠반도체,1.0,2696.24,5805.35,6479.1,6031.11,4324.0,5233.0,,-148.8,24.03,-69.97,38.0,262.0,,-6.91,-28.31,21.02,,21.02,-391.18,154.31,589.47,,589.47,3년치 존재,3,,,-147.19,1282.51,16224.0,31514.0,up,30.2,8950.0,7120.0,down,bear_cross,-14459.0,-28522.0,-546.0,-310.0,KOSDAQ,7640,1733,31514,1.9,전자장비와기기,True,2026-09-10
226590,엠디바이스,1.0,53.28,,483.05,964.91,,,,,47.87,115.42,,,,99.75,,,,99.75,141.11,,,,141.11,1년치 존재,1,14.66,,28.24,117.65,76588.0,35292.0,up,60.5,15110.0,8810.0,up,bull,-12417.0,-28002.0,7.0,1929.0,KOSDAQ,14680,1573,35292,0.5,반도체와반도체장비,False,
158430,아톤,0.71,74.77,550.31,654.24,676.03,,,,114.13,144.37,103.58,,,,3.33,,,,3.33,-28.25,,,,-28.25,1년치 존재,1,106.77,,3.37,60.18,3590982.0,11617301.0,up,67.5,7150.0,3470.0,up,bull,27826.0,-814273.0,25366.0,24391.0,KOSDAQ,6760,1655,11617301,3.2,소프트웨어,False,
093640,케이알엠,,-21.88,124.12,111.97,90.34,,,,-220.35,-98.77,-102.13,,,,-19.32,,,,-19.32,-3.4,,,,-3.4,1년치 존재,1,,,-16.88,38.02,30020.0,14047.0,down,59.4,4800.0,3095.0,up,bear,5661.0,41030.0,0.0,922.0,KOSDAQ,4780,1570,14047,0.5,반도체와반도체장비,False,
199820,제일일렉트릭,0.9887,-53.56,1439.86,1862.87,1960.35,,,,76.6,89.03,117.62,,,,5.23,,,,5.23,32.11,,,,32.11,1년치 존재,1,25.95,,4.08,49.53,132424.0,197218.0,down,52.8,8140.0,5600.0,up,bull,20540.0,30930.0,148.0,-38.0,KOSDAQ,7730,1718,197218,1.5,전기장비,False,
122990,와이솔,1.0,-327.24,3697.36,3749.92,3212.39,,,,134.85,4.61,-362.79,,,,-14.33,,,,-14.33,-7969.63,,,,-7969.63,1년치 존재,1,,,-4.16,25.58,76501.0,25091.0,up,46.5,6890.0,5450.0,mixed,bear,-58821.0,-423058.0,-2585.0,-6638.0,KOSDAQ,6400,1641,25091,0.3,핸드셋,False,
475040,스트라드비젼,,-625.4,71.71,115.39,181.09,,,,-649.04,-638.75,-585.95,,,,56.94,,,,56.94,8.27,,,,8.27,1년치 존재,1,,,55.63,49.29,2094631.0,299944.0,down,37.1,4495.0,2425.0,mixed,bear,-231461.0,-327010.0,26022.0,-158982.0,KOSDAQ,2905,1564,299944,0.1,소프트웨어,False,
0161M0,네오사피엔스,,-101.42,,63.99,106.49,,,,,-78.8,-26.76,,,,66.42,,,,66.42,66.04,,,,66.04,1년치 존재,1,,,,64.05,8726054.0,5316247.0,,,36900.0,12770.0,,,-25468.0,-303045.0,-622944.0,-1545777.0,KOSDAQ,12770,1560,5316247,0.6,소프트웨어,False,
072870,메가스터디,0.926,-858.27,1077.85,1342.64,1272.85,,,,103.6,237.8,205.43,,,,-5.2,,,,-5.2,-13.61,,,,-13.61,1년치 존재,1,5.7,,8.96,53.06,15063.0,6702.0,up,42.3,13680.0,12650.0,up,bear_cross,-14595.0,-75719.0,-464.0,750.0,KOSDAQ,13050,1556,6702,0.4,교육서비스,False,
039830,오로라,1.0,2976.4,2325.55,2756.96,3280.8,4092.1,4927.0,5673.0,284.31,309.72,444.8,610.8,879.0,1050.0,19.0,24.73,20.4,15.14,24.73,43.61,37.32,43.91,19.45,43.91,4년치 존재,4,7.45,,16.89,217.8,50206.0,35405.0,down,41.7,23650.0,14090.0,mixed,bull,-6870.0,-42531.0,18600.0,69831.0,KOSDAQ,15080,1623,35405,0.7,레저용장비와제품,True,2026-09-17
041520,이엘씨,1.0,-876.69,161.19,292.35,378.88,,,,-73.07,-46.82,-9.01,,,,29.6,,,,29.6,80.76,,,,80.76,1년치 존재,1,18.79,,9.46,7.72,17256.0,17709.0,up,62.3,13050.0,8120.0,up,bull,11363.0,24726.0,0.0,70.0,KOSDAQ,12730,1552,17709,1.0,반도체와반도체장비,False,
023910,대한약품,,-1146.97,1959.11,2041.95,2086.14,2220.0,2325.0,2430.0,357.95,380.81,311.86,326.0,345.0,364.0,2.16,6.42,4.73,4.52,6.42,-18.11,4.53,5.83,5.51,5.83,4년치 존재,4,,,9.29,16.62,4154.0,5844.0,down,35.9,27250.0,25250.0,mixed,bear,-6055.0,-9172.0,-947.0,-1889.0,KOSDAQ,25800,1548,5844,1.4,제약,False,
052260,현대바이오랜드,1.0,-194.61,967.2,1195.19,1305.05,1487.0,1652.0,,134.64,163.65,127.17,180.0,201.0,,9.19,13.94,11.1,,13.94,-22.29,41.54,11.67,,41.54,3년치 존재,3,608.3,,9.53,14.24,1991600.0,856693.0,up,67.7,5670.0,3225.0,up,bull,124281.0,37098.0,30115.0,34999.0,KOSDAQ,5130,1539,856693,0.4,화장품,False,
488280,에스투더블유,,-119.59,62.67,96.12,100.89,122.0,192.0,,-56.71,-44.98,-56.4,-48.0,12.0,,4.96,20.92,57.38,,57.38,-25.39,14.89,125.0,,125.0,3년치 존재,3,,,-63.62,69.75,1157228.0,1074477.0,up,59.7,17860.0,8010.0,up,bull,-79490.0,-186887.0,-13365.0,-150742.0,KOSDAQ,16260,1760,1074477,0.9,IT서비스,False,
054450,텔레칩스,0.9946,1215.68,1910.95,1866.16,1928.02,2479.0,2718.5,3040.5,167.77,48.74,-61.89,171.5,223.5,268.5,3.31,28.58,9.66,11.84,28.58,-226.98,377.1,30.32,20.13,377.1,4년치 존재,4,,,-34.79,175.89,55984.0,67655.0,up,55.2,10890.0,7370.0,up,bull,27534.0,90873.0,0.0,-33041.0,KOSDAQ,10140,1536,67655,1.2,반도체와반도체장비,False,
307750,국전,1.0,74.82,1219.98,1364.68,1310.39,,,,64.99,3.68,-25.76,,,,-3.98,,,,-3.98,-800.0,,,,-800.0,1년치 존재,1,,,-1.73,65.96,944647.0,16521510.0,up,77.3,2830.0,1800.0,up,bull,-287203.0,-272294.0,0.0,-97952.0,KOSDAQ,2830,1528,16521510,17.5,제약,False,
046120,오르비텍,1.0,419.74,640.11,665.21,579.09,,,,-43.32,6.89,-140.12,,,,-12.95,,,,-12.95,-2133.67,,,,-2133.67,1년치 존재,1,217.5,,11.02,61.27,1531420.0,588425.0,up,46.3,6280.0,3580.0,mixed,bear,-51552.0,-1706300.0,-22984.0,-70166.0,KOSDAQ,5140,1740,588425,0.4,에너지장비및서비스,False,
123330,제닉,1.0,19.47,280.7,499.08,781.98,1648.5,1953.0,,-40.23,60.24,149.74,286.0,340.0,,56.68,110.81,18.47,,110.81,148.57,91.0,18.88,,148.57,3년치 존재,3,9.2,,61.02,62.97,264291.0,240935.0,down,29.8,36900.0,21800.0,down,bear,57865.0,141766.0,-38347.0,-414774.0,KOSDAQ,21800,1737,240935,0.9,화장품,False,
179290,엠아이텍,1.0,-589.52,,537.53,671.52,,,,,175.76,206.74,,,,24.93,,,,24.93,17.63,,,,17.63,1년치 존재,1,7.51,,17.32,14.64,31502.0,13374.0,up,43.0,5370.0,4215.0,down,bull_cross,-11828.0,20405.0,2559.0,7470.0,KOSDAQ,4720,1528,13374,0.4,건강관리장비와용품,False,
413630,씨피시스템,1.0,-124.9,219.5,212.91,192.76,235.0,251.0,272.0,63.42,33.16,21.39,40.0,58.0,65.0,-9.46,21.91,6.81,8.37,21.91,-35.49,87.0,45.0,12.07,87.0,4년치 존재,4,76.17,,9.2,8.34,3326790.0,658010.0,up,51.3,4680.0,1992.0,mixed,bear,3223.0,-1443.0,-557.0,2075.0,KOSDAQ,4185,1525,658010,0.2,기계,True,2026-09-23
039860,나노엔텍,1.0,-470.57,268.37,304.64,381.3,,,,-22.29,6.21,11.02,,,,25.16,,,,25.16,77.46,,,,77.46,1년치 존재,1,109.68,,6.99,8.65,307956.0,370364.0,up,65.4,4650.0,3275.0,up,bull,71213.0,-65554.0,81304.0,376488.0,KOSDAQ,4550,1733,370364,1.2,생명과학도구및서비스,False,
041020,폴라리스오피스,0.3606,-1536.6,1078.92,2762.74,3242.17,,,,62.48,48.02,91.19,,,,17.35,,,,17.35,89.9,,,,89.9,1년치 존재,1,32.45,,8.43,26.65,143736.0,168493.0,up,57.3,3260.0,2520.0,up,bull,106018.0,135972.0,0.0,546.0,KOSDAQ,3175,1577,168493,1.2,자동차부품,False,
080160,모두투어,0.9753,-799.98,1785.85,2504.62,2104.07,1844.0,2100.0,2243.0,115.57,48.9,74.38,-19.0,151.0,178.0,-15.99,-12.36,13.88,6.81,13.88,52.11,-125.54,894.74,17.88,894.74,4년치 존재,4,10.5,,5.94,111.88,122798.0,39589.0,down,30.8,9830.0,8060.0,mixed,bear,-107395.0,-477162.0,-330.0,-118.0,KOSDAQ,8060,1523,39589,0.3,"호텔,레스토랑,레저",False,
156100,엘앤케이바이오,1.0,79.67,299.05,360.92,389.2,,,,20.34,30.78,7.15,,,,7.84,,,,7.84,-76.77,,,,-76.77,1년치 존재,1,,,5.2,93.95,254830.0,278386.0,up,77.1,6800.0,2795.0,up,bull,45906.0,-377865.0,-21295.0,-22184.0,KOSDAQ,6800,1520,278386,1.1,건강관리장비와용품,False,
102120,어보브반도체,1.0,401.33,2324.36,2321.17,2441.24,,,,-146.43,-51.0,101.48,,,,5.17,,,,5.17,298.98,,,,298.98,1년치 존재,1,14.99,,7.87,79.03,211126.0,189039.0,up,63.0,9010.0,5680.0,up,bull,-101982.0,-135732.0,2501.0,1325.0,KOSDAQ,8520,1515,189039,0.9,반도체와반도체장비,False,
011040,경동제약,1.0,-19.89,1626.74,1939.36,1962.73,,,,-249.55,26.24,76.66,,,,1.21,,,,1.21,192.15,,,,192.15,1년치 존재,1,18.36,,8.02,32.93,25835.0,55574.0,up,55.5,5180.0,4750.0,mixed,bull_cross,-12286.0,-33438.0,553.0,-3014.0,KOSDAQ,5090,1566,55574,2.2,제약,False,
118990,모트렉스,0.5905,2052.83,5310.31,5868.86,7022.74,,,,531.91,436.11,417.89,,,,19.66,,,,19.66,-4.18,,,,-4.18,1년치 존재,1,20.42,,6.47,178.38,74775.0,48665.0,down,43.5,6860.0,4335.0,mixed,bear,-38002.0,-242603.0,4535.0,444793.0,KOSDAQ,6160,1512,48665,0.7,자동차부품,False,
007330,푸른저축은행,,,1027.7,979.46,1017.2,,,,90.35,68.48,169.48,,,,3.85,,,,3.85,147.49,,,,147.49,1년치 존재,1,,,4.35,,7680.0,6259.0,up,43.9,10390.0,9740.0,down,bear,-17577.0,-35789.0,2597.0,-28294.0,KOSDAQ,9990,1507,6259,0.8,기타금융,False,
054800,아이디스홀딩스,0.501,-1775.26,7485.56,7813.51,9080.94,,,,447.18,631.36,897.37,,,,16.22,,,,16.22,42.13,,,,42.13,1년치 존재,1,3.85,,13.83,38.97,7018.0,6484.0,down,42.2,15630.0,13970.0,mixed,bear,-6673.0,-13137.0,1776.0,1776.0,KOSDAQ,14530,1504,6484,0.9,컴퓨터와주변기기,False,
042420,네오위즈홀딩스,0.5479,-3572.69,3665.85,3680.58,4368.01,,,,173.78,204.12,552.44,,,,18.68,,,,18.68,170.64,,,,170.64,1년치 존재,1,5.04,,6.32,18.89,8196.0,13616.0,down,27.4,24450.0,20950.0,down,bear,-12630.0,-25452.0,19966.0,88748.0,KOSDAQ,20950,1706,13616,1.7,게임엔터테인먼트,False,
220260,켐트로스,,-46.94,474.64,503.09,568.1,,,,34.34,37.87,10.48,,,,12.92,,,,12.92,-72.33,,,,-72.33,1년치 존재,1,,,2.59,27.22,158263.0,156037.0,up,68.5,4845.0,2825.0,up,bull,43942.0,13858.0,41.0,1968.0,KOSDAQ,4680,1501,156037,1.0,화학,False,
101360,에코앤드림,1.0,2124.25,514.55,1049.01,1419.58,,,,-29.67,4.87,-6.1,,,,35.33,,,,35.33,-225.26,,,,-225.26,1년치 존재,1,,,-6.58,127.75,61733.0,71901.0,up,55.5,9330.0,5500.0,up,bull,73803.0,35461.0,-17531.0,-21628.0,KOSDAQ,8430,1499,71901,1.2,화학,False,
149950,아바텍,,-491.16,757.71,845.46,809.44,828.0,1259.0,1873.0,22.0,57.97,61.48,82.0,224.0,478.0,-4.26,2.29,52.05,48.77,52.05,6.05,33.38,173.17,113.39,173.17,4년치 존재,4,,,5.42,5.72,197292.0,132626.0,up,61.6,12910.0,6990.0,up,bull,-50057.0,-37677.0,301.0,66459.0,KOSDAQ,12380,1692,132626,0.7,디스플레이장비및부품,False,
418550,제이오,,-34.84,,828.74,551.74,,,,,-54.57,-42.32,,,,-33.42,,,,-33.42,22.45,,,,22.45,1년치 존재,1,,,-4.27,21.18,59890.0,89338.0,up,63.7,5340.0,3380.0,up,bull,40938.0,102091.0,-327.0,-2957.0,KOSDAQ,5270,1687,89338,1.5,건설,False,
322310,오로스테크놀로지,1.0,408.78,455.29,614.12,521.37,636.0,,,23.7,60.83,-83.71,15.0,,,-15.1,21.99,,,21.99,-237.61,117.92,,,117.92,2년치 존재,2,,,-22.35,105.08,97084.0,85281.0,up,60.7,19890.0,11150.0,mixed,bull,-76356.0,-60345.0,17090.0,-48690.0,KOSDAQ,15900,1489,85281,0.9,반도체와반도체장비,False,
042600,새로닉스,,635.71,2017.02,2025.01,1649.48,,,,3.9,72.83,-26.33,,,,-18.54,,,,-18.54,-136.15,,,,-136.15,1년치 존재,1,,,19.95,115.83,21651.0,22003.0,down,51.0,13880.0,7280.0,mixed,bear,27065.0,20725.0,-67405.0,-59851.0,KOSDAQ,11900,1478,22003,1.0,가정용기기와용품,False,
092070,디엔에프,,-256.2,842.33,739.49,791.33,,,,-28.63,-10.19,-6.74,,,,7.01,,,,7.01,33.86,,,,33.86,1년치 존재,1,,,2.64,7.99,38388.0,44309.0,up,64.8,15100.0,10360.0,up,bull,20557.0,51112.0,-625.0,-6330.0,KOSDAQ,14500,1678,44309,1.2,반도체와반도체장비,False,
417500,제이아이테크,1.0,238.61,433.63,572.93,535.51,,,,40.86,87.05,103.97,,,,-6.53,,,,-6.53,19.44,,,,19.44,1년치 존재,1,22.68,,14.1,62.67,356980.0,486789.0,up,73.1,4680.0,2620.0,up,bull,342111.0,384694.0,0.0,933.0,KOSDAQ,4660,1528,486789,1.4,반도체와반도체장비,False,
069510,에스텍,1.0,-1464.61,4145.94,5093.74,4681.92,,,,245.55,439.82,458.16,,,,-8.08,,,,-8.08,4.17,,,,4.17,1년치 존재,1,3.54,,18.6,44.67,4404.0,3245.0,up,60.4,13510.0,12000.0,up,bull,7520.0,10569.0,5.0,-1247.0,KOSDAQ,13510,1474,3245,0.7,전자장비와기기,False,
256940,킵스파마,0.6904,729.31,921.33,1275.83,1701.47,,,,30.6,62.17,15.75,,,,33.36,,,,33.36,-74.67,,,,-74.67,1년치 존재,1,,,-18.01,193.65,50812.0,27656.0,up,76.0,7350.0,5320.0,up,bull,60038.0,82700.0,229.0,-3245.0,KOSDAQ,7340,1474,27656,0.5,비철금속,False,
038390,레드캡투어,1.0,3653.37,3381.83,3588.77,3655.53,,,,387.71,435.66,467.75,,,,1.86,,,,1.86,7.37,,,,7.37,1년치 존재,1,7.05,,12.43,251.29,8139.0,3920.0,down,49.8,10200.0,9550.0,mixed,bear,-11071.0,-10816.0,-3289.0,-3369.0,KOSDAQ,9980,1669,3920,0.5,도로와철도운송,False,
474650,링크솔루션,,73.82,72.94,111.88,131.25,245.0,454.0,727.0,4.88,-39.97,-73.78,-77.0,82.0,249.0,17.31,86.67,85.31,60.13,86.67,-84.59,-4.36,206.49,203.66,206.49,4년치 존재,4,,,-18.45,88.16,36378.0,27540.0,down,49.1,29600.0,16810.0,up,bear_cross,-5879.0,-70380.0,-1660.0,1248.0,KOSDAQ,26500,1525,27540,0.8,기계,True,2026-09-30
0007C0,아크릴,,-285.62,147.58,134.23,133.12,,,,-5.22,-23.85,-22.54,,,,-0.83,,,,-0.83,5.49,,,,5.49,1년치 존재,1,,,-23.95,24.24,312244.0,88991.0,up,51.0,20550.0,13200.0,up,bear,-5050.0,-248597.0,-328.0,279467.0,KOSDAQ,18320,1471,88991,0.3,IT서비스,False,
0088M0,메쥬,,-331.18,38.3,23.66,73.78,211.0,441.0,,-42.55,-59.51,-28.32,45.0,176.0,,211.83,185.99,109.0,,211.83,52.41,258.9,291.11,,291.11,3년치 존재,3,,,,9.43,121386.0,170044.0,up,61.6,15260.0,10610.0,up,bull,-17865.0,-44972.0,-3704.0,-111195.0,KOSDAQ,14850,1467,170044,1.4,건강관리장비와용품,False,
049630,재영솔루텍,1.0,246.38,861.31,1114.16,1645.46,,,,67.1,100.31,107.43,,,,47.69,,,,47.69,7.1,,,,7.1,1년치 존재,1,19.48,,29.03,87.87,199976.0,179325.0,down,48.5,9030.0,4805.0,up,bull,81784.0,193425.0,0.0,0.0,KOSDAQ,7050,1647,179325,0.9,핸드셋,False,
104480,티케이케미칼,,802.66,3791.52,3395.75,3457.56,,,,-42.97,-15.85,24.03,,,,1.82,,,,1.82,251.61,,,,251.61,1년치 존재,1,,,4.41,20.36,175237.0,239776.0,up,66.3,1894.0,1402.0,up,bull,-8319.0,158641.0,8292.0,51308.0,KOSDAQ,1894,1722,239776,1.4,화학,False,
046440,KG파이낸셜,1.0,-307.79,2795.8,2661.11,2337.71,2359.0,2426.0,2494.0,329.81,74.29,331.25,352.0,396.0,425.0,-12.15,0.91,2.84,2.8,2.84,345.89,6.26,12.5,7.32,345.89,4년치 존재,4,6.27,,6.61,72.15,40896.0,25960.0,down,40.5,4260.0,3720.0,mixed,bear,-30296.0,-40301.0,-2002.0,583.0,KOSDAQ,4020,1457,25960,0.6,IT서비스,False,
054920,한컴위드,0.8369,677.8,4049.8,4481.81,7712.17,,,,7.2,12.79,60.87,,,,72.08,,,,72.08,375.92,,,,375.92,1년치 존재,1,18.53,,5.74,70.94,3190780.0,1886401.0,up,62.2,5590.0,2870.0,up,bull,14432.0,-557899.0,34.0,34.0,KOSDAQ,5150,1453,1886401,0.6,비철금속,False,
255220,SG,,513.11,809.21,1189.4,1022.46,,,,-134.69,-60.68,7.52,,,,-14.04,,,,-14.04,112.39,,,,112.39,1년치 존재,1,,,-15.11,91.0,2007904.0,1917129.0,up,41.1,1473.0,1076.0,down,bear_cross,-935051.0,989326.0,-88636.0,-1967749.0,KOSDAQ,1085,1634,1917129,1.0,건축자재,False,
270660,에브리봇,1.0,-57.68,316.97,297.51,343.57,,,,15.29,-22.35,-31.97,,,,15.48,,,,15.48,-43.04,,,,-43.04,1년치 존재,1,,,-2.95,42.9,24309.0,16158.0,down,47.2,15560.0,9700.0,mixed,bull,37057.0,41275.0,-296.0,-4119.0,KOSDAQ,13460,1708,16158,0.7,가정용기기와용품,False,
232680,라온로보틱스,1.0,-88.07,345.44,492.4,538.42,,,,19.82,24.86,39.5,,,,9.35,,,,9.35,58.89,,,,58.89,1년치 존재,1,38.93,,11.2,56.82,106474.0,109172.0,up,63.2,11270.0,7500.0,up,bull,51219.0,50090.0,-59337.0,-55815.0,KOSDAQ,10840,1437,109172,1.0,반도체와반도체장비,False,
452190,한빛레이저,1.0,-95.15,226.76,185.42,242.46,,,,6.45,-25.64,19.62,,,,30.76,,,,30.76,176.52,,,,176.52,1년치 존재,1,58.91,,11.82,35.85,4398371.0,1377258.0,up,65.4,6550.0,2795.0,up,bull,-148555.0,-775936.0,-5000.0,1337.0,KOSDAQ,6000,1435,1377258,0.3,전기제품,False,
289080,SV인베스트먼트,1.0,,,297.49,209.89,214.31,,,,63.31,-83.63,-27.17,,,-29.45,2.11,,,2.11,-232.1,67.51,,,67.51,2년치 존재,2,,,-0.46,,2230125.0,463750.0,down,56.8,2810.0,1517.0,up,bear,-70423.0,-227906.0,-899.0,7295.0,KOSDAQ,2690,1618,463750,0.2,창업투자,False,
024800,유성티엔에스,0.9523,439.78,2373.23,1528.55,670.43,,,,20.95,49.26,12.25,,,,-56.14,,,,-56.14,-75.13,,,,-75.13,1년치 존재,1,2.72,,17.18,14.96,31883.0,13703.0,down,33.5,4760.0,3950.0,mixed,bear,43113.0,5350.0,-5650.0,3038.0,KOSDAQ,4240,1494,13703,0.4,도로와철도운송,False,
469610,이노테크,0.9609,-316.4,518.3,611.88,756.99,,,,45.89,57.33,86.38,,,,23.72,,,,23.72,50.67,,,,50.67,1년치 존재,1,17.4,,16.39,55.58,87156.0,47477.0,up,52.5,17980.0,10040.0,up,bull,13473.0,14004.0,-19466.0,-33479.0,KOSDAQ,15930,1425,47477,0.5,디스플레이장비및부품,False,
115500,케이씨에스,,-54.49,477.26,295.39,248.63,,,,31.55,19.83,20.63,,,,-15.83,,,,-15.83,4.03,,,,4.03,1년치 존재,1,,,12.35,58.43,707090.0,563039.0,up,64.9,12760.0,6680.0,up,bull,35410.0,-287417.0,4.0,5.0,KOSDAQ,11870,1424,563039,0.8,IT서비스,False,
950250,테라뷰,,-322.52,,,75.81,78.28,,,,,-71.27,-93.34,,,,3.26,,,3.26,,-30.97,,,-30.97,2년치 존재,2,,,-51.04,31.48,2361884.0,611994.0,up,64.6,4355.0,1781.0,up,bull,-607222.0,-1283772.0,-2639.0,853128.0,KOSDAQ,4130,1474,611994,0.3,반도체와반도체장비,False,
417030,니어스랩,,-6.35,24.02,55.35,66.58,,,,-113.18,-127.72,-166.08,,,,20.29,,,,20.29,-30.03,,,,-30.03,1년치 존재,1,,,,189.95,411304.0,236773.0,down,44.3,35650.0,26750.0,,,-100861.0,236023.0,-60046.0,-283993.0,KOSDAQ,27500,1589,236773,0.6,우주항공과국방,False,
048870,시너지이노베이션,0.2692,-607.3,832.15,906.05,1130.5,,,,149.85,161.1,191.64,,,,24.77,,,,24.77,18.96,,,,18.96,1년치 존재,1,46.86,,4.71,22.12,223904.0,106063.0,up,54.2,1708.0,1445.0,mixed,bull,-50805.0,44123.0,40556.0,25751.0,KOSDAQ,1601,1411,106063,0.5,건강관리장비와용품,False,
321550,티움바이오,,95.09,48.99,67.92,122.89,,,,-278.32,-186.99,-161.39,,,,80.93,,,,80.93,13.69,,,,13.69,1년치 존재,1,,,-42.69,179.9,151542.0,97026.0,down,54.4,5030.0,3680.0,up,bull,46020.0,-189055.0,-17636.0,-33064.0,KOSDAQ,4695,1410,97026,0.6,제약,False,
032940,원익,0.987,596.35,1298.77,1387.35,1507.35,,,,124.86,93.18,89.23,,,,8.65,,,,8.65,-4.24,,,,-4.24,1년치 존재,1,13.75,,7.29,39.98,1567804.0,198581.0,up,49.2,10500.0,4470.0,mixed,bear,-26411.0,134389.0,0.0,-17776.0,KOSDAQ,8690,1581,198581,0.1,화장품,False,
146320,비씨엔씨,1.0,832.62,653.12,773.74,875.84,1142.0,1392.0,1737.0,-0.42,-20.62,39.27,93.0,162.0,219.0,13.2,30.39,21.89,24.78,30.39,290.45,136.82,74.19,35.19,290.45,4년치 존재,4,128.11,,3.83,146.02,26829.0,28592.0,up,64.9,12030.0,7330.0,up,bull,16035.0,50479.0,-3267.0,2280.0,KOSDAQ,11500,1472,28592,1.1,반도체와반도체장비,False,
212560,네오오토,,-305.58,1982.28,2185.67,2321.16,2538.0,2868.0,3183.0,103.81,126.41,136.66,159.0,193.0,220.0,6.2,9.34,13.0,10.98,13.0,8.11,16.35,21.38,13.99,21.38,4년치 존재,4,,,8.84,44.62,364958.0,100390.0,up,48.9,12850.0,8720.0,mixed,bull,16153.0,285264.0,8024.0,34036.0,KOSDAQ,10360,1397,100390,0.3,자동차부품,False,
005990,매일홀딩스,0.4628,-916.14,21463.99,21901.71,21962.11,,,,822.34,782.77,639.73,,,,0.28,,,,0.28,-18.27,,,,-18.27,1년치 존재,1,4.28,,8.9,53.65,2999.0,654.0,down,39.1,11030.0,10180.0,mixed,bear,-2999.0,20798.0,0.0,-28526.0,KOSDAQ,10470,1392,654,0.2,식품,False,
123410,코리아에프티,0.9904,347.1,6795.43,7359.08,7858.69,,,,339.28,375.36,454.14,,,,6.79,,,,6.79,20.99,,,,20.99,1년치 존재,1,3.58,,15.78,98.26,56345.0,43811.0,up,43.2,6080.0,4835.0,up,bear,-69634.0,-265263.0,43961.0,368628.0,KOSDAQ,5650,1573,43811,0.8,자동차부품,False,
142210,유니트론텍,1.0,2692.95,5980.94,7122.89,7689.74,9459.0,,,309.24,361.27,322.69,666.0,,,7.96,23.01,,,23.01,-10.68,106.39,,,106.39,2년치 존재,2,11.47,,30.31,239.77,172728.0,451250.0,up,74.2,7060.0,4560.0,up,bull,-74654.0,-19815.0,-133.0,-53622.0,KOSDAQ,7030,1459,451250,2.6,반도체와반도체장비,False,
0015N0,아로마티카,,-182.55,470.14,525.96,511.87,686.0,808.0,923.0,39.76,56.54,51.4,95.0,129.0,182.0,-2.68,34.02,17.78,14.23,34.02,-9.09,84.82,35.79,41.09,84.82,4년치 존재,4,,,17.89,19.16,1130032.0,781852.0,down,52.2,13650.0,4665.0,mixed,bear,64713.0,-60237.0,87224.0,446130.0,KOSDAQ,10930,1375,781852,0.7,화장품,True,2026-09-24
071280,로체시스템즈,1.0,-525.09,1052.69,1600.77,1248.7,1958.0,,,119.26,197.77,144.23,233.0,,,-21.99,56.8,,,56.8,-27.07,61.55,,,61.55,2년치 존재,2,11.27,,9.92,23.44,149377.0,134304.0,up,73.6,9070.0,5200.0,up,bull,-2638.0,26985.0,0.0,4.0,KOSDAQ,9030,1381,134304,0.9,반도체와반도체장비,False,
0010S0,와이즈플래닛컴퍼니,1.0,-351.37,641.25,693.8,648.48,,,,59.63,62.69,63.37,,,,-6.53,,,,-6.53,1.08,,,,1.08,1년치 존재,1,16.63,,25.6,12.52,5085835.0,581852.0,,,45700.0,15580.0,,,-83715.0,-4876.0,-480.0,-426336.0,KOSDAQ,15580,1561,581852,0.1,가정용품,False,
147830,제룡산업,,-828.47,408.96,293.28,379.24,,,,55.62,40.89,105.73,,,,29.31,,,,29.31,158.57,,,,158.57,1년치 존재,1,,,23.19,12.24,112908.0,193687.0,up,54.8,7470.0,5290.0,up,bull,41218.0,13906.0,-5866.0,-7157.0,KOSDAQ,7190,1438,193687,1.7,전기장비,False,
297090,씨에스베어링,1.0,-6.78,766.08,1054.1,1261.48,1474.0,1616.5,,0.57,21.1,110.86,133.5,169.0,,19.67,16.85,9.67,,19.67,425.4,20.42,26.59,,425.4,3년치 존재,3,12.1,,13.67,52.03,113640.0,33901.0,down,66.8,5010.0,3185.0,up,bull,21159.0,-87619.0,-3751.0,51597.0,KOSDAQ,4985,1359,33901,0.3,기계,False,
060150,인선이엔티,1.0,427.16,2209.59,2088.5,1871.55,,,,258.08,231.8,182.29,,,,-10.39,,,,-10.39,-21.36,,,,-21.36,1년치 존재,1,,,-1.15,49.03,33592.0,13339.0,up,52.3,3345.0,2770.0,mixed,bull,6214.0,-111186.0,-512.0,-23224.0,KOSDAQ,2985,1360,13339,0.4,상업서비스와공급품,False,
123860,아나패스,,-567.66,714.66,1822.1,1081.65,,,,44.7,200.43,201.52,,,,-40.64,,,,-40.64,0.54,,,,0.54,1년치 존재,1,,,0.78,95.0,11387.0,6674.0,down,34.8,14630.0,11180.0,mixed,bear,-12191.0,-26958.0,-400.0,-12.0,KOSDAQ,12760,1547,6674,0.6,디스플레이장비및부품,False,
049960,쎌바이오텍,1.0,-962.25,537.87,499.13,531.26,,,,21.95,67.96,79.14,,,,6.44,,,,6.44,16.45,,,,16.45,1년치 존재,1,14.14,,12.91,5.99,7384.0,6310.0,up,45.5,16610.0,14850.0,mixed,bull,924.0,3193.0,7520.0,6932.0,KOSDAQ,15230,1432,6310,0.9,생물공학,False,
228850,레이언스,0.9932,-1417.37,1429.86,1255.64,1147.23,1407.5,1579.5,1787.0,196.96,66.31,-39.5,120.0,147.0,176.5,-8.63,22.69,12.22,13.14,22.69,-159.57,403.8,22.5,20.07,403.8,4년치 존재,4,,,1.73,12.34,73333.0,21827.0,down,58.5,8580.0,5700.0,up,bull,-62281.0,-19946.0,122983.0,199735.0,KOSDAQ,8140,1351,21827,0.3,건강관리장비와용품,False,
285490,노바텍,1.0,-1013.87,924.21,658.12,555.9,,,,256.08,126.11,67.0,,,,-15.53,,,,-15.53,-46.87,,,,-46.87,1년치 존재,1,7.61,,21.22,9.52,20262.0,17238.0,up,67.9,12780.0,9980.0,up,bull,6516.0,-40156.0,61.0,1074.0,KOSDAQ,12750,1348,17238,0.9,핸드셋,False,
067280,멀티캠퍼스,0.9923,-1475.99,3585.98,3527.4,3308.27,,,,402.86,389.29,318.92,,,,-6.21,,,,-6.21,-18.08,,,,-18.08,1년치 존재,1,5.86,,10.3,35.25,9929.0,6672.0,up,66.4,26300.0,22800.0,up,bull,-5548.0,9647.0,-120.0,2059.0,KOSDAQ,25900,1535,6672,0.7,교육서비스,False,
114840,아이패밀리에스씨,1.0,-305.94,1486.86,2048.81,2240.96,2411.0,2606.0,2790.0,239.96,336.32,271.28,238.5,261.5,290.0,9.38,7.59,8.09,7.06,9.38,-19.34,-12.08,9.64,10.9,10.9,4년치 존재,4,6.46,,18.32,37.88,25432.0,19875.0,down,46.5,10250.0,7190.0,down,bear,-11618.0,-86114.0,-2484.0,-23841.0,KOSDAQ,8460,1411,19875,0.8,화장품,False,
351320,넥사다이내믹스,,310.1,161.79,85.3,130.13,,,,-85.6,-63.73,-94.64,,,,52.56,,,,52.56,-48.5,,,,-48.5,1년치 존재,1,,,-73.37,332.17,744600.0,341349.0,up,63.4,5000.0,852.0,up,bear,69173.0,47702.0,0.0,-1311.0,KOSDAQ,4330,1343,341349,0.5,디스플레이장비및부품,False,
136540,윈스테크넷,0.9997,-961.66,1068.55,964.79,985.98,,,,230.9,203.44,211.59,,,,2.2,,,,2.2,4.01,,,,4.01,1년치 존재,1,7.29,,10.35,8.87,15771.0,31226.0,up,53.9,11310.0,10050.0,up,bull,1119.0,-22443.0,2754.0,19232.0,KOSDAQ,10930,1342,31226,2.0,소프트웨어,False,
267320,나인테크,1.0,100.11,1230.48,1972.2,823.69,,,,-30.98,46.29,-89.24,,,,-58.23,,,,-58.23,-292.78,,,,-292.78,1년치 존재,1,,,-5.97,85.43,2685757.0,1179540.0,up,63.6,2905.0,1639.0,up,bull,-279545.0,-412186.0,-3064.0,4314.0,KOSDAQ,2660,1527,1179540,0.4,전기제품,False,
115310,인포바인,1.0,-648.84,227.91,251.81,287.17,,,,77.57,78.7,64.57,,,,14.04,,,,14.04,-17.95,,,,-17.95,1년치 존재,1,19.93,,9.19,9.72,4951.0,1733.0,down,55.1,9800.0,6320.0,up,bear,-540.0,13904.0,1.0,-4431.0,KOSDAQ,9460,1403,1733,0.4,IT서비스,False,
240550,동방메디컬,1.0,66.37,908.75,1051.14,1135.37,1332.0,1476.0,1622.0,164.77,150.46,170.05,238.0,277.0,322.0,8.01,17.32,10.81,9.89,17.32,13.02,39.96,16.39,16.25,39.96,4년치 존재,4,11.43,,12.92,50.25,468692.0,96985.0,down,60.5,6690.0,4750.0,up,bull,35768.0,115945.0,50147.0,10409.0,KOSDAQ,6390,1338,96985,0.2,건강관리장비와용품,False,
300080,플리토,1.0,-183.46,177.61,203.01,359.8,,,,-50.94,-3.96,61.54,,,,77.23,,,,77.23,1654.04,,,,1654.04,1년치 존재,1,20.74,,34.46,28.98,77716.0,117464.0,down,39.4,10200.0,6610.0,mixed,bear,-36892.0,164749.0,-301.0,-30046.0,KOSDAQ,8090,1337,117464,1.5,양방향미디어와서비스,False,
396300,HT로보틱스,,486.56,867.78,923.38,858.27,1291.0,,,19.94,-26.59,-18.5,76.0,,,-7.05,50.42,,,50.42,30.42,510.81,,,510.81,2년치 존재,2,,,11.11,106.26,3554609.0,1431523.0,up,57.5,6170.0,2815.0,up,bull,145868.0,-277057.0,4840.0,-162981.0,KOSDAQ,5720,1515,1431523,0.4,전자장비와기기,False,
148150,세경하이테크,1.0,-396.2,3044.77,3203.33,2779.17,2964.0,3587.0,4358.0,361.83,314.96,17.63,35.0,341.0,336.0,-13.24,6.65,21.02,21.49,21.49,-94.4,98.53,874.29,-1.47,874.29,4년치 존재,4,2.84,,23.93,39.86,61569.0,85687.0,down,47.0,4280.0,2625.0,mixed,bear,-14303.0,-32686.0,3172.0,49305.0,KOSDAQ,3900,1386,85687,1.4,핸드셋,True,2026-08-26
408920,메쎄이상,1.0,-644.76,508.14,670.77,728.22,927.0,967.0,1152.0,111.7,171.0,189.97,239.0,252.0,303.0,8.56,27.3,4.31,19.13,27.3,11.09,25.81,5.44,20.24,25.81,4년치 존재,4,8.56,,22.18,29.22,17605.0,2907.0,up,55.7,3390.0,2805.0,mixed,bull,-16392.0,-42392.0,0.0,0.0,KOSDAQ,3070,1327,2907,0.2,양방향미디어와서비스,False,
009780,엠에스씨,1.0,214.11,1890.48,1897.57,1976.63,,,,237.03,275.18,296.54,,,,4.17,,,,4.17,7.76,,,,7.76,1년치 존재,1,5.77,,13.97,46.52,12841.0,17836.0,up,71.5,7650.0,5860.0,up,bull,-212.0,-14285.0,39034.0,39034.0,KOSDAQ,7540,1327,17836,1.4,식품,False,
101970,우양에이치씨,,-90.54,2000.55,1832.49,1008.55,,,,252.71,310.88,7.06,,,,-44.96,,,,-44.96,-97.73,,,,-97.73,1년치 존재,1,,,3.06,33.01,5033.0,3394.0,down,54.4,11300.0,8620.0,down,bull,1154.0,-2183.0,-134.0,992.0,KOSDAQ,10200,1509,3394,0.7,에너지장비및서비스,False,
095700,제넥신,,890.62,44.27,29.33,45.74,,,,-412.41,-372.46,-361.72,,,,55.95,,,,55.95,2.88,,,,2.88,1년치 존재,1,,,-14.88,65.78,255546.0,2089786.0,up,57.5,3325.0,2195.0,mixed,bull_cross,-67009.0,-364104.0,34780.0,30077.0,KOSDAQ,3000,1366,2089786,8.2,생물공학,False,
172670,에이엘티,1.0,802.98,476.88,366.67,483.58,636.0,737.0,,48.95,-122.08,-73.95,60.0,143.0,,31.88,31.52,15.88,,31.88,39.42,181.14,138.33,,181.14,3년치 존재,3,,,-1.5,110.93,81172.0,58960.0,up,68.3,15350.0,7440.0,up,bull,-27191.0,-45.0,-944.0,2528.0,KOSDAQ,14750,1322,58960,0.7,반도체와반도체장비,False,
457550,우진엔텍,,-288.53,406.83,439.59,448.07,,,,58.93,53.19,50.58,,,,1.93,,,,1.93,-4.91,,,,-4.91,1년치 존재,1,,,12.41,11.29,87398.0,51151.0,up,49.5,16800.0,11900.0,down,bear,21396.0,16399.0,-269.0,5397.0,KOSDAQ,14130,1317,51151,0.6,에너지장비및서비스,False,
0039P0,매드업,0.9949,-206.8,280.82,349.89,502.34,708.0,969.0,,6.86,-4.07,85.45,116.5,184.5,0.0,43.57,40.94,36.86,,43.57,2199.51,36.34,58.37,-100.0,2199.51,4년치 존재,4,19.21,,84.39,127.93,2830154.0,632967.0,up,47.8,9940.0,4560.0,mixed,bear,-31080.0,-100186.0,-107888.0,-429117.0,KOSDAQ,7970,1499,632967,0.2,광고,False,
037070,파세코,,16.91,1475.41,1577.57,1679.1,,,,-12.38,-168.06,33.01,,,,6.44,,,,6.44,119.64,,,,119.64,1년치 존재,1,,,3.77,61.41,59820.0,82058.0,up,64.7,8760.0,5320.0,up,bull,20676.0,34740.0,14.0,39.0,KOSDAQ,6770,1354,82058,1.4,가정용기기와용품,False,
039840,디오,1.0,374.67,1558.18,1196.5,1640.78,1814.67,2158.5,2565.0,208.96,-407.35,101.05,211.0,264.0,320.0,37.13,10.6,18.95,18.83,37.13,124.81,108.81,25.12,21.21,124.81,4년치 존재,4,,,11.53,76.23,59682.0,44353.0,up,37.0,12940.0,9330.0,down,bull,-49141.0,-53784.0,1.0,1944.0,KOSDAQ,9760,1309,44353,0.7,건강관리장비와용품,False,
126640,화신정공,,-317.56,3598.78,3219.57,3789.37,,,,87.07,13.41,117.82,,,,17.7,,,,17.7,778.6,,,,778.6,1년치 존재,1,,,17.73,54.18,858529.0,452284.0,down,42.5,5380.0,3535.0,down,bear,108728.0,-1141383.0,52.0,-3429.0,KOSDAQ,3740,1311,452284,0.5,자동차부품,False,
387690,레메디,0.976,92.78,,134.41,146.28,,,,,9.44,27.5,,,,8.83,,,,8.83,191.31,,,,191.31,1년치 존재,1,28.52,,58.11,103.02,2038516.0,732302.0,up,53.5,23200.0,7270.0,,bear_cross,-15187.0,-43920.0,1676.0,-142165.0,KOSDAQ,18570,1416,732302,0.4,건강관리장비와용품,False,
321370,센서뷰,,142.21,84.63,156.02,190.16,,,,-180.44,-157.86,-115.58,,,,21.88,,,,21.88,26.78,,,,26.78,1년치 존재,1,,,-110.03,200.14,9938217.0,4482434.0,up,62.8,2115.0,989.0,up,bull,-65934.0,-948415.0,-4149.0,-400845.0,KOSDAQ,1905,1345,4482434,0.5,통신장비,False,
072950,빛샘전자,0.978,-129.5,741.05,851.21,1208.59,,,,36.68,50.73,89.9,,,,41.98,,,,41.98,77.21,,,,77.21,1년치 존재,1,17.1,,13.62,37.47,4666412.0,1874154.0,up,66.9,17580.0,5950.0,up,bull,-28074.0,-61564.0,60291.0,66866.0,KOSDAQ,16050,1292,1874154,0.4,전자장비와기기,False,
282880,코윈로보틱스,0.6743,694.96,3359.58,2443.9,1547.01,2429.0,2646.0,3044.0,228.17,36.03,-254.47,-57.5,150.0,170.0,-36.7,57.01,8.93,15.04,57.01,-806.27,77.4,360.87,13.33,360.87,4년치 존재,4,75.96,,3.11,77.02,44959.0,27735.0,up,57.1,11460.0,7810.0,up,bull,21528.0,-12254.0,59.0,101.0,KOSDAQ,11050,1292,27735,0.6,기계,False,
205500,넥써쓰,,-151.91,54.6,75.51,367.22,,,,-161.6,-89.37,13.93,,,,386.32,,,,386.32,115.59,,,,115.59,1년치 존재,1,,,5.55,165.0,151886.0,134666.0,down,47.3,1948.0,1464.0,mixed,bear,-14994.0,91790.0,-450.0,-104763.0,KOSDAQ,1763,1473,134666,0.9,게임엔터테인먼트,False,
003100,선광,1.0,1914.75,1853.01,1867.52,1904.22,,,,390.87,363.74,413.9,,,,1.97,,,,1.97,13.79,,,,13.79,1년치 존재,1,3.39,,10.61,61.31,6407.0,11417.0,down,44.9,21650.0,18570.0,mixed,bear,-5939.0,-11936.0,612.0,-299.0,KOSDAQ,20300,1340,11417,1.8,운송인프라,False,
402490,그린리소스,0.9721,445.94,165.01,184.99,1021.55,,,,32.68,10.72,60.33,,,,452.22,,,,452.22,462.78,,,,462.78,1년치 존재,1,12.48,,11.82,105.55,185727.0,171664.0,up,55.2,8140.0,5250.0,up,bull,-28394.0,-200032.0,-6099.0,-5739.0,KOSDAQ,7550,1279,171664,0.9,반도체와반도체장비,False,
035080,그래디언트,,1024.67,34238.67,33179.1,30615.93,,,,29.1,-55.13,-295.81,,,,-7.73,,,,-7.73,-436.57,,,,-436.57,1년치 존재,1,,,-4.28,156.1,30090.0,53289.0,down,42.5,12430.0,8550.0,mixed,bear,-32010.0,-118320.0,10951.0,155813.0,KOSDAQ,11450,1279,53289,1.8,인터넷과카탈로그소매,False,
052860,아이앤씨,1.0,2.28,642.86,233.74,368.79,,,,14.34,-106.74,40.5,,,,57.78,,,,57.78,137.94,,,,137.94,1년치 존재,1,29.11,,6.3,45.06,85500.0,41119.0,up,59.8,8050.0,3575.0,up,bear_cross,-68385.0,128925.0,0.0,-19045.0,KOSDAQ,7440,1329,41119,0.5,반도체와반도체장비,False,
489500,엘케이켐,1.0,-248.17,160.2,250.44,201.8,334.0,439.0,516.0,55.8,101.36,45.7,110.0,158.0,190.0,-19.42,65.51,31.44,17.54,65.51,-54.91,140.7,43.64,20.25,140.7,4년치 존재,4,33.7,,10.09,10.11,16516.0,19374.0,down,54.9,24800.0,15230.0,up,bull,7459.0,8840.0,-2.0,-858.0,KOSDAQ,22950,1467,19374,1.2,반도체와반도체장비,True,2026-09-10
950190,고스트스튜디오,1.0,-850.92,991.32,857.48,1125.24,,,,251.1,154.13,153.29,,,,31.23,,,,31.23,-0.54,,,,-0.54,1년치 존재,1,14.91,,6.1,8.89,129234.0,5724.0,down,51.2,11230.0,8390.0,mixed,bear,32917.0,148633.0,0.0,18381.0,KOSDAQ,9750,1269,5724,0.0,게임엔터테인먼트,False,
080420,모다이노칩,0.9691,4974.63,3900.34,3889.39,3580.77,,,,162.27,386.13,278.68,,,,-7.93,,,,-7.93,-27.83,,,,-27.83,1년치 존재,1,,,-3.57,167.36,2409.0,280.0,up,47.1,1795.0,1335.0,mixed,bear,-386.0,-3075.0,0.0,0.0,KOSDAQ,1595,1272,280,0.1,전문소매,False,
451760,컨텍,,-814.91,158.14,689.83,868.98,,,,-99.83,-121.86,-161.7,,,,25.97,,,,25.97,-32.69,,,,-32.69,1년치 존재,1,,,8.28,33.52,156258.0,237226.0,up,51.1,8780.0,5870.0,up,bull,-158429.0,-174581.0,-820.0,-17941.0,KOSDAQ,8030,1326,237226,1.5,우주항공과국방,False,
322510,제이엘케이,,-104.3,24.89,14.28,33.39,,,,-71.48,-127.32,-132.02,,,,133.82,,,,133.82,-3.69,,,,-3.69,1년치 존재,1,,,-38.5,100.28,159721.0,68511.0,up,57.6,5700.0,4205.0,mixed,bull,53029.0,-69729.0,6014.0,322383.0,KOSDAQ,5320,1369,68511,0.4,건강관리기술,False,
079960,동양이엔피,1.0,-1734.02,5369.14,5483.93,5964.75,,,,429.58,516.18,536.18,,,,8.77,,,,8.77,3.87,,,,3.87,1년치 존재,1,2.54,,13.05,15.0,23017.0,27681.0,down,34.9,21150.0,16610.0,down,bull,-8618.0,-9709.0,-410.0,1621.0,KOSDAQ,16610,1254,27681,1.2,전기제품,False,
036690,코맥스,,233.68,1180.32,1171.62,851.26,,,,-283.51,-123.36,-141.75,,,,-27.34,,,,-27.34,-14.91,,,,-14.91,1년치 존재,1,,,-32.44,191.63,,,,,,,,,0.0,0.0,0.0,0.0,KOSDAQ,2885,1257,0,,통신장비,False,
417010,나노팀,1.0,631.09,471.91,323.92,403.24,,,,54.44,-37.62,-5.01,,,,24.49,,,,24.49,86.68,,,,86.68,1년치 존재,1,131.36,,2.54,171.27,258652.0,139850.0,up,53.9,6990.0,3600.0,up,bear,76864.0,74165.0,26278.0,25811.0,KOSDAQ,6500,1311,139850,0.5,전자장비와기기,False,
264660,씨앤지하이테크,1.0,-453.96,1667.26,1511.88,1961.94,,,,127.41,129.4,247.42,,,,29.77,,,,29.77,91.21,,,,91.21,1년치 존재,1,7.34,,14.57,23.05,31152.0,31880.0,up,63.5,15220.0,10230.0,up,bull,-2253.0,10504.0,-332.0,-2085.0,KOSDAQ,14740,1433,31880,1.0,반도체와반도체장비,False,
259630,엠플러스,1.0,-263.69,3400.52,1287.44,1842.11,1830.0,,,238.8,100.91,245.65,252.0,,,43.08,-0.66,,,43.08,143.43,2.58,,,143.43,2년치 존재,2,6.07,,24.61,104.73,92762.0,191714.0,up,60.6,10680.0,7690.0,up,bull,-136863.0,-133919.0,578.0,316.0,KOSDAQ,10240,1252,191714,2.1,전기제품,False,
411080,샌즈랩,,-300.99,,82.97,116.12,,,,,-37.09,-17.7,,,,39.95,,,,39.95,52.28,,,,52.28,1년치 존재,1,,,-3.67,7.44,2592225.0,7967501.0,up,70.2,8970.0,3150.0,up,bull,-11201.0,-122776.0,717.0,791.0,KOSDAQ,8190,1250,7967501,3.1,소프트웨어,False,
222040,코스맥스엔비티,1.0,1086.38,3336.31,3179.85,2874.79,3903.0,4565.0,,119.77,99.05,40.03,340.0,420.5,,-9.59,35.77,16.96,,35.77,-59.59,749.36,23.68,,749.36,3년치 존재,3,,,39.22,262.06,250760.0,100929.0,down,31.3,10700.0,6270.0,down,bear,-38620.0,131196.0,4136.0,-402660.0,KOSDAQ,6270,1293,100929,0.4,건강관리업체및서비스,False,
105330,케이엔더블유,1.0,1283.13,953.7,784.64,810.59,,,,52.21,-22.85,-29.56,,,,3.31,,,,3.31,-29.37,,,,-29.37,1년치 존재,1,,,-9.63,168.97,41289.0,80696.0,up,76.0,9210.0,5300.0,up,bull,1332.0,13108.0,6039.0,15339.0,KOSDAQ,9210,1475,80696,2.0,반도체와반도체장비,False,
073010,케이에스피,1.0,291.54,,852.65,955.33,,,,,138.1,115.4,,,,12.04,,,,12.04,-16.44,,,,-16.44,1년치 존재,1,19.0,,9.75,71.89,691214.0,172731.0,down,45.6,3590.0,2225.0,mixed,bear,15645.0,-139033.0,24284.0,180500.0,KOSDAQ,3100,1246,172731,0.2,조선,False,
443670,에스피소프트,1.0,-363.47,352.43,451.17,544.83,,,,47.53,37.57,36.17,,,,20.76,,,,20.76,-3.73,,,,-3.73,1년치 존재,1,32.49,,5.94,27.36,2722766.0,1249024.0,up,60.9,5760.0,2615.0,up,bear,-158175.0,-184185.0,-2131.0,734491.0,KOSDAQ,5160,1239,1249024,0.5,IT서비스,False,
211270,AP위성,,-696.04,494.34,586.32,478.12,,,,100.71,73.0,-43.01,,,,-18.45,,,,-18.45,-158.92,,,,-158.92,1년치 존재,1,,,-3.05,26.8,125926.0,546255.0,down,45.5,9760.0,6200.0,up,bear_cross,-77062.0,-100703.0,-52676.0,-53684.0,KOSDAQ,8510,1284,546255,4.3,통신장비,False,
089600,KT나스미디어,,-1241.98,1093.29,1038.25,1178.93,1326.33,1492.67,1667.67,194.35,174.67,123.18,249.33,290.0,338.67,13.55,12.5,12.54,11.72,13.55,-29.48,102.41,16.31,16.78,102.41,4년치 존재,4,,,7.46,94.09,18708.0,5454.0,down,48.2,13550.0,9770.0,mixed,bear,-7873.0,16646.0,438.0,30163.0,KOSDAQ,12360,1410,5454,0.3,광고,False,
039560,다산네트웍스,,702.8,922.93,3375.96,5417.78,,,,-12.52,-81.2,384.79,,,,60.48,,,,60.48,573.88,,,,573.88,1년치 존재,1,,,-6.67,81.75,371827.0,372841.0,up,64.9,3005.0,2015.0,up,bull,-322237.0,-465798.0,1279.0,-5222.0,KOSDAQ,2870,1231,372841,1.0,통신장비,False,
474170,루미르,,-305.55,121.27,142.77,105.69,,,,-30.23,-12.02,-5.94,,,,-25.97,,,,-25.97,50.58,,,,50.58,1년치 존재,1,,,-1.24,15.05,68325.0,152999.0,down,50.0,7500.0,4675.0,up,bull,-69462.0,-74211.0,-4437.0,18076.0,KOSDAQ,6900,1229,152999,2.2,우주항공과국방,False,
037350,성도이엔지,1.0,-668.6,6785.99,9996.11,7434.06,,,,123.15,272.96,576.98,,,,-25.63,,,,-25.63,111.38,,,,111.38,1년치 존재,1,4.53,,6.52,124.22,134003.0,253458.0,up,63.9,8900.0,6240.0,mixed,bull,-19363.0,-22681.0,2105.0,2918.0,KOSDAQ,8380,1275,253458,1.9,건설,False,
035610,솔본,0.6045,-2148.7,1172.24,1160.81,1206.51,,,,299.28,211.59,246.21,,,,3.94,,,,3.94,16.36,,,,16.36,1년치 존재,1,6.39,,15.44,20.29,58746.0,7216.0,down,44.2,5290.0,3850.0,mixed,bear,14314.0,13968.0,4000.0,3400.0,KOSDAQ,4880,1334,7216,0.1,건강관리기술,False,
115440,우리넷,1.0,-95.45,1190.7,1315.95,755.05,811.0,1353.0,1457.0,84.8,200.67,19.49,31.0,187.0,264.0,-42.62,7.41,66.83,7.69,66.83,-90.29,59.06,503.23,41.18,503.23,4년치 존재,4,33.41,,-1.33,39.2,2834965.0,599386.0,down,62.9,12410.0,5550.0,up,bull,-59196.0,-515251.0,-2056.0,-2179.0,KOSDAQ,11360,1226,599386,0.2,통신장비,False,
458650,성우,0.97,-1393.45,1466.59,1309.13,855.5,,,,289.22,146.35,10.41,,,,-34.65,,,,-34.65,-92.89,,,,-92.89,1년치 존재,1,25.76,,3.76,11.07,8127.0,29953.0,up,61.5,8740.0,6950.0,mixed,bull,1543.0,-3632.0,0.0,149.0,KOSDAQ,8150,1226,29953,3.7,전기제품,False,
001540,안국약품,1.0,131.61,2336.76,2711.16,3068.74,,,,50.61,67.01,98.23,,,,13.19,,,,13.19,46.59,,,,46.59,1년치 존재,1,17.72,,12.6,84.17,30570.0,48612.0,up,46.1,13250.0,9910.0,down,bull,-15014.0,-82602.0,-1097.0,-14334.0,KOSDAQ,10170,1326,48612,1.6,제약,False,
338840,와이바이오로직스,,-220.2,34.79,57.63,29.13,,,,-101.43,-84.47,-92.69,,,,-49.45,,,,-49.45,-9.73,,,,-9.73,1년치 존재,1,,,-297.87,191.84,25471.0,22520.0,down,41.6,11400.0,7520.0,down,bull,-26099.0,-53730.0,987.0,-17197.0,KOSDAQ,8190,1262,22520,0.9,생물공학,False,
101170,우림피티에스,1.0,-66.86,573.45,717.67,571.13,,,,24.73,-16.0,11.89,,,,-20.42,,,,-20.42,174.31,,,,174.31,1년치 존재,1,50.58,,6.87,14.68,63949.0,83480.0,up,56.2,9630.0,6360.0,up,bull,16166.0,39803.0,0.0,4586.0,KOSDAQ,8970,1211,83480,1.3,기계,False,
008830,대동기어,,1256.91,2812.38,2570.57,2209.39,,,,80.88,44.64,1.62,,,,-14.05,,,,-14.05,-96.37,,,,-96.37,1년치 존재,1,,,-3.11,277.49,280120.0,201003.0,up,47.8,7992.0,5730.0,mixed,bull,120009.0,85999.0,-1493.0,-90564.0,KOSDAQ,6300,1208,201003,0.7,기계,False,
166480,코아스템켐온,,332.14,336.57,287.62,201.59,,,,-196.76,-220.19,-212.23,,,,-29.91,,,,-29.91,3.62,,,,3.62,1년치 존재,1,,,-61.95,134.26,121615.0,120479.0,up,69.1,2370.0,1642.0,up,bull,143644.0,210548.0,-103063.0,237224.0,KOSDAQ,2370,1253,120479,1.0,생물공학,False,
059120,아진엑스텍,,-176.83,248.84,251.68,246.18,,,,-9.13,-41.89,9.63,,,,-2.19,,,,-2.19,122.99,,,,122.99,1년치 존재,1,,,12.55,10.18,535184.0,464261.0,up,53.8,8070.0,4315.0,up,bull,192905.0,133431.0,1.0,244.0,KOSDAQ,7420,1359,464261,0.9,반도체와반도체장비,False,
047310,파워로직스,1.0,382.87,7731.81,7334.44,6865.35,,,,155.8,24.22,-63.67,,,,-6.4,,,,-6.4,-362.88,,,,-362.88,1년치 존재,1,,,4.12,76.96,96508.0,75383.0,up,62.0,3315.0,2500.0,up,bull,34001.0,-80408.0,-106.0,-426.0,KOSDAQ,3280,1201,75383,0.8,핸드셋,False,
308080,바이젠셀,,-221.44,,2.79,0.23,,,,-199.87,-153.3,-171.08,,,,-91.76,,,,-91.76,-11.6,,,,-11.6,1년치 존재,1,,,-29.38,28.03,113370.0,71380.0,up,47.5,7280.0,4430.0,mixed,bear,21992.0,71045.0,0.0,-37.0,KOSDAQ,5850,1199,71380,0.6,제약,False,
361390,제노코,,-300.53,551.12,568.31,596.31,,,,11.51,-21.71,-20.86,,,,4.93,,,,4.93,3.92,,,,3.92,1년치 존재,1,,,-1.8,38.63,30084.0,44156.0,down,49.1,14910.0,10110.0,up,bull,-17184.0,-60082.0,-10418.0,-9322.0,KOSDAQ,12800,1246,44156,1.5,우주항공과국방,False,
049720,고려신용정보,1.0,58.56,1582.14,1713.09,1780.3,1840.0,1910.0,,130.7,153.1,167.41,180.0,180.0,,3.92,3.35,3.8,,3.92,9.35,7.52,0.0,,9.35,3년치 존재,3,9.77,,21.75,79.98,17250.0,10469.0,up,42.2,9790.0,9010.0,mixed,bull,-19814.0,-28215.0,-992.0,-29493.0,KOSDAQ,9060,1296,10469,0.6,상업서비스와공급품,True,2026-09-03
129920,대성하이텍,0.9,703.89,927.98,928.31,952.16,1161.0,,,-65.81,-131.37,-22.95,16.0,,,2.57,21.93,,,21.93,82.53,169.72,,,169.72,2년치 존재,2,,,-22.18,194.27,173475.0,157183.0,up,72.5,7270.0,3630.0,up,bull,-14973.0,-221088.0,-43338.0,-184416.0,KOSDAQ,7270,1181,157183,0.9,기계,False,
038290,마크로젠,1.0,354.7,1328.03,1357.77,1952.68,2083.0,2450.0,2829.0,-4.23,-64.64,1.81,84.0,188.0,274.0,43.82,6.67,17.62,15.47,43.82,102.8,4540.88,123.81,45.74,4540.88,4년치 존재,4,66.01,,6.72,116.38,14071.0,29293.0,up,52.6,12920.0,10700.0,up,bull,-11486.0,-22318.0,10435.0,11461.0,KOSDAQ,12360,1340,29293,2.1,생명과학도구및서비스,False,
027710,팜스토리,0.9817,3748.51,15002.48,14539.01,14558.51,,,,262.45,407.79,349.69,,,,0.13,,,,0.13,-14.25,,,,-14.25,1년치 존재,1,4.11,,6.07,188.76,218876.0,156369.0,down,47.6,1160.0,995.0,mixed,bear,-28829.0,-135123.0,4067.0,101014.0,KOSDAQ,1109,1236,156369,0.7,식품,False,
094840,슈프리마에이치큐,1.0,-719.61,203.87,201.02,212.23,,,,-26.78,24.64,38.59,,,,5.58,,,,5.58,56.62,,,,56.62,1년치 존재,1,9.64,,6.56,2.57,16998.0,17851.0,up,58.4,15300.0,11770.0,mixed,bull,-17251.0,-17003.0,35500.0,120033.0,KOSDAQ,13170,1291,17851,1.1,전자장비와기기,False,
067990,도이치모터스,1.0,9382.17,21959.54,21684.35,25490.97,,,,427.72,250.41,407.86,,,,17.55,,,,17.55,62.88,,,,62.88,1년치 존재,1,34.26,,0.61,352.92,47220.0,52651.0,up,71.9,4055.0,3565.0,mixed,bull,-7617.0,-5643.0,-3910.0,-6923.0,KOSDAQ,4010,1170,52651,1.1,자동차,False,
265740,엔에프씨,,-29.83,428.69,402.26,716.22,997.5,1335.0,,40.68,-70.88,125.18,180.5,244.0,,78.05,39.27,33.83,,78.05,276.61,44.19,35.18,,276.61,3년치 존재,3,,,20.66,32.32,554378.0,525316.0,down,58.8,8250.0,4885.0,up,bear,-15258.0,28646.0,24933.0,-175328.0,KOSDAQ,7780,1390,525316,0.9,화장품,False,
095190,신화프리텍,,424.25,1014.63,854.35,925.06,,,,29.8,39.05,-47.77,,,,8.28,,,,8.28,-222.33,,,,-222.33,1년치 존재,1,,,-1.84,84.71,93053.0,30065.0,up,50.4,2175.0,1774.0,mixed,bull,10240.0,46442.0,5526.0,20677.0,KOSDAQ,1880,1227,30065,0.3,기계,False,
053260,금강철강,1.0,-775.6,2253.63,2010.85,1772.24,,,,52.9,38.09,15.03,,,,-11.87,,,,-11.87,-60.54,,,,-60.54,1년치 존재,1,,,5.08,23.06,3792750.0,305855.0,up,49.5,8170.0,4325.0,up,bear,72224.0,17503.0,-34971.0,-153501.0,KOSDAQ,6820,1277,305855,0.1,철강,False,
331920,셀레믹스,1.0,-219.01,65.78,67.19,57.68,,,,-57.7,-19.03,-33.24,,,,-14.15,,,,-14.15,-74.67,,,,-74.67,1년치 존재,1,,,-51.97,60.48,55903.0,173640.0,up,40.8,14470.0,8380.0,mixed,bear,29492.0,2677.0,0.0,12847.0,KOSDAQ,10340,1156,173640,3.1,생물공학,False,
023600,삼보판지,0.848,-646.76,5556.29,5582.92,5398.65,,,,673.69,387.27,299.09,,,,-3.3,,,,-3.3,-22.77,,,,-22.77,1년치 존재,1,5.35,,5.1,28.38,8546.0,4079.0,down,45.6,9580.0,8080.0,mixed,bear,1588.0,-9123.0,1.0,-2754.0,KOSDAQ,9010,1442,4079,0.5,포장재,False,
293580,나우IB,1.0,,266.98,314.17,291.56,,,,24.55,90.11,73.01,,,,-7.2,,,,-7.2,-18.98,,,,-18.98,1년치 존재,1,21.1,,4.81,,578530.0,315183.0,up,45.3,1547.0,1146.0,down,bull,47917.0,534302.0,-8580.0,-11870.0,KOSDAQ,1285,1220,315183,0.5,창업투자,False,
418420,라온텍,,114.7,107.44,89.03,87.46,,,,-21.53,-69.89,-58.1,,,,-1.76,,,,-1.76,16.87,,,,16.87,1년치 존재,1,,,-88.05,253.61,142024.0,132319.0,up,49.7,4415.0,2690.0,up,bear_cross,-58523.0,-56640.0,169.0,442.0,KOSDAQ,4105,1263,132319,0.9,반도체와반도체장비,False,
396470,워트,1.0,-572.58,128.46,151.84,152.21,250.0,,,14.7,20.31,24.83,60.0,,,0.24,64.25,,,64.25,22.26,141.64,,,141.64,2년치 존재,2,32.08,,7.73,5.84,110059.0,82693.0,up,59.7,7400.0,4450.0,up,bull,35270.0,172974.0,0.0,2000.0,KOSDAQ,7100,1145,82693,0.8,반도체와반도체장비,False,
047770,코데즈컴바인,0.9886,-312.35,419.56,396.01,397.23,,,,29.3,10.59,24.17,,,,0.31,,,,0.31,128.23,,,,128.23,1년치 존재,1,29.82,,12.96,27.87,1214732.0,304192.0,down,47.6,4135.0,2190.0,mixed,bear,129725.0,321189.0,2499.0,2499.0,KOSDAQ,3475,1315,304192,0.3,"섬유,의류,신발,호화품",False,
021320,KCC건설,,1805.25,19095.92,18270.4,18334.03,16750.0,17530.0,18750.0,181.47,645.97,883.37,860.0,930.0,1160.0,0.35,-8.64,4.66,6.96,6.96,36.75,-2.65,8.14,24.73,36.75,4년치 존재,4,,,8.57,152.97,23125.0,7576.0,down,43.5,6080.0,4965.0,mixed,bear,-973.0,-70998.0,10.0,125172.0,KOSDAQ,5640,1207,7576,0.3,건설,True,2026-08-24
056090,시지메드텍,1.0,97.59,349.69,346.23,472.35,596.0,735.0,,-16.22,-11.16,38.14,29.0,76.0,,36.43,26.18,23.32,,36.43,441.76,-23.96,162.07,,441.76,3년치 존재,3,19.27,,7.12,39.37,124580.0,143335.0,up,60.3,8090.0,4320.0,up,bull,16975.0,-756893.0,-3.0,387121.0,KOSDAQ,6070,1254,143335,1.2,건강관리장비와용품,True,2026-09-28
041440,현대에버다임,1.0,736.52,3580.52,3551.18,2895.87,,,,119.83,99.5,54.07,,,,-18.45,,,,-18.45,-45.66,,,,-45.66,1년치 존재,1,24.49,,5.08,84.06,57809.0,75839.0,down,40.3,6840.0,5420.0,mixed,bear,28720.0,-15088.0,633.0,659.0,KOSDAQ,6370,1137,75839,1.3,기계,False,
140670,알에스오토메이션,,-161.48,812.75,767.68,670.38,,,,-29.78,-37.13,-35.61,,,,-12.67,,,,-12.67,4.09,,,,4.09,1년치 존재,1,,,-8.49,56.62,65125.0,34569.0,up,52.6,10840.0,7720.0,up,bull,20327.0,188280.0,-216.0,-273231.0,KOSDAQ,10500,1348,34569,0.5,기계,False,
299030,하나기술,1.0,521.77,1199.48,942.19,938.33,1657.0,2999.0,4284.0,-63.15,-263.97,-0.4,65.0,346.0,574.0,-0.41,76.59,80.99,42.85,80.99,99.85,16350.0,432.31,65.9,16350.0,4년치 존재,4,,,2.38,241.82,37876.0,42344.0,up,60.0,16470.0,10160.0,up,bull,30906.0,90695.0,-13204.0,-123147.0,KOSDAQ,15640,1250,42344,1.1,전자장비와기기,False,
336680,탑런토탈솔루션,1.0,1393.57,5138.77,5196.55,5501.11,,,,296.8,260.4,89.01,,,,5.86,,,,5.86,-65.82,,,,-65.82,1년치 존재,1,17.85,,1.29,204.38,20677.0,26868.0,up,62.8,3065.0,2200.0,up,bear,5754.0,-5769.0,20407.0,95599.0,KOSDAQ,3020,1182,26868,1.3,자동차부품,False,
473980,노머스,1.0,-54.36,423.0,689.13,757.26,941.0,1158.0,1430.0,-2.04,81.81,123.4,193.0,245.0,313.0,9.89,24.26,23.06,23.49,24.26,50.84,56.4,26.94,27.76,56.4,4년치 존재,4,7.62,,15.33,13.82,26442.0,20295.0,up,42.4,12050.0,9100.0,down,bear,25006.0,-17073.0,-16252.0,-32807.0,KOSDAQ,10390,1131,20295,0.8,방송과엔터테인먼트,False,
474610,RF시스템즈,,-100.79,327.87,326.72,381.74,453.5,633.6,,17.87,16.86,40.56,54.7,96.4,,16.84,18.8,39.71,,39.71,140.57,34.86,76.23,,140.57,3년치 존재,3,,,12.28,57.07,91052.0,98567.0,up,60.3,8610.0,4970.0,up,bull,-13329.0,27919.0,454.0,-4896.0,KOSDAQ,8180,1179,98567,1.1,우주항공과국방,True,2026-09-29
017510,세명전기,,-140.83,124.8,144.31,323.33,,,,19.97,30.3,148.16,,,,124.05,,,,124.05,388.98,,,,388.98,1년치 존재,1,,,13.92,15.96,186297.0,172527.0,down,51.6,8160.0,5200.0,up,bear_cross,36102.0,98913.0,-1.0,-6165.0,KOSDAQ,7680,1171,172527,0.9,전기장비,False,
290720,푸드나무,0.997,309.76,1540.8,1206.54,868.06,,,,-107.01,-153.44,-81.53,,,,-28.05,,,,-28.05,46.87,,,,46.87,1년치 존재,1,61.04,,-25.99,203.78,67991.0,100108.0,up,62.1,3245.0,2535.0,mixed,bull,25406.0,83387.0,869.0,869.0,KOSDAQ,3240,1236,100108,1.5,식품,False,
255440,야스,,65.47,417.57,286.32,347.64,,,,-35.87,-96.59,-64.65,,,,21.42,,,,21.42,33.07,,,,33.07,1년치 존재,1,,,25.24,61.06,73525.0,48367.0,up,69.2,8640.0,3820.0,up,bull,27378.0,66381.0,10987.0,3961.0,KOSDAQ,8600,1123,48367,0.7,디스플레이장비및부품,False,
209640,와이제이링크,1.0,244.47,485.51,485.34,460.73,,,,91.59,-12.67,-34.73,,,,-5.07,,,,-5.07,-174.11,,,,-174.11,1년치 존재,1,,,9.89,77.6,1493022.0,658350.0,up,59.3,4220.0,2645.0,up,bull,36243.0,-673617.0,0.0,-38436.0,KOSDAQ,3940,1121,658350,0.4,전자장비와기기,False,
083500,에프엔에스테크,0.859,-123.19,388.84,884.82,736.58,650.0,1155.0,1390.0,22.82,88.05,103.5,161.0,288.0,370.0,-16.75,-11.75,77.69,20.35,77.69,17.55,55.56,78.88,28.47,78.88,4년치 존재,4,14.14,,10.97,38.19,65659.0,71326.0,up,75.4,15300.0,9800.0,mixed,bull,-21834.0,-43857.0,-3997.0,-26951.0,KOSDAQ,14790,1229,71326,1.1,디스플레이장비및부품,False,
018120,진로발효,0.969,-372.16,1000.68,1014.56,997.84,,,,80.56,115.37,140.14,,,,-1.65,,,,-1.65,21.47,,,,21.47,1년치 존재,1,9.09,,11.18,20.05,620.0,581.0,up,48.9,16900.0,16380.0,up,bear_cross,-5.0,-1989.0,-15.0,-9.0,KOSDAQ,16670,1104,581,0.9,음료,False,
051980,중앙첨단소재,,-8.13,262.95,186.92,198.09,,,,0.57,-77.98,-45.63,,,,5.98,,,,5.98,41.48,,,,41.48,1년치 존재,1,,,-2.27,24.03,170574.0,57741.0,down,48.3,11430.0,8450.0,up,bull,-10355.0,-37546.0,-123.0,-123.0,KOSDAQ,9990,1110,57741,0.3,통신장비,False,
039340,한국경제TV,1.0,-251.67,805.0,795.06,759.1,,,,51.31,11.3,-23.75,,,,-4.52,,,,-4.52,-310.18,,,,-310.18,1년치 존재,1,37.94,,3.74,15.86,7413.0,892.0,down,37.1,5000.0,4665.0,mixed,bear,-9163.0,-23912.0,239.0,1604.0,KOSDAQ,4815,1059,892,0.1,방송과엔터테인먼트,False,
108230,톱텍,1.0,-1745.4,6016.56,4736.29,1710.02,,,,689.51,124.89,-31.45,,,,-63.9,,,,-63.9,-125.18,,,,-125.18,1년치 존재,1,,,1.97,39.36,305637.0,113353.0,down,50.6,3385.0,2755.0,up,bear,82522.0,103188.0,-5825.0,928.0,KOSDAQ,3220,1224,113353,0.4,기계,False,
038540,상상인,,-438.02,9369.63,5882.51,4185.61,,,,-647.17,-764.15,-482.13,,,,-28.85,,,,-28.85,36.91,,,,36.91,1년치 존재,1,,,-26.31,949.15,51005.0,27925.0,up,51.6,2265.0,1870.0,down,bull,23729.0,-241341.0,16206.0,230868.0,KOSDAQ,1978,1094,27925,0.5,기타금융,False,
201490,미투온,0.2063,-878.71,1089.95,943.16,1209.24,1104.0,,,221.31,118.11,126.12,160.0,,,28.21,-8.7,,,28.21,6.78,26.86,,,26.86,2년치 존재,2,141.58,,0.78,6.6,8191548.0,791711.0,down,52.1,4550.0,1849.0,mixed,bear,6864.0,-48349.0,2567.0,-66937.0,KOSDAQ,3340,1093,791711,0.1,게임엔터테인먼트,False,
290740,액트로,1.0,-371.48,1568.46,2030.84,2449.39,,,,46.92,24.17,65.79,,,,20.61,,,,20.61,172.2,,,,172.2,1년치 존재,1,15.41,,16.13,66.19,66114.0,46336.0,down,47.5,13800.0,6200.0,mixed,bear,-20322.0,-79759.0,-61.0,70.0,KOSDAQ,11300,1137,46336,0.7,핸드셋,False,
053080,케이엔솔,1.0,1094.59,4174.42,5791.97,4635.37,5220.0,,,184.68,264.27,-620.12,530.0,,,-19.97,12.61,,,12.61,-334.65,185.47,,,185.47,2년치 존재,2,,,-42.58,225.73,41133.0,51935.0,up,55.8,9750.0,6960.0,up,bull,37563.0,70429.0,0.0,439.0,KOSDAQ,9290,1208,51935,1.3,기계,False,
136150,원일티엔아이,,-8.62,418.8,421.88,296.17,,,,28.63,63.8,-17.5,,,,-29.8,,,,-29.8,-127.43,,,,-127.43,1년치 존재,1,,,1.47,53.57,250875.0,103903.0,up,76.1,13760.0,5560.0,up,bull,-51905.0,-54446.0,1911.0,1834.0,KOSDAQ,12900,1081,103903,0.4,에너지장비및서비스,False,
242040,나무AX,,-94.35,905.58,914.19,1022.73,,,,-7.5,-22.27,22.51,,,,11.87,,,,11.87,201.08,,,,201.08,1년치 존재,1,,,0.86,132.82,279328.0,260639.0,up,45.9,4420.0,2975.0,mixed,bull,-56721.0,-196846.0,0.0,840.0,KOSDAQ,3130,1083,260639,0.9,IT서비스,False,
063570,NICE인프라,0.9939,2340.34,3584.04,3387.03,3839.54,4556.0,5037.0,5558.0,277.49,187.04,307.14,371.0,430.0,480.0,13.36,18.66,10.56,10.34,18.66,64.21,20.79,15.9,11.63,64.21,4년치 존재,4,15.95,,5.89,253.33,12192.0,5137.0,up,50.5,3490.0,2975.0,mixed,bear,-10225.0,-56794.0,-777.0,-12661.0,KOSDAQ,3315,1132,5137,0.4,상업서비스와공급품,False,
297890,HB솔루션,1.0,-272.05,961.7,1315.31,628.49,,,,67.64,193.42,43.96,,,,-52.22,,,,-52.22,-77.27,,,,-77.27,1년치 존재,1,4.47,,17.01,32.97,264916.0,160312.0,up,45.9,1831.0,1417.0,mixed,bull,131341.0,242521.0,6022.0,-41734.0,KOSDAQ,1618,1183,160312,0.6,디스플레이장비및부품,False,
123040,엠에스오토텍,0.2442,4116.44,20817.64,17775.19,17405.52,,,,1748.44,963.01,312.83,,,,-2.08,,,,-2.08,-67.52,,,,-67.52,1년치 존재,1,,,-27.93,159.48,64566.0,74052.0,up,56.9,1790.0,1418.0,mixed,bull_cross,51733.0,15982.0,-3401.0,-282.0,KOSDAQ,1713,1073,74052,1.1,자동차부품,False,
040300,YTN,,-1412.8,1304.7,1311.78,1341.93,,,,-92.99,-266.75,-136.02,,,,2.3,,,,2.3,49.01,,,,49.01,1년치 존재,1,,,-4.62,49.83,700593.0,82842.0,up,54.6,2635.0,1858.0,up,bear,10475.0,-222503.0,0.0,0.0,KOSDAQ,2250,1073,82842,0.1,방송과엔터테인먼트,False,
036630,세종텔레콤,1.0,688.82,3393.01,3713.91,2841.95,,,,-31.14,-121.36,-107.53,,,,-23.48,,,,-23.48,11.4,,,,11.4,1년치 존재,1,13.92,,-5.72,118.81,9321.0,1969.0,down,49.1,10630.0,6410.0,mixed,bear,-4410.0,-13657.0,0.0,0.0,KOSDAQ,8050,1127,1969,0.2,다각화된통신서비스,False,
217190,제너셈,0.9873,173.14,564.54,687.38,567.57,,,,35.62,65.41,10.29,,,,-17.43,,,,-17.43,-84.27,,,,-84.27,1년치 존재,1,125.88,,0.38,97.37,284887.0,640039.0,up,82.8,8950.0,4200.0,up,bull,189060.0,297059.0,82224.0,86393.0,KOSDAQ,8950,1177,640039,2.2,반도체와반도체장비,False,
079650,서산,1.0,-524.86,412.53,356.84,451.03,,,,-15.77,-24.95,-33.31,,,,26.4,,,,26.4,-33.51,,,,-33.51,1년치 존재,1,,,-0.59,5.61,3252709.0,549863.0,down,42.2,8040.0,3235.0,mixed,bear,-70680.0,27849.0,0.0,-687.0,KOSDAQ,5350,1070,549863,0.2,건축자재,False,
289930,웨이비스,,-530.18,168.9,293.96,407.06,,,,-95.2,-48.58,6.27,,,,38.47,,,,38.47,112.91,,,,112.91,1년치 존재,1,,,76.86,47.59,102750.0,97775.0,down,59.8,8510.0,5830.0,up,bull,-14246.0,-148541.0,224.0,-24782.0,KOSDAQ,8120,1068,97775,1.0,우주항공과국방,False,
311320,지오엘리먼트,1.0,-133.74,178.11,447.77,546.24,697.0,,,7.61,53.14,44.29,116.0,,,21.99,27.6,,,27.6,-16.65,161.91,,,161.91,2년치 존재,2,20.33,,12.25,24.81,36031.0,36899.0,up,53.9,10580.0,5480.0,up,bull,10804.0,30823.0,-8998.0,-13811.0,KOSDAQ,8800,1110,36899,1.0,반도체와반도체장비,False,
041590,플래스크,1.0,-245.29,227.6,140.37,180.05,,,,-229.62,-79.61,-19.62,,,,28.27,,,,28.27,75.35,,,,75.35,1년치 존재,1,387.0,,12.18,12.08,,,,,,,,,0.0,0.0,0.0,0.0,KOSDAQ,2370,1161,0,,건설,False,
339950,아이비김영,1.0,-208.94,946.99,1070.69,1194.88,,,,89.36,164.9,190.67,,,,11.6,,,,11.6,15.63,,,,15.63,1년치 존재,1,5.14,,27.41,100.97,46936.0,16342.0,down,36.7,3120.0,2370.0,down,bull,-53167.0,-265590.0,47.0,266.0,KOSDAQ,2370,1065,16342,0.3,교육서비스,False,
036010,아비코전자,1.0,-421.6,1250.3,1209.3,1338.53,1336.0,1469.0,,-47.12,-48.77,83.14,83.0,118.0,,10.69,-0.19,9.96,,10.69,270.47,-0.17,42.17,,270.47,3년치 존재,3,11.16,,10.43,30.73,99475.0,81021.0,up,61.8,8420.0,4450.0,up,bull,-22393.0,48871.0,1.0,-191406.0,KOSDAQ,8000,1063,81021,0.8,전기제품,True,2026-09-10
310200,애니플러스,0.8595,150.11,1113.47,1309.76,1503.0,,,,228.63,251.39,226.84,,,,14.75,,,,14.75,-9.77,,,,-9.77,1년치 존재,1,9.14,,6.98,78.85,200076.0,245513.0,up,49.2,2850.0,1919.0,mixed,bull,64381.0,136415.0,110490.0,31468.0,KOSDAQ,2115,1103,245513,1.2,방송과엔터테인먼트,False,
333430,일승,0.5446,-246.78,529.72,517.93,506.74,,,,52.93,69.14,108.63,,,,-2.16,,,,-2.16,57.12,,,,57.12,1년치 존재,1,15.44,,28.5,39.17,206225.0,106644.0,up,47.0,4420.0,2965.0,up,bull,67606.0,4779.0,-462.0,0.0,KOSDAQ,3745,1151,106644,0.5,조선,False,
338220,뷰노,,-241.86,132.76,258.69,348.48,,,,-156.76,-124.5,-49.33,,,,34.71,,,,34.71,60.38,,,,60.38,1년치 존재,1,,,-35.5,34.35,446942.0,194680.0,up,63.8,8790.0,4325.0,mixed,bull,-151618.0,15026.0,-66329.0,-437632.0,KOSDAQ,8180,1145,194680,0.4,건강관리기술,False,
453450,그리드위즈,1.0,-202.99,1318.71,1246.74,1256.09,,,,15.92,-43.43,8.16,,,,0.75,,,,0.75,118.79,,,,118.79,1년치 존재,1,49.46,,0.91,44.66,17164.0,10174.0,up,52.4,15970.0,11090.0,mixed,bull,19299.0,19080.0,1.0,-14.0,KOSDAQ,13330,1059,10174,0.6,전기유틸리티,False,
334970,프레스티지바이오로직스,,943.64,,21.69,125.33,266.65,,,,-334.3,-336.82,-493.02,,,477.82,112.76,,,477.82,-0.75,-46.37,,,-0.75,2년치 존재,2,,,-45.4,194.68,166004.0,20760.0,up,34.2,1994.0,1316.0,down,bull,5845.0,-126336.0,-2172.0,13995.0,KOSDAQ,1401,1089,20760,0.1,제약,False,
131030,옵투스제약,,-408.55,724.26,819.05,871.61,,,,81.87,85.88,88.75,,,,6.42,,,,6.42,3.34,,,,3.34,1년치 존재,1,,,8.4,9.81,36287.0,103139.0,up,67.0,6640.0,4900.0,up,bull,-215.0,4861.0,0.0,0.0,KOSDAQ,6450,1138,103139,2.8,제약,False,
051360,토비스,0.9643,549.41,4473.92,6237.81,6403.29,,,,256.56,583.72,571.91,,,,2.65,,,,2.65,-2.02,,,,-2.02,1년치 존재,1,2.52,,19.08,82.93,11866.0,8239.0,down,47.5,13140.0,8650.0,up,bear,12598.0,36585.0,3284.0,25497.0,KOSDAQ,11590,1085,8239,0.7,디스플레이장비및부품,False,
475230,엔알비,1.0,756.53,515.33,528.01,594.82,1187.5,,,121.41,62.16,44.99,138.0,,,12.65,99.64,,,99.64,-27.62,206.73,,,206.73,2년치 존재,2,,,8.04,127.41,91214.0,58140.0,down,46.1,11220.0,5800.0,mixed,bear,-977.0,-171584.0,4723.0,35598.0,KOSDAQ,9620,1048,58140,0.6,건설,False,
067900,와이엔텍,1.0,339.48,1213.96,1137.6,1169.96,,,,321.21,302.78,260.73,,,,2.84,,,,2.84,-13.89,,,,-13.89,1년치 존재,1,3.53,,8.76,44.86,16967.0,14413.0,down,42.7,6580.0,5530.0,down,bear,1334.0,13586.0,3464.0,5606.0,KOSDAQ,5900,1074,14413,0.8,해운사,False,
389020,자람테크놀로지,,-175.46,116.23,221.7,106.44,280.0,550.0,960.0,-21.41,3.65,-70.65,0.0,40.0,170.0,-51.99,163.06,96.43,74.55,163.06,-2035.62,100.0,,325.0,325.0,4년치 존재,4,,,-8.18,23.16,115098.0,56812.0,up,39.3,23600.0,15020.0,down,bull,26822.0,116958.0,-90.0,-10283.0,KOSDAQ,16410,1133,56812,0.5,통신장비,True,2026-08-24
439580,블루엠텍,,295.73,1138.53,1332.86,1859.05,,,,13.44,-68.96,-19.71,,,,39.48,,,,39.48,71.42,,,,71.42,1년치 존재,1,,,9.17,131.13,1809004.0,4074774.0,up,71.4,3080.0,1466.0,up,bull,-16096.0,-1055240.0,-1024.0,16083.0,KOSDAQ,3080,1042,4074774,2.3,건강관리업체및서비스,False,
073560,우리손에프앤지,1.0,842.77,2792.74,2926.63,2870.5,,,,46.33,275.27,326.91,,,,-1.92,,,,-1.92,18.76,,,,18.76,1년치 존재,1,4.37,,8.31,61.8,54643.0,25338.0,down,42.1,1556.0,1444.0,mixed,bear,24524.0,-141292.0,0.0,0.0,KOSDAQ,1505,1042,25338,0.5,식품,False,
053350,이니텍,1.0,-1355.99,,388.82,328.06,,,,,2.31,-23.93,,,,-15.63,,,,-15.63,-1135.93,,,,-1135.93,1년치 존재,1,37.78,,2.27,7.51,65901.0,108040.0,up,68.8,4860.0,3350.0,up,bull,-94888.0,-178680.0,-630.0,0.0,KOSDAQ,4860,1070,108040,1.6,소프트웨어,False,
217820,원익피앤이,1.0,963.55,3068.4,2947.08,3906.91,,,,28.94,-487.48,13.98,,,,32.57,,,,32.57,102.87,,,,102.87,1년치 존재,1,116.91,,-11.04,259.45,1073829.0,296820.0,up,54.2,2820.0,1574.0,up,bear_cross,117386.0,-488973.0,-3179.0,-4961.0,KOSDAQ,2375,1127,296820,0.3,전기제품,False,
366030,나인앤컴퍼니,1.0,-294.77,530.09,498.6,450.44,,,,105.13,81.02,68.05,,,,-9.66,,,,-9.66,-16.01,,,,-16.01,1년치 존재,1,13.93,,19.46,9.79,59177.0,21564.0,down,48.9,5630.0,4205.0,down,bull,30748.0,34830.0,0.0,0.0,KOSDAQ,4580,1038,21564,0.4,"섬유,의류,신발,호화품",False,
100700,세운메디칼,0.977,-985.14,682.47,601.51,636.57,,,,169.2,113.77,127.01,,,,5.83,,,,5.83,11.64,,,,11.64,1년치 존재,1,8.66,,9.21,5.49,70506.0,76973.0,down,49.5,2470.0,2220.0,mixed,bear,-4613.0,111746.0,-4641.0,408.0,KOSDAQ,2355,1031,76973,1.1,건강관리장비와용품,False,
120240,대정화금,,-764.08,932.83,923.04,1080.81,,,,109.96,84.8,111.82,,,,17.09,,,,17.09,31.86,,,,31.86,1년치 존재,1,,,9.37,16.83,6592.0,3250.0,up,52.5,15060.0,13400.0,up,bull,-3082.0,922.0,-1186.0,26.0,KOSDAQ,14830,1066,3250,0.5,화학,False,
122450,KX,0.7226,577.8,4030.52,4037.81,3461.22,3892.0,4197.0,4450.0,620.2,597.06,383.92,547.0,598.0,651.0,-14.28,12.45,7.84,6.03,12.45,-35.7,42.48,9.32,8.86,42.48,4년치 존재,4,5.58,,4.72,85.68,26029.0,11575.0,down,35.5,2800.0,2400.0,down,bear,820.0,-28768.0,-323.0,1442.0,KOSDAQ,2480,1112,11575,0.4,복합기업,False,
0011A0,액스비스,1.0,98.63,,556.6,565.73,,,,,24.16,43.07,,,,1.64,,,,1.64,78.27,,,,78.27,1년치 존재,1,20.49,,21.4,80.1,1398867.0,179558.0,down,48.8,13100.0,7030.0,mixed,bear,-72160.0,-461958.0,-46011.0,-509534.0,KOSDAQ,11000,1027,179558,0.1,전자장비와기기,False,
0017J0,세미티에스,1.0,-566.12,92.71,208.08,229.65,322.0,487.0,,-65.16,59.01,63.93,93.0,141.0,,10.37,40.21,51.24,,51.24,8.34,45.47,51.61,,51.61,3년치 존재,3,14.97,,-20.55,8.3,750254.0,1198272.0,up,72.8,3630.0,2350.0,mixed,bull,434934.0,431249.0,487919.0,461478.0,KOSDAQ,3405,1027,1198272,1.6,반도체와반도체장비,False,
317770,엑스페릭스,,-106.7,119.09,147.47,214.87,,,,-41.84,-32.48,-14.07,,,,45.7,,,,45.7,56.68,,,,56.68,1년치 존재,1,,,0.74,49.83,156756.0,145322.0,up,61.2,3035.0,2110.0,up,bull,279955.0,361156.0,-7790.0,-7724.0,KOSDAQ,2865,1060,145322,0.9,전자장비와기기,False,
090850,현대이지웰,1.0,-804.57,1179.52,1310.56,1426.49,,,,183.41,202.44,241.97,,,,8.85,,,,8.85,19.53,,,,19.53,1년치 존재,1,4.6,,15.06,125.41,25944.0,16354.0,down,40.9,6250.0,4845.0,down,bull,-25344.0,-86511.0,-2679.0,-33051.0,KOSDAQ,4910,1104,16354,0.6,상업서비스와공급품,False,
091440,한울소재과학,,769.63,375.97,173.39,134.35,,,,-40.53,-129.47,-245.99,,,,-22.52,,,,-22.52,-90.0,,,,-90.0,1년치 존재,1,,,-84.66,315.09,303315.0,108309.0,up,46.4,3460.0,2320.0,down,bear,-477563.0,-50803.0,-41324.0,-169310.0,KOSDAQ,2770,1024,108309,0.4,통신장비,False,
306620,지아이에스,,275.6,867.55,1044.52,758.11,,,,21.67,36.26,16.32,,,,-27.42,,,,-27.42,-54.99,,,,-54.99,1년치 존재,1,,,-7.41,226.0,375039.0,264917.0,up,61.4,2220.0,1318.0,up,bull,216485.0,312311.0,-1616.0,2613.0,KOSDAQ,2135,1024,264917,0.7,반도체와반도체장비,False,
493330,지에프아이,1.0,-311.54,,242.42,449.56,716.0,990.0,,,54.91,67.55,114.0,160.0,,85.45,59.27,38.27,,85.45,23.02,68.76,40.35,,68.76,3년치 존재,3,,,-0.39,12.59,66890.0,30360.0,up,57.7,15190.0,8350.0,mixed,bull,-3905.0,26485.0,638.0,-66050.0,KOSDAQ,13130,1056,30360,0.5,전자장비와기기,True,2026-09-23
053700,삼보모터스,1.0,3565.92,14405.57,15706.26,16845.82,,,,516.48,542.72,617.3,,,,7.26,,,,7.26,13.74,,,,13.74,1년치 존재,1,5.2,,2.11,211.93,94127.0,72235.0,down,48.4,4570.0,3600.0,mixed,bull,31583.0,5532.0,-5801.0,-3525.0,KOSDAQ,3945,1054,72235,0.8,자동차부품,False,
419050,삼기에너지솔루션즈,1.0,1489.26,908.54,987.07,1442.29,,,,7.45,-62.62,54.33,,,,46.12,,,,46.12,186.76,,,,186.76,1년치 존재,1,,,-5.99,223.66,3361720.0,714045.0,up,56.7,1884.0,1035.0,up,bull,69657.0,14698.0,1124.0,291.0,KOSDAQ,1765,1010,714045,0.2,자동차부품,False,
323990,박셀바이오,,-132.86,0.14,18.99,70.56,,,,-115.07,-150.38,-154.98,,,,271.56,,,,271.56,-3.06,,,,-3.06,1년치 존재,1,,,-24.64,10.15,140409.0,89088.0,up,52.1,5070.0,3585.0,mixed,bear,-2333.0,-152455.0,-488.0,35.0,KOSDAQ,4390,1021,89088,0.6,제약,False,
235980,메드팩토,,-340.08,,,38.98,,,,-287.58,-218.16,-140.19,,,,,,,,,35.74,,,,35.74,1년치 존재,1,,,-30.76,7.02,110852.0,141230.0,up,61.3,3480.0,2240.0,up,bull,10580.0,38678.0,-6711.0,-11319.0,KOSDAQ,3050,1045,141230,1.3,제약,False,
086980,쇼박스,1.0,-1287.34,401.7,931.18,627.48,,,,-282.95,245.24,-116.51,,,,-32.61,,,,-32.61,-147.51,,,,-147.51,1년치 존재,1,,,16.06,73.82,71112.0,43052.0,down,26.5,2270.0,1720.0,down,bear,-43961.0,-197204.0,-24635.0,3849.0,KOSDAQ,1720,1074,43052,0.6,방송과엔터테인먼트,False,
309960,LB인베스트먼트,1.0,,275.82,302.57,264.15,,,,84.63,108.52,96.65,,,,-12.7,,,,-12.7,-10.94,,,,-10.94,1년치 존재,1,8.07,,11.42,,41150.0,29762.0,up,52.9,4645.0,3870.0,mixed,bull,6245.0,-132839.0,0.0,-500.0,KOSDAQ,4320,1003,29762,0.7,창업투자,False,
086960,MDS테크,1.0,-374.63,1553.14,1655.79,1877.06,,,,87.18,59.44,58.13,,,,13.36,,,,13.36,-2.2,,,,-2.2,1년치 존재,1,12.14,,13.75,41.78,1351533.0,578443.0,up,62.6,2470.0,1622.0,up,bull,-113940.0,-926523.0,-1625.0,796.0,KOSDAQ,2350,999,578443,0.4,소프트웨어,False,
175250,아이큐어,1.0,202.91,568.06,507.05,833.85,,,,-225.36,-151.59,-119.57,,,,64.45,,,,64.45,21.12,,,,21.12,1년치 존재,1,,,-51.34,251.73,264467.0,155476.0,up,34.4,2110.0,1584.0,,,-33122.0,-282928.0,0.0,1.0,KOSDAQ,1682,1038,155476,0.6,화장품,False,
130580,나이스디앤비,1.0,-364.63,879.11,896.64,913.63,963.0,1006.0,1050.0,141.92,157.83,154.32,168.0,177.0,186.0,1.89,5.4,4.47,4.37,5.4,-2.22,8.86,5.36,5.08,8.86,4년치 존재,4,8.28,,12.64,19.36,29768.0,11764.0,up,72.5,6950.0,5340.0,up,bear,4604.0,12146.0,48409.0,182905.0,KOSDAQ,6950,1070,11764,0.4,상업서비스와공급품,False,
246720,아스타,,-87.65,31.33,33.55,25.95,,,,-27.24,-40.19,-25.9,,,,-22.65,,,,-22.65,35.56,,,,35.56,1년치 존재,1,,,-35.28,23.35,,,,,,,,,0.0,0.0,0.0,0.0,KOSDAQ,6070,994,0,,건강관리장비와용품,False,
091120,이엠텍,,926.14,2634.51,1675.88,2050.9,,,,-145.99,-305.13,-199.06,,,,22.38,,,,22.38,34.76,,,,34.76,1년치 존재,1,,,-8.45,82.48,35548.0,12479.0,up,70.9,5800.0,3550.0,up,bull,-38313.0,-96349.0,46.0,-23.0,KOSDAQ,5800,994,12479,0.4,핸드셋,False,
109740,디에스케이,0.9111,-60.64,715.0,226.4,431.79,,,,-97.07,-197.0,-227.22,,,,90.72,,,,90.72,-15.34,,,,-15.34,1년치 존재,1,,,-12.38,30.61,21371.0,17758.0,down,43.2,5190.0,3905.0,down,bear,14529.0,36609.0,107.0,570.0,KOSDAQ,3995,1027,17758,0.8,전자장비와기기,False,
261780,아리바이오랩,,-94.52,2.94,3.71,1.59,,,,-64.19,-76.96,-142.71,,,,-57.14,,,,-57.14,-85.43,,,,-85.43,1년치 존재,1,,,-92.28,113.79,1299994.0,462864.0,down,58.9,4215.0,1857.0,mixed,bear,33548.0,14551.0,0.0,53051.0,KOSDAQ,3685,1067,462864,0.4,제약,False,
063170,서울옥션,,803.77,449.66,205.99,213.34,,,,-35.48,-33.9,-39.53,,,,3.57,,,,3.57,-16.61,,,,-16.61,1년치 존재,1,,,-6.07,119.36,21955.0,11596.0,down,44.7,6300.0,4430.0,mixed,bear,-4580.0,-66848.0,927.0,903.0,KOSDAQ,5580,992,11596,0.5,판매업체,False,
099750,이지케어텍,1.0,-37.03,,679.43,726.41,788.94,960.0,,,2.36,22.11,50.19,95.0,,6.91,8.61,21.68,,21.68,836.86,127.0,89.28,,836.86,3년치 존재,3,43.09,,16.84,38.99,174838.0,46101.0,up,54.2,7670.0,5920.0,up,bull,512.0,-44839.0,-288.0,1137.0,KOSDAQ,7230,988,46101,0.3,건강관리기술,False,
173130,오파스넷,1.0,-344.22,2249.81,1928.85,2332.94,,,,139.51,106.52,140.45,,,,20.95,,,,20.95,31.85,,,,31.85,1년치 존재,1,8.09,,21.03,114.52,117142.0,80255.0,up,74.8,8060.0,5470.0,up,bull,36471.0,39934.0,0.0,0.0,KOSDAQ,7860,1025,80255,0.7,IT서비스,False,
033560,블루콤,1.0,142.64,327.7,50.9,58.07,,,,-77.12,32.51,6.48,,,,14.09,,,,14.09,-80.07,,,,-80.07,1년치 존재,1,6.01,,4.56,15.86,19726.0,28540.0,up,75.8,5750.0,3630.0,up,bull,2512.0,526.0,0.0,0.0,KOSDAQ,5750,983,28540,1.4,부동산,False,
352090,스톰테크,1.0,-300.89,551.62,669.15,696.79,,,,116.55,124.24,119.39,,,,4.13,,,,4.13,-3.9,,,,-3.9,1년치 존재,1,9.61,,12.09,45.23,52293.0,20828.0,down,48.6,3810.0,3430.0,mixed,bear,-15157.0,-16506.0,0.0,-42796.0,KOSDAQ,3650,981,20828,0.4,가정용기기와용품,False,
246710,티앤알바이오팹,,244.01,51.99,48.74,269.67,403.0,,,-127.24,-132.99,-90.51,-11.0,,,453.28,49.44,,,453.28,31.94,87.85,,,87.85,2년치 존재,2,,,-143.56,337.44,110507.0,44731.0,down,46.0,3000.0,1985.0,down,bull,-14069.0,-16922.0,3186.0,8411.0,KOSDAQ,2230,1063,44731,0.4,생물공학,False,
059210,메타바이오메드,1.0,82.46,831.01,940.36,1029.51,1201.0,1478.0,1918.0,107.48,172.22,214.28,229.0,309.0,407.0,9.48,16.66,23.06,29.77,29.77,24.42,6.87,34.93,31.72,34.93,4년치 존재,4,9.31,,13.97,49.27,69848.0,44148.0,up,48.3,4230.0,3490.0,down,bull,16257.0,-6651.0,-14000.0,-54948.0,KOSDAQ,3765,1023,44148,0.6,건강관리장비와용품,True,2026-09-24
049520,유아이엘,0.9983,-908.09,3321.45,4246.58,4122.64,,,,84.73,210.64,263.54,,,,-2.92,,,,-2.92,25.11,,,,25.11,1년치 존재,1,5.09,,12.19,40.37,39879.0,41460.0,down,40.1,3945.0,3485.0,mixed,bear,-30253.0,-102961.0,28408.0,83868.0,KOSDAQ,3710,1144,41460,1.0,핸드셋,False,
049950,미래컴퍼니,1.0,-281.55,1094.74,672.79,408.98,,,,-17.46,-168.15,-246.96,,,,-39.21,,,,-39.21,-46.87,,,,-46.87,1년치 존재,1,,,-2.89,21.03,17562.0,16050.0,up,54.5,11930.0,8310.0,up,bull,-3046.0,-328.0,655.0,-1809.0,KOSDAQ,11060,975,16050,0.9,디스플레이장비및부품,False,
189330,씨이랩,,-187.99,36.63,90.93,102.72,,,,-69.11,-52.85,-32.25,,,,12.97,,,,12.97,38.98,,,,38.98,1년치 존재,1,,,-37.79,13.38,259465.0,86960.0,up,41.4,18180.0,8100.0,down,bear,18057.0,-382084.0,-337.0,-13216.0,KOSDAQ,10380,974,86960,0.3,IT서비스,False,
045970,코아시아,,154.41,3776.3,3578.1,3751.29,,,,-254.91,-396.12,-22.38,,,,4.84,,,,4.84,94.35,,,,94.35,1년치 존재,1,,,-7.27,228.91,58547.0,57643.0,up,68.5,3900.0,2165.0,up,bull,34162.0,22522.0,221.0,7089.0,KOSDAQ,3830,1008,57643,1.0,핸드셋,False,
125210,아모그린텍,1.0,435.46,1476.0,1285.66,1306.01,,,,122.87,44.71,93.83,,,,1.58,,,,1.58,109.86,,,,109.86,1년치 존재,1,17.74,,6.78,146.85,250965.0,157626.0,up,56.1,6790.0,4640.0,up,bull,2442.0,-149224.0,-12.0,33.0,KOSDAQ,6340,1046,157626,0.6,화학,False,
088130,동아엘텍,0.5105,-1160.61,1651.17,1784.37,5824.37,,,,22.42,147.3,1132.31,,,,226.41,,,,226.41,668.71,,,,668.71,1년치 존재,1,1.97,,12.86,134.36,70867.0,62605.0,up,48.1,5880.0,4225.0,up,bear_cross,42426.0,30803.0,673.0,318.0,KOSDAQ,5540,969,62605,0.9,디스플레이장비및부품,False,
042500,링네트,1.0,-278.79,2176.99,1639.05,1830.74,,,,163.48,136.91,143.13,,,,11.7,,,,11.7,4.54,,,,4.54,1년치 존재,1,8.89,,8.42,53.46,77994.0,38548.0,up,55.8,4590.0,3940.0,mixed,bull,-20166.0,-219510.0,674.0,4475.0,KOSDAQ,4345,969,38548,0.5,IT서비스,False,
307930,컴퍼니케이,,,158.59,150.73,216.02,,,,-49.56,32.62,97.7,,,,43.32,,,,43.32,199.51,,,,199.51,1년치 존재,1,,,6.0,,54461.0,46063.0,up,54.8,6760.0,5250.0,up,bull,-39904.0,-50809.0,-1.0,-261.0,KOSDAQ,6390,997,46063,0.8,창업투자,False,
153890,져스텍,1.0,-193.95,181.33,198.51,221.56,325.0,,,9.76,9.41,-8.36,39.0,,,11.61,46.69,,,46.69,-188.84,566.51,,,566.51,2년치 존재,2,,,-14.2,39.88,372310.0,163737.0,up,37.0,14240.0,5410.0,mixed,bear,39948.0,-20500.0,-60301.0,-259026.0,KOSDAQ,8640,1041,163737,0.4,기계,False,
068240,다원시스,0.9473,3527.83,3578.44,3015.18,1120.89,,,,192.71,76.47,-1206.78,,,,-62.83,,,,-62.83,-1678.11,,,,-1678.11,1년치 존재,1,,,4.81,188.01,,,,,,,,,0.0,0.0,0.0,0.0,KOSDAQ,2530,966,0,,기계,False,
036220,오상헬스케어,1.0,9.5,3558.47,804.88,1286.29,,,,1428.27,-247.85,24.26,,,,59.81,,,,59.81,109.79,,,,109.79,1년치 존재,1,30.97,,-3.05,22.28,323628.0,328313.0,up,54.5,7320.0,5640.0,mixed,bull_cross,9822.0,-45886.0,0.0,0.0,KOSDAQ,6730,963,328313,1.0,생명과학도구및서비스,False,
475580,에이럭스,1.0,129.12,548.46,550.42,630.16,,,,50.27,30.04,-104.74,,,,14.49,,,,14.49,-448.67,,,,-448.67,1년치 존재,1,,,-15.98,158.41,222720.0,35712.0,down,46.0,8400.0,5890.0,mixed,bear,2089.0,-43964.0,0.0,738.0,KOSDAQ,7290,993,35712,0.2,교육서비스,False,
142280,녹십자엠에스,1.0,149.63,940.11,1038.52,1084.13,,,,18.01,23.35,28.87,,,,4.39,,,,4.39,23.64,,,,23.64,1년치 존재,1,28.1,,-4.44,72.87,1834091.0,21850686.0,up,81.6,4300.0,2395.0,up,bull,208459.0,164160.0,-28530.0,-29960.0,KOSDAQ,4300,1030,21850686,11.9,건강관리장비와용품,False,
002230,피에스텍,1.0,-568.42,696.3,805.85,971.6,,,,8.51,34.3,52.81,,,,20.57,,,,20.57,53.97,,,,53.97,1년치 존재,1,10.49,,14.71,36.0,36624.0,29921.0,up,53.2,5450.0,4185.0,up,bull,13430.0,23253.0,94.0,-215.0,KOSDAQ,5200,958,29921,0.8,전기제품,False,
123010,MSDI,,9.12,322.89,393.51,383.76,,,,-101.23,-68.79,2.08,,,,-2.48,,,,-2.48,103.02,,,,103.02,1년치 존재,1,,,-0.81,85.5,372343.0,511542.0,up,76.9,4725.0,1974.0,up,bull,-59953.0,-81008.0,0.0,0.0,KOSDAQ,4725,955,511542,1.4,핸드셋,False,
357580,아모센스,1.0,387.41,,1341.55,1221.4,1240.0,1940.0,,,71.63,53.22,30.0,210.0,,-8.96,1.52,56.45,,56.45,-25.7,-43.63,600.0,,600.0,3년치 존재,3,197.79,,-4.55,199.95,421501.0,224360.0,up,78.3,8340.0,4255.0,up,bull,-154770.0,-557324.0,10572.0,9444.0,KOSDAQ,8340,983,224360,0.5,핸드셋,False,
138360,앤로보틱스,,106.26,102.82,215.03,233.71,,,,-22.98,-11.72,5.81,,,,8.69,,,,8.69,149.57,,,,149.57,1년치 존재,1,,,10.22,39.27,638646.0,1532392.0,down,21.5,2390.0,1311.0,down,bear,545979.0,405121.0,0.0,1042.0,KOSDAQ,1311,1153,1532392,2.4,기계,False,
017650,대림제지,1.0,-694.04,1643.83,1662.64,1688.37,,,,218.27,98.35,52.81,,,,1.55,,,,1.55,-46.3,,,,-46.3,1년치 존재,1,14.83,,2.12,16.03,16632.0,19486.0,up,66.3,10880.0,8350.0,up,bear,0.0,-2515.0,0.0,529.0,KOSDAQ,10800,949,19486,1.2,포장재,False,
246960,SCL사이언스,,286.78,13.22,47.37,220.11,347.0,,,-40.17,-36.61,-33.98,0.0,,,364.66,57.65,,,364.66,7.18,100.0,,,100.0,2년치 존재,2,,,-13.54,244.58,153484.0,192800.0,up,69.0,2925.0,1440.0,up,bull,-672.0,53732.0,8291.0,15152.0,KOSDAQ,2870,976,192800,1.3,건강관리업체및서비스,False,
106190,하이텍팜,,-29.79,767.72,775.13,701.83,,,,100.89,155.58,128.56,,,,-9.46,,,,-9.46,-17.37,,,,-17.37,1년치 존재,1,,,9.27,10.32,21053.0,38281.0,down,37.1,13110.0,9900.0,down,bull,-9936.0,2565.0,-226.0,-2109.0,KOSDAQ,9930,1056,38281,1.8,제약,False,
093920,서원인텍,1.0,-1293.96,2598.02,2239.91,1949.04,,,,118.37,96.19,34.33,,,,-12.99,,,,-12.99,-64.31,,,,-64.31,1년치 존재,1,13.67,,4.58,15.23,7651.0,8704.0,down,49.5,4965.0,4600.0,mixed,bear,3494.0,4954.0,-300.0,7182.0,KOSDAQ,4845,901,8704,1.1,핸드셋,False,
047560,이스트소프트,,-349.59,924.82,1024.57,1067.93,,,,-89.07,-134.56,-189.54,,,,4.23,,,,4.23,-40.86,,,,-40.86,1년치 존재,1,,,-24.13,209.59,38144.0,34233.0,up,55.3,8720.0,7020.0,mixed,bull,17913.0,42451.0,15.0,-17794.0,KOSDAQ,8050,946,34233,0.9,소프트웨어,False,
054050,NH농우바이오,1.0,-104.8,1358.44,1446.8,1587.89,,,,89.45,111.03,136.41,,,,9.75,,,,9.75,22.86,,,,22.86,1년치 존재,1,9.22,,4.65,26.29,16991.0,8602.0,up,51.0,7420.0,6600.0,up,bear_cross,-9288.0,-44857.0,15850.0,16050.0,KOSDAQ,7070,1133,8602,0.5,생물공학,False,
037030,파워넷,0.7121,1343.76,1861.59,3226.85,4470.37,5014.0,,,71.46,133.05,246.08,310.0,,,38.54,12.16,,,38.54,84.95,25.98,,,84.95,2년치 존재,2,6.64,,8.25,79.47,437266.0,686058.0,up,61.1,4150.0,2880.0,up,bull,-2370.0,-207975.0,-200000.0,-690000.0,KOSDAQ,3955,1009,686058,1.6,전기제품,False,
109670,씨싸이트,1.0,-62.76,1522.9,1738.57,1697.22,,,,7.8,12.54,1.51,,,,-2.38,,,,-2.38,-87.96,,,,-87.96,1년치 존재,1,,,1.54,96.74,225430.0,195009.0,up,79.3,18190.0,3005.0,up,bull,-6151.0,-38555.0,-295.0,-1.0,KOSDAQ,16060,937,195009,0.9,"섬유,의류,신발,호화품",False,
412350,레이저쎌,,51.26,60.27,40.16,46.84,,,,-57.8,-92.09,-135.47,,,,16.63,,,,16.63,-47.11,,,,-47.11,1년치 존재,1,,,-62.91,101.69,420476.0,369880.0,up,61.5,7430.0,2975.0,up,bull,-163422.0,-23603.0,-2033.0,-107290.0,KOSDAQ,6430,939,369880,0.9,반도체와반도체장비,False,
100590,머큐리,1.0,18.37,1536.27,1343.08,1238.66,,,,49.41,-8.87,-7.34,,,,-7.77,,,,-7.77,17.25,,,,17.25,1년치 존재,1,,,-4.69,38.82,2162805.0,1216242.0,up,66.9,6320.0,2530.0,up,bull,93904.0,-969602.0,5876.0,4644.0,KOSDAQ,5830,999,1216242,0.6,통신장비,False,
217270,넵튠,0.4093,-201.29,997.47,1216.01,1225.31,,,,21.56,96.06,24.92,,,,0.76,,,,0.76,-74.06,,,,-74.06,1년치 존재,1,,,-15.75,13.69,47088.0,34935.0,down,51.9,2640.0,2115.0,mixed,bear,-638.0,-79337.0,1790.0,9297.0,KOSDAQ,2470,1128,34935,0.7,게임엔터테인먼트,False,
282720,금양그린파워,1.0,28.27,2388.58,2431.7,2647.79,,,,60.52,-171.28,4.27,,,,8.89,,,,8.89,102.49,,,,102.49,1년치 존재,1,5188.89,,-0.95,73.47,17831.0,15012.0,up,53.2,8120.0,6330.0,up,bull,15440.0,12007.0,-435.0,-8247.0,KOSDAQ,7710,934,15012,0.8,에너지장비및서비스,False,
052420,오성첨단소재,1.0,-1266.36,1049.43,1464.09,1657.07,,,,127.26,222.25,301.23,,,,13.18,,,,13.18,35.54,,,,35.54,1년치 존재,1,2.87,,50.38,22.87,23308.0,13854.0,down,47.8,10740.0,7950.0,mixed,bear,-201.0,4493.0,18598.0,89209.0,KOSDAQ,9610,936,13854,0.6,디스플레이장비및부품,False,
223250,드림씨아이에스,0.9491,-198.72,478.44,586.53,666.31,,,,15.88,50.57,52.38,,,,13.6,,,,13.6,3.58,,,,3.58,1년치 존재,1,13.49,,0.45,89.45,590138.0,782298.0,up,65.2,3905.0,2450.0,up,bull,29594.0,-78165.0,0.0,-224.0,KOSDAQ,3905,961,782298,1.3,제약,False,
105740,디케이락,1.0,401.08,1114.49,984.22,1287.51,,,,117.88,-1.88,110.7,,,,30.82,,,,30.82,5988.3,,,,5988.3,1년치 존재,1,17.2,,11.4,70.93,427761.0,755411.0,up,80.4,12000.0,6310.0,up,bull,-193316.0,-421675.0,-26755.0,8734.0,KOSDAQ,11420,1161,755411,1.8,기계,False,
307870,비투엔,,39.5,320.3,250.98,146.25,,,,-24.01,-26.32,-67.46,,,,-41.73,,,,-41.73,-156.31,,,,-156.31,1년치 존재,1,,,-36.66,45.02,609520.0,306362.0,up,57.0,1350.0,790.0,mixed,bear,150514.0,-113717.0,-6143.0,2104.0,KOSDAQ,1250,929,306362,0.5,IT서비스,False,
053580,웹케시,,-228.44,735.8,736.13,743.62,797.0,908.0,1030.0,137.17,137.6,134.74,131.0,154.0,176.0,1.02,7.18,13.93,13.44,13.93,-2.08,-2.78,17.56,14.29,17.56,4년치 존재,4,,,11.58,19.18,9621.0,9145.0,down,55.6,7290.0,5920.0,up,bull,-1193.0,-7791.0,-2001.0,-2003.0,KOSDAQ,7190,931,9145,1.0,소프트웨어,False,
062970,한국첨단소재,,-173.85,144.13,65.05,35.81,,,,-30.23,-47.96,-34.15,,,,-44.95,,,,-44.95,28.79,,,,28.79,1년치 존재,1,,,-5.24,32.02,6301769.0,6481287.0,up,58.5,4031.0,1850.0,up,bull,-574757.0,-238546.0,712.0,5706.0,KOSDAQ,3150,949,6481287,1.0,통신장비,False,
250060,모비스,,-342.15,54.43,50.26,50.98,,,,-21.34,-23.94,-29.35,,,,1.43,,,,1.43,-22.6,,,,-22.6,1년치 존재,1,,,-4.79,18.02,193344.0,177882.0,up,59.6,3230.0,2280.0,up,bull,152365.0,212136.0,0.0,-58.0,KOSDAQ,3190,1026,177882,0.9,소프트웨어,False,
054540,삼영엠텍,0.9826,1328.93,957.49,1180.21,1184.62,,,,59.94,102.97,102.19,,,,0.37,,,,0.37,-0.76,,,,-0.76,1년치 존재,1,7.1,,17.61,129.84,79000.0,100547.0,up,57.7,7260.0,5290.0,up,bull,-24788.0,-64573.0,1648.0,4099.0,KOSDAQ,7040,915,100547,1.3,조선,False,
040420,정상제이엘에스,1.0,44.82,1133.59,1058.46,1030.51,1018.0,1015.0,995.0,163.77,101.21,97.66,102.0,104.0,105.0,-2.64,-1.21,-0.29,-1.97,-0.29,-3.51,4.44,1.96,0.96,4.44,4년치 존재,4,13.77,,8.84,29.03,10753.0,8183.0,down,51.6,5870.0,5750.0,up,bull,-7176.0,-37901.0,-1497.0,-15550.0,KOSDAQ,5830,914,8183,0.8,교육서비스,False,
187790,나노,1.0,244.5,880.76,886.01,856.76,1065.0,1405.0,1767.0,16.23,16.58,55.26,97.0,183.0,217.0,-3.3,24.31,31.92,25.77,31.92,233.29,75.53,88.66,18.58,233.29,4년치 존재,4,13.95,,3.9,166.41,230756.0,82750.0,down,53.9,3730.0,2165.0,up,bull,100575.0,111603.0,-38835.0,-43712.0,KOSDAQ,3180,981,82750,0.4,화학,True,2026-09-30
006620,동구바이오제약,1.0,722.56,2156.86,2492.75,2426.88,,,,146.16,126.91,92.48,,,,-2.64,,,,-2.64,-27.13,,,,-27.13,1년치 존재,1,2.03,,25.97,123.46,46321.0,67876.0,up,52.3,4045.0,3450.0,mixed,bull,-6934.0,-129684.0,4550.0,131318.0,KOSDAQ,3595,1023,67876,1.5,제약,False,
044990,에이치엔에스하이텍,1.0,-356.64,805.52,761.61,818.87,,,,139.56,133.7,96.64,,,,7.52,,,,7.52,-27.72,,,,-27.72,1년치 존재,1,10.24,,12.33,16.07,11751.0,11500.0,up,60.6,13000.0,9220.0,mixed,bull,3377.0,4399.0,-2809.0,-1377.0,KOSDAQ,11840,910,11500,1.0,전자장비와기기,False,
013310,아진산업,1.0,8719.94,7642.9,7768.34,10088.68,,,,838.52,322.72,643.58,,,,29.87,,,,29.87,99.42,,,,99.42,1년치 존재,1,3.89,,3.58,348.99,77377.0,52670.0,up,46.6,2745.0,2265.0,mixed,bull,-3891.0,-106196.0,-4531.0,-65379.0,KOSDAQ,2325,902,52670,0.7,자동차부품,False,
052900,KX하이텍,1.0,-163.85,1546.77,1322.65,1262.76,1604.0,,,81.21,92.06,53.57,301.0,,,-4.53,27.02,,,27.02,-41.81,461.88,,,461.88,2년치 존재,2,20.65,,9.52,39.63,739476.0,623272.0,up,68.0,1321.0,838.0,mixed,bull,295498.0,167616.0,30859.0,77202.0,KOSDAQ,1228,941,623272,0.8,반도체와반도체장비,False,
066790,씨씨에스,1.0,-131.24,192.11,183.37,182.71,,,,4.54,-8.5,-50.2,,,,-0.36,,,,-0.36,-490.59,,,,-490.59,1년치 존재,1,,,-36.84,17.24,,,,,,,,,0.0,0.0,0.0,0.0,KOSDAQ,2205,974,0,,방송과엔터테인먼트,False,
023900,풍국주정,0.7632,-133.27,1684.67,1563.27,1635.2,,,,116.67,124.99,167.54,,,,4.6,,,,4.6,34.04,,,,34.04,1년치 존재,1,8.72,,6.16,15.12,11208.0,6438.0,up,41.7,7630.0,6850.0,mixed,bear,-544.0,-3795.0,26.0,-35.0,KOSDAQ,7080,892,6438,0.6,화학,False,
322180,LS티라유텍,,-383.59,543.59,574.67,589.41,,,,-38.49,-79.12,-42.93,,,,2.56,,,,2.56,45.74,,,,45.74,1년치 존재,1,,,-25.74,59.79,62830.0,42018.0,up,61.3,4800.0,3350.0,up,bull,-87489.0,-123101.0,-14218.0,-5367.0,KOSDAQ,4510,969,42018,0.7,IT서비스,False,
205100,엑셈,0.7605,-728.89,538.89,494.12,477.63,,,,49.12,65.89,36.52,,,,-3.34,,,,-3.34,-44.57,,,,-44.57,1년치 존재,1,14.18,,22.31,10.59,526854.0,493767.0,up,50.9,1654.0,1276.0,mixed,bull,-262921.0,-941858.0,-29484.0,3140.0,KOSDAQ,1387,937,493767,0.9,소프트웨어,False,
021080,에이티넘인베스트,,,1357.89,517.25,705.62,,,,247.79,135.04,319.78,,,,36.42,,,,36.42,136.8,,,,136.8,1년치 존재,1,,,7.46,,133424.0,77746.0,down,35.7,2435.0,1943.0,down,bear,-58173.0,-354533.0,-8560.0,26717.0,KOSDAQ,2015,967,77746,0.6,창업투자,False,
234030,싸이닉솔루션,0.9751,-330.72,1394.66,1674.26,1545.64,,,,34.86,52.7,25.12,,,,-7.68,,,,-7.68,-52.33,,,,-52.33,1년치 존재,1,51.27,,6.2,120.88,505029.0,197240.0,up,63.0,3915.0,2430.0,up,bull,-153111.0,-483185.0,0.0,0.0,KOSDAQ,3750,885,197240,0.4,반도체와반도체장비,False,
066590,스모트로닉,1.0,850.77,3479.96,3542.15,3686.09,,,,83.85,90.49,4.51,,,,4.06,,,,4.06,-95.02,,,,-95.02,1년치 존재,1,,,-0.84,206.87,74683.0,64088.0,down,40.0,3185.0,2180.0,down,bull,-56841.0,-56018.0,1339.0,-20774.0,KOSDAQ,2290,886,64088,0.9,자동차부품,False,
032300,한국파마,,55.51,832.4,812.77,876.01,,,,62.69,60.86,-8.87,,,,7.78,,,,7.78,-114.57,,,,-114.57,1년치 존재,1,,,-1.07,77.28,188721.0,1393918.0,up,72.1,8820.0,6800.0,mixed,bull,-29231.0,-50106.0,5238.0,5259.0,KOSDAQ,8820,962,1393918,7.4,제약,False,
357880,SKAI,,84.59,242.62,198.49,156.42,,,,-123.91,-120.65,-43.91,,,,-21.2,,,,-21.2,63.61,,,,63.61,1년치 존재,1,,,-175.41,90.81,711722.0,645282.0,up,44.2,2840.0,1710.0,down,bull,40213.0,-219741.0,0.0,-51092.0,KOSDAQ,1792,994,645282,0.9,IT서비스,False,
362320,청담글로벌,0.6083,488.43,2377.79,2342.66,2173.85,,,,57.36,68.68,53.69,,,,-7.21,,,,-7.21,-21.83,,,,-21.83,1년치 존재,1,46.93,,4.36,82.19,90406.0,44281.0,up,40.2,5550.0,4150.0,down,bear,10851.0,-13843.0,-1654.0,0.0,KOSDAQ,4245,878,44281,0.5,인터넷과카탈로그소매,False,
478560,블랙야크아이앤씨,1.0,204.63,,376.86,572.58,,,,,82.99,92.8,,,,51.93,,,,51.93,11.82,,,,11.82,1년치 존재,1,,,25.25,146.6,48466.0,36143.0,up,63.1,3405.0,2295.0,up,bull,-41536.0,-89030.0,37868.0,66012.0,KOSDAQ,3400,878,36143,0.7,"섬유,의류,신발,호화품",False,
380550,뉴로핏,,-383.54,,22.16,26.15,,,,,-146.49,-165.49,,,,18.01,,,,18.01,-12.97,,,,-12.97,1년치 존재,1,,,,41.93,192559.0,66301.0,up,52.8,9330.0,6200.0,mixed,bull,54387.0,-80931.0,-34497.0,-223894.0,KOSDAQ,7820,954,66301,0.3,건강관리기술,False,
182360,큐브엔터,0.9626,-243.25,1422.72,1025.96,872.28,,,,154.24,119.77,-72.62,,,,-14.98,,,,-14.98,-160.63,,,,-160.63,1년치 존재,1,,,-5.48,62.76,18883.0,18281.0,down,52.1,6860.0,4930.0,up,bear,-21473.0,-66561.0,3337.0,-15252.0,KOSDAQ,6340,986,18281,1.0,방송과엔터테인먼트,False,
457370,한켐,,-208.74,269.41,366.97,338.96,,,,50.21,65.37,48.52,,,,-7.63,,,,-7.63,-25.78,,,,-25.78,1년치 존재,1,,,6.62,4.58,2257803.0,309120.0,up,56.4,12200.0,5480.0,up,bull,1899.0,45259.0,374.0,-12378.0,KOSDAQ,10830,874,309120,0.1,디스플레이장비및부품,False,
004650,창해에탄올,1.0,180.06,1164.23,1374.52,1223.44,,,,145.83,173.81,158.93,,,,-10.99,,,,-10.99,-8.56,,,,-8.56,1년치 존재,1,6.57,,8.98,32.87,11014.0,28535.0,up,62.3,9480.0,9020.0,up,bull,5518.0,1816.0,8003.0,-860.0,KOSDAQ,9480,871,28535,2.6,음료,False,
109610,에스와이,0.5433,1499.62,5536.7,5610.09,5015.53,,,,135.57,219.35,-66.27,,,,-10.6,,,,-10.6,-130.21,,,,-130.21,1년치 존재,1,,,-7.89,127.23,91253.0,84055.0,up,43.7,2270.0,1580.0,mixed,bear,-25667.0,57868.0,353.0,842.0,KOSDAQ,1861,910,84055,0.9,건축자재,False,
101330,모베이스,0.5487,1606.69,12628.32,13017.06,13713.27,,,,402.78,533.3,417.98,,,,5.35,,,,5.35,-21.62,,,,-21.62,1년치 존재,1,8.13,,8.7,124.93,81908.0,119152.0,up,70.9,4130.0,2915.0,up,bull,62056.0,30492.0,330.0,330.0,KOSDAQ,4090,947,119152,1.5,자동차부품,False,
371950,풍원정밀,,473.14,430.54,492.63,323.63,,,,-219.32,-182.48,-199.34,,,,-34.31,,,,-34.31,-9.24,,,,-9.24,1년치 존재,1,,,-199.65,748.98,229844.0,166180.0,up,57.6,6120.0,2795.0,mixed,bull,30464.0,339804.0,936.0,-717432.0,KOSDAQ,3685,868,166180,0.7,디스플레이장비및부품,False,
052460,아이크래프트,1.0,-28.77,1386.64,1004.88,2065.0,3282.0,4876.0,5723.0,51.49,15.98,80.15,94.0,191.0,236.0,105.5,58.93,48.57,17.37,105.5,401.56,17.28,103.19,23.56,401.56,4년치 존재,4,8.55,,13.86,89.29,219994.0,173465.0,up,50.7,8010.0,3085.0,up,bull,-62871.0,-88211.0,0.0,-10282.0,KOSDAQ,5940,868,173465,0.8,IT서비스,False,
900260,로스웰,1.0,-418.55,3629.09,5326.95,7551.7,,,,145.44,204.25,111.62,,,,41.76,,,,41.76,-45.35,,,,-45.35,1년치 존재,1,4.54,,10.58,115.54,39500.0,9903.0,up,59.4,2025.0,1590.0,up,bear,-155.0,28647.0,0.0,-3000.0,KOSDAQ,1939,893,9903,0.3,통신장비,False,
330350,위더스제약,,-23.11,801.19,1027.22,1064.44,,,,79.09,56.61,56.63,,,,3.62,,,,3.62,0.04,,,,0.04,1년치 존재,1,,,7.96,38.57,327028.0,59521.0,down,44.7,9000.0,6010.0,mixed,bear,20570.0,109884.0,4.0,11258.0,KOSDAQ,7140,942,59521,0.2,제약,False,
037760,쎄니트,0.7528,680.14,1403.58,1324.4,1269.88,,,,49.23,32.61,-10.83,,,,-4.12,,,,-4.12,-133.21,,,,-133.21,1년치 존재,1,,,-2.5,136.47,40746.0,11616.0,up,68.2,2545.0,2295.0,up,bull,12483.0,15383.0,-6.0,0.0,KOSDAQ,2545,861,11616,0.3,철강,False,
388870,파로스아이바이오,,-134.37,,,,,,,-101.17,-126.01,-115.07,,,,,,,,,8.68,,,,8.68,1년치 존재,1,,,-83.69,170.15,61746.0,124855.0,up,72.7,6650.0,4310.0,up,bull,59381.0,-13546.0,8601.0,10667.0,KOSDAQ,6650,861,124855,2.0,생물공학,False,
048910,대원미디어,0.8323,287.36,3160.62,2563.64,3428.5,4579.0,4926.0,5077.0,138.07,16.16,99.5,202.0,239.0,258.0,33.74,33.56,7.58,3.07,33.74,515.72,103.02,18.32,7.95,515.72,4년치 존재,4,17.06,,9.11,94.73,54527.0,50913.0,up,80.6,7450.0,4165.0,up,bull,25601.0,-39252.0,5321.0,28480.0,KOSDAQ,7450,937,50913,0.9,방송과엔터테인먼트,False,
097800,윈팩,,495.09,862.05,741.41,755.48,,,,-228.57,-232.72,-142.89,,,,1.9,,,,1.9,38.6,,,,38.6,1년치 존재,1,,,-12.75,114.33,1232600.0,954676.0,up,70.5,4025.0,1385.0,up,bull,116911.0,270273.0,26964.0,27000.0,KOSDAQ,3545,967,954676,0.8,반도체와반도체장비,False,
251120,바이오에프디엔씨,,-552.51,155.92,160.66,191.79,209.45,240.7,297.0,50.34,48.53,62.53,75.9,99.6,124.0,19.38,9.21,14.92,23.39,23.39,28.85,21.38,31.23,24.5,31.23,4년치 존재,4,,,9.19,4.69,16143.0,8323.0,up,64.6,10100.0,7090.0,up,bull,-16317.0,-17725.0,19.0,67.0,KOSDAQ,9840,856,8323,0.5,생물공학,False,
072020,중앙백신,,-207.47,418.68,455.93,490.69,510.0,,,69.94,57.58,64.79,66.0,,,7.62,3.94,,,7.62,12.52,1.87,,,12.52,2년치 존재,2,,,7.57,16.1,7345.0,9748.0,up,52.1,9380.0,9010.0,down,bull,-2218.0,-18142.0,-313.0,-86.0,KOSDAQ,9240,855,9748,1.3,제약,False,
074430,아미노로직스,1.0,-363.95,208.87,167.9,220.2,,,,14.62,-21.53,35.94,,,,31.15,,,,31.15,266.93,,,,266.93,1년치 존재,1,26.52,,5.58,53.54,124373.0,98573.0,up,43.0,1227.0,967.0,down,bull,9349.0,-1686.0,0.0,-656984.0,KOSDAQ,1045,934,98573,0.8,제약,False,
360070,탑머티리얼,,575.91,1221.98,1060.79,231.31,,,,137.9,-72.1,-352.03,,,,-78.19,,,,-78.19,-388.25,,,,-388.25,1년치 존재,1,,,-30.37,90.18,13952.0,12140.0,up,69.0,10580.0,6630.0,up,bull,5643.0,13834.0,-339.0,3262.0,KOSDAQ,10410,853,12140,0.9,전자장비와기기,False,
025950,동신건설,,-662.04,827.44,689.71,333.82,,,,63.41,5.86,-22.06,,,,-51.6,,,,-51.6,-476.45,,,,-476.45,1년치 존재,1,,,0.25,10.99,16172.0,20060.0,up,48.0,13670.0,9030.0,down,bull,-4047.0,-5480.0,2.0,-406.0,KOSDAQ,10110,849,20060,1.2,건설,False,
389030,지니너스,,-232.02,69.67,64.55,104.83,,,,-100.79,-122.6,-116.71,,,,62.4,,,,62.4,4.8,,,,4.8,1년치 존재,1,,,-72.44,33.4,501522.0,134608.0,up,52.0,2385.0,1688.0,mixed,bull,53546.0,-256895.0,-84511.0,-44724.0,KOSDAQ,2080,819,134608,0.3,생물공학,False,
005860,한일사료,1.0,55.91,3969.38,4309.78,4548.52,,,,17.68,36.96,58.61,,,,5.54,,,,5.54,58.58,,,,58.58,1년치 존재,1,14.43,,3.43,35.52,841508.0,270615.0,down,43.0,2770.0,2095.0,down,bear,9637.0,-259610.0,2.0,29116.0,KOSDAQ,2335,920,270615,0.3,식품,False,
330730,스톤브릿지벤처스,,,190.02,141.75,255.49,,,,64.41,33.74,134.61,,,,80.24,,,,80.24,298.96,,,,298.96,1년치 존재,1,,,25.05,,28878.0,25150.0,up,46.7,5130.0,4165.0,down,bull,3267.0,-30791.0,4149.0,6666.0,KOSDAQ,4645,846,25150,0.9,창업투자,False,
038110,에코플라스틱,1.0,8841.09,21606.22,22551.2,25620.26,,,,724.21,328.89,357.45,,,,13.61,,,,13.61,8.68,,,,8.68,1년치 존재,1,42.49,,4.66,381.5,138884.0,112345.0,up,55.6,2080.0,1767.0,up,bull,119132.0,77733.0,9.0,9.0,KOSDAQ,2055,846,112345,0.8,자동차부품,False,
085670,뉴프렉스,1.0,81.13,1951.06,1759.42,1541.36,1475.0,1855.0,2065.0,103.27,146.41,92.33,11.0,107.0,163.0,-12.39,-4.31,25.76,11.32,25.76,-36.94,-88.09,872.73,52.34,872.73,4년치 존재,4,10.38,,9.58,52.93,334114.0,189316.0,up,71.8,3785.0,2425.0,up,bull,-157680.0,-413771.0,-26.0,-95.0,KOSDAQ,3725,913,189316,0.6,전자장비와기기,True,2026-09-29
298540,더네이쳐홀딩스,1.0,1164.89,5484.44,5168.97,4775.22,,,,669.52,300.94,69.68,,,,-7.62,,,,-7.62,-76.85,,,,-76.85,1년치 존재,1,13.9,,-0.03,69.36,13285.0,13794.0,down,43.6,7000.0,6060.0,up,bear_cross,674.0,-14563.0,-10262.0,-5744.0,KOSDAQ,6540,947,13794,1.0,"섬유,의류,신발,호화품",False,
049180,셀루메드,,46.83,955.53,1291.4,1401.94,,,,-104.58,-68.32,-51.29,,,,8.56,,,,8.56,24.93,,,,24.93,1년치 존재,1,,,15.85,182.95,,,,,,,,,0.0,0.0,0.0,0.0,KOSDAQ,1009,840,0,,건설,False,
183490,엔지켐생명과학,,-814.75,760.39,773.78,677.51,,,,-143.56,-131.94,-143.37,,,,-12.44,,,,-12.44,-8.66,,,,-8.66,1년치 존재,1,,,-12.04,13.09,,,,,,,,,0.0,0.0,0.0,0.0,KOSDAQ,990,838,0,,제약,False,
348350,위드텍,1.0,-790.07,495.61,436.16,578.07,,,,24.25,9.66,51.29,,,,32.54,,,,32.54,430.95,,,,430.95,1년치 존재,1,14.68,,11.47,27.28,22982.0,11865.0,up,55.1,10190.0,7600.0,up,bull,-3497.0,31371.0,-319.0,-91.0,KOSDAQ,9680,946,11865,0.5,반도체와반도체장비,False,
117670,알파칩스,,-239.76,784.11,852.72,822.8,,,,3.4,-14.15,-20.44,,,,-3.51,,,,-3.51,-44.45,,,,-44.45,1년치 존재,1,,,1.15,69.58,161054.0,640518.0,up,67.8,13580.0,7750.0,up,bull_cross,-29440.0,-36150.0,17.0,-44.0,KOSDAQ,13400,893,640518,4.0,반도체와반도체장비,False,
162300,신스틸,1.0,687.63,3238.18,3865.55,3521.72,,,,130.52,104.67,30.47,,,,-8.89,,,,-8.89,-70.89,,,,-70.89,1년치 존재,1,62.57,,1.44,183.83,5194190.0,254134.0,up,43.6,2860.0,1400.0,mixed,bear,-65020.0,243863.0,-1166.0,-136706.0,KOSDAQ,2015,836,254134,0.0,철강,False,
291650,츌립앤사이언스,,-58.31,2.43,10.83,35.05,,,,-122.07,-70.52,-78.01,,,,223.64,,,,223.64,-10.62,,,,-10.62,1년치 존재,1,,,-32.18,46.53,50039.0,146017.0,up,82.5,2735.0,1380.0,up,bull,60932.0,52622.0,0.0,-29.0,KOSDAQ,2735,835,146017,2.9,생명과학도구및서비스,False,
432470,케이엔에스,1.0,-56.53,300.41,269.56,412.3,598.0,688.0,770.0,39.64,8.08,-15.64,65.0,88.0,110.0,52.95,45.04,15.05,11.92,52.95,-293.56,515.6,35.38,25.0,515.6,4년치 존재,4,,,-4.36,80.64,301664.0,37230.0,up,52.7,10820.0,6200.0,up,bear,-6301.0,-31734.0,8.0,4156.0,KOSDAQ,10100,886,37230,0.1,전기제품,True,2026-09-30
009300,삼아제약,1.0,-908.15,972.11,955.81,777.99,,,,235.0,244.66,109.79,,,,-18.6,,,,-18.6,-55.13,,,,-55.13,1년치 존재,1,6.89,,4.65,8.77,1175.0,569.0,up,53.3,14280.0,12130.0,mixed,bear,-6.0,-604.0,10.0,15.0,KOSDAQ,14000,892,569,0.5,제약,False,
058820,CMG제약,1.0,509.56,939.07,991.0,1052.29,,,,30.37,10.2,-36.92,,,,6.18,,,,6.18,-461.96,,,,-461.96,1년치 존재,1,,,2.31,56.66,954287.0,689859.0,up,40.7,971.0,536.0,down,bull,-78494.0,-1187899.0,8746.0,58639.0,KOSDAQ,562,832,689859,0.7,제약,False,
294630,서남,,8.02,63.91,14.06,33.86,,,,-30.94,-44.67,-38.58,,,,140.83,,,,140.83,13.63,,,,13.63,1년치 존재,1,,,-65.31,79.47,336260.0,129819.0,down,59.6,3250.0,2410.0,up,bear,24046.0,-59052.0,966.0,919.0,KOSDAQ,3140,832,129819,0.4,전기장비,False,
048530,인트론바이오,,-384.22,95.85,64.18,57.4,,,,-32.85,-52.38,-79.04,,,,-10.56,,,,-10.56,-50.9,,,,-50.9,1년치 존재,1,,,-11.66,6.37,67192.0,286805.0,down,52.8,2940.0,2330.0,up,bear,-22684.0,-34903.0,1255.0,1059.0,KOSDAQ,2865,885,286805,4.3,생명과학도구및서비스,False,
192410,오늘이엔엠,,-134.29,174.5,130.2,166.94,,,,-84.87,-64.92,-18.48,,,,28.22,,,,28.22,71.53,,,,71.53,1년치 존재,1,,,649.44,570.31,67210.0,28564.0,down,33.1,5190.0,2995.0,down,bear,-22435.0,41104.0,-967.0,382.0,KOSDAQ,3500,882,28564,0.4,통신장비,False,
104040,디에스엠,1.0,1142.26,,162.0,284.78,,,,,-63.14,-79.25,,,,75.79,,,,75.79,-25.51,,,,-25.51,1년치 존재,1,41.02,,2.38,153.8,43928.0,46608.0,up,75.4,3105.0,1803.0,mixed,bull,63288.0,65433.0,-2650.0,-2894.0,KOSDAQ,3085,827,46608,1.1,자동차부품,False,
365330,에스와이스틸텍,1.0,122.7,,1169.84,973.67,,,,,81.04,-26.75,,,,-16.77,,,,-16.77,-133.01,,,,-133.01,1년치 존재,1,,,-2.87,68.77,473947.0,372666.0,up,55.3,1819.0,1179.0,up,bull,-100534.0,-103739.0,2032.0,2032.0,KOSDAQ,1647,826,372666,0.8,건축자재,False,
303810,동국생명과학,,294.71,1201.61,1318.16,1303.44,,,,85.3,119.16,130.45,,,,-1.12,,,,-1.12,9.47,,,,9.47,1년치 존재,1,,,3.82,63.95,3817009.0,1059725.0,up,55.2,3310.0,2200.0,up,bull,-618800.0,-808677.0,-8965.0,60.0,KOSDAQ,2740,876,1059725,0.3,건강관리장비와용품,False,
357230,에이치피오,0.9347,-209.86,2320.26,2428.31,2581.89,2862.0,3217.0,3686.0,220.6,79.93,135.46,170.0,264.0,378.0,6.32,10.85,12.4,14.58,14.58,69.47,25.5,55.29,43.18,69.47,4년치 존재,4,10.39,,5.95,39.15,23482.0,12730.0,up,47.6,2330.0,2015.0,mixed,bull,-3415.0,-18692.0,-11599.0,3834.0,KOSDAQ,2120,875,12730,0.5,건강관리업체및서비스,True,2026-09-30
394420,리센스메디컬,,-76.96,57.71,62.59,88.29,185.0,281.0,394.0,-125.84,-141.61,-106.4,-26.0,52.0,135.0,41.06,109.54,51.89,40.21,109.54,24.86,75.56,300.0,159.62,300.0,4년치 존재,4,,,,49.9,80761.0,119861.0,down,34.3,14220.0,8190.0,down,bear_cross,2473.0,-89024.0,-186304.0,-193224.0,KOSDAQ,8370,921,119861,1.5,건강관리장비와용품,True,2026-09-30
185490,아이진,,-358.3,31.25,33.56,35.67,,,,-270.86,-132.54,-98.51,,,,6.29,,,,6.29,25.68,,,,25.68,1년치 존재,1,,,-36.78,30.1,89216.0,43238.0,down,46.2,2150.0,1430.0,mixed,bear,-56918.0,-107864.0,0.0,-394.0,KOSDAQ,1893,818,43238,0.5,생물공학,False,
215100,로보로보,0.9768,-55.17,142.61,134.94,133.62,,,,2.21,-15.36,-19.59,,,,-0.98,,,,-0.98,-27.54,,,,-27.54,1년치 존재,1,,,-10.61,8.5,64351.0,57043.0,up,50.5,4460.0,3280.0,up,bull,69418.0,50997.0,910.0,2125.0,KOSDAQ,4130,840,57043,0.9,교육서비스,False,
065450,빅텍,1.0,182.06,549.29,714.89,829.57,,,,-43.38,18.19,43.74,,,,16.04,,,,16.04,140.46,,,,140.46,1년치 존재,1,19.76,,4.38,103.56,959002.0,389863.0,up,51.2,3175.0,2615.0,mixed,bull,-66485.0,-987677.0,-3526.0,-5619.0,KOSDAQ,2950,870,389863,0.4,우주항공과국방,False,
226400,오스테오닉,1.0,87.07,277.99,342.35,453.93,575.5,726.5,865.0,48.43,68.86,88.64,118.0,157.0,176.0,32.59,26.78,26.24,19.06,32.59,28.72,33.12,33.05,12.1,33.12,4년치 존재,4,11.59,,15.25,57.82,104831.0,59134.0,down,49.8,5100.0,3950.0,mixed,bull,-11913.0,61727.0,-20645.0,-50577.0,KOSDAQ,4205,869,59134,0.6,건강관리장비와용품,False,
054670,대한뉴팜,,633.33,2042.23,2021.87,2024.01,,,,188.09,186.65,117.25,,,,0.11,,,,0.11,-37.18,,,,-37.18,1년치 존재,1,,,17.36,88.8,12290.0,14694.0,up,55.1,5940.0,5310.0,mixed,bull,-8059.0,-12312.0,2.0,6.0,KOSDAQ,5660,812,14694,1.2,제약,False,
096240,크레버스,1.0,260.62,2334.85,2281.68,2209.17,2260.0,,,252.17,103.17,22.44,100.0,,,-3.18,2.3,,,2.3,-78.25,345.63,,,345.63,2년치 존재,2,13.12,,17.83,267.62,6353.0,2344.0,down,46.5,8850.0,8140.0,mixed,bear,-5610.0,-15000.0,-1131.0,757.0,KOSDAQ,8470,867,2344,0.4,교육서비스,False,
198440,강동씨앤엘,,543.36,505.23,473.83,718.43,,,,-172.1,55.5,74.02,,,,51.62,,,,51.62,33.37,,,,33.37,1년치 존재,1,,,0.51,217.66,2389156.0,676649.0,down,37.3,2135.0,980.0,mixed,bear,278799.0,258678.0,0.0,0.0,KOSDAQ,1415,862,676649,0.3,건축자재,False,
412540,제일엠앤에스,,654.7,1431.73,2474.86,1512.65,,,,17.63,-1296.16,-72.42,,,,-38.88,,,,-38.88,94.41,,,,94.41,1년치 존재,1,,,-11.17,345.63,,,,,,,,,0.0,0.0,0.0,0.0,KOSDAQ,3935,811,0,,전기제품,False,
063080,컴투스홀딩스,0.294,1549.29,1531.05,1492.92,992.12,885.0,,,-33.52,-505.54,-68.24,-51.0,,,-33.54,-10.8,,,-10.8,86.5,25.26,,,86.5,2년치 존재,2,7.39,,8.1,116.21,20578.0,14274.0,up,48.1,13870.0,10640.0,mixed,bull,9005.0,33969.0,0.0,-15057.0,KOSDAQ,12280,810,14274,0.7,게임엔터테인먼트,False,
033290,로젠,1.0,3807.99,8080.43,8086.27,7931.68,,,,344.27,330.81,226.68,,,,-1.91,,,,-1.91,-31.48,,,,-31.48,1년치 존재,1,4.09,,1.46,140.18,15528.0,20556.0,up,49.7,1607.0,1477.0,down,bull,9845.0,15595.0,2.0,-21439.0,KOSDAQ,1529,859,20556,1.3,항공화물운송과물류,False,
086710,선진뷰티사이언스,0.8147,591.72,726.22,793.72,807.66,924.0,1067.0,,90.44,106.4,60.6,70.0,101.0,,1.76,14.4,15.48,,15.48,-43.05,15.51,44.29,,44.29,3년치 존재,3,14.38,,5.9,98.08,6201.0,8459.0,up,47.4,8330.0,6680.0,mixed,bull,5489.0,-4636.0,0.0,-7.0,KOSDAQ,7020,857,8459,1.4,화장품,False,
263600,덕우전자,1.0,544.79,1547.74,1609.5,1769.47,,,,-88.39,-9.92,15.78,,,,9.94,,,,9.94,259.07,,,,259.07,1년치 존재,1,11.66,,23.1,100.79,594872.0,730602.0,up,73.6,5400.0,2895.0,up,bull,-199271.0,-259539.0,-14710.0,-14688.0,KOSDAQ,5060,806,730602,1.2,핸드셋,False,
131370,알서포트,0.9883,-154.78,504.11,475.28,488.45,,,,79.28,36.78,23.93,,,,2.77,,,,2.77,-34.94,,,,-34.94,1년치 존재,1,45.25,,-0.73,13.78,54453.0,69170.0,up,51.7,1585.0,1386.0,mixed,bull,1399.0,-94517.0,5057.0,61109.0,KOSDAQ,1511,805,69170,1.3,소프트웨어,False,
006140,피제이전자,,33.94,1668.44,1692.99,1785.52,,,,74.13,107.81,109.6,,,,5.47,,,,5.47,1.66,,,,1.66,1년치 존재,1,,,8.51,41.71,263882.0,485145.0,up,74.3,5900.0,4150.0,up,bull,-128098.0,-184136.0,-20593.0,-817.0,KOSDAQ,5750,855,485145,1.8,건강관리장비와용품,False,
234300,에스트래픽,0.9784,64.8,1471.73,1890.45,1682.39,,,,173.8,113.12,89.57,,,,-11.01,,,,-11.01,-20.82,,,,-20.82,1년치 존재,1,17.63,,-1.62,82.58,175202.0,34589.0,up,51.9,3370.0,2605.0,up,bear,-46135.0,-251131.0,139651.0,884814.0,KOSDAQ,3135,853,34589,0.2,IT서비스,False,
004590,한국가구,1.0,-79.79,1029.47,1287.19,1416.17,,,,124.27,178.23,175.35,,,,10.02,,,,10.02,-1.62,,,,-1.62,1년치 존재,1,5.61,,7.06,28.02,27285.0,19660.0,down,56.9,5690.0,4800.0,up,bull_cross,-21591.0,2092.0,41139.0,120888.0,KOSDAQ,5340,801,19660,0.7,식품과기본식료품소매,False,
078140,대봉엘에스,0.8423,269.19,876.22,939.54,1020.64,,,,38.01,90.54,73.32,,,,8.63,,,,8.63,-19.02,,,,-19.02,1년치 존재,1,8.42,,0.96,57.49,28084.0,13571.0,up,48.7,8600.0,7020.0,mixed,bull,-14096.0,-40616.0,9.0,-13.0,KOSDAQ,7640,847,13571,0.5,제약,False,
278650,HLB바이오스텝,,-39.99,528.14,581.69,740.5,,,,-12.76,-129.65,-86.17,,,,27.3,,,,27.3,33.54,,,,33.54,1년치 존재,1,,,-18.57,50.88,716096.0,6825544.0,up,79.5,4855.0,1583.0,up,bull,-7420.0,-190399.0,2487.0,2487.0,KOSDAQ,4855,846,6825544,9.5,생명과학도구및서비스,False,
049080,기가레인,,229.93,442.95,416.9,403.31,,,,-117.74,-73.52,-124.76,,,,-3.26,,,,-3.26,-69.7,,,,-69.7,1년치 존재,1,,,-24.29,152.79,787974.0,297894.0,down,51.1,12990.0,4595.0,up,bear_cross,-80824.0,-51474.0,-764.0,5868.0,KOSDAQ,9410,799,297894,0.4,통신장비,False,
205470,휴마시스,,-1564.25,138.27,254.13,301.13,,,,-523.55,-105.59,-105.53,,,,18.49,,,,18.49,0.06,,,,0.06,1년치 존재,1,,,-7.14,40.3,177886.0,2687355.0,up,65.6,3310.0,1910.0,mixed,bull_cross,-18440.0,-139307.0,1.0,-175.0,KOSDAQ,3135,774,2687355,15.1,생명과학도구및서비스,False,
253840,수젠텍,,-129.83,71.32,100.97,94.17,,,,-227.58,-220.22,-188.2,,,,-6.73,,,,-6.73,14.54,,,,14.54,1년치 존재,1,,,-29.28,27.3,362636.0,3859938.0,up,64.0,4855.0,3620.0,up,bull_cross,-16816.0,35963.0,-10267.0,-13267.0,KOSDAQ,4855,813,3859938,10.6,건강관리장비와용품,False,
066700,테라젠이텍스,0.9024,6.93,2164.7,2496.25,2715.9,,,,111.84,125.0,102.13,,,,8.8,,,,8.8,-18.3,,,,-18.3,1년치 존재,1,7.95,,1.02,67.5,53363.0,42385.0,up,60.0,2305.0,1888.0,up,bull,-1331.0,-65713.0,-9760.0,-715.0,KOSDAQ,2270,843,42385,0.8,제약,False,
065510,휴비츠,1.0,700.4,1177.37,1178.75,1180.43,,,,163.8,133.34,55.53,,,,0.14,,,,0.14,-58.35,,,,-58.35,1년치 존재,1,,,-0.93,100.84,27485.0,153273.0,up,66.5,7260.0,6410.0,mixed,bull,-1128.0,-29606.0,112837.0,163410.0,KOSDAQ,7260,790,153273,5.6,건강관리장비와용품,False,
381620,제닉스로보틱스,1.0,-42.2,,634.7,226.65,,,,,43.06,-123.13,,,,-64.29,,,,-64.29,-385.95,,,,-385.95,1년치 존재,1,,,-13.87,66.95,44288.0,45100.0,down,48.0,6800.0,4805.0,up,bull,19695.0,70622.0,0.0,0.0,KOSDAQ,6000,787,45100,1.0,기계,False,
094860,네오리진,,-237.51,185.16,349.66,310.47,,,,-25.79,-59.81,-46.15,,,,-11.21,,,,-11.21,22.84,,,,22.84,1년치 존재,1,,,-20.8,18.11,112980.0,93114.0,up,60.2,1598.0,1200.0,up,bull,-93489.0,84757.0,-1587.0,0.0,KOSDAQ,1577,838,93114,0.8,게임엔터테인먼트,False,
263720,디앤씨미디어,1.0,-544.88,603.72,826.4,854.72,642.0,621.0,705.0,34.87,108.56,173.36,99.0,89.0,119.0,3.43,-24.89,-3.27,13.53,13.53,59.69,-42.89,-10.1,33.71,59.69,4년치 존재,4,10.49,,10.58,17.16,7356.0,10578.0,down,41.4,7610.0,6010.0,mixed,bear,-6337.0,-20318.0,5.0,-94.0,KOSDAQ,6830,836,10578,1.4,출판,False,
041910,폴라리스AI파마,,-60.1,642.15,596.02,555.43,,,,53.44,1.76,31.89,,,,-6.81,,,,-6.81,1711.93,,,,1711.93,1년치 존재,1,,,10.25,33.01,29807.0,88517.0,up,66.6,5970.0,4660.0,up,bull,22670.0,57674.0,0.0,0.0,KOSDAQ,5900,784,88517,3.0,제약,False,
475430,키스트론,,-228.69,562.43,689.55,693.16,812.0,878.0,959.0,40.08,59.01,73.95,91.0,102.0,121.0,0.52,17.14,8.13,9.23,17.14,25.32,23.06,12.09,18.63,25.32,4년치 존재,4,,,7.57,14.24,128078.0,110445.0,down,53.1,4575.0,3500.0,up,bull,19478.0,49417.0,0.0,0.0,KOSDAQ,4385,783,110445,0.9,전기장비,True,2026-09-23
078890,가온그룹,1.0,1593.85,5363.75,4893.42,5175.5,,,,-188.58,-418.9,125.26,,,,5.76,,,,5.76,129.9,,,,129.9,1년치 존재,1,12.53,,4.76,280.33,61391.0,58286.0,down,54.2,4710.0,3260.0,up,bull,17744.0,28628.0,1.0,8.0,KOSDAQ,4525,834,58286,0.9,전자제품,False,
066980,한성크린텍,0.2,172.95,3684.28,1552.17,1998.51,,,,13.62,-507.34,28.4,,,,28.76,,,,28.76,105.6,,,,105.6,1년치 존재,1,785.85,,-8.25,176.15,288928.0,496271.0,up,51.8,2185.0,1149.0,mixed,bull,72585.0,228487.0,0.0,2855.0,KOSDAQ,1550,833,496271,1.7,건설,False,
277880,티에스아이,1.0,349.16,2611.27,2719.87,2646.53,,,,19.92,156.3,82.45,,,,-2.7,,,,-2.7,-47.25,,,,-47.25,1년치 존재,1,20.19,,13.76,123.97,39546.0,118327.0,up,64.9,4100.0,2610.0,up,bull,-63554.0,-62820.0,0.0,-3.0,KOSDAQ,3935,781,118327,3.0,전자장비와기기,False,
058400,KNN,0.993,-1268.19,660.78,688.53,685.07,,,,60.92,45.13,31.94,,,,-0.5,,,,-0.5,-29.23,,,,-29.23,1년치 존재,1,6.95,,14.49,7.18,23642.0,2573.0,down,50.4,6370.0,4520.0,mixed,bear,0.0,0.0,-1404.0,7348.0,KOSDAQ,5890,780,2573,0.1,방송과엔터테인먼트,False,
950130,엑세스바이오,,-2481.91,3486.43,1124.63,312.55,,,,215.9,-42.3,-633.56,,,,-72.21,,,,-72.21,-1397.78,,,,-1397.78,1년치 존재,1,,,-19.63,14.8,98463.0,498625.0,up,53.5,2570.0,2020.0,mixed,bear,58612.0,-20971.0,0.0,0.0,KOSDAQ,2360,830,498625,5.1,생명과학도구및서비스,False,
067000,조이시티,0.711,827.83,1496.19,1428.5,1403.6,,,,253.31,116.15,56.65,,,,-1.74,,,,-1.74,-51.23,,,,-51.23,1년치 존재,1,,,-11.41,146.33,636904.0,298834.0,up,56.1,1235.0,1036.0,up,bull,-347904.0,-466402.0,11598.0,-140103.0,KOSDAQ,1188,830,298834,0.5,게임엔터테인먼트,False,
323350,다원넥스뷰,,-208.57,106.54,187.02,269.37,363.0,477.0,587.0,-6.41,12.79,40.3,55.0,78.0,91.0,44.03,34.76,31.4,23.06,44.03,215.09,36.48,41.82,16.67,215.09,4년치 존재,4,,,27.16,91.12,79934.0,53861.0,up,58.7,10200.0,5930.0,up,bull,-15327.0,-135793.0,13054.0,26658.0,KOSDAQ,9680,775,53861,0.7,반도체와반도체장비,True,2026-09-24
084730,팅크웨어,0.575,726.74,4206.19,4898.24,5365.86,,,,354.36,266.34,158.92,,,,9.55,,,,9.55,-40.33,,,,-40.33,1년치 존재,1,,,-14.18,74.61,16831.0,12121.0,up,65.8,6980.0,5950.0,up,bull,-2945.0,8336.0,0.0,1.0,KOSDAQ,6980,775,12121,0.7,전자제품,False,
036640,HRS,1.0,-191.92,781.69,802.34,789.1,,,,125.21,149.4,134.18,,,,-1.65,,,,-1.65,-10.19,,,,-10.19,1년치 존재,1,6.09,,12.55,13.41,27530.0,61622.0,up,59.1,5070.0,4600.0,mixed,bear,-22458.0,-43748.0,-3393.0,-12273.0,KOSDAQ,5040,824,61622,2.2,화학,False,
140070,서플러스글로벌,0.9452,1890.04,1660.35,2516.19,2084.11,,,,130.33,141.57,-116.96,,,,-17.17,,,,-17.17,-182.62,,,,-182.62,1년치 존재,1,,,-12.15,147.18,67488.0,62780.0,up,58.5,2375.0,1351.0,up,bull,7512.0,63662.0,-591.0,23168.0,KOSDAQ,2225,823,62780,0.9,반도체와반도체장비,False,
038680,에스넷,0.9073,-147.43,4771.41,4499.27,4574.07,,,,144.63,106.56,106.6,,,,1.66,,,,1.66,0.04,,,,0.04,1년치 존재,1,16.97,,8.45,181.23,67486.0,67795.0,up,54.5,4405.0,3080.0,up,bull,43688.0,-83491.0,-1.0,-1.0,KOSDAQ,3885,774,67795,1.0,IT서비스,False,
066310,큐에스아이,1.0,-262.0,186.87,213.63,232.83,,,,-42.43,11.85,2.94,,,,8.99,,,,8.99,-75.19,,,,-75.19,1년치 존재,1,31.6,,7.4,6.93,104424.0,93325.0,up,60.2,9080.0,5770.0,up,bull,-33202.0,-127506.0,-1837.0,17581.0,KOSDAQ,8570,795,93325,0.9,반도체와반도체장비,False,
302550,리메드,0.9717,-10.92,185.36,255.54,245.05,,,,-28.6,11.21,7.26,,,,-4.11,,,,-4.11,-35.24,,,,-35.24,1년치 존재,1,150.57,,5.17,44.71,18714.0,31266.0,up,44.1,3025.0,2485.0,down,bull,21099.0,-26641.0,0.0,-7044.0,KOSDAQ,2615,792,31266,1.7,건강관리장비와용품,False,
107600,새빗켐,,170.1,459.9,303.37,383.91,,,,-49.03,-61.57,-94.19,,,,26.55,,,,26.55,-52.98,,,,-52.98,1년치 존재,1,,,-24.6,84.39,18541.0,26864.0,up,52.1,19180.0,10370.0,mixed,bull,21869.0,44791.0,-44380.0,-118913.0,KOSDAQ,14440,816,26864,1.4,전기제품,False,
014950,삼익제약,1.0,-320.58,,558.57,600.2,665.0,751.0,886.0,,36.78,32.73,33.0,38.0,45.0,7.45,10.8,12.93,17.98,17.98,-11.01,0.82,15.15,18.42,18.42,4년치 존재,4,,,-2.37,19.17,4545182.0,850524.0,up,48.6,11420.0,3850.0,mixed,bear,-8978.0,-118450.0,-1904.0,-177432.0,KOSDAQ,8080,813,850524,0.2,제약,True,2026-09-28
000440,중앙에너비스,,-49.42,554.74,498.11,495.92,,,,-7.39,-17.46,-17.44,,,,-0.44,,,,-0.44,0.11,,,,0.11,1년치 존재,1,,,-1.98,7.91,94558.0,12210.0,up,48.0,14680.0,11530.0,mixed,bear,2581.0,-5205.0,0.0,0.0,KOSDAQ,12400,772,12210,0.1,석유와가스,False,
029480,광무,1.0,-1877.83,242.4,65.27,75.72,,,,-26.07,-47.09,-42.28,,,,16.01,,,,16.01,10.21,,,,10.21,1년치 존재,1,,,13.71,15.52,83889.0,104658.0,down,38.7,1588.0,1197.0,mixed,bear,-5871.0,-48535.0,683.0,683.0,KOSDAQ,1359,812,104658,1.2,IT서비스,False,
124560,태웅로직스,0.9618,1507.04,7703.39,10438.44,11172.81,,,,360.36,408.23,22.5,,,,7.04,,,,7.04,-94.49,,,,-94.49,1년치 존재,1,,,-0.75,151.94,23127.0,10507.0,up,55.7,2045.0,1690.0,mixed,bear,-9866.0,-84816.0,3.0,13.0,KOSDAQ,1989,770,10507,0.5,해운사,False,
066430,아이로보틱스,,63.25,357.79,361.45,364.26,,,,1.3,9.35,1.7,,,,0.78,,,,0.78,-81.82,,,,-81.82,1년치 존재,1,,,2.53,27.45,457467.0,195779.0,down,41.1,2495.0,1810.0,down,bear_cross,-12514.0,45782.0,0.0,0.0,KOSDAQ,2005,785,195779,0.4,화학,False,
451250,삐아,1.0,-223.4,382.73,576.45,679.72,826.0,951.0,,41.66,55.4,44.69,83.0,98.0,,17.91,21.52,15.13,,21.52,-19.33,85.72,18.07,,85.72,3년치 존재,3,16.13,,16.37,21.96,9298.0,18219.0,up,56.4,8090.0,6640.0,mixed,bull,9454.0,11723.0,0.0,-94.0,KOSDAQ,7500,767,18219,2.0,화장품,False,
0015S0,페스카로,1.0,-278.87,,143.19,166.28,350.0,485.0,778.0,,13.23,8.79,29.0,53.0,204.0,16.13,110.49,38.57,60.41,110.49,-33.56,229.92,82.76,284.91,284.91,4년치 존재,4,31.45,,8.37,50.4,263046.0,53690.0,down,55.6,8920.0,5150.0,up,bull,19966.0,-155967.0,-769.0,-5500.0,KOSDAQ,8170,806,53690,0.2,자동차부품,True,2026-09-30
137950,제이씨케미칼,1.0,2012.72,4392.47,3673.2,3675.42,,,,322.97,106.9,77.18,,,,0.06,,,,0.06,-27.8,,,,-27.8,1년치 존재,1,,,4.56,179.46,64345.0,18764.0,down,49.1,4065.0,2580.0,mixed,bear,15529.0,37880.0,1433.0,36941.0,KOSDAQ,3635,809,18764,0.3,에너지장비및서비스,False,
149980,하이로닉,1.0,-211.39,337.32,316.29,320.86,,,,52.71,-63.52,41.02,,,,1.44,,,,1.44,164.58,,,,164.58,1년치 존재,1,24.21,,6.34,11.65,19853.0,13295.0,down,31.3,5550.0,3920.0,down,bear,50.0,-31340.0,0.0,-417.0,KOSDAQ,4450,765,13295,0.7,건강관리장비와용품,False,
303360,프로티아,,-136.61,82.28,105.15,151.2,217.0,,,1.64,15.02,37.21,60.0,,,43.79,43.52,,,43.79,147.74,61.25,,,147.74,2년치 존재,2,,,18.04,6.0,62569.0,31369.0,up,68.5,6100.0,3985.0,up,bull,4890.0,29116.0,4974.0,4974.0,KOSDAQ,5940,765,31369,0.5,건강관리장비와용품,False,
007820,엠엑스로보틱스,1.0,212.48,1737.74,1632.28,1490.94,,,,-188.1,70.56,-79.51,,,,-8.66,,,,-8.66,-212.68,,,,-212.68,1년치 존재,1,,,-16.42,129.54,116278.0,57031.0,up,43.8,4610.0,2555.0,mixed,bull,-26858.0,-87299.0,0.0,0.0,KOSDAQ,3450,805,57031,0.5,기계,False,
147760,피엠티,,22.52,330.43,243.93,252.88,625.0,885.0,,-52.66,-131.0,-203.96,22.0,78.0,,3.67,147.15,41.6,,147.15,-55.69,110.79,254.55,,254.55,3년치 존재,3,,,-36.73,109.12,168628.0,141796.0,up,62.8,4335.0,2325.0,up,bull,9360.0,167544.0,-216858.0,-388512.0,KOSDAQ,4005,801,141796,0.8,반도체와반도체장비,False,
396270,넥스트칩,,65.96,161.54,322.52,396.54,,,,-225.17,-184.39,-129.36,,,,22.95,,,,22.95,29.84,,,,29.84,1년치 존재,1,,,-163.62,169.21,561032.0,176745.0,up,53.1,2480.0,1645.0,up,bull,20299.0,-377224.0,0.0,-300.0,KOSDAQ,2315,761,176745,0.3,반도체와반도체장비,False,
073640,테라사이언스,,108.38,230.76,172.73,141.34,,,,-34.67,-93.61,-101.4,,,,-18.17,,,,-18.17,-8.32,,,,-8.32,1년치 존재,1,,,-36.43,111.22,,,,,,,,,0.0,0.0,0.0,0.0,KOSDAQ,654,761,0,,기계,False,
331380,포커스에이아이,,0.04,594.58,581.84,453.08,,,,26.46,-50.88,-102.03,,,,-22.13,,,,-22.13,-100.53,,,,-100.53,1년치 존재,1,,,-56.75,65.78,36477.0,101676.0,up,59.5,2285.0,1469.0,up,bull,112890.0,92481.0,0.0,0.0,KOSDAQ,2165,800,101676,2.8,전자장비와기기,False,
170030,현대공업,1.0,-369.24,3075.4,3268.88,3679.11,3697.0,3882.0,,153.99,108.8,123.12,164.0,182.0,,12.55,0.49,5.0,,12.55,13.16,33.2,10.98,,33.2,3년치 존재,3,6.38,,13.93,50.51,12434.0,17902.0,up,57.2,5090.0,4240.0,up,bull,-3227.0,-19211.0,5338.0,7363.0,KOSDAQ,4930,756,17902,1.4,자동차부품,False,
418470,KT밀리의서재,,-754.08,565.73,725.99,881.9,975.0,1062.0,1179.0,104.06,110.01,143.71,152.0,172.0,204.0,21.48,10.56,8.92,11.02,21.48,30.63,5.77,13.16,18.6,30.63,4년치 존재,4,,,18.22,29.17,16896.0,9717.0,down,42.0,10980.0,9280.0,down,bull_cross,-20366.0,-43666.0,-3988.0,-37616.0,KOSDAQ,9330,799,9717,0.6,출판,False,
012700,리드코프,1.0,6882.79,4905.68,4204.8,3877.1,,,,-135.22,215.53,109.46,,,,-7.79,,,,-7.79,-49.21,,,,-49.21,1년치 존재,1,5.64,,2.46,175.2,13556.0,14800.0,down,38.3,3115.0,2860.0,down,bull,-11158.0,-46811.0,10.0,45.0,KOSDAQ,2895,753,14800,1.1,석유와가스,False,
040160,누리플렉스,1.0,129.14,1327.19,1293.14,1015.71,,,,19.8,-81.53,-60.87,,,,-21.45,,,,-21.45,25.34,,,,25.34,1년치 존재,1,,,5.23,110.05,15859.0,10968.0,down,50.3,7200.0,3510.0,mixed,bear,-4726.0,-701.0,0.0,0.0,KOSDAQ,6500,772,10968,0.7,IT서비스,False,
389140,포바이포,,-48.81,337.51,332.76,337.1,,,,-162.58,-138.91,-73.96,,,,1.3,,,,1.3,46.76,,,,46.76,1년치 존재,1,,,-31.23,91.95,43830.0,24279.0,up,56.5,5710.0,4190.0,up,bull,-117.0,-40907.0,832.0,2268.0,KOSDAQ,5560,793,24279,0.6,방송과엔터테인먼트,False,
041930,SY동아,1.0,73.36,3687.22,3832.09,4034.1,,,,216.36,183.93,171.85,,,,5.27,,,,5.27,-6.57,,,,-6.57,1년치 존재,1,2.72,,9.43,68.44,356544.0,11842.0,up,47.1,5220.0,4200.0,mixed,bear,-12685.0,-50566.0,20.0,-1027.0,KOSDAQ,4925,749,11842,0.0,자동차부품,False,
067170,오텍,,2289.1,9597.47,9092.32,8521.39,,,,-97.65,-148.77,-22.63,,,,-6.28,,,,-6.28,84.79,,,,84.79,1년치 존재,1,,,-17.3,381.23,450877.0,534282.0,up,57.2,2865.0,1738.0,up,bull,495740.0,417444.0,-114468.0,-114099.0,KOSDAQ,2715,746,534282,1.2,기계,False,
382840,원준,1.0,-454.7,1372.56,1498.51,1491.0,,,,46.41,124.29,69.78,,,,-0.5,,,,-0.5,-43.86,,,,-43.86,1년치 존재,1,,,-31.1,79.17,66120.0,50483.0,up,57.0,5540.0,3700.0,up,bull,34484.0,11834.0,16.0,53.0,KOSDAQ,5320,812,50483,0.8,전기제품,False,
263800,데이타솔루션,,-71.83,992.61,1100.83,1038.16,,,,12.64,0.58,12.17,,,,-5.69,,,,-5.69,1998.28,,,,1998.28,1년치 존재,1,,,11.39,137.07,133762.0,139639.0,down,43.7,7720.0,4275.0,down,bull,71276.0,-39553.0,-6784.0,-6784.0,KOSDAQ,4585,744,139639,1.0,IT서비스,False,
079810,APS이노베이션,1.0,-819.2,1273.54,1463.74,739.85,,,,17.48,53.56,25.5,,,,-49.45,,,,-49.45,-52.39,,,,-52.39,1년치 존재,1,873.33,,7.2,32.97,60854.0,48334.0,up,50.5,4100.0,2415.0,mixed,bear,28761.0,-60899.0,-8752.0,-3004.0,KOSDAQ,3650,786,48334,0.8,전기제품,False,
060570,드림어스컴퍼니,1.0,-501.37,2289.94,2250.63,2249.97,,,,-33.45,-31.54,5.93,,,,-0.03,,,,-0.03,118.8,,,,118.8,1년치 존재,1,28.45,,0.53,46.85,27957.0,1899.0,up,60.0,5140.0,3375.0,up,bear_cross,-863.0,-1655.0,4725.0,-56586.0,KOSDAQ,4995,740,1899,0.1,방송과엔터테인먼트,False,
0117P0,피스피스스튜디오,1.0,-680.07,721.59,1137.77,1178.8,,,,256.85,281.58,167.26,,,,3.61,,,,3.61,-40.6,,,,-40.6,1년치 존재,1,6.86,,13.41,24.9,88881.0,34172.0,down,48.3,5810.0,4630.0,mixed,bear_cross,-77415.0,-104194.0,74027.0,320998.0,KOSDAQ,5520,782,34172,0.4,"섬유,의류,신발,호화품",False,
019550,SBI인베스트먼트,,,292.76,286.83,327.08,,,,85.39,117.42,93.23,,,,14.03,,,,14.03,-20.6,,,,-20.6,1년치 존재,1,,,10.06,,186869.0,100333.0,down,28.7,1057.0,914.0,down,bear,-64449.0,-333236.0,3149.0,1409.0,KOSDAQ,914,736,100333,0.5,창업투자,False,
088390,이녹스,1.0,36.31,616.97,561.65,591.13,,,,51.39,64.81,65.28,,,,5.25,,,,5.25,0.73,,,,0.73,1년치 존재,1,3.37,,14.95,54.89,5138.0,4165.0,up,58.0,8450.0,5820.0,up,bull,4604.0,5219.0,0.0,0.0,KOSDAQ,8330,782,4165,0.8,레저용장비와제품,False,
054620,APS,0.9106,399.15,410.47,939.65,848.67,,,,-186.04,-226.38,-68.49,,,,-9.68,,,,-9.68,69.75,,,,69.75,1년치 존재,1,,,5.24,67.81,77767.0,21000.0,down,60.0,4390.0,3635.0,mixed,bull,16736.0,-5607.0,0.0,-4950.0,KOSDAQ,4000,736,21000,0.3,반도체와반도체장비,False,
225530,HC보광산업,1.0,468.88,854.6,638.77,384.93,,,,189.13,88.63,-48.72,,,,-39.74,,,,-39.74,-154.97,,,,-154.97,1년치 존재,1,,,0.35,95.34,9173.0,12708.0,up,55.7,2355.0,1725.0,up,bear,15209.0,26000.0,599.0,599.0,KOSDAQ,2140,778,12708,1.4,건축자재,False,
104540,코렌텍,0.8981,32.79,920.46,855.94,1004.29,,,,70.52,33.75,91.16,,,,17.33,,,,17.33,170.1,,,,170.1,1년치 존재,1,12.45,,8.58,75.47,217644.0,209848.0,up,82.6,6030.0,3790.0,up,bull,13905.0,-100977.0,-6311.0,-5435.0,KOSDAQ,5810,779,209848,1.0,건강관리장비와용품,False,
137080,나래나노텍,1.0,-541.84,529.26,404.26,544.97,,,,-149.91,-221.08,-88.38,,,,34.81,,,,34.81,60.02,,,,60.02,1년치 존재,1,1.83,,66.08,15.48,8742.0,24412.0,up,66.2,6840.0,4800.0,up,bull_cross,-16897.0,-32955.0,3245.0,3248.0,KOSDAQ,6820,730,24412,2.8,디스플레이장비및부품,False,
171120,라이온켐텍,1.0,-393.16,1307.83,1418.12,1302.72,,,,77.95,93.76,113.72,,,,-8.14,,,,-8.14,21.29,,,,21.29,1년치 존재,1,8.58,,12.13,16.81,39084.0,29074.0,down,55.3,2085.0,1898.0,mixed,bull,-15245.0,-109805.0,-8839.0,-21363.0,KOSDAQ,2030,729,29074,0.7,건축자재,False,
012790,신일제약,,-406.94,891.35,894.4,805.64,,,,139.91,152.22,73.86,,,,-9.92,,,,-9.92,-51.48,,,,-51.48,1년치 존재,1,,,4.24,13.85,16293.0,27150.0,up,76.7,6490.0,4955.0,up,bull,-9115.0,-5816.0,-1596.0,-957.0,KOSDAQ,6460,774,27150,1.7,제약,False,
040910,아이씨디,,76.79,622.74,1476.16,1970.41,,,,-393.08,-266.84,44.52,,,,33.48,,,,33.48,116.68,,,,116.68,1년치 존재,1,,,6.19,96.27,8035.0,6651.0,up,51.3,4650.0,3720.0,down,bull_cross,-7249.0,-13853.0,0.0,0.0,KOSDAQ,4260,774,6651,0.8,디스플레이장비및부품,False,
030960,양지사,,-905.64,,581.51,558.64,494.93,,,,1.56,-60.8,-64.1,,,-3.93,-11.4,,,-3.93,-3997.44,-5.43,,,-5.43,2년치 존재,2,,,-0.95,13.92,22283.0,24209.0,down,39.4,5040.0,4165.0,mixed,bear,-13161.0,-3936.0,0.0,0.0,KOSDAQ,4545,726,24209,1.1,상업서비스와공급품,False,
451220,아이엠티,1.0,5.42,64.7,135.65,329.44,500.0,,,-22.39,-21.61,1.59,40.0,,,142.86,51.77,,,142.86,107.36,2415.72,,,2415.72,2년치 존재,2,74.41,,10.57,181.98,33731.0,49524.0,up,59.4,10350.0,6890.0,mixed,bull,-17346.0,14740.0,0.0,-14.0,KOSDAQ,9190,724,49524,1.5,반도체와반도체장비,False,
032540,TJ미디어,0.9995,130.95,963.99,918.72,944.35,,,,63.31,46.64,32.88,,,,2.79,,,,2.79,-29.5,,,,-29.5,1년치 존재,1,19.4,,4.77,66.86,9501.0,2064.0,down,55.4,3870.0,3055.0,mixed,bear,717.0,-7025.0,0.0,0.0,KOSDAQ,3700,773,2064,0.2,전자제품,False,
0007J0,인벤테라,,-11.12,,,,,,,-34.75,-63.69,-86.04,,,,,,,,,-35.09,,,,-35.09,1년치 존재,1,,,-45.55,3.72,463376.0,67404.0,up,47.1,14380.0,6220.0,mixed,bear,-15009.0,-257776.0,-36208.0,-36036.0,KOSDAQ,9820,772,67404,0.1,제약,False,
017480,삼현철강,,-1165.59,2624.38,2236.62,2179.62,,,,97.28,35.6,50.99,,,,-2.55,,,,-2.55,43.23,,,,43.23,1년치 존재,1,,,5.41,12.57,20543.0,35805.0,down,40.1,4935.0,4555.0,mixed,bear,-18661.0,-17458.0,-9488.0,-5029.0,KOSDAQ,4660,720,35805,1.7,철강,False,
234920,자이글,,297.85,41.44,120.71,82.3,,,,-86.67,-48.94,-36.56,,,,-31.82,,,,-31.82,25.3,,,,25.3,1년치 존재,1,,,-8.71,158.97,,,,,,,,,0.0,0.0,0.0,0.0,KOSDAQ,5310,718,0,,건강관리장비와용품,False,
011320,유니크,1.0,420.41,3289.52,3748.0,4301.83,,,,93.44,83.49,144.24,,,,14.78,,,,14.78,72.76,,,,72.76,1년치 존재,1,7.15,,10.31,115.65,19838.0,18702.0,up,68.7,3995.0,3490.0,up,bull,-21801.0,-59253.0,-1.0,-331.0,KOSDAQ,3995,772,18702,0.9,자동차부품,False,
299660,셀리드,,168.64,,41.65,88.42,,,,-121.98,-119.8,-113.43,,,,112.29,,,,112.29,5.32,,,,5.32,1년치 존재,1,,,-40.66,80.41,1279706.0,5908247.0,up,58.4,2885.0,1025.0,up,bear,-130522.0,39544.0,0.0,-6.0,KOSDAQ,2615,772,5908247,4.6,생물공학,False,
067570,엔브이에이치코리아,0.5757,7524.84,13714.13,15873.54,16238.9,,,,629.17,675.83,-218.7,,,,2.3,,,,2.3,-132.36,,,,-132.36,1년치 존재,1,,,-16.16,384.64,54907.0,47488.0,up,54.0,1845.0,1612.0,down,bull,19237.0,-22791.0,-5586.0,-1996.0,KOSDAQ,1698,716,47488,0.9,자동차부품,False,
217330,싸이토젠,,-81.28,31.84,109.11,260.55,,,,-117.92,-106.66,-81.63,,,,138.8,,,,138.8,23.47,,,,23.47,1년치 존재,1,,,-27.68,62.23,58601.0,42336.0,down,47.8,3675.0,2825.0,mixed,bull,-27366.0,-110686.0,19834.0,10593.0,KOSDAQ,3095,716,42336,0.7,건강관리업체및서비스,False,
024880,케이피에프,1.0,2009.51,8096.53,7688.51,7439.14,,,,472.53,428.54,353.96,,,,-3.24,,,,-3.24,-17.4,,,,-17.4,1년치 존재,1,3.95,,7.07,101.34,42412.0,45085.0,up,47.5,3970.0,3395.0,up,bull,-81202.0,-129036.0,-425.0,-33659.0,KOSDAQ,3840,766,45085,1.1,기계,False,
047820,초록뱀미디어,0.9143,-1326.11,2413.16,2102.73,1721.97,,,,-2.97,-153.82,28.33,,,,-18.11,,,,-18.11,118.42,,,,118.42,1년치 존재,1,27.15,,1.27,28.18,12266.0,3208.0,down,43.4,3430.0,2855.0,mixed,bear,1972.0,27902.0,944.0,2687.0,KOSDAQ,3130,765,3208,0.3,방송과엔터테인먼트,False,
104460,디와이피엔에프,1.0,170.8,1440.56,2810.19,3962.56,,,,83.25,245.95,285.69,,,,41.01,,,,41.01,16.16,,,,16.16,1년치 존재,1,2.81,,5.88,54.44,12147.0,17139.0,up,37.1,9010.0,6480.0,down,bull,-7361.0,-27821.0,-2187.0,-7847.0,KOSDAQ,6780,713,17139,1.4,기계,False,
347860,알체라,,-118.46,115.61,172.51,147.96,,,,-185.2,-104.32,-102.49,,,,-14.23,,,,-14.23,1.75,,,,1.75,1년치 존재,1,,,-14.53,77.69,163008.0,310776.0,up,73.6,1720.0,1226.0,up,bull,26880.0,259353.0,68.0,68.0,KOSDAQ,1691,713,310776,1.9,소프트웨어,False,
302430,이노메트리,1.0,-200.2,837.84,529.96,385.68,802.0,890.0,,82.09,-72.28,-57.03,28.0,45.0,,-27.22,107.94,10.97,,107.94,21.1,149.1,60.71,,149.1,3년치 존재,3,,,-6.43,36.75,529196.0,76013.0,up,55.5,8810.0,4220.0,up,bear,37180.0,-39920.0,0.0,253.0,KOSDAQ,7800,765,76013,0.1,전기제품,True,2026-09-10
011370,서한,1.0,2694.27,6216.58,7493.83,6451.14,,,,251.06,264.61,625.54,,,,-13.91,,,,-13.91,136.4,,,,136.4,1년치 존재,1,2.64,,3.46,127.09,18905.0,25346.0,up,50.1,4235.0,3510.0,down,bull,-2157.0,-43237.0,0.0,0.0,KOSDAQ,3785,764,25346,1.3,건설,False,
054040,한국컴퓨터,1.0,565.02,3717.43,4210.25,4177.73,,,,238.02,121.58,228.61,,,,-0.77,,,,-0.77,88.03,,,,88.03,1년치 존재,1,3.46,,16.41,77.42,19479.0,4501.0,up,40.7,5220.0,4380.0,down,bull,1580.0,-61215.0,7.0,-11.0,KOSDAQ,4415,710,4501,0.2,디스플레이장비및부품,False,
347000,센코,1.0,-168.67,339.52,358.62,367.25,,,,22.46,27.18,25.05,,,,2.41,,,,2.41,-7.84,,,,-7.84,1년치 존재,1,14.26,,14.11,23.39,58521.0,127267.0,up,51.6,1935.0,1500.0,mixed,bear,-4757.0,-27062.0,769.0,761.0,KOSDAQ,1875,709,127267,2.2,전자장비와기기,False,
413390,엠오티,1.0,160.59,737.3,848.57,754.54,,,,43.04,64.99,44.09,,,,-11.08,,,,-11.08,-32.16,,,,-32.16,1년치 존재,1,21.88,,9.65,133.99,15537.0,12617.0,up,53.2,7820.0,5230.0,mixed,bull,5092.0,-16685.0,-367.0,-3492.0,KOSDAQ,6730,760,12617,0.8,전기제품,False,
168330,내츄럴엔도텍,,84.16,187.9,222.63,222.27,,,,-40.81,-37.68,-32.95,,,,-0.16,,,,-0.16,12.55,,,,12.55,1년치 존재,1,,,-6.64,64.09,10320.0,4010.0,down,65.0,2410.0,1727.0,up,bear,-2135.0,-3712.0,-3278.0,8115.0,KOSDAQ,2385,757,4010,0.4,화장품,False,
090470,제이스로보틱스,,305.19,720.87,636.33,306.61,,,,-3.71,-57.83,-236.66,,,,-51.82,,,,-51.82,-309.23,,,,-309.23,1년치 존재,1,,,-17.56,98.29,32856.0,35638.0,down,40.2,4950.0,3590.0,mixed,bear,2851.0,-47101.0,0.0,10589.0,KOSDAQ,4030,704,35638,1.1,전자장비와기기,False,
024740,한일단조,0.7868,103.44,1781.67,1393.79,1265.95,,,,151.68,82.89,35.2,,,,-9.17,,,,-9.17,-57.53,,,,-57.53,1년치 존재,1,47.92,,4.4,96.78,198180.0,78523.0,down,42.2,2345.0,1892.0,mixed,bear,-80600.0,-250450.0,0.0,0.0,KOSDAQ,2140,704,78523,0.4,자동차부품,False,
010280,아이티센엔텍,0.9813,-18.78,3924.52,4417.76,5720.27,6363.0,7066.0,7792.0,84.09,94.38,208.71,354.0,402.0,467.0,29.48,11.24,11.05,10.27,29.48,121.14,69.61,13.56,16.17,121.14,4년치 존재,4,3.27,,45.36,175.98,72644.0,127467.0,up,61.9,5990.0,4250.0,up,bull,45827.0,23246.0,10668.0,-11332.0,KOSDAQ,5770,752,127467,1.8,IT서비스,False,
058630,엠게임,1.0,-633.77,816.33,834.25,917.4,,,,213.14,128.39,175.55,,,,9.97,,,,9.97,36.73,,,,36.73,1년치 존재,1,4.67,,10.53,18.04,44838.0,14850.0,up,46.6,4945.0,3880.0,mixed,bull,-47119.0,-140768.0,7087.0,-88858.0,KOSDAQ,3990,749,14850,0.3,게임엔터테인먼트,False,
294140,레몬,,96.71,,72.88,74.57,,,,,-62.83,-71.45,,,,2.32,,,,2.32,-13.72,,,,-13.72,1년치 존재,1,,,-112.59,277.24,23427.0,7808.0,up,63.0,3020.0,1545.0,up,bull,30847.0,11609.0,3000.0,3000.0,KOSDAQ,2820,703,7808,0.3,화학,False,
053280,예스24,1.0,1704.06,6571.16,6711.43,6264.7,,,,72.17,162.78,29.36,,,,-6.66,,,,-6.66,-81.96,,,,-81.96,1년치 존재,1,,,-5.01,197.55,56688.0,13964.0,down,38.1,3380.0,2800.0,down,bull,-26437.0,51030.0,0.0,7.0,KOSDAQ,2810,703,13964,0.2,인터넷과카탈로그소매,False,
102370,케이옥션,,676.66,121.55,194.57,122.87,,,,-42.03,-47.56,-40.65,,,,-36.85,,,,-36.85,14.53,,,,14.53,1년치 존재,1,,,-2.57,88.01,23545.0,25416.0,up,35.3,3350.0,2760.0,down,bear,-7394.0,-30443.0,-521.0,-45.0,KOSDAQ,2880,746,25416,1.1,판매업체,False,
208140,정다운,1.0,414.57,1854.92,1819.57,1608.76,,,,357.5,146.96,67.52,,,,-11.59,,,,-11.59,-54.06,,,,-54.06,1년치 존재,1,12.27,,5.3,77.16,18519.0,9236.0,down,55.4,2300.0,2130.0,mixed,bear,19711.0,37641.0,7940.0,-2553.0,KOSDAQ,2280,745,9236,0.5,식품,False,
110790,크리스에프앤씨,1.0,2329.25,3670.43,3312.8,3119.45,,,,461.09,121.39,-47.27,,,,-5.84,,,,-5.84,-138.94,,,,-138.94,1년치 존재,1,5.45,,-1.47,95.41,3261.0,7066.0,down,51.0,3075.0,2690.0,mixed,bear,-2077.0,-2717.0,0.0,3.0,KOSDAQ,2985,699,7066,2.2,"섬유,의류,신발,호화품",False,
076610,해성옵틱스,,424.73,1211.69,1085.3,1603.35,,,,39.92,-133.93,-67.37,,,,47.73,,,,47.73,49.7,,,,49.7,1년치 존재,1,,,-8.14,306.39,758679.0,603811.0,down,44.8,1545.0,895.0,mixed,bear,64466.0,-88054.0,-96219.0,-1299732.0,KOSDAQ,1149,700,603811,0.8,핸드셋,False,
417790,트루엔,,-720.27,471.75,536.01,491.14,,,,113.88,154.57,132.55,,,,-8.37,,,,-8.37,-14.25,,,,-14.25,1년치 존재,1,,,10.93,5.34,13950.0,18637.0,up,60.3,7250.0,5240.0,mixed,bull_cross,6707.0,28112.0,-14505.0,-25628.0,KOSDAQ,7070,740,18637,1.3,전자장비와기기,False,
320000,한울반도체,,478.65,,94.53,114.63,,,,,-43.98,-50.48,,,,21.26,,,,21.26,-14.78,,,,-14.78,1년치 존재,1,,,-62.29,326.56,243541.0,135969.0,down,44.6,15970.0,8850.0,down,bull,-52848.0,47942.0,392.0,392.0,KOSDAQ,10040,694,135969,0.6,전자장비와기기,False,
347890,엠엑스온,1.0,127.78,,367.93,622.55,1972.0,2291.0,2612.0,,56.4,-58.26,93.0,140.0,175.0,69.2,216.76,16.18,14.01,216.76,-203.3,259.63,50.54,25.0,259.63,4년치 존재,4,43.39,,2.32,70.32,13125.0,10860.0,up,47.8,4785.0,3950.0,mixed,bull,-1193.0,-4901.0,1.0,2320.0,KOSDAQ,4345,739,10860,0.8,전자장비와기기,True,2026-08-27
002800,신신제약,1.0,370.93,1025.86,1063.88,1137.78,,,,60.04,68.9,107.9,,,,6.95,,,,6.95,56.6,,,,56.6,1년치 존재,1,7.47,,18.28,79.28,22520.0,86673.0,up,58.2,4700.0,4015.0,mixed,bear,-1522.0,-48801.0,-7052.0,-7066.0,KOSDAQ,4575,694,86673,3.8,제약,False,
060590,씨티씨바이오,1.0,221.11,1378.78,1198.77,1237.69,,,,-45.78,-50.14,62.5,,,,3.25,,,,3.25,224.65,,,,224.65,1년치 존재,1,22.55,,10.0,90.58,30005.0,25444.0,down,44.6,3365.0,2700.0,mixed,bear,23623.0,6476.0,3478.0,27927.0,KOSDAQ,3025,731,25444,0.8,제약,False,
377480,마음AI,,83.85,102.24,77.74,97.86,,,,-38.57,-71.18,-63.76,,,,25.88,,,,25.88,10.42,,,,10.42,1년치 존재,1,,,-20.31,117.0,47956.0,27485.0,down,52.3,11600.0,7890.0,up,bull,14455.0,38829.0,0.0,-87.0,KOSDAQ,10280,731,27485,0.6,IT서비스,False,
179530,애드바이오텍,,0.02,104.72,111.36,128.97,,,,-47.62,-41.17,-35.01,,,,15.81,,,,15.81,14.96,,,,14.96,1년치 존재,1,,,-21.82,103.81,181395.0,114472.0,up,56.6,2635.0,1714.0,down,bull,-77814.0,66584.0,0.0,-6.0,KOSDAQ,2215,689,114472,0.6,제약,False,
208370,셀바스헬스케어,1.0,-249.83,298.13,317.02,308.25,,,,33.46,32.74,-1.62,,,,-2.77,,,,-2.77,-104.95,,,,-104.95,1년치 존재,1,17.72,,12.5,12.42,677063.0,260422.0,up,57.3,2855.0,2185.0,mixed,bull,24033.0,-476454.0,1901.0,1666.0,KOSDAQ,2675,689,260422,0.4,건강관리장비와용품,False,
080010,이상네트웍스,0.7078,-696.54,822.91,977.96,1037.83,,,,151.43,207.37,229.17,,,,6.12,,,,6.12,10.51,,,,10.51,1년치 존재,1,4.98,,10.5,21.51,2972.0,680.0,up,46.3,8160.0,7000.0,mixed,bull,2481.0,-1500.0,0.0,0.0,KOSDAQ,7390,727,680,0.2,다각화된소비자서비스,False,
038460,바이오스마트,1.0,527.5,4561.64,4843.1,4827.76,,,,100.85,202.35,225.69,,,,-0.32,,,,-0.32,11.53,,,,11.53,1년치 존재,1,8.07,,9.44,74.94,104982.0,81037.0,down,58.3,2930.0,2430.0,up,bull,-2191.0,-30370.0,1313.0,1313.0,KOSDAQ,2875,727,81037,0.8,전기장비,False,
039010,현대에이치티,1.0,-193.74,,1689.07,1533.33,,,,,110.56,70.15,,,,-9.22,,,,-9.22,-36.55,,,,-36.55,1년치 존재,1,6.46,,10.29,45.25,33481.0,85059.0,down,48.0,8580.0,5840.0,up,bear_cross,-9399.0,-40317.0,333.0,1333.0,KOSDAQ,7950,686,85059,2.5,통신장비,False,
337930,젝시믹스,0.9626,-5.29,2325.77,2715.94,2740.97,2905.0,3050.0,,181.94,248.99,173.49,230.0,275.0,,0.92,5.98,4.99,,5.98,-30.32,32.57,19.57,,32.57,3년치 존재,3,5.82,,9.19,44.1,65387.0,53986.0,down,30.9,3105.0,2330.0,down,bull,-31286.0,-92308.0,13.0,-112.0,KOSDAQ,2360,686,53986,0.8,"섬유,의류,신발,호화품",True,2026-08-24
020710,시공테크,1.0,-245.24,1348.71,1471.46,1683.94,,,,56.08,64.31,150.8,,,,14.44,,,,14.44,134.49,,,,134.49,1년치 존재,1,2.37,,16.47,32.62,297911.0,34698.0,up,45.0,3830.0,3245.0,mixed,bear,-27221.0,150081.0,1.0,106.0,KOSDAQ,3605,723,34698,0.1,"호텔,레스토랑,레저",False,
039610,화성밸브,1.0,208.13,915.51,912.64,814.49,,,,100.3,79.63,-16.48,,,,-10.75,,,,-10.75,-120.7,,,,-120.7,1년치 존재,1,,,0.02,35.51,332798.0,132106.0,up,58.2,7070.0,4410.0,up,bull,-73833.0,-195915.0,-12847.0,-12847.0,KOSDAQ,6550,682,132106,0.4,기계,False,
089790,제이티,1.0,-428.72,471.6,489.46,383.79,,,,29.6,4.36,-21.97,,,,-21.59,,,,-21.59,-603.9,,,,-603.9,1년치 존재,1,,,17.33,38.89,138200.0,190227.0,up,79.5,6990.0,3150.0,up,bull,107636.0,256118.0,-16097.0,-17802.0,KOSDAQ,6990,721,190227,1.4,반도체와반도체장비,False,
049550,잉크테크,1.0,519.14,628.09,739.37,775.34,,,,38.46,27.11,8.02,,,,4.86,,,,4.86,-70.42,,,,-70.42,1년치 존재,1,27.08,,9.47,96.15,6170.0,14366.0,down,50.1,3575.0,2995.0,mixed,bear,-3353.0,-8580.0,0.0,0.0,KOSDAQ,3465,679,14366,2.3,컴퓨터와주변기기,False,
039980,폴라리스AI,,-31.92,594.36,530.69,436.36,,,,14.59,-13.11,-46.9,,,,-17.77,,,,-17.77,-257.74,,,,-257.74,1년치 존재,1,,,-3.98,18.99,80476.0,47806.0,up,44.9,6470.0,3870.0,down,bull,35767.0,67184.0,0.0,-1.0,KOSDAQ,4995,718,47806,0.6,IT서비스,False,
0004V0,엔비알모션,,236.9,,638.41,630.94,,,,,-41.03,-39.28,,,,-1.17,,,,-1.17,4.27,,,,4.27,1년치 존재,1,,,-50.87,133.17,211863.0,128820.0,down,51.6,6960.0,4720.0,up,bull,30849.0,46721.0,0.0,-22205.0,KOSDAQ,6130,675,128820,0.6,기계,False,
212710,아이에스티이,1.0,227.47,271.97,410.87,322.21,619.0,,,-7.1,6.38,-58.41,90.0,,,-21.58,92.11,,,92.11,-1015.52,254.08,,,254.08,2년치 존재,2,,,-5.18,152.13,58268.0,110294.0,up,52.6,10700.0,6090.0,mixed,bull,8382.0,1903.0,882.0,-11426.0,KOSDAQ,7390,718,110294,1.9,반도체와반도체장비,False,
004780,대륙제관,,-409.66,2711.02,2746.59,2665.62,,,,156.23,158.17,103.02,,,,-2.95,,,,-2.95,-34.87,,,,-34.87,1년치 존재,1,,,7.03,40.37,23719.0,7053.0,down,51.8,4335.0,3860.0,mixed,bear,-18541.0,-45190.0,-1302.0,-5331.0,KOSDAQ,4235,674,7053,0.3,포장재,False,
045660,에이텍,1.0,223.83,37.04,455.27,1602.13,,,,-7.12,20.75,86.99,,,,251.91,,,,251.91,319.23,,,,319.23,1년치 존재,1,152.78,,-5.46,57.95,10446.0,20776.0,down,45.0,9780.0,7440.0,mixed,bear,-18828.0,-35491.0,5.0,15.0,KOSDAQ,8660,715,20776,2.0,컴퓨터와주변기기,False,
417970,모델솔루션,1.0,-330.48,647.19,680.34,765.02,,,,21.81,41.87,80.72,,,,12.45,,,,12.45,92.79,,,,92.79,1년치 존재,1,10.46,,9.82,34.72,9862.0,6818.0,up,58.1,11680.0,9300.0,mixed,bull,1974.0,-14017.0,-499.0,-492.0,KOSDAQ,11160,714,6818,0.7,기계,False,
214260,라파스,,152.27,279.36,272.15,309.88,338.0,,,-40.5,-34.63,-30.34,,,,13.86,9.07,,,13.86,12.39,,,,12.39,2년치 존재,2,,,-19.33,146.81,7656.0,6958.0,up,38.9,9490.0,7400.0,down,bull,6329.0,7693.0,57.0,41.0,KOSDAQ,7480,667,6958,0.9,화장품,False,
040350,크레오에스지,,315.44,97.56,81.57,108.61,,,,-37.35,-56.54,-64.09,,,,33.15,,,,33.15,-13.35,,,,-13.35,1년치 존재,1,,,-6.81,92.22,111494.0,64688.0,down,29.8,9400.0,3310.0,down,bull,45182.0,129853.0,-763.0,239.0,KOSDAQ,3360,667,64688,0.6,IT서비스,False,
187420,HLB제넥스,0.9866,60.14,270.08,354.3,433.7,,,,-94.64,-18.76,12.06,,,,22.41,,,,22.41,164.29,,,,164.29,1년치 존재,1,3.15,,19.5,101.27,414273.0,530404.0,up,61.9,2320.0,1373.0,up,bull,35647.0,-2969.0,12254.0,-16082.0,KOSDAQ,2180,712,530404,1.3,생물공학,False,
096250,와이즈넛,1.0,-456.03,351.72,349.21,347.3,,,,34.57,17.03,1.14,,,,-0.55,,,,-0.55,-93.31,,,,-93.31,1년치 존재,1,37.99,,5.3,16.74,21391.0,30017.0,up,47.9,6640.0,5260.0,mixed,bull,17142.0,25140.0,0.0,-1158.0,KOSDAQ,5640,666,30017,1.4,소프트웨어,False,
155650,와이엠씨,1.0,-68.51,2046.33,1677.3,1727.77,,,,157.7,68.97,45.74,,,,3.01,,,,3.01,-33.68,,,,-33.68,1년치 존재,1,53.71,,4.44,53.67,68123.0,36923.0,up,70.7,3810.0,2625.0,up,bull,26690.0,-99440.0,0.0,0.0,KOSDAQ,3740,710,36923,0.5,디스플레이장비및부품,False,
265560,영화테크,1.0,-162.21,649.2,948.27,1086.14,,,,50.14,153.88,180.42,,,,14.54,,,,14.54,17.25,,,,17.25,1년치 존재,1,3.49,,29.79,35.87,10879.0,7598.0,down,30.4,7510.0,6230.0,down,bear,-4934.0,-45892.0,-941.0,-941.0,KOSDAQ,6230,666,7598,0.7,자동차부품,False,
065530,와이어블,1.0,295.69,725.69,794.43,755.39,,,,28.84,38.25,54.76,,,,-4.91,,,,-4.91,43.16,,,,43.16,1년치 존재,1,15.57,,8.13,85.48,701785.0,757654.0,up,69.8,1520.0,1029.0,up,bull,-238149.0,-529647.0,0.0,0.0,KOSDAQ,1479,708,757654,1.1,무선통신서비스,False,
128660,피제이메탈,0.9019,707.81,2293.49,2544.86,3489.57,,,,52.54,91.71,122.27,,,,37.12,,,,37.12,33.32,,,,33.32,1년치 존재,1,9.27,,19.02,110.98,49108.0,69110.0,up,44.9,3100.0,2575.0,mixed,bear,-24160.0,-43599.0,-2425.0,11882.0,KOSDAQ,2850,707,69110,1.4,비철금속,False,
262260,에이프로,1.0,1211.96,2359.52,2001.56,1470.8,,,,155.14,33.61,-58.35,,,,-26.52,,,,-26.52,-273.61,,,,-273.61,1년치 존재,1,,,-12.74,381.42,51085.0,41795.0,up,56.9,4815.0,2200.0,up,bear,-31589.0,-55986.0,-210.0,-2717.0,KOSDAQ,4400,663,41795,0.8,전자장비와기기,False,
123420,위메이드플레이,0.8986,-376.39,1216.79,1204.12,1252.65,,,,-4.36,10.54,107.44,,,,4.03,,,,4.03,919.35,,,,919.35,1년치 존재,1,3.52,,4.21,17.69,32481.0,98349.0,down,47.4,6790.0,5230.0,up,bear,18851.0,55078.0,3.0,15.0,KOSDAQ,6370,663,98349,3.0,게임엔터테인먼트,False,
092040,아미코젠,,491.74,1599.04,1736.05,419.81,,,,20.56,-70.51,-171.39,,,,-75.82,,,,-75.82,-143.07,,,,-143.07,1년치 존재,1,,,-16.97,65.87,419917.0,265081.0,up,53.6,1233.0,839.0,mixed,bull,-65559.0,294945.0,-25389.0,67415.0,KOSDAQ,996,704,265081,0.6,생물공학,False,
096350,대창솔루션,0.8343,566.88,717.15,613.99,598.77,,,,55.96,4.37,-1.44,,,,-2.48,,,,-2.48,-132.95,,,,-132.95,1년치 존재,1,,,1.66,320.41,181084.0,124257.0,up,50.4,2150.0,1476.0,mixed,bear,-18382.0,-42709.0,0.0,-336.0,KOSDAQ,1908,703,124257,0.7,조선,False,
225190,LK삼양,1.0,-37.93,390.32,320.15,214.06,,,,-11.29,-32.27,-168.51,,,,-33.14,,,,-33.14,-422.19,,,,-422.19,1년치 존재,1,,,-77.26,44.46,1083253.0,320889.0,up,53.2,6225.0,2540.0,mixed,bull,-45009.0,-70633.0,218.0,-1263.0,KOSDAQ,4680,660,320889,0.3,전자장비와기기,False,
900110,딥커머스,0.9966,-3037.78,625.21,740.96,705.4,,,,56.51,80.89,94.22,,,,-4.8,,,,-4.8,16.48,,,,16.48,1년치 존재,1,6.61,,3.37,4.69,9934.0,44529.0,up,57.5,8527.0,5079.0,down,bull,9504.0,756.0,0.0,4.0,KOSDAQ,6340,701,44529,4.5,"섬유,의류,신발,호화품",False,
083790,CG인바이츠,,477.68,48.79,72.53,273.91,,,,-309.13,-388.13,-237.57,,,,277.65,,,,277.65,38.79,,,,38.79,1년치 존재,1,,,0.49,108.93,152666.0,73694.0,down,45.3,1015.0,744.0,mixed,bear,-27644.0,-50788.0,0.0,-7700.0,KOSDAQ,912,701,73694,0.5,생명과학도구및서비스,False,
082210,옵트론텍,1.0,1191.2,2329.99,2179.58,1957.37,2287.0,2630.0,,100.81,-44.47,-31.1,140.0,237.0,,-10.2,16.84,15.0,,16.84,30.07,550.16,69.29,,550.16,3년치 존재,3,,,-32.25,339.2,58776.0,49515.0,down,56.1,2140.0,1648.0,mixed,bull,2817.0,54529.0,970.0,970.0,KOSDAQ,1813,634,49515,0.8,전자장비와기기,True,2026-10-06
192250,케이사인,1.0,88.49,471.01,518.66,483.94,,,,42.64,13.06,28.95,,,,-6.69,,,,-6.69,121.67,,,,121.67,1년치 존재,1,27.4,,6.12,63.13,182198.0,282750.0,up,69.2,9530.0,6560.0,up,bull,-51093.0,-118933.0,-2050.0,-2120.0,KOSDAQ,9290,657,282750,1.6,소프트웨어,False,
067920,이글루,1.0,-486.14,1050.72,1112.17,1432.57,,,,75.37,60.68,160.09,,,,28.81,,,,28.81,163.83,,,,163.83,1년치 존재,1,,,-0.47,31.83,172268.0,171046.0,up,64.6,6630.0,4890.0,up,bull,10222.0,-94425.0,-8175.0,-14065.0,KOSDAQ,6330,696,171046,1.0,IT서비스,False,
460940,피앤에스로보틱스,1.0,-267.88,,71.05,76.39,90.0,,,,16.17,10.02,15.0,,,7.52,17.82,,,17.82,-38.03,49.7,,,49.7,2년치 존재,2,25.24,,6.61,5.4,75615.0,29739.0,up,50.9,5830.0,3890.0,up,bull,31141.0,21250.0,0.0,0.0,KOSDAQ,5160,694,29739,0.4,건강관리장비와용품,False,
095270,웨이브일렉트로,1.0,-92.29,779.84,780.44,805.33,,,,23.52,18.53,-16.42,,,,3.19,,,,3.19,-188.61,,,,-188.61,1년치 존재,1,44.04,,6.89,102.52,37301.0,30559.0,up,58.1,4735.0,3510.0,up,bull,-10168.0,-42922.0,-11368.0,530.0,KOSDAQ,4520,650,30559,0.8,우주항공과국방,False,
291230,컴투스엔,,36.41,353.35,295.6,272.31,,,,-36.96,-41.46,-30.48,,,,-7.88,,,,-7.88,26.48,,,,26.48,1년치 존재,1,,,-22.92,82.24,27860.0,23082.0,up,61.6,3415.0,1900.0,up,bull,10640.0,25068.0,0.0,-305.0,KOSDAQ,2700,648,23082,0.8,광고,False,
331740,아우토크립트,,255.98,219.76,232.81,254.79,352.0,460.0,544.0,-244.83,-180.44,-135.2,-39.0,44.0,99.0,9.44,38.15,30.68,18.26,38.15,25.07,71.15,212.82,125.0,212.82,4년치 존재,4,,,-59.17,146.91,55973.0,20251.0,up,57.9,7560.0,5150.0,up,bull,41686.0,-35564.0,-3673.0,-51463.0,KOSDAQ,7110,693,20251,0.4,자동차부품,True,2026-08-24
487580,폴레드,1.0,-166.74,,528.08,799.33,,,,,62.0,104.25,,,,51.37,,,,51.37,68.15,,,,68.15,1년치 존재,1,8.26,,23.83,41.86,197601.0,330509.0,down,29.2,3970.0,2745.0,down,bear_cross,271742.0,174388.0,-4114.0,-55518.0,KOSDAQ,2745,691,330509,1.7,가정용기기와용품,False,
126880,제이엔케이글로벌,1.0,-270.22,1667.06,1386.38,1472.93,,,,41.38,36.42,31.54,,,,6.24,,,,6.24,-13.4,,,,-13.4,1년치 존재,1,22.18,,2.44,64.04,42851.0,16758.0,up,66.2,2930.0,2430.0,mixed,bull,-1094.0,-18726.0,140.0,269.0,KOSDAQ,2795,648,16758,0.4,석유와가스,False,
222110,팬젠,,-120.0,73.15,146.73,134.17,,,,-42.25,10.2,15.06,,,,-8.56,,,,-8.56,47.65,,,,47.65,1년치 존재,1,,,3.76,8.22,6151.0,3130.0,up,46.8,5170.0,4470.0,down,bear,184.0,-18874.0,0.0,0.0,KOSDAQ,4790,647,3130,0.5,생물공학,False,
026150,특수건설,0.8652,236.44,2328.64,2125.3,1490.21,,,,24.91,87.52,-316.45,,,,-29.88,,,,-29.88,-461.57,,,,-461.57,1년치 존재,1,,,-27.99,133.54,24374.0,21753.0,down,48.9,4185.0,3325.0,mixed,bear,-1876.0,-23914.0,3.0,41.0,KOSDAQ,3915,687,21753,0.9,건설,False,
332370,아이디피,0.9986,-370.58,363.66,465.26,490.83,,,,55.31,110.83,108.76,,,,5.5,,,,5.5,-1.87,,,,-1.87,1년치 존재,1,6.66,,13.98,8.46,2207.0,562.0,down,44.5,5710.0,5160.0,down,bear,-317.0,4239.0,0.0,-121.0,KOSDAQ,5170,686,562,0.3,컴퓨터와주변기기,False,
204840,지엘팜텍,1.0,176.25,260.33,260.48,352.68,,,,-32.28,-17.68,2.68,,,,35.4,,,,35.4,115.16,,,,115.16,1년치 존재,1,5350.0,,-0.54,146.38,81875.0,21371.0,down,36.5,5780.0,3900.0,mixed,bear,9141.0,-1314.0,0.0,2496.0,KOSDAQ,4140,642,21371,0.3,제약,False,
089850,유비벨록스,0.5675,1688.68,5436.28,6071.05,6678.87,,,,493.45,340.97,214.57,,,,10.01,,,,10.01,-37.07,,,,-37.07,1년치 존재,1,,,-4.29,111.41,6510.0,4534.0,up,58.7,4395.0,3845.0,up,bull,2255.0,9123.0,-1.0,-56.0,KOSDAQ,4355,642,4534,0.7,전자제품,False,
109860,동일금속,0.9994,-91.09,1104.45,859.85,917.07,,,,123.68,6.18,14.32,,,,6.65,,,,6.65,131.72,,,,131.72,1년치 존재,1,13.56,,2.77,19.1,2710.0,5164.0,down,51.1,7870.0,7130.0,up,bull,181.0,4.0,486.0,4620.0,KOSDAQ,7520,684,5164,1.9,기계,False,
228670,레이,1.0,278.08,1458.82,798.43,1113.23,,,,61.18,-442.54,-97.88,,,,39.43,,,,39.43,77.88,,,,77.88,1년치 존재,1,21.73,,12.46,123.36,34270.0,26413.0,down,40.8,6250.0,3940.0,down,bear,-9687.0,-59624.0,-1624.0,150.0,KOSDAQ,4360,682,26413,0.8,건강관리장비와용품,False,
241690,유니테크노,1.0,537.16,1018.94,1051.34,1071.6,,,,114.44,81.17,20.55,,,,1.93,,,,1.93,-74.68,,,,-74.68,1년치 존재,1,,,-0.08,79.41,24560.0,10158.0,up,51.4,2820.0,2200.0,mixed,bull,-15556.0,-40961.0,1129.0,1163.0,KOSDAQ,2600,636,10158,0.4,자동차부품,False,
273640,와이엠텍,,63.82,348.81,309.12,291.09,,,,59.61,43.15,17.43,,,,-5.83,,,,-5.83,-59.61,,,,-59.61,1년치 존재,1,,,5.61,31.44,17815.0,18851.0,up,64.4,6020.0,4130.0,up,bull,-8018.0,-14279.0,340.0,440.0,KOSDAQ,5800,636,18851,1.1,전기제품,False,
019540,일지테크,1.0,1830.49,6284.86,7572.95,8550.63,,,,354.16,244.47,480.24,,,,12.91,,,,12.91,96.44,,,,96.44,1년치 존재,1,1.48,,25.64,234.77,23394.0,14211.0,up,38.2,6810.0,5000.0,down,bull,6604.0,-37502.0,-3092.0,-25198.0,KOSDAQ,5020,678,14211,0.6,자동차부품,False,
061040,알에프텍,1.0,-196.17,3143.78,3583.23,2660.08,,,,50.4,18.12,-251.88,,,,-25.76,,,,-25.76,-1490.07,,,,-1490.07,1년치 존재,1,,,-15.33,63.88,3864.0,4309.0,up,54.8,7750.0,5970.0,mixed,bear,160.0,-2057.0,0.0,0.0,KOSDAQ,7470,676,4309,1.1,핸드셋,False,
360350,코셈,1.0,10.05,137.29,147.3,133.9,,,,15.02,-2.36,-15.29,,,,-9.1,,,,-9.1,-547.88,,,,-547.88,1년치 존재,1,,,-5.54,42.63,69996.0,39871.0,up,78.8,12850.0,5070.0,up,bull,-29888.0,-80678.0,-3201.0,-3202.0,KOSDAQ,12100,658,39871,0.6,전자장비와기기,False,
060310,3S,1.0,-63.57,,435.95,290.22,283.87,,,,11.64,-58.31,-51.07,,,-33.43,-2.19,,,-2.19,-600.95,12.42,,,12.42,2년치 존재,2,,,-12.82,25.16,103347.0,109428.0,up,60.5,1194.0,850.0,up,bull,136542.0,245060.0,0.0,0.0,KOSDAQ,1194,634,109428,1.1,기계,False,
014970,삼륭물산,1.0,145.84,862.8,940.5,942.56,,,,11.79,57.86,65.17,,,,0.22,,,,0.22,12.63,,,,12.63,1년치 존재,1,10.82,,11.49,80.34,108913.0,12181.0,down,48.3,4730.0,3835.0,mixed,bear,-14817.0,-68482.0,0.0,0.0,KOSDAQ,4415,655,12181,0.1,포장재,False,
067370,선바이오,,254.36,122.92,86.83,136.73,,,,51.92,-5.33,50.36,,,,57.47,,,,57.47,1044.84,,,,1044.84,1년치 존재,1,,,15.55,114.16,7936.0,2797.0,down,35.5,6700.0,5380.0,down,bear,-1606.0,16087.0,0.0,-22.0,KOSDAQ,5510,673,2797,0.4,생물공학,False,
024830,세원물산,,-1850.76,1930.45,2309.05,2116.16,,,,59.07,13.42,30.57,,,,-8.35,,,,-8.35,127.79,,,,127.79,1년치 존재,1,,,3.46,28.23,2624.0,10008.0,down,30.2,9060.0,8040.0,down,bear,-1044.0,-4794.0,20.0,20.0,KOSDAQ,8040,671,10008,3.8,자동차부품,False,
127710,아시아경제,1.0,427.05,931.36,779.73,731.45,,,,-284.89,-351.65,54.79,,,,-6.19,,,,-6.19,115.58,,,,115.58,1년치 존재,1,20.23,,-1.26,209.3,88786.0,109039.0,up,74.8,1448.0,982.0,up,bull,-17184.0,-37543.0,253240.0,645595.0,KOSDAQ,1428,629,109039,1.2,출판,False,
065170,비엘팜텍,,-23.38,245.25,88.06,65.06,,,,-67.93,-32.16,-28.25,,,,-26.12,,,,-26.12,12.16,,,,12.16,1년치 존재,1,,,-98.35,104.46,880951.0,1367592.0,up,54.8,3910.0,1863.0,down,bull_cross,-34949.0,-6398.0,0.0,2.0,KOSDAQ,2390,667,1367592,1.6,건강관리업체및서비스,False,
048430,유라테크,1.0,-702.26,2097.04,2013.5,1972.54,,,,60.32,105.06,18.14,,,,-2.03,,,,-2.03,-82.73,,,,-82.73,1년치 존재,1,6.04,,4.92,21.61,128688.0,17976.0,down,39.6,6500.0,5170.0,mixed,bear,-11408.0,-23132.0,0.0,0.0,KOSDAQ,5790,667,17976,0.1,자동차부품,False,
033130,디지틀조선,1.0,-339.81,365.72,369.55,399.02,,,,21.75,23.65,55.09,,,,7.97,,,,7.97,132.94,,,,132.94,1년치 존재,1,11.51,,10.5,15.41,47999.0,16028.0,up,33.4,2140.0,1690.0,down,bear,-132895.0,-291548.0,-2922.0,-1755.0,KOSDAQ,1690,627,16028,0.3,IT서비스,False,
100030,인지소프트,1.0,-1309.1,242.05,188.9,189.22,,,,38.09,10.62,23.4,,,,0.17,,,,0.17,120.34,,,,120.34,1년치 존재,1,2.93,,76.8,18.9,6444.0,8832.0,down,41.2,20800.0,16200.0,mixed,bear,4880.0,8522.0,-907.0,-903.0,KOSDAQ,19090,627,8832,1.4,소프트웨어,False,
950220,네오이뮨텍,,-253.37,,1.7,0.95,,,,-556.18,-400.36,-252.2,,,,-44.12,,,,-44.12,37.01,,,,37.01,1년치 존재,1,,,-61.2,35.06,443492.0,298306.0,down,44.9,3050.0,1193.0,mixed,bear,-8353.0,-59517.0,714.0,20714.0,KOSDAQ,1946,666,298306,0.7,제약,False,
456070,이엔셀,,-182.6,105.26,72.09,52.59,,,,-117.55,-156.83,-179.03,,,,-27.05,,,,-27.05,-14.16,,,,-14.16,1년치 존재,1,,,-57.72,97.73,250788.0,65193.0,down,52.1,7220.0,4905.0,mixed,bull,24352.0,-220786.0,0.0,-6988.0,KOSDAQ,6030,665,65193,0.3,제약,False,
487400,케이앤에스아이앤씨,,-32.27,173.5,134.82,177.81,,,,9.64,-16.08,-17.59,,,,31.89,,,,31.89,-9.39,,,,-9.39,1년치 존재,1,,,-27.72,176.91,300053.0,101731.0,up,23.6,15380.0,6100.0,,bull,22523.0,-37679.0,-52111.0,-179970.0,KOSDAQ,6100,626,101731,0.3,통신장비,False,
001840,이화공영,,16.75,1402.48,1282.85,1151.91,,,,-134.42,-197.73,32.9,,,,-10.21,,,,-10.21,116.64,,,,116.64,1년치 존재,1,,,-7.99,201.42,,,,,,,,,0.0,0.0,0.0,0.0,KOSDAQ,2215,626,0,,건설,False,
153710,옵티팜,,14.49,173.73,196.36,223.45,,,,-26.31,-24.52,-24.14,,,,13.8,,,,13.8,1.55,,,,1.55,1년치 존재,1,,,-7.35,62.8,7668.0,2851.0,up,40.9,4900.0,4470.0,down,bear,4440.0,-6890.0,0.0,-3.0,KOSDAQ,4515,662,2851,0.4,제약,False,
282620,기도산업,1.0,914.75,2255.79,2721.14,3465.51,,,,212.77,257.5,321.9,,,,27.36,,,,27.36,25.01,,,,25.01,1년치 존재,1,1.87,,21.65,93.23,86517.0,35524.0,down,15.1,18580.0,11300.0,,,-18687.0,-35406.0,7463.0,46053.0,KOSDAQ,11300,662,35524,0.4,"섬유,의류,신발,호화품",False,
0155E0,해치텍,,-16.17,,,140.79,,,,,,-23.95,,,,,,,,,,,,,,1년치 존재,1,,,-308.29,59.26,1142186.0,141724.0,down,39.9,16850.0,11390.0,,,-6963.0,-46616.0,-2343.0,-23628.0,KOSDAQ,11390,625,141724,0.1,반도체와반도체장비,False,
041460,한국전자인증,1.0,-182.42,383.41,370.87,367.46,,,,31.41,47.25,67.27,,,,-0.92,,,,-0.92,42.37,,,,42.37,1년치 존재,1,13.37,,9.1,35.05,47178.0,40024.0,up,46.9,3600.0,3140.0,mixed,bear,7069.0,-77506.0,4582.0,25630.0,KOSDAQ,3385,624,40024,0.8,IT서비스,False,
032850,비트컴퓨터,1.0,-251.41,334.59,370.75,359.83,,,,62.19,66.7,58.61,,,,-2.95,,,,-2.95,-12.13,,,,-12.13,1년치 존재,1,8.94,,10.71,12.3,68636.0,66923.0,down,46.3,4250.0,3565.0,up,bull,-32115.0,-78415.0,-3875.0,55130.0,KOSDAQ,3965,659,66923,1.0,건강관리기술,False,
241790,티이엠씨씨엔에스,0.9869,79.92,1403.37,1935.32,1680.41,,,,133.24,59.25,89.98,,,,-13.17,,,,-13.17,51.86,,,,51.86,1년치 존재,1,15.65,,1.27,70.02,86207.0,77182.0,up,71.3,6580.0,4320.0,up,bear,22727.0,-27286.0,11774.0,117340.0,KOSDAQ,6580,658,77182,0.9,반도체와반도체장비,False,
046210,HLB파나진,,-183.23,122.52,131.97,150.5,,,,-18.39,-13.62,-34.4,,,,14.04,,,,14.04,-152.57,,,,-152.57,1년치 존재,1,,,-4.32,10.99,464022.0,387819.0,down,61.1,1481.0,999.0,up,bull,-71339.0,-243994.0,-192277.0,-415165.0,KOSDAQ,1354,616,387819,0.8,생명과학도구및서비스,False,
081150,티플랙스,,598.75,2510.61,2074.98,2092.35,,,,-15.32,47.95,52.37,,,,0.84,,,,0.84,9.22,,,,9.22,1년치 존재,1,,,2.09,68.65,54996.0,47886.0,up,42.9,2825.0,2400.0,down,bear,-20503.0,-180761.0,-7595.0,15033.0,KOSDAQ,2595,630,47886,0.9,비철금속,False,
111710,남화산업,,-461.9,246.71,207.03,167.71,,,,117.94,80.11,40.94,,,,-18.99,,,,-18.99,-48.9,,,,-48.9,1년치 존재,1,,,3.55,7.96,50799.0,18868.0,up,49.1,4490.0,2670.0,down,bull,-1627.0,55081.0,0.0,0.0,KOSDAQ,3185,656,18868,0.4,"호텔,레스토랑,레저",False,
900300,오가닉티코스메틱,,-2029.82,1778.53,1647.42,1832.91,,,,-740.84,-644.15,-614.77,,,,11.26,,,,11.26,4.56,,,,4.56,1년치 존재,1,,,-10.45,28.27,161983.0,80895.0,up,45.3,4220.0,1561.0,mixed,bear,-21811.0,-52491.0,727.0,727.0,KOSDAQ,2905,598,80895,0.5,화장품,False,
122350,삼기,0.7676,4177.29,5374.41,5421.1,5705.39,,,,78.09,51.43,82.77,,,,5.24,,,,5.24,60.94,,,,60.94,1년치 존재,1,,,-12.58,348.2,1082320.0,310241.0,up,48.0,1962.0,1236.0,mixed,bear,347017.0,-212820.0,1.0,13001.0,KOSDAQ,1601,614,310241,0.3,자동차부품,False,
228340,동양파일,,-119.73,710.57,565.63,559.26,,,,44.93,-44.16,-47.48,,,,-1.13,,,,-1.13,-7.52,,,,-7.52,1년치 존재,1,,,-0.01,6.18,1749911.0,223591.0,down,43.8,4310.0,2305.0,mixed,bear,-5726.0,-294694.0,10596.0,14621.0,KOSDAQ,3240,648,223591,0.1,건축자재,False,
216050,인크로스,1.0,-1356.05,468.18,488.17,504.9,,,,126.39,100.3,115.12,,,,3.43,,,,3.43,14.78,,,,14.78,1년치 존재,1,5.1,,9.42,102.54,8922.0,6469.0,up,49.1,5310.0,4575.0,mixed,bull,342.0,-25927.0,-4043.0,3665.0,KOSDAQ,5010,611,6469,0.7,광고,False,
424960,스마트레이더시스템,,-253.11,40.76,47.37,93.97,118.0,,,-53.73,-67.56,-52.7,-26.0,,,98.37,25.57,,,98.37,22.0,50.66,,,50.66,2년치 존재,2,,,-40.41,104.42,13992.0,15239.0,up,53.5,4160.0,2945.0,up,bull_cross,12371.0,14335.0,-3000.0,-5693.0,KOSDAQ,3930,648,15239,1.1,자동차부품,False,
299170,더블유에스아이,1.0,46.58,308.77,404.11,517.06,,,,33.43,38.5,39.16,,,,27.95,,,,27.95,1.71,,,,1.71,1년치 존재,1,,,-1.45,40.04,2672512.0,816267.0,up,59.7,1545.0,1081.0,up,bull,-431561.0,-2075886.0,0.0,0.0,KOSDAQ,1470,610,816267,0.3,제약,False,
091590,남화토건,0.9908,-98.76,717.96,566.67,726.92,,,,-43.75,-20.01,37.5,,,,28.28,,,,28.28,287.41,,,,287.41,1년치 존재,1,5.91,,6.6,12.77,350945.0,108007.0,up,36.7,8910.0,3800.0,mixed,bear,-3623.0,-37244.0,0.0,5000.0,KOSDAQ,5500,646,108007,0.3,건설,False,
0156T0,에이치엘지노믹스,,-374.98,248.11,281.67,288.77,,,,76.67,89.54,93.28,,,,2.52,,,,2.52,4.18,,,,4.18,1년치 존재,1,,,10.65,7.61,78504.0,47420.0,down,36.0,14790.0,8050.0,,bull,5647.0,27230.0,-32095.0,-30337.0,KOSDAQ,8280,644,47420,0.6,제약,False,
318160,셀바이오휴먼텍,1.0,90.67,273.24,284.19,510.66,,,,31.49,40.37,93.17,,,,79.69,,,,79.69,130.79,,,,130.79,1년치 존재,1,6.97,,19.51,44.71,45254.0,9186.0,up,43.7,7750.0,5470.0,mixed,bear,-8102.0,27851.0,586.0,-3571.0,KOSDAQ,6510,608,9186,0.2,화장품,False,
050960,수산아이앤티,,-336.74,238.86,266.71,307.12,,,,64.66,56.7,50.97,,,,15.15,,,,15.15,-10.11,,,,-10.11,1년치 존재,1,,,7.93,7.37,2858.0,1987.0,up,58.9,9110.0,7570.0,up,bull_cross,3274.0,64.0,0.0,-62.0,KOSDAQ,9000,608,1987,0.7,소프트웨어,False,
382480,지아이텍,1.0,-60.13,366.22,377.66,362.2,,,,45.0,30.43,11.24,,,,-4.09,,,,-4.09,-63.06,,,,-63.06,1년치 존재,1,60.94,,5.12,32.4,59153.0,39779.0,up,45.8,1868.0,1573.0,mixed,bull,-49273.0,-200812.0,0.0,-358.0,KOSDAQ,1620,638,39779,0.7,전기제품,False,
315640,딥노이드,,-90.41,19.33,108.47,74.72,,,,-67.27,-100.96,-105.57,,,,-31.11,,,,-31.11,-4.57,,,,-4.57,1년치 존재,1,,,-77.48,52.47,243539.0,82928.0,up,68.5,2225.0,1158.0,up,bull,26079.0,-112546.0,-1000.0,-854.0,KOSDAQ,2170,637,82928,0.3,IT서비스,False,
003310,대주산업,1.0,-156.74,1050.15,1060.39,1009.83,,,,76.84,100.25,106.35,,,,-4.77,,,,-4.77,6.08,,,,6.08,1년치 존재,1,8.95,,6.4,29.25,217088.0,202837.0,up,56.9,1785.0,1449.0,up,bull,122383.0,-71165.0,-12865.0,-9559.0,KOSDAQ,1710,605,202837,0.9,식품,False,
352910,오비고,1.0,-185.58,150.73,144.21,335.35,,,,-5.37,-26.94,-37.24,,,,132.54,,,,132.54,-38.23,,,,-38.23,1년치 존재,1,,,-2.55,78.63,7888.0,3810.0,down,54.6,4990.0,3295.0,mixed,bear,-4175.0,-14875.0,4776.0,15812.0,KOSDAQ,4775,603,3810,0.5,소프트웨어,False,
251630,브이원텍,,51.33,817.84,727.32,490.02,,,,19.77,-43.6,-128.29,,,,-32.63,,,,-32.63,-194.24,,,,-194.24,1년치 존재,1,,,-7.14,52.19,15763.0,56207.0,up,70.1,3980.0,3225.0,up,bull,27941.0,235.0,2.0,-141.0,KOSDAQ,3980,635,56207,3.6,기계,False,
014470,부방,1.0,-91.03,3310.47,3364.62,3194.84,,,,-3.42,48.73,17.53,,,,-5.05,,,,-5.05,-64.03,,,,-64.03,1년치 존재,1,25.82,,0.02,44.46,70411.0,84505.0,up,54.1,1090.0,813.0,up,bull,-19704.0,-7018.0,0.0,-7028.0,KOSDAQ,1054,601,84505,1.2,가정용기기와용품,False,
048770,TPC로보틱스,,329.65,861.77,864.44,863.28,,,,-51.58,-24.8,-23.0,,,,-0.13,,,,-0.13,7.26,,,,7.26,1년치 존재,1,,,-4.13,221.49,1567489.0,285875.0,down,52.6,4490.0,2430.0,mixed,bear,24515.0,-582435.0,-1866.0,-71.0,KOSDAQ,4040,634,285875,0.2,기계,False,
033320,제이씨현시스템,0.9385,-283.59,2115.62,2639.0,3138.39,,,,-55.78,36.43,77.0,,,,18.92,,,,18.92,111.36,,,,111.36,1년치 존재,1,6.86,,6.72,28.48,142222.0,36139.0,up,53.6,3215.0,2495.0,up,bull,2454.0,29516.0,25387.0,25218.0,KOSDAQ,3135,599,36139,0.3,컴퓨터와주변기기,False,
036000,예림당,,-1728.48,128.17,118.06,102.58,,,,2.79,3.61,-14.2,,,,-13.11,,,,-13.11,-493.35,,,,-493.35,1년치 존재,1,,,3.65,1.22,13599.0,15306.0,down,44.8,3145.0,2625.0,down,bear,-22821.0,-92239.0,0.0,0.0,KOSDAQ,2750,633,15306,1.1,출판,False,
214680,디알텍,,541.05,924.39,975.59,1163.04,,,,-1.49,-121.05,-138.94,,,,19.21,,,,19.21,-14.78,,,,-14.78,1년치 존재,1,,,-16.36,178.06,326084.0,29397.0,down,41.5,6250.0,3600.0,down,bull,-4752.0,-27422.0,0.0,-16.0,KOSDAQ,3775,630,29397,0.1,건강관리장비와용품,False,
049470,비트플래닛,,-102.6,433.95,361.41,248.41,,,,-68.36,2.5,-45.2,,,,-31.27,,,,-31.27,-1908.0,,,,-1908.0,1년치 존재,1,,,-43.27,26.42,321670.0,20098.0,up,54.2,3065.0,1165.0,up,bear,2606.0,-41253.0,0.0,0.0,KOSDAQ,2610,615,20098,0.1,소프트웨어,False,
463020,뉴엔AI,,-443.26,178.8,197.16,188.19,,,,14.76,4.29,-11.1,,,,-4.55,,,,-4.55,-358.74,,,,-358.74,1년치 존재,1,,,0.94,7.71,107098.0,55329.0,up,36.1,12030.0,5650.0,down,bull,-6275.0,178728.0,0.0,-455776.0,KOSDAQ,6640,597,55329,0.5,IT서비스,False,
043610,KT지니뮤직,0.7536,-794.18,3070.41,3016.15,3028.54,3155.0,3348.0,3448.0,153.61,121.93,161.69,129.0,184.0,200.0,0.41,4.18,6.12,2.99,6.12,32.61,-20.22,42.64,8.7,42.64,4년치 존재,4,,,-19.73,59.29,68853.0,269110.0,down,21.6,1428.0,1068.0,down,bear,-19289.0,-113596.0,329.0,329.0,KOSDAQ,1055,613,269110,3.9,방송과엔터테인먼트,False,
056360,코위버,1.0,-327.57,833.54,468.36,626.0,,,,-26.03,-76.35,3.06,,,,33.66,,,,33.66,104.01,,,,104.01,1년치 존재,1,18.13,,2.0,17.9,217416.0,178350.0,up,58.6,6990.0,4480.0,up,bull,28457.0,-72930.0,3.0,-68.0,KOSDAQ,6420,629,178350,0.8,통신장비,False,
008370,원풍,,-428.79,737.85,796.09,876.35,,,,51.04,45.48,65.96,,,,10.08,,,,10.08,45.03,,,,45.03,1년치 존재,1,,,9.95,15.29,12528.0,18050.0,up,54.1,5480.0,4690.0,mixed,bear,-4734.0,-1368.0,8031.0,8031.0,KOSDAQ,5240,629,18050,1.4,화학,False,
059270,해성에어로보틱스,,-147.21,136.83,149.38,150.78,,,,-14.95,-7.16,-6.21,,,,0.94,,,,0.94,13.27,,,,13.27,1년치 존재,1,,,1.74,50.63,73864.0,22898.0,up,48.2,6330.0,4720.0,mixed,bull,-7340.0,47508.0,0.0,-18.0,KOSDAQ,5300,592,22898,0.3,기계,False,
321820,아티스트컴퍼니,1.0,-71.71,212.72,212.65,466.5,,,,-32.78,-31.48,-39.59,,,,119.37,,,,119.37,-25.76,,,,-25.76,1년치 존재,1,48.31,,-9.36,76.34,354277.0,143799.0,up,72.3,4200.0,1983.0,up,bull,-24608.0,-45273.0,0.0,-14301.0,KOSDAQ,4020,627,143799,0.4,방송과엔터테인먼트,False,
460870,에스엠씨지,,239.33,373.71,545.71,557.88,652.7,750.6,,27.49,44.47,49.43,63.3,86.3,,2.23,17.0,15.0,,17.0,11.15,28.06,36.33,,36.33,3년치 존재,3,,,9.54,77.9,55430.0,48874.0,up,63.1,3135.0,2255.0,up,bull,703.0,43679.0,5000.0,11784.0,KOSDAQ,3120,626,48874,0.9,포장재,False,
424980,마이크로투나노,,-0.79,93.7,101.51,222.28,,,,-125.72,-95.49,-34.09,,,,118.97,,,,118.97,64.3,,,,64.3,1년치 존재,1,,,-9.06,88.98,36563.0,32174.0,up,61.4,10760.0,5180.0,up,bull,-8342.0,5575.0,799.0,-4834.0,KOSDAQ,9920,587,32174,0.9,반도체와반도체장비,False,
039020,이건홀딩스,,2070.23,4585.17,4973.73,4471.15,,,,32.35,65.6,-12.43,,,,-10.1,,,,-10.1,-118.95,,,,-118.95,1년치 존재,1,,,0.64,106.77,94684.0,99374.0,up,47.5,3015.0,2280.0,mixed,bull,11656.0,-53261.0,34931.0,17398.0,KOSDAQ,2595,586,99374,1.0,건축자재,False,
049480,오픈베이스,0.9525,-254.76,2040.47,2262.9,2331.27,,,,66.05,66.62,79.21,,,,3.02,,,,3.02,18.9,,,,18.9,1년치 존재,1,8.61,,13.33,83.71,239405.0,224598.0,up,57.4,2150.0,1607.0,up,bull,22709.0,-36289.0,26549.0,26549.0,KOSDAQ,1990,625,224598,0.9,컴퓨터와주변기기,False,
221800,지구홀딩스,,-78.12,307.92,250.4,255.93,,,,-13.38,-31.27,-23.58,,,,2.21,,,,2.21,24.59,,,,24.59,1년치 존재,1,,,-11.46,0.88,39161.0,25174.0,up,47.5,5340.0,3510.0,down,bull,6040.0,-55085.0,0.0,0.0,KOSDAQ,3830,625,25174,0.6,건강관리업체및서비스,False,
099520,DGI,1.0,-23.66,133.92,213.61,251.73,,,,-43.92,5.03,-33.0,,,,17.85,,,,17.85,-756.06,,,,-756.06,1년치 존재,1,,,3.2,19.62,,,,,,,,,0.0,0.0,0.0,0.0,KOSDAQ,1284,581,0,,통신장비,False,
033170,시그네틱스,,396.98,1854.85,1181.51,1030.47,,,,-149.99,-258.34,-238.32,,,,-12.78,,,,-12.78,7.75,,,,7.75,1년치 존재,1,,,-16.81,146.0,461982.0,168769.0,up,76.0,3430.0,1640.0,up,bull,-17010.0,-128612.0,0.0,-6.0,KOSDAQ,3390,581,168769,0.4,반도체와반도체장비,False,
043650,국순당,0.999,-504.85,704.84,688.19,674.99,,,,44.65,-22.79,-8.32,,,,-1.92,,,,-1.92,63.49,,,,63.49,1년치 존재,1,9.98,,1.78,7.59,175552.0,20137.0,down,42.2,3790.0,3455.0,down,bear,-23227.0,-25192.0,-8391.0,3480.0,KOSDAQ,3490,623,20137,0.1,음료,False,
294090,이오플로우,,192.25,65.89,52.41,36.7,,,,-393.67,-702.9,-222.38,,,,-29.98,,,,-29.98,68.36,,,,68.36,1년치 존재,1,,,-82.07,37.05,,,,,,,,,0.0,0.0,0.0,0.0,KOSDAQ,1490,623,0,,건강관리장비와용품,False,
094850,참좋은여행,,-861.38,686.65,808.13,921.25,,,,64.19,19.96,97.82,,,,14.0,,,,14.0,390.08,,,,390.08,1년치 존재,1,,,12.4,51.14,26043.0,15319.0,up,33.2,4520.0,3945.0,mixed,bear,-14582.0,-63159.0,-3109.0,-3109.0,KOSDAQ,4110,575,15319,0.6,"호텔,레스토랑,레저",False,
033310,엠투엔,1.0,144.82,769.95,912.1,865.5,,,,32.1,37.44,27.68,,,,-5.11,,,,-5.11,-26.07,,,,-26.07,1년치 존재,1,,,2.06,25.07,48494.0,25377.0,down,47.3,1518.0,1218.0,up,bear,12644.0,76765.0,19871.0,72066.0,KOSDAQ,1433,573,25377,0.5,자동차부품,False,
066670,디티씨,1.0,-1406.03,346.42,118.84,1886.19,,,,19.96,24.38,-17.65,,,,1487.17,,,,1487.17,-172.4,,,,-172.4,1년치 존재,1,16.33,,3.27,20.27,16047.0,22915.0,up,57.4,3370.0,2370.0,up,bear,-20816.0,-26045.0,-5.0,0.0,KOSDAQ,3295,616,22915,1.4,핸드셋,False,
005670,푸드웰,0.8357,690.05,2284.87,2729.91,3203.28,,,,82.87,139.26,183.53,,,,17.34,,,,17.34,31.79,,,,31.79,1년치 존재,1,6.14,,12.38,109.59,25241.0,2728.0,up,43.9,6920.0,5900.0,down,bear,-4364.0,-8058.0,-3857.0,237470.0,KOSDAQ,6150,615,2728,0.1,식품,False,
443250,레뷰코퍼레이션,0.8294,-464.43,397.47,478.24,564.58,,,,42.16,77.03,88.79,,,,18.05,,,,18.05,15.27,,,,15.27,1년치 존재,1,10.74,,10.85,40.93,10932.0,10501.0,down,44.6,6470.0,5020.0,down,bull_cross,-283.0,1731.0,-8000.0,-11468.0,KOSDAQ,5280,571,10501,1.0,양방향미디어와서비스,False,
464490,쿼드메디슨,,-92.59,10.12,93.04,106.98,,,,-95.19,-44.49,-63.84,,,,14.98,,,,14.98,-43.49,,,,-43.49,1년치 존재,1,,,-60.26,98.59,52786.0,29206.0,up,50.0,6150.0,4420.0,mixed,bull,9230.0,12802.0,-33.0,-28204.0,KOSDAQ,4955,570,29206,0.6,생물공학,False,
483350,딜리셔스,1.0,-265.96,,251.49,306.67,,,,,-57.07,16.13,,,,21.94,,,,21.94,128.26,,,,128.26,1년치 존재,1,16.33,,,55.89,605439.0,219288.0,down,26.5,5140.0,2660.0,,bull,-247634.0,-43964.0,-58166.0,407144.0,KOSDAQ,2660,593,219288,0.4,IT서비스,False,
214270,FSN,,141.13,1756.08,1854.0,2722.9,,,,-59.66,110.81,305.18,,,,46.87,,,,46.87,175.41,,,,175.41,1년치 존재,1,,,-26.9,234.07,36022.0,40140.0,up,50.0,1477.0,1290.0,mixed,bull,-43358.0,-44276.0,574.0,574.0,KOSDAQ,1355,613,40140,1.1,양방향미디어와서비스,False,
081180,쎄크,,117.63,503.75,537.88,592.06,,,,6.05,12.37,-30.64,,,,10.07,,,,10.07,-347.7,,,,-347.7,1년치 존재,1,,,-19.96,235.05,138987.0,104335.0,up,56.5,7200.0,4450.0,up,bull,-66414.0,-155414.0,-3511.0,10281.0,KOSDAQ,6430,567,104335,0.8,전자장비와기기,False,
053050,지에스이,,287.08,1687.6,1556.23,1700.81,,,,43.81,49.08,73.43,,,,9.29,,,,9.29,49.61,,,,49.61,1년치 존재,1,,,3.92,119.28,360610.0,73318.0,up,50.4,2065.0,1657.0,mixed,bear,11307.0,-203961.0,-3360.0,-2095.0,KOSDAQ,1891,567,73318,0.2,가스유틸리티,False,
203400,에이비온,,-46.86,12.74,7.6,8.8,,,,-312.52,-340.66,-193.72,,,,15.79,,,,15.79,43.13,,,,43.13,1년치 존재,1,,,-87.88,22.55,1562945.0,2169199.0,down,44.5,2135.0,616.0,mixed,bull,0.0,0.0,0.0,0.0,KOSDAQ,676,609,2169199,1.4,제약,False,
033230,인성정보,,-56.64,3652.41,3595.87,3427.38,,,,52.13,-47.46,-42.77,,,,-4.69,,,,-4.69,9.88,,,,9.88,1년치 존재,1,,,6.02,158.87,202193.0,110032.0,up,57.3,1216.0,854.0,up,bull,3441.0,-165373.0,313.0,313.0,KOSDAQ,1120,566,110032,0.5,IT서비스,False,
010470,오리콤,1.0,-860.36,2185.56,2148.63,2277.08,,,,121.7,120.0,89.2,,,,5.98,,,,5.98,-25.67,,,,-25.67,1년치 존재,1,7.84,,6.19,82.64,4199.0,3413.0,up,63.7,5080.0,4440.0,up,bull,1708.0,4566.0,0.0,2.0,KOSDAQ,5080,608,3413,0.8,광고,False,
037440,희림,1.0,60.51,2286.52,2409.61,2318.73,2509.0,2964.0,3140.0,73.76,152.79,91.41,95.0,133.0,135.0,-3.77,8.21,18.13,5.94,18.13,-40.17,3.93,40.0,1.5,40.0,4년치 존재,4,7.23,,8.8,137.37,147692.0,78494.0,down,42.5,4405.0,3335.0,mixed,bear,2690.0,46626.0,0.0,0.0,KOSDAQ,4055,565,78494,0.5,건설,False,
039420,케이엘넷,0.9239,-401.32,509.29,501.68,475.75,,,,83.08,99.71,104.83,,,,-5.17,,,,-5.17,5.13,,,,5.13,1년치 존재,1,6.53,,13.33,10.87,13920.0,32833.0,down,40.7,2935.0,2535.0,mixed,bear,-23685.0,-7535.0,-300.0,-1677.0,KOSDAQ,2645,607,32833,2.4,IT서비스,False,
092300,현우산업,1.0,-222.79,2373.01,2061.92,2373.55,,,,139.1,77.48,110.39,,,,15.11,,,,15.11,42.48,,,,42.48,1년치 존재,1,7.38,,13.12,74.41,80418.0,138845.0,up,65.8,2955.0,2000.0,up,bull,9955.0,-86025.0,2645.0,2645.0,KOSDAQ,2770,558,138845,1.7,전자장비와기기,False,
010240,흥국,1.0,-411.34,1493.83,1287.11,1370.24,,,,158.02,87.88,148.98,,,,6.46,,,,6.46,69.53,,,,69.53,1년치 존재,1,4.96,,13.66,17.03,10893.0,21505.0,down,36.3,5590.0,5170.0,down,bear,-9232.0,-51364.0,-19.0,-1244.0,KOSDAQ,5170,605,21505,2.0,기계,False,
088280,쏘닉스,,4.75,138.13,169.78,182.06,225.0,,,-51.65,-45.39,-66.61,,,,7.23,23.59,,,23.59,-46.75,,,,-46.75,2년치 존재,2,,,-13.79,52.03,142563.0,104351.0,up,63.9,3300.0,2160.0,up,bull,-5317.0,-132848.0,0.0,0.0,KOSDAQ,3225,558,104351,0.7,핸드셋,False,
036090,위지트,0.3249,1444.27,352.32,3574.41,4830.26,,,,36.55,138.21,258.4,,,,35.13,,,,35.13,86.96,,,,86.96,1년치 존재,1,7.74,,2.7,70.94,573975.0,201054.0,down,55.2,1466.0,1048.0,up,bull,50823.0,109056.0,0.0,0.0,KOSDAQ,1417,603,201054,0.4,디스플레이장비및부품,False,
448710,코츠테크놀로지,,223.43,513.0,649.81,681.14,,,,88.01,94.79,83.15,,,,4.82,,,,4.82,-12.28,,,,-12.28,1년치 존재,1,,,14.86,120.49,18310.0,22870.0,down,52.3,12190.0,9330.0,up,bull,-20000.0,28059.0,-741.0,-9197.0,KOSDAQ,11400,603,22870,1.2,우주항공과국방,False,
340930,성원에너텍,,326.79,385.08,596.9,600.15,,,,-101.09,-167.23,-27.13,,,,0.54,,,,0.54,83.78,,,,83.78,1년치 존재,1,,,-64.27,201.06,,,,,,,,,0.0,0.0,0.0,0.0,KOSDAQ,806,555,0,,전자장비와기기,False,
393210,토마토시스템,1.0,226.64,265.72,216.22,272.64,,,,28.25,-34.06,-23.73,,,,26.09,,,,26.09,30.33,,,,30.33,1년치 존재,1,,,0.92,127.4,2267862.0,373718.0,up,67.6,3995.0,1907.0,up,bull,4158.0,-322072.0,0.0,0.0,KOSDAQ,3550,554,373718,0.2,IT서비스,False,
025550,한국선재,0.2,1328.96,2484.48,2234.48,2194.0,,,,51.22,60.3,81.75,,,,-1.81,,,,-1.81,35.57,,,,35.57,1년치 존재,1,182.87,,-1.03,104.02,64635.0,62368.0,up,61.8,2390.0,1900.0,up,bull,97.0,-74339.0,0.0,0.0,KOSDAQ,2345,598,62368,1.0,철강,False,
263690,디알젬,1.0,-62.49,1129.17,1040.06,1027.46,,,,100.71,88.5,90.25,,,,-1.21,,,,-1.21,1.98,,,,1.98,1년치 존재,1,8.82,,13.26,34.23,8644.0,22127.0,up,69.4,5280.0,4800.0,mixed,bull,10706.0,10988.0,1579.0,4032.0,KOSDAQ,5280,598,22127,2.6,건강관리장비와용품,False,
355690,에이텀,,210.23,,385.03,704.26,,,,,-41.49,-65.41,,,,82.91,,,,82.91,-57.65,,,,-57.65,1년치 존재,1,,,-74.84,235.83,93515.0,206563.0,up,77.2,5770.0,3900.0,up,bull,29676.0,99081.0,-72858.0,-111268.0,KOSDAQ,5770,552,206563,2.2,전자장비와기기,False,
0013V0,삼진식품,1.0,84.04,,964.0,1094.98,,,,,48.45,59.56,,,,13.59,,,,13.59,22.93,,,,22.93,1년치 존재,1,10.58,,15.06,78.86,63588.0,114344.0,up,65.3,5550.0,4315.0,up,bull,-1266.0,-45375.0,0.0,-8810.0,KOSDAQ,5550,550,114344,1.8,식품,False,
215360,우리산업,0.9874,757.41,4621.51,5105.72,5320.38,,,,204.7,149.63,186.74,,,,4.2,,,,4.2,24.8,,,,24.8,1년치 존재,1,4.23,,17.75,197.49,8813.0,10587.0,up,55.7,7400.0,5740.0,mixed,bull,-2443.0,-31851.0,0.0,4.0,KOSDAQ,6500,594,10587,1.2,자동차부품,False,
064240,홈캐스트,,-417.74,636.98,614.89,979.96,,,,-101.92,13.8,-28.76,,,,59.37,,,,59.37,-308.41,,,,-308.41,1년치 존재,1,2578.26,,3.12,8.33,35352.0,72139.0,down,43.9,1895.0,1264.0,mixed,bear,13405.0,-46147.0,-68.0,508.0,KOSDAQ,1709,593,72139,2.0,전문소매,False,
109080,옵티시스,,-247.81,219.95,237.58,257.27,,,,8.31,27.05,45.14,,,,8.29,,,,8.29,66.88,,,,66.88,1년치 존재,1,,,8.54,10.56,36937.0,24010.0,up,59.9,10100.0,7070.0,up,bull,-3930.0,-8886.0,0.0,-86.0,KOSDAQ,9750,550,24010,0.7,통신장비,False,
261520,이지스,,-78.79,214.06,302.76,212.5,,,,30.05,23.88,-67.99,,,,-29.81,,,,-29.81,-384.72,,,,-384.72,1년치 존재,1,,,-18.15,31.7,64715.0,104430.0,up,65.8,5810.0,3400.0,up,bull,-8837.0,-50298.0,66064.0,235755.0,KOSDAQ,5750,591,104430,1.6,IT서비스,False,
191420,테고사이언스,1.0,-271.92,77.72,67.59,59.41,,,,-11.88,-22.3,-44.24,,,,-12.1,,,,-12.1,-98.39,,,,-98.39,1년치 존재,1,,,-25.28,75.19,4990.0,1205.0,down,47.2,8500.0,5600.0,mixed,bear,-2800.0,-17958.0,-2496.0,-3070.0,KOSDAQ,7260,589,1205,0.2,생물공학,False,
036670,삼양케이씨아이,,-431.43,1099.46,1101.85,1168.4,,,,102.72,150.22,108.94,,,,6.04,,,,6.04,-27.48,,,,-27.48,1년치 존재,1,,,7.0,16.92,8843.0,24490.0,up,48.6,5290.0,4970.0,mixed,bull,5471.0,-9817.0,4900.0,26015.0,KOSDAQ,5070,546,24490,2.8,화학,False,
039240,경남스틸,,-134.99,3903.06,3954.9,3571.39,,,,107.26,94.48,59.58,,,,-9.7,,,,-9.7,-36.94,,,,-36.94,1년치 존재,1,,,4.83,48.79,51011.0,18260.0,up,49.1,2005.0,1766.0,up,bull,-44972.0,-181796.0,0.0,0.0,KOSDAQ,1921,518,18260,0.4,철강,False,
175140,아고스,,-91.0,385.03,426.83,554.91,,,,-79.94,-65.88,-116.29,,,,30.01,,,,30.01,-76.52,,,,-76.52,1년치 존재,1,,,-35.74,47.13,22615.0,15079.0,up,47.7,2775.0,1965.0,mixed,bear,8615.0,-29278.0,-51.0,0.0,KOSDAQ,2345,585,15079,0.7,전자제품,False,
045340,토탈소프트,,-320.65,160.54,207.1,274.95,,,,36.06,51.69,93.58,,,,32.76,,,,32.76,81.04,,,,81.04,1년치 존재,1,,,28.11,39.2,15234.0,8216.0,up,52.8,6940.0,6010.0,mixed,bear,9038.0,61676.0,16269.0,43300.0,KOSDAQ,6830,585,8216,0.5,운송인프라,False,
238090,앤디포스,0.9977,47.59,488.51,524.5,504.14,,,,-28.44,19.51,48.14,,,,-3.88,,,,-3.88,146.75,,,,146.75,1년치 존재,1,10.33,,3.32,40.14,27227.0,27774.0,down,39.9,2445.0,1706.0,down,bear,-753.0,7947.0,0.0,-278.0,KOSDAQ,1775,541,27774,1.0,핸드셋,False,
019990,에너토크,1.0,-57.63,269.44,251.61,235.32,,,,-8.82,0.84,-41.05,,,,-6.47,,,,-6.47,-4986.9,,,,-4986.9,1년치 존재,1,,,-8.01,19.63,154192.0,516871.0,up,59.5,5600.0,3970.0,mixed,bull_cross,24588.0,-109616.0,18.0,53.0,KOSDAQ,5530,540,516871,3.4,기계,False,
420570,제이투케이바이오,1.0,-88.64,284.72,331.29,329.66,520.0,,,56.07,36.26,29.2,90.0,,,-0.49,57.74,,,57.74,-19.47,208.22,,,208.22,2년치 존재,2,21.59,,16.91,18.72,62022.0,67693.0,up,56.5,12000.0,7740.0,mixed,bull,7779.0,466.0,-761.0,877.0,KOSDAQ,9860,577,67693,1.1,화장품,False,
333620,엔시스,1.0,2.59,512.26,628.99,488.36,,,,18.54,104.51,-61.07,,,,-22.36,,,,-22.36,-158.43,,,,-158.43,1년치 존재,1,,,-3.55,81.81,70288.0,17900.0,up,51.0,5750.0,5000.0,down,bull,30675.0,-25393.0,-45.0,-99.0,KOSDAQ,5240,576,17900,0.3,전자장비와기기,False,
036120,서울평가정보,1.0,-270.77,343.74,380.82,412.58,,,,4.01,51.6,67.58,,,,8.34,,,,8.34,30.97,,,,30.97,1년치 존재,1,7.72,,20.71,20.34,60655.0,58093.0,down,33.1,1708.0,1465.0,mixed,bear,2612.0,-145924.0,-44957.0,29582.0,KOSDAQ,1523,535,58093,1.0,상업서비스와공급품,False,
435570,에르코스,1.0,260.41,,364.61,356.28,,,,,32.36,2.7,,,,-2.28,,,,-2.28,-91.66,,,,-91.66,1년치 존재,1,,,-3.16,102.5,2778.0,3458.0,up,49.2,7480.0,6220.0,mixed,bear,1948.0,2846.0,0.0,-70.0,KOSDAQ,7050,537,3458,1.2,식품,False,
054300,팬스타엔터프라이즈,,433.33,691.13,628.9,671.61,,,,16.28,2.85,-27.92,,,,6.79,,,,6.79,-1079.65,,,,-1079.65,1년치 존재,1,,,-1.52,66.46,209216.0,325984.0,down,32.3,1168.0,895.0,mixed,bear,65224.0,27291.0,-227836.0,-227836.0,KOSDAQ,975,573,325984,1.6,해운사,False,
457600,벡트,0.8701,132.42,688.78,646.79,445.44,559.0,721.0,945.0,40.23,-12.84,-34.29,1.0,23.0,43.0,-31.13,25.49,28.98,31.07,31.07,-167.06,102.92,2200.0,86.96,2200.0,4년치 존재,4,,,-26.47,129.64,101230.0,57347.0,down,47.8,5470.0,2310.0,mixed,bear,28819.0,17026.0,-350.0,38.0,KOSDAQ,4175,572,57347,0.6,교육서비스,True,2026-09-24
179900,유티아이,,788.1,193.61,185.6,199.72,,,,-197.32,-322.44,-483.11,,,,7.61,,,,7.61,-49.83,,,,-49.83,1년치 존재,1,,,-30.77,194.63,272296.0,217586.0,up,50.0,3910.0,1819.0,mixed,bull,92603.0,-56320.0,7856.0,-144895.0,KOSDAQ,2460,531,217586,0.8,핸드셋,False,
053160,프리엠스,1.0,-321.57,229.44,176.95,231.36,,,,-0.12,-23.46,3.88,,,,30.75,,,,30.75,116.54,,,,116.54,1년치 존재,1,59.07,,-0.3,15.92,9273.0,12874.0,down,39.8,10690.0,8090.0,mixed,bear,-1823.0,6033.0,1.0,1.0,KOSDAQ,8850,531,12874,1.4,기계,False,
053620,태양,1.0,-889.54,1570.16,1522.38,1403.52,,,,65.39,21.67,23.93,,,,-7.81,,,,-7.81,10.43,,,,10.43,1년치 존재,1,4.8,,8.39,16.71,5290.0,40699.0,up,39.3,7050.0,6360.0,mixed,bear,2024.0,2139.0,-730.0,690.0,KOSDAQ,6620,569,40699,7.7,가정용품,False,
007370,진양제약,,687.5,937.08,1133.32,1206.86,,,,86.82,117.08,25.26,,,,6.49,,,,6.49,-78.43,,,,-78.43,1년치 존재,1,,,15.81,69.23,7124.0,21399.0,up,56.3,4060.0,3615.0,up,bull_cross,-5930.0,-21803.0,0.0,-1948.0,KOSDAQ,4020,568,21399,3.0,제약,False,
105760,포스뱅크,1.0,-175.89,792.84,770.82,914.26,1218.0,1376.0,1576.0,84.3,29.83,33.84,150.0,183.0,222.0,18.61,33.22,12.97,14.53,33.22,13.44,343.26,22.0,21.31,343.26,4년치 존재,4,13.87,,14.06,36.0,18498.0,8905.0,up,57.7,5360.0,3355.0,up,bear,7568.0,-39516.0,0.0,-769.0,KOSDAQ,5140,524,8905,0.5,상업서비스와공급품,False,
163280,에어레인,,-43.77,163.44,245.0,280.76,,,,2.4,18.71,30.89,,,,14.6,,,,14.6,65.1,,,,65.1,1년치 존재,1,,,10.75,44.56,135710.0,36870.0,up,59.5,3940.0,2790.0,up,bull,-74.0,-115354.0,438.0,-4521.0,KOSDAQ,3865,526,36870,0.3,화학,False,
043710,코스리거글로벌,1.0,1489.03,225.59,175.04,356.68,,,,-75.41,-30.5,-83.32,,,,103.77,,,,103.77,-173.18,,,,-173.18,1년치 존재,1,,,-38.12,745.64,12413.0,4629.0,down,54.6,3745.0,2675.0,mixed,bull,-1759.0,-3988.0,0.0,0.0,KOSDAQ,3275,567,4629,0.4,건강관리업체및서비스,False,
950200,소마젠,,13.49,322.75,436.64,591.92,,,,-35.53,-52.3,-22.55,,,,35.56,,,,35.56,56.88,,,,56.88,1년치 존재,1,,,-10.28,93.59,83432.0,37744.0,up,40.0,4055.0,2620.0,mixed,bear,17972.0,13727.0,0.0,0.0,KOSDAQ,2945,567,37744,0.5,생명과학도구및서비스,False,
042110,에스씨디,1.0,-687.08,1939.93,2139.75,2161.37,,,,57.48,93.43,63.06,,,,1.01,,,,1.01,-32.51,,,,-32.51,1년치 존재,1,8.11,,1.61,26.68,158669.0,269368.0,up,58.0,1306.0,984.0,mixed,bull,97621.0,-157462.0,0.0,0.0,KOSDAQ,1074,519,269368,1.7,전기제품,False,
024910,경창산업,0.8226,2055.72,6672.54,6380.45,7053.4,,,,210.36,96.41,73.44,,,,10.55,,,,10.55,-23.83,,,,-23.83,1년치 존재,1,,,-11.16,286.62,34779.0,31148.0,down,49.0,1691.0,1242.0,mixed,bear,-29624.0,-146294.0,-595.0,-162.0,KOSDAQ,1523,546,31148,0.9,자동차부품,False,
226340,본느,0.272,82.35,729.1,687.13,460.13,,,,67.36,17.22,-83.3,,,,-33.04,,,,-33.04,-583.74,,,,-583.74,1년치 존재,1,,,-34.49,65.04,700293.0,444001.0,up,63.3,8060.0,1224.0,up,bull,-66632.0,-10607.0,0.0,0.0,KOSDAQ,6460,542,444001,0.6,화장품,False,
288180,케이피항공산업,1.0,141.76,345.69,496.51,539.08,,,,8.61,34.89,26.39,,,,8.57,,,,8.57,-24.36,,,,-24.36,1년치 존재,1,36.21,,-50.42,189.84,41164.0,19171.0,down,49.6,8960.0,6060.0,mixed,bull,2036.0,16302.0,0.0,0.0,KOSDAQ,7610,563,19171,0.5,우주항공과국방,False,
348150,고바이오랩,,-313.59,331.38,683.59,692.92,,,,-184.58,-69.05,-96.51,,,,1.36,,,,1.36,-39.77,,,,-39.77,1년치 존재,1,,,-15.41,102.63,22110.0,21113.0,up,49.6,3385.0,2630.0,mixed,bull,11378.0,-28851.0,0.0,0.0,KOSDAQ,2875,558,21113,1.0,건강관리업체및서비스,False,
340810,시선AI,,29.62,141.01,144.47,139.7,,,,-97.71,-104.4,-112.71,,,,-3.3,,,,-3.3,-7.96,,,,-7.96,1년치 존재,1,,,-80.9,111.78,314727.0,91460.0,down,46.7,4610.0,2235.0,mixed,bear,-48599.0,131177.0,-779.0,-164.0,KOSDAQ,3680,513,91460,0.3,소프트웨어,False,
170790,파이오링크,1.0,-354.97,590.18,582.96,656.35,758.0,824.0,,90.04,25.92,54.03,115.0,140.0,,12.59,15.49,8.71,,15.49,108.45,112.84,21.74,,112.84,3년치 존재,3,7.41,,8.18,16.43,24629.0,32385.0,up,61.0,8990.0,7360.0,up,bull,-3699.0,11696.0,-1084.0,-1549.0,KOSDAQ,8700,557,32385,1.3,통신장비,True,2026-09-03
290660,다이나믹솔루션,,-60.78,266.14,172.75,160.53,,,,-17.78,-34.07,-29.02,,,,-7.07,,,,-7.07,14.82,,,,14.82,1년치 존재,1,,,-14.14,74.88,572786.0,353521.0,down,33.2,2185.0,1273.0,down,bear,7922.0,-144751.0,29186.0,8696.0,KOSDAQ,1299,556,353521,0.6,건강관리장비와용품,False,
314140,알피바이오,,-5.2,1510.46,1239.67,1362.19,,,,66.23,-6.94,50.87,,,,9.88,,,,9.88,833.0,,,,833.0,1년치 존재,1,,,6.07,46.04,18347.0,2949.0,down,42.8,6920.0,5330.0,mixed,bear,-4040.0,-15035.0,-125.0,0.0,KOSDAQ,5840,506,2949,0.2,제약,False,
311690,CJ 바이오사이언스,,-321.75,55.75,34.67,36.93,,,,-320.57,-342.41,-247.86,,,,6.52,,,,6.52,27.61,,,,27.61,1년치 존재,1,,,-41.76,44.66,4634.0,6013.0,up,52.0,4250.0,3185.0,mixed,bull,-4732.0,-20280.0,0.0,-167.0,KOSDAQ,3880,507,6013,1.3,생명과학도구및서비스,False,
900120,씨엑스아이,1.0,-462.5,716.17,694.2,576.36,,,,71.36,188.65,97.36,,,,-16.97,,,,-16.97,-48.39,,,,-48.39,1년치 존재,1,4.35,,1.56,0.29,16540.0,7315.0,down,47.8,8095.0,3935.0,,bull,-3045.0,-3045.0,-4.0,-4.0,KOSDAQ,4885,554,7315,0.4,제약,False,
459100,위츠,0.6786,729.12,995.34,907.64,1687.22,2454.0,2830.0,3212.0,102.54,21.76,25.91,73.0,122.0,195.0,85.89,45.45,15.32,13.5,85.89,19.07,181.74,67.12,59.84,181.74,4년치 존재,4,28.59,,6.16,306.59,8526.0,10948.0,up,52.6,4610.0,3565.0,mixed,bull,5983.0,-6405.0,0.0,0.0,KOSDAQ,4110,553,10948,1.3,핸드셋,True,2026-09-23
114450,그린생명과학,,-141.11,223.69,248.61,403.4,,,,-46.43,3.77,2.04,,,,62.26,,,,62.26,-45.89,,,,-45.89,1년치 존재,1,,,18.51,32.34,336486.0,5764917.0,up,70.0,2520.0,1752.0,up,bull,-41908.0,-31667.0,2136.0,2119.0,KOSDAQ,2520,504,5764917,17.1,제약,False,
347740,피엔케이피부임상연구센타,1.0,-317.91,148.43,178.47,227.83,279.6,322.4,,13.79,25.82,39.4,58.7,72.5,,27.66,22.72,15.31,,27.66,52.59,48.98,23.51,,52.59,3년치 존재,3,10.76,,4.6,7.53,28692.0,6824.0,down,33.8,2015.0,1655.0,down,bear,-33959.0,-123120.0,-19873.0,-58943.0,KOSDAQ,1680,504,6824,0.2,생명과학도구및서비스,False,
071670,에이테크솔루션,1.0,1049.92,2685.04,2895.27,3054.9,,,,39.37,4.92,6.11,,,,5.51,,,,5.51,24.19,,,,24.19,1년치 존재,1,119.31,,-1.4,266.61,15525.0,16251.0,up,69.1,5500.0,4295.0,up,bull,19913.0,13251.0,-1.0,2.0,KOSDAQ,5500,550,16251,1.0,기계,False,
064800,포니링크,1.0,-449.92,714.64,612.98,448.91,,,,-93.31,-261.59,-211.21,,,,-26.77,,,,-26.77,19.26,,,,19.26,1년치 존재,1,3.47,,-61.02,23.72,50222.0,53239.0,down,41.1,3445.0,1867.0,down,bear,10211.0,42250.0,-50.0,-59.0,KOSDAQ,2150,550,53239,1.1,전문소매,False,
246690,TS인베스트먼트,1.0,,261.66,175.97,196.18,,,,143.01,-30.02,90.23,,,,11.48,,,,11.48,400.57,,,,400.57,1년치 존재,1,7.17,,9.28,,65354.0,50459.0,down,49.8,2315.0,1300.0,mixed,bear,-15524.0,-71196.0,83761.0,213896.0,KOSDAQ,2115,503,50459,0.8,창업투자,False,
463480,모티브링크,1.0,0.02,829.17,617.39,674.11,,,,45.2,17.22,-17.23,,,,9.19,,,,9.19,-200.06,,,,-200.06,1년치 존재,1,,,-8.05,93.39,114005.0,27642.0,down,52.2,4560.0,3300.0,down,bear,1181.0,-41555.0,0.0,0.0,KOSDAQ,4055,502,27642,0.2,자동차부품,False,
145170,노브랜드,1.0,2084.18,4591.02,5462.45,6021.68,,,,104.84,175.74,133.4,,,,10.24,,,,10.24,-24.09,,,,-24.09,1년치 존재,1,10.8,,3.3,210.41,760456.0,158226.0,up,59.9,3625.0,2545.0,up,bull,-95627.0,-234189.0,0.0,0.0,KOSDAQ,3245,549,158226,0.2,"섬유,의류,신발,호화품",False,
217480,에스디생명공학,,-170.39,469.43,344.71,300.69,,,,-136.55,-92.38,-63.25,,,,-12.77,,,,-12.77,31.53,,,,31.53,1년치 존재,1,,,-21.52,15.94,,,,,,,,,0.0,0.0,0.0,0.0,KOSDAQ,499,548,0,,화장품,False,
348080,큐라티스,,-24.42,10.3,3.74,24.57,,,,-169.32,-197.19,-103.35,,,,556.95,,,,556.95,47.59,,,,47.59,1년치 존재,1,,,-69.96,22.87,291426.0,128182.0,up,57.5,4815.0,1902.0,up,bear,2819.0,-32709.0,0.0,-5.0,KOSDAQ,3875,497,128182,0.4,생물공학,False,
060560,HC홈센타,0.8196,2049.95,4274.97,3690.39,2988.24,,,,397.2,123.12,-185.14,,,,-19.03,,,,-19.03,-250.37,,,,-250.37,1년치 존재,1,,,-21.88,149.13,6486.0,6624.0,down,48.8,2095.0,1738.0,mixed,bear,-3580.0,-11136.0,-45.0,0.0,KOSDAQ,1955,496,6624,1.0,건축자재,False,
052790,액토즈소프트,1.0,-931.09,893.63,796.47,699.28,,,,424.39,294.66,285.87,,,,-12.2,,,,-12.2,-2.98,,,,-2.98,1년치 존재,1,1.62,,20.45,23.98,90960.0,40266.0,up,62.8,4970.0,3760.0,up,bull,-1387.0,21712.0,0.0,0.0,KOSDAQ,4705,514,40266,0.4,게임엔터테인먼트,False,
061250,화일약품,,-895.91,1225.41,1197.64,1008.17,,,,20.47,7.55,-22.8,,,,-15.82,,,,-15.82,-401.99,,,,-401.99,1년치 존재,1,,,2.47,4.04,50901.0,10889.0,down,35.2,9530.0,6380.0,down,bear,3873.0,-115729.0,0.0,0.0,KOSDAQ,6450,543,10889,0.2,제약,False,
150900,파수AI,0.9783,-80.56,426.64,461.03,466.76,,,,38.15,39.0,25.36,,,,1.24,,,,1.24,-34.97,,,,-34.97,1년치 존재,1,18.63,,16.68,29.87,355978.0,234103.0,up,59.4,4550.0,3015.0,up,bull,44840.0,-137070.0,-18090.0,-14247.0,KOSDAQ,4235,496,234103,0.7,소프트웨어,False,
219550,디와이디,,98.15,,373.83,449.03,,,,,-0.5,-4.9,,,,20.12,,,,20.12,-880.0,,,,-880.0,1년치 존재,1,,,-136.29,195.91,29798.0,11763.0,up,51.2,1451.0,944.0,mixed,bull,-13161.0,7387.0,-1506.0,0.0,KOSDAQ,1197,495,11763,0.4,화장품,False,
053270,구영테크,1.0,3985.39,3574.38,3773.61,4261.81,,,,289.53,288.54,243.11,,,,12.94,,,,12.94,-15.74,,,,-15.74,1년치 존재,1,2.38,,19.01,325.1,30318.0,14071.0,down,46.0,2090.0,1653.0,mixed,bear,3273.0,-105245.0,13079.0,49275.0,KOSDAQ,1960,537,14071,0.5,자동차부품,False,
419080,엔젯,,-44.45,,62.6,54.15,,,,,-65.34,-62.8,,,,-13.5,,,,-13.5,3.89,,,,3.89,1년치 존재,1,,,-16.85,52.33,22639.0,15962.0,up,47.8,6400.0,3500.0,mixed,bull,-1230.0,-24813.0,2040.0,1422.0,KOSDAQ,4960,539,15962,0.7,디스플레이장비및부품,False,
046940,우원개발,1.0,-204.38,2525.09,3028.43,3763.49,,,,13.58,28.26,671.89,,,,24.27,,,,24.27,2277.53,,,,2277.53,1년치 존재,1,1.03,,31.37,59.27,67038.0,39781.0,up,39.8,3630.0,2590.0,down,bull,-749.0,-57957.0,0.0,0.0,KOSDAQ,2735,494,39781,0.6,건설,False,
365660,레몬헬스케어,,-188.51,60.53,148.77,159.54,,,,-53.39,1.27,-6.63,,,,7.24,,,,7.24,-622.05,,,,-622.05,1년치 존재,1,,,,47.42,962226.0,361148.0,up,27.0,9850.0,3670.0,down,bear,13678.0,70654.0,-234484.0,-251672.0,KOSDAQ,3670,494,361148,0.4,건강관리업체및서비스,False,
391710,코닉오토메이션,,-61.54,273.48,555.11,301.0,,,,18.43,0.45,-27.42,,,,-45.78,,,,-45.78,-6193.33,,,,-6193.33,1년치 존재,1,,,-24.27,112.99,809497.0,113869.0,up,50.1,1471.0,1021.0,up,bear_cross,-1293.0,-357539.0,0.0,0.0,KOSDAQ,1249,532,113869,0.1,IT서비스,False,
370090,퓨런티어,,-278.02,465.47,253.41,121.44,,,,71.62,-37.51,-71.63,,,,-52.08,,,,-52.08,-90.96,,,,-90.96,1년치 존재,1,,,-11.82,11.11,16878.0,14038.0,down,50.8,7120.0,5000.0,mixed,bull,6185.0,-11952.0,9.0,187.0,KOSDAQ,6250,535,14038,0.8,전자장비와기기,False,
063440,SM Life Design,1.0,-232.18,473.19,447.8,533.25,,,,26.85,35.26,45.76,,,,19.08,,,,19.08,29.78,,,,29.78,1년치 존재,1,8.93,,7.74,8.07,75458.0,59050.0,up,55.6,1155.0,999.0,mixed,bull,1332.0,-255769.0,71112.0,209600.0,KOSDAQ,1083,491,59050,0.8,방송과엔터테인먼트,False,
044340,위닉스,1.0,2478.93,3753.01,3511.99,3695.36,,,,65.21,-58.76,-606.72,,,,5.22,,,,5.22,-932.54,,,,-932.54,1년치 존재,1,,,-104.63,654.45,70082.0,51070.0,down,35.6,5860.0,2695.0,down,bull,18141.0,-63693.0,893.0,908.0,KOSDAQ,2740,490,51070,0.7,가정용기기와용품,False,
027050,코리아나,1.0,-102.77,860.49,824.52,736.77,,,,9.36,4.41,-43.94,,,,-10.64,,,,-10.64,-1096.37,,,,-1096.37,1년치 존재,1,,,-10.54,19.51,221348.0,110730.0,down,48.4,1579.0,1278.0,down,bull_cross,18468.0,-140011.0,-747.0,0.0,KOSDAQ,1322,529,110730,0.5,화장품,False,
317830,에스피시스템스,,-227.05,604.78,710.42,616.13,,,,-3.04,-27.98,-7.64,,,,-13.27,,,,-13.27,72.69,,,,72.69,1년치 존재,1,,,-9.44,42.69,48661.0,26598.0,up,56.0,5400.0,3815.0,mixed,bull,19046.0,-41789.0,11.0,-859.0,KOSDAQ,4905,528,26598,0.5,기계,False,
122310,제노레이,1.0,164.25,978.97,1069.82,1080.42,,,,127.57,65.09,-2.43,,,,0.99,,,,0.99,-103.73,,,,-103.73,1년치 존재,1,64.38,,3.23,70.69,6360.0,21725.0,up,49.5,3550.0,3205.0,down,bear,-22328.0,-28289.0,0.0,272.0,KOSDAQ,3355,488,21725,3.4,건강관리장비와용품,False,
053450,세코닉스,0.9599,752.77,5023.61,4627.09,4348.69,4081.0,4140.0,4283.0,161.66,144.23,30.06,53.0,114.0,131.0,-6.02,-6.16,1.45,3.45,3.45,-79.16,76.31,115.09,14.91,115.09,4년치 존재,4,10.2,,-27.98,171.55,31160.0,39380.0,up,59.7,3655.0,2950.0,mixed,bull,29755.0,-7421.0,0.0,0.0,KOSDAQ,3300,488,39380,1.3,전자장비와기기,True,2026-08-28
054930,유신,,-253.29,3410.55,3395.78,3855.02,,,,183.1,58.13,92.44,,,,13.52,,,,13.52,59.02,,,,59.02,1년치 존재,1,,,7.72,121.36,18004.0,5300.0,down,41.9,18790.0,14870.0,mixed,bear,-2991.0,-19332.0,479.0,4874.0,KOSDAQ,17440,523,5300,0.3,건설,False,
104620,노랑풍선,1.0,39.15,986.13,1319.14,1197.04,,,,66.16,-65.46,22.39,,,,-9.26,,,,-9.26,134.2,,,,134.2,1년치 존재,1,,,3.2,152.65,283533.0,39009.0,down,44.3,3360.0,2800.0,mixed,bear,30956.0,-184785.0,0.0,0.0,KOSDAQ,3100,521,39009,0.1,"호텔,레스토랑,레저",False,
321260,프로이천,1.0,-334.21,333.63,360.28,315.34,,,,14.69,11.77,27.72,,,,-12.47,,,,-12.47,135.51,,,,135.51,1년치 존재,1,12.33,,21.6,17.19,139927.0,96142.0,down,52.1,1817.0,1335.0,up,bull,25374.0,24245.0,0.0,-1426.0,KOSDAQ,1713,483,96142,0.7,디스플레이장비및부품,False,
373200,엑스플러스,,232.64,,104.27,100.77,,,,,-38.91,-51.56,,,,-3.36,,,,-3.36,-32.51,,,,-32.51,1년치 존재,1,,,-38.95,167.87,90174.0,54582.0,up,54.8,2560.0,1312.0,up,bull,5151.0,-43973.0,-27757.0,-29502.0,KOSDAQ,1920,481,54582,0.6,핸드셋,False,
015710,코콤,,-290.71,1004.88,1049.93,957.71,,,,19.11,37.28,29.99,,,,-8.78,,,,-8.78,-19.55,,,,-19.55,1년치 존재,1,,,2.68,15.74,7795.0,9473.0,up,54.3,3105.0,2430.0,mixed,bear,5518.0,1060.0,-267.0,-368.0,KOSDAQ,2950,517,9473,1.2,통신장비,False,
024950,삼천리자전거,0.5068,-751.38,1067.83,1611.67,1755.6,,,,-62.9,30.14,124.25,,,,8.93,,,,8.93,312.24,,,,312.24,1년치 존재,1,8.79,,5.68,60.38,33979.0,11618.0,down,38.4,4765.0,3100.0,mixed,bear,-15453.0,-38348.0,4760.0,25213.0,KOSDAQ,4160,516,11618,0.3,레저용장비와제품,False,
418250,시큐레터,,-8.69,21.73,14.12,11.69,,,,-58.85,-72.64,-42.87,,,,-17.21,,,,-17.21,40.98,,,,40.98,1년치 존재,1,,,-71.67,125.19,,,,,,,,,0.0,0.0,0.0,0.0,KOSDAQ,6550,476,0,,소프트웨어,False,
131400,이브이첨단소재,1.0,-186.04,627.97,819.2,589.57,,,,-57.7,25.66,-31.76,,,,-28.03,,,,-28.03,-223.77,,,,-223.77,1년치 존재,1,,,-7.62,34.5,2808703.0,203159.0,up,96.5,7960.0,597.0,up,bull,6565.0,-108995.0,-77.0,-77.0,KOSDAQ,7960,474,203159,0.1,전자장비와기기,False,
094940,푸른로보틱스,1.0,-72.04,322.9,347.71,234.76,,,,18.52,22.83,-10.13,,,,-32.48,,,,-32.48,-144.37,,,,-144.37,1년치 존재,1,,,-5.07,31.67,44201.0,22229.0,down,47.3,7770.0,4995.0,mixed,bull,32716.0,4785.0,1.0,-71.0,KOSDAQ,6130,513,22229,0.5,컴퓨터와주변기기,False,
317530,에피소드컴퍼니,,185.1,84.84,56.78,56.83,,,,-36.78,-36.11,-35.56,,,,0.09,,,,0.09,1.52,,,,1.52,1년치 존재,1,,,-39.57,136.0,19279.0,118004.0,down,41.3,3395.0,2530.0,mixed,bear,1733.0,-4529.0,209.0,209.0,KOSDAQ,2920,511,118004,6.1,양방향미디어와서비스,False,
317870,엔바이오니아,,238.38,146.55,142.24,142.79,,,,-2.05,-21.09,-62.22,,,,0.39,,,,0.39,-195.02,,,,-195.02,1년치 존재,1,,,-19.86,105.9,10477.0,9516.0,up,56.4,6220.0,3605.0,up,bull,13410.0,9849.0,0.0,0.0,KOSDAQ,5320,470,9516,0.9,가정용기기와용품,False,
440290,HB인베스트먼트,,,205.17,151.54,174.01,,,,106.06,64.95,72.58,,,,14.83,,,,14.83,11.75,,,,11.75,1년치 존재,1,,,6.46,,26917.0,15706.0,down,41.9,1789.0,1591.0,mixed,bear,-9711.0,-59956.0,2137.0,60543.0,KOSDAQ,1710,470,15706,0.6,창업투자,False,
256630,포인트엔지니어링,1.0,-183.29,261.52,310.12,359.65,,,,-89.72,-13.07,8.32,,,,15.97,,,,15.97,163.66,,,,163.66,1년치 존재,1,,,-7.4,38.66,2985.0,16548.0,up,49.4,4610.0,4075.0,mixed,bear,-1114.0,388.0,0.0,-106.0,KOSDAQ,4360,506,16548,5.5,디스플레이장비및부품,False,
393970,대진첨단소재,1.0,620.77,646.46,889.93,845.13,,,,9.87,59.89,-203.62,,,,-5.03,,,,-5.03,-439.99,,,,-439.99,1년치 존재,1,,,-48.11,151.56,,,,,,,,,0.0,0.0,0.0,0.0,KOSDAQ,2825,504,0,,전기제품,False,
023440,제이스코홀딩스,,378.16,553.49,283.68,410.58,,,,-83.61,-146.86,-84.78,,,,44.73,,,,44.73,42.27,,,,42.27,1년치 존재,1,,,-42.24,109.44,,,,,,,,,0.0,0.0,0.0,0.0,KOSDAQ,521,470,0,,철강,False,
277070,린드먼아시아,1.0,,96.68,90.94,74.32,,,,34.0,42.1,36.03,,,,-18.28,,,,-18.28,-14.42,,,,-14.42,1년치 존재,1,15.72,,1.2,,7415.0,1081.0,up,55.1,3600.0,2865.0,up,bull,-15440.0,-26889.0,28416.0,73058.0,KOSDAQ,3430,470,1081,0.1,창업투자,False,
317850,대모,1.0,66.24,444.11,413.19,407.31,,,,-3.78,1.17,19.1,,,,-1.42,,,,-1.42,1532.48,,,,1532.48,1년치 존재,1,26.61,,4.71,36.52,288134.0,63581.0,down,48.5,6390.0,4880.0,up,bear,-16062.0,-107512.0,44.0,76.0,KOSDAQ,6050,504,63581,0.2,기계,False,
459550,알트,1.0,-356.25,,1276.12,1129.48,,,,,153.04,89.67,,,,-11.49,,,,-11.49,-41.41,,,,-41.41,1년치 존재,1,9.91,,-3.14,33.03,3543443.0,293641.0,up,42.9,2705.0,1013.0,mixed,bear,-206533.0,-266481.0,0.0,-41556.0,KOSDAQ,1996,503,293641,0.1,핸드셋,False,
384470,코어라인소프트,,-62.42,41.01,39.29,42.84,,,,-116.56,-137.79,-134.45,,,,9.04,,,,9.04,2.42,,,,2.42,1년치 존재,1,,,-73.94,129.19,55970.0,31484.0,up,47.3,3040.0,2310.0,mixed,bull,4402.0,73507.0,0.0,-50000.0,KOSDAQ,2585,464,31484,0.6,건강관리기술,False,
222420,쎄노텍,,308.52,311.11,315.49,356.38,,,,-10.56,9.55,31.7,,,,12.96,,,,12.96,231.94,,,,231.94,1년치 존재,1,,,9.81,90.73,255278.0,80816.0,down,54.6,1010.0,752.0,up,bull,-31342.0,-155241.0,-2947.0,-7400.0,KOSDAQ,958,464,80816,0.3,화학,False,
217500,러셀,1.0,-141.42,447.11,374.81,270.7,,,,18.72,20.44,-51.73,,,,-27.78,,,,-27.78,-353.08,,,,-353.08,1년치 존재,1,,,0.66,38.84,56912.0,91097.0,up,52.5,1705.0,1283.0,up,bull,37910.0,33188.0,-629.0,-2582.0,KOSDAQ,1571,500,91097,1.6,반도체와반도체장비,False,
088910,동우팜투테이블,1.0,-428.19,3491.64,3031.2,3254.58,,,,211.27,-43.1,131.51,,,,7.37,,,,7.37,405.13,,,,405.13,1년치 존재,1,1.76,,13.58,15.06,44392.0,184432.0,down,28.3,2215.0,1940.0,down,bear,-7049.0,-112467.0,-19198.0,-8817.0,KOSDAQ,1940,499,184432,4.2,식품,False,
479960,위너스일렉,,-142.52,276.36,263.57,312.47,,,,34.57,29.25,52.71,,,,18.55,,,,18.55,80.21,,,,80.21,1년치 존재,1,,,10.45,21.36,12916.0,19420.0,up,66.2,6570.0,4820.0,up,bull,-23888.0,-37091.0,0.0,0.0,KOSDAQ,6490,462,19420,1.5,전기장비,False,
094970,제이엠티,0.8969,-662.47,1227.37,1640.2,2002.25,,,,148.27,52.84,131.41,,,,22.07,,,,22.07,148.69,,,,148.69,1년치 존재,1,3.23,,14.13,41.17,67051.0,47343.0,up,50.8,3225.0,2350.0,mixed,bull,-285.0,-68034.0,25699.0,33251.0,KOSDAQ,2755,461,47343,0.7,디스플레이장비및부품,False,
032960,동일기연,0.9911,-402.21,252.35,241.1,215.51,,,,4.23,1.92,-0.62,,,,-10.61,,,,-10.61,-132.29,,,,-132.29,1년치 존재,1,7.65,,15.42,6.65,43791.0,64953.0,up,69.6,2875.0,1877.0,up,bull,132.0,2423.0,-983.0,22963.0,KOSDAQ,2820,496,64953,1.5,전자장비와기기,False,
232830,아이티센피엔에스,,382.69,162.19,1044.23,2695.51,,,,-12.83,-15.7,-3.03,,,,158.13,,,,158.13,80.7,,,,80.7,1년치 존재,1,,,-30.53,540.04,1148904.0,326282.0,up,59.9,3480.0,1268.0,up,bull,-32506.0,-185522.0,0.0,0.0,KOSDAQ,3000,496,326282,0.3,IT서비스,False,
471820,셀로맥스사이언스,1.0,-91.18,,216.3,221.84,,,,,55.01,28.35,,,,2.56,,,,2.56,-48.46,,,,-48.46,1년치 존재,1,15.54,,6.77,7.72,4833.0,2225.0,up,50.1,4415.0,3715.0,mixed,bull,250.0,-1275.0,0.0,-572.0,KOSDAQ,4080,461,2225,0.5,제약,False,
189980,흥국에프엔비,0.9725,1143.9,1011.21,1026.24,993.78,,,,102.59,107.42,85.32,,,,-3.16,,,,-3.16,-20.57,,,,-20.57,1년치 존재,1,5.92,,4.5,137.76,36681.0,24910.0,down,45.0,1195.0,1029.0,mixed,bear,-31591.0,-256787.0,0.0,0.0,KOSDAQ,1147,460,24910,0.7,음료,False,
038010,제일테크노스,0.9717,-426.46,2429.01,1839.26,1335.79,,,,351.83,206.89,71.42,,,,-27.37,,,,-27.37,-65.48,,,,-65.48,1년치 존재,1,4.98,,9.06,29.88,12971.0,5090.0,up,56.3,5800.0,5000.0,mixed,bull,3958.0,-13564.0,-1201.0,22.0,KOSDAQ,5500,495,5090,0.4,조선,False,
376290,씨유테크,1.0,-638.71,1729.29,2841.71,2165.13,,,,21.72,114.94,54.2,,,,-23.81,,,,-23.81,-52.84,,,,-52.84,1년치 존재,1,36.22,,9.34,26.27,6443.0,4962.0,down,48.2,2985.0,2275.0,up,bear,-3.0,24031.0,0.0,-893.0,KOSDAQ,2800,494,4962,0.8,핸드셋,False,
453860,에이에스텍,,295.11,473.39,425.72,245.6,,,,91.68,87.01,-1.1,,,,-42.31,,,,-42.31,-101.26,,,,-101.26,1년치 존재,1,,,-10.82,70.18,14941.0,24182.0,down,16.8,10110.0,7110.0,down,bear,-401.0,-8608.0,-1273.0,-5312.0,KOSDAQ,7110,458,24182,1.6,화장품,False,
051390,YW,1.0,-261.55,369.86,165.36,165.38,,,,64.75,54.36,57.77,,,,0.01,,,,0.01,6.27,,,,6.27,1년치 존재,1,9.0,,5.88,15.92,4402.0,23028.0,up,51.2,4240.0,3700.0,mixed,bear,2268.0,3306.0,18861.0,19161.0,KOSDAQ,4025,457,23028,5.2,판매업체,False,
900340,윙입푸드,1.0,-1092.8,1748.85,1969.03,1921.83,,,,242.78,203.61,149.3,,,,-2.4,,,,-2.4,-26.67,,,,-26.67,1년치 존재,1,4.45,,3.39,25.11,225189.0,62894.0,up,52.2,2020.0,973.0,down,bull,232661.0,158278.0,-473.0,0.0,KOSDAQ,1385,493,62894,0.3,식품,False,
408470,한패스,1.0,-362.09,,552.97,664.48,,,,,51.78,82.29,,,,20.17,,,,20.17,58.92,,,,58.92,1년치 존재,1,7.43,,94.2,146.62,33917.0,24861.0,down,38.3,5840.0,4560.0,down,bear,-13027.0,-49209.0,-26738.0,-85086.0,KOSDAQ,4645,491,24861,0.7,IT서비스,False,
014190,원익큐브,1.0,25.68,2443.76,2868.05,2847.61,,,,56.01,35.65,33.09,,,,-0.71,,,,-0.71,-7.18,,,,-7.18,1년치 존재,1,16.19,,5.79,40.95,105709.0,73637.0,up,49.3,1365.0,999.0,up,bear,-78426.0,-125966.0,641.0,639.0,KOSDAQ,1283,454,73637,0.7,화학,False,
178780,일월지엠엘,1.0,-205.65,285.84,393.3,339.06,,,,-3.73,43.32,20.37,,,,-13.79,,,,-13.79,-52.98,,,,-52.98,1년치 존재,1,8.55,,11.9,13.95,19777.0,5774.0,up,48.9,2660.0,2140.0,mixed,bear,-3121.0,-19813.0,996.0,53.0,KOSDAQ,2425,452,5774,0.3,전문소매,False,
065130,탑엔지니어링,0.5681,256.78,9593.8,8154.19,7984.98,,,,219.06,-74.69,-352.19,,,,-2.08,,,,-2.08,-371.54,,,,-371.54,1년치 존재,1,,,-5.79,64.18,32113.0,64587.0,up,61.9,3170.0,2380.0,mixed,bull,17203.0,28314.0,-18713.0,-99825.0,KOSDAQ,3055,489,64587,2.0,핸드셋,False,
0010V0,제이피아이헬스케어,1.0,-216.58,,450.53,484.67,,,,,39.38,48.59,,,,7.58,,,,7.58,23.39,,,,23.39,1년치 존재,1,8.56,,12.93,26.98,3925.0,8831.0,down,50.4,9580.0,7240.0,up,bull,3544.0,1046.0,-243.0,-248.0,KOSDAQ,8820,450,8831,2.2,건강관리장비와용품,False,
189860,서전기전,,-1.65,432.69,633.36,681.07,,,,-34.59,6.12,-88.0,,,,7.53,,,,7.53,-1537.91,,,,-1537.91,1년치 존재,1,,,37.89,56.63,703168.0,136257.0,down,53.2,5750.0,3405.0,mixed,bear,41593.0,-156803.0,0.0,6939.0,KOSDAQ,5040,489,136257,0.2,전기장비,False,
083550,케이엠,1.0,112.16,1277.79,1311.42,1354.14,,,,-77.42,-34.32,-3.93,,,,3.26,,,,3.26,88.55,,,,88.55,1년치 존재,1,10.7,,3.61,38.14,13694.0,57659.0,down,53.8,3425.0,2285.0,up,bear,9072.0,-12765.0,0.0,0.0,KOSDAQ,3315,449,57659,4.2,"섬유,의류,신발,호화품",False,
382150,온코크로스,,-162.29,0.92,10.72,3.7,,,,-68.1,-69.65,-88.28,,,,-65.49,,,,-65.49,-26.75,,,,-26.75,1년치 존재,1,,,-42.57,138.33,125077.0,30301.0,up,56.0,3970.0,2685.0,up,bull,-10553.0,-9635.0,1564.0,1653.0,KOSDAQ,3735,487,30301,0.2,생명과학도구및서비스,False,
452400,이닉스,1.0,-244.48,1188.9,1045.18,1225.88,,,,107.86,-15.35,-10.01,,,,17.29,,,,17.29,34.79,,,,34.79,1년치 존재,1,197.17,,0.6,15.89,10704.0,3204.0,down,36.9,6240.0,5250.0,down,bear,4259.0,-10179.0,0.0,-168.0,KOSDAQ,5370,487,3204,0.3,전기제품,False,
373160,데이원컴퍼니,1.0,-150.09,1165.9,1276.8,1238.6,,,,11.22,-2.87,45.72,,,,-2.99,,,,-2.99,1693.03,,,,1693.03,1년치 존재,1,9.45,,7.98,118.12,5759.0,3233.0,down,58.9,3470.0,2695.0,up,bull,-1764.0,3681.0,0.0,0.0,KOSDAQ,3300,448,3233,0.6,교육서비스,False,
072470,우리산업홀딩스,0.5794,866.49,5752.74,6452.59,7050.03,,,,212.63,150.26,342.4,,,,9.26,,,,9.26,127.87,,,,127.87,1년치 존재,1,4.08,,8.6,171.23,6870.0,2431.0,down,47.1,2675.0,2200.0,down,bull,2525.0,-5040.0,0.0,0.0,KOSDAQ,2370,448,2431,0.4,자동차부품,False,
476040,오가노이드사이언스,,-175.36,15.91,19.53,24.07,,,,-97.95,-122.35,-162.0,,,,23.25,,,,23.25,-32.41,,,,-32.41,1년치 존재,1,,,-61.46,105.1,24207.0,17713.0,up,58.1,8750.0,6310.0,mixed,bull,15655.0,-2236.0,0.0,-13789.0,KOSDAQ,7300,481,17713,0.7,생물공학,False,
317690,퀀타매트릭스,,-242.37,31.18,24.97,36.88,,,,-224.48,-161.48,-155.56,,,,47.7,,,,47.7,3.67,,,,3.67,1년치 존재,1,,,-96.89,34.65,54364.0,76552.0,up,54.1,2885.0,1988.0,mixed,bull,29308.0,80074.0,0.0,-175362.0,KOSDAQ,2380,479,76552,1.4,생명과학도구및서비스,False,
066130,하츠,,-100.69,1546.23,1865.5,1769.39,,,,62.82,107.13,103.54,,,,-5.15,,,,-5.15,-3.35,,,,-3.35,1년치 존재,1,,,6.49,35.27,11465.0,14347.0,up,55.5,3825.0,3145.0,up,bull,656.0,-14214.0,179.0,7901.0,KOSDAQ,3485,446,14347,1.3,가정용기기와용품,False,
033340,좋은사람들,1.0,183.29,825.68,901.84,725.99,,,,12.88,12.97,-60.84,,,,-19.5,,,,-19.5,-569.08,,,,-569.08,1년치 존재,1,,,-26.19,66.27,16398612.0,20583738.0,up,48.3,931.0,282.0,mixed,bull,0.0,-518460.0,0.0,0.0,KOSDAQ,460,446,20583738,1.3,"섬유,의류,신발,호화품",False,
196300,HLB펩,,-69.95,56.11,62.29,49.62,,,,-67.17,-54.4,-73.2,,,,-20.34,,,,-20.34,-34.56,,,,-34.56,1년치 존재,1,,,-13.38,115.87,52739.0,40380.0,up,59.7,5590.0,3715.0,up,bull,23739.0,8733.0,0.0,0.0,KOSDAQ,4990,474,40380,0.8,생물공학,False,
129890,앱코,1.0,266.99,,933.68,834.28,,,,,48.19,31.77,,,,-10.65,,,,-10.65,-34.07,,,,-34.07,1년치 존재,1,6.9,,9.5,72.53,82191.0,76756.0,up,54.0,1036.0,882.0,down,bull_cross,-12395.0,-148427.0,136070.0,256071.0,KOSDAQ,970,442,76756,0.9,컴퓨터와주변기기,False,
199550,레이저옵텍,1.0,-58.24,343.52,330.38,256.95,,,,44.81,-1.96,-120.45,,,,-22.23,,,,-22.23,-6045.41,,,,-6045.41,1년치 존재,1,,,-24.74,54.16,21760.0,14935.0,up,50.2,3555.0,2255.0,mixed,bear,-4425.0,-68564.0,0.0,-752.0,KOSDAQ,3175,471,14935,0.7,건강관리장비와용품,False,
288330,파라택시스코리아,,19.92,1.0,0.02,0.09,,,,-403.49,-190.08,-151.54,,,,350.0,,,,350.0,20.28,,,,20.28,1년치 존재,1,,,-79.67,59.13,,,,,,,,,0.0,0.0,0.0,0.0,KOSDAQ,416,441,0,,제약,False,
460470,아이빔테크놀로지,,-129.14,44.95,35.64,43.76,,,,-29.05,-43.09,-41.53,,,,22.78,,,,22.78,3.62,,,,3.62,1년치 존재,1,,,-9.76,9.75,23874.0,17678.0,up,63.4,3180.0,2530.0,mixed,bull,3901.0,2835.0,0.0,0.0,KOSDAQ,3110,470,17678,0.7,생명과학도구및서비스,False,
227950,엔투텍,1.0,0.92,130.55,136.14,287.64,,,,-33.15,-35.22,94.39,,,,111.28,,,,111.28,368.0,,,,368.0,1년치 존재,1,2.3,,8.18,16.36,97426.0,48627.0,up,48.1,1925.0,1000.0,up,bull,-46917.0,36539.0,18.0,-12.0,KOSDAQ,1265,437,48627,0.5,반도체와반도체장비,False,
059100,아이컴포넌트,,-139.48,273.49,370.99,346.49,,,,-21.5,25.97,60.4,,,,-6.6,,,,-6.6,132.58,,,,132.58,1년치 존재,1,,,22.95,31.27,25993.0,22560.0,down,52.9,6970.0,4410.0,up,bear,6322.0,-12877.0,9165.0,9100.0,KOSDAQ,6650,470,22560,0.9,디스플레이장비및부품,False,
184230,SGA솔루션즈,1.0,264.98,461.24,429.24,616.36,,,,11.79,-41.07,148.24,,,,43.59,,,,43.59,460.94,,,,460.94,1년치 존재,1,2.45,,41.84,212.23,310294.0,400285.0,up,60.8,2370.0,1636.0,up,bull,24294.0,-198733.0,0.0,5692.0,KOSDAQ,2280,429,400285,1.3,소프트웨어,False,
143540,영우디에스피,1.0,-143.18,478.15,590.66,805.04,1000.0,,,-110.93,-49.74,59.07,100.0,,,36.29,24.22,,,36.29,218.76,69.29,,,218.76,2년치 존재,2,8.46,,33.68,86.51,79537.0,189021.0,up,57.7,1118.0,910.0,mixed,bull,27998.0,-24247.0,1600.0,1600.0,KOSDAQ,1053,470,189021,2.4,디스플레이장비및부품,False,
361570,알비더블유,,279.3,914.34,625.2,464.77,,,,-22.48,-122.08,1.69,,,,-25.66,,,,-25.66,101.38,,,,101.38,1년치 존재,1,,,6.65,183.52,88954.0,1081.0,down,48.8,1799.0,1304.0,mixed,bear,51.0,15647.0,-4343.0,-31625.0,KOSDAQ,1615,464,1081,0.0,방송과엔터테인먼트,False,
413640,비아이매트릭스,1.0,-193.64,,308.66,314.48,,,,,20.27,8.66,,,,1.89,,,,1.89,-57.28,,,,-57.28,1년치 존재,1,17.88,,7.64,52.95,12532.0,7422.0,up,51.4,6620.0,5500.0,mixed,bull,-9772.0,-23324.0,0.0,-2916.0,KOSDAQ,5940,428,7422,0.6,IT서비스,False,
086060,진바이오텍,1.0,-99.88,794.77,829.59,907.89,,,,39.53,38.44,39.22,,,,9.44,,,,9.44,2.03,,,,2.03,1년치 존재,1,11.3,,6.71,42.7,12578.0,13615.0,up,58.1,5160.0,4550.0,mixed,bull,-3203.0,-41367.0,0.0,0.0,KOSDAQ,4970,428,13615,1.1,제약,False,
022220,티케이지애강,,420.38,,584.05,647.31,,,,,-36.87,-108.35,,,,10.83,,,,10.83,-193.87,,,,-193.87,1년치 존재,1,,,-14.8,77.21,77454.0,7682.0,up,53.6,895.0,510.0,mixed,bear,-1259.0,-110672.0,0.0,173992.0,KOSDAQ,823,426,7682,0.1,건축제품,False,
073110,엘엠에스,,614.94,757.64,677.1,695.74,,,,-86.03,-36.7,-96.21,,,,2.75,,,,2.75,-162.15,,,,-162.15,1년치 존재,1,,,4.27,120.95,2418.0,3232.0,up,52.6,5400.0,4505.0,up,bull,46.0,-5193.0,0.0,-471.0,KOSDAQ,5200,463,3232,1.3,디스플레이장비및부품,False,
037950,엘컴텍,1.0,-88.78,566.36,573.85,462.91,,,,21.26,35.55,22.17,,,,-19.33,,,,-19.33,-37.64,,,,-37.64,1년치 존재,1,18.71,,6.24,20.89,22449.0,12672.0,up,45.9,3125.0,2550.0,down,bull,2778.0,-20738.0,-69.0,0.0,KOSDAQ,2740,463,12672,0.6,전자장비와기기,False,
256150,한독크린텍,,-129.41,650.7,682.43,694.44,,,,52.08,34.96,28.17,,,,1.76,,,,1.76,-19.42,,,,-19.42,1년치 존재,1,,,7.97,13.45,3931.0,1315.0,up,69.2,5060.0,4405.0,up,bull,-705.0,-2277.0,0.0,0.0,KOSDAQ,5060,425,1315,0.3,가정용기기와용품,False,
260930,씨티케이,1.0,756.43,889.16,835.99,892.3,1083.0,1232.0,,27.4,1.35,-56.66,-22.0,25.0,,6.74,21.37,13.76,,21.37,-4297.04,61.17,213.64,,213.64,3년치 존재,3,,,-9.68,91.24,23085.0,24709.0,up,47.7,2850.0,2260.0,down,bull,6462.0,-45153.0,0.0,0.0,KOSDAQ,2385,461,24709,1.1,화장품,False,
053980,오상자이엘,1.0,-485.48,1032.86,1169.19,1363.52,,,,63.44,79.7,110.01,,,,16.62,,,,16.62,38.03,,,,38.03,1년치 존재,1,4.45,,10.61,43.8,37230.0,55572.0,down,49.0,2630.0,2325.0,mixed,bull,-422.0,-58125.0,0.0,0.0,KOSDAQ,2430,461,55572,1.5,소프트웨어,False,
199480,뱅크웨어글로벌,,-125.77,729.14,502.01,634.48,,,,-45.56,-149.34,-43.81,,,,26.39,,,,26.39,70.66,,,,70.66,1년치 존재,1,,,-1.63,155.6,17912.0,35018.0,down,59.7,4205.0,2200.0,up,bear,5195.0,-2304.0,0.0,0.0,KOSDAQ,4135,422,35018,2.0,IT서비스,False,
263700,케어랩스,0.9829,-224.68,818.27,831.87,816.94,,,,-115.99,-44.62,-28.77,,,,-1.79,,,,-1.79,35.52,,,,35.52,1년치 존재,1,2.2,,-10.46,35.73,27568.0,9039.0,up,56.5,2380.0,1613.0,up,bull,-10174.0,-62839.0,7010.0,7051.0,KOSDAQ,2170,421,9039,0.3,건강관리업체및서비스,False,
072990,에이치시티,1.0,575.06,741.11,944.05,1075.27,,,,80.12,112.06,82.73,,,,13.9,,,,13.9,-26.17,,,,-26.17,1년치 존재,1,7.31,,0.93,98.31,89609.0,12341.0,up,54.3,3500.0,2955.0,mixed,bull,-11784.0,-138553.0,0.0,0.0,KOSDAQ,3170,460,12341,0.1,전자장비와기기,False,
229000,젠큐릭스,,107.69,26.0,51.34,75.48,,,,-111.59,-85.29,-65.68,,,,47.02,,,,47.02,22.99,,,,22.99,1년치 존재,1,,,-62.36,147.29,292017.0,166331.0,up,55.2,2350.0,1400.0,up,bull,0.0,-28177.0,0.0,-230.0,KOSDAQ,1957,458,166331,0.6,건강관리장비와용품,False,
450330,하스,1.0,-77.78,160.39,161.65,165.91,,,,16.14,12.38,9.03,,,,2.64,,,,2.64,-27.06,,,,-27.06,1년치 존재,1,26.94,,-0.36,21.37,7259.0,7088.0,down,54.0,5300.0,3790.0,mixed,bear,-3774.0,-10711.0,5370.0,28700.0,KOSDAQ,5090,417,7088,1.0,건강관리장비와용품,False,
049830,승일,,-327.9,1419.48,1444.33,1415.48,,,,5.98,22.85,22.76,,,,-2.0,,,,-2.0,-0.39,,,,-0.39,1년치 존재,1,,,2.1,24.95,784.0,152.0,up,63.5,6790.0,6200.0,up,bull,-83.0,324.0,9.0,9.0,KOSDAQ,6790,416,152,0.2,포장재,False,
340360,다보링크,,102.23,,659.21,632.02,,,,,-16.51,-19.01,,,,-4.12,,,,-4.12,-15.14,,,,-15.14,1년치 존재,1,,,-62.12,240.91,163141.0,130806.0,down,36.4,1015.0,631.0,mixed,bear,-7795.0,2435.0,0.0,0.0,KOSDAQ,850,456,130806,0.8,통신장비,False,
068330,일신바이오,,-474.24,164.37,108.18,145.3,,,,62.14,22.62,45.46,,,,34.31,,,,34.31,100.97,,,,100.97,1년치 존재,1,,,9.34,10.02,65617.0,34817.0,down,45.5,1139.0,863.0,mixed,bear,5846.0,-78862.0,-5.0,-1.0,KOSDAQ,1030,455,34817,0.5,생명과학도구및서비스,False,
190650,코리아에셋투자증권,,,,2172.58,2514.14,2618.87,,,,78.75,102.5,91.45,,,15.72,4.17,,,15.72,30.16,-10.78,,,30.16,2년치 존재,2,,,9.3,939.96,3961.0,1987.0,up,40.2,6890.0,6400.0,down,bear,-1646.0,-6078.0,0.0,0.0,KOSDAQ,6480,414,1987,0.5,증권,False,
263770,유에스티,,-174.83,991.43,732.02,579.67,,,,140.64,67.24,23.32,,,,-20.81,,,,-20.81,-65.32,,,,-65.32,1년치 존재,1,,,4.52,10.44,7907.0,5465.0,up,69.4,1746.0,1395.0,up,bull,-13666.0,-22350.0,0.0,0.0,KOSDAQ,1746,414,5465,0.7,철강,False,
159580,제로투세븐,1.0,-48.65,694.13,668.94,709.55,784.0,894.0,,23.24,15.26,25.16,71.0,91.0,,6.07,10.49,14.03,,14.03,64.88,182.19,28.17,,182.19,3년치 존재,3,13.1,,5.47,12.82,37407.0,276291.0,up,61.6,2275.0,1881.0,mixed,bull_cross,15755.0,-19026.0,16999.0,16999.0,KOSDAQ,2255,452,276291,7.4,화장품,False,
198080,캐프,1.0,-278.87,2356.57,3148.6,2952.01,,,,59.17,199.54,242.73,,,,-6.24,,,,-6.24,21.64,,,,21.64,1년치 존재,1,2.32,,15.67,69.09,38700.0,76157.0,down,39.9,2400.0,1998.0,down,bear,-20328.0,-51562.0,-13397.0,27075.0,KOSDAQ,2095,451,76157,2.0,핸드셋,False,
056700,신화인터텍,1.0,274.7,1774.53,2474.44,2291.36,,,,-155.43,58.09,90.96,,,,-7.4,,,,-7.4,56.58,,,,56.58,1년치 존재,1,12.23,,-0.09,62.65,40119.0,38788.0,up,39.8,1530.0,1406.0,down,bull,-1267.0,-114605.0,-707.0,0.0,KOSDAQ,1409,411,38788,1.0,디스플레이장비및부품,False,
263810,상신전자,1.0,87.51,1097.04,1249.72,1291.4,,,,15.44,21.28,25.63,,,,3.34,,,,3.34,20.44,,,,20.44,1년치 존재,1,23.64,,3.9,72.72,25615.0,50690.0,down,50.6,2645.0,2380.0,up,bull,9122.0,30862.0,-79.0,-79.0,KOSDAQ,2575,410,50690,2.0,전자장비와기기,False,
042040,케이피엠테크,,329.51,455.01,286.44,769.24,,,,-144.6,-45.62,-171.54,,,,168.55,,,,168.55,-276.02,,,,-276.02,1년치 존재,1,,,-53.93,125.43,6509.0,8007.0,up,59.6,5750.0,3780.0,up,bull,1616.0,-63.0,261.0,5718.0,KOSDAQ,5180,449,8007,1.2,화학,False,
258610,케일럼,1.0,39.82,845.47,973.31,816.98,,,,-44.09,27.75,-8.13,,,,-16.06,,,,-16.06,-129.3,,,,-129.3,1년치 존재,1,,,1.18,65.94,21761.0,19501.0,down,59.6,1230.0,949.0,up,bear,-17784.0,-58241.0,0.0,0.0,KOSDAQ,1230,449,19501,0.9,핸드셋,False,
286750,나노실리칸첨단소재,1.0,3.28,64.59,52.79,59.77,,,,-24.82,-34.4,-65.81,,,,13.22,,,,13.22,-91.31,,,,-91.31,1년치 존재,1,,,-42.58,93.05,81869.0,4422.0,up,39.9,3868.0,2485.0,down,bull,-6092.0,428653.0,0.0,-1027.0,KOSDAQ,2535,406,4422,0.1,화학,False,
066900,디에이피,,2336.98,4034.92,4888.47,5431.96,,,,-130.64,-303.97,-578.19,,,,11.12,,,,11.12,-90.21,,,,-90.21,1년치 존재,1,,,-145.63,700.08,8381.0,4077.0,down,54.0,1853.0,1620.0,mixed,bull,690.0,-22.0,0.0,0.0,KOSDAQ,1784,406,4077,0.5,전자장비와기기,False,
050120,ES큐브,1.0,-24.78,633.34,161.72,139.32,,,,107.9,-37.43,-128.34,,,,-13.85,,,,-13.85,-242.88,,,,-242.88,1년치 존재,1,,,5.38,16.95,5845.0,1646.0,down,51.8,3710.0,2835.0,up,bull,-6.0,-6347.0,0.0,0.0,KOSDAQ,3300,448,1646,0.3,레저용장비와제품,False,
466410,사이냅소프트,,-346.01,127.24,132.53,134.72,,,,64.33,50.74,46.74,,,,1.65,,,,1.65,-7.88,,,,-7.88,1년치 존재,1,,,8.16,3.51,3910.0,3911.0,up,55.2,9090.0,7410.0,up,bull,-1686.0,4070.0,-432.0,-255.0,KOSDAQ,8880,447,3911,1.0,소프트웨어,False,
215380,콜마바이오텍,,197.3,386.16,432.0,375.87,,,,-44.6,17.85,-39.04,,,,-12.99,,,,-12.99,-318.71,,,,-318.71,1년치 존재,1,,,4.77,273.46,75685.0,1017020.0,up,61.7,2610.0,2100.0,mixed,bull,-14913.0,-5439.0,0.0,0.0,KOSDAQ,2395,403,1017020,13.4,생명과학도구및서비스,False,
027830,대성창투,,,123.63,200.88,92.52,,,,20.53,102.38,7.97,,,,-53.94,,,,-53.94,-92.22,,,,-92.22,1년치 존재,1,,,5.42,,175382.0,78592.0,down,33.3,1045.0,666.0,down,bear,247350.0,213557.0,0.0,0.0,KOSDAQ,742,401,78592,0.4,창업투자,False,
900250,크리스탈신소재,0.8251,-3330.26,636.51,632.24,698.62,,,,163.02,137.33,107.16,,,,10.5,,,,10.5,-21.97,,,,-21.97,1년치 존재,1,,,-1.39,3.93,78369.0,38497.0,down,55.3,1389.0,908.0,up,bull,27704.0,74694.0,0.0,-1781.0,KOSDAQ,1240,444,38497,0.5,비철금속,False,
469750,아이비젼웍스,,-86.11,232.42,351.7,230.01,,,,27.71,23.85,-3.91,,,,-34.6,,,,-34.6,-116.39,,,,-116.39,1년치 존재,1,,,2.67,27.83,79852.0,133363.0,up,69.3,6020.0,2675.0,up,bull,-21597.0,66859.0,-4.0,-4.0,KOSDAQ,5800,400,133363,1.7,전기제품,False,
082850,우리바이오,0.5765,50.77,12639.44,12371.98,10439.62,,,,259.96,152.05,9.52,,,,-15.62,,,,-15.62,-93.74,,,,-93.74,1년치 존재,1,,,1.71,231.57,103333.0,15091.0,down,44.8,6515.0,4295.0,down,bull,8647.0,-33740.0,0.0,-1578.0,KOSDAQ,4580,444,15091,0.1,디스플레이장비및부품,False,
203450,유니온바이오메트릭스,1.0,57.79,513.83,567.46,513.24,,,,15.68,28.42,10.21,,,,-9.55,,,,-9.55,-64.07,,,,-64.07,1년치 존재,1,19.74,,3.04,61.06,77863.0,176776.0,up,61.7,2940.0,2310.0,up,bull,3788.0,-18422.0,0.0,-9704.0,KOSDAQ,2820,397,176776,2.3,전자장비와기기,False,
065440,이루온,1.0,-170.55,560.34,685.19,615.61,,,,30.35,30.97,15.35,,,,-10.15,,,,-10.15,-50.44,,,,-50.44,1년치 존재,1,27.27,,-1.72,61.5,655331.0,415004.0,up,62.6,1664.0,1236.0,up,bull,-657664.0,-957952.0,1.0,7259.0,KOSDAQ,1611,439,415004,0.6,IT서비스,False,
223310,사토시홀딩스,,171.57,194.84,217.44,188.96,,,,-3.59,-32.21,-74.77,,,,-13.1,,,,-13.1,-132.13,,,,-132.13,1년치 존재,1,,,-303.3,1063.72,130325.0,18756.0,down,42.7,4720.0,2600.0,down,bull,-2330.0,15756.0,0.0,0.0,KOSDAQ,2905,396,18756,0.1,식품과기본식료품소매,False,
290670,대보마그네틱,,64.57,400.0,283.94,261.47,,,,1.27,-97.97,-104.43,,,,-7.91,,,,-7.91,-6.59,,,,-6.59,1년치 존재,1,,,-113.22,198.47,10150.0,7921.0,up,50.9,6140.0,4100.0,mixed,bear,4823.0,10841.0,0.0,7.0,KOSDAQ,5580,438,7921,0.8,전자장비와기기,False,
007680,대원,1.0,981.51,4360.92,2771.81,1121.22,,,,-619.98,1.98,-137.54,,,,-59.55,,,,-59.55,-7046.46,,,,-7046.46,1년치 존재,1,,,-0.69,90.46,7967.0,20277.0,down,29.4,4315.0,2990.0,down,bear,-463.0,-9215.0,12413.0,14331.0,KOSDAQ,2990,395,20277,2.5,건설,False,
084650,랩지노믹스,,258.44,710.76,858.98,881.61,,,,-69.23,-184.91,-535.17,,,,2.63,,,,2.63,-189.42,,,,-189.42,1년치 존재,1,,,-30.59,56.85,274942.0,543057.0,up,47.2,5135.0,2500.0,down,bull_cross,12939.0,120438.0,-124.0,-136.0,KOSDAQ,2885,428,543057,2.0,생명과학도구및서비스,False,
263020,디케이앤디,0.9113,-236.69,897.93,1125.42,1425.87,,,,81.59,84.7,122.27,,,,26.7,,,,26.7,44.36,,,,44.36,1년치 존재,1,5.43,,14.39,41.91,21800.0,49055.0,up,46.4,3245.0,2885.0,up,bear_cross,9336.0,150.0,-17326.0,-17338.0,KOSDAQ,3095,428,49055,2.3,"섬유,의류,신발,호화품",False,
037230,한국팩키지,,662.9,2280.69,2256.01,2240.79,,,,85.51,67.94,99.45,,,,-0.67,,,,-0.67,46.38,,,,46.38,1년치 존재,1,,,2.94,102.59,64944.0,19141.0,down,39.4,1457.0,1281.0,down,bear,-5990.0,-51638.0,-4581.0,43753.0,KOSDAQ,1315,392,19141,0.3,포장재,False,
035460,기산텔레콤,0.7303,-93.72,738.85,930.78,994.73,,,,44.1,49.47,80.78,,,,6.87,,,,6.87,63.29,,,,63.29,1년치 존재,1,9.26,,21.21,83.81,189439.0,99402.0,up,61.4,2695.0,1753.0,up,bull,1968.0,-108845.0,-1205.0,0.0,KOSDAQ,2625,392,99402,0.5,통신장비,False,
054780,키이스트,,-35.05,520.24,758.45,157.02,,,,-14.75,6.54,-39.4,,,,-79.3,,,,-79.3,-702.45,,,,-702.45,1년치 존재,1,,,-8.03,31.23,163632.0,92125.0,up,84.2,2225.0,1129.0,up,bull,-49207.0,-69082.0,1587.0,-7716.0,KOSDAQ,2175,428,92125,0.6,방송과엔터테인먼트,False,
307280,원바이오젠,1.0,-66.02,296.15,304.4,352.44,,,,71.23,64.07,79.26,,,,15.78,,,,15.78,23.71,,,,23.71,1년치 존재,1,6.46,,20.03,20.61,21672.0,6790.0,up,50.4,6380.0,5170.0,mixed,bear,-3523.0,22811.0,-4466.0,6890.0,KOSDAQ,6020,427,6790,0.3,건강관리장비와용품,False,
218150,미래생명자원,1.0,-38.81,600.16,624.53,675.55,,,,0.2,1.84,-14.43,,,,8.17,,,,8.17,-884.24,,,,-884.24,1년치 존재,1,,,-8.9,55.26,219113.0,61229.0,down,38.7,2635.0,1801.0,down,bear,30146.0,-52570.0,4.0,-11.0,KOSDAQ,1905,389,61229,0.3,식품,False,
352700,씨앤투스,1.0,-412.63,780.37,729.87,671.77,,,,-7.44,14.02,-57.51,,,,-7.96,,,,-7.96,-510.2,,,,-510.2,1년치 존재,1,,,-7.78,8.43,15871.0,10988.0,down,54.3,1506.0,1295.0,up,bear,2777.0,-31509.0,2004.0,25408.0,KOSDAQ,1480,389,10988,0.7,"섬유,의류,신발,호화품",False,
261200,덴티스,1.0,1021.6,943.35,1142.83,1142.45,,,,4.29,-4.46,-104.14,,,,-0.03,,,,-0.03,-2234.98,,,,-2234.98,1년치 존재,1,,,2.5,281.25,14497.0,30214.0,up,58.8,2995.0,2475.0,up,bull,7871.0,-2781.0,1638.0,1638.0,KOSDAQ,2670,422,30214,2.1,건강관리장비와용품,False,
046310,백금T&A,0.5983,-168.66,1707.34,1524.93,1489.22,,,,170.95,127.33,67.9,,,,-2.34,,,,-2.34,-46.67,,,,-46.67,1년치 존재,1,9.15,,3.91,40.84,19008.0,8979.0,up,58.8,2430.0,1900.0,up,bull,1645.0,-10290.0,26785.0,139831.0,KOSDAQ,2360,387,8979,0.5,통신장비,False,
140520,대창스틸,1.0,605.99,4197.53,4024.49,3985.74,,,,57.29,29.66,33.55,,,,-0.96,,,,-0.96,13.12,,,,13.12,1년치 존재,1,14.78,,4.44,88.61,13793.0,3763.0,up,48.8,2030.0,1869.0,mixed,bear,-5053.0,-28103.0,-662.0,7.0,KOSDAQ,1999,422,3763,0.3,철강,False,
465480,인스피언,1.0,-126.57,,190.35,200.22,,,,,37.84,25.5,,,,5.19,,,,5.19,-32.61,,,,-32.61,1년치 존재,1,14.35,,4.92,8.84,12933.0,14200.0,up,51.2,4030.0,2700.0,up,bear_cross,-23234.0,-21854.0,2494.0,8253.0,KOSDAQ,3790,384,14200,1.1,IT서비스,False,
189690,포시에스,1.0,-291.11,,313.02,328.89,355.17,,,,45.18,43.99,57.75,,,5.07,7.99,,,7.99,-2.63,31.28,,,31.28,2년치 존재,2,9.21,,9.48,6.21,23449.0,65567.0,up,51.9,1672.0,1426.0,down,bull_cross,4381.0,-32635.0,0.0,-1382.0,KOSDAQ,1532,419,65567,2.8,소프트웨어,False,
461030,아이엠비디엑스,,-176.46,40.27,34.07,53.29,,,,-77.69,-106.12,-86.64,,,,56.41,,,,56.41,18.36,,,,18.36,1년치 존재,1,,,-28.97,5.72,21250.0,12093.0,up,51.2,3610.0,2525.0,mixed,bull,-5755.0,-53446.0,0.0,0.0,KOSDAQ,2920,419,12093,0.6,생명과학도구및서비스,False,
038070,서린바이오,1.0,-169.32,895.69,754.1,770.91,,,,24.95,9.53,6.92,,,,2.23,,,,2.23,-27.39,,,,-27.39,1년치 존재,1,52.19,,1.09,34.58,12417.0,15025.0,up,49.4,4630.0,3910.0,down,bull,5846.0,-5129.0,-709.0,-2.0,KOSDAQ,4110,382,15025,1.2,생물공학,False,
208710,포톤,,153.4,1234.69,1357.06,1287.35,,,,-32.62,-34.15,-0.46,,,,-5.14,,,,-5.14,98.65,,,,98.65,1년치 존재,1,,,2.65,90.41,124488.0,67008.0,up,60.8,3000.0,1800.0,up,bull_cross,16770.0,45421.0,0.0,0.0,KOSDAQ,2900,382,67008,0.5,핸드셋,False,
104200,NHN벅스,,-183.59,568.43,520.71,448.99,,,,8.04,3.57,-7.35,,,,-13.77,,,,-13.77,-305.88,,,,-305.88,1년치 존재,1,,,-8.08,29.84,57592.0,57643.0,up,61.7,2960.0,2155.0,mixed,bull,32710.0,-23967.0,0.0,0.0,KOSDAQ,2675,397,57643,1.0,방송과엔터테인먼트,False,
002290,삼일기업공사,,-821.9,786.39,1126.5,851.77,,,,31.04,56.53,73.94,,,,-24.39,,,,-24.39,30.8,,,,30.8,1년치 존재,1,,,8.27,48.12,10196.0,4430.0,up,52.0,3440.0,3040.0,up,bull_cross,-6320.0,-27825.0,0.0,1000.0,KOSDAQ,3350,415,4430,0.4,건설,False,
239890,피엔에이치테크,,-146.81,401.81,335.93,301.19,302.0,380.0,490.0,65.06,25.36,21.94,23.0,43.0,70.0,-10.34,0.27,25.83,28.95,28.95,-13.49,4.83,86.96,62.79,86.96,4년치 존재,4,,,5.33,18.79,19960.0,11651.0,up,64.6,3835.0,2915.0,up,bull,-14230.0,-26206.0,0.0,0.0,KOSDAQ,3835,381,11651,0.6,디스플레이장비및부품,False,
019770,서연탑메탈,,57.86,1730.0,1823.62,2070.62,,,,87.2,92.57,119.12,,,,13.54,,,,13.54,28.68,,,,28.68,1년치 존재,1,,,10.47,76.94,7803.0,5301.0,up,49.7,3530.0,3015.0,up,bull,-8173.0,-20413.0,3.0,4.0,KOSDAQ,3265,380,5301,0.7,자동차부품,False,
099410,동방선기,,-66.63,273.08,357.16,418.79,,,,34.14,40.82,92.89,,,,17.26,,,,17.26,127.56,,,,127.56,1년치 존재,1,,,23.68,30.83,32949.0,70791.0,down,32.4,3460.0,2550.0,mixed,bear,1844.0,2000.0,-30697.0,-30126.0,KOSDAQ,2950,413,70791,2.1,조선,False,
234100,폴라리스세원,0.2,-1248.21,1603.5,2046.44,2426.35,,,,73.64,11.53,33.5,,,,18.56,,,,18.56,190.55,,,,190.55,1년치 존재,1,89.76,,1.31,19.98,8971.0,7810.0,down,41.7,2940.0,2285.0,mixed,bear,-15055.0,-31337.0,0.0,0.0,KOSDAQ,2585,377,7810,0.9,자동차부품,False,
100660,서암기계공업,0.9884,-283.87,,423.71,465.01,,,,,-12.94,0.44,,,,9.75,,,,9.75,103.4,,,,103.4,1년치 존재,1,34.51,,1.8,24.48,37862.0,24865.0,down,61.0,3335.0,2505.0,up,bull,14845.0,-6332.0,1.0,1.0,KOSDAQ,3265,411,24865,0.7,기계,False,
051490,나라엠앤디,1.0,751.96,2310.01,2038.16,1846.33,,,,107.12,49.81,-0.8,,,,-9.41,,,,-9.41,-101.61,,,,-101.61,1년치 존재,1,7.15,,0.26,165.48,18365.0,10568.0,up,51.8,2845.0,2400.0,down,bull_cross,-350.0,-90651.0,-1.0,52394.0,KOSDAQ,2650,376,10568,0.6,기계,False,
171010,램테크놀러지,,491.62,429.76,445.01,426.82,,,,-29.52,-16.53,-9.54,,,,-4.09,,,,-4.09,42.29,,,,42.29,1년치 존재,1,,,-17.9,167.39,26308.0,33310.0,up,55.6,2915.0,2375.0,mixed,bull,15319.0,-2504.0,19.0,-635.0,KOSDAQ,2725,390,33310,1.3,반도체와반도체장비,False,
037370,EG,,1083.89,617.98,652.13,627.51,,,,-143.53,-54.66,-21.66,,,,-3.78,,,,-3.78,60.37,,,,60.37,1년치 존재,1,,,-3.2,722.04,19825.0,8929.0,down,63.2,4540.0,2715.0,up,bear,-556.0,5936.0,0.0,0.0,KOSDAQ,4325,373,8929,0.5,비철금속,False,
053950,경남제약,,-6.65,591.36,607.92,559.44,,,,-12.99,-9.43,-17.32,,,,-7.97,,,,-7.97,-83.67,,,,-83.67,1년치 존재,1,,,-12.21,16.68,938013.0,253013.0,up,54.5,2300.0,1435.0,mixed,bear,90218.0,-41777.0,-1097.0,1514.0,KOSDAQ,2085,409,253013,0.3,제약,False,
406820,뷰티스킨,,333.7,809.04,808.71,549.22,,,,-60.77,-12.13,-31.59,,,,-32.09,,,,-32.09,-160.43,,,,-160.43,1년치 존재,1,,,-10.53,209.29,1830169.0,1127107.0,up,65.6,2630.0,1604.0,up,bull,25076.0,-21831.0,0.0,-505.0,KOSDAQ,2630,372,1127107,0.6,화장품,False,
045510,정원엔시스,1.0,172.0,1797.52,1944.5,2009.03,,,,28.46,15.62,19.41,,,,3.32,,,,3.32,24.26,,,,24.26,1년치 존재,1,34.49,,5.06,148.8,74117.0,78832.0,up,62.7,1231.0,720.0,up,bull,-9993.0,32296.0,0.0,-2129.0,KOSDAQ,1231,388,78832,1.1,IT서비스,False,
044960,이글벳,,-64.59,427.94,417.17,433.23,,,,33.25,34.67,42.6,,,,3.85,,,,3.85,22.87,,,,22.87,1년치 존재,1,,,10.42,23.95,33697.0,382443.0,up,64.6,3190.0,2960.0,up,bull_cross,3531.0,-10437.0,15249.0,11909.0,KOSDAQ,3190,403,382443,11.3,제약,False,
250000,보라티알,1.0,-20.73,769.14,913.94,1022.96,,,,130.72,128.03,91.47,,,,11.93,,,,11.93,-28.56,,,,-28.56,1년치 존재,1,161.3,,-2.27,189.68,2498.0,2776.0,down,42.0,5990.0,5090.0,mixed,bear,-486.0,-3096.0,0.0,-63.0,KOSDAQ,5490,371,2776,1.1,식품과기본식료품소매,False,
049120,파인디앤씨,,309.96,434.84,650.09,657.94,,,,-96.22,-7.45,-40.82,,,,1.21,,,,1.21,-447.92,,,,-447.92,1년치 존재,1,,,-55.44,129.29,10073.0,9483.0,down,50.7,3300.0,1825.0,mixed,bear,-3710.0,-887.0,0.0,0.0,KOSDAQ,2900,368,9483,0.9,디스플레이장비및부품,False,
007530,와이엠,1.0,521.69,1662.9,1722.01,1771.46,,,,41.62,61.08,39.86,,,,2.87,,,,2.87,-34.74,,,,-34.74,1년치 존재,1,16.03,,5.34,199.15,52073.0,21464.0,up,61.7,1938.0,1473.0,up,bull,13808.0,7011.0,1269.0,3014.0,KOSDAQ,1800,401,21464,0.4,자동차부품,False,
446840,지슨,,12.58,137.62,135.76,112.96,252.0,,,16.42,-17.65,-66.44,40.0,,,-16.79,123.09,,,123.09,-276.43,160.2,,,160.2,2년치 존재,2,,,-170.85,177.41,23267.0,10527.0,up,61.4,5350.0,2750.0,mixed,bull,-3817.0,32796.0,-14871.0,-5468.0,KOSDAQ,3635,400,10527,0.5,소프트웨어,False,
097870,효성오앤비,0.9872,5.78,,280.58,243.87,219.74,,,,42.58,34.69,24.16,,,-13.08,-9.89,,,-9.89,-18.53,-30.35,,,-18.53,2년치 존재,2,13.05,,1.07,15.08,10362.0,3913.0,down,40.7,5100.0,4185.0,down,bear,1906.0,-16926.0,9.0,43.0,KOSDAQ,4320,367,3913,0.4,화학,False,
042940,상지건설,1.0,944.48,1738.69,204.28,186.12,,,,324.64,-217.67,-68.46,,,,-8.89,,,,-8.89,68.55,,,,68.55,1년치 존재,1,,,-15.33,123.48,29348.0,32502.0,down,42.9,6392.0,4861.0,down,bear,-12703.0,-17573.0,8000.0,8000.0,KOSDAQ,5370,367,32502,1.1,건설,False,
064090,인크레더블버즈,1.0,-220.09,69.01,45.61,72.12,,,,-5.69,-35.35,-60.79,,,,58.12,,,,58.12,-71.97,,,,-71.97,1년치 존재,1,,,-25.41,1.66,,,,,,,,,0.0,0.0,0.0,0.0,KOSDAQ,798,397,0,,판매업체,False,
200350,아티스트스튜디오,,-242.14,418.64,273.07,146.18,,,,-77.88,-73.21,-30.07,,,,-46.47,,,,-46.47,58.93,,,,58.93,1년치 존재,1,,,-8.51,4.62,238846.0,534049.0,up,78.0,4290.0,1547.0,up,bull,6930.0,-57135.0,0.0,1.0,KOSDAQ,4165,416,534049,2.2,방송과엔터테인먼트,False,
043910,자연과환경,1.0,198.98,697.12,407.33,373.09,,,,45.32,-21.19,-39.76,,,,-8.41,,,,-8.41,-87.64,,,,-87.64,1년치 존재,1,,,-5.91,56.21,43057.0,15007.0,up,42.9,3720.0,2750.0,mixed,bear,-16475.0,-27430.0,0.0,0.0,KOSDAQ,3215,365,15007,0.3,상업서비스와공급품,False,
258790,소프트캠프,1.0,173.87,184.85,168.87,257.22,,,,-25.69,-18.31,29.82,,,,52.32,,,,52.32,262.86,,,,262.86,1년치 존재,1,9.63,,43.2,157.5,53054.0,55753.0,up,69.0,7630.0,3860.0,up,bull,-36626.0,-17773.0,-4276.0,-10276.0,KOSDAQ,7290,364,55753,1.1,소프트웨어,False,
238120,얼라인드,1.0,-4.7,152.15,157.78,160.16,,,,33.37,27.8,24.43,,,,1.51,,,,1.51,-12.12,,,,-12.12,1년치 존재,1,13.53,,12.57,54.16,20263.0,25987.0,down,41.6,3325.0,2680.0,down,bear,-13693.0,-44717.0,0.0,-429.0,KOSDAQ,2770,394,25987,1.3,생명과학도구및서비스,False,
273060,와이즈버즈,1.0,327.24,138.58,307.88,455.21,,,,2.19,23.05,75.75,,,,47.85,,,,47.85,228.63,,,,228.63,1년치 존재,1,20.89,,13.18,288.38,21630.0,4473.0,up,48.2,5890.0,3715.0,down,bull,1010.0,-1523.0,0.0,-6009.0,KOSDAQ,4000,393,4473,0.2,광고,False,
332290,누보,1.0,242.92,821.57,990.22,1041.83,,,,-22.77,36.71,41.18,,,,5.21,,,,5.21,12.18,,,,12.18,1년치 존재,1,35.38,,16.6,170.33,32339.0,3636.0,up,56.2,5140.0,3770.0,up,bull_cross,10717.0,-26548.0,0.0,3992.0,KOSDAQ,4575,363,3636,0.1,화학,False,
123570,이엠넷,1.0,-647.39,350.18,363.11,322.6,,,,36.66,47.58,2.74,,,,-11.16,,,,-11.16,-94.24,,,,-94.24,1년치 존재,1,18.46,,2.15,44.08,2998.0,1710.0,down,46.1,1724.0,1617.0,down,bear,-5463.0,-9533.0,6630.0,9053.0,KOSDAQ,1627,362,1710,0.6,광고,False,
025880,케이씨피드,0.9776,-39.43,925.77,1029.59,1217.71,,,,60.49,80.97,121.82,,,,18.27,,,,18.27,50.45,,,,50.45,1년치 존재,1,3.78,,13.23,47.38,35612.0,11972.0,down,46.8,2660.0,2295.0,down,bull,-21617.0,-117963.0,1877.0,2189.0,KOSDAQ,2340,391,11972,0.3,식품,False,
452200,민테크,,-56.2,175.47,208.59,210.16,,,,-66.01,-109.63,-88.0,,,,0.75,,,,0.75,19.73,,,,19.73,1년치 존재,1,,,-10.91,70.73,55829.0,59782.0,down,54.4,1730.0,1060.0,mixed,bear,40008.0,64078.0,-651.0,0.0,KOSDAQ,1684,410,59782,1.1,전기제품,False,
127980,화인써키트,0.9709,111.68,692.22,859.21,817.9,,,,43.17,45.15,-14.85,,,,-4.81,,,,-4.81,-132.89,,,,-132.89,1년치 존재,1,,,0.12,118.99,9730.0,14023.0,up,67.3,3265.0,2585.0,mixed,bull,-4418.0,-19870.0,0.0,0.0,KOSDAQ,3045,361,14023,1.4,전자장비와기기,False,
284620,카이노스메드,,-7.42,2.67,5.9,11.72,,,,-168.12,-123.28,-64.39,,,,98.64,,,,98.64,47.77,,,,47.77,1년치 존재,1,,,-530.5,89.56,,,,,,,,,0.0,0.0,0.0,0.0,KOSDAQ,1087,360,0,,제약,False,
224110,에이텍모빌리티,,-257.14,380.82,428.24,642.77,,,,23.07,28.31,61.71,,,,50.1,,,,50.1,117.98,,,,117.98,1년치 존재,1,,,-0.2,36.41,2965.0,1506.0,down,25.3,9180.0,7630.0,down,bear,-3499.0,-11886.0,0.0,-258.0,KOSDAQ,7630,388,1506,0.5,컴퓨터와주변기기,False,
136410,아셈스,0.9822,111.85,477.35,571.75,602.73,,,,60.09,92.24,120.01,,,,5.42,,,,5.42,30.11,,,,30.11,1년치 존재,1,4.57,,9.3,55.0,19402.0,9194.0,up,31.6,5090.0,3655.0,down,bull,-466.0,50905.0,0.0,-673.0,KOSDAQ,3660,403,9194,0.5,화학,False,
014570,고려제약,,-363.15,813.75,730.01,625.09,,,,180.26,91.38,69.13,,,,-14.37,,,,-14.37,-24.35,,,,-24.35,1년치 존재,1,,,1.88,25.48,5895.0,25223.0,down,42.5,3520.0,3190.0,down,bear,-9161.0,-666.0,9577.0,10243.0,KOSDAQ,3255,358,25223,4.3,제약,False,
057540,옴니시스템,0.9985,-49.65,914.29,1090.89,990.68,,,,3.05,59.54,10.17,,,,-9.19,,,,-9.19,-82.92,,,,-82.92,1년치 존재,1,,,1.66,28.86,95087.0,175811.0,down,41.1,944.0,575.0,down,bull,0.0,180864.0,0.0,0.0,KOSDAQ,602,358,175811,1.8,전자장비와기기,False,
221980,케이디켐,1.0,-231.2,591.46,624.16,628.97,,,,62.53,74.69,69.68,,,,0.77,,,,0.77,-6.71,,,,-6.71,1년치 존재,1,10.96,,8.22,31.85,810.0,755.0,down,49.5,10050.0,9180.0,up,bear_cross,-44.0,3060.0,0.0,0.0,KOSDAQ,9510,384,755,0.9,화학,False,
050860,아세아텍,,106.22,,1238.26,1132.96,1211.05,,,,63.86,39.88,65.24,,,-8.5,6.89,,,6.89,-37.55,63.59,,,63.59,2년치 존재,2,,,4.16,50.84,11188.0,5810.0,down,50.3,1807.0,1589.0,up,bull,-8223.0,-18413.0,0.0,0.0,KOSDAQ,1706,384,5810,0.5,기계,False,
068940,셀피글로벌,1.0,28.46,345.48,337.13,355.06,,,,20.59,-17.07,-34.28,,,,5.32,,,,5.32,-100.82,,,,-100.82,1년치 존재,1,,,-79.2,195.98,,,,,,,,,0.0,0.0,0.0,0.0,KOSDAQ,778,357,0,,상업서비스와공급품,False,
363250,진시스템,,-9.32,8.97,12.08,3.81,,,,-94.84,-101.16,-96.9,,,,-68.46,,,,-68.46,4.21,,,,4.21,1년치 존재,1,,,-75.66,51.95,10290.0,3947.0,down,49.6,4730.0,2995.0,mixed,bear,-3837.0,13870.0,0.0,-189.0,KOSDAQ,4180,356,3947,0.4,건강관리장비와용품,False,
101240,씨큐브,,9.23,511.01,601.47,565.19,,,,50.31,102.15,101.72,,,,-6.03,,,,-6.03,-0.42,,,,-0.42,1년치 존재,1,,,10.38,19.23,9387.0,17300.0,up,48.9,3705.0,2885.0,mixed,bear,1925.0,6467.0,13997.0,14210.0,KOSDAQ,3365,382,17300,1.8,화학,False,
121890,에스디시스템,,-46.01,212.95,180.64,287.94,,,,10.26,-21.65,11.01,,,,59.4,,,,59.4,150.85,,,,150.85,1년치 존재,1,,,-5.07,17.8,64241.0,81346.0,up,61.1,2880.0,1802.0,up,bear,71688.0,125262.0,0.0,0.0,KOSDAQ,2875,382,81346,1.3,운송인프라,False,
270520,앱튼,,651.88,204.15,183.78,168.95,,,,-65.46,-127.52,-111.57,,,,-8.07,,,,-8.07,12.51,,,,12.51,1년치 존재,1,,,-31.87,92.33,1421344.0,705675.0,down,17.2,4050.0,810.0,down,bear,991802.0,1402032.0,0.0,-1753.0,KOSDAQ,881,353,705675,0.5,에너지장비및서비스,False,
109820,진매트릭스,,-126.53,98.15,100.19,106.43,,,,-25.48,-16.42,-6.79,,,,6.23,,,,6.23,58.65,,,,58.65,1년치 존재,1,,,-1.05,53.83,275316.0,3501294.0,up,76.2,1859.0,1314.0,up,bull_cross,-48868.0,-79668.0,0.0,0.0,KOSDAQ,1859,379,3501294,12.7,생물공학,False,
221840,하이즈항공,0.8762,426.18,807.64,865.46,846.21,,,,-45.43,-22.34,46.01,,,,-2.22,,,,-2.22,305.95,,,,305.95,1년치 존재,1,18.34,,7.49,125.86,9177.0,58975.0,down,44.0,2100.0,1743.0,mixed,bear,5087.0,-6783.0,-15173.0,-11695.0,KOSDAQ,2025,379,58975,6.4,우주항공과국방,False,
065950,웰크론,,1600.88,4258.84,3291.17,2689.6,,,,48.48,21.72,-111.18,,,,-18.28,,,,-18.28,-611.88,,,,-611.88,1년치 존재,1,,,-25.11,322.07,62038.0,494646.0,up,67.8,1318.0,905.0,mixed,bear,-9910.0,-85262.0,0.0,0.0,KOSDAQ,1245,351,494646,8.0,건설,False,
263050,유틸렉스,,143.98,1.32,95.27,102.95,,,,-297.84,-265.08,-189.19,,,,8.06,,,,8.06,28.63,,,,28.63,1년치 존재,1,,,-99.87,201.99,,,,,,,,,0.0,0.0,0.0,0.0,KOSDAQ,959,353,0,,생물공학,False,
260660,알리코제약,,201.74,1871.55,1904.36,2012.04,,,,30.73,-51.59,9.89,,,,5.65,,,,5.65,119.17,,,,119.17,1년치 존재,1,,,-3.67,124.96,82007.0,35990.0,down,46.8,2660.0,2180.0,down,bear,-9180.0,-18009.0,0.0,0.0,KOSDAQ,2355,361,35990,0.4,제약,False,
045060,오공,0.9922,-354.13,1584.28,1630.1,1600.72,,,,101.8,86.41,56.22,,,,-1.8,,,,-1.8,-34.94,,,,-34.94,1년치 존재,1,6.47,,7.21,19.12,24178.0,61587.0,up,53.1,2230.0,2065.0,down,bull_cross,1339.0,56307.0,-3275.0,8341.0,KOSDAQ,2130,361,61587,2.5,화학,False,
177900,쓰리에이로직스,,90.9,141.59,181.14,144.95,301.0,,,-79.53,17.49,-26.86,41.0,,,-19.98,107.66,,,107.66,-253.57,252.64,,,252.64,2년치 존재,2,,,-5.66,44.43,18456.0,26957.0,up,57.4,4425.0,3380.0,mixed,bull,-238.0,10028.0,-2000.0,-13199.0,KOSDAQ,3895,375,26957,1.5,통신장비,False,
052220,iMBC,0.9727,-95.33,463.04,454.43,400.46,,,,11.57,6.35,-76.32,,,,-11.88,,,,-11.88,-1301.89,,,,-1301.89,1년치 존재,1,,,2.67,16.65,519778.0,18154.0,up,33.0,1947.0,1538.0,down,bear,8759.0,-232638.0,-289.0,0.0,KOSDAQ,1626,374,18154,0.0,방송과엔터테인먼트,False,
026040,제이에스티나,,-63.41,753.62,744.34,722.43,,,,-5.83,-26.03,7.06,,,,-2.94,,,,-2.94,127.12,,,,127.12,1년치 존재,1,,,16.16,24.22,126034.0,51041.0,up,49.5,2630.0,1540.0,mixed,bear,-7053.0,37603.0,36340.0,36556.0,KOSDAQ,2175,359,51041,0.4,"섬유,의류,신발,호화품",False,
089140,넥스턴앤롤코리아,1.0,-391.99,412.58,316.4,704.41,,,,12.67,-12.46,22.82,,,,122.63,,,,122.63,283.15,,,,283.15,1년치 존재,1,,,-9.86,31.52,50369.0,138613.0,up,66.4,2480.0,2010.0,mixed,bull,85007.0,80973.0,-24279.0,-15636.0,KOSDAQ,2340,358,138613,2.8,기계,False,
065500,오리엔트정공,1.0,351.52,1628.09,1734.04,1571.36,,,,19.77,12.21,9.12,,,,-9.38,,,,-9.38,-25.31,,,,-25.31,1년치 존재,1,20.65,,-0.87,218.55,77421.0,188845.0,up,40.7,1225.0,990.0,down,bear,-114950.0,-275729.0,0.0,0.0,KOSDAQ,1038,371,188845,2.4,자동차부품,False,
081580,성우전자,1.0,-138.71,1492.12,1469.01,1827.39,,,,-44.6,-50.95,39.83,,,,24.4,,,,24.4,178.17,,,,178.17,1년치 존재,1,3.0,,8.73,39.27,46784.0,82925.0,down,53.1,2510.0,2130.0,up,bull,15036.0,-52368.0,1686.0,2672.0,KOSDAQ,2390,371,82925,1.8,핸드셋,False,
430690,한싹,1.0,66.61,240.95,205.18,262.58,,,,26.28,-27.13,-19.48,,,,27.98,,,,27.98,28.2,,,,28.2,1년치 존재,1,,,-5.84,46.66,502972.0,527142.0,up,65.3,3400.0,1794.0,up,bull,22861.0,-64241.0,0.0,0.0,KOSDAQ,3280,357,527142,1.0,소프트웨어,False,
207760,미스터블루,,-207.61,741.26,703.42,674.63,,,,6.95,-135.53,-24.57,,,,-4.09,,,,-4.09,81.87,,,,81.87,1년치 존재,1,,,-23.82,43.85,77553.0,11682.0,up,47.0,3185.0,1805.0,down,bull_cross,21284.0,2626.0,-1.0,-18.0,KOSDAQ,2150,357,11682,0.2,양방향미디어와서비스,False,
434480,모니터랩,0.994,-152.18,141.87,149.09,191.69,,,,0.07,-6.44,9.43,,,,28.57,,,,28.57,246.43,,,,246.43,1년치 존재,1,55.19,,5.3,22.82,457869.0,472621.0,up,56.4,3255.0,1950.0,up,bull,-51980.0,-120270.0,0.0,0.0,KOSDAQ,2980,367,472621,1.0,소프트웨어,False,
046390,삼화네트웍스,1.0,-112.99,623.69,467.19,372.66,,,,-18.23,6.71,-15.48,,,,-20.23,,,,-20.23,-330.7,,,,-330.7,1년치 존재,1,,,-1.69,33.14,9912.0,11110.0,down,53.9,2190.0,1883.0,up,bull,10559.0,23883.0,22339.0,44872.0,KOSDAQ,2130,368,11110,1.1,방송과엔터테인먼트,False,
153460,네이블,,-229.06,134.44,172.0,191.89,,,,-21.01,3.85,26.12,,,,11.56,,,,11.56,578.44,,,,578.44,1년치 존재,1,,,2.61,7.29,3829.0,2197.0,down,40.9,7000.0,5160.0,down,bear,857.0,1273.0,55.0,55.0,KOSDAQ,5440,355,2197,0.6,소프트웨어,False,
039290,인포뱅크,1.0,-131.15,1368.61,1368.61,1350.96,,,,-22.0,-51.33,-42.05,,,,-1.29,,,,-1.29,18.08,,,,18.08,1년치 존재,1,,,-1.2,46.43,6605.0,1999.0,up,55.3,4205.0,2985.0,up,bear_cross,-187.0,-11251.0,8408.0,58458.0,KOSDAQ,4080,355,1999,0.3,IT서비스,False,
122690,서진오토모티브,0.2,10565.01,24519.31,25891.37,29418.52,,,,737.59,365.21,268.09,,,,13.62,,,,13.62,-26.59,,,,-26.59,1년치 존재,1,,,-8.83,394.38,18141.0,23407.0,down,34.7,1821.0,1572.0,down,bear,-19720.0,-51263.0,193.0,317.0,KOSDAQ,1584,366,23407,1.3,자동차부품,False,
086040,바이오톡스텍,,391.04,326.31,413.41,470.17,,,,-81.87,-88.79,-48.1,,,,13.73,,,,13.73,45.83,,,,45.83,1년치 존재,1,31.38,,-11.4,491.29,7612.0,4817.0,up,48.0,2500.0,1990.0,mixed,bear,-6010.0,-24834.0,0.0,19561.0,KOSDAQ,2290,365,4817,0.6,생명과학도구및서비스,False,
060540,에스에이티,1.0,190.12,1521.5,1550.77,1597.33,,,,47.11,33.52,39.11,,,,3.0,,,,3.0,16.68,,,,16.68,1년치 존재,1,44.73,,8.46,65.2,64290.0,14013.0,down,50.4,1499.0,1011.0,mixed,bear,-828.0,-52083.0,971.0,971.0,KOSDAQ,1348,352,14013,0.2,핸드셋,False,
024120,KB오토시스,1.0,1071.73,2037.26,2102.31,2149.96,,,,40.45,46.34,85.31,,,,2.27,,,,2.27,84.1,,,,84.1,1년치 존재,1,9.03,,6.64,124.83,6215.0,3807.0,down,46.1,3220.0,2995.0,down,bull,-7057.0,-35035.0,23.0,188.0,KOSDAQ,3060,352,3807,0.6,자동차부품,False,
066360,체리부로,0.8322,1389.73,3990.0,3828.79,4054.36,,,,210.2,28.65,284.82,,,,5.89,,,,5.89,894.14,,,,894.14,1년치 존재,1,1.53,,21.08,151.04,28461.0,21753.0,down,59.1,1554.0,1236.0,up,bear,-17316.0,-57371.0,0.0,-2.0,KOSDAQ,1518,364,21753,0.8,식품,False,
219420,링크제니시스,0.9873,-318.74,141.94,131.04,169.75,,,,13.98,-0.8,12.19,,,,29.54,,,,29.54,1623.75,,,,1623.75,1년치 존재,1,12.99,,10.0,10.87,17791.0,26238.0,down,39.6,3675.0,3030.0,down,bear_cross,-18763.0,-61178.0,0.0,0.0,KOSDAQ,3175,364,26238,1.5,소프트웨어,False,
452300,캡스톤파트너스,,,95.09,96.93,74.73,,,,-24.33,21.96,23.39,,,,-22.9,,,,-22.9,6.51,,,,6.51,1년치 존재,1,,,8.4,,47164.0,32292.0,up,57.9,2555.0,1783.0,up,bull,-20085.0,-65710.0,0.0,0.0,KOSDAQ,2475,351,32292,0.7,창업투자,False,
079190,케스피온,1.0,-30.44,626.38,325.99,441.5,,,,13.14,-53.73,-27.38,,,,35.43,,,,35.43,49.04,,,,49.04,1년치 존재,1,,,-8.43,86.81,158927.0,112676.0,up,64.2,1966.0,902.0,up,bull,4425.0,89997.0,0.0,13000.0,KOSDAQ,1724,351,112676,0.7,핸드셋,False,
060850,영림원소프트랩,1.0,-21.26,555.11,625.53,798.83,,,,28.91,22.21,42.19,,,,27.7,,,,27.7,89.96,,,,89.96,1년치 존재,1,5.46,,4.86,81.14,7246.0,17275.0,down,31.4,5250.0,4300.0,down,bear_cross,-5818.0,-16222.0,1852.0,-2994.0,KOSDAQ,4300,350,17275,2.4,소프트웨어,False,
397810,애드포러스,0.9734,-207.34,347.96,317.42,305.99,,,,21.12,30.54,24.21,,,,-3.6,,,,-3.6,-20.73,,,,-20.73,1년치 존재,1,,,-8.07,38.91,8612.0,736.0,up,47.1,7360.0,4250.0,mixed,bear,-1126.0,11789.0,0.0,26428.0,KOSDAQ,6460,333,736,0.1,광고,False,
387570,파인메딕스,1.0,-18.45,101.54,99.6,95.23,,,,8.74,-0.29,-25.8,,,,-4.39,,,,-4.39,-8796.55,,,,-8796.55,1년치 존재,1,,,-3.12,26.24,5711.0,9681.0,down,48.8,6680.0,3900.0,mixed,bear,-18.0,-4830.0,10000.0,32950.0,KOSDAQ,6190,348,9681,1.7,건강관리장비와용품,False,
186230,그린플러스,1.0,372.73,588.74,876.83,1057.15,,,,-82.08,24.86,-9.52,,,,20.56,,,,20.56,-138.29,,,,-138.29,1년치 존재,1,,,-18.35,163.01,14440.0,9632.0,down,37.7,3530.0,3000.0,down,bear,-15121.0,-78456.0,-264.0,2783.0,KOSDAQ,3180,347,9632,0.7,건축자재,False,
038060,루멘스바이오스,1.0,-615.94,1712.37,1742.28,1755.38,,,,27.42,-16.2,-50.26,,,,0.75,,,,0.75,-210.25,,,,-210.25,1년치 존재,1,,,-0.7,40.75,172945.0,703770.0,down,30.1,1012.0,613.0,mixed,bear,0.0,135730.0,0.0,-8000.0,KOSDAQ,689,331,703770,4.1,디스플레이장비및부품,False,
476080,M83,0.994,72.98,421.13,581.63,1323.96,,,,43.68,14.54,-89.67,,,,127.63,,,,127.63,-716.71,,,,-716.71,1년치 존재,1,,,-8.12,154.27,9200.0,13303.0,down,52.8,4440.0,3230.0,up,bull,7085.0,1965.0,0.0,0.0,KOSDAQ,4100,331,13303,1.4,방송과엔터테인먼트,False,
057030,YBM넷,1.0,-253.73,604.81,583.29,518.34,,,,51.22,27.94,9.5,,,,-11.14,,,,-11.14,-66.0,,,,-66.0,1년치 존재,1,21.54,,3.57,54.24,22091.0,8353.0,down,50.3,2235.0,2030.0,mixed,bull,-1593.0,-7533.0,0.0,0.0,KOSDAQ,2115,345,8353,0.4,교육서비스,False,
290120,DH오토리드,1.0,781.75,2355.92,2703.95,3555.9,,,,157.75,165.39,219.21,,,,31.51,,,,31.51,32.54,,,,32.54,1년치 존재,1,2.47,,17.6,161.01,31434.0,3263.0,up,46.9,2475.0,2100.0,down,bull,2749.0,-58580.0,0.0,0.0,KOSDAQ,2180,345,3263,0.1,자동차부품,False,
215090,솔디펜스,1.0,-171.18,,217.57,267.61,,,,,30.33,13.24,,,,23.0,,,,23.0,-56.35,,,,-56.35,1년치 존재,1,10.6,,-1.81,25.0,100976.0,151264.0,down,49.6,1513.0,1194.0,mixed,bear,-8938.0,28868.0,18000.0,32816.0,KOSDAQ,1420,329,151264,1.5,우주항공과국방,False,
270870,뉴트리,1.0,-358.43,1513.77,1219.73,1010.88,,,,105.23,49.33,-22.68,,,,-17.12,,,,-17.12,-145.98,,,,-145.98,1년치 존재,1,,,4.49,32.22,7259.0,1114.0,up,41.6,4715.0,3475.0,down,bull,1887.0,33757.0,0.0,0.0,KOSDAQ,3660,329,1114,0.2,건강관리업체및서비스,False,
153490,우리이앤엘하루틴,1.0,-7.8,1419.64,1468.53,1212.11,,,,50.47,68.68,2.87,,,,-17.46,,,,-17.46,-95.82,,,,-95.82,1년치 존재,1,,,-9.39,62.46,11742.0,21093.0,up,64.9,3485.0,1653.0,up,bear,4766.0,-163.0,0.0,1497.0,KOSDAQ,3315,341,21093,1.8,디스플레이장비및부품,False,
318410,비비씨,1.0,-294.82,536.02,606.62,516.48,,,,44.6,57.29,61.93,,,,-14.86,,,,-14.86,8.1,,,,8.1,1년치 존재,1,6.23,,12.24,16.38,4654.0,1732.0,down,39.3,6830.0,5250.0,mixed,bear,767.0,-518.0,400.0,2100.0,KOSDAQ,6180,343,1732,0.4,가정용품,False,
052600,한네트,,-265.63,248.93,258.98,268.26,,,,33.32,42.04,43.73,,,,3.58,,,,3.58,4.02,,,,4.02,1년치 존재,1,,,11.26,34.2,8265.0,12071.0,down,31.8,3225.0,2835.0,down,bear,-8780.0,-41892.0,-1.0,0.0,KOSDAQ,2835,328,12071,1.5,IT서비스,False,
364950,에이아이코리아,1.0,14.57,768.36,1145.55,869.5,1100.0,,,44.57,88.14,28.19,45.0,,,-24.1,26.51,,,26.51,-68.02,59.63,,,59.63,2년치 존재,2,,,5.44,75.39,20521.0,45367.0,up,71.8,4120.0,3295.0,mixed,bull,-313.0,-23789.0,44410.0,54410.0,KOSDAQ,3935,326,45367,2.2,전자장비와기기,False,
069920,엑시온그룹,,127.57,46.47,47.44,240.04,,,,-115.67,-100.79,-59.09,,,,405.99,,,,405.99,41.37,,,,41.37,1년치 존재,1,,,-37.99,130.75,343760.0,281586.0,up,59.0,1602.0,519.0,up,bull,65620.0,-4774.0,0.0,-65674.0,KOSDAQ,1399,337,281586,0.8,건설,False,
310870,디와이씨,1.0,466.42,1224.2,1001.12,1110.39,,,,91.43,49.04,51.23,,,,10.91,,,,10.91,4.47,,,,4.47,1년치 존재,1,9.14,,13.13,141.36,119264.0,113581.0,up,54.1,1641.0,1171.0,mixed,bear,27317.0,-87934.0,-54981.0,-42597.0,KOSDAQ,1532,336,113581,1.0,자동차부품,False,
073570,리튬포어스,,-107.38,156.34,151.64,106.54,,,,-68.09,-52.21,-44.82,,,,-29.74,,,,-29.74,14.15,,,,14.15,1년치 존재,1,,,-16.35,5.16,87629.0,90217.0,up,69.6,3020.0,1485.0,up,bull,-13563.0,-28030.0,0.0,0.0,KOSDAQ,2690,324,90217,1.0,핸드셋,False,
271830,팸텍,0.9997,178.65,961.46,443.56,387.42,,,,108.3,-37.27,-41.27,,,,-12.66,,,,-12.66,-10.73,,,,-10.73,1년치 존재,1,,,-10.16,95.68,263525.0,72781.0,up,52.8,1336.0,811.0,up,bull,73321.0,-103058.0,-206.0,-996.0,KOSDAQ,1099,324,72781,0.3,핸드셋,False,
432430,와이랩,,17.46,194.18,239.79,370.69,,,,-55.14,-95.07,-87.38,,,,54.59,,,,54.59,8.09,,,,8.09,1년치 존재,1,,,-25.73,94.77,34323.0,36978.0,down,41.6,2295.0,1786.0,down,bear,-39760.0,-43388.0,0.0,-761.0,KOSDAQ,2025,334,36978,1.1,출판,False,
099220,SDN,,495.05,756.92,843.61,874.54,,,,-76.46,-65.05,4.64,,,,3.67,,,,3.67,107.13,,,,107.13,1년치 존재,1,,,-0.9,110.0,95316.0,10753.0,down,39.6,10500.0,5030.0,down,bull,17003.0,16789.0,-359.0,381.0,KOSDAQ,5300,334,10753,0.1,에너지장비및서비스,False,
080520,오디텍,1.0,-452.56,349.64,370.02,379.6,,,,-42.53,-63.61,-22.77,,,,2.59,,,,2.59,64.2,,,,64.2,1년치 존재,1,36.25,,1.32,12.36,9607.0,16379.0,down,48.0,3190.0,2715.0,mixed,bull,-1265.0,-3465.0,0.0,0.0,KOSDAQ,2850,323,16379,1.7,반도체와반도체장비,False,
900270,헝셩그룹,1.0,-3268.02,882.2,1171.33,1088.09,,,,6.44,73.55,-2.13,,,,-7.11,,,,-7.11,-102.9,,,,-102.9,1년치 존재,1,,,-0.24,13.23,527697.0,43844.0,down,39.6,3770.0,2100.0,down,bear,-18110.0,-109081.0,-77.0,-140003.0,KOSDAQ,2590,323,43844,0.1,레저용장비와제품,False,
204020,그리티,1.0,179.49,1761.02,1947.4,2017.18,,,,111.23,123.1,78.53,,,,3.58,,,,3.58,-36.21,,,,-36.21,1년치 존재,1,7.45,,5.46,85.13,11078.0,11760.0,down,46.5,1968.0,1773.0,mixed,bull,-9064.0,-42564.0,0.0,0.0,KOSDAQ,1797,350,11760,1.1,"섬유,의류,신발,호화품",False,
290090,트윔,1.0,-249.11,344.92,292.81,210.4,,,,20.09,6.02,-40.83,,,,-28.14,,,,-28.14,-778.24,,,,-778.24,1년치 존재,1,,,-0.22,11.87,2996.0,4312.0,up,55.9,5040.0,3460.0,up,bull,-2967.0,-5279.0,13.0,31.0,KOSDAQ,4695,349,4312,1.4,소프트웨어,False,
045300,성우테크론,0.9968,-39.53,337.76,416.87,409.17,,,,-8.08,11.84,19.52,,,,-1.85,,,,-1.85,64.86,,,,64.86,1년치 존재,1,6.8,,9.52,29.64,22591.0,59758.0,up,73.0,3065.0,2100.0,up,bull,-28986.0,-37174.0,-1.0,-1.0,KOSDAQ,3050,322,59758,2.6,반도체와반도체장비,False,
133750,메가엠디,,-427.29,288.6,364.91,345.91,,,,-28.1,22.36,18.14,,,,-5.21,,,,-5.21,-18.87,,,,-18.87,1년치 존재,1,,,7.07,25.68,9697.0,14515.0,up,42.6,1515.0,1302.0,mixed,bear,-4240.0,-6771.0,0.0,5000.0,KOSDAQ,1374,322,14515,1.5,교육서비스,False,
377030,비트맥스,,604.35,17.66,371.72,272.15,,,,-165.25,-185.45,-108.59,,,,-26.79,,,,-26.79,41.45,,,,41.45,1년치 존재,1,,,-464.82,8193.77,40589.0,66012.0,up,80.7,2420.0,1401.0,up,bull,25866.0,33588.0,801.0,801.0,KOSDAQ,2420,346,66012,1.6,IT서비스,False,
075130,플랜티넷,1.0,-269.33,330.66,366.77,456.13,,,,12.71,21.4,32.61,,,,24.36,,,,24.36,52.38,,,,52.38,1년치 존재,1,15.27,,0.23,17.15,26153.0,9989.0,down,53.3,2250.0,1888.0,mixed,bear,-7919.0,-20162.0,0.0,9000.0,KOSDAQ,2140,345,9989,0.4,소프트웨어,False,
208860,다산디엠씨,1.0,6.59,,112.15,1137.34,,,,,17.89,27.63,,,,914.12,,,,914.12,54.44,,,,54.44,1년치 존재,1,,,-4.55,77.64,8702.0,1608.0,down,36.3,13120.0,8460.0,mixed,bear,62.0,-1323.0,-2.0,-2.0,KOSDAQ,9390,319,1608,0.2,자동차부품,False,
263920,휴엠앤씨,1.0,27.41,484.25,472.29,523.07,,,,48.42,49.47,24.83,,,,10.75,,,,10.75,-49.81,,,,-49.81,1년치 존재,1,20.31,,7.13,40.47,2018.0,4579.0,up,49.6,4120.0,3100.0,down,bull_cross,-1888.0,-3789.0,0.0,0.0,KOSDAQ,3250,319,4579,2.3,포장재,False,
348030,모비릭스,,-330.79,872.56,558.8,396.85,,,,-36.06,-93.91,-89.23,,,,-28.98,,,,-28.98,4.98,,,,4.98,1년치 존재,1,,,-5.53,5.54,55845.0,539037.0,up,65.8,3575.0,2660.0,mixed,bull,4275.0,-9151.0,6108.0,6108.0,KOSDAQ,3575,343,539037,9.7,게임엔터테인먼트,False,
196450,코아시아씨엠,1.0,196.2,2939.67,2673.36,2581.97,3098.0,,,-130.48,-95.4,52.72,71.0,,,-3.42,19.99,,,19.99,155.26,34.67,,,155.26,2년치 존재,2,10.64,,4.0,91.06,19891.0,8468.0,down,38.7,5245.0,3540.0,down,bull,-4635.0,-8311.0,0.0,-10003.0,KOSDAQ,3800,344,8468,0.4,핸드셋,False,
021650,한국큐빅,1.0,19.93,2520.97,2521.48,2272.26,,,,106.48,114.35,79.33,,,,-9.88,,,,-9.88,-30.63,,,,-30.63,1년치 존재,1,6.89,,3.98,67.11,4272.0,1429.0,down,36.3,2220.0,1945.0,down,bear_cross,1206.0,2409.0,0.0,0.0,KOSDAQ,1945,318,1429,0.3,자동차부품,False,
159910,에코글로우,,-36.32,134.69,84.49,99.25,,,,-65.33,-46.38,-39.38,,,,17.47,,,,17.47,15.09,,,,15.09,1년치 존재,1,,,-25.63,190.06,6709.0,24347.0,up,45.0,3455.0,2980.0,down,bear,6675.0,4448.0,-21000.0,-22013.0,KOSDAQ,3035,318,24347,3.6,화장품,False,
417860,오브젠,,-102.13,,152.02,234.12,,,,,-41.5,0.06,,,,54.01,,,,54.01,100.14,,,,100.14,1년치 존재,1,,,-33.45,238.94,50336.0,7136.0,up,53.8,8820.0,5920.0,up,bull,4532.0,-1365.0,0.0,0.0,KOSDAQ,7250,341,7136,0.1,소프트웨어,False,
106240,파인테크닉스,,309.11,595.76,577.68,428.76,,,,12.48,-17.36,-64.13,,,,-25.78,,,,-25.78,-269.41,,,,-269.41,1년치 존재,1,,,-31.13,75.44,71207.0,22894.0,up,52.5,1365.0,1095.0,mixed,bull,-33723.0,90713.0,-1007.0,6.0,KOSDAQ,1273,338,22894,0.3,디스플레이장비및부품,False,
031510,오스템,1.0,-242.13,1419.76,1278.65,1285.49,,,,99.04,4.35,41.48,,,,0.53,,,,0.53,853.56,,,,853.56,1년치 존재,1,34.16,,15.9,86.71,55371.0,51718.0,down,48.5,1219.0,1062.0,mixed,bear,-9669.0,-82409.0,60000.0,270000.0,KOSDAQ,1131,317,51718,0.9,자동차부품,False,
064520,테크엘,1.0,-408.07,219.28,253.02,181.5,,,,-45.44,-3.75,-56.04,,,,-28.27,,,,-28.27,-1394.4,,,,-1394.4,1년치 존재,1,,,-2.05,5.64,6480.0,10649.0,down,49.4,1616.0,1404.0,down,bear,-6930.0,-22731.0,0.0,0.0,KOSDAQ,1500,335,10649,1.6,반도체와반도체장비,False,
296640,이노에이엑스,1.0,-80.23,155.11,237.07,229.33,,,,-12.41,23.96,9.22,,,,-3.26,,,,-3.26,-61.52,,,,-61.52,1년치 존재,1,12.96,,15.03,17.89,8546.0,16760.0,up,63.9,6500.0,3605.0,up,bear,-207.0,-5769.0,-396.0,-100.0,KOSDAQ,6470,335,16760,2.0,소프트웨어,False,
016600,큐캐피탈,,,359.69,186.7,200.98,,,,104.71,28.23,37.87,,,,7.65,,,,7.65,34.15,,,,34.15,1년치 존재,1,,,3.57,,26943.0,48062.0,down,34.6,2670.0,2035.0,mixed,bear,-12180.0,-49842.0,14647.0,28517.0,KOSDAQ,2245,313,48062,1.8,창업투자,False,
336060,웨이버스,1.0,-201.69,487.56,563.65,702.03,,,,50.6,16.78,19.92,,,,24.55,,,,24.55,18.71,,,,18.71,1년치 존재,1,11.01,,4.63,46.32,10254.0,5021.0,up,57.7,3400.0,2730.0,up,bull,-1909.0,1762.0,0.0,-23.0,KOSDAQ,3135,302,5021,0.5,IT서비스,False,
335810,프리시젼바이오,,42.51,203.91,191.34,199.26,,,,-48.11,-53.66,-53.81,,,,4.14,,,,4.14,-0.28,,,,-0.28,1년치 존재,1,,,-20.16,43.82,18789.0,6670.0,up,50.0,1696.0,1190.0,mixed,bear,-3859.0,-49692.0,0.0,0.0,KOSDAQ,1516,333,6670,0.4,생명과학도구및서비스,False,
169330,엠브레인,1.0,-98.72,,537.11,561.61,588.94,,,,16.75,-12.58,27.0,,,4.56,4.87,,,4.87,-175.1,314.63,,,314.63,2년치 존재,2,,,6.68,61.88,38665.0,24665.0,up,71.2,1885.0,1260.0,up,bull,-30751.0,-71572.0,0.0,0.0,KOSDAQ,1812,332,24665,0.6,IT서비스,False,
197140,디지캡,,-142.12,149.36,320.14,666.32,,,,7.26,-15.97,-25.3,,,,108.13,,,,108.13,-58.42,,,,-58.42,1년치 존재,1,,,-0.81,54.18,15952.0,12829.0,up,55.1,2460.0,2005.0,mixed,bear,-8.0,-38947.0,54000.0,202200.0,KOSDAQ,2395,312,12829,0.8,소프트웨어,False,
464280,티디에스팜,,-138.67,300.49,275.19,276.21,,,,50.16,37.3,37.65,,,,0.37,,,,0.37,0.94,,,,0.94,1년치 존재,1,,,12.18,41.93,11980.0,16732.0,up,50.0,6190.0,4525.0,down,bull_cross,6501.0,13651.0,0.0,436.0,KOSDAQ,5590,309,16732,1.4,제약,False,
131090,시큐브,,-440.08,144.46,120.76,134.38,,,,44.53,34.21,43.14,,,,11.28,,,,11.28,26.1,,,,26.1,1년치 존재,1,,,10.0,5.2,15925.0,22699.0,up,57.6,4410.0,3700.0,up,bear,-1896.0,22354.0,53200.0,132937.0,KOSDAQ,4310,330,22699,1.4,소프트웨어,False,
408900,스튜디오미르,1.0,-218.84,231.62,175.71,163.91,,,,8.61,-19.02,-21.46,,,,-6.72,,,,-6.72,-12.83,,,,-12.83,1년치 존재,1,,,-0.18,11.42,30809.0,26706.0,up,44.1,1241.0,866.0,down,bear,-13599.0,-108297.0,736.0,2093.0,KOSDAQ,1007,330,26706,0.9,방송과엔터테인먼트,False,
407400,꿈비,,142.22,289.28,394.93,863.94,,,,-26.36,4.03,-42.48,,,,118.76,,,,118.76,-1154.09,,,,-1154.09,1년치 존재,1,,,-8.87,73.45,20801.0,38216.0,up,60.4,2160.0,1686.0,mixed,bull,-1978.0,-120661.0,0.0,0.0,KOSDAQ,2105,308,38216,1.8,가정용기기와용품,False,
064480,브리지텍,,-97.57,535.44,435.61,496.77,,,,41.63,-32.55,3.1,,,,14.04,,,,14.04,109.52,,,,109.52,1년치 존재,1,,,9.13,26.63,22541.0,16697.0,down,35.9,3000.0,2455.0,down,bear,7118.0,-63236.0,-1185.0,0.0,KOSDAQ,2580,308,16697,0.7,IT서비스,False,
431190,케이쓰리아이,1.0,-98.56,130.59,139.02,166.4,,,,11.16,-37.24,-35.06,,,,19.7,,,,19.7,5.85,,,,5.85,1년치 존재,1,,,-12.98,33.87,189532.0,28765.0,up,66.5,4615.0,2045.0,up,bull,-10365.0,-37913.0,24.0,24.0,KOSDAQ,4385,328,28765,0.2,IT서비스,False,
006920,모헨즈,0.2832,-71.87,1114.06,1004.78,811.61,,,,121.41,27.3,-29.59,,,,-19.23,,,,-19.23,-208.39,,,,-208.39,1년치 존재,1,,,-7.05,57.38,61366.0,16149.0,down,38.8,3565.0,2815.0,down,bear,-4875.0,-6692.0,0.0,0.0,KOSDAQ,3005,328,16149,0.3,건축자재,False,
070590,인티큐브,0.8862,-0.62,416.81,487.86,648.18,,,,-60.33,-29.84,10.47,,,,32.86,,,,32.86,135.09,,,,135.09,1년치 존재,1,38.66,,-29.97,123.78,25011.0,7254.0,up,60.3,2215.0,1620.0,up,bear,-9054.0,-47905.0,182.0,182.0,KOSDAQ,2215,307,7254,0.3,IT서비스,False,
090410,덕신이피씨,1.0,495.45,2180.78,1465.64,1064.59,,,,289.47,107.27,-1.04,,,,-27.36,,,,-27.36,-100.97,,,,-100.97,1년치 존재,1,19.84,,-0.41,75.37,14689.0,2991.0,down,35.5,5750.0,2855.0,down,bear,2496.0,-9982.0,0.0,-9.0,KOSDAQ,3335,307,2991,0.2,건축자재,False,
419120,산돌,0.983,-63.5,141.87,157.49,199.68,,,,27.81,28.62,44.55,,,,26.79,,,,26.79,55.66,,,,55.66,1년치 존재,1,9.08,,3.98,26.43,16010.0,20213.0,down,47.1,2690.0,2025.0,down,bull,5571.0,-29367.0,0.0,0.0,KOSDAQ,2285,325,20213,1.3,소프트웨어,False,
200780,비씨월드제약,0.9108,710.35,751.11,748.14,758.0,,,,63.65,15.0,19.97,,,,1.32,,,,1.32,33.13,,,,33.13,1년치 존재,1,,,-4.06,143.34,4947.0,4388.0,down,48.7,3350.0,2960.0,mixed,bull,-706.0,-4737.0,1166.0,2172.0,KOSDAQ,3040,324,4388,0.9,제약,False,
002680,한탑,1.0,628.55,948.46,848.9,824.0,,,,9.12,37.48,29.24,,,,-2.93,,,,-2.93,-21.99,,,,-21.99,1년치 존재,1,14.56,,-90.47,624.56,105866.0,218024.0,up,78.8,3925.0,1511.0,up,bull,45136.0,53102.0,0.0,14200.0,KOSDAQ,3925,304,218024,2.1,식품,False,
075970,동국알앤에스,1.0,136.66,1083.91,1103.6,1107.35,,,,20.85,11.38,33.78,,,,0.34,,,,0.34,196.84,,,,196.84,1년치 존재,1,52.67,,0.91,55.56,17987.0,3432.0,up,55.3,1694.0,1448.0,up,bull,-5272.0,-26585.0,0.0,0.0,KOSDAQ,1664,306,3432,0.2,비철금속,False,
220180,폴라리스AI핸디,1.0,-453.86,261.21,283.75,314.44,,,,-9.67,-19.9,-4.81,,,,10.82,,,,10.82,75.83,,,,75.83,1년치 존재,1,39.66,,3.59,19.18,9206.0,5985.0,down,43.4,1542.0,1309.0,down,bear,-6065.0,-17926.0,0.0,0.0,KOSDAQ,1353,324,5985,0.7,소프트웨어,False,
148930,에이치와이티씨,0.9997,-476.65,406.29,323.21,300.85,,,,35.68,4.24,-31.68,,,,-6.92,,,,-6.92,-847.17,,,,-847.17,1년치 존재,1,9.4,,35.76,21.3,7857.0,8525.0,up,50.5,3450.0,3000.0,down,bull_cross,15677.0,37052.0,0.0,10000.0,KOSDAQ,3180,324,8525,1.1,전기제품,False,
246250,에스엘에스바이오,,-3.99,90.23,83.71,39.84,,,,10.31,2.88,-41.05,,,,-52.41,,,,-52.41,-1525.35,,,,-1525.35,1년치 존재,1,,,-64.25,68.21,,,,,,,,,0.0,0.0,0.0,0.0,KOSDAQ,1969,302,0,,제약,False,
452160,제이엔비,1.0,219.43,153.13,160.33,149.02,,,,32.89,33.65,1.75,,,,-7.05,,,,-7.05,-94.8,,,,-94.8,1년치 존재,1,,,-6.17,80.38,8957.0,7826.0,up,55.1,3480.0,2925.0,mixed,bull,128.0,-16370.0,0.0,0.0,KOSDAQ,3140,302,7826,0.9,반도체와반도체장비,False,
173940,에프엔씨엔터,,-43.86,900.78,862.24,1023.69,,,,-80.09,-41.82,-6.14,,,,18.72,,,,18.72,85.32,,,,85.32,1년치 존재,1,,,-45.95,653.0,12482.0,24856.0,up,40.9,2410.0,1976.0,down,bear,2988.0,-7873.0,-2667.0,-24611.0,KOSDAQ,2025,312,24856,2.0,방송과엔터테인먼트,False,
462980,아이지넷,1.0,66.72,130.06,233.41,390.19,,,,-32.33,3.52,33.3,,,,67.17,,,,67.17,846.02,,,,846.02,1년치 존재,1,12.59,,17.65,169.69,34368.0,40529.0,up,73.9,1766.0,1229.0,up,bull,-12360.0,-75054.0,4940.0,4245.0,KOSDAQ,1766,322,40529,1.2,IT서비스,False,
033830,티비씨,1.0,-815.34,435.06,402.84,426.91,,,,41.37,14.56,14.85,,,,5.98,,,,5.98,1.99,,,,1.99,1년치 존재,1,8.48,,2.3,4.54,10958.0,2566.0,up,49.0,1772.0,1561.0,mixed,bear,0.0,0.0,238.0,1668.0,KOSDAQ,1703,322,2566,0.2,방송과엔터테인먼트,False,
300120,라온피플,,114.7,112.44,2202.26,2238.08,,,,-111.35,-162.49,-161.92,,,,1.63,,,,1.63,0.35,,,,0.35,1년치 존재,1,,,-20.67,178.23,170556.0,14860.0,down,51.7,3480.0,2035.0,mixed,bear,2696.0,-3815.0,0.0,-1487.0,KOSDAQ,3035,300,14860,0.1,소프트웨어,False,
038620,위즈코프,0.9182,-467.76,560.66,1046.52,1126.36,,,,6.48,27.91,24.9,,,,7.63,,,,7.63,-10.78,,,,-10.78,1년치 존재,1,7.49,,14.55,20.01,31693.0,9043.0,up,65.0,2155.0,1710.0,up,bull,-11627.0,-50369.0,0.0,0.0,KOSDAQ,2120,321,9043,0.3,운송인프라,False,
012620,원일특강,1.0,785.49,3799.86,3793.0,3981.16,,,,134.41,119.78,123.65,,,,4.96,,,,4.96,3.23,,,,3.23,1년치 존재,1,3.88,,3.88,81.09,4128.0,3006.0,up,62.2,7350.0,6520.0,up,bull,382.0,723.0,115.0,-48.0,KOSDAQ,7260,319,3006,0.7,철강,False,
093380,풍강,1.0,-22.35,973.23,930.28,902.73,,,,52.38,11.49,7.28,,,,-2.96,,,,-2.96,-36.64,,,,-36.64,1년치 존재,1,37.16,,7.37,30.01,33596.0,1513.0,up,46.4,3225.0,2500.0,mixed,bear,-9948.0,-30521.0,10419.0,3734.0,KOSDAQ,3015,298,1513,0.0,자동차부품,False,
020180,대신정보통신,,246.52,,2551.22,2028.61,2595.49,,,,92.16,90.99,159.8,,,-20.48,27.94,,,27.94,-1.27,75.62,,,75.62,2년치 존재,2,,,29.91,248.65,19978.0,6937.0,down,34.7,5465.0,3860.0,down,bull,-12623.0,-50210.0,0.0,-3007.0,KOSDAQ,3860,297,6937,0.3,IT서비스,False,
037330,인지디스플레,0.6191,1712.97,6872.69,7326.69,7218.14,,,,52.57,109.29,171.03,,,,-1.48,,,,-1.48,56.49,,,,56.49,1년치 존재,1,5.29,,2.89,132.28,41221.0,42936.0,up,51.0,994.0,684.0,down,bull,-21145.0,-100973.0,0.0,0.0,KOSDAQ,726,319,42936,1.0,디스플레이장비및부품,False,
311390,네오크레마,0.5765,-281.29,248.67,403.14,819.44,,,,2.79,-6.91,54.09,,,,103.26,,,,103.26,882.78,,,,882.78,1년치 존재,1,10.66,,3.16,26.28,26882.0,53424.0,up,56.0,2665.0,2205.0,up,bull,-3737.0,-58925.0,0.0,0.0,KOSDAQ,2515,318,53424,2.0,식품,False,
031310,아이즈비전,1.0,405.21,1909.68,1827.83,1943.76,,,,67.86,10.25,33.78,,,,6.34,,,,6.34,229.56,,,,229.56,1년치 존재,1,3.08,,2.51,51.44,48628.0,56014.0,down,52.8,1030.0,833.0,mixed,bull,-10633.0,-140648.0,215.0,-535.0,KOSDAQ,994,296,56014,1.2,통신장비,False,
900070,글로벌에스엠,0.7446,-360.6,1109.85,1232.42,1293.47,,,,36.08,55.92,83.04,,,,4.95,,,,4.95,48.5,,,,48.5,1년치 존재,1,4.79,,2.1,25.42,614188.0,96859.0,up,61.4,1131.0,930.0,up,bull,-105298.0,-134908.0,0.0,-71.0,KOSDAQ,1100,296,96859,0.2,자동차부품,False,
087600,픽셀플러스,,-40.93,506.71,534.82,427.08,,,,-62.81,8.46,-56.3,,,,-20.15,,,,-20.15,-765.48,,,,-765.48,1년치 존재,1,,,-3.89,26.93,3339.0,268.0,down,44.8,4260.0,3720.0,down,bear,-3218.0,-9611.0,0.0,0.0,KOSDAQ,3890,318,268,0.1,반도체와반도체장비,False,
318020,포인트모바일,1.0,188.77,800.27,772.96,872.04,,,,46.39,-14.08,30.07,,,,12.82,,,,12.82,313.57,,,,313.57,1년치 존재,1,11.11,,27.35,115.07,8163.0,4257.0,up,46.7,2980.0,1872.0,mixed,bear,-2280.0,-4227.0,-100.0,-100.0,KOSDAQ,2580,317,4257,0.5,전자장비와기기,False,
033540,파라텍,1.0,393.04,2184.11,2780.15,1739.3,,,,-160.22,37.15,-137.42,,,,-37.44,,,,-37.44,-469.91,,,,-469.91,1년치 존재,1,,,-26.69,94.55,27872.0,20226.0,up,38.8,5065.0,2645.0,down,bull,6188.0,55743.0,0.0,0.0,KOSDAQ,2820,295,20226,0.7,기계,False,
351330,이삭엔지니어링,,57.85,1005.15,684.5,789.86,,,,1.34,-45.44,-71.82,,,,15.39,,,,15.39,-58.05,,,,-58.05,1년치 존재,1,,,-28.31,171.99,44066.0,18146.0,up,52.8,3900.0,3020.0,mixed,bull,3412.0,-32010.0,0.0,0.0,KOSDAQ,3545,294,18146,0.4,IT서비스,False,
356890,싸이버원,0.7894,-273.71,246.76,478.55,337.26,,,,12.76,113.32,4.14,,,,-29.52,,,,-29.52,-96.35,,,,-96.35,1년치 존재,1,,,-0.79,14.33,167309.0,95721.0,up,56.5,2800.0,1985.0,up,bull,-10580.0,58478.0,0.0,0.0,KOSDAQ,2625,314,95721,0.6,IT서비스,False,
073540,에프알텍,0.9446,-166.39,248.05,297.6,252.64,,,,-5.01,8.15,9.2,,,,-15.11,,,,-15.11,12.88,,,,12.88,1년치 존재,1,15.13,,-1.16,20.2,34001.0,25772.0,up,65.0,2765.0,1970.0,up,bull,-1188.0,41288.0,784.0,135.0,KOSDAQ,2765,315,25772,0.8,통신장비,False,
050110,캠시스,,538.27,5005.86,3781.87,4899.37,,,,71.76,-117.28,-112.69,,,,29.55,,,,29.55,3.91,,,,3.91,1년치 존재,1,,,-2.46,146.62,36495.0,106812.0,up,43.0,5895.0,3808.0,up,bear_cross,-7230.0,91341.0,-2.0,11735.0,KOSDAQ,5000,292,106812,2.9,핸드셋,False,
333050,이노테나,,-170.61,245.89,279.66,299.54,,,,7.06,20.31,19.69,,,,7.11,,,,7.11,-3.05,,,,-3.05,1년치 존재,1,,,8.3,29.42,14158.0,4884.0,down,68.0,5930.0,4900.0,up,bull,-1042.0,2434.0,13936.0,52191.0,KOSDAQ,5930,292,4884,0.3,IT서비스,False,
101670,하이드로리튬,,80.27,,21.5,33.69,,,,,-67.86,-150.62,,,,56.7,,,,56.7,-121.96,,,,-121.96,1년치 존재,1,,,-106.57,207.88,703040.0,697502.0,up,49.1,1021.0,458.0,mixed,bull,256638.0,209065.0,-3728.0,-3728.0,KOSDAQ,530,301,697502,1.0,전기제품,False,
025440,DH오토웨어,1.0,1931.76,3931.32,3719.31,4943.66,,,,27.76,18.96,-49.16,,,,32.92,,,,32.92,-359.28,,,,-359.28,1년치 존재,1,,,-25.33,549.22,3951.0,895.0,up,35.9,3650.0,3195.0,down,bear,-1875.0,-8313.0,0.0,0.0,KOSDAQ,3195,312,895,0.2,자동차부품,False,
079170,한창산업,,-76.46,669.51,946.4,985.63,,,,15.69,87.69,78.85,,,,4.15,,,,4.15,-10.08,,,,-10.08,1년치 존재,1,,,5.8,22.95,7342.0,1426.0,down,43.0,6300.0,4380.0,mixed,bear,2219.0,-10020.0,0.0,86888.0,KOSDAQ,5600,291,1426,0.2,비철금속,False,
187270,신화콘텍,1.0,-100.13,519.43,519.69,534.33,,,,49.13,69.63,48.0,,,,2.82,,,,2.82,-31.06,,,,-31.06,1년치 존재,1,9.37,,4.15,36.91,6578.0,32388.0,down,40.8,3175.0,2480.0,mixed,bear,-3923.0,-8460.0,282.0,282.0,KOSDAQ,2855,290,32388,4.9,핸드셋,False,
462510,라메디텍,,38.12,29.18,65.77,71.87,,,,-35.26,-96.62,-118.44,,,,9.27,,,,9.27,-22.58,,,,-22.58,1년치 존재,1,,,-102.23,303.96,141414.0,53008.0,up,62.8,4035.0,2560.0,up,bull,-29697.0,62307.0,0.0,0.0,KOSDAQ,3510,309,53008,0.4,건강관리장비와용품,False,
376980,원티드랩,1.0,-71.53,396.68,367.43,381.74,,,,15.73,-8.18,10.2,,,,3.89,,,,3.89,224.69,,,,224.69,1년치 존재,1,24.1,,5.25,56.32,5754.0,3880.0,down,50.2,3530.0,2265.0,up,bull,3848.0,6442.0,2.0,-203.0,KOSDAQ,3160,309,3880,0.7,상업서비스와공급품,False,
032860,더라미,,-4.58,509.77,697.77,509.2,,,,-35.43,16.18,-17.2,,,,-27.02,,,,-27.02,-206.3,,,,-206.3,1년치 존재,1,,,-11.66,5.88,10435.0,32560.0,up,67.2,3705.0,2665.0,mixed,bull,8139.0,9810.0,1.0,-2.0,KOSDAQ,3560,288,32560,3.1,판매업체,False,
130500,GH신소재,0.8337,793.47,827.92,837.25,876.24,,,,44.65,76.67,68.44,,,,4.66,,,,4.66,-10.73,,,,-10.73,1년치 존재,1,,,-2.95,103.2,10916.0,32293.0,up,57.3,1977.0,1687.0,up,bull,5576.0,-29822.0,0.0,0.0,KOSDAQ,1977,288,32293,3.0,자동차부품,False,
032790,엠젠솔루션,1.0,53.74,206.96,344.7,285.91,,,,-48.86,-52.51,-102.74,,,,-17.06,,,,-17.06,-95.66,,,,-95.66,1년치 존재,1,,,-49.08,81.14,314101.0,138152.0,down,47.8,1631.0,800.0,mixed,bear,779.0,193536.0,618.0,618.0,KOSDAQ,1198,308,138152,0.4,IT서비스,False,
0010F0,보원케미칼,,307.5,655.4,397.28,521.94,640.0,760.0,860.0,2.49,47.61,51.19,60.0,80.0,90.0,31.38,22.62,18.75,13.16,31.38,7.52,17.21,33.33,12.5,33.33,4년치 존재,4,,,4.56,142.4,1794768.0,297762.0,up,56.4,3175.0,1865.0,up,bull,-54401.0,-453653.0,5892.0,10398.0,KOSDAQ,2760,308,297762,0.2,화학,True,2026-09-28
373170,엠아이큐브솔루션,,-183.37,241.52,296.36,256.2,,,,17.56,-10.7,8.86,,,,-13.55,,,,-13.55,182.8,,,,182.8,1년치 존재,1,,,6.1,37.03,77826.0,30550.0,up,50.9,2305.0,1380.0,mixed,bear,386.0,40221.0,-5092.0,-5247.0,KOSDAQ,1879,284,30550,0.4,IT서비스,False,
109960,앱토크롬,1.0,-106.86,160.07,164.0,98.07,,,,1.89,9.67,-22.86,,,,-40.2,,,,-40.2,-336.4,,,,-336.4,1년치 존재,1,,,11.43,4.93,3039.0,663.0,up,54.3,1925.0,1595.0,up,bear,-1829.0,-10711.0,0.0,0.0,KOSDAQ,1875,284,663,0.2,제약,False,
462310,뉴키즈온,0.9848,-20.72,458.93,503.78,490.35,,,,26.22,45.42,7.24,,,,-2.67,,,,-2.67,-84.06,,,,-84.06,1년치 존재,1,,,-0.22,31.58,9733.0,17344.0,up,52.3,4020.0,3155.0,up,bear,2362.0,-3289.0,17325.0,76883.0,KOSDAQ,3890,307,17344,1.8,"섬유,의류,신발,호화품",False,
388610,지에프씨생명과학,,28.66,153.01,168.05,177.15,,,,7.81,17.05,3.86,,,,5.42,,,,5.42,-77.36,,,,-77.36,1년치 존재,1,,,4.47,50.31,22331.0,12577.0,down,54.7,6570.0,4760.0,down,bull_cross,-6359.0,1176.0,83.0,83.0,KOSDAQ,5760,307,12577,0.6,생물공학,False,
119500,포메탈,,-35.21,710.95,651.49,660.35,,,,21.44,14.95,23.65,,,,1.36,,,,1.36,58.19,,,,58.19,1년치 존재,1,,,3.54,23.87,37744.0,35337.0,up,44.7,2615.0,2185.0,down,bull,-23938.0,-56496.0,638.0,656.0,KOSDAQ,2375,281,35337,0.9,기계,False,
048470,대동스틸,,-417.18,1376.35,1397.03,1191.64,,,,-24.24,-19.51,-11.66,,,,-14.7,,,,-14.7,40.24,,,,40.24,1년치 존재,1,,,4.26,31.21,40459.0,22348.0,down,55.0,2980.0,2310.0,up,bear,2002.0,-20796.0,759.0,804.0,KOSDAQ,2915,281,22348,0.6,철강,False,
367000,플래티어,,-58.58,,297.98,388.55,,,,,-69.75,-44.72,,,,30.39,,,,30.39,35.89,,,,35.89,1년치 존재,1,,,-5.91,84.78,5097.0,1888.0,down,59.2,3620.0,2830.0,up,bear,-1389.0,4101.0,0.0,0.0,KOSDAQ,3620,304,1888,0.4,IT서비스,False,
444530,심플랫폼,,-67.69,43.9,72.27,104.04,148.0,207.0,286.0,-15.4,-1.43,-26.65,5.0,38.0,86.0,43.96,42.25,39.86,38.16,43.96,-1763.64,118.76,660.0,126.32,660.0,4년치 존재,4,,,-32.33,40.13,4621.0,5492.0,down,50.2,5030.0,3600.0,up,bull,-8006.0,-8164.0,0.0,0.0,KOSDAQ,4720,304,5492,1.2,IT서비스,True,2026-08-28
290560,파라택시스이더리움,,8.34,104.59,118.26,139.97,,,,15.34,23.81,36.31,,,,18.36,,,,18.36,52.5,,,,52.5,1년치 존재,1,,,-0.51,21.84,233654.0,207816.0,down,48.7,1560.0,797.0,up,bear,63536.0,45301.0,-258.0,-32.0,KOSDAQ,1249,279,207816,0.9,소프트웨어,False,
043340,에쎈테크,,349.4,476.41,543.74,579.09,,,,-72.2,-3.83,19.7,,,,6.5,,,,6.5,614.36,,,,614.36,1년치 존재,1,,,6.89,158.79,66465.0,30443.0,down,22.2,1000.0,586.0,down,bear,-3387.0,16153.0,0.0,-7916.0,KOSDAQ,588,279,30443,0.5,기계,False,
258830,세종메디칼,,179.4,179.92,189.52,185.35,,,,21.9,-4.72,22.65,,,,-2.2,,,,-2.2,579.87,,,,579.87,1년치 존재,1,,,-0.11,164.2,,,,,,,,,0.0,0.0,0.0,0.0,KOSDAQ,412,312,0,,건강관리장비와용품,False,
464580,닷밀,,116.43,187.8,236.3,338.41,,,,8.24,10.24,1.23,,,,43.21,,,,43.21,-87.99,,,,-87.99,1년치 존재,1,,,-1.7,80.79,18473.0,3976.0,up,55.0,1846.0,1305.0,up,bull,8520.0,-41959.0,-13359.0,-37155.0,KOSDAQ,1635,301,3976,0.2,방송과엔터테인먼트,False,
089150,케이씨티,,113.69,161.48,116.68,230.9,,,,21.69,16.07,40.35,,,,97.89,,,,97.89,151.09,,,,151.09,1년치 존재,1,,,6.33,54.45,26195.0,16964.0,down,35.8,1919.0,1542.0,down,bear,-29942.0,-123229.0,0.0,0.0,KOSDAQ,1625,279,16964,0.6,컴퓨터와주변기기,False,
068100,케이웨더,,-57.94,163.85,155.87,176.92,,,,-24.69,-20.62,-17.32,,,,13.5,,,,13.5,16.0,,,,16.0,1년치 존재,1,,,-0.05,25.48,7090.0,1533.0,down,50.6,2470.0,2135.0,up,bull,-1009.0,-30864.0,0.0,0.0,KOSDAQ,2335,279,1533,0.2,IT서비스,False,
099390,브레인즈컴퍼니,1.0,-463.87,258.19,265.86,250.86,,,,33.38,36.0,21.1,,,,-5.64,,,,-5.64,-41.39,,,,-41.39,1년치 존재,1,5.88,,13.23,6.31,7421.0,1885.0,down,44.6,3950.0,2950.0,mixed,bear,4884.0,5267.0,-183.0,-1298.0,KOSDAQ,3640,299,1885,0.3,소프트웨어,False,
128540,에코캡,1.0,-158.18,1359.02,1385.29,1518.46,,,,39.51,195.97,-31.58,,,,9.61,,,,9.61,-116.11,,,,-116.11,1년치 존재,1,,,8.93,52.83,62474.0,38404.0,up,46.4,1374.0,1050.0,down,bull,-76831.0,-229413.0,-2331.0,0.0,KOSDAQ,1116,298,38404,0.6,자동차부품,False,
355390,크라우드웍스,,-34.52,239.78,120.14,104.84,,,,-17.86,-117.26,-133.66,,,,-12.74,,,,-12.74,-13.99,,,,-13.99,1년치 존재,1,,,-130.46,77.7,477832.0,652011.0,up,61.3,2170.0,1161.0,mixed,bull,40812.0,61887.0,5000.0,-1000.0,KOSDAQ,1740,277,652011,1.4,IT서비스,False,
383930,디티앤씨알오,,404.22,265.86,359.71,477.47,,,,-121.25,-112.95,-57.42,,,,32.74,,,,32.74,49.16,,,,49.16,1년치 존재,1,,,-105.09,1152.42,96692.0,383523.0,up,72.3,2170.0,1523.0,up,bull,50118.0,133636.0,-1570.0,3.0,KOSDAQ,2170,277,383523,4.0,생명과학도구및서비스,False,
226330,신테카바이오,,-10.79,1.23,1.21,34.29,,,,-122.76,-142.7,-107.65,,,,2733.88,,,,2733.88,24.56,,,,24.56,1년치 존재,1,,,-59.71,46.49,164603.0,125347.0,up,44.1,1872.0,1050.0,mixed,bull,-51009.0,-19609.0,925.0,925.0,KOSDAQ,1220,296,125347,0.8,건강관리업체및서비스,False,
262840,아이퀘스트,0.9408,297.55,400.79,406.39,435.64,,,,36.25,34.19,42.75,,,,7.2,,,,7.2,25.04,,,,25.04,1년치 존재,1,5.28,,15.16,73.95,21008.0,25832.0,up,60.4,3050.0,2660.0,mixed,bull,-11212.0,-22476.0,-5420.0,930.0,KOSDAQ,2885,296,25832,1.2,IT서비스,False,
007770,한일화학,1.0,256.31,1219.36,1252.82,1244.1,,,,-94.06,-65.71,-119.95,,,,-0.7,,,,-0.7,-82.54,,,,-82.54,1년치 존재,1,,,-12.9,56.44,2114.0,298.0,down,50.6,8280.0,6210.0,mixed,bear,-1.0,-390.0,0.0,0.0,KOSDAQ,7870,276,298,0.1,화학,False,
101400,엔시트론,1.0,-145.56,358.69,363.12,343.68,,,,4.21,-24.6,-50.55,,,,-5.35,,,,-5.35,-105.49,,,,-105.49,1년치 존재,1,,,-4.46,26.38,170362.0,51385.0,down,59.0,2215.0,1420.0,down,bull_cross,17891.0,-19330.0,-11103.0,-7854.0,KOSDAQ,1822,276,51385,0.3,반도체와반도체장비,False,
071850,캐스텍코리아,,765.3,1729.02,1585.12,1553.25,,,,-92.05,-100.2,-62.74,,,,-2.01,,,,-2.01,37.39,,,,37.39,1년치 존재,1,,,-7.51,175.76,7230.0,426.0,down,40.2,1480.0,1213.0,down,bull,2954.0,-6080.0,716.0,716.0,KOSDAQ,1218,295,426,0.1,자동차부품,False,
038870,에코심플렉스,1.0,151.1,157.9,180.2,172.4,,,,-26.02,-23.61,-26.61,,,,-4.33,,,,-4.33,-12.71,,,,-12.71,1년치 존재,1,,,-0.54,43.42,54703.0,8169.0,up,56.7,2710.0,1526.0,up,bull,-4967.0,12625.0,46.0,273.0,KOSDAQ,2105,295,8169,0.1,에너지장비및서비스,False,
195500,마니커에프앤지,,106.53,1012.18,1077.02,1067.58,,,,21.05,38.45,24.86,,,,-0.88,,,,-0.88,-35.34,,,,-35.34,1년치 존재,1,,,3.39,55.6,32930.0,10401.0,down,49.7,1845.0,1510.0,mixed,bear,4462.0,-43171.0,1440.0,926.0,KOSDAQ,1723,275,10401,0.3,식품,False,
450520,인스웨이브,1.0,-64.93,326.04,304.13,389.58,,,,51.81,-35.93,-48.55,,,,28.1,,,,28.1,-35.12,,,,-35.12,1년치 존재,1,,,-5.46,32.85,19984.0,29934.0,down,45.8,2050.0,1578.0,mixed,bear,-29377.0,-62977.0,0.0,0.0,KOSDAQ,1871,275,29934,1.5,소프트웨어,False,
097780,에코볼트,1.0,-909.68,1801.64,2029.18,2174.27,,,,-191.54,-207.0,10.8,,,,7.15,,,,7.15,105.22,,,,105.22,1년치 존재,1,,,0.25,8.62,10062.0,8876.0,down,44.0,1843.0,1185.0,mixed,bear,-9162.0,-5407.0,0.0,0.0,KOSDAQ,1442,293,8876,0.9,자동차부품,False,
237820,플레이디,1.0,-594.68,,386.14,402.27,,,,,40.02,62.25,,,,4.18,,,,4.18,55.55,,,,55.55,1년치 존재,1,4.97,,6.65,62.25,23489.0,30743.0,up,43.5,2980.0,2175.0,mixed,bull,-7839.0,-64798.0,0.0,0.0,KOSDAQ,2280,292,30743,1.3,광고,False,
148250,알엔투테크놀로지,,-63.06,146.87,143.03,186.52,,,,-14.5,-26.88,-34.34,,,,30.41,,,,30.41,-27.75,,,,-27.75,1년치 존재,1,,,-22.27,57.0,59765.0,22447.0,up,53.4,2285.0,1389.0,up,bear,73164.0,72367.0,0.0,0.0,KOSDAQ,2010,274,22447,0.4,통신장비,False,
078590,휴림에이텍,,-125.05,636.63,703.17,643.75,,,,48.14,39.82,2.48,,,,-8.45,,,,-8.45,-93.77,,,,-93.77,1년치 존재,1,,,-23.26,22.63,63282.0,24271.0,down,40.1,3725.0,1955.0,down,bear,14427.0,4132.0,-1.0,-285.0,KOSDAQ,2735,273,24271,0.4,자동차부품,False,
188260,세니젠,,-100.37,201.87,154.28,153.54,,,,-64.76,-58.75,-43.74,,,,-0.48,,,,-0.48,25.55,,,,25.55,1년치 존재,1,,,-51.82,104.08,13416.0,2293.0,up,52.5,2200.0,1759.0,up,bear,5240.0,8124.0,0.0,0.0,KOSDAQ,2100,292,2293,0.2,건강관리장비와용품,False,
317240,TS트릴리온,,107.48,399.84,296.82,260.34,,,,7.08,6.88,0.26,,,,-12.29,,,,-12.29,-96.22,,,,-96.22,1년치 존재,1,,,0.27,97.92,84718.0,189235.0,down,38.9,1299.0,671.0,down,bear,16973.0,-30004.0,-1041.0,-771.0,KOSDAQ,999,291,189235,2.2,가정용품,False,
398120,에스지헬스케어,1.0,25.93,277.79,161.05,246.01,,,,22.47,-6.73,14.67,,,,52.75,,,,52.75,317.98,,,,317.98,1년치 존재,1,29.06,,4.71,53.26,72312.0,35775.0,down,67.5,2305.0,1674.0,up,bull,-28864.0,-89423.0,-409.0,-556.0,KOSDAQ,2300,272,35775,0.5,건강관리장비와용품,False,
368970,오에스피,0.8855,51.14,351.69,303.09,253.87,,,,20.43,-0.59,-12.76,,,,-16.24,,,,-16.24,-2062.71,,,,-2062.71,1년치 존재,1,,,-6.88,47.11,37405.0,15103.0,down,40.8,2810.0,2090.0,mixed,bear,-14267.0,-61248.0,565.0,330.0,KOSDAQ,2420,272,15103,0.4,식품,False,
318010,팜스빌,0.9955,-357.57,213.95,167.25,127.28,,,,16.33,-2.58,-6.73,,,,-23.9,,,,-23.9,-160.85,,,,-160.85,1년치 존재,1,10.0,,4.53,2.49,2375.0,2732.0,down,51.9,3790.0,3390.0,down,bear,-1305.0,-3736.0,0.0,0.0,KOSDAQ,3650,289,2732,1.2,건강관리업체및서비스,False,
038950,파인디지털,1.0,-585.56,877.27,708.01,628.5,,,,-6.6,-45.78,-45.83,,,,-11.23,,,,-11.23,-0.11,,,,-0.11,1년치 존재,1,,,-1.36,8.33,2577.0,643.0,down,39.6,3240.0,2810.0,mixed,bear,18.0,-360.0,214.0,139.0,KOSDAQ,2830,289,643,0.2,전자제품,False,
114630,폴라리스우노,1.0,-385.07,780.51,801.3,1018.26,,,,54.72,23.2,77.91,,,,27.08,,,,27.08,235.82,,,,235.82,1년치 존재,1,11.23,,4.23,19.54,66028.0,12094.0,up,47.5,1796.0,1379.0,up,bear_cross,-6018.0,-89790.0,1390.0,55861.0,KOSDAQ,1565,270,12094,0.2,"섬유,의류,신발,호화품",False,
236810,엔비티,,-90.88,1066.58,1051.18,923.1,,,,-19.34,-33.41,-65.01,,,,-12.18,,,,-12.18,-94.58,,,,-94.58,1년치 존재,1,,,-6.2,83.66,25344.0,17273.0,down,44.4,1805.0,984.0,mixed,bear,-16403.0,-61618.0,129.0,130.0,KOSDAQ,1587,269,17273,0.7,광고,False,
365590,하이딥,,43.88,104.84,58.9,17.67,,,,-86.15,-91.21,-117.34,,,,-70.0,,,,-70.0,-28.65,,,,-28.65,1년치 존재,1,,,-232.75,426.48,331266.0,113807.0,up,46.5,2964.0,1249.0,down,bull,-3261.0,-41070.0,-16201.0,-312.0,KOSDAQ,1503,277,113807,0.3,반도체와반도체장비,False,
239610,에이치엘사이언스,,-241.58,255.87,176.64,167.06,,,,-46.92,-98.59,-110.52,,,,-5.42,,,,-5.42,-12.1,,,,-12.1,1년치 존재,1,,,-13.3,2.81,920.0,1287.0,down,48.7,5730.0,5090.0,down,bear,-1439.0,-4858.0,1.0,4.0,KOSDAQ,5290,285,1287,1.4,건강관리업체및서비스,False,
376180,피코그램,,-56.91,277.09,321.44,308.73,,,,15.26,28.37,-7.04,,,,-3.95,,,,-3.95,-124.81,,,,-124.81,1년치 존재,1,,,10.65,44.73,32809.0,25200.0,up,50.7,1660.0,1176.0,mixed,bull,-13399.0,-58442.0,0.0,0.0,KOSDAQ,1447,269,25200,0.8,가정용기기와용품,False,
047080,한빛소프트,0.9577,-108.15,259.28,332.98,378.86,,,,-65.24,-14.07,2.84,,,,13.78,,,,13.78,120.18,,,,120.18,1년치 존재,1,5.14,,45.21,18.2,50736.0,24881.0,up,55.3,1107.0,882.0,mixed,bear,444.0,-38935.0,821.0,836.0,KOSDAQ,1081,268,24881,0.5,게임엔터테인먼트,False,
019570,GMI벤처,1.0,,69.51,103.38,128.91,,,,-103.14,12.74,33.13,,,,24.7,,,,24.7,160.05,,,,160.05,1년치 존재,1,9.92,,-0.66,,10896.0,15419.0,up,55.0,4025.0,2310.0,mixed,bull,-2308.0,-5809.0,0.0,-4.0,KOSDAQ,2960,283,15419,1.4,창업투자,False,
043220,티에스넥스젠,1.0,48.45,265.46,214.91,145.38,,,,-17.24,-57.27,-58.72,,,,-32.35,,,,-32.35,-2.53,,,,-2.53,1년치 존재,1,,,-73.15,72.07,,,,,,,,,0.0,0.0,0.0,0.0,KOSDAQ,1710,282,0,,기계,False,
359090,씨엔알리서치,1.0,3.19,551.02,596.89,649.82,,,,62.33,36.3,13.85,,,,8.87,,,,8.87,-61.85,,,,-61.85,1년치 존재,1,10.36,,3.42,101.86,10272.0,13208.0,up,72.3,2345.0,1699.0,up,bull,-5575.0,-11039.0,0.0,0.0,KOSDAQ,2330,268,13208,1.3,제약,False,
140430,카티스,,107.59,300.16,316.73,279.01,,,,18.9,15.94,-5.37,,,,-11.91,,,,-11.91,-133.69,,,,-133.69,1년치 존재,1,,,2.13,58.92,874788.0,179967.0,up,54.0,3190.0,1520.0,up,bear,22480.0,-71985.0,1577.0,1577.0,KOSDAQ,2505,268,179967,0.2,통신장비,False,
080530,코디,1.0,-204.28,792.43,784.14,765.31,892.0,1032.0,,-7.72,15.43,37.54,48.0,64.0,,-2.4,16.55,15.7,,16.55,143.29,27.86,33.33,,143.29,3년치 존재,3,5.24,,8.76,41.59,8132.0,11046.0,down,48.8,2730.0,2055.0,mixed,bear,4006.0,4910.0,128.0,128.0,KOSDAQ,2480,275,11046,1.4,화장품,False,
225220,제놀루션,,-27.59,97.61,71.36,94.04,,,,-70.91,-91.64,-86.42,,,,31.78,,,,31.78,5.7,,,,5.7,1년치 존재,1,,,-6.46,37.46,28842.0,62685.0,down,56.6,1481.0,1279.0,up,bear,-16655.0,-28278.0,322.0,46.0,KOSDAQ,1456,279,62685,2.2,건강관리장비와용품,False,
115480,씨유메디칼,1.0,162.02,418.03,406.29,482.23,,,,49.41,78.01,108.13,,,,18.69,,,,18.69,38.61,,,,38.61,1년치 존재,1,32.6,,14.82,75.2,12920.0,23286.0,down,45.6,2450.0,1705.0,mixed,bear,3763.0,2747.0,-16.0,-16.0,KOSDAQ,2205,267,23286,1.8,건강관리장비와용품,False,
351870,차이커뮤니케이션,0.4764,703.22,564.02,587.78,664.75,,,,86.05,35.47,44.35,,,,13.1,,,,13.1,25.04,,,,25.04,1년치 존재,1,22.23,,-1.94,208.19,19446.0,42501.0,up,53.1,2715.0,1575.0,mixed,bear,4747.0,8774.0,0.0,0.0,KOSDAQ,2395,267,42501,2.2,광고,False,
160550,NEW,1.0,288.02,1291.48,1132.45,1426.53,,,,-55.83,-189.57,26.54,,,,25.97,,,,25.97,114.0,,,,114.0,1년치 존재,1,35.54,,-1.14,97.85,55802.0,30110.0,down,39.8,1159.0,985.0,down,bear,10689.0,-76983.0,-19305.0,-19305.0,KOSDAQ,999,279,30110,0.5,방송과엔터테인먼트,False,
067010,이씨에스,,-288.53,,918.06,733.47,912.1,,,,14.75,-26.92,2.99,,,-20.11,24.35,,,24.35,-282.51,111.11,,,111.11,2년치 존재,2,,,5.88,45.22,51004.0,30395.0,up,62.3,2600.0,1875.0,mixed,bear,7553.0,-42077.0,119800.0,538052.0,KOSDAQ,2560,279,30395,0.6,IT서비스,False,
096630,에스코넥,1.0,198.87,2753.14,2892.73,2786.88,,,,79.66,104.54,132.74,,,,-3.66,,,,-3.66,26.98,,,,26.98,1년치 존재,1,0.75,,26.5,65.72,18418.0,18118.0,down,32.9,2050.0,1555.0,down,bear,-8335.0,-26093.0,-367.0,-367.0,KOSDAQ,1680,267,18118,1.0,핸드셋,False,
290520,신도기연,1.0,-279.41,207.55,105.98,319.23,,,,-25.11,-40.96,18.08,,,,201.22,,,,201.22,144.14,,,,144.14,1년치 존재,1,14.76,,-2.07,7.45,21675.0,13948.0,down,60.5,1759.0,1480.0,up,bull,-9382.0,-27737.0,30.0,30.0,KOSDAQ,1695,267,13948,0.6,디스플레이장비및부품,False,
475660,에스켐,,-6.06,244.08,330.85,220.99,,,,19.24,22.44,-20.3,,,,-33.21,,,,-33.21,-190.46,,,,-190.46,1년치 존재,1,,,-6.3,8.8,13144.0,25994.0,down,58.2,3755.0,2925.0,down,bull_cross,2091.0,-24629.0,-13668.0,-35363.0,KOSDAQ,3405,270,25994,2.0,디스플레이장비및부품,False,
131220,대한과학,0.6865,-28.22,737.02,716.94,811.18,,,,61.67,42.25,55.31,,,,13.14,,,,13.14,30.91,,,,30.91,1년치 존재,1,8.47,,7.99,25.07,5745.0,6991.0,up,57.2,3960.0,3250.0,down,bull,198.0,-7479.0,30.0,133.0,KOSDAQ,3725,278,6991,1.2,생명과학도구및서비스,False,
066910,손오공,1.0,231.18,503.48,305.34,970.0,,,,-94.99,-90.87,-66.83,,,,217.68,,,,217.68,26.46,,,,26.46,1년치 존재,1,31.96,,11.58,124.45,26914.0,38302.0,down,36.4,2990.0,1648.0,down,bear,1269.0,-37673.0,0.0,0.0,KOSDAQ,1718,264,38302,1.4,레저용장비와제품,False,
032750,삼진,1.0,-476.86,1564.08,1591.64,1483.23,,,,18.87,72.48,58.23,,,,-6.81,,,,-6.81,-19.66,,,,-19.66,1년치 존재,1,6.79,,3.84,12.95,5040.0,2165.0,down,44.0,3060.0,2770.0,mixed,bear,-1489.0,-13305.0,-385.0,-1311.0,KOSDAQ,2925,264,2165,0.4,전자제품,False,
017000,신원종합개발,,192.86,3097.55,2598.1,2113.11,,,,31.29,150.14,86.0,,,,-18.67,,,,-18.67,-42.72,,,,-42.72,1년치 존재,1,,,7.33,100.67,24941.0,32018.0,down,42.2,2620.0,1998.0,mixed,bear,-21025.0,-15802.0,0.0,0.0,KOSDAQ,2305,269,32018,1.3,건설,False,
068050,팬엔터테인먼트,1.0,161.45,1238.11,346.89,351.78,,,,43.75,1.29,-34.72,,,,1.41,,,,1.41,-2791.47,,,,-2791.47,1년치 존재,1,,,-8.52,83.18,27937.0,129531.0,down,28.9,1217.0,1014.0,mixed,bear,-22509.0,-69213.0,16186.0,128175.0,KOSDAQ,1032,286,129531,4.6,방송과엔터테인먼트,False,
328380,솔트웨어,1.0,-74.18,493.41,578.7,636.74,,,,-0.89,-17.09,5.66,,,,10.03,,,,10.03,133.12,,,,133.12,1년치 존재,1,30.9,,1.28,59.82,13786.0,11666.0,up,49.6,4340.0,2405.0,up,bear,-12247.0,-2789.0,0.0,0.0,KOSDAQ,3820,262,11666,0.8,IT서비스,False,
013720,청보,,-37.95,313.59,244.49,249.08,,,,7.87,14.08,7.62,,,,1.88,,,,1.88,-45.88,,,,-45.88,1년치 존재,1,,,-21.65,59.42,7481.0,18483.0,down,42.5,2533.0,1648.0,down,bear,4549.0,10770.0,0.0,0.0,KOSDAQ,2150,262,18483,2.5,자동차부품,False,
139670,키네마스터,1.0,-310.41,167.74,133.34,122.59,,,,18.62,5.92,9.25,,,,-8.06,,,,-8.06,56.25,,,,56.25,1년치 존재,1,7.85,,26.68,7.24,14392.0,2468.0,down,44.2,2145.0,1421.0,mixed,bear,-8847.0,-2359.0,0.0,0.0,KOSDAQ,1897,268,2468,0.2,소프트웨어,False,
008470,부스타,1.0,-295.86,1010.6,1061.83,1207.61,,,,15.4,2.32,18.13,,,,13.73,,,,13.73,681.47,,,,681.47,1년치 존재,1,17.69,,-0.46,28.46,20051.0,9616.0,down,39.5,2100.0,1640.0,down,bear_cross,-2428.0,-6932.0,17534.0,32644.0,KOSDAQ,1640,276,9616,0.5,기계,False,
900310,컬러레이,1.0,-1908.93,464.28,436.25,436.33,,,,56.89,1.79,2.32,,,,0.02,,,,0.02,29.61,,,,29.61,1년치 존재,1,,,-0.31,13.73,4175.0,2492.0,down,44.6,2310.0,1712.0,mixed,bear,-4392.0,-10792.0,0.0,0.0,KOSDAQ,2030,260,2492,0.6,화장품,False,
146060,율촌,0.8889,438.55,726.12,781.66,792.51,,,,41.2,51.57,50.8,,,,1.39,,,,1.39,-1.49,,,,-1.49,1년치 존재,1,7.96,,6.01,128.5,30309.0,23277.0,up,53.9,1130.0,900.0,mixed,bear,6081.0,28430.0,0.0,0.0,KOSDAQ,1082,260,23277,0.8,자동차부품,False,
458350,에스팀,1.0,-220.04,348.84,355.74,351.52,,,,-17.91,20.1,24.62,,,,-1.19,,,,-1.19,22.49,,,,22.49,1년치 존재,1,12.84,,14.99,32.78,25901.0,12647.0,down,44.6,4260.0,2880.0,down,bull,2417.0,7333.0,-13164.0,-155875.0,KOSDAQ,3080,267,12647,0.5,광고,False,
254120,자비스,1.0,-1.5,287.08,376.12,278.95,,,,8.41,12.06,-39.2,,,,-25.83,,,,-25.83,-425.04,,,,-425.04,1년치 존재,1,,,-17.25,76.45,83556.0,65281.0,down,35.3,1058.0,632.0,mixed,bear,0.0,-40253.0,0.0,0.0,KOSDAQ,910,280,65281,0.8,전자장비와기기,False,
123840,뉴온,,-34.24,43.9,104.74,481.64,,,,-91.2,-98.19,-133.78,,,,359.84,,,,359.84,-36.25,,,,-36.25,1년치 존재,1,,,-60.69,12.99,25650.0,7185.0,down,44.9,2200.0,1504.0,mixed,bull,-4447.0,16418.0,272.0,272.0,KOSDAQ,1660,258,7185,0.3,건강관리업체및서비스,False,
105550,엣지파운드리,1.0,298.38,370.4,372.98,363.91,,,,-48.36,-50.72,-155.4,,,,-2.43,,,,-2.43,-206.39,,,,-206.39,1년치 존재,1,1.64,,-16.65,49.1,35148.0,12299.0,down,37.2,3350.0,1598.0,down,bull,-3912.0,-66768.0,-104.0,1.0,KOSDAQ,1648,258,12299,0.3,자동차부품,False,
191410,육일씨엔에쓰,1.0,162.42,290.2,337.25,448.35,,,,9.14,-9.52,-15.07,,,,32.94,,,,32.94,-58.3,,,,-58.3,1년치 존재,1,15.19,,16.2,145.37,180204.0,77860.0,up,51.4,2025.0,1110.0,mixed,bear,-9943.0,-62156.0,525.0,-184.0,KOSDAQ,1720,267,77860,0.4,디스플레이패널,False,
058110,멕아이씨에스,,85.53,132.61,113.69,112.88,,,,-138.74,-94.92,-27.87,,,,-0.71,,,,-0.71,70.64,,,,70.64,1년치 존재,1,,,2.87,50.99,102912.0,731743.0,up,62.8,1923.0,1470.0,mixed,bull,-9997.0,-40009.0,-57.0,787.0,KOSDAQ,1699,273,731743,7.1,건강관리장비와용품,False,
054940,엑사이엔씨,0.5462,196.82,1742.56,2030.88,1770.03,,,,34.1,85.13,25.05,,,,-12.84,,,,-12.84,-70.57,,,,-70.57,1년치 존재,1,40.66,,6.14,91.07,72511.0,59105.0,down,57.5,4335.0,2875.0,mixed,bear,-6642.0,27974.0,0.0,0.0,KOSDAQ,3870,257,59105,0.8,반도체와반도체장비,False,
033050,제이엠아이,1.0,-39.1,745.67,804.37,898.03,,,,44.45,40.46,40.69,,,,11.64,,,,11.64,0.57,,,,0.57,1년치 존재,1,7.49,,11.36,78.15,19284.0,6662.0,down,43.1,940.0,760.0,down,bear,-2627.0,-35559.0,0.0,0.0,KOSDAQ,806,257,6662,0.3,가정용품,False,
043200,파루,,230.65,422.05,400.9,287.85,,,,-19.16,2.12,-27.34,,,,-28.2,,,,-28.2,-1389.62,,,,-1389.62,1년치 존재,1,,,-4.39,127.6,102238.0,106405.0,up,56.3,1684.0,1024.0,mixed,bull,-58105.0,210553.0,0.0,-2.0,KOSDAQ,1265,264,106405,1.0,에너지장비및서비스,False,
027040,서울전자통신,,39.93,345.87,358.22,337.29,,,,-37.57,-22.3,-16.09,,,,-5.84,,,,-5.84,27.85,,,,27.85,1년치 존재,1,,,13.01,130.79,507286.0,308139.0,up,60.2,2225.0,1560.0,mixed,bull,178211.0,259772.0,-227.0,0.0,KOSDAQ,2000,278,308139,0.6,전자장비와기기,False,
238490,힘스,,120.58,501.0,612.64,592.59,,,,58.64,1.69,-75.31,,,,-3.27,,,,-3.27,-4556.21,,,,-4556.21,1년치 존재,1,,,-22.84,54.16,12185.0,6846.0,down,46.7,2525.0,2100.0,mixed,bull,-3175.0,-6466.0,0.0,-396.0,KOSDAQ,2255,255,6846,0.6,디스플레이장비및부품,False,
072770,멤레이비티,,337.54,899.99,1301.45,896.29,,,,-20.39,-28.21,-28.07,,,,-31.13,,,,-31.13,0.5,,,,0.5,1년치 존재,1,,,-38.57,225.73,175860.0,311673.0,down,27.1,1053.0,651.0,down,bear,44770.0,755.0,0.0,0.0,KOSDAQ,612,254,311673,1.8,IT서비스,False,
016920,카스,1.0,516.41,1560.32,1560.04,1610.74,,,,49.58,36.1,20.15,,,,3.25,,,,3.25,-44.18,,,,-44.18,1년치 존재,1,,,-0.35,139.41,86364.0,99641.0,down,36.8,1147.0,936.0,mixed,bear,-29924.0,-152471.0,0.0,0.0,KOSDAQ,1021,262,99641,1.2,전자장비와기기,False,
054090,삼진엘앤디,,351.01,1890.23,1480.06,1363.43,,,,-129.28,-37.43,-19.74,,,,-7.88,,,,-7.88,47.26,,,,47.26,1년치 존재,1,,,9.73,240.06,79150.0,86771.0,down,49.7,1060.0,865.0,mixed,bear,13845.0,7452.0,0.0,28960.0,KOSDAQ,1011,252,86771,1.1,전자장비와기기,False,
088340,유라클,1.0,11.8,457.46,475.77,437.54,466.0,,,31.0,19.66,-67.75,-35.0,,,-8.04,6.5,,,6.5,-444.61,48.34,,,48.34,2년치 존재,2,,,-31.87,89.33,19640.0,6745.0,down,35.1,7390.0,5680.0,mixed,bear,-13362.0,-29865.0,0.0,0.0,KOSDAQ,6350,277,6745,0.3,소프트웨어,False,
378800,샤페론,,-179.56,2.15,0.18,2.28,,,,-132.28,-151.42,-158.39,,,,1166.67,,,,1166.67,-4.6,,,,-4.6,1년치 존재,1,,,-113.28,53.35,163590.0,34863.0,down,56.0,6475.0,2045.0,mixed,bull,4454.0,-18928.0,-18.0,-18.0,KOSDAQ,2720,252,34863,0.2,제약,False,
060380,동양에스텍,0.6963,370.86,2104.67,1910.4,1978.2,,,,59.86,31.54,18.13,,,,3.55,,,,3.55,-42.52,,,,-42.52,1년치 존재,1,19.13,,2.33,69.3,10338.0,4741.0,up,58.2,1328.0,1130.0,up,bull,2468.0,-20835.0,0.0,0.0,KOSDAQ,1324,261,4741,0.5,철강,False,
297570,아틀라스링크,1.0,321.77,,309.47,429.13,,,,,48.07,65.39,,,,38.67,,,,38.67,36.03,,,,36.03,1년치 존재,1,5.56,,11.45,100.28,9440.0,2746.0,down,42.3,6265.0,3750.0,down,bull,-8549.0,-11628.0,0.0,-748.0,KOSDAQ,3985,276,2746,0.3,전자제품,False,
016100,리더스코스메틱,1.0,296.08,692.79,734.99,683.14,,,,-43.11,-29.03,-70.9,,,,-7.05,,,,-7.05,-144.23,,,,-144.23,1년치 존재,1,,,-21.54,99.47,34886.0,8503.0,down,56.0,1341.0,973.0,up,bear_cross,1457.0,2556.0,0.0,-261.0,KOSDAQ,1298,248,8503,0.2,포장재,False,
405920,나라셀라,1.0,389.1,853.25,827.07,821.09,,,,1.96,-34.78,9.84,,,,-0.72,,,,-0.72,128.29,,,,128.29,1년치 존재,1,291.76,,-1.62,94.59,5498.0,15719.0,down,56.9,1954.0,1600.0,up,bull,-1564.0,-3383.0,0.0,0.0,KOSDAQ,1925,248,15719,2.9,음료,False,
103840,우양,,711.36,1912.95,1762.6,1837.76,,,,13.0,4.54,46.66,,,,4.26,,,,4.26,927.75,,,,927.75,1년치 존재,1,,,2.01,243.01,24779.0,31387.0,up,35.5,2040.0,1561.0,down,bull,-33307.0,-167403.0,0.0,0.0,KOSDAQ,1578,258,31387,1.3,식품,False,
290270,휴네시온,0.9794,-137.38,361.4,368.93,377.3,,,,46.63,31.54,48.02,,,,2.27,,,,2.27,52.25,,,,52.25,1년치 존재,1,4.87,,9.57,11.6,31382.0,35013.0,up,51.4,2955.0,2490.0,mixed,bear,26217.0,10219.0,1661.0,1661.0,KOSDAQ,2860,275,35013,1.1,소프트웨어,False,
368600,아이씨에이치,,447.85,431.93,645.68,468.52,,,,-100.61,-32.3,-144.92,,,,-27.44,,,,-27.44,-348.67,,,,-348.67,1년치 존재,1,,,-51.51,204.73,3839106.0,890698.0,up,51.3,1342.0,512.0,up,bear_cross,0.0,-96322.0,0.0,0.0,KOSDAQ,956,247,890698,0.2,전자장비와기기,False,
021880,메이슨캐피탈,0.9681,,,202.85,250.91,220.27,,,,42.98,-100.98,-22.18,,,23.69,-12.21,,,23.69,-334.95,78.04,,,78.04,2년치 존재,2,,,-1.34,,25218.0,8664.0,down,36.5,1609.0,1133.0,down,bull,-11110.0,-3451.0,0.0,0.0,KOSDAQ,1162,247,8664,0.3,기타금융,False,
288620,에스프리즘,,-107.76,325.25,336.66,157.86,,,,-24.82,-41.37,-150.13,,,,-53.11,,,,-53.11,-262.9,,,,-262.9,1년치 존재,1,,,-36.55,91.21,54544.0,10982.0,down,44.9,4660.0,3640.0,mixed,bear,2570.0,-34858.0,-1360.0,2.0,KOSDAQ,3910,273,10982,0.2,전기제품,False,
079000,와토스코리아,,-499.8,176.78,174.98,141.26,,,,-0.9,-2.47,-43.16,,,,-19.27,,,,-19.27,-1647.37,,,,-1647.37,1년치 존재,1,,,-4.42,7.34,10420.0,5501.0,down,27.0,4805.0,3520.0,down,bear,-3619.0,-31285.0,1964.0,3485.0,KOSDAQ,3580,258,5501,0.5,건축제품,False,
322780,코퍼스코리아,1.0,105.81,440.61,418.32,329.0,,,,22.19,-293.62,-70.94,,,,-21.35,,,,-21.35,75.84,,,,75.84,1년치 존재,1,,,-27.31,132.78,41488.0,27929.0,down,30.8,2235.0,1611.0,down,bear,19963.0,6224.0,391.0,391.0,KOSDAQ,1611,245,27929,0.7,방송과엔터테인먼트,False,
138070,신진에스엠,1.0,43.5,597.04,546.26,544.36,,,,39.55,13.04,-3.83,,,,-0.35,,,,-0.35,-129.37,,,,-129.37,1년치 존재,1,,,1.58,33.48,10716.0,29543.0,down,35.9,1577.0,1280.0,down,bear,-8069.0,-33708.0,0.0,0.0,KOSDAQ,1398,245,29543,2.8,기계,False,
052300,오션인더블유,0.4591,-1010.51,118.63,68.02,75.7,,,,-6.83,-32.67,-24.52,,,,11.29,,,,11.29,24.95,,,,24.95,1년치 존재,1,,,-17.87,32.23,225469.0,32822.0,up,55.2,1730.0,1325.0,up,bear,21112.0,-58734.0,40747.0,38516.0,KOSDAQ,1576,256,32822,0.1,건축제품,False,
198940,한주라이트메탈,,1029.3,2209.82,2507.64,2594.65,,,,-135.75,-86.59,13.34,,,,3.47,,,,3.47,115.41,,,,115.41,1년치 존재,1,,,-3.94,349.52,58590.0,31896.0,down,46.5,1510.0,1190.0,mixed,bear_cross,8196.0,-60753.0,-8657.0,-27336.0,KOSDAQ,1362,272,31896,0.5,자동차부품,False,
044780,에이치케이,1.0,-47.61,666.37,540.15,541.9,,,,8.42,-26.38,-3.87,,,,0.32,,,,0.32,85.33,,,,85.33,1년치 존재,1,5.34,,20.98,45.29,38460.0,11502.0,down,42.7,1404.0,1215.0,mixed,bear,-16810.0,-30608.0,0.0,0.0,KOSDAQ,1321,244,11502,0.3,기계,False,
043590,웰킵스하이텍,1.0,72.84,202.31,298.4,213.53,,,,2.93,-99.55,-21.01,,,,-28.44,,,,-28.44,78.9,,,,78.9,1년치 존재,1,,,-11.06,60.34,24483.0,63223.0,up,70.5,1800.0,999.0,up,bull_cross,-67.0,31962.0,0.0,0.0,KOSDAQ,1800,244,63223,2.6,전기제품,False,
415380,스튜디오삼익,,-185.27,953.99,1079.28,959.31,,,,27.78,39.88,28.29,,,,-11.12,,,,-11.12,-29.06,,,,-29.06,1년치 존재,1,,,6.48,23.0,20013.0,14791.0,up,62.0,2225.0,1760.0,mixed,bear,-2019.0,-18844.0,37608.0,239790.0,KOSDAQ,2210,253,14791,0.7,가구,False,
091970,LSK아이로봇,,124.01,424.01,555.1,501.11,,,,-18.44,1.78,-2.62,,,,-9.73,,,,-9.73,-247.19,,,,-247.19,1년치 존재,1,,,-14.17,185.65,17746.0,11333.0,down,40.8,4385.0,3450.0,down,bear,-8858.0,-17227.0,0.0,0.0,KOSDAQ,3575,269,11333,0.6,화학,False,
317120,라닉스,,147.44,115.43,77.13,74.68,,,,-29.57,-54.19,-60.52,,,,-3.18,,,,-3.18,-11.68,,,,-11.68,1년치 존재,1,,,-45.38,134.7,64431.0,134797.0,up,65.8,1584.0,1196.0,up,bull,-50613.0,-134296.0,-1321.0,0.0,KOSDAQ,1584,242,134797,2.1,통신장비,False,
177830,파버나인,1.0,539.59,1206.85,1328.25,1325.4,,,,16.92,81.26,25.69,,,,-0.21,,,,-0.21,-68.39,,,,-68.39,1년치 존재,1,,,-5.22,131.77,16495.0,13632.0,down,41.1,2460.0,2085.0,down,bull,-11315.0,-15382.0,0.0,-162.0,KOSDAQ,2125,241,13632,0.8,디스플레이장비및부품,False,
148780,비큐AI,1.0,-87.54,168.92,173.0,170.15,,,,2.4,-8.12,-10.68,,,,-1.65,,,,-1.65,-31.53,,,,-31.53,1년치 존재,1,,,-0.08,33.05,67562.0,32514.0,down,55.6,5050.0,1982.0,up,bull,2058.0,3645.0,32382.0,159284.0,KOSDAQ,3975,250,32514,0.5,소프트웨어,False,
215790,이노인스트루먼트,,134.94,438.72,411.75,436.87,,,,-188.81,-274.54,-91.89,,,,6.1,,,,6.1,66.53,,,,66.53,1년치 존재,1,,,2.14,84.84,2671304.0,3289467.0,down,47.0,988.0,617.0,down,bull_cross,-79010.0,4349.0,0.0,0.0,KOSDAQ,666,268,3289467,1.2,통신장비,False,
188040,바이오포트,1.0,-36.16,686.99,733.46,708.8,,,,49.19,52.4,8.3,,,,-3.36,,,,-3.36,-84.16,,,,-84.16,1년치 존재,1,,,7.34,56.05,5590.0,7347.0,up,56.0,5290.0,4240.0,up,bull_cross,-3780.0,-23892.0,3807.0,18712.0,KOSDAQ,5120,240,7347,1.3,식품,False,
023770,플레이위드,,-20.62,285.52,323.07,346.58,,,,-66.47,-85.32,-46.82,,,,7.28,,,,7.28,45.12,,,,45.12,1년치 존재,1,,,-10.44,54.7,22852.0,12451.0,down,54.5,2895.0,2300.0,mixed,bear,-8240.0,-28021.0,0.0,0.0,KOSDAQ,2675,239,12451,0.5,게임엔터테인먼트,False,
090150,아이윈,0.9643,94.78,1082.75,1193.19,1159.1,,,,63.54,79.01,68.75,,,,-2.86,,,,-2.86,-12.99,,,,-12.99,1년치 존재,1,2.86,,48.6,67.7,11112.0,3363.0,down,47.7,6760.0,4780.0,mixed,bear,1935.0,405.0,0.0,1.0,KOSDAQ,5910,247,3363,0.3,자동차부품,False,
038880,아이에이,,432.04,591.8,507.23,411.83,,,,-102.19,-64.41,-73.19,,,,-18.81,,,,-18.81,-13.63,,,,-13.63,1년치 존재,1,,,-37.26,151.87,18865.0,18838.0,up,58.9,4285.0,2395.0,mixed,bull,9449.0,33407.0,0.0,0.0,KOSDAQ,3560,268,18838,1.0,자동차부품,False,
101680,한국정밀기계,,66.65,437.28,637.01,305.72,,,,-70.15,20.73,-75.27,,,,-52.01,,,,-52.01,-463.1,,,,-463.1,1년치 존재,1,,,-17.76,160.43,16348.0,7180.0,down,46.7,3010.0,2025.0,up,bear,-27232.0,-21356.0,0.0,0.0,KOSDAQ,2840,239,7180,0.4,기계,False,
267790,배럴,1.0,-105.19,581.63,644.46,591.93,,,,85.03,90.8,66.45,,,,-8.15,,,,-8.15,-26.82,,,,-26.82,1년치 존재,1,5.52,,19.36,62.74,3363.0,2718.0,up,43.9,3590.0,3020.0,down,bear,1376.0,100.0,-67.0,0.0,KOSDAQ,3095,238,2718,0.8,"섬유,의류,신발,호화품",False,
131180,딜리,,-158.51,257.05,382.13,323.06,,,,-8.91,23.08,8.03,,,,-15.46,,,,-15.46,-65.21,,,,-65.21,1년치 존재,1,,,5.97,9.4,5164.0,4857.0,up,51.3,4465.0,3480.0,up,bear,1846.0,1175.0,-891.0,0.0,KOSDAQ,4185,246,4857,0.9,컴퓨터와주변기기,False,
016670,디모아,,-568.15,252.42,199.41,230.62,,,,39.78,22.94,40.55,,,,15.65,,,,15.65,76.77,,,,76.77,1년치 존재,1,,,11.3,53.05,9841.0,9208.0,up,55.3,2775.0,2310.0,up,bull,3075.0,313.0,0.0,0.0,KOSDAQ,2620,267,9208,0.9,소프트웨어,False,
039740,한국정보공학,1.0,155.05,1155.65,1940.98,1462.86,,,,0.6,6.17,4.2,,,,-24.63,,,,-24.63,-31.93,,,,-31.93,1년치 존재,1,10.97,,8.46,128.55,9146.0,11962.0,down,41.3,3270.0,2845.0,down,bear,-12756.0,-38846.0,0.0,0.0,KOSDAQ,2945,236,11962,1.3,판매업체,False,
070300,퀀텀레일,,11.1,347.63,107.47,185.37,,,,-1.18,-21.77,19.02,,,,72.49,,,,72.49,187.37,,,,187.37,1년치 존재,1,101.29,,0.89,51.77,2120963.0,9573379.0,down,21.2,2080.0,601.0,down,bear,-244701.0,316941.0,-3463.0,1361.0,KOSDAQ,663,236,9573379,4.5,핸드셋,False,
115530,씨엔플러스,1.0,92.91,362.61,474.93,536.17,,,,9.61,-0.37,3.68,,,,12.89,,,,12.89,1094.59,,,,1094.59,1년치 존재,1,,,15.11,425.84,44510.0,23331.0,down,50.2,3230.0,1726.0,up,bear,-29634.0,-8503.0,0.0,0.0,KOSDAQ,2850,245,23331,0.5,에너지장비및서비스,False,
069140,누리플랜,0.2,411.46,1221.81,1160.59,1176.35,,,,-246.46,41.3,48.21,,,,1.36,,,,1.36,16.73,,,,16.73,1년치 존재,1,126.07,,1.22,164.52,23012.0,8900.0,down,47.3,1985.0,1562.0,down,bull,-5574.0,-38356.0,0.0,-38753.0,KOSDAQ,1760,266,8900,0.4,건설,False,
035200,프럼파스트,1.0,-144.5,294.81,296.6,252.31,,,,14.43,16.24,-4.44,,,,-14.93,,,,-14.93,-127.34,,,,-127.34,1년치 존재,1,22.8,,1.42,10.27,169484.0,11591.0,down,36.4,2995.0,2460.0,down,bear,-4433.0,-54067.0,1744.0,3023.0,KOSDAQ,2530,233,11591,0.1,건축제품,False,
065690,파커스,1.0,-235.32,628.56,636.89,535.0,,,,-101.28,-14.28,-127.35,,,,-16.0,,,,-16.0,-791.81,,,,-791.81,1년치 존재,1,3.48,,1.85,58.5,34051.0,16575.0,up,71.8,1937.0,1059.0,up,bear,-15822.0,30207.0,50000.0,198761.0,KOSDAQ,1937,233,16575,0.5,컴퓨터와주변기기,False,
193250,링크드,,-71.03,201.71,140.79,104.55,,,,-44.29,-60.6,-72.1,,,,-25.74,,,,-25.74,-18.98,,,,-18.98,1년치 존재,1,,,18.3,34.94,24481.0,38248.0,down,37.6,2325.0,1302.0,mixed,bear,-25767.0,-4969.0,0.0,0.0,KOSDAQ,1823,244,38248,1.6,핸드셋,False,
069410,엔텔스,1.0,-237.43,448.87,478.79,667.61,,,,-32.14,-2.43,21.62,,,,39.44,,,,39.44,989.71,,,,989.71,1년치 존재,1,8.32,,5.11,36.88,14513.0,14725.0,down,41.9,3200.0,2400.0,down,bull_cross,-2574.0,-69355.0,0.0,0.0,KOSDAQ,2565,263,14725,1.0,IT서비스,False,
051380,피씨디렉트,,279.65,3047.43,3337.68,3730.08,,,,32.83,18.51,42.51,,,,11.76,,,,11.76,129.66,,,,129.66,1년치 존재,1,,,10.24,187.21,14855.0,6889.0,down,41.3,1764.0,1475.0,down,bear,-11929.0,-79804.0,-1.0,5.0,KOSDAQ,1505,231,6889,0.5,컴퓨터와주변기기,False,
206560,덱스터,,221.3,677.17,536.88,554.17,,,,-0.41,-88.96,-65.06,,,,3.22,,,,3.22,26.87,,,,26.87,1년치 존재,1,,,-17.29,212.47,89590.0,40640.0,down,43.7,1505.0,805.0,down,bull,-154716.0,-166434.0,-1.0,0.0,KOSDAQ,907,230,40640,0.5,방송과엔터테인먼트,False,
464500,아이언디바이스,,6.7,62.32,83.72,101.27,,,,-35.16,-48.76,-55.74,,,,20.96,,,,20.96,-14.32,,,,-14.32,1년치 존재,1,,,-13.78,77.49,39753.0,28293.0,up,50.3,1980.0,1454.0,mixed,bull,-30776.0,18316.0,0.0,0.0,KOSDAQ,1715,240,28293,0.7,반도체와반도체장비,False,
363260,모비데이즈,0.9748,-185.06,238.91,372.32,443.59,,,,-19.03,3.15,45.07,,,,19.14,,,,19.14,1330.79,,,,1330.79,1년치 존재,1,8.65,,4.16,178.26,31601.0,2348.0,down,44.9,5000.0,3510.0,mixed,bear,-1526.0,-21390.0,9000.0,53566.0,KOSDAQ,4065,261,2348,0.1,광고,False,
187220,디티앤씨,1.0,766.01,967.37,1119.39,1258.34,,,,-206.65,-57.09,-5.97,,,,12.41,,,,12.41,89.54,,,,89.54,1년치 존재,1,10.92,,4.0,143.71,9924.0,18210.0,down,47.0,2510.0,1915.0,mixed,bull,4140.0,-1558.0,0.0,-334.0,KOSDAQ,1998,230,18210,1.8,전자장비와기기,False,
076080,웰크론한텍,,181.35,3332.03,2618.88,1666.93,,,,12.24,19.47,-181.3,,,,-36.35,,,,-36.35,-1031.18,,,,-1031.18,1년치 존재,1,,,-47.84,222.32,30701.0,39231.0,down,39.1,1151.0,910.0,mixed,bear,-1410.0,21508.0,-1028.0,0.0,KOSDAQ,1019,230,39231,1.3,건설,False,
123750,알톤,1.0,-71.55,420.75,281.85,321.59,,,,7.44,-54.89,2.27,,,,14.1,,,,14.1,104.14,,,,104.14,1년치 존재,1,112.74,,0.34,65.3,20296.0,7801.0,down,41.7,2250.0,1672.0,down,bear,13481.0,38281.0,-1858.0,-1154.0,KOSDAQ,1731,239,7801,0.4,레저용장비와제품,False,
057680,티사이언티픽,0.9712,-42.47,267.69,430.17,363.66,,,,-56.16,-98.45,2.64,,,,-15.46,,,,-15.46,102.68,,,,102.68,1년치 존재,1,,,-0.69,16.11,64839.0,28924.0,down,44.3,2005.0,1468.0,mixed,bear,13.0,-26270.0,2840.0,2839.0,KOSDAQ,1645,260,28924,0.4,IT서비스,False,
432980,엠에프씨,,-43.62,173.09,206.04,208.0,,,,7.19,14.6,2.97,,,,0.95,,,,0.95,-79.66,,,,-79.66,1년치 존재,1,,,-2.07,16.34,41363.0,5837.0,down,52.9,3145.0,2425.0,mixed,bull,-931.0,-56548.0,0.0,-36.0,KOSDAQ,2665,229,5837,0.1,제약,False,
131100,티엔엔터테인먼트,,-75.13,1502.69,1429.31,1182.99,,,,135.24,96.98,33.51,,,,-17.23,,,,-17.23,-65.45,,,,-65.45,1년치 존재,1,,,-21.04,39.12,125627.0,33589.0,down,71.0,4495.0,2180.0,mixed,bull,66309.0,57147.0,5442.0,-9374.0,KOSDAQ,3550,229,33589,0.3,방송과엔터테인먼트,False,
219750,한국비티비,,101.81,314.36,301.35,320.31,,,,13.4,9.88,-28.52,,,,6.29,,,,6.29,-388.66,,,,-388.66,1년치 존재,1,,,-33.57,100.95,14597.0,13574.0,up,59.1,1999.0,1610.0,mixed,bull,4827.0,-16357.0,-31.0,0.0,KOSDAQ,1809,237,13574,0.9,건강관리장비와용품,False,
060230,제이케이시냅스,,609.44,495.19,488.51,619.25,,,,-93.22,-105.78,-82.5,,,,26.76,,,,26.76,22.01,,,,22.01,1년치 존재,1,,,-10.22,123.35,187503.0,51529.0,up,53.9,1694.0,914.0,mixed,bull,-23780.0,-42262.0,0.0,0.0,KOSDAQ,1319,258,51529,0.3,전자장비와기기,False,
301300,바이브컴퍼니,1.0,90.55,299.77,263.41,190.09,,,,-92.26,-59.92,-37.55,,,,-27.83,,,,-27.83,37.33,,,,37.33,1년치 존재,1,,,-35.34,50.47,75886.0,54744.0,down,46.5,2605.0,1244.0,mixed,bear,567.0,-55578.0,-5172.0,-223.0,KOSDAQ,1722,227,54744,0.7,소프트웨어,False,
018680,서울제약,,-17.66,524.59,535.8,521.49,,,,12.13,15.28,-12.79,,,,-2.67,,,,-2.67,-183.7,,,,-183.7,1년치 존재,1,,,4.39,68.32,4797.0,5652.0,down,44.3,2260.0,1911.0,down,bear,-2914.0,-1065.0,0.0,0.0,KOSDAQ,1935,226,5652,1.2,제약,False,
065370,위세아이텍,1.0,114.97,276.25,350.28,382.58,,,,-28.69,9.28,7.86,,,,9.22,,,,9.22,-15.3,,,,-15.3,1년치 존재,1,16.08,,6.56,124.75,6142.0,17594.0,up,62.8,3265.0,2555.0,up,bull,-5531.0,-13849.0,0.0,0.0,KOSDAQ,3170,234,17594,2.9,소프트웨어,False,
134060,이퓨쳐,,-117.79,104.99,110.29,111.42,,,,10.01,7.37,8.83,,,,1.02,,,,1.02,19.81,,,,19.81,1년치 존재,1,,,8.02,21.36,2258.0,5082.0,down,48.9,5610.0,4580.0,mixed,bear,-2725.0,-13853.0,13202.0,31735.0,KOSDAQ,5380,257,5082,2.3,교육서비스,False,
007720,소노스퀘어,,-41.67,1587.85,1334.58,1628.71,,,,-11.28,6.56,13.97,,,,22.04,,,,22.04,112.96,,,,112.96,1년치 존재,1,,,-6.15,41.8,23193.0,17624.0,down,30.3,1668.0,1110.0,down,bull,-26922.0,-100570.0,290.0,289.0,KOSDAQ,1117,225,17624,0.8,판매업체,False,
298060,풍전약품,1.0,-54.3,,8.25,238.39,,,,,-113.08,-45.29,,,,2789.58,,,,2789.58,59.95,,,,59.95,1년치 존재,1,110.84,,0.81,44.15,13505.0,4811.0,up,43.8,2845.0,2290.0,down,bull,-4522.0,-31505.0,0.0,0.0,KOSDAQ,2335,225,4811,0.4,생물공학,False,
377330,이지트로닉스,,97.73,351.98,365.04,132.44,,,,-39.62,-40.22,-186.3,,,,-63.72,,,,-63.72,-363.2,,,,-363.2,1년치 존재,1,,,-25.59,61.13,3284.0,625.0,down,57.3,2880.0,2190.0,up,bull_cross,-1382.0,-7276.0,3.0,10.0,KOSDAQ,2845,232,625,0.2,전기제품,False,
206400,베노티앤알,,-104.62,99.17,252.95,47.75,,,,-70.13,-97.04,-53.61,,,,-81.12,,,,-81.12,44.75,,,,44.75,1년치 존재,1,,,-20.18,7.84,420905.0,170659.0,up,40.3,1003.0,650.0,mixed,bull,69588.0,-93295.0,5000.0,3000.0,KOSDAQ,676,254,170659,0.4,건설,False,
115610,이미지스,,-55.32,161.0,129.85,132.22,,,,-23.13,-52.14,-19.87,,,,1.83,,,,1.83,61.89,,,,61.89,1년치 존재,1,,,-17.81,34.37,124379.0,294202.0,up,67.6,1939.0,1261.0,up,bull,43363.0,107684.0,0.0,0.0,KOSDAQ,1897,224,294202,2.4,핸드셋,False,
033200,모아텍,0.8235,-392.7,,305.84,315.01,426.44,,,,-21.7,-31.58,-16.91,,,3.0,35.37,,,35.37,-45.53,46.45,,,46.45,2년치 존재,2,,,-0.87,14.91,6383.0,1314.0,down,42.0,2710.0,2410.0,down,bear,-1113.0,-2170.0,-1.0,-1.0,KOSDAQ,2435,224,1314,0.2,전자장비와기기,False,
032680,소프트센,,-479.02,610.85,599.01,548.15,,,,-14.19,-13.75,-2.44,,,,-8.49,,,,-8.49,82.25,,,,82.25,1년치 존재,1,,,-0.45,35.4,88559.0,26291.0,up,60.4,1021.0,792.0,up,bull,40665.0,699051.0,1398.0,1398.0,KOSDAQ,999,230,26291,0.3,IT서비스,False,
096690,에이루트,,523.06,622.26,685.91,506.04,,,,-70.7,-208.1,-109.3,,,,-26.22,,,,-26.22,47.48,,,,47.48,1년치 존재,1,,,-12.14,82.62,6938.0,2907.0,down,41.4,7250.0,5040.0,mixed,bear,-2136.0,-1747.0,0.0,0.0,KOSDAQ,6250,251,2907,0.4,컴퓨터와주변기기,False,
013810,스페코,,-118.32,229.88,271.92,379.65,,,,-41.48,-56.93,-4.61,,,,39.62,,,,39.62,91.9,,,,91.9,1년치 존재,1,,,1.44,42.44,24312.0,17510.0,down,40.3,1809.0,1518.0,down,bear_cross,-14924.0,-126431.0,0.0,0.0,KOSDAQ,1518,222,17510,0.7,기계,False,
215480,토박스코리아,0.9798,-77.97,486.49,441.51,397.0,,,,29.47,17.24,0.04,,,,-10.08,,,,-10.08,-99.77,,,,-99.77,1년치 존재,1,,,0.07,23.61,12099.0,24913.0,down,50.5,2210.0,1836.0,up,bull,-5965.0,-29437.0,70407.0,72771.0,KOSDAQ,2070,222,24913,2.1,"섬유,의류,신발,호화품",False,
036480,대성미생물,,102.74,255.62,238.04,259.89,,,,-6.89,-15.52,7.14,,,,9.18,,,,9.18,146.01,,,,146.01,1년치 존재,1,,,1.02,65.93,3726.0,4060.0,down,45.2,6530.0,5860.0,down,bear,-3059.0,-8567.0,0.0,0.0,KOSDAQ,6030,229,4060,1.1,제약,False,
083660,CSA 코스믹,,8.4,445.87,363.81,279.3,,,,-59.08,-37.74,-56.34,,,,-23.23,,,,-23.23,-49.28,,,,-49.28,1년치 존재,1,,,-32.77,122.71,39564.0,25512.0,down,43.0,2926.0,1330.0,down,bear,32071.0,-15701.0,0.0,0.0,KOSDAQ,1422,248,25512,0.6,화장품,False,
200230,텔콘RF제약,0.9969,265.69,363.07,378.65,431.62,,,,9.65,-0.71,7.19,,,,13.99,,,,13.99,1112.68,,,,1112.68,1년치 존재,1,,,-25.21,88.19,15968.0,23994.0,up,61.0,2395.0,1841.0,up,bull,17767.0,20947.0,0.0,0.0,KOSDAQ,2330,221,23994,1.5,제약,False,
352940,인바이오,,219.43,340.24,356.54,339.53,,,,-33.54,14.05,9.17,,,,-4.77,,,,-4.77,-34.73,,,,-34.73,1년치 존재,1,,,1.3,77.17,40927.0,4959.0,down,45.8,2265.0,1980.0,mixed,bear,-1428.0,42724.0,0.0,0.0,KOSDAQ,2030,221,4959,0.1,화학,False,
257370,피엔티엠에스,,19.36,250.3,262.18,110.82,,,,-10.62,11.8,-21.25,,,,-57.73,,,,-57.73,-280.08,,,,-280.08,1년치 존재,1,,,-28.55,155.53,16752.0,24432.0,down,42.1,2475.0,1797.0,mixed,bull,-6370.0,-31796.0,0.0,752.0,KOSDAQ,1812,227,24432,1.5,전기제품,False,
115160,휴맥스,,693.37,6464.04,5355.59,3941.66,,,,174.85,62.0,-292.17,,,,-26.4,,,,-26.4,-571.24,,,,-571.24,1년치 존재,1,,,11.25,255.69,8378.0,7374.0,up,53.3,6430.0,4980.0,mixed,bull,-7323.0,-9740.0,2853.0,3968.0,KOSDAQ,5720,246,7374,0.9,전자제품,False,
053060,세동,1.0,136.28,1698.95,1710.88,1894.4,,,,125.55,107.12,91.03,,,,10.73,,,,10.73,-15.02,,,,-15.02,1년치 존재,1,3.69,,12.77,236.48,26999.0,37624.0,down,39.6,1553.0,1211.0,down,bull,-15589.0,-46492.0,0.0,0.0,KOSDAQ,1230,217,37624,1.4,자동차부품,False,
237750,피앤씨테크,,330.68,206.83,347.34,276.09,,,,27.16,17.92,0.2,,,,-20.51,,,,-20.51,-98.88,,,,-98.88,1년치 존재,1,,,-64.99,162.41,6025.0,7613.0,down,42.6,4600.0,3330.0,down,bull,1465.0,-2528.0,0.0,0.0,KOSDAQ,3355,218,7613,1.3,전기장비,False,
208350,지란지교시큐리티,1.0,-91.82,352.82,341.23,389.28,,,,18.37,13.83,24.83,,,,14.08,,,,14.08,79.54,,,,79.54,1년치 존재,1,12.79,,5.01,30.04,10323.0,14168.0,down,45.3,3140.0,2655.0,mixed,bear,8011.0,9165.0,0.0,0.0,KOSDAQ,2895,235,14168,1.4,소프트웨어,False,
053290,NE능률,,-386.34,791.98,717.34,627.02,,,,11.13,-10.48,10.69,,,,-12.59,,,,-12.59,202.0,,,,202.0,1년치 존재,1,,,-11.13,28.07,11296.0,14085.0,down,37.9,1873.0,1401.0,down,bear,6939.0,-27733.0,-1.0,0.0,KOSDAQ,1480,245,14085,1.2,교육서비스,False,
277410,인산가,1.0,373.0,373.0,324.84,358.04,,,,57.41,8.14,23.06,,,,10.22,,,,10.22,183.29,,,,183.29,1년치 존재,1,33.28,,3.02,79.87,4348.0,4343.0,up,49.8,8000.0,5200.0,mixed,bull,-3161.0,-23584.0,0.0,0.0,KOSDAQ,5650,217,4343,1.0,식품,False,
098660,에스티오,1.0,359.5,740.45,702.18,714.91,,,,35.5,5.12,-14.06,,,,1.81,,,,1.81,-374.61,,,,-374.61,1년치 존재,1,,,-22.89,232.27,10932.0,5699.0,up,61.9,1780.0,1400.0,mixed,bull,1516.0,15.0,40074.0,40074.0,KOSDAQ,1725,216,5699,0.5,"섬유,의류,신발,호화품",False,
020400,대동금속,,308.45,1330.65,995.14,1018.17,,,,13.01,-65.03,1.0,,,,2.31,,,,2.31,101.54,,,,101.54,1년치 존재,1,,,-7.17,159.86,13095.0,7987.0,down,35.0,3200.0,2355.0,down,bear,2277.0,-26086.0,0.0,-3200.0,KOSDAQ,2560,232,7987,0.6,자동차부품,False,
001810,무림SP,0.9919,450.15,1620.94,1768.66,2056.71,,,,-72.9,6.58,17.78,,,,16.29,,,,16.29,170.21,,,,170.21,1년치 존재,1,,,-7.31,77.81,39214.0,18598.0,down,36.8,1247.0,1103.0,down,bear,1135.0,19085.0,-775.0,0.0,KOSDAQ,1103,244,18598,0.5,종이와목재,False,
032280,삼일,,267.87,996.69,1051.09,999.9,,,,17.22,24.74,21.29,,,,-4.87,,,,-4.87,-13.95,,,,-13.95,1년치 존재,1,,,2.17,60.09,29584.0,4240.0,down,47.2,1378.0,1155.0,mixed,bear,8405.0,-15194.0,0.0,0.0,KOSDAQ,1327,215,4240,0.1,항공화물운송과물류,False,
054220,비츠로시스,1.0,69.07,195.53,256.53,448.11,,,,-70.57,-61.43,0.58,,,,74.68,,,,74.68,100.94,,,,100.94,1년치 존재,1,14.07,,-10.39,165.51,112906.0,39545.0,up,54.0,1875.0,1285.0,up,bear,13150.0,15115.0,1511.0,1907.0,KOSDAQ,1700,214,39545,0.4,IT서비스,False,
238200,비피도,1.0,26.08,186.34,123.5,196.79,,,,-3.44,-44.92,14.03,,,,59.34,,,,59.34,131.23,,,,131.23,1년치 존재,1,,,3.83,31.22,3968.0,1956.0,up,50.1,2925.0,2345.0,up,bear,-218.0,-3497.0,0.0,-2.0,KOSDAQ,2725,223,1956,0.5,건강관리업체및서비스,False,
389680,유디엠텍,,-69.04,74.16,60.72,32.13,,,,1.55,-20.1,-36.47,,,,-47.08,,,,-47.08,-81.44,,,,-81.44,1년치 존재,1,,,-22.74,51.18,147325.0,58209.0,down,64.2,3210.0,967.0,up,bear,13612.0,-106811.0,0.0,-10.0,KOSDAQ,2890,240,58209,0.4,IT서비스,False,
347770,핌스,1.0,225.63,852.56,607.17,633.83,,,,25.97,-48.72,-61.14,,,,4.39,,,,4.39,-25.49,,,,-25.49,1년치 존재,1,,,-14.89,71.31,53278.0,73003.0,up,55.9,1070.0,834.0,down,bull,-32519.0,-115996.0,243.0,251.0,KOSDAQ,934,212,73003,1.4,디스플레이장비및부품,False,
417180,핑거스토리,1.0,-219.56,,183.5,173.0,,,,,15.07,8.47,,,,-5.72,,,,-5.72,-43.8,,,,-43.8,1년치 존재,1,6.52,,12.32,54.55,5627.0,1672.0,down,44.5,4670.0,3755.0,mixed,bear,-2873.0,-2784.0,0.0,0.0,KOSDAQ,4015,229,1672,0.3,양방향미디어와서비스,False,
083640,인콘,,-164.44,634.29,491.18,508.21,,,,25.57,16.1,16.95,,,,3.47,,,,3.47,5.28,,,,5.28,1년치 존재,1,,,1.29,7.1,10223.0,3272.0,down,38.7,6485.0,4989.0,down,bear,1612.0,3746.0,316.0,5071.0,KOSDAQ,5210,239,3272,0.3,전자장비와기기,False,
342870,오아,1.0,398.13,888.77,969.0,1032.61,,,,53.21,94.64,81.7,,,,6.56,,,,6.56,-13.67,,,,-13.67,1년치 존재,1,,,-18.16,105.87,4758.0,8403.0,up,56.7,4400.0,3490.0,down,bull,1828.0,-11973.0,0.0,-2001.0,KOSDAQ,3850,210,8403,1.8,가정용기기와용품,False,
063760,이엘피,1.0,-172.68,214.12,280.11,273.13,,,,-56.34,-42.0,23.03,,,,-2.49,,,,-2.49,154.83,,,,154.83,1년치 존재,1,7.81,,12.02,22.78,28092.0,52945.0,down,39.7,2645.0,2060.0,down,bear,-10199.0,-52135.0,0.0,0.0,KOSDAQ,2180,203,52945,1.9,디스플레이장비및부품,False,
027580,상보,1.0,27.91,661.57,538.27,501.05,,,,22.55,-80.31,-89.08,,,,-6.91,,,,-6.91,-10.92,,,,-10.92,1년치 존재,1,,,-33.04,127.37,59342.0,10298.0,up,62.1,1960.0,1281.0,up,bull,4906.0,-11121.0,-580.0,556.0,KOSDAQ,1920,227,10298,0.2,화학,False,
318000,KBG,1.0,-187.77,215.89,249.15,239.21,,,,43.1,31.57,23.26,,,,-3.99,,,,-3.99,-26.32,,,,-26.32,1년치 존재,1,9.14,,3.44,13.0,7190.0,9449.0,down,43.2,3080.0,2595.0,down,bull,-1044.0,5790.0,0.0,0.0,KOSDAQ,2715,237,9449,1.3,화학,False,
274400,이노시뮬레이션,,129.74,194.84,93.36,142.52,,,,-1.56,-48.13,-19.89,,,,52.66,,,,52.66,58.67,,,,58.67,1년치 존재,1,,,-6.75,93.48,11624.0,48360.0,up,58.9,2400.0,1852.0,down,bull,-906.0,-18341.0,0.0,0.0,KOSDAQ,2300,209,48360,4.2,소프트웨어,False,
440320,오픈놀,0.8338,-4.69,251.36,507.73,882.69,,,,13.47,1.01,-27.64,,,,73.85,,,,73.85,-2836.63,,,,-2836.63,1년치 존재,1,,,-16.2,117.75,14436.0,35843.0,down,41.0,2580.0,1806.0,down,bear,-24280.0,-45016.0,2248.0,2248.0,KOSDAQ,2090,209,35843,2.5,디스플레이패널,False,
222980,한국맥널티,,115.87,784.0,888.32,963.1,,,,-41.86,5.71,-11.05,,,,8.42,,,,8.42,-293.52,,,,-293.52,1년치 존재,1,,,-1.12,123.58,11495.0,11347.0,down,38.5,2365.0,2005.0,mixed,bear,-16656.0,-26896.0,0.0,2.0,KOSDAQ,2045,226,11347,1.0,식품,False,
032800,판타지오,,-82.81,,723.35,381.92,372.28,,,,-15.4,-80.32,-75.22,,,-47.2,-2.52,,,-2.52,-421.56,6.35,,,6.35,2년치 존재,2,,,-26.2,89.08,14787.0,2008.0,up,47.6,1644.0,1455.0,mixed,bull,-1098.0,7049.0,0.0,-134.0,KOSDAQ,1491,225,2008,0.1,방송과엔터테인먼트,False,
043360,디지아이,,-74.78,166.8,204.04,213.06,,,,-26.71,-27.36,-7.67,,,,4.42,,,,4.42,71.97,,,,71.97,1년치 존재,1,,,-0.67,18.13,20361.0,4011.0,down,45.5,2890.0,2025.0,mixed,bear,4424.0,55954.0,105.0,-247.0,KOSDAQ,2290,206,4011,0.2,컴퓨터와주변기기,False,
289220,자이언트스텝,,-104.84,423.09,500.88,367.26,,,,-260.59,-172.93,-189.97,,,,-26.68,,,,-26.68,-9.85,,,,-9.85,1년치 존재,1,,,-26.13,33.91,41126.0,137555.0,up,36.1,1357.0,895.0,down,bull,-83832.0,-198042.0,0.0,0.0,KOSDAQ,922,206,137555,3.3,양방향미디어와서비스,False,
017250,인터엠,1.0,108.12,509.64,603.38,600.54,,,,107.73,44.04,39.88,,,,-0.47,,,,-0.47,-9.45,,,,-9.45,1년치 존재,1,10.98,,8.32,111.33,20906.0,8974.0,up,56.8,1100.0,868.0,up,bear,2645.0,-24447.0,0.0,2476.0,KOSDAQ,1068,225,8974,0.4,전자장비와기기,False,
192390,윈하이텍,1.0,484.83,1537.95,1121.66,751.48,,,,183.61,110.32,-39.35,,,,-33.0,,,,-33.0,-135.67,,,,-135.67,1년치 존재,1,,,-13.22,126.59,26898.0,9085.0,up,55.2,1926.0,1733.0,up,bull,-3440.0,-22715.0,47607.0,265473.0,KOSDAQ,1879,225,9085,0.3,건축자재,False,
353190,휴럼,1.0,131.64,884.07,981.66,990.11,,,,37.55,10.5,18.75,,,,0.86,,,,0.86,78.57,,,,78.57,1년치 존재,1,17.66,,-1.3,130.95,4533.0,4107.0,down,46.7,2975.0,2520.0,down,bull,-959.0,-6134.0,0.0,0.0,KOSDAQ,2605,205,4107,0.9,건강관리업체및서비스,False,
130740,티피씨글로벌,,-319.2,794.96,804.22,794.04,,,,-28.19,-9.02,-32.61,,,,-1.27,,,,-1.27,-261.53,,,,-261.53,1년치 존재,1,,,22.37,34.42,21904.0,7564.0,down,34.6,2150.0,1794.0,down,bear,-6478.0,-84430.0,0.0,1373.0,KOSDAQ,1819,205,7564,0.3,자동차부품,False,
429270,시지트로닉스,,66.21,125.14,121.73,127.49,180.0,,,-54.43,-62.85,-75.86,-70.0,,,4.73,41.19,,,41.19,-20.7,7.72,,,7.72,2년치 존재,2,,,-43.73,73.05,228365.0,271712.0,up,44.7,3890.0,2615.0,mixed,bull,31684.0,-23347.0,1686.0,547.0,KOSDAQ,3205,230,271712,1.2,반도체와반도체장비,False,
424760,벨로크,,-89.31,263.94,308.67,353.82,,,,-3.66,-19.65,8.77,,,,14.63,,,,14.63,144.63,,,,144.63,1년치 존재,1,,,8.09,23.12,48798.0,27199.0,up,50.6,2690.0,1779.0,mixed,bull_cross,25749.0,40338.0,-2268.0,0.0,KOSDAQ,2210,223,27199,0.6,IT서비스,False,
065060,지엔코,,532.02,1469.53,1211.73,1108.67,,,,79.04,-39.29,-4.09,,,,-8.51,,,,-8.51,89.59,,,,89.59,1년치 존재,1,,,-14.16,76.58,8525.0,31718.0,up,53.9,3590.0,2570.0,mixed,bull,-2063.0,-8940.0,0.0,0.0,KOSDAQ,3400,204,31718,3.7,"섬유,의류,신발,호화품",False,
024940,PN풍년,1.0,-238.65,572.31,549.48,560.4,,,,20.91,9.2,15.67,,,,1.99,,,,1.99,70.33,,,,70.33,1년치 존재,1,7.09,,3.95,15.57,120572.0,27138.0,up,52.3,2700.0,1792.0,up,bull,-1335.0,-179551.0,2460.0,2460.0,KOSDAQ,2040,204,27138,0.2,가정용기기와용품,False,
361670,삼영에스앤씨,,-91.42,,123.94,109.76,,,,,-31.21,-16.98,,,,-11.44,,,,-11.44,45.59,,,,45.59,1년치 존재,1,,,-2.97,18.47,6472.0,4222.0,up,75.7,3920.0,3150.0,up,bull,2494.0,9475.0,0.0,0.0,KOSDAQ,3920,222,4222,0.7,전자장비와기기,False,
303530,이노뎁,1.0,-74.23,840.33,867.76,707.44,,,,6.36,-19.34,-28.97,,,,-18.48,,,,-18.48,-49.79,,,,-49.79,1년치 존재,1,,,-10.02,135.48,7552.0,6006.0,down,52.5,3590.0,2370.0,mixed,bear,-4012.0,-17753.0,0.0,7.0,KOSDAQ,3020,222,6006,0.8,IT서비스,False,
353590,오토앤,,3.16,603.55,572.31,591.12,,,,-28.03,-33.03,7.52,,,,3.29,,,,3.29,122.77,,,,122.77,1년치 존재,1,,,-31.43,205.09,9674.0,8591.0,down,48.1,1795.0,1409.0,down,bull_cross,-13898.0,-25517.0,50.0,192.0,KOSDAQ,1579,203,8591,0.9,자동차부품,False,
405000,플라즈맵,,104.72,129.17,101.39,84.83,,,,-205.72,-176.59,-76.01,,,,-16.33,,,,-16.33,56.96,,,,56.96,1년치 존재,1,,,-154.6,1367.44,19462.0,9401.0,up,58.6,5520.0,3160.0,mixed,bull,7747.0,-38065.0,0.0,0.0,KOSDAQ,3925,211,9401,0.5,건강관리장비와용품,False,
241840,에이스토리,1.0,-4.41,568.76,147.92,117.9,,,,69.45,-35.05,-72.78,,,,-20.29,,,,-20.29,-107.65,,,,-107.65,1년치 존재,1,,,-9.45,8.58,11691.0,15891.0,down,33.6,2515.0,2180.0,down,bear,-15992.0,-62151.0,-2300.0,2700.0,KOSDAQ,2195,209,15891,1.4,방송과엔터테인먼트,False,
039310,세중,,-308.57,363.01,373.06,356.28,,,,11.81,4.18,-10.32,,,,-4.5,,,,-4.5,-346.89,,,,-346.89,1년치 존재,1,,,-3.67,13.32,33185.0,38497.0,down,43.6,1762.0,1015.0,down,bear,902.0,-49302.0,0.0,0.0,KOSDAQ,1213,220,38497,1.2,소프트웨어,False,
154040,다산솔루에타,,179.47,313.09,354.36,313.99,,,,-49.66,19.95,17.12,,,,-11.39,,,,-11.39,-14.19,,,,-14.19,1년치 존재,1,,,-0.32,48.44,10146.0,2400.0,down,56.2,10730.0,7090.0,mixed,bear,1231.0,118.0,-13.0,-14.0,KOSDAQ,10100,218,2400,0.2,전자제품,False,
085810,알티캐스트,,27.54,56.58,56.81,531.66,,,,-38.47,-40.22,31.81,,,,835.86,,,,835.86,179.09,,,,179.09,1년치 존재,1,,,-11.6,60.02,20409.0,7006.0,down,44.9,1878.0,1308.0,down,bull_cross,7022.0,-16827.0,10000.0,10000.0,KOSDAQ,1428,202,7006,0.3,건설,False,
331520,밸로프,1.0,-40.09,359.72,355.89,378.34,,,,2.29,-1.95,28.78,,,,6.31,,,,6.31,1575.9,,,,1575.9,1년치 존재,1,11.99,,14.24,66.13,25713.0,10212.0,down,42.3,2780.0,1925.0,down,bear,-8569.0,-46889.0,0.0,0.0,KOSDAQ,2215,217,10212,0.4,게임엔터테인먼트,False,
032080,아즈텍WB,,-477.04,370.89,353.66,302.29,,,,-0.75,5.45,4.59,,,,-14.53,,,,-14.53,-15.78,,,,-15.78,1년치 존재,1,,,-0.46,15.69,8953.0,21337.0,down,44.3,1189.0,926.0,mixed,bear,0.0,-5278.0,0.0,0.0,KOSDAQ,1010,217,21337,2.4,"섬유,의류,신발,호화품",False,
088290,이원컴포텍,,5.41,,524.94,565.77,,,,,24.72,15.75,,,,7.78,,,,7.78,-36.29,,,,-36.29,1년치 존재,1,,,-29.1,251.6,7125.0,4092.0,up,61.9,2595.0,2115.0,mixed,bull,-4918.0,518.0,0.0,-1190.0,KOSDAQ,2515,201,4092,0.6,자동차부품,False,
038530,케이바이오랩스,,-147.53,273.25,765.14,873.12,,,,-5.61,7.93,15.22,,,,14.11,,,,14.11,91.93,,,,91.93,1년치 존재,1,,,-31.47,17.69,20265.0,5363.0,down,37.5,5440.0,3715.0,mixed,bear,-10683.0,-23487.0,-35.0,4958.0,KOSDAQ,3870,200,5363,0.3,IT서비스,False,
115570,스타플렉스,1.0,55.83,707.01,801.51,986.55,,,,-34.07,-1.58,65.67,,,,23.09,,,,23.09,4256.33,,,,4256.33,1년치 존재,1,6.23,,22.07,27.22,13481.0,4682.0,down,50.7,2980.0,2095.0,mixed,bear,-4868.0,-5429.0,-18.0,0.0,KOSDAQ,2700,216,4682,0.3,화학,False,
018700,졸스,,-10.44,615.03,678.77,642.23,,,,-56.92,-57.31,-29.97,,,,-5.38,,,,-5.38,47.71,,,,47.71,1년치 존재,1,,,-4.23,38.29,13444.0,7741.0,down,39.9,1750.0,1099.0,down,bear,5444.0,5335.0,321.0,321.0,KOSDAQ,1288,215,7741,0.6,화장품,False,
080470,성창오토텍,0.7724,177.42,1692.74,1943.6,2435.22,,,,40.58,63.07,116.08,,,,25.29,,,,25.29,84.05,,,,84.05,1년치 존재,1,2.33,,8.51,179.81,7544.0,21948.0,down,42.9,3085.0,2600.0,down,bear,-378.0,-18860.0,983.0,3710.0,KOSDAQ,2715,198,21948,2.9,자동차부품,False,
018620,우진비앤지,,150.51,579.19,556.8,547.64,,,,7.14,2.95,3.19,,,,-1.65,,,,-1.65,8.14,,,,8.14,1년치 존재,1,,,-8.2,64.94,11074.0,7732.0,down,57.3,3065.0,2405.0,mixed,bear,-1464.0,-11716.0,-514.0,23.0,KOSDAQ,2845,197,7732,0.7,제약,False,
095910,에스에너지,,417.46,1698.56,1478.48,1024.4,,,,31.38,-145.22,-186.68,,,,-30.71,,,,-30.71,-28.55,,,,-28.55,1년치 존재,1,,,-55.4,238.23,194630.0,489715.0,up,42.0,905.0,546.0,down,bull,126655.0,181672.0,0.0,0.0,KOSDAQ,583,212,489715,2.5,에너지장비및서비스,False,
067730,로지시스,,-119.3,364.54,428.57,485.41,,,,5.45,23.91,28.84,,,,13.26,,,,13.26,20.62,,,,20.62,1년치 존재,1,,,18.09,44.25,8684.0,9086.0,down,48.6,2255.0,2060.0,mixed,bear,-9098.0,-42959.0,0.0,0.0,KOSDAQ,2195,212,9086,1.0,IT서비스,False,
048830,엔피케이,1.0,-105.3,629.88,645.66,838.22,,,,18.69,-6.3,10.13,,,,29.82,,,,29.82,260.79,,,,260.79,1년치 존재,1,17.33,,2.23,53.78,97480.0,51479.0,up,51.0,1127.0,937.0,up,bull,-9499.0,22015.0,102962.0,351247.0,KOSDAQ,1045,196,51479,0.5,화학,False,
154030,아시아종묘,1.0,105.35,,245.94,278.06,,,,,-11.25,9.24,,,,13.06,,,,13.06,182.13,,,,182.13,1년치 존재,1,10.29,,4.7,73.21,15461.0,8838.0,down,45.9,1774.0,1535.0,mixed,bear,13931.0,-5591.0,0.0,0.0,KOSDAQ,1622,196,8838,0.6,생물공학,False,
045520,크린앤사이언스,1.0,282.53,924.97,846.23,860.98,,,,9.38,-8.49,-9.65,,,,1.74,,,,1.74,-13.66,,,,-13.66,1년치 존재,1,,,-10.57,307.61,51814.0,7677.0,down,59.8,3490.0,2250.0,up,bear,-5316.0,3607.0,0.0,0.0,KOSDAQ,3255,212,7677,0.1,화학,False,
083470,이엠앤아이,1.0,-6.71,263.12,296.99,183.8,,,,-12.91,3.4,-19.27,,,,-38.11,,,,-38.11,-666.76,,,,-666.76,1년치 존재,1,,,-36.56,57.67,79574.0,241932.0,up,62.6,1010.0,648.0,up,bull,-16339.0,-29086.0,0.0,0.0,KOSDAQ,990,211,241932,3.0,디스플레이장비및부품,False,
073190,듀오백,,73.69,236.77,231.03,200.95,,,,-38.81,-33.74,-30.2,,,,-13.02,,,,-13.02,10.49,,,,10.49,1년치 존재,1,,,-18.0,58.89,152579.0,56913.0,up,74.8,1647.0,656.0,up,bull,0.0,0.0,0.0,0.0,KOSDAQ,1622,194,56913,0.4,가구,False,
214610,롤링스톤,,0.37,53.67,46.4,108.85,,,,-182.83,-192.35,-99.35,,,,134.59,,,,134.59,48.35,,,,48.35,1년치 존재,1,,,-143.53,42.81,,,,,,,,,0.0,0.0,0.0,0.0,KOSDAQ,2290,192,0,,건강관리장비와용품,False,
252500,세화피앤씨,,-189.36,412.17,438.68,376.45,,,,19.58,27.41,6.27,,,,-14.19,,,,-14.19,-77.13,,,,-77.13,1년치 존재,1,,,3.76,12.72,49923.0,43270.0,up,59.4,3210.0,2200.0,mixed,bull,3377.0,-67388.0,-316.0,-6937.0,KOSDAQ,2435,202,43270,0.9,화장품,False,
275630,에스에스알,1.0,-180.36,121.58,116.08,130.49,,,,16.04,-3.07,3.21,,,,12.41,,,,12.41,204.56,,,,204.56,1년치 존재,1,,,-6.46,16.68,14753.0,2277.0,up,50.5,4560.0,3490.0,mixed,bear,-5556.0,3763.0,0.0,57213.0,KOSDAQ,3990,210,2277,0.2,소프트웨어,False,
403490,우듬지팜,1.0,420.75,565.76,639.06,636.77,,,,33.53,35.53,-8.84,,,,-0.36,,,,-0.36,-124.88,,,,-124.88,1년치 존재,1,,,-18.92,142.82,20852.0,13722.0,down,40.4,3255.0,1983.0,down,bull,-10851.0,-78220.0,0.0,20711.0,KOSDAQ,2055,189,13722,0.7,식품,False,
026910,광진실업,1.0,651.79,536.79,585.27,568.88,,,,-70.44,-73.23,-42.52,,,,-2.8,,,,-2.8,41.94,,,,41.94,1년치 존재,1,,,-17.78,360.89,314644.0,194673.0,down,35.7,6500.0,2025.0,down,bear,248.0,38876.0,1414.0,1501.0,KOSDAQ,2365,188,194673,0.6,철강,False,
362990,드림인사이트,1.0,-40.53,173.74,181.2,200.18,,,,40.79,18.58,-11.61,,,,10.47,,,,10.47,-162.49,,,,-162.49,1년치 존재,1,,,-0.72,50.78,21776.0,27855.0,up,49.9,1326.0,1165.0,mixed,bear,-11110.0,-27372.0,0.0,-9876.0,KOSDAQ,1229,206,27855,1.3,광고,False,
096870,엘디티,,-115.83,89.27,100.29,110.46,,,,-3.49,-8.36,3.06,,,,10.14,,,,10.14,136.6,,,,136.6,1년치 존재,1,,,8.75,9.48,46668.0,66476.0,down,57.3,2500.0,2100.0,up,bull,52009.0,54076.0,389.0,389.0,KOSDAQ,2480,207,66476,1.4,디스플레이장비및부품,False,
196700,웹스,1.0,87.02,362.31,340.73,431.75,,,,25.66,30.89,55.5,,,,26.71,,,,26.71,79.67,,,,79.67,1년치 존재,1,4.53,,12.14,75.09,33282.0,19360.0,up,46.8,1442.0,986.0,mixed,bear,-6034.0,-92545.0,0.0,129736.0,KOSDAQ,1292,186,19360,0.6,화학,False,
044480,빌리언스,,18.52,289.87,417.25,253.1,,,,-6.14,-11.27,-8.34,,,,-39.34,,,,-39.34,26.0,,,,26.0,1년치 존재,1,,,-30.63,98.64,37141.0,10609.0,down,30.4,5850.0,3040.0,down,bear,6574.0,5919.0,0.0,-1668.0,KOSDAQ,3090,205,10609,0.3,방송과엔터테인먼트,False,
079950,인베니아,,148.16,226.97,218.42,184.13,,,,-141.43,-108.58,-86.07,,,,-15.7,,,,-15.7,20.73,,,,20.73,1년치 존재,1,,,-34.18,147.85,125799.0,34775.0,up,61.2,1570.0,812.0,up,bull,3698.0,43618.0,0.0,0.0,KOSDAQ,1487,205,34775,0.3,디스플레이장비및부품,False,
373110,엑셀세라퓨틱스,,11.55,11.24,19.34,19.49,,,,-87.06,-93.3,-108.52,,,,0.78,,,,0.78,-16.31,,,,-16.31,1년치 존재,1,,,-271.41,191.88,88789.0,63849.0,up,49.0,1384.0,986.0,mixed,bull,56147.0,85738.0,605.0,605.0,KOSDAQ,1056,183,63849,0.7,생물공학,False,
376930,노을,,-61.6,27.34,16.01,51.22,,,,-161.39,-227.95,-200.79,,,,219.93,,,,219.93,11.91,,,,11.91,1년치 존재,1,,,-145.4,57.84,119625.0,34912.0,down,31.0,3715.0,1388.0,down,bull,19721.0,12201.0,0.0,-111307.0,KOSDAQ,1487,153,34912,0.3,건강관리장비와용품,False,
438700,버넥트,,37.36,65.02,45.99,30.97,,,,-113.08,-126.97,-84.91,,,,-32.66,,,,-32.66,33.13,,,,33.13,1년치 존재,1,,,-15.28,67.03,22685.0,17151.0,down,52.3,1920.0,1517.0,up,bull,2980.0,23730.0,0.0,0.0,KOSDAQ,1836,205,17151,0.8,소프트웨어,False,
113810,디젠스,0.996,-17.94,858.5,895.39,803.57,,,,37.19,55.21,9.63,,,,-10.25,,,,-10.25,-82.56,,,,-82.56,1년치 존재,1,27.63,,8.74,125.88,23988.0,40200.0,down,57.0,3285.0,1850.0,up,bear,-6375.0,20088.0,6035.0,6033.0,KOSDAQ,3135,205,40200,1.7,자동차부품,False,
078860,아이오케이이엔엠,,74.87,216.25,241.02,122.28,,,,-62.98,-64.68,-80.23,,,,-49.27,,,,-49.27,-24.04,,,,-24.04,1년치 존재,1,,,-14.54,21.03,68349.0,13749.0,up,52.8,3350.0,2445.0,mixed,bull,581.0,12567.0,0.0,29357.0,KOSDAQ,2930,181,13749,0.2,방송과엔터테인먼트,False,
195990,루트K,,74.67,253.75,316.63,319.23,,,,-88.07,-102.07,-92.82,,,,0.82,,,,0.82,9.06,,,,9.06,1년치 존재,1,,,-8.87,46.2,22619.0,6786.0,down,24.8,1572.0,1100.0,down,bull,-12606.0,-3181.0,0.0,-1.0,KOSDAQ,1100,179,6786,0.3,기계,False,
021040,대호특수강,,739.84,3005.6,2963.91,2774.25,,,,16.61,26.68,23.71,,,,-6.4,,,,-6.4,-11.13,,,,-11.13,1년치 존재,1,,,-8.4,375.38,24880.0,18210.0,up,48.1,1120.0,817.0,mixed,bear,-2253.0,-27826.0,0.0,0.0,KOSDAQ,937,203,18210,0.7,철강,False,
247660,나노씨엠에스,,-64.57,45.83,46.5,52.89,,,,-31.62,-88.58,-19.93,,,,13.74,,,,13.74,77.5,,,,77.5,1년치 존재,1,,,4.54,16.51,77733.0,217463.0,down,51.9,4490.0,2300.0,mixed,bear,89053.0,99999.0,-19831.0,-19831.0,KOSDAQ,3890,203,217463,2.8,화학,False,
224060,더코디,,557.46,202.12,271.34,252.66,,,,-104.01,2.45,-8.31,,,,-6.88,,,,-6.88,-439.18,,,,-439.18,1년치 존재,1,0.72,,32.56,1480.27,784074.0,806806.0,down,39.4,9890.0,2860.0,mixed,bear,120139.0,207739.0,0.0,2550.0,KOSDAQ,3365,174,806806,1.0,전기제품,False,
419540,비스토스,,-41.02,213.05,202.55,171.0,,,,2.84,3.11,-10.96,,,,-15.58,,,,-15.58,-452.41,,,,-452.41,1년치 존재,1,,,-5.31,50.95,15161.0,36571.0,down,36.2,3750.0,2410.0,mixed,bear,-6228.0,-14931.0,5913.0,5913.0,KOSDAQ,2900,173,36571,2.4,건강관리장비와용품,False,
372800,아이티아이즈,1.0,52.75,749.49,795.78,780.54,,,,-63.88,1.67,-53.95,,,,-1.92,,,,-1.92,-3330.54,,,,-3330.54,1년치 존재,1,,,-73.44,209.36,22105.0,31154.0,down,44.0,3250.0,2785.0,mixed,bear,-1663.0,43046.0,0.0,0.0,KOSDAQ,2875,202,31154,1.4,IT서비스,False,
069330,유아이디,1.0,57.57,529.69,535.58,496.91,,,,-3.25,2.44,13.02,,,,-7.22,,,,-7.22,433.61,,,,433.61,1년치 존재,1,14.81,,13.2,82.52,36307.0,27324.0,down,49.5,1330.0,961.0,mixed,bear,-11704.0,-31095.0,0.0,0.0,KOSDAQ,1194,202,27324,0.8,디스플레이장비및부품,False,
241820,피씨엘,,70.96,84.3,12.46,,,,,-161.31,-271.09,,,,,,,,,,,,,,,0년치 존재,0,,,-179.27,529.38,,,,,,,,,0.0,0.0,0.0,0.0,KOSDAQ,6040,168,0,,생명과학도구및서비스,False,
475460,미트박스,1.0,105.92,669.14,1102.63,1355.94,,,,26.02,31.19,29.06,,,,22.97,,,,22.97,-6.83,,,,-6.83,1년치 존재,1,9.6,,8.12,185.48,135002.0,36089.0,up,70.2,2960.0,1757.0,up,bull_cross,-4022.0,-39361.0,0.0,-10000.0,KOSDAQ,2960,167,36089,0.3,인터넷과카탈로그소매,False,
023790,동일스틸럭스,,367.69,214.71,166.33,240.45,,,,-33.13,-18.01,-26.08,,,,44.56,,,,44.56,-44.81,,,,-44.81,1년치 존재,1,,,-30.44,330.41,1244886.0,244646.0,down,51.7,2220.0,1010.0,up,bull,-48404.0,-91392.0,-204.0,277.0,KOSDAQ,1543,202,244646,0.2,철강,False,
276730,한울앤제주,,240.81,217.29,182.76,138.93,,,,-104.32,-48.27,-49.01,,,,-23.98,,,,-23.98,-1.53,,,,-1.53,1년치 존재,1,,,-157.93,436.97,98855.0,29188.0,down,26.9,4481.0,826.0,down,bull,20174.0,85197.0,0.0,0.0,KOSDAQ,853,201,29188,0.3,음료,False,
050090,비케이홀딩스,,-70.29,113.36,127.09,74.47,,,,-6.85,-20.34,-35.74,,,,-41.4,,,,-41.4,-75.71,,,,-75.71,1년치 존재,1,,,-30.22,26.15,346564.0,503565.0,down,47.1,921.0,287.0,mixed,bear,-149758.0,123620.0,-540.0,0.0,KOSDAQ,696,164,503565,1.5,광고,False,
065650,하이퍼코퍼레이션,,141.24,428.85,576.99,761.87,,,,-18.94,-38.54,-42.81,,,,32.04,,,,32.04,-11.08,,,,-11.08,1년치 존재,1,,,-47.0,113.63,20767.0,45519.0,down,46.6,2065.0,1353.0,down,bull_cross,1675.0,-21152.0,0.0,0.0,KOSDAQ,1489,163,45519,2.2,컴퓨터와주변기기,False,
050760,에스폴리텍,1.0,192.49,732.18,801.63,667.55,,,,-25.88,6.43,-48.13,,,,-16.73,,,,-16.73,-848.52,,,,-848.52,1년치 존재,1,,,-1.7,84.51,79797.0,88237.0,up,54.4,1295.0,1000.0,mixed,bear,-13540.0,-83730.0,4680.0,21098.0,KOSDAQ,1218,199,88237,1.1,화학,False,
019660,글로본,,68.71,203.12,173.29,129.48,,,,-39.92,2.44,-48.3,,,,-25.28,,,,-25.28,-2079.51,,,,-2079.51,1년치 존재,1,,,-51.44,131.17,33400.0,24806.0,down,29.7,1949.0,1426.0,down,bear,-7184.0,-15118.0,0.0,0.0,KOSDAQ,1426,199,24806,0.7,판매업체,False,
285800,진영,,221.81,309.03,342.21,324.23,,,,-23.61,-29.39,-26.56,,,,-5.25,,,,-5.25,9.63,,,,9.63,1년치 존재,1,,,4.74,94.54,301234.0,16886.0,down,47.8,7100.0,3470.0,up,bear,-5404.0,-43241.0,0.0,-1652.0,KOSDAQ,4270,153,16886,0.1,화학,False,
101000,KS인더스트리,1.0,192.84,241.21,246.87,394.47,,,,-11.98,-7.49,-46.21,,,,59.79,,,,59.79,-516.96,,,,-516.96,1년치 존재,1,,,-4.77,71.47,637516.0,82459.0,down,55.5,2075.0,697.0,mixed,bear,-62052.0,-89476.0,0.0,-24694.0,KOSDAQ,1586,157,82459,0.1,조선,False,
279600,미디어젠,,150.51,127.53,120.17,227.81,,,,-52.72,-46.74,-22.32,,,,89.57,,,,89.57,52.25,,,,52.25,1년치 존재,1,,,-36.08,232.0,2124.0,1248.0,down,48.9,4380.0,3330.0,mixed,bear,-1114.0,-4322.0,0.0,0.0,KOSDAQ,3875,182,1248,0.6,IT서비스,False,
304840,피플바이오,,761.89,44.53,25.31,28.51,,,,-152.48,-86.22,-83.77,,,,12.64,,,,12.64,2.84,,,,2.84,1년치 존재,1,,,-93.51,282.6,587809.0,458520.0,down,34.1,1418.0,561.0,down,bear,0.0,0.0,0.0,0.0,KOSDAQ,561,136,458520,0.8,건강관리장비와용품,False,
056730,CNT85,,-261.2,501.7,670.39,475.01,,,,8.81,-14.07,-112.69,,,,-29.14,,,,-29.14,-700.92,,,,-700.92,1년치 존재,1,,,-16.31,24.96,23530.0,138254.0,up,52.7,1640.0,1165.0,down,bull_cross,1397.0,-2539.0,1006.0,1006.0,KOSDAQ,1322,196,138254,5.9,건설,False,
006050,국영지앤엠,,-88.54,766.41,754.11,601.99,,,,9.42,9.03,9.29,,,,-20.17,,,,-20.17,2.88,,,,2.88,1년치 존재,1,,,-0.57,38.63,48208.0,31632.0,down,22.2,5800.0,2750.0,down,bear,12496.0,42955.0,0.0,-209.0,KOSDAQ,2750,96,31632,0.7,건축제품,False,
344860,이노진,,-68.5,101.01,89.45,82.13,,,,12.26,6.3,0.04,,,,-8.18,,,,-8.18,-99.37,,,,-99.37,1년치 존재,1,,,-2.34,10.44,107654.0,18943.0,down,41.0,1599.0,1230.0,mixed,bear,-17640.0,-41953.0,0.0,0.0,KOSDAQ,1298,195,18943,0.2,화장품,False,
177350,베셀,1.0,-33.59,261.35,257.08,165.71,,,,-131.27,-117.18,-26.13,,,,-35.54,,,,-35.54,77.7,,,,77.7,1년치 존재,1,0.76,,2.6,46.31,65955.0,48358.0,down,36.8,2030.0,1062.0,mixed,bear,2018.0,-50624.0,239.0,229.0,KOSDAQ,1350,134,48358,0.7,화학,False,
239340,이스트에이드,,-238.85,138.37,163.99,155.84,,,,-61.76,-48.05,-55.78,,,,-4.97,,,,-4.97,-16.09,,,,-16.09,1년치 존재,1,,,-37.31,129.72,30803.0,11612.0,up,39.2,4640.0,2245.0,down,bear,-1785.0,-17337.0,-34.0,-39.0,KOSDAQ,2425,131,11612,0.4,증권,False,
455180,케이지에이,1.0,478.52,,514.32,181.23,,,,,34.08,-36.88,,,,-64.76,,,,-64.76,-208.22,,,,-208.22,1년치 존재,1,,,-29.12,158.74,35673.0,15483.0,down,46.1,1777.0,1232.0,down,bull,3240.0,-25106.0,1462.0,560.0,KOSDAQ,1289,190,15483,0.4,전자장비와기기,False,
054180,메디콕스,,71.15,268.75,306.11,281.61,,,,-106.58,-100.46,-57.47,,,,-8.0,,,,-8.0,42.79,,,,42.79,1년치 존재,1,,,-16.38,54.46,,,,,,,,,0.0,0.0,0.0,0.0,KOSDAQ,2295,127,0,,조선,False,
028080,휴맥스홀딩스,,692.04,6535.71,5426.63,4007.28,,,,179.43,59.86,-286.59,,,,-26.16,,,,-26.16,-578.77,,,,-578.77,1년치 존재,1,,,14.26,259.46,2715.0,3029.0,up,54.1,6980.0,4280.0,mixed,bull,0.0,-3958.0,0.0,0.0,KOSDAQ,5170,125,3029,1.1,전자제품,False,
418620,E8,,28.81,36.66,22.85,16.55,,,,-52.5,-105.99,-112.46,,,,-27.57,,,,-27.57,-6.1,,,,-6.1,1년치 존재,1,,,-109.08,104.08,1933883.0,2293819.0,down,46.7,994.0,430.0,down,bear,443443.0,590577.0,-192000.0,-206870.0,KOSDAQ,555,171,2293819,1.2,소프트웨어,False,
031860,디에이치엑스컴퍼니,,50.27,111.33,95.44,145.12,,,,-101.74,-61.2,-78.33,,,,52.05,,,,52.05,-27.99,,,,-27.99,1년치 존재,1,,,-90.48,48.23,,,,,,,,,0.0,0.0,0.0,0.0,KOSDAQ,6930,187,0,,컴퓨터와주변기기,False,
110020,전진바이오팜,,-62.84,156.81,192.73,136.94,,,,-12.45,11.58,-3.43,,,,-28.95,,,,-28.95,-129.62,,,,-129.62,1년치 존재,1,,,-1.79,8.74,13525.0,8366.0,down,50.8,2250.0,1707.0,up,bear,-4072.0,1084.0,0.0,0.0,KOSDAQ,2055,186,8366,0.6,가정용품,False,
060900,에이전트AI,,-17.07,182.0,117.96,131.2,,,,-47.55,-48.74,-93.2,,,,11.22,,,,11.22,-91.22,,,,-91.22,1년치 존재,1,,,-40.5,37.34,162338.0,333855.0,down,17.3,4525.0,1630.0,down,bear,88115.0,200801.0,-69097.0,-69253.0,KOSDAQ,1805,118,333855,2.1,에너지장비및서비스,False,
354200,엔젠바이오,,308.95,43.51,56.11,212.4,,,,-134.25,-125.92,-82.76,,,,278.54,,,,278.54,34.28,,,,34.28,1년치 존재,1,,,-27.27,277.94,834242.0,554487.0,down,24.8,2585.0,704.0,down,bear,-213922.0,12606.0,-120071.0,-269666.0,KOSDAQ,704,113,554487,0.7,생명과학도구및서비스,False,
014100,메디앙스,1.0,162.13,660.23,489.86,487.69,,,,-12.93,-88.15,-11.04,,,,-0.44,,,,-0.44,87.48,,,,87.48,1년치 존재,1,,,-0.8,59.36,40357.0,56965.0,up,42.0,1899.0,1518.0,down,bear,5064.0,-11914.0,0.0,-1953.0,KOSDAQ,1559,184,56965,1.4,화장품,False,
309930,조이웍스앤코,1.0,104.92,410.39,472.69,459.81,,,,20.57,-23.89,-87.69,,,,-2.72,,,,-2.72,-267.06,,,,-267.06,1년치 존재,1,,,-53.77,142.8,95739.0,54784.0,up,56.7,1103.0,785.0,mixed,bull,43612.0,15893.0,0.0,95000.0,KOSDAQ,951,183,54784,0.6,가구,False,
060260,뉴보텍,,53.64,488.53,433.06,434.8,,,,-1.1,26.28,12.99,,,,0.4,,,,0.4,-50.57,,,,-50.57,1년치 존재,1,,,10.81,131.87,55476.0,121873.0,up,31.6,1514.0,792.0,down,bull_cross,11988.0,90152.0,0.0,10.0,KOSDAQ,835,111,121873,2.2,건축제품,False,
103230,에스앤더블류,,128.07,436.34,471.3,488.04,,,,32.33,34.56,9.01,,,,3.55,,,,3.55,-73.93,,,,-73.93,1년치 존재,1,,,3.0,57.5,73967.0,51456.0,down,25.1,2680.0,1402.0,down,bear,151804.0,139026.0,0.0,0.0,KOSDAQ,1535,111,51456,0.7,조선,False,
225590,패션플랫폼,1.0,-95.1,1060.03,1046.01,1063.01,,,,81.04,16.56,83.63,,,,1.63,,,,1.63,405.01,,,,405.01,1년치 존재,1,5.44,,13.23,29.43,26876.0,6968.0,down,36.8,3400.0,2685.0,mixed,bear,-7922.0,-3639.0,1546.0,1546.0,KOSDAQ,2915,149,6968,0.3,"섬유,의류,신발,호화품",False,
365900,브이씨,,258.91,372.24,441.37,468.99,,,,-116.23,-47.42,-14.83,,,,6.26,,,,6.26,68.73,,,,68.73,1년치 존재,1,,,-2.41,130.6,37854.0,5652.0,down,46.8,2855.0,2295.0,down,bear,4518.0,6632.0,-9000.0,113791.0,KOSDAQ,2485,182,5652,0.1,레저용장비와제품,False,
043100,알파AI,,322.07,268.78,206.81,168.34,,,,-141.29,-73.56,-57.25,,,,-18.6,,,,-18.6,22.17,,,,22.17,1년치 존재,1,,,-29.69,178.88,,,,,,,,,0.0,0.0,0.0,0.0,KOSDAQ,520,105,0,,건강관리장비와용품,False,
303030,지니틱스,,-18.96,330.68,540.76,363.8,,,,-60.47,2.82,-85.53,,,,-32.72,,,,-32.72,-3132.98,,,,-3132.98,1년치 존재,1,,,-60.82,102.44,70161.0,25283.0,down,31.1,2405.0,1037.0,down,bear,87231.0,88037.0,-199.0,0.0,KOSDAQ,1115,102,25283,0.4,반도체와반도체장비,False,
051780,큐로홀딩스,,399.8,797.73,610.99,566.51,,,,6.88,-26.63,-0.09,,,,-7.28,,,,-7.28,99.66,,,,99.66,1년치 존재,1,,,-43.1,266.95,34414.0,35321.0,down,40.8,3180.0,2085.0,down,bear,26858.0,17057.0,-202.0,0.0,KOSDAQ,2305,175,35321,1.0,식품,False,
037400,우리엔터프라이즈,0.2335,86.7,12879.55,12591.37,10652.17,,,,264.92,162.47,11.41,,,,-15.4,,,,-15.4,-92.98,,,,-92.98,1년치 존재,1,,,0.1,191.36,27603.0,9578.0,up,41.5,3950.0,3140.0,mixed,bear,-2383.0,-11113.0,-7148.0,-11461.0,KOSDAQ,3335,175,9578,0.3,디스플레이장비및부품,False,
084440,유비온,1.0,-4.49,318.32,332.82,336.84,,,,3.85,-20.21,14.1,,,,1.21,,,,1.21,169.77,,,,169.77,1년치 존재,1,14.55,,-5.48,280.6,8509.0,6610.0,up,48.0,5980.0,4225.0,mixed,bear,1090.0,825.0,0.0,-1.0,KOSDAQ,5100,195,6610,0.8,교육서비스,False,
106080,케이이엠텍,,180.74,49.94,176.17,75.74,,,,-36.82,-43.48,-92.25,,,,-57.01,,,,-57.01,-112.17,,,,-112.17,1년치 존재,1,,,-48.41,142.53,,,,,,,,,0.0,0.0,0.0,0.0,KOSDAQ,1650,95,0,,핸드셋,False,
092600,앤씨앤,1.0,95.87,616.82,897.01,1025.59,,,,-357.22,-266.91,-174.87,,,,14.33,,,,14.33,34.48,,,,34.48,1년치 존재,1,1.03,,43.8,55.1,333575.0,48403.0,down,51.0,3670.0,1741.0,up,bear,-13554.0,-148721.0,-82.0,2.0,KOSDAQ,2560,128,48403,0.1,전자제품,False,
054410,케이피티유,,253.23,348.71,333.02,399.29,,,,8.47,7.57,13.88,,,,19.9,,,,19.9,83.36,,,,83.36,1년치 존재,1,,,7.68,70.51,10578.0,57145.0,down,40.6,3960.0,2635.0,down,bear,12343.0,10675.0,0.0,0.0,KOSDAQ,2990,171,57145,5.4,비철금속,False,
227610,아우딘퓨쳐스,,158.56,326.98,346.86,423.85,,,,1.63,-33.68,-18.11,,,,22.2,,,,22.2,46.23,,,,46.23,1년치 존재,1,,,-5.34,162.64,28414.0,19676.0,down,37.0,1486.0,990.0,down,bear_cross,-12852.0,-21727.0,-13062.0,10135.0,KOSDAQ,990,192,19676,0.7,화장품,False,
001000,신라섬유,,140.73,37.78,36.69,35.91,,,,3.92,4.17,4.88,,,,-2.13,,,,-2.13,17.03,,,,17.03,1년치 존재,1,,,0.37,121.66,79217.0,16051.0,down,30.5,7500.0,1639.0,down,bull,-2556.0,-19351.0,0.0,-8.0,KOSDAQ,1729,84,16051,0.2,부동산,False,
306040,에스제이그룹,1.0,190.69,2037.1,1817.95,1634.14,,,,154.28,-32.38,-158.63,,,,-10.11,,,,-10.11,-389.9,,,,-389.9,1년치 존재,1,,,-7.47,74.67,94546.0,162150.0,down,53.1,2240.0,1407.0,mixed,bull,-104505.0,-137589.0,40281.0,36750.0,KOSDAQ,1767,164,162150,1.7,"섬유,의류,신발,호화품",False,
034940,조아제약,,245.85,629.74,626.94,593.11,,,,-68.35,-96.49,-65.98,,,,-5.4,,,,-5.4,31.62,,,,31.62,1년치 존재,1,,,-8.86,129.48,78706.0,109365.0,down,47.0,4500.0,2525.0,down,bull_cross,24006.0,41176.0,0.0,-15.0,KOSDAQ,2690,167,109365,1.4,제약,False,
087260,모바일어플라이언스,1.0,-80.17,498.04,404.81,349.43,,,,4.52,9.72,-8.96,,,,-13.68,,,,-13.68,-192.18,,,,-192.18,1년치 존재,1,,,-18.65,39.02,3176343.0,571124.0,up,28.8,2455.0,235.0,,bull,0.0,0.0,0.0,0.0,KOSDAQ,247,80,571124,0.2,자동차부품,False,
079970,투비소프트,1.0,4.49,320.64,281.25,267.61,,,,-2.38,-19.79,7.43,,,,-4.85,,,,-4.85,137.54,,,,137.54,1년치 존재,1,7.68,,10.35,51.63,,,,,,,,,0.0,0.0,0.0,0.0,KOSDAQ,596,76,0,,소프트웨어,False,
009620,삼보산업,,2101.66,4271.23,3409.75,2856.56,,,,-6.2,6.29,78.88,,,,-16.22,,,,-16.22,1154.05,,,,1154.05,1년치 존재,1,,,-77.57,1042.39,34664.0,25803.0,up,47.7,5800.0,2975.0,up,bear_cross,-14712.0,-7044.0,-11.0,-30.0,KOSDAQ,4635,162,25803,0.7,비철금속,False,
009730,이렘,,394.56,767.8,1098.32,919.95,,,,9.79,-47.23,-138.9,,,,-16.24,,,,-16.24,-194.09,,,,-194.09,1년치 존재,1,,,-44.63,142.36,52061.0,47472.0,down,47.7,2695.0,1235.0,mixed,bear,-8598.0,-28165.0,-2283.0,976.0,KOSDAQ,1993,159,47472,0.9,비철금속,False,
065420,에스아이리소스,,46.02,70.42,105.38,208.52,,,,-85.94,-36.92,-28.95,,,,97.87,,,,97.87,21.59,,,,21.59,1년치 존재,1,,,-49.38,112.47,949122.0,933169.0,down,36.6,3450.0,940.0,,bear,0.0,0.0,0.0,0.0,KOSDAQ,940,73,933169,1.0,석유와가스,False,
276040,스코넥,,20.81,61.9,44.36,67.59,,,,-59.48,-74.56,-122.33,,,,52.37,,,,52.37,-64.07,,,,-64.07,1년치 존재,1,,,-205.39,131.99,,,,,,,,,0.0,0.0,0.0,0.0,KOSDAQ,327,71,0,,소프트웨어,False,
030350,드래곤플라이,,4.44,166.18,256.27,158.79,,,,-133.27,-96.5,-19.45,,,,-38.04,,,,-38.04,79.84,,,,79.84,1년치 존재,1,,,-98.9,162.88,,,,,,,,,0.0,0.0,0.0,0.0,KOSDAQ,973,152,0,,게임엔터테인먼트,False,
137940,넥스트아이,,-263.02,177.49,520.35,1200.63,,,,-121.68,-54.78,-355.81,,,,130.74,,,,130.74,-549.53,,,,-549.53,1년치 존재,1,,,-52.14,97.82,18356.0,59080.0,down,42.2,2285.0,1775.0,down,bear,-35146.0,-79371.0,0.0,-473.0,KOSDAQ,1853,182,59080,3.2,화장품,False,
900100,파이온엑스,,32.52,384.31,190.09,63.41,,,,-98.27,-114.69,-83.57,,,,-66.64,,,,-66.64,27.13,,,,27.13,1년치 존재,1,,,-18.19,25.76,188610.0,988816.0,up,34.8,3525.0,801.0,down,bear,0.0,-193475.0,0.0,0.0,KOSDAQ,1096,58,988816,5.2,"섬유,의류,신발,호화품",False,
291810,핀텔,,-61.8,127.53,106.43,57.72,,,,-26.77,-15.28,-32.33,,,,-45.77,,,,-45.77,-111.58,,,,-111.58,1년치 존재,1,,,-16.96,11.14,510181.0,86536.0,down,24.7,1930.0,409.0,mixed,bear,4719.0,237545.0,0.0,-28910.0,KOSDAQ,409,57,86536,0.2,소프트웨어,False,
244460,올리패스,,93.91,56.82,7.56,8.16,,,,-135.14,-101.19,-73.9,,,,7.94,,,,7.94,26.97,,,,26.97,1년치 존재,1,,,-226.92,917.78,,,,,,,,,0.0,0.0,0.0,0.0,KOSDAQ,1651,134,0,,제약,False,
352770,셀레스트라,,36.57,114.08,85.02,20.08,,,,-345.88,-287.09,-77.6,,,,-76.38,,,,-76.38,72.97,,,,72.97,1년치 존재,1,,,-212.9,877.67,,,,,,,,,0.0,0.0,0.0,0.0,KOSDAQ,5250,136,0,,생물공학,False,
052770,아이톡시,,10.48,216.46,161.41,57.04,,,,-43.56,-95.79,-49.26,,,,-64.66,,,,-64.66,48.58,,,,48.58,1년치 존재,1,,,-51.4,65.36,,,,,,,,,0.0,0.0,0.0,0.0,KOSDAQ,312,45,0,,게임엔터테인먼트,False,
225430,케이엠제약,,185.32,177.7,144.75,159.9,,,,-10.9,-25.69,-29.23,,,,10.47,,,,10.47,-13.78,,,,-13.78,1년치 존재,1,,,-13.12,78.9,665234.0,3433477.0,up,32.3,1910.0,525.0,down,bear,0.0,-214019.0,0.0,-119.0,KOSDAQ,698,45,3433477,5.2,가정용품,False,
335870,윙스풋,,-37.41,515.89,464.94,419.56,,,,39.77,18.9,-27.96,,,,-9.76,,,,-9.76,-247.94,,,,-247.94,1년치 존재,1,,,-21.92,71.53,5428.0,5954.0,down,30.2,7755.0,3860.0,down,bear,-9081.0,-32943.0,0.0,0.0,KOSDAQ,3860,129,5954,1.1,"섬유,의류,신발,호화품",False,
067770,세진티에스,1.0,-352.19,102.94,131.76,118.97,,,,-25.77,7.36,-2.07,,,,-9.71,,,,-9.71,-128.12,,,,-128.12,1년치 존재,1,12.18,,6.08,3.0,151286.0,108866.0,down,23.1,2855.0,908.0,down,bear,11889.0,136233.0,0.0,40013.0,KOSDAQ,1031,87,108866,0.7,디스플레이장비및부품,False,
058450,한주에이알티,,82.85,105.01,142.64,62.86,,,,-29.29,-65.08,-59.92,,,,-55.93,,,,-55.93,7.93,,,,7.93,1년치 존재,1,,,-42.52,94.71,140680.0,243416.0,down,18.5,4775.0,540.0,down,bull,82240.0,225564.0,0.0,-288.0,KOSDAQ,599,32,243416,1.7,방송과엔터테인먼트,False,
060480,국일신동,,-20.83,196.4,313.98,362.86,,,,-21.92,-16.96,-2.1,,,,15.57,,,,15.57,87.62,,,,87.62,1년치 존재,1,,,2.31,10.59,229901.0,409407.0,down,38.7,1659.0,739.0,mixed,bear,194731.0,104188.0,0.0,0.0,KOSDAQ,1117,124,409407,1.8,비철금속,False,
065570,삼영이엔씨,,86.22,333.38,361.03,332.61,,,,-61.26,-59.33,-1.95,,,,-7.87,,,,-7.87,96.71,,,,96.71,1년치 존재,1,,,-27.62,186.02,,,,,,,,,0.0,0.0,0.0,0.0,KOSDAQ,764,123,0,,조선,False,
312610,에이에프더블류,,114.77,68.22,157.44,137.08,,,,-40.83,-64.76,-95.21,,,,-12.93,,,,-12.93,-47.02,,,,-47.02,1년치 존재,1,,,-21.26,55.53,1855723.0,1373794.0,down,21.8,509.0,37.0,down,bear,-243635.0,-54825.0,-740.0,41429.0,KOSDAQ,37,7,1373794,0.7,자동차부품,False,
032685,소프트센우,,-479.02,610.85,599.01,548.15,,,,-14.19,-13.75,-2.44,,,,-8.49,,,,-8.49,82.25,,,,82.25,1년치 존재,1,,,-0.45,35.4,3140.0,8183.0,down,42.0,15240.0,5350.0,down,bull,20.0,-15.0,0.0,0.0,KOSDAQ,6230,4,8183,2.6,IT서비스,False,
308100,형지글로벌,,272.29,484.15,398.0,376.83,,,,-10.1,-93.86,-80.85,,,,-5.32,,,,-5.32,13.86,,,,13.86,1년치 존재,1,,,-15.28,102.58,903941.0,305190.0,up,33.3,656.0,251.0,down,bull,-124211.0,92040.0,0.0,1.0,KOSDAQ,251,65,305190,0.3,"섬유,의류,신발,호화품",False,
250930,예선테크,,281.02,441.16,436.13,378.76,,,,-87.99,-32.4,-8.13,,,,-13.15,,,,-13.15,74.91,,,,74.91,1년치 존재,1,,,17.29,227.16,86436.0,164045.0,down,40.3,2035.0,465.0,down,bear,12308.0,91563.0,-491.0,0.0,KOSDAQ,893,59,164045,1.9,디스플레이장비및부품,False,
377220,프롬바이오,,347.01,667.24,671.82,721.62,,,,-154.2,-242.7,-186.03,,,,7.41,,,,7.41,23.35,,,,23.35,1년치 존재,1,,,-60.62,186.83,59665.0,33648.0,down,23.1,3725.0,1888.0,down,bear,20448.0,-2146.0,31.0,-36585.0,KOSDAQ,1950,110,33648,0.6,건강관리업체및서비스,False,
289010,아이스크림에듀,,-99.18,1176.14,1076.27,915.87,,,,-165.13,-19.4,14.02,,,,-14.9,,,,-14.9,172.27,,,,172.27,1년치 존재,1,,,5.77,49.55,291953.0,149808.0,down,35.3,1180.0,680.0,mixed,bear,21226.0,28120.0,-2469.0,526543.0,KOSDAQ,762,106,149808,0.5,교육서비스,False,
025870,신라에스지,1.0,181.96,883.77,856.19,700.37,,,,16.88,11.48,-15.55,,,,-18.2,,,,-18.2,-235.45,,,,-235.45,1년치 존재,1,,,-11.8,206.57,266703.0,186875.0,down,33.8,3085.0,905.0,down,bear,0.0,-43398.0,0.0,-707.0,KOSDAQ,1059,42,186875,0.7,식품,False,
199730,바이오인프라,,69.11,301.29,238.33,231.48,,,,13.05,-51.17,-62.77,,,,-2.87,,,,-2.87,-22.67,,,,-22.67,1년치 존재,1,,,-47.52,171.38,117439.0,503314.0,up,32.2,2645.0,602.0,down,bear,9510.0,111177.0,0.0,0.0,KOSDAQ,695,34,503314,4.3,생명과학도구및서비스,False,
208640,썸에이지,,-6.55,115.61,139.76,60.19,,,,-128.23,-101.69,-78.76,,,,-56.93,,,,-56.93,22.55,,,,22.55,1년치 존재,1,,,-48.27,20.33,587189.0,179519.0,down,41.0,1341.0,650.0,down,bear,-5714.0,-21011.0,20600.0,15098.0,KOSDAQ,666,93,179519,0.3,게임엔터테인먼트,False,
065770,CS,1.0,-76.72,336.61,371.72,236.4,,,,-15.77,-2.0,-11.83,,,,-36.4,,,,-36.4,-491.5,,,,-491.5,1년치 존재,1,,,-3.2,47.93,246932.0,166348.0,up,36.8,2090.0,794.0,down,bull,89504.0,431564.0,0.0,-757.0,KOSDAQ,881,93,166348,0.7,통신장비,False,
288980,모아데이타,,489.22,245.42,343.75,231.7,,,,-3.58,-13.3,-59.33,,,,-32.6,,,,-32.6,-346.09,,,,-346.09,1년치 존재,1,,,-124.4,569.54,2610027.0,634189.0,down,31.0,967.0,201.0,down,bull,-289025.0,268499.0,0.0,4.0,KOSDAQ,203,74,634189,0.2,소프트웨어,False,
240600,유진테크놀로지,,51.38,474.98,311.24,286.8,,,,63.8,-39.34,-77.84,,,,-7.85,,,,-7.85,-97.86,,,,-97.86,1년치 존재,1,,,-13.93,59.32,81656.0,72161.0,down,27.0,2207.0,860.0,down,bear,65461.0,193868.0,-7.0,-480.0,KOSDAQ,900,75,72161,0.9,전기제품,False,
131760,파인텍,1.0,272.31,447.55,710.2,463.45,,,,-42.27,18.7,-29.31,,,,-34.74,,,,-34.74,-256.74,,,,-256.74,1년치 존재,1,,,-26.12,193.16,220715.0,70134.0,up,42.9,2340.0,1155.0,down,bull,66499.0,106245.0,0.0,0.0,KOSDAQ,1285,112,70134,0.3,디스플레이장비및부품,False,
035620,바른손이앤에이,,310.3,236.7,94.89,116.04,,,,-48.24,-2.66,-22.76,,,,22.29,,,,22.29,-755.64,,,,-755.64,1년치 존재,1,,,-10.09,77.06,164443.0,160651.0,down,36.5,885.0,597.0,down,bear,-17723.0,22166.0,37269.0,25699.0,KOSDAQ,599,111,160651,1.0,방송과엔터테인먼트,False,
021045,대호특수강우,,739.84,3005.6,2963.91,2774.25,,,,16.61,26.68,23.71,,,,-6.4,,,,-6.4,-11.13,,,,-11.13,1년치 존재,1,,,-8.4,375.38,2180.0,2056.0,down,33.7,2675.0,1980.0,down,bear,0.0,0.0,0.0,0.0,KOSDAQ,2000,17,2056,0.9,철강,False,
035290,골드앤에스,,10.39,99.5,95.94,90.2,,,,-13.66,-4.86,-18.78,,,,-5.98,,,,-5.98,-286.42,,,,-286.42,1년치 존재,1,,,10.14,92.84,611637.0,3429589.0,down,26.4,2705.0,384.0,down,bear,0.0,-56608.0,0.0,0.0,KOSDAQ,384,18,3429589,5.6,교육서비스,False,
03481K,해성산업1우,,7041.81,23084.06,22204.28,22600.79,,,,1062.86,714.18,418.41,,,,1.79,,,,1.79,-41.41,,,,-41.41,1년치 존재,1,,,-7.85,114.59,410.0,35.0,down,39.8,6320.0,5610.0,down,bear,49.0,160.0,0.0,0.0,KOSDAQ,5860,81,35,0.1,종이와목재,False,
012340,뉴인텍,,210.78,790.95,795.0,827.99,,,,-110.93,-58.59,-72.28,,,,4.15,,,,4.15,-23.37,,,,-23.37,1년치 존재,1,,,-45.72,380.52,418575.0,509239.0,down,30.4,991.0,373.0,down,bull,5185.0,-10688.0,-35752.0,50405.0,KOSDAQ,374,82,509239,1.2,전기제품,False,
044180,KD,1.0,798.78,1794.11,1576.35,277.87,,,,44.02,29.22,-42.67,,,,-82.37,,,,-82.37,-246.03,,,,-246.03,1년치 존재,1,,,-149.23,3972.48,,,,,,,,,0.0,0.0,0.0,0.0,KOSDAQ,205,55,0,,건설,False,
313760,캐리,,224.59,83.81,81.74,74.81,,,,-40.33,-40.18,-48.72,,,,-8.48,,,,-8.48,-21.25,,,,-21.25,1년치 존재,1,,,-31.34,165.78,,,,,,,,,0.0,0.0,0.0,0.0,KOSDAQ,468,52,0,,전기제품,False,
142760,모아라이프플러스,0.9919,51.39,182.45,156.3,112.16,,,,-51.64,-55.39,-65.31,,,,-28.24,,,,-28.24,-17.91,,,,-17.91,1년치 존재,1,,,-51.51,34.26,576251.0,143793.0,up,38.0,1242.0,467.0,down,bull,-9800.0,-276959.0,0.0,19991.0,KOSDAQ,476,100,143793,0.2,제약,False,
305090,마이크로디지탈,,165.95,108.4,115.33,128.43,,,,8.8,2.8,-91.71,,,,11.36,,,,11.36,-3375.36,,,,-3375.36,1년치 존재,1,,,-89.14,252.17,630970.0,6623628.0,down,18.5,2635.0,538.0,down,bear,0.0,0.0,0.0,0.0,KOSDAQ,538,102,6623628,10.5,건강관리장비와용품,False,
